####
#
# OBJ File Generated by Meshlab
#
####
# Object arm.obj
#
# Vertices: 4099
# Faces: 8194
#
####
vn -4.0000610241035801 4.8313026899890543 -0.2823538370421688
v -0.0262533407658339 0.0316357016563416 -0.0187499504536390
vn -4.0245810135886453 4.8102172850473455 -0.2890565395474625
v -0.0264258291572332 0.0314921699464321 -0.0187499504536390
vn -2.0107630528831772 2.3989234308243397 2.9757026071805521
v -0.0265148803591728 0.0315992794930935 0.0000000000000000
vn 4.6385329071708092 -4.2278813558165087 -0.2138349522335903
v 0.0307009201496840 -0.0274186097085476 -0.0169631205499172
vn 4.7079623483450721 -4.1462827697939195 -0.1797980265496789
v 0.0315460488200188 -0.0264677405357361 -0.0172505900263786
vn 2.3947715258006754 -2.0132833888953949 2.9554224003199101
v 0.0315992794930935 -0.0265148803591728 0.0000000000000000
vn -2.1334864508558509 -5.8307592349296824 -0.5110635299838164
v -0.0142022296786308 -0.0387266203761101 -0.0115167396143079
vn -1.0678184256403889 -2.9416979408442732 2.9720174452181967
v -0.0141083002090454 -0.0387622714042664 0.0000000000000000
vn -2.7826189645548487 -5.5333528981425522 0.7355484001473241
v -0.0155438696965575 -0.0381039306521416 -0.0119141899049282
vn -1.5666359410217550 -2.7092611991285280 2.9666962892516771
v -0.0206249896436930 -0.0357234403491020 0.0000000000000000
vn -2.8000143203892067 -5.4897778738000502 0.8514475199621588
v -0.0182884894311428 -0.0368301197886467 -0.0127270203083754
vn -2.9145691628656527 -5.4287683948743330 -0.6324537536564989
v -0.0204210802912712 -0.0358403883874416 -0.0133587103337049
vn -3.8265333408166606 -4.8112492258676358 -0.6787952210239593
v -0.0262880902737379 -0.0317882187664509 -0.0154089899733663
vn -3.5008077895456822 -5.1696844549714331 -0.4877596351661558
v -0.0261033102869987 -0.0319158993661404 -0.0153444400057197
vn -2.0113630764014125 -2.3975208376792292 2.9652663681459233
v -0.0265148803591728 -0.0315992794930935 0.0000000000000000
vn -3.6843793478382438 -5.0007154294447593 0.6596720752822889
v -0.0235342308878899 -0.0336902700364590 -0.0144465500488877
vn -3.5338405943600986 -5.1941539150880338 -0.0583546328301315
v -0.0209980607032776 -0.0354419313371181 -0.0135602299124002
vn -3.5498963099656788 -5.1829931910262923 -0.0843761608267701
v -0.0206137206405401 -0.0357073508203030 -0.0134259397163987
vn -4.6190864796278683 -4.1682014587817831 -0.3775736382052785
v -0.0311758499592543 -0.0270115695893764 -0.0171420499682426
vn -4.3191543110084503 -4.5376776449858758 -0.3243972715230481
v -0.0307307206094265 -0.0274464990943670 -0.0169842801988125
vn -2.3981335180260368 -2.0105408685895072 2.9643325556921232
v -0.0315992794930935 -0.0265148803591728 0.0000000000000000
vn -4.4285117611867619 -4.4548899654265028 -0.0773644101834463
v -0.0295662805438042 -0.0285844802856445 -0.0165714006870985
vn -4.4087715402617134 -4.4549219688226849 0.3203555088926023
v -0.0284097697585821 -0.0297147594392300 -0.0161613207310438
vn -4.4042330611772726 -4.4806793855630991 0.0503742161312085
v -0.0272626206278801 -0.0308357998728752 -0.0157545804977417
vn -4.1491111163946233 -4.6478196500846698 -0.5375504771003944
v -0.0264986101537943 -0.0315825901925564 -0.0154835497960448
vn -5.4948655329373164 -3.0454751132723232 -0.0811694452673254
v -0.0365332886576653 -0.0190187599509954 -0.0185688100755215
vn -5.4626433963899936 -3.0929175702507634 -0.1934013594871701
v -0.0356638394296169 -0.0205919705331326 -0.0184051301330328
vn -2.7060446844698789 -1.5733535132780727 2.9779484523534911
v -0.0357234403491020 -0.0206249896436930 0.0000000000000000
vn -5.2486999172130115 -3.3877452093064511 -0.2582355454374955
v -0.0348281785845757 -0.0221038404852152 -0.0182479601353407
vn -5.0406522644433664 -3.7496631148851964 -0.0373858260722701
v -0.0327965617179871 -0.0248337294906378 -0.0176328402012587
vn -5.0070179826663539 -3.7851933225866659 -0.1833397223107539
v -0.0317923389375210 -0.0261831805109978 -0.0173286702483892
vn -5.0107678933879516 -3.7787450441538697 -0.2203430169994436
v -0.0315646491944790 -0.0264890696853399 -0.0172598306089640
vn -5.6319786021574210 -2.7266004794025100 -0.2750365925509445
v -0.0372391305863857 -0.0177417900413275 -0.0187016706913710
vn -2.9431546299229825 -1.0672447822628870 2.9832042940329218
v -0.0387622714042664 -0.0141083002090454 0.0000000000000000
vn -5.8178841785901616 -2.3298747607796222 -0.1164754311256551
v -0.0381104312837124 -0.0157846808433533 -0.0187499504536390
vn 4.8690381119120758 -3.8904025347405464 -0.2833097513641849
v 0.0325524806976318 -0.0253355503082275 -0.0175930205732584
vn 5.1731867433890333 -3.5445190204526456 -0.2732962229128163
v 0.0328542515635490 -0.0248887501657009 -0.0176754500716925
vn 2.7059731051236602 -1.5728542688532152 2.9737049376317217
v 0.0357234403491020 -0.0206249896436930 0.0000000000000000
vn 4.6647630465217045 -4.1882001483941993 -0.1354850871474141
v 0.0317996107041836 -0.0261825900524855 -0.0173368398100138
vn 5.1919005931768298 -3.5351294218576950 -0.1083196549511888
v 0.0347719714045525 -0.0220495406538248 -0.0181997995823622
vn 5.4001574951179885 -3.0372306691741411 -0.5581101511730863
v 0.0356600806117058 -0.0207345392554998 -0.0184426307678223
vn 5.5476478697047886 -2.7889234957501974 -0.6783641084231724
v 0.0357161685824394 -0.0206212904304266 -0.0184496603906155
vn 3.9776392073114213 -4.8415535694594558 -0.2173497953069445
v 0.0284699704498053 -0.0297826491296291 -0.0161945801228285
vn 4.2217890336802100 -4.4268663992528205 -0.7864732746871368
v 0.0289769098162651 -0.0293579604476690 -0.0163766108453274
vn 4.5555984702150196 -4.2909402084283972 -0.3826290475321605
v 0.0296113993972540 -0.0286442004144192 -0.0165924392640591
vn 3.4394098393068577 -5.0949480132891907 -0.6570565850714658
v 0.0238220002502203 -0.0336758382618427 -0.0145257096737623
vn 4.0261431447474338 -4.8000819251757427 0.3044084099512846
v 0.0260330401360989 -0.0318239293992519 -0.0153195196762681
vn 2.0127366852517343 -2.3947172369725851 2.9484190138130639
v 0.0265148803591728 -0.0315992794930935 0.0000000000000000
vn 4.1340622023744089 -4.6998393718748543 0.4060810720065640
v 0.0264268498867750 -0.0314940810203552 -0.0154609000310302
vn 4.1440881902306970 -4.7087527472065078 0.3157003087281842
v 0.0272476002573967 -0.0308065395802259 -0.0157557092607021
vn 3.1685761918363080 -5.4254999201240981 -0.0372132984865464
v 0.0183232408016920 -0.0369004607200623 -0.0127015700563788
vn 3.2433221126201901 -5.2898655170032818 0.6533518375560912
v 0.0205495897680521 -0.0355948805809021 -0.0134401302784681
vn 1.5766938038925191 -2.7031388517807531 2.9613270432797609
v 0.0206249896436930 -0.0357234403491020 0.0000000000000000
vn 3.3606420350171593 -5.1780587251844725 0.8329013709255181
v 0.0209503695368767 -0.0353597886860371 -0.0135731101036072
vn 3.1369231429333793 -5.4021148869416100 -0.3756293741532934
v 0.0236093401908875 -0.0338005982339382 -0.0144551303237677
vn 1.8110495249799836 -5.9628657432060157 -0.5639696141532829
v 0.0141058498993516 -0.0387542806565762 -0.0114974295720458
vn 1.6615198436015386 -5.7302311518045208 -1.2186405935056666
v 0.0142018701881170 -0.0387261509895325 -0.0115171596407890
vn 1.0729533157772064 -2.9411197702810248 2.9843146755953383
v 0.0141083002090454 -0.0387622714042664 0.0000000000000000
vn 2.4668087637551932 -5.7782667100686629 0.0592611187404240
v 0.0155716501176357 -0.0381507799029350 -0.0119010796770453
vn 2.5559268551594290 -5.6309563783173715 -0.5801573088712296
v 0.0177538301795721 -0.0372342392802238 -0.0125126801431179
vn 1.0343554345025356 -6.0569698943642880 0.8962423894577651
v 0.0076234340667725 -0.0404756590723991 -0.0102921100333333
vn 1.3765696595337265 -6.1002402234020394 -0.2091062257579542
v 0.0089012980461121 -0.0402780100703239 -0.0104305101558566
vn 0.5465976904834343 -3.0830970927888108 2.9912066577248080
v 0.0071628680452704 -0.0406232401728630 0.0000000000000000
vn 1.8762829498984941 -5.8817490096190319 0.8337113938458880
v 0.0101462602615356 -0.0399135313928127 -0.0106857400387526
vn 1.8772648790508206 -5.9172313900588609 0.6741618283617254
v 0.0127719603478909 -0.0391448102891445 -0.0112240295857191
vn 0.5773670860528645 -6.2455387696142139 -0.0020756196926064
v 0.0036858320236206 -0.0410847589373589 -0.0098656406626105
vn 0.3084980045843067 -6.2004213679883531 0.7238611656831395
v 0.0026000139769167 -0.0411334596574306 -0.0098315468057990
vn -0.0058608908250591 -3.1309447622715001 2.9886610120954495
v 0.0000000000000000 -0.0412499904632568 0.0000000000000000
vn 1.0472129640752212 -5.9594798213182232 1.1589466674656719
v 0.0051155090332031 -0.0408636890351772 -0.0100204301998019
vn 1.0549921060968530 -6.0370931132262911 0.9460458770113107
v 0.0071513648144901 -0.0405487418174744 -0.0102409701794386
vn -0.9399500575955742 -6.1830246251707930 -0.1906596494559015
v -0.0055459141731262 -0.0408755503594875 -0.0100120902061462
vn -0.4947973907572187 -6.2246810634737155 0.5309599124302250
v -0.0051281452178955 -0.0409036800265312 -0.0099924197420478
vn -0.5539063116156836 -3.0802478477073145 2.9675989059729595
v -0.0071628680452704 -0.0406232401728630 0.0000000000000000
vn -0.4176924126653827 -5.7559976201207066 1.7385525700116651
v -0.0025930400006473 -0.0410749316215515 -0.0098725548014045
vn -0.0722741744923186 -6.2742875538808942 0.1615073242698544
v 0.0000000000000000 -0.0412499904632568 -0.0097499480471015
vn -1.9478320486808745 -5.9726059628096477 0.0768265464297429
v -0.0141067495569587 -0.0387574993073940 -0.0114952297881246
vn -1.9472125839259058 -5.9724847150632216 0.0874963333023278
v -0.0127875199541450 -0.0391831882297993 -0.0111970901489258
vn -1.5356958803616458 -6.0258405364658367 -0.4397133186079359
v -0.0110846096649766 -0.0397328101098537 -0.0108122797682881
vn -1.3670883032214682 -6.1166993387194308 0.3857254537256188
v -0.0101575199514627 -0.0399240814149380 -0.0106783499941230
vn -1.4353258113158394 -5.7630818741819150 1.4441074110834755
v -0.0076107378117740 -0.0404495000839233 -0.0103104095906019
vn -1.2382408477400224 -5.9797779002939766 1.0126465344687785
v -0.0071468348614872 -0.0405452214181423 -0.0102433497086167
vn 0.3285137055457963 6.2333337118783767 -0.2075495380874004
v 0.0021184680517763 0.0411953292787075 -0.0187499504536390
vn -0.1647391021656557 6.2764875488132956 -0.1830718826014431
v 0.0000034169199807 0.0411291718482971 -0.0187499504536390
vn 0.0067872906851260 3.1302713726070133 2.9768329866059386
v 0.0000000000000000 0.0412499904632568 0.0000000000000000
vn -0.5497783965410041 3.0817011816255135 2.9778733344005639
v -0.0071628680452704 0.0406232401728630 0.0000000000000000
vn -0.7369566627033157 6.2041056563744572 -0.2026809504668726
v -0.0046830768696964 0.0409825406968594 -0.0187499504536390
vn -0.1957132591424187 6.2776024728909530 -0.1447576727927700
v -0.0023999810218811 0.0410539507865906 -0.0187499504536390
vn -1.7227118965128214 6.0004885505601484 -0.1872899792440605
v -0.0113909197971225 0.0396456718444824 -0.0187499504536390
vn -1.0643930577723091 2.9439034460975906 2.9790538959105994
v -0.0141083002090454 0.0387622714042664 0.0000000000000000
vn -1.2513418488480852 6.1534061055439375 -0.1374362713861516
v -0.0094706406816840 0.0400283895432949 -0.0187499504536390
vn -1.2081582042509205 6.1611845793244520 -0.1895717865661845
v -0.0071370601654053 0.0404934212565422 -0.0187499504536390
vn -2.2271275315211696 5.8658973281514060 -0.2562107976153454
v -0.0117817502468824 0.0394972488284111 -0.0187499504536390
vn -2.2182071965887054 5.8718482441376025 -0.2198515219591687
v -0.0140591198578477 0.0386328101158142 -0.0187499504536390
vn -2.2276317864797037 5.8683539096179338 -0.2199021619233847
v -0.0162209793925285 0.0378121696412563 -0.0187499504536390
vn -2.7079959659850030 5.6224462133201252 -0.2626818978893339
v -0.0177952591329813 0.0372145697474480 -0.0187499504536390
vn -1.5703675342633141 2.7081274557760064 2.9798375980359175
v -0.0206249896436930 0.0357234403491020 0.0000000000000000
vn -3.1644101118991070 5.4152120495504796 -0.2872258750667465
v -0.0183851700276136 0.0368698798120022 -0.0187499504536390
vn -3.1517042871028993 5.4261547454499217 -0.2470946982268167
v -0.0204309206455946 0.0356743298470974 -0.0187499504536390
vn -4.0079443802385226 4.8209556016036821 -0.3165085238540806
v -0.0244289003312588 0.0331524610519409 -0.0187499504536390
vn -3.1785487959249634 5.4106110512076322 -0.2456916322174394
v -0.0205541197210550 0.0356023311614990 -0.0187499504536390
vn -3.1915593008857708 5.4000340745587412 -0.2315562051789254
v -0.0224776193499565 0.0344781205058098 -0.0187499504536390
vn -3.5605826305804813 5.1149689881889380 -0.2557317294545913
v -0.0236781798303127 0.0337765812873840 -0.0187499504536390
vn -4.3800449096582197 4.4174703227103960 -0.3656126773970605
v -0.0288951303809881 0.0294392704963684 -0.0187499504536390
vn -4.6499018515198944 4.1942797969020607 -0.3403593060851983
v -0.0297668501734734 0.0284541808068752 -0.0187499504536390
vn -2.4022671768171913 2.0059650135710609 2.9692879018449538
v -0.0315992794930935 0.0265148803591728 0.0000000000000000
vn -4.6910363791529823 4.1572024181131058 -0.3224584464829829
v -0.0315340086817741 0.0264572501182556 -0.0187499504536390
vn -4.9828464944707225 3.7373695123785380 -0.3393326564399572
v -0.0327267013490200 0.0251095201820135 -0.0187499504536390
vn -5.2693414575030566 3.3985436853915258 -0.2990339944550432
v -0.0356497094035149 0.0205774307250977 -0.0187499504536390
vn -2.7077441969015941 1.5686815571619468 2.9620823482284839
v -0.0357234403491020 0.0206249896436930 0.0000000000000000
vn -5.2616746908990528 3.4103843184950344 -0.2810419295047716
v -0.0354924686253071 0.0208212099969387 -0.0187499504536390
vn -5.2544763431670312 3.4088376469335389 -0.3194596647991944
v -0.0328922197222710 0.0248528104275465 -0.0187499504536390
vn -5.7733862607713551 2.4339301154244306 -0.3374955265463249
v -0.0387037917971611 0.0140829002484679 -0.0187499504536390
vn -2.9404197677014023 1.0724457315818394 2.9710459753524958
v -0.0387622714042664 0.0141083002090454 0.0000000000000000
vn -5.7543621616689791 2.5060606868066344 -0.2013526578577051
v -0.0376481413841248 0.0165179297327995 -0.0187499504536390
vn -5.4944974523085799 2.9370686180347456 -0.3179831468742587
v -0.0363768897950649 0.0194498803466558 -0.0187499504536390
vn -3.0825613741629736 0.5428838883376754 2.9726605148931089
v -0.0406232401728630 0.0071628680452704 0.0000000000000000
vn -6.0869668402756245 1.5355464800487277 -0.1808476278302158
v -0.0393819808959961 0.0119785601273179 -0.0187499504536390
vn -5.8714379487549238 2.0645895922705755 -0.3498487411229230
v -0.0390605889260769 0.0132600599899888 -0.0187499504536390
vn -6.0898199654928646 1.5272465372918131 -0.1785560968837803
v -0.0405917093157768 0.0071550011634827 -0.0187499504536390
vn -6.1626073839204869 1.0515745334299955 -0.1604682552070617
v -0.0406926199793816 0.0067526102066040 -0.0187499504536390
vn -3.1294897511776609 -0.0048959256310294 2.9675135543121449
v -0.0412499904632568 0.0000000000000000 0.0000000000000000
vn -6.2614087881609475 0.5168699572718010 0.0548169867062261
v -0.0410648509860039 0.0022420880850405 -0.0187499504536390
vn -6.2597092051901431 0.0717741819949464 -0.1909265947422960
v -0.0412499904632568 0.0000000000000000 -0.0187499504536390
vn -6.2462173227840019 -0.5046891664208137 -0.0605596274250184
v -0.0411641485989094 -0.0026583669241518 -0.0187499504536390
vn -6.2140772944329505 -0.9028045262756339 0.1359471099361032
v -0.0405122600495815 -0.0071468348614872 -0.0187499504536390
vn -3.0835987568476106 -0.5351585703776556 2.9674462462907911
v -0.0406232401728630 -0.0071628680452704 0.0000000000000000
vn -6.2170281955104825 -0.8817496639092547 0.1637636110150444
v -0.0406132303178310 -0.0064518451690674 -0.0187499504536390
vn -6.2213717823601762 -0.8744064726302991 0.0747369730430016
v -0.0410981699824333 -0.0031127328984439 -0.0187499504536390
vn -6.0969441646079510 -1.4338101205704641 0.0052962439103532
v -0.0402194783091545 -0.0091620683670044 -0.0187499504536390
vn -5.9919101624056008 -1.8897724898136130 0.0489626775219908
v -0.0399565100669861 -0.0099877705797553 -0.0187499504536390
vn -5.9867030958616372 -1.8904800857806521 0.1575391642525152
v -0.0386551618576050 -0.0140741402283311 -0.0187499504536390
vn 5.5911821139895963 -2.8591743170902606 -0.1041925737413755
v 0.0365126095712185 -0.0190125107765198 -0.0185495596379042
vn 5.7412824757722367 -2.5129128691431415 -0.1482244777170676
v 0.0381104312837124 -0.0157846808433533 -0.0187499504536390
vn 2.9432176734540745 -1.0658169707192104 2.9783769597755163
v 0.0387622714042664 -0.0141083002090454 0.0000000000000000
vn 5.8755612795722794 -2.2203633533461997 -0.1174220303326044
v 0.0387446805834770 -0.0141016803681850 -0.0187499504536390
vn 5.9770925974437255 -1.8915102963450865 -0.0768834095581867
v 0.0390478298068047 -0.0132973697036505 -0.0187499504536390
vn 6.1046654966005374 -1.4826012906002741 -0.0519494774091793
v 0.0406056009232998 -0.0071584577672184 -0.0187499504536390
vn 3.0822840630425867 -0.5434079620341634 2.9700115998962779
v 0.0406232401728630 -0.0071628680452704 0.0000000000000000
vn 6.0847539927518541 -1.5491572973139307 0.1691827671421804
v 0.0398909412324429 -0.0099751353263855 -0.0187499504536390
vn 6.0798975348447160 -1.5836456739877034 -0.0102823075661213
v 0.0390768609941006 -0.0131831699982285 -0.0187499504536390
vn 6.2615908202530628 -0.4840848332386843 0.1246007825931388
v 0.0409872494637966 -0.0031053419224918 -0.0187499504536390
vn 3.1297878316480352 0.0001117296010482 2.9704820758261432
v 0.0412499904632568 0.0000000000000000 0.0000000000000000
vn 6.2574883431246198 -0.5634237912308647 0.0346535957640179
v 0.0407027602195740 -0.0064670438878238 -0.0187499504536390
vn 6.1650777907919849 -1.0729971623633685 -0.0690685752728535
v 0.0406635887920856 -0.0069296360015869 -0.0187499504536390
vn 6.2606420765768149 -0.5299034184042656 -0.0315453179512133
v 0.0412270985543728 -0.0002703430072870 -0.0187499504536390
vn 6.2687304272082773 -0.1797005046738416 -0.0762732709592876
v 0.0412499904632568 0.0000000000000000 -0.0187499504536390
vn 6.2588582150181633 0.3908707983017964 -0.0847648971709508
v 0.0412244200706482 0.0014494060305879 -0.0187499504536390
vn 6.0430796519413388 1.7095364390645262 -0.1417727858640384
v 0.0393338687717915 0.0119625302031636 -0.0187499504536390
vn 5.9905517027136073 1.8177835497229531 -0.3646398362113686
v 0.0387294813990593 0.0140990596264601 -0.0187499504536390
vn 2.9418377089079200 1.0675900705283634 2.9670698064190164
v 0.0387622714042664 0.0141083002090454 0.0000000000000000
vn 6.1313586039327213 1.1667941870214729 -0.0893855100632100
v 0.0404906794428825 0.0078734150156379 -0.0187499504536390
vn 6.2437383873932717 0.7005804896677229 -0.0067949432642449
v 0.0411334596574306 0.0022460219915956 -0.0187499504536390
vn 6.2436769614552841 0.7031711193699687 0.0118936794411935
v 0.0408493801951408 0.0047327280044556 -0.0187499504536390
vn 3.0814229236232364 0.5464132539834723 2.9640897707883544
v 0.0406232401728630 0.0071628680452704 0.0000000000000000
vn 6.2288422946315869 0.8006688763471783 -0.0456222308512805
v 0.0405672714114189 0.0072025060653687 -0.0187499504536390
vn 5.6420561975229679 2.7193249862076891 -0.3541044283201506
v 0.0357115790247917 0.0206193309277296 -0.0187499504536390
vn 2.7103190414862350 1.5651721071700320 2.9694550818261698
v 0.0357234403491020 0.0206249896436930 0.0000000000000000
vn 5.6691528445678054 2.6910260629117917 -0.2181683945484059
v 0.0376603603363037 0.0165187697857618 -0.0187499504536390
vn 5.8370129667571851 2.0940934134887943 -0.4641392248945410
v 0.0386108085513115 0.0145186102017760 -0.0187499504536390
vn 5.3751835091552191 3.1265692103093983 -0.3755472119916592
v 0.0356429815292358 0.0207637492567301 -0.0187499504536390
vn 5.1411890256191262 3.5770432828652128 -0.3515538157915192
v 0.0355685316026211 0.0208700206130743 -0.0187499504536390
vn 2.3973947891792804 2.0119185880270760 2.9688736592202227
v 0.0315992794930935 0.0265148803591728 0.0000000000000000
vn 5.1369083354434952 3.5957060196559438 -0.2815422484843030
v 0.0328176617622375 0.0247999392449856 -0.0187499504536390
vn 4.7764309345046101 3.9939533757960120 -0.3364227056331952
v 0.0317105017602444 0.0263816695660353 -0.0187499504536390
vn 4.4681224883395485 4.3891891875094835 -0.3553965617521201
v 0.0315892100334167 0.0265051107853651 -0.0187499504536390
vn 4.4888338347434171 4.3769088696463561 -0.2879255006327954
v 0.0297224503010511 0.0284059606492519 -0.0187499504536390
vn 2.0132614345034936 2.3964598338660879 2.9709864532297021
v 0.0265148803591728 0.0315992794930935 0.0000000000000000
vn 4.0101204887981474 4.7452477671327502 -0.4108226739605140
v 0.0269473101943731 0.0312316399067640 -0.0187499504536390
vn 3.7277441867977688 5.0287464878395900 -0.3835899596250760
v 0.0264897309243679 0.0315645895898342 -0.0187499504536390
vn 3.6871511465039895 5.0690395693189796 -0.3139679294011198
v 0.0263081695884466 0.0316966101527214 -0.0187499504536390
vn 3.7082536558269554 5.0590974839855516 -0.2632211382677507
v 0.0243900399655104 0.0330923087894917 -0.0187499504536390
vn 3.6773404019188503 5.0820056476423385 -0.2486398381844079
v 0.0224725604057312 0.0344874784350395 -0.0187499504536390
vn 1.5628487615233191 2.7117417742936443 2.9705681912820481
v 0.0206249896436930 0.0357234403491020 0.0000000000000000
vn 3.2517612081418719 5.3213072971818374 -0.2687082935343782
v 0.0214314404875040 0.0352451205253601 -0.0187499504536390
vn 2.8057204122005612 5.6107407768161268 -0.2614009222723955
v 0.0205950103700161 0.0356636010110378 -0.0187499504536390
vn 2.7961881711489407 5.6181509930647264 -0.1955315783679252
v 0.0162267591804266 0.0378489382565022 -0.0187499504536390
vn 1.0656762873414150 2.9421847831651302 2.9607844309002340
v 0.0141083002090454 0.0387622714042664 0.0000000000000000
vn 2.8148871132244282 5.6093959629886312 -0.2051987617072393
v 0.0183472596108913 0.0367880985140800 -0.0187499504536390
vn 2.8056894187065105 5.6108285162173486 -0.2613845255935795
v 0.0204670391976833 0.0357275605201721 -0.0187499504536390
vn 2.3430693182409628 5.7853714802089460 -0.2222360753191324
v 0.0153429498896003 0.0382910892367363 -0.0187499504536390
vn 1.8324332814855098 6.0037376252365906 -0.1914578492772632
v 0.0140826096758246 0.0386787615716457 -0.0187499504536390
vn 0.5476524248949430 3.0810033705823638 2.9632385609284269
v 0.0071628680452704 0.0406232401728630 0.0000000000000000
vn 1.8581457322796666 5.9974823061394087 -0.1344005516293684
v 0.0117518901824951 0.0393954515457153 -0.0187499504536390
vn 1.8286265270100006 6.0051585412799460 -0.1576494602538751
v 0.0094780316576362 0.0400946699082851 -0.0187499504536390
vn 1.3297230675838696 6.0955734183333581 -0.2388385682787596
v 0.0088424682617188 0.0402901098132133 -0.0187499504536390
vn 0.8753233715326627 6.2154120828811248 -0.2123806873978492
v 0.0071423640474677 0.0405189283192158 -0.0187499504536390
vn 0.8280410960717409 6.2254386862848392 -0.1243755807181909
v 0.0047733779065311 0.0408379398286343 -0.0187499504536390
vn 0.8151301879683500 6.2247464468559741 -0.1378220000846274
v 0.0024002790451050 0.0411573611199856 -0.0187499504536390
vn -1.9498547150479053 5.9719808386206523 0.0747732970555028
v -0.0127876903861761 -0.3708161115646362 -0.0111965499818325
vn -1.8950245864808968 5.9319637892815482 -0.5910666826524681
v -0.0141065698117018 -0.3712430000305176 -0.0114955902099609
vn -1.0767696310025308 2.9399537684056023 2.9894991849046066
v -0.0141083002090454 -0.3712376058101654 0.0000000000000000
vn -5.7931030076068994 2.4082300791075828 -0.1777760640361046
v -0.0381104312837124 -0.3942152857780457 -0.0187499504536390
vn -5.8643432560656041 1.7933539640285141 -0.8297320810988152
v -0.0387622714042664 -0.3958916962146759 -0.0187499504536390
vn -2.9443671416629291 1.0628434799467390 2.9790331254653974
v -0.0387622714042664 -0.3958916962146759 0.0000000000000000
vn 1.7657780778718717 5.7831565443269453 -1.0755306527083137
v 0.0142022296786308 -0.3712733089923859 -0.0115167396143079
vn 1.0678838456790687 2.9426331048807262 2.9845293572954512
v 0.0141083002090454 -0.3712376058101654 0.0000000000000000
vn 2.4057528340310772 5.8027482024240218 -0.0383417766015750
v 0.0155768301337957 -0.3718391954898834 -0.0118975602090359
vn 1.5709479740665724 2.7074492019741285 2.9777376927518153
v 0.0206249896436930 -0.3742764890193939 0.0000000000000000
vn 2.4281587669785840 5.6863924869869358 -0.6296114406053428
v 0.0172089301049709 -0.3725112080574036 -0.0123495999723673
vn 2.8690352825586460 5.5854164381937430 -0.1556254090125485
v 0.0183303300291300 -0.3730907142162323 -0.0127029996365309
vn 3.3214821589086210 5.3017419255798464 -0.3457055627797972
v 0.0236025396734476 -0.3762088119983673 -0.0144536402076483
vn 2.0093247387982416 2.4000387663462104 2.9781544492505923
v 0.0265148803591728 -0.3784005939960480 0.0000000000000000
vn 3.4816066725933865 5.0847785008832407 -0.7129228595439495
v 0.0242258906364441 -0.3766132891178131 -0.0146688800305128
vn 3.8684388211548053 4.9353376736245496 -0.2825334768466944
v 0.0260846000164747 -0.3781084120273590 -0.0153372799977660
vn 3.3171899607497277 5.3025960580059470 -0.3565093058600069
v 0.0210172496736050 -0.3745307028293610 -0.0135612403973937
vn 2.8575173552232895 5.4418110702215756 -0.7357795453561939
v 0.0206289794296026 -0.3742788136005402 -0.0134271895512938
vn 4.7189045498072808 4.1176111505426549 -0.3603950597311161
v 0.0307392999529839 -0.3825387060642242 -0.0169868990778923
vn 4.4762879665913822 4.3323805459615032 -0.4405791535404314
v 0.0301809292286634 -0.3818810880184174 -0.0168006997555494
vn 2.4010901507001954 2.0079051248513253 2.9740102462009905
v 0.0315992794930935 -0.3834849894046783 0.0000000000000000
vn 4.3152056543123427 4.5312258790893409 -0.3681579543585852
v 0.0296278502792120 -0.3813407123088837 -0.0166037008166313
vn 4.3269554546199993 4.5327270287840582 -0.2884721367646452
v 0.0284716393798590 -0.3802106976509094 -0.0161920096725225
vn 3.9583788297764118 4.7578184079391050 -0.5332972385069410
v 0.0274178292602301 -0.3791809082031250 -0.0158167406916618
vn 3.8098106576398250 4.9103780319885928 -0.5630786251484470
v 0.0273171607404947 -0.3790997862815857 -0.0157804992049932
vn 3.8854661483976698 4.9082075052058221 -0.3871372338259738
v 0.0264886002987623 -0.3784334063529968 -0.0154825998470187
vn 5.0865844339363244 3.6593653697467774 -0.3006431309794343
v 0.0328674316406250 -0.3851006925106049 -0.0176858305931091
vn 2.7078464220058809 1.5702183653086097 2.9790882466959943
v 0.0357234403491020 -0.3893750011920929 0.0000000000000000
vn 5.2483581508042647 3.4028853653148667 -0.2861896643136888
v 0.0347720310091972 -0.3878085017204285 -0.0182334706187248
vn 5.4123335978730704 3.1667444254564248 -0.2856523151752638
v 0.0348273515701294 -0.3879041075706482 -0.0182452201843262
vn 4.8373599948922479 3.9227373714741298 -0.3785698084694926
v 0.0326381884515285 -0.3847748935222626 -0.0176198408007622
vn 4.7744307591036250 4.0543422889036300 -0.2945668743174253
v 0.0318123102188110 -0.3838022053241730 -0.0173445306718349
vn 4.7312646862130086 4.1095734833073996 -0.3240661352087199
v 0.0315665602684021 -0.3835127949714661 -0.0172625705599785
vn 5.7577682131562318 2.4811308921126658 -0.1813361630681597
v 0.0381104312837124 -0.3942152857780457 -0.0187499504536390
vn 2.9435142117233832 1.0647195765434736 2.9763162935044161
v 0.0387622714042664 -0.3958916962146759 0.0000000000000000
vn 5.5438633175981424 2.9134515661939426 -0.2108284093064876
v 0.0365695916116238 -0.3909151852130890 -0.0186135098338127
vn 5.4099648928943855 3.1744858054507823 -0.2632482230861753
v 0.0356897115707397 -0.3893944919109344 -0.0184275507926941
vn -5.6582472655235234 2.6842994943999803 -0.2608282186952953
v -0.0374249182641506 -0.3926525115966797 -0.0187193695455790
vn -2.7061315174666181 1.5732474716847065 2.9798730432462879
v -0.0357234403491020 -0.3893750011920929 0.0000000000000000
vn -5.5290592649787227 2.9734195956691059 -0.1660410703156591
v -0.0365478284657001 -0.3909696042537689 -0.0185816790908575
vn -5.2409847327395633 3.4530639203092477 -0.2038919579686530
v -0.0347949787974358 -0.3879300057888031 -0.0182182695716619
vn -5.0264117697174742 3.7082698161731189 -0.3005560425925183
v -0.0334978103637695 -0.3859280943870544 -0.0178819801658392
vn -4.8777837433126203 3.9373353537045381 -0.2223681374369872
v -0.0328525304794312 -0.3851171135902405 -0.0176753904670477
vn -5.4003041167568488 3.0889299841578204 -0.4996348020256489
v -0.0356573984026909 -0.3892607986927032 -0.0184419099241495
vn -5.5044125159948019 2.9151319267518132 -0.5832792683909981
v -0.0357182584702969 -0.3893777132034302 -0.0184515099972486
vn -2.0157641353287721 2.3938412205866815 2.9671335681473949
v -0.0265148803591728 -0.3784005939960480 0.0000000000000000
vn -4.0225378407416317 4.8084934003130497 -0.2394152143673531
v -0.0264809709042311 -0.3784408867359161 -0.0154790803790092
vn -2.3971870169042555 2.0114126458813559 2.9649366858268955
v -0.0315992794930935 -0.3834849894046783 0.0000000000000000
vn -3.9977515357373870 4.8208126980805819 -0.2354935222280263
v -0.0272954702377319 -0.3791288137435913 -0.0157727003097534
vn -4.1107434682408446 4.6317724763982815 -0.5541085852603920
v -0.0281758904457092 -0.3798722922801971 -0.0160899702459574
vn -4.4041869365151936 4.4288047030690265 -0.4647031482711909
v -0.0284863691776991 -0.3801924884319305 -0.0161991100758314
vn -4.4251657576738319 4.4330987641877186 -0.3297504639032498
v -0.0296142101287842 -0.3813557028770447 -0.0165956001728773
vn -4.4409233279819142 4.4054952203477020 -0.4022594169936016
v -0.0307509806007147 -0.3825281858444214 -0.0169952493160963
vn -4.6168266646117209 4.1719511103859546 -0.4782768217871748
v -0.0309835597872734 -0.3827680945396423 -0.0170769002288580
vn -4.8316606874990171 3.9779348903328859 -0.3454440987432716
v -0.0315715000033379 -0.3835071027278900 -0.0172652602195740
vn -4.8778109732696020 3.9374586090034600 -0.2212701801333307
v -0.0318081304430962 -0.3838045001029968 -0.0173409506678581
vn -2.9060598966122377 5.5423076450824365 -0.3982771439896129
v -0.0183429699391127 -0.3730688989162445 -0.0126978103071451
vn -2.9015987153173706 5.5420087282703339 -0.4159960648759023
v -0.0206072907894850 -0.3743087053298950 -0.0134311299771070
vn -1.5688374614122842 2.7086445612803698 2.9775611820572099
v -0.0206249896436930 -0.3742764890193939 0.0000000000000000
vn -2.9633506090528865 5.5053540252547908 -0.3462158169762815
v -0.0210171304643154 -0.3745330870151520 -0.0135638704523444
vn -3.1060219514313068 5.3002005854247196 -0.6975542927035265
v -0.0215201303362846 -0.3748084008693695 -0.0137267699465156
vn -3.4511294242570121 5.2370328637609882 -0.2183047939784188
v -0.0235914494842291 -0.3762246966362000 -0.0144520401954651
vn -3.5427997727346088 5.0151651493382632 -0.7957023186961808
v -0.0249838195741177 -0.3771767020225525 -0.0149395400658250
vn -3.9843756919244857 4.8418999156461568 -0.2878535790255687
v -0.0260849501937628 -0.3781065940856934 -0.0153364501893520
vn -1.8205256086778410 5.7808484245759075 -1.0328315756667186
v -0.0142018701881170 -0.3712737858295441 -0.0115171596407890
vn -2.5052429300639654 5.7601472550066859 0.1304511118320777
v -0.0155686698853970 -0.3718546032905579 -0.0119028603658080
vn -2.5467559693526809 5.6570156854132172 -0.5391459970834582
v -0.0180546604096889 -0.3729110062122345 -0.0126045299693942
vn -1.0727040697340517 6.1791052762609757 -0.1024801962087022
v -0.0074667930603027 -0.3694314062595367 -0.0102268401533365
vn -1.4279468517345024 6.1181390234388795 0.0667190232337870
v -0.0076351761817932 -0.3694703876972198 -0.0102541996166110
vn -0.5438487462692647 3.0838160145434177 2.9971067661618829
v -0.0071628680452704 -0.3693766891956329 0.0000000000000000
vn -1.4726994440428922 6.0967857451802399 0.2996080256902231
v -0.0101625295355916 -0.3700560927391052 -0.0106642199680209
vn -1.6327103983295586 6.0281316401515586 -0.3351034264594535
v -0.0111371204257011 -0.3702819049358368 -0.0108222896233201
vn -0.5536623402857134 6.2487980501520415 -0.0187602412975482
v -0.0037426350172609 -0.3689202070236206 -0.0098692169412971
vn -0.3118644684280594 6.1938192138788901 0.7515962963259626
v -0.0025998950004578 -0.3688682019710541 -0.0098327994346619
vn -0.0017156703271909 3.1314982828767448 2.9984153276485390
v 0.0000000000000000 -0.3687500059604645 0.0000000000000000
vn -0.9088218791013108 6.1384460809737282 0.6894442425223465
v -0.0051227211952209 -0.3691096007823944 -0.0100017096847296
vn -0.9099931268106295 6.2165638927043103 -0.0200365373058326
v -0.0071612000465393 -0.3693895041942596 -0.0101975202560425
vn 0.5547857017346945 3.0812117812039506 2.9856191067718103
v 0.0071628680452704 -0.3693766891956329 0.0000000000000000
vn 1.0275832095667832 6.1862223465396609 -0.1377296340620814
v 0.0069227810017765 -0.3693350851535797 -0.0101598501205444
vn 0.8243050357853663 6.1393364758913593 0.7437506260407750
v 0.0051229000091553 -0.3691123127937317 -0.0100039197131991
vn 0.5107568399957507 6.2553723301230031 0.0717998892060809
v 0.0032006499823183 -0.3688744008541107 -0.0098373293876648
vn 0.2894094436062066 6.2460165615497631 0.4818023021552063
v 0.0026012060698122 -0.3688510954380035 -0.0098209381103516
vn -0.0307198768095148 6.2775612399385965 0.1710139596213268
v 0.0000000000000000 -0.3687500059604645 -0.0097499480471015
vn 1.8757901667039671 5.9408567413625768 -0.5763028443712691
v 0.0141066303476691 -0.3712430894374847 -0.0114955902099609
vn 1.9326080393115772 5.9710434772871208 0.2082708663203214
v 0.0127837602049112 -0.3708251118659973 -0.0112029900774360
vn 1.5994618047289371 6.0514380229216540 -0.1968254832670522
v 0.0106003796681762 -0.3701353073120117 -0.0107199503108859
vn 1.3550107474563997 6.1336593495902383 0.1340248911569814
v 0.0101678296923637 -0.3700411915779114 -0.0106540899723768
vn 1.4247737826806888 6.1007777500252391 0.3675453101850517
v 0.0076291561126709 -0.3694888055324554 -0.0102674299851060
vn 1.3820278093754481 6.1097063984781830 0.3406006666652171
v 0.0071607232093811 -0.3693869113922119 -0.0101960804313421
vn -6.1699477063236294 1.0689536516465927 0.0050499897098122
v -0.0406232401728630 -0.4028370082378387 -0.0187499504536390
vn -3.0820920444492343 0.5434646504488204 2.9670748254597301
v -0.0406232401728630 -0.4028370082378387 0.0000000000000000
vn -6.0629774126142024 1.6245967797377525 0.1992396058690515
v -0.0398716293275356 -0.4000318050384521 -0.0187499504536390
vn -6.0247887375646725 1.7716931660184274 -0.0196749263325572
v -0.0390145704150200 -0.3968335092067719 -0.0187499504536390
vn -6.2590501418044981 0.5486105180480065 -0.0298118105450767
v -0.0412262603640556 -0.4097298085689545 -0.0187499504536390
vn -3.1296353330655680 0.0000015008569254 2.9670399175530799
v -0.0412499904632568 -0.4099999964237213 0.0000000000000000
vn -6.2598883378661210 0.4989791497229463 0.1360237722257117
v -0.0409783683717251 -0.4068957865238190 -0.0187499504536390
vn -6.2558806274496765 0.5769388733765176 0.0605356962132524
v -0.0406843386590481 -0.4035345911979675 -0.0187499504536390
vn -6.2529108886989748 -0.6061425972505633 -0.0354587293487028
v -0.0408356711268425 -0.4147348999977112 -0.0187499504536390
vn -3.0820914446679435 -0.5434670267401067 2.9670726012965654
v -0.0406232401728630 -0.4171630144119263 0.0000000000000000
vn -6.2577680606409425 -0.5583345132268388 0.0578997943855157
v -0.0410539507865906 -0.4122405946254730 -0.0187499504536390
vn -6.2590072668451144 0.0225933161914711 -0.0222722766909820
v -0.0412499904632568 -0.4099999964237213 -0.0187499504536390
vn -6.1500827947183367 -1.0746286210120553 -0.1919200602489487
v -0.0406232401728630 -0.4171630144119263 -0.0187499504536390
vn -6.0661684592153478 -1.6254301519010896 -0.1378002317365296
v -0.0393365584313869 -0.4219650924205780 -0.0187499504536390
vn -2.9408950395095710 -1.0704041266911166 2.9670561785766769
v -0.0387622714042664 -0.4241082966327667 0.0000000000000000
vn -5.3751572511744925 -3.1368987180214556 -0.3372503340657332
v -0.0357234403491020 -0.4306249916553497 -0.0187499504536390
vn -2.7103491578543650 -1.5648177152311700 2.9670775917190513
v -0.0357234403491020 -0.4306249916553497 0.0000000000000000
vn -5.7140866935570127 -2.5839743586134136 -0.2613073444291470
v -0.0376419387757778 -0.4265109002590179 -0.0187499504536390
vn -5.7869049690526460 -2.2292260103557879 -0.4511117152971710
v -0.0387622714042664 -0.4241082966327667 -0.0187499504536390
vn -5.1426582976198683 -3.5773672520480688 -0.3409761126648196
v -0.0355574414134026 -0.4308620989322662 -0.0187499504536390
vn -5.1373016248512107 -3.5971514605321819 -0.2710171618560785
v -0.0328060910105705 -0.4347915053367615 -0.0187499504536390
vn -2.3974382833488352 -2.0116931731078331 2.9670446013067027
v -0.0315992794930935 -0.4365150034427643 0.0000000000000000
vn -4.7509524815903079 -4.0191955335826499 -0.3368843659543380
v -0.0315992794930935 -0.4365150034427643 -0.0187499504536390
vn -4.4554212483745488 -4.4112379356068230 -0.2876532343385426
v -0.0297165494412184 -0.4383977055549622 -0.0187499504536390
vn -2.0116884558967434 -2.3974476852008810 2.9670747098257713
v -0.0265148803591728 -0.4415993094444275 0.0000000000000000
vn -3.9189701058836084 -4.8049937782336709 -0.4562794716475184
v -0.0265148803591728 -0.4415993094444275 -0.0187499504536390
vn -3.6417573453243790 -5.0853468288760704 -0.4128920266424911
v -0.0263317804783583 -0.4417276084423065 -0.0187499504536390
vn -3.6237082298364145 -5.1191051558698861 -0.2632269885876445
v -0.0243900995701551 -0.4430871903896332 -0.0187499504536390
vn -3.5993108511749523 -5.1401928545786184 -0.2255683488499226
v -0.0224470999091864 -0.4444476068019867 -0.0187499504536390
vn -1.5648312892486114 -2.7103383362685012 2.9670571284592353
v -0.0206249896436930 -0.4457235038280487 0.0000000000000000
vn -3.0980957468896135 -5.4075800140986825 -0.2757855335365375
v -0.0206249896436930 -0.4457235038280487 -0.0187499504536390
vn -2.6488868611818752 -5.6819779208418373 -0.2975278558090982
v -0.0204960703849792 -0.4457835853099823 -0.0187499504536390
vn -2.1128237393949685 -5.8696795563189141 -0.2310559993830498
v -0.0141083002090454 -0.4487622976303101 -0.0187499504536390
vn -1.0703981968083796 -2.9408979789633496 2.9670622961159516
v -0.0141083002090454 -0.4487622976303101 0.0000000000000000
vn -2.6547460072659304 -5.6890925841375433 -0.1801552222392332
v -0.0162006001919508 -0.4477866888046265 -0.0187499504536390
vn -2.6819692838299898 -5.6729595963337580 -0.2231004147204464
v -0.0183504205197096 -0.4467841982841492 -0.0187499504536390
vn -1.0589147825278840 -6.1520989993378103 -0.1971801414464995
v -0.0071628680452704 -0.4506233036518097 -0.0187499504536390
vn -0.5434567124066428 -3.0820927525968109 2.9670728973971379
v -0.0071628680452704 -0.4506233036518097 0.0000000000000000
vn -1.6271941941976016 -6.0655873213043563 -0.1401012269650729
v -0.0094575276598334 -0.4500085115432739 -0.0187499504536390
vn -1.6563669556680209 -6.0551391075342789 -0.1828804808097481
v -0.0117569500580430 -0.4493922889232635 -0.0187499504536390
vn 0.0292944635427086 -6.2443162124370000 -0.1816131206803739
v 0.0000000000000000 -0.4512499868869781 -0.0187499504536390
vn 0.0000031527285046 -3.1296378826217230 2.9670634393452415
v 0.0000000000000000 -0.4512499868869781 0.0000000000000000
vn -0.5485116292485630 -6.2570603874458559 -0.1155657374388585
v -0.0023918149527162 -0.4510408043861389 -0.0187499504536390
vn -0.5790030269865618 -6.2523466001779706 -0.1552762588868823
v -0.0047797560691833 -0.4508318006992340 -0.0187499504536390
vn 1.1172622374246548 -6.1420463696633849 -0.1949467781360402
v 0.0071628680452704 -0.4506233036518097 -0.0187499504536390
vn 0.5434554235305802 -3.0820925540308002 2.9670662334918303
v 0.0071628680452704 -0.4506233036518097 0.0000000000000000
vn 0.5485178231096547 -6.2570197142972939 -0.1166984280713706
v 0.0047789812088013 -0.4508318901062012 -0.0187499504536390
vn 0.5178176481199923 -6.2580769619342842 -0.1483486008518162
v 0.0023910989984870 -0.4510408043861389 -0.0187499504536390
vn 1.5977941124557304 -6.0716797515976761 -0.1698838908827599
v 0.0094568720087409 -0.4500086009502411 -0.0187499504536390
vn 1.6270573548675056 -6.0655275277691070 -0.1422030872045814
v 0.0117564201354980 -0.4493924975395203 -0.0187499504536390
vn 1.0703998070524612 -2.9408969330789265 2.9670561258015180
v 0.0141083002090454 -0.4487622976303101 0.0000000000000000
vn 2.1692917055159655 -5.8490769534681633 -0.2308363013458802
v 0.0141083002090454 -0.4487622976303101 -0.0187499504536390
vn 2.6266608084538396 -5.6998580098604705 -0.2099358450282222
v 0.0162000004202127 -0.4477868974208832 -0.0187499504536390
vn 1.5648278682834751 -2.7103400238795770 2.9670539128183950
v 0.0206249896436930 -0.4457235038280487 0.0000000000000000
vn 2.6545793685372407 -5.6890470804698383 -0.1821296032071465
v 0.0183498803526163 -0.4467844069004059 -0.0187499504536390
vn 2.6809401544387716 -5.6700744998037829 -0.2621101238792213
v 0.0204955898225307 -0.4457839131355286 -0.0187499504536390
vn 3.0999564975378320 -5.4067789124234311 -0.2758341749548482
v 0.0206249896436930 -0.4457235038280487 -0.0187499504536390
vn 3.5992070045104847 -5.1402775945692198 -0.2254251239149707
v 0.0224466901272535 -0.4444479048252106 -0.0187499504536390
vn 2.0116888916299733 -2.3974473655269879 2.9670752556112272
v 0.0265148803591728 -0.4415993094444275 0.0000000000000000
vn 3.5992467938638475 -5.1402210058388675 -0.2256748133637168
v 0.0243896804749966 -0.4430874884128571 -0.0187499504536390
vn 3.6219635859015193 -5.1158936905170052 -0.3030924195419071
v 0.0263313595205545 -0.4417279064655304 -0.0187499504536390
vn 4.7925093361400348 -3.9646387725542103 -0.3546470088956890
v 0.0315992794930935 -0.4365150034427643 -0.0187499504536390
vn 2.3974377896307391 -2.0116938571547776 2.9670451415051056
v 0.0315992794930935 -0.4365150034427643 0.0000000000000000
vn 4.4338411679255394 -4.4372520562226327 -0.2550858625377845
v 0.0297162495553493 -0.4383980035781860 -0.0187499504536390
vn 3.9868734361893345 -4.7826697984190600 -0.3154179091346659
v 0.0265148803591728 -0.4415993094444275 -0.0187499504536390
vn 5.1205930840143532 -3.6103994154612975 -0.3306370343522599
v 0.0328058600425720 -0.4347918033599854 -0.0187499504536390
vn 5.1303268701196023 -3.5917665037229627 -0.3583020317199690
v 0.0355573184788227 -0.4308623075485229 -0.0187499504536390
vn 2.7103492677416372 -1.5648178420183663 2.9670802674140448
v 0.0357234403491020 -0.4306249916553497 0.0000000000000000
vn 5.3752870931289749 -3.1367413901435945 -0.3372080101101587
v 0.0357234403491020 -0.4306249916553497 -0.0187499504536390
vn 5.6887450681497072 -2.6527187706024193 -0.1995178066423125
v 0.0376418195664883 -0.4265111982822418 -0.0187499504536390
vn 2.9408950166521111 -1.0704048487046591 2.9670599358892051
v 0.0387622714042664 -0.4241082966327667 0.0000000000000000
vn 5.8537652374192604 -2.1481833992632358 -0.2665990920872313
v 0.0387622714042664 -0.4241082966327667 -0.0187499504536390
vn 6.0690942143612423 -1.6123794965630820 -0.1487334650837647
v 0.0393365584313869 -0.4219652116298676 -0.0187499504536390
vn 3.0820918566342721 -0.5434655226296232 2.9670751433549363
v 0.0406232401728630 -0.4171630144119263 0.0000000000000000
vn 6.1431164222781192 -1.1323962962740879 -0.1702053016390060
v 0.0406232401728630 -0.4171630144119263 -0.0187499504536390
vn 6.2585146604527742 -0.5476018845721323 0.0690832190137068
v 0.0410539507865906 -0.4122405946254730 -0.0187499504536390
vn 3.1296353370941041 0.0000014548311294 2.9670406898242003
v 0.0412499904632568 -0.4099999964237213 0.0000000000000000
vn 6.2590604696270393 0.5478633794059593 0.0349364960582936
v 0.0406843386590481 -0.4035345911979675 -0.0187499504536390
vn 3.0820920444492348 0.5434646504488203 2.9670748254597301
v 0.0406232401728630 -0.4028370082378387 0.0000000000000000
vn 6.2624509375854513 0.4733062267883783 0.0742800632540737
v 0.0409783683717251 -0.4068957865238190 -0.0187499504536390
vn 6.2267245316007163 0.1277250950181007 -0.3015005510347509
v 0.0412499904632568 -0.4099999964237213 -0.0187499504536390
vn 6.1699453314850539 1.0689630140726523 0.0050413497093023
v 0.0406232401728630 -0.4028370082378387 -0.0187499504536390
vn 6.0528239804514294 1.6660771499299698 0.1744568738518749
v 0.0398716293275356 -0.4000318050384521 -0.0187499504536390
vn 5.8644168440493392 1.7936478864147118 -0.8293216286259272
v 0.0387622714042664 -0.3958916962146759 -0.0187499504536390
vn 4.3774524332532296 0.2156143511474440 4.5008443121872812
v 0.0344170294702053 -0.0883194804191589 -0.0204797293990850
vn 4.8101056759011342 0.1225447677980576 4.0014215616636628
v 0.0351490303874016 -0.0883555412292480 -0.0212138798087835
vn 4.6604784002119892 0.1455475411097795 4.1304432441064067
v 0.0359774194657803 -0.0696536824107170 -0.0227792803198099
vn 1.8265818997631091 -2.7965141657863830 5.3186092179115603
v 0.0103766303509474 -0.0416722781956196 -0.0132018895819783
vn 1.9095958276044411 -3.1889165624287363 5.0611123228508017
v 0.0103498604148626 -0.0412454009056091 -0.0129483295604587
vn 1.4589061130098502 -3.3198799915391439 5.1235883375956197
v 0.0077781081199646 -0.0418165884912014 -0.0124621298164129
vn 2.0450545683739665 -0.4463217234297492 5.9190582069614086
v 0.0182729903608561 -0.0418247506022453 -0.0161454007029533
vn 2.2098988483444320 -0.1201046655328029 5.8749050647884387
v 0.0208092294633389 -0.0408081412315369 -0.0170325599610806
vn 2.5606282142251646 -0.7183372296672582 5.6872968292266224
v 0.0208585802465677 -0.0394629202783108 -0.0169536396861076
vn 2.4051629447563982 -0.9983162464604397 5.7134444943586962
v 0.0182988606393337 -0.0406005904078484 -0.0160040799528360
vn 2.8746760152186135 -1.2996188322756657 5.4280479057963973
v 0.0209009591490030 -0.0381714701652527 -0.0167406704276800
vn 2.8520263679885294 -2.0103606093416819 5.2215703522729919
v 0.0183248501271009 -0.0388625189661980 -0.0155588304623961
vn 2.6785959555129324 -1.5552104545433341 5.4618787761759444
v 0.0183175802230835 -0.0394241809844971 -0.0157443191856146
vn 3.1858303013073535 0.2127458357074334 5.3936396836020073
v 0.0331537090241909 -0.0560840889811516 -0.0209105592221022
vn 3.0981428538517495 0.3439055391025060 5.4335419115716892
v 0.0336376987397671 -0.0484161302447319 -0.0215191803872585
vn 2.4371523411352398 0.4545195653665145 5.7547693604479875
v 0.0294763408601284 -0.0491755604743958 -0.0194163899868727
vn 4.3012249016187791 0.0548441206278040 4.5653350258341892
v 0.0358731709420681 -0.0561461411416531 -0.0229086801409721
vn 4.4820170096196597 0.0212636013782104 4.4017468531728703
v 0.0366851612925529 -0.0561739802360535 -0.0237672291696072
vn 4.3772323260816215 0.0753872497532504 4.5019957823656824
v 0.0371855385601521 -0.0475828610360622 -0.0243344902992249
vn 3.7588212214640109 0.4616625255396084 5.0039793808099473
v 0.0370339713990688 -0.0350063405930996 -0.0248146001249552
vn 3.3459529851059591 0.5102668302357756 5.2893982435837730
v 0.0361680909991264 -0.0357295200228691 -0.0241580605506897
vn 3.5189910192295955 0.4048360277549976 5.1778066617695302
v 0.0359002314507961 -0.0415319204330444 -0.0234344601631165
vn 4.2929253009360897 0.1205780897078442 4.5634554952207935
v 0.0374854803085327 -0.0424345694482327 -0.0246744100004435
vn 4.2157443129016663 0.3053089845829684 4.6489352068101040
v 0.0375583097338676 -0.0405882485210896 -0.0248637702316046
vn 3.9686423847975143 0.3183067264966614 4.8488973058825486
v 0.0367719493806362 -0.0410646684467793 -0.0241181198507547
vn 3.9099192446491799 0.4124883679071179 4.9003445859501209
v 0.0378080010414124 -0.0342654511332512 -0.0255126301199198
vn 4.4158413427213645 -4.4217453400111504 -0.6299363315879126
v 0.0296139698475599 -0.0285094901919365 -0.0175230503082275
vn 4.6210184461577510 -4.2446459540529222 -0.3164201269158188
v 0.0307287499308586 -0.0273058395832777 -0.0179589893668890
vn 4.6980146665325266 -4.1267679171856990 -0.6039527533012131
v 0.0318087898194790 -0.0260447803884745 -0.0183735992759466
vn 5.1562973691560483 -2.7132232139471126 2.3401940569410451
v 0.0347536802291870 -0.0226587597280741 -0.0217840597033501
vn 5.2590289059339153 -2.9472867680039232 1.7530564960544663
v 0.0347652994096279 -0.0223593097180128 -0.0214002691209316
vn 5.0369627702625355 -3.2449008482525969 1.8710543107102531
v 0.0327931009232998 -0.0251013599336147 -0.0205070897936821
vn 4.4314667933355114 -0.7869219156440882 4.3706585106033371
v 0.0380737110972404 -0.0220868494361639 -0.0257885400205851
vn 4.7079283376877736 -1.0805472912128424 4.0106010782412245
v 0.0380830690264702 -0.0208477899432182 -0.0254589300602674
vn 4.3674649455800010 -1.1208383159948199 4.3708969303320639
v 0.0364854298532009 -0.0235207602381706 -0.0244942903518677
vn 5.3222801672243705 -2.1014170527272151 2.5825680175689132
v 0.0381032191216946 -0.0172936301678419 -0.0238828007131815
vn 5.4128627975397992 -2.0883793910717730 2.4080108148170525
v 0.0381038710474968 -0.0171109400689602 -0.0237176399677992
vn 5.2333259116997937 -2.2558521525155872 2.6399611995276677
v 0.0365359112620354 -0.0201587602496147 -0.0229942705482244
vn 5.7767998894017438 -2.4609835884666862 -0.0780051149442740
v 0.0381097681820393 -0.0156287495046854 -0.0201128106564283
vn -4.1375803121389714 0.1827506571789090 4.7245311644257848
v -0.0352040491998196 -0.0695524811744690 -0.0221145693212748
vn -4.6570272372588697 0.1396984019150382 4.1335986148281307
v -0.0359774790704250 -0.0696536824107170 -0.0227792207151651
vn -4.8072343755047910 0.1293004955211941 4.0039965281189867
v -0.0351490899920464 -0.0883555412292480 -0.0212138798087835
vn -3.4743740499329263 0.1803064773261634 5.2289572100984882
v -0.0372012183070183 -0.0291338507086039 -0.0254404507577419
vn -3.4176604599436038 0.2776492065059861 5.2630297311361547
v -0.0363496504724026 -0.0301254894584417 -0.0248208008706570
vn -3.5790785709060087 -0.0854502218360532 5.1605644316694832
v -0.0364141985774040 -0.0274053197354078 -0.0249277893453836
vn -5.5500946258243307 -2.9373472762216428 -0.0381434666633216
v -0.0365757308900356 -0.0188789907842875 -0.0199580099433661
vn -3.6863306904940369 -0.8571541360745096 5.0149776203151930
v -0.0326299592852592 -0.0294297300279140 -0.0224514603614807
vn -3.8275336084800085 -0.7392114055690103 4.9238881804387642
v -0.0346341095864773 -0.0271854903548956 -0.0236117206513882
vn -3.5554377236766448 -0.3878664494606031 5.1633751900420295
v -0.0346018597483635 -0.0283585097640753 -0.0237156096845865
vn -4.6576629373444183 -2.3533520763972975 3.4946189749698449
v -0.0327474400401115 -0.0260731503367424 -0.0214158799499273
vn -4.4629999529210576 -2.0163024095770923 3.9292826696510592
v -0.0327318310737610 -0.0264935996383429 -0.0216479804366827
vn -4.2736124590434166 -2.1259712312525485 4.0785429940926683
v -0.0305960699915886 -0.0288700405508280 -0.0205479804426432
vn -4.7763206454072948 -4.0391308329855162 -0.5707857761424453
v -0.0318087898194790 -0.0260448399931192 -0.0183736607432365
vn -4.5281857178762461 -4.3223333164484528 -0.4815890652676793
v -0.0307286903262138 -0.0273058991879225 -0.0179589297622442
vn -4.1442770546211261 -4.6696899259603359 -0.3948980833025509
v -0.0273052398115396 -0.0308033805340528 -0.0162038803100586
vn -3.0900063705139496 -1.7514903896784422 5.1784784355644655
v -0.0209199097007513 -0.0375551506876945 -0.0165701508522034
vn -3.3210395918772293 -2.2687434164551319 4.8211752893271091
v -0.0209378004074097 -0.0369695387780666 -0.0163486003875732
vn -3.6631909564583669 -1.9284106947622599 4.7188415224422302
v -0.0259320698678493 -0.0337018892168999 -0.0185675006359816
vn -3.8049358748375206 -2.9869589554812572 4.0046929189884857
v -0.0235130097717047 -0.0345562100410461 -0.0169822499155998
vn -3.9023978340688430 -3.3826090624301988 3.5702912487690210
v -0.0235253497958183 -0.0343127809464931 -0.0167919900268316
vn -4.1580574708676670 -3.1944758131697442 3.4530485917437392
v -0.0259950701147318 -0.0324628315865993 -0.0178945604711771
vn -3.5559633559863117 -5.0428832569859727 0.1915726808129180
v -0.0236082598567009 -0.0337333008646965 -0.0148202097043395
vn -3.1633813948419180 -5.3897288275066879 -0.5043365843575172
v -0.0210219603031874 -0.0354153513908386 -0.0138962203636765
vn -0.7945258742224212 0.3702735735069012 6.2102251628377019
v -0.0089628687128425 -0.1556096971035004 -0.0045475950464606
vn -0.7614439249525325 0.4889675009491811 6.2059917641518316
v -0.0091384053230286 -0.1391464024782181 -0.0056873550638556
vn -1.3383562517215735 0.4609112335133770 6.1148330980199246
v -0.0135655403137207 -0.1391510069370270 -0.0064750309102237
vn -0.7241845413781158 0.6349722487321657 6.1979591105009249
v -0.0093805780634284 -0.1226684004068375 -0.0072048897854984
vn -0.6691549781300160 0.7787292747940338 6.1897139214619052
v -0.0096550583839417 -0.1062410995364189 -0.0091338148340583
vn -1.1777098348799453 0.7363933260236901 6.1224582551250410
v -0.0142782302573323 -0.1062420979142189 -0.0098577141761780
vn -1.5588594417096955 -4.7756760981637285 3.7672909553322316
v -0.0077215428464115 -0.0409696102142334 -0.0116961495950818
vn -2.0422356842494196 -4.6619577095912463 3.6769545999543274
v -0.0102788796648383 -0.0403662286698818 -0.0121681001037359
vn -2.0353899124977932 -4.2350758034465370 4.1619394760598212
v -0.0102935396134853 -0.0405116602778435 -0.0123429195955396
vn -2.6782441643312227 5.6400591922271808 -0.6825762382232601
v -0.0183492805808783 -0.3731150031089783 -0.0130047202110291
vn -4.4088587989970938 0.7873022784485914 4.3955328367647990
v -0.0380688309669495 -0.3873847126960754 -0.0258779507130384
vn -4.5344204076144177 0.9109287199068724 4.2511106054953185
v -0.0380719900131226 -0.3877666890621185 -0.0257919393479824
vn -4.2135084598921777 0.7546244922866909 4.5929650507151116
v -0.0373004600405693 -0.3864772021770477 -0.0252819601446390
vn -4.6556918798701394 0.9802721299165258 4.0983865746081953
v -0.0380835495889187 -0.3891583979129791 -0.0254785399883986
vn -4.4644341279976203 2.0166142405720984 3.9274248047405367
v -0.0327319502830505 -0.3835062980651855 -0.0216480996459723
vn -4.2763706380514215 2.1245356429364293 4.0763708996505263
v -0.0305962506681681 -0.3811298906803131 -0.0205479804426432
vn -4.0144767240712005 1.6881652317493641 4.5207445967545379
v -0.0305608492344618 -0.3803012073040009 -0.0208827797323465
vn -3.3647598414396516 5.2566155814758728 -0.6630915427744418
v -0.0236082598567009 -0.3762666881084442 -0.0148202702403069
vn -2.8827861152110339 -0.3436103303820788 5.5684432967036583
v -0.0305864792317152 -0.3409726023674011 -0.0189894996583462
vn -3.3832197842825362 -0.2628603851739323 5.2811843163667689
v -0.0325490795075893 -0.3407694101333618 -0.0200983192771673
vn -3.1858064451528478 -0.2127360372031016 5.3936518666738928
v -0.0331537686288357 -0.3539158105850220 -0.0209105592221022
vn -2.1614886257682535 -0.4523920589920772 5.8800931154475755
v -0.0255205594003201 -0.3681704998016357 -0.0186668001115322
vn -1.8878190182908108 -0.1304119502659956 5.9887178501224705
v -0.0206843595951796 -0.3663541078567505 -0.0169468503445387
vn -1.4582502863331022 -0.3940391733248531 6.0942095202913480
v -0.0202906709164381 -0.3595865070819855 -0.0164451003074646
vn -1.8515159803418968 -0.3298118730765366 5.9882777537333194
v -0.0246189199388027 -0.3540593981742859 -0.0172699000686407
vn -1.8787346537861858 -0.4748495897818399 5.9673409954137684
v -0.0249866805970669 -0.3601554930210114 -0.0177547894418240
vn -2.3904435275202842 5.8004815240530245 -0.0866015667782219
v -0.0155972801148891 -0.3718574941158295 -0.0121744796633720
vn -2.0880067238686966 5.9097077200912604 0.3541607521635979
v -0.0128296604380012 -0.3708227872848511 -0.0117005696520209
vn -1.7097412986944422 6.0069786890727821 0.6342971935708119
v -0.0102038299664855 -0.3700346946716309 -0.0111327096819878
vn -1.8268153378269538 5.8615168858634421 1.3084141421869928
v -0.0102190300822258 -0.3700017035007477 -0.0113616501912475
vn -1.3266408246923556 0.3831251311205793 6.1206631005427363
v -0.0131136700510979 -0.3643473982810974 -0.0149648096412420
vn -1.6043576128316710 0.2022597141881981 6.0680612510137308
v -0.0156675502657890 -0.3649156987667084 -0.0155362999066710
vn -1.9322120299108967 0.7789991951175906 5.9235970132440219
v -0.0156903807073832 -0.3672910034656525 -0.0153480097651482
vn -1.0840280114640493 1.7436257559199893 5.9330786745380664
v -0.0078886738047004 -0.3655157983303070 -0.0136760398745537
vn -0.7324431762661654 1.9479367442875422 5.9234203490946840
v -0.0052744150161743 -0.3651967048645020 -0.0133700901642442
vn -0.5961852632915920 1.2364990056827636 6.1240012280503802
v -0.0052960510365665 -0.3632999062538147 -0.0138859702274203
vn -0.2919270551742108 1.3959259015672765 6.1124323823228810
v -0.0026479361113161 -0.3631471991539001 -0.0137303397059441
vn -0.3481613913725866 0.0839033968534679 6.2716316214991270
v -0.0052659511566162 -0.3585883975028992 -0.0142885399982333
vn 0.0060579193009708 0.0688110902162917 6.2800882998355076
v 0.0000000000000000 -0.3585178852081299 -0.0141423903405666
vn -0.0564721509007962 -0.2449770426997768 6.2756339019318892
v 0.0000000000000000 -0.3542273044586182 -0.0140315201133490
vn -5.1125102738063459 -0.0270875500130489 3.6385951961386214
v -0.0327934585511684 -0.2767181098461151 -0.0171704795211554
vn -4.9125016911408252 -0.0705729966849130 3.9166369017381544
v -0.0342614017426968 -0.3037495911121368 -0.0194986406713724
vn -4.6911375086653520 -0.1441782928928883 4.1613974950907338
v -0.0335514508187771 -0.3037548065185547 -0.0186004601418972
vn -4.9419361059585718 -0.1446073887186575 3.8472360546746751
v -0.0345123410224915 -0.3083713054656982 -0.0198966804891825
vn -4.8159343398583889 -0.1710051500303094 3.9998444452357980
v -0.0351314507424831 -0.3216468989849091 -0.0212096497416496
vn -4.3978054865083323 -0.2373281466434643 4.4792158039415559
v -0.0344170294702053 -0.3216804862022400 -0.0204797293990850
vn -1.4877105657433132 -0.6669385746413681 6.0645433665400121
v -0.0192191004753113 -0.3221907913684845 -0.0132847400382161
vn -1.6417920368615360 -0.6810973210538471 6.0184343886276830
v -0.0187606196850538 -0.3037570118904114 -0.0108855301514268
vn -2.1887625057271682 -0.6019687177908577 5.8465749245712333
v -0.0231131892651320 -0.3037559986114502 -0.0122653199359775
vn 0.5356311594672757 4.5505794840728058 4.2923338781113891
v 0.0026197431143373 -0.3682042956352234 -0.0113201104104519
vn 1.0536334552583453 4.4865126675772808 4.2635100143657079
v 0.0051861400716007 -0.3684630990028381 -0.0115262195467949
vn 1.0321603675005420 4.0160443842982696 4.7133740255834526
v 0.0051993131637573 -0.3681423962116241 -0.0118343802168965
vn 0.3977049409061437 2.1487362912151107 5.8802918823810817
v 0.0026449561119080 -0.3650017082691193 -0.0131845399737358
vn 0.7332727550459015 1.9024225754006854 5.9373085591814281
v 0.0052744150161743 -0.3651967048645020 -0.0133700901642442
vn 0.5885066908619884 1.2687113868797926 6.1168637532661210
v 0.0052959318272769 -0.3632999062538147 -0.0138859702274203
vn 1.2302493432306001 2.2310194032320618 5.7400002098807406
v 0.0078570237383246 -0.3664433062076569 -0.0133494697511196
vn 1.3665247904714197 2.7382426949294447 5.4816355117783964
v 0.0078197708353400 -0.3673427104949951 -0.0129496995359659
vn 1.7167906900007104 2.3927636217036530 5.5465604868618836
v 0.0104020796716213 -0.3678765892982483 -0.0134273702278733
vn 1.6770938664221051 1.0821761210716370 5.9506836468136397
v 0.0130802299827337 -0.3665457069873810 -0.0146565996110439
vn 1.9247503620971786 0.7592310144180645 5.9260214144919212
v 0.0156907998025417 -0.3672899901866913 -0.0153475403785706
vn 1.6395949444738069 0.2611451994338851 6.0549119453014280
v 0.0156678501516581 -0.3649151027202606 -0.0155360102653503
vn 3.0408577911066481 5.4371692166961143 -0.7958739592213196
v 0.0210219006985426 -0.3745845854282379 -0.0138962203636765
vn 2.6876563530243498 0.5408060916065091 5.6471475255943568
v 0.0233590602874756 -0.3718222975730896 -0.0179791394621134
vn 2.5855589911387784 0.7289372788049008 5.6730340543651403
v 0.0208585206419230 -0.3705371022224426 -0.0169536396861076
vn 2.8395310891289047 1.2655615004839180 5.4536968357255597
v 0.0209008995443583 -0.3718284070491791 -0.0167406201362610
vn 2.9471149167052610 0.8560919722596584 5.4820373436822925
v 0.0234196092933416 -0.3732463121414185 -0.0178096797317266
vn 3.1695770528057521 0.8901727974158761 5.3445147181022268
v 0.0258645396679640 -0.3748289048671722 -0.0189337097108364
vn 2.8588559756568444 0.3072683858931001 5.5794227271953654
v 0.0257910396903753 -0.3732540905475616 -0.0190659705549479
vn 3.9885841979352405 4.7931565368024911 -0.7683547687169443
v 0.0272896196693182 -0.3792527019977570 -0.0166038200259209
vn 4.2270267135005160 4.6116153526061012 -0.5452009505170299
v 0.0284668207168579 -0.3803434073925018 -0.0170699302107096
vn 4.3532262596844360 4.5238306145953109 -0.0091446107874748
v 0.0284506008028984 -0.3803524971008301 -0.0174652300775051
vn 3.6864205925451419 0.8573439419439522 5.0148812457025222
v 0.0326299592852592 -0.3805702924728394 -0.0224514603614807
vn 3.8276434825339751 0.7393142906392220 4.9237821181352288
v 0.0346340499818325 -0.3828144967556000 -0.0236117206513882
vn 3.5554088059916622 0.3877622983989273 5.1633973236999671
v 0.0346018597483635 -0.3816413879394531 -0.0237156692892313
vn 5.0914348399804776 2.0520683979242831 3.0528438298845413
v 0.0365297682583332 -0.3893648087978363 -0.0233401004225016
vn 4.9162098452390861 1.8046766511601597 3.4666338648659161
v 0.0365220904350281 -0.3888401985168457 -0.0236430093646049
vn 4.6666101777993951 1.9149270379049166 3.7398368620205629
v 0.0347176082432270 -0.3860780894756317 -0.0226888004690409
vn 5.5855149821796228 2.2481680537742781 1.7879174036814236
v 0.0381061993539333 -0.3935199081897736 -0.0230908896774054
vn 5.5305133001562385 2.1901495184754789 2.0171866947203823
v 0.0381055399775505 -0.3933529853820801 -0.0232704207301140
vn 5.3722131979183194 2.4444037259690434 2.1450827707435391
v 0.0365442596375942 -0.3902539014816284 -0.0226065497845411
vn 3.4937330593524587 -0.2582798695278669 5.2120557682407744
v 0.0372011587023735 -0.3808661997318268 -0.0254405103623867
vn 3.7463441723393736 -0.3060128575107494 5.0120680316930866
v 0.0379819795489311 -0.3818888962268829 -0.0260046105831861
vn 3.9973021123911110 -0.3200389772820397 4.8321354525510323
v 0.0378368385136127 -0.3758108913898468 -0.0255076792091131
vn 2.4564527711726081 -0.3019543048903798 5.7614253472128247
v 0.0290445592254400 -0.3539918959140778 -0.0188452005386353
vn 2.4225390502295232 -0.4461718615125416 5.7626315506497852
v 0.0294763408601284 -0.3608244061470032 -0.0194163899868727
vn 3.1164749754776477 -0.3156974039395247 5.4276575825512516
v 0.0336377583444118 -0.3615837991237640 -0.0215192399919033
vn 3.7528699256501912 -0.3723925350808575 5.0150982767862820
v 0.0370332002639771 -0.3749938905239105 -0.0248139500617981
vn 4.0479752352110756 -0.2279063191918309 4.7324734893230485
v 0.0374997183680534 -0.3694069981575012 -0.0249616503715515
vn 4.2165607959573279 -0.2745964438565781 4.5933378849935673
v 0.0367714688181877 -0.3689354062080383 -0.0241177007555962
vn 4.2748833150122678 -0.1661666099388462 4.5506838295594854
v 0.0371316000819206 -0.3624157011508942 -0.0243654195219278
vn 3.8035963278092817 -0.1211154363407466 4.9900798250573386
v 0.0350154601037502 -0.3538748919963837 -0.0221901498734951
vn 3.8970325914583075 -0.1942571893260116 4.9179509581278342
v 0.0343681499361992 -0.3405568897724152 -0.0213887002319098
vn 3.3798595857442271 -0.2579764766385285 5.2834584251239374
v 0.0325490795075893 -0.3407694101333618 -0.0200983192771673
vn 5.2100733838834099 -0.0474207692086957 3.4908148980459055
v 0.0317906700074673 -0.2491056025028229 -0.0155769502744079
vn 5.2569738258190943 -0.0555950048099121 3.4115714457342547
v 0.0316907092928886 -0.2379595935344696 -0.0152413202449679
vn 4.7363427276210768 -0.0781805039029036 4.1061820913760023
v 0.0303132496774197 -0.2379647940397263 -0.0134180700406432
vn 5.2280130162802738 -0.0434157032276909 3.4410824864325029
v 0.0315336510539055 -0.2204408049583435 -0.0147137604653835
vn 4.8148019358419525 0.0020442401547437 3.9980915692344645
v 0.0302342101931572 -0.2049999982118607 -0.0128570096567273
vn 5.1125826693410037 -0.0270806199458832 3.6384926422276926
v 0.0327935181558132 -0.2767182886600494 -0.0171705391258001
vn 5.1854301305499382 -0.0155216778304303 3.5324648520979220
v 0.0325795412063599 -0.2708264887332916 -0.0168305598199368
vn 4.8706437156253717 -0.0618435991906714 3.9636070522433400
v 0.0318671390414238 -0.2708323001861572 -0.0158954206854105
vn 5.2218153977813646 -0.0061141839275562 3.4585508737995299
v 0.0319823585450649 -0.2543846070766449 -0.0158816501498222
vn 4.6833857058716912 -0.0810060668914748 4.1693229765399336
v 0.0305914208292961 -0.2543903887271881 -0.0141067495569587
vn 4.9125015419661624 -0.0705978899658801 3.9166367369124608
v 0.0342614017426968 -0.3037495911121368 -0.0194986406713724
vn 4.6892939183391826 -0.1484477095711184 4.1630185493624392
v 0.0335514508187771 -0.3037548065185547 -0.0186004601418972
vn 4.9419643507020092 -0.1446073764146765 3.8472203072575124
v 0.0345123410224915 -0.3083715140819550 -0.0198967400938272
vn 4.3945706404723222 -0.2372480620377290 4.4822833302448908
v 0.0344170890748501 -0.3216804862022400 -0.0204797908663750
vn 4.1673799637986928 -0.1271708929401942 4.7002236119119658
v 0.0352040491998196 -0.3404474854469299 -0.0221145693212748
vn 4.8004980394239327 -0.1322805235287254 4.0494541612062847
v 0.0357169508934021 -0.3342005908489227 -0.0224513392895460
vn 4.8159332806097002 -0.1709970851037850 3.9998453962866036
v 0.0351314507424831 -0.3216468989849091 -0.0212096497416496
vn 3.1647008160107970 -0.2268447836607039 5.4114577034109903
v 0.0255289003252983 -0.2543905079364777 -0.0100196003913879
vn 3.0758884445453916 -0.3027206036220871 5.4589937891029727
v 0.0259748101234436 -0.2708353102207184 -0.0110584404319525
vn 3.5851087031512696 -0.2448888272784386 5.1459006782671581
v 0.0278273206204176 -0.2708337903022766 -0.0122348600998521
vn 3.0544557635927685 -0.3759213969279045 5.4571658139103079
v 0.0265851598232985 -0.2872996032238007 -0.0124085498973727
vn 3.2702094671213353 -0.4309626936621479 5.3389439345119509
v 0.0292237903922796 -0.3037549853324890 -0.0151550704613328
vn 3.5443647516613179 -0.3763552114328550 5.1654295217791271
v 0.0318469405174255 -0.3218030035495758 -0.0183811094611883
vn 4.0600244801699796 -0.2919542013745868 4.7777434904015648
v 0.0336102806031704 -0.3217222988605499 -0.0197279993444681
vn 3.7469075080654974 -0.3431505349900134 5.0187790970398591
v 0.0310760103166103 -0.3037548065185547 -0.0163969304412603
vn 4.2468517774359675 -0.2535195320417306 4.6117034713273055
v 0.0327770709991455 -0.3037548065185547 -0.0178158804774284
vn 3.8158266181488703 -0.2565842020681078 4.9616202477440652
v 0.0302823707461357 -0.2872945070266724 -0.0148436399176717
vn 4.3351569345927974 -0.1489043580363937 4.5036980361481822
v 0.0363925583660603 -0.3622057139873505 -0.0234958492219448
vn 4.5187273309610418 -0.0249957034617131 4.3600794836883114
v 0.0367925688624382 -0.3559755086898804 -0.0238161608576775
vn 4.6915882615706490 -0.0253750866970939 4.1024189099867430
v 0.0360201001167297 -0.3403379917144775 -0.0228359606117010
vn 3.7017676153375718 -0.2198053449439534 5.0610242442596665
v 0.0355233512818813 -0.3619937896728516 -0.0227901898324490
vn 3.1928904197255510 -0.2133626525951543 5.3900710472123743
v 0.0331537090241909 -0.3539158105850220 -0.0209105592221022
vn 2.8904092611414804 -0.3179750785986212 5.5661173350148978
v 0.0305864196270704 -0.3409726023674011 -0.0189894996583462
vn 3.0574304635985801 -0.4498495755539960 5.4655451200762073
v 0.0299364291131496 -0.3218795955181122 -0.0172148905694485
vn 2.7728260888728906 -0.5131263729944527 5.6047007991982003
v 0.0272624995559454 -0.3037551939487457 -0.0140650197863579
vn 2.5733036940418170 -0.5231064413276254 5.7020791720623274
v 0.0279196500778198 -0.3219515979290009 -0.0161996409296989
vn 2.4158269914074033 -0.3748455524695992 5.7833960805787328
v 0.0285203400999308 -0.3411656022071838 -0.0180299207568169
vn 3.8216392616658390 0.2102704490978857 4.9801387224751767
v 0.0372574292123318 -0.3837217092514038 -0.0255169197916985
vn 4.1241523885967162 0.3262508055821969 4.7093688987842404
v 0.0380363389849663 -0.3848735988140106 -0.0260292794555426
vn 4.0017606444124176 -0.0130910076871421 4.8392634055670189
v 0.0380163714289665 -0.3833296895027161 -0.0261223893612623
vn 4.0998392522732967 0.3362675432407913 4.7286220804112427
v 0.0380553007125854 -0.3863362073898315 -0.0259411893785000
vn 3.9191304411076531 0.4551244510848769 4.8814757844421113
v 0.0372798405587673 -0.3851146101951599 -0.0254451595246792
vn 4.4607893710736253 0.6714989420495989 4.3635199763725954
v 0.0380688309669495 -0.3873848021030426 -0.0258780103176832
vn 4.2806336895615527 0.7429311682651638 4.5375451740065129
v 0.0372988507151604 -0.3864777982234955 -0.0252805296331644
vn 4.6353575119466228 0.9551337508697981 4.1196456673842965
v 0.0380719900131226 -0.3877668082714081 -0.0257919393479824
vn 4.3681450248706044 1.1148424110236643 4.3718450324251812
v 0.0364863798022270 -0.3864786028862000 -0.0244952999055386
vn 4.6062918754736035 0.9724682426622464 4.1499945797109676
v 0.0380834899842739 -0.3891583979129791 -0.0254785399883986
vn 5.1953995273716522 1.7177036490684174 3.0789173913476415
v 0.0380992181599140 -0.3917728066444397 -0.0244643595069647
vn 5.0791233755643574 1.5826005880582150 3.3374769198140655
v 0.0380969010293484 -0.3912484049797058 -0.0247529093176126
vn 4.6722797316982252 1.4824448769179344 3.9253424440256870
v 0.0365052781999111 -0.3876934051513672 -0.0241357591003180
vn 4.9397979858391530 1.4010404197658115 3.6115518376137246
v 0.0380924902856350 -0.3904984891414642 -0.0250384807586670
vn 4.7977014724608598 1.1933646335886079 3.8705847789564705
v 0.0380871817469597 -0.3896091878414154 -0.0253770295530558
vn 5.7923555825940092 2.4076554580894438 -0.2462299820480136
v 0.0381100699305534 -0.3943243026733398 -0.0194716397672892
vn 5.7771609087855422 2.4540961994327213 -0.0915129922440106
v 0.0381096601486206 -0.3943532109260559 -0.0202634893357754
vn 5.5656074325092355 2.9028271792891709 -0.1048298600055047
v 0.0365757308900356 -0.3911210000514984 -0.0199580099433661
vn 5.7846831716933833 2.4428019246636326 0.1061914050521534
v 0.0381095409393311 -0.3943670094013214 -0.0206453800201416
vn 5.5614246389864359 2.8621320538177111 0.5415828656657208
v 0.0365636907517910 -0.3910149037837982 -0.0211513005197048
vn 5.7776469577448921 2.4187911439794334 0.4586514753703396
v 0.0381090007722378 -0.3942796885967255 -0.0213906094431877
vn 5.7638761689830202 2.4013969017370576 0.6515635604841402
v 0.0381086394190788 -0.3942188918590546 -0.0216120406985283
vn 5.7450026719398606 2.3717606978553647 0.9015206577096674
v 0.0381081700325012 -0.3940953016281128 -0.0220622997730970
vn 5.3065439650506683 1.8609022788919496 2.7955589472131273
v 0.0381015501916409 -0.3922786116600037 -0.0241860095411539
vn 5.3997912941162838 1.9716940255511384 2.5271802331230320
v 0.0381038114428520 -0.3928883969783783 -0.0237150695174932
vn 5.4815097641134836 2.0806081563711651 2.2500935862369023
v 0.0381045900285244 -0.3930698931217194 -0.0235749408602715
vn 5.2340481659360050 2.2534634093485497 2.6406001799690948
v 0.0365372300148010 -0.3898403942584991 -0.0229955893009901
vn 4.8631726796209618 2.2093615133641293 3.3042020013042275
v 0.0347300097346306 -0.3865481019020081 -0.0224258303642273
vn 4.4628879957302718 2.0161524870492213 3.9294911172987437
v 0.0327318310737610 -0.3835063874721527 -0.0216479804366827
vn 4.0702373920271455 0.7684639516774581 4.7206533988928232
v 0.0364651009440422 -0.3852179944515228 -0.0247373506426811
vn 3.8190537009229724 0.4313752007239854 4.9680588982174676
v 0.0364411398768425 -0.3839206993579865 -0.0248767696321011
vn 3.2438417850046637 -0.0047838844845804 5.3781506619850381
v 0.0345670506358147 -0.3804414868354797 -0.0237399302423000
vn 3.5791061241578124 0.0854262623711322 5.1605516149123263
v 0.0364141389727592 -0.3825947046279907 -0.0249277893453836
vn 4.9677014771489425 3.8403573768036505 0.0891184144452731
v 0.0328365489840508 -0.3852778077125549 -0.0192508604377508
vn 5.1106088382035564 3.6389495901295965 -0.2214056729437731
v 0.0338524505496025 -0.3866502940654755 -0.0191199705004692
vn 5.0103967813124193 3.7341510699406579 0.6088311566990985
v 0.0328221917152405 -0.3852187097072601 -0.0197062995284796
vn 5.1689505807524210 3.5539879360177014 0.3207736250972169
v 0.0338267013430595 -0.3865852952003479 -0.0201191306114197
vn 5.0622812366311969 3.5098993369541560 1.2092832121771790
v 0.0328075811266899 -0.3850933909416199 -0.0201259199529886
vn 5.0180240379296199 2.4615304309681378 2.8633575343468434
v 0.0347421094775200 -0.3869729936122894 -0.0221253000199795
vn 4.6575890551313650 2.3532592907082956 3.4947703573315803
v 0.0327474400401115 -0.3839268088340759 -0.0214159395545721
vn 4.2735286151243015 2.1257524869895579 4.0788016646268188
v 0.0305960699915886 -0.3811298906803131 -0.0205479804426432
vn 3.8499038933698362 1.7739365782416985 4.6302275757292986
v 0.0282987300306559 -0.3782069087028503 -0.0197241902351379
vn 4.0203650551057279 1.6718310047501306 4.5219500644228292
v 0.0305607300251722 -0.3803012073040009 -0.0208827797323465
vn 4.1998011579182863 1.5961910102454206 4.3844114850530120
v 0.0326995216310024 -0.3825818896293640 -0.0220199804753065
vn 4.4028081804946249 1.5379782147618777 4.2031807424605327
v 0.0346916317939758 -0.3850476145744324 -0.0231121703982353
vn 4.7411265251796353 4.0757530111349505 -0.6148682254437007
v 0.0318087898194790 -0.3839550912380219 -0.0183736607432365
vn 4.9362320515910412 3.8554705558295916 -0.4458567496667628
v 0.0328509807586670 -0.3852739036083221 -0.0187621694058180
vn 4.6879665512056086 4.1771917014556612 -0.0012225043459603
v 0.0307126604020596 -0.3827021121978760 -0.0183973908424377
vn 4.7801365946861596 4.0215605059967174 0.6265247641866094
v 0.0306964498013258 -0.3826527893543243 -0.0188058000057936
vn 4.8205743212626313 3.8092431816999150 1.2843681943797303
v 0.0306801106780767 -0.3825435042381287 -0.0191818401217461
vn 4.8039874027008107 3.5200040707567513 1.9795734548274464
v 0.0306637194007635 -0.3823713958263397 -0.0195235591381788
vn 4.3188548632558703 4.4951911576708365 -0.7824332668461098
v 0.0296139698475599 -0.3814902901649475 -0.0175230503082275
vn 4.6069685500798174 4.2361904425361523 -0.5136895061529874
v 0.0307286307215691 -0.3826940953731537 -0.0179589297622442
vn 3.0263719119411041 0.0382648769190574 5.5011360642375156
v 0.0304034892469645 -0.3765568137168884 -0.0213648602366447
vn 3.2773876395613200 0.3816461102938402 5.3448425245085414
v 0.0304455701261759 -0.3775351047515869 -0.0213509202003479
vn 5.3160919300217255 3.3301159145859982 -0.2230913631218354
v 0.0348098203539848 -0.3880841135978699 -0.0194422006607056
vn 5.3544665429730012 3.2371541455978683 0.4962229960523432
v 0.0347880087792873 -0.3880074918270111 -0.0205006506294012
vn 5.3277353359999822 3.1226438739795652 1.1346102314607482
v 0.0347767993807793 -0.3878622055053711 -0.0209719501435757
vn 2.4274764453415338 -0.6356456803718430 5.7544461589556848
v 0.0300958696752787 -0.3703503906726837 -0.0206595007330179
vn 2.8926180257482246 -0.6156768576593104 5.5369434919359586
v 0.0342862606048584 -0.3728809058666229 -0.0229163095355034
vn 2.9813495241669203 -0.5030138766486951 5.4902916127506662
v 0.0340089201927185 -0.3675670921802521 -0.0221785902976990
vn 3.3622184633649792 -0.5007776474251241 5.2792838669710953
v 0.0361685715615749 -0.3742701113224030 -0.0241584107279778
vn 3.5451927168950039 -0.3900580080256948 5.1616804745452027
v 0.0359004102647305 -0.3684678971767426 -0.0234346296638250
vn 1.8765950825676638 -0.4655306035040347 5.9681982430883060
v 0.0249866191297770 -0.3601554930210114 -0.0177547894418240
vn 1.8451766424586020 -0.3432855986903341 5.9890947237912506
v 0.0246188603341579 -0.3540593981742859 -0.0172699000686407
vn 1.8721546560349134 -0.4328962534200212 5.9777188711923994
v 0.0241746306419373 -0.3415178060531616 -0.0164727494120598
vn 2.0041683638463468 -0.6068272296164124 5.9183978596768547
v 0.0236672107130289 -0.3220812976360321 -0.0145408501848578
vn 2.1870162431241398 -0.6000585209160014 5.8494205584446419
v 0.0231131892651320 -0.3037559986114502 -0.0122653199359775
vn 2.3398870439598927 -0.4758666128797845 5.8003828042591570
v 0.0225426498800516 -0.2873069047927856 -0.0105165196582675
vn 2.4544863946183231 -0.3659013901351180 5.7600371491403246
v 0.0220289193093777 -0.2708392143249512 -0.0091049065813422
vn 2.5330028338007438 -0.2735009984627606 5.7304314461130179
v 0.0216538906097412 -0.2543905079364777 -0.0080268383026123
vn 2.5778093417770469 -0.1639159267209885 5.7127177570559224
v 0.0214689895510674 -0.2379692047834396 -0.0072723031044006
vn 4.4793260905081436 4.3471801615336165 0.6651055002376079
v 0.0284343902021646 -0.3803094923496246 -0.0178336501121521
vn 4.5472997896611274 4.1045398494641478 1.3641029314227258
v 0.0284180603921413 -0.3802123963832855 -0.0181732103228569
vn 4.5540600792681030 3.7768055164947700 2.0907966110188836
v 0.0284016095101833 -0.3800590932369232 -0.0184822604060173
vn 4.4949290773537056 3.3966386931043062 2.7666405377840486
v 0.0283849798142910 -0.3798489868640900 -0.0187594797462225
vn 5.6896212888688922 2.3273092050978645 1.2889982018877928
v 0.0381072089076042 -0.3938412964344025 -0.0226143002510071
vn 5.6530849606396689 2.2797674957106344 1.5139786306921992
v 0.0381068512797356 -0.3937352001667023 -0.0227717105299234
vn 5.5278313616282935 2.7757372952168264 1.0839013087760694
v 0.0365573689341545 -0.3908453881740570 -0.0216841101646423
vn 5.4735547065201748 2.6229330739420527 1.6097984315732596
v 0.0365509316325188 -0.3905923068523407 -0.0221699401736259
vn 5.2588596018969467 2.9473440271937923 1.7536759980467627
v 0.0347655415534973 -0.3876403868198395 -0.0214005708694458
vn 5.1556506406711211 2.7136256401906582 2.3411963769682895
v 0.0347539111971855 -0.3873409926891327 -0.0217844191938639
vn 4.9438699060583335 2.9540636900436619 2.4991751288228494
v 0.0327780209481716 -0.3846333920955658 -0.0208477899432182
vn 4.8108422043847829 2.6501970175916618 3.0434789404110663
v 0.0327628813683987 -0.3843060135841370 -0.0211500506848097
vn 4.6033177416739157 2.8307824255552392 3.1968916703420551
v 0.0306303501129150 -0.3818443119525909 -0.0201005898416042
vn 4.4588441551453739 2.4970295460916017 3.6502616209336685
v 0.0306133609265089 -0.3815059065818787 -0.0203393604606390
vn 4.2562540671314855 2.6479251127676848 3.7830014190171943
v 0.0283511206507683 -0.3792861998081207 -0.0192240402102470
vn 4.0855604106361891 2.2508476180586232 4.2022326266122834
v 0.0283339601010084 -0.3789499104022980 -0.0194151401519775
vn 3.8909052460051110 2.3923619886745131 4.3075259914997730
v 0.0259640198200941 -0.3769648969173431 -0.0182750206440687
vn 3.6632187457064229 1.9285392943748960 4.7187585606504623
v 0.0259320102632046 -0.3762980103492737 -0.0185675006359816
vn 3.3901996184169692 1.4071973776601021 5.0953882292043815
v 0.0258989296853542 -0.3755807876586914 -0.0187840405851603
vn 3.5892364912712149 1.2921906617813632 4.9875428251870977
v 0.0282622501254082 -0.3774102032184601 -0.0199471693485975
vn 3.7416104523215390 1.2051771301325260 4.8962981854725403
v 0.0305240098387003 -0.3794153034687042 -0.0211204197257757
vn 3.9094866788549814 1.1536812343509830 4.7760053846619934
v 0.0326656103134155 -0.3815968036651611 -0.0222834292799234
vn 4.1114253079136347 1.1303743746735897 4.6096258798051091
v 0.0346638485789299 -0.3839527964591980 -0.0234149601310492
vn 3.8136398587889673 4.9583974836234876 -0.5463073805558906
v 0.0260844808071852 -0.3782174885272980 -0.0161288902163506
vn 3.7443186409358837 4.9846863017153495 -0.7430881796716042
v 0.0260991398245096 -0.3781647980213165 -0.0157479606568813
vn 3.8590984743470012 4.8452333883086665 -1.0361506512476142
v 0.0273052398115396 -0.3791966140270233 -0.0162038803100586
vn 4.1776664783945439 4.6287500025451660 -0.7567686584580408
v 0.0284829102456570 -0.3802843987941742 -0.0166495405137539
vn 3.9979956456613861 4.8396348476971012 0.0442844271755712
v 0.0260698106139898 -0.3782249987125397 -0.0164874102920294
vn 4.1634121834039872 4.6384057177298876 0.7391760233069142
v 0.0260550305247307 -0.3781853914260864 -0.0168220400810242
vn 4.2558330283072046 4.3712938253299356 1.4685089084468796
v 0.0260403100401163 -0.3780972957611084 -0.0171310901641846
vn 4.2851613638082977 4.0139930936868922 2.2121507831070075
v 0.0260253492742777 -0.3779590129852295 -0.0174131300300360
vn 4.2468496898793742 3.6033691320868608 2.8932957966508956
v 0.0260102692991495 -0.3777703940868378 -0.0176672898232937
vn 4.1581117901070561 3.1943663020397950 3.4531241613850998
v 0.0259950701147318 -0.3775371015071869 -0.0178945604711771
vn 3.2855836676380155 0.8267976758997082 5.2858165321790622
v 0.0282243993133307 -0.3765766918659210 -0.0200943294912577
vn 3.4717637574887354 0.7740444581145156 5.1755678397244065
v 0.0304856300354004 -0.3784903883934021 -0.0212728902697563
vn 3.3405435476928096 -0.3175234702084542 5.3096901582116756
v 0.0363495908677578 -0.3798744976520538 -0.0248208604753017
vn 2.9650741804545957 -0.4233180250699672 5.5207175596518274
v 0.0344883203506470 -0.3779771029949188 -0.0236001592129469
vn 2.6313509347745976 -0.4388375952535438 5.6860945656867816
v 0.0303122401237488 -0.3745436966419220 -0.0212410595268011
vn 2.1057096723299207 -0.5080443478439075 5.8938220624734976
v 0.0255204997956753 -0.3681704998016357 -0.0186668001115322
vn 2.4770713552922237 -0.2048708356335912 5.7662838081323686
v 0.0257102791219950 -0.3716127872467041 -0.0190268699079752
vn 1.9211459225143255 -0.1559221216051420 5.9767205365258000
v 0.0206842999905348 -0.3663541078567505 -0.0169468503445387
vn 2.3223809268017042 0.1896413980606459 5.8309679360348516
v 0.0208092294633389 -0.3691919147968292 -0.0170325599610806
vn 3.3210475921081266 2.2686985279063587 4.8211961649699422
v 0.0209378004074097 -0.3730303943157196 -0.0163486003875732
vn 3.4319349677699278 2.7490716521402208 4.4817095179703017
v 0.0209544803947210 -0.3735721111297607 -0.0160693507641554
vn 3.7265510731001763 2.8390599249039377 4.1835963431897785
v 0.0235004406422377 -0.3751729130744934 -0.0171519499272108
vn 3.8049834230791757 2.9870767759493821 4.0046074366218170
v 0.0235129501670599 -0.3754436075687408 -0.0169822499155998
vn 4.0413832563785137 2.8108912418300331 3.8990657269519073
v 0.0259795691817999 -0.3772662878036499 -0.0180966202169657
vn 4.3879893424369438 3.0113793954160908 3.3311214109904528
v 0.0283681694418192 -0.3795886933803558 -0.0190061908215284
vn 4.7256950036666714 3.1801867566253690 2.6376680588103274
v 0.0306470897048712 -0.3821358978748322 -0.0198293291032314
vn 5.0375579485497228 3.2440429075354129 1.8710832680410747
v 0.0327928587794304 -0.3848986029624939 -0.0205069091171026
vn 3.0900387067920252 1.7515701017241150 5.1784323607402909
v 0.0209199097007513 -0.3724448084831238 -0.0165701508522034
vn 3.2844149285138560 5.2835915941717992 -0.8640402888562839
v 0.0236082002520561 -0.3762665987014771 -0.0148202097043395
vn 1.4594389521701450 -0.3763318357315096 6.0943309629332880
v 0.0202906094491482 -0.3595865070819855 -0.0164451003074646
vn 1.3769904924011247 -0.3506319537008123 6.1162830127205510
v 0.0199997406452894 -0.3541172146797180 -0.0160695891827345
vn 1.3795788551622157 -0.4732158159253269 6.1091606320334462
v 0.0196378808468580 -0.3418199121952057 -0.0153028899803758
vn 1.4853066799534085 -0.6734354846913881 6.0648545217923626
v 0.0192191004753113 -0.3221907913684845 -0.0132847400382161
vn 1.6394948198216672 -0.6790788982661627 6.0206168557300792
v 0.0187606196850538 -0.3037570118904114 -0.0108855301514268
vn 1.7652190416728242 -0.5470789862420564 5.9973559132361416
v 0.0182899795472622 -0.2873153090476990 -0.0090591311454773
vn 1.8556547081700467 -0.4220088216502714 5.9794959512958137
v 0.0178671404719353 -0.2708440124988556 -0.0075988760218024
vn 1.9161333833501824 -0.3122626418503065 5.9666707357364954
v 0.0175589304417372 -0.2543903887271881 -0.0064911837689579
vn 1.9519349554988306 -0.1829435956299503 5.9588428874795918
v 0.0174068193882704 -0.2379695028066635 -0.0057177538983524
vn 1.9702425062230029 -0.0000000629468322 5.9540248041035309
v 0.0173649098724127 -0.2049999982118607 -0.0051118130795658
vn 1.4074801395045562 0.1990183099775413 6.1116526485421456
v 0.0131998602300882 -0.1720307022333145 -0.0045599341392517
vn 0.9146136894385204 0.2061392909140284 6.2053569744077741
v 0.0088752498850226 -0.1720312982797623 -0.0037521119229496
vn 0.9232095024440141 -0.0002030164006270 6.2062877673548105
v 0.0088491430506110 -0.2049999982118607 -0.0031299591064453
vn 0.4547183396864968 -0.0002740141632051 6.2585986080877252
v 0.0044382209889591 -0.2049999982118607 -0.0026462669484317
vn 0.4497290190187717 -0.2153206189382102 6.2563062709701143
v 0.0044513340108097 -0.2379678934812546 -0.0032716391142458
vn 0.0000501657982400 -0.2122934663466910 6.2728112432507608
v 0.0000000000000000 -0.2379675954580307 -0.0031130900606513
vn -0.0010046999729212 -0.3934607974607973 6.2535417196450620
v 0.0000000000000000 -0.2543900907039642 -0.0039135809056461
vn 1.1314266309964924 -0.1678538641070418 6.1749646346058622
v 0.0154661498963833 -0.3591268956661224 -0.0154442703351378
vn 0.9911821038017954 -0.3307993189807690 6.1932238722655386
v 0.0152633097022772 -0.3541642129421234 -0.0151789700612426
vn 0.9803521475226050 -0.4971799673282890 6.1846018284863913
v 0.0149846598505974 -0.3420658111572266 -0.0144462501630187
vn 1.0586728569450579 -0.7206452953353423 6.1493338995259474
v 0.0146487299352884 -0.3222785890102386 -0.0123584801331162
vn 1.1777016582509789 -0.7363932837974987 6.1224557791172360
v 0.0142782302573323 -0.3037579059600830 -0.0098576536402106
vn 1.2727950868346858 -0.5977484338375630 6.1174227660112352
v 0.0139014096930623 -0.2873237133026123 -0.0079703917726874
vn 1.3383569526242334 -0.4609097384747968 6.1148250467960885
v 0.0135654797777534 -0.2708489000797272 -0.0064749121665955
vn 1.3811516395332344 -0.3388904150842841 6.1130179543635688
v 0.0133210998028517 -0.2543903887271881 -0.0053470730781555
vn 1.4071258925180461 -0.1961995782432681 6.1119556853186943
v 0.0131997996941209 -0.2379692941904068 -0.0045599341392517
vn 1.4214866453772779 -0.0000006015635049 6.1103970789770496
v 0.0131651703268290 -0.2049999982118607 -0.0039443369023502
vn 1.9522792207106860 0.1869513596016864 5.9584024099989090
v 0.0174068193882704 -0.1720304936170578 -0.0057177538983524
vn 2.0881592266036599 0.4069184060344211 5.9032526524016138
v 0.0182729903608561 -0.3681749999523163 -0.0161453392356634
vn 2.8563814330715558 2.0126624605500512 5.2184789678867567
v 0.0183248501271009 -0.3711372911930084 -0.0155587103217840
vn 3.5023830001456036 5.1886514663125292 -0.4833013630466007
v 0.0235966406762600 -0.3763113021850586 -0.0151674700900912
vn 3.6838130083539218 5.0806773201072675 0.1538013603218354
v 0.0235850196331739 -0.3763149082660675 -0.0154946399852633
vn 3.8381325487445248 4.8913148080069035 0.8559847219682764
v 0.0235732700675726 -0.3762763142585754 -0.0158006493002176
vn 3.9465969818898086 4.6076787346840860 1.6019468471451814
v 0.0235614702105522 -0.3761942982673645 -0.0160841904580593
vn 3.9921521662505248 4.2326944109224041 2.3483804069028733
v 0.0235496107488871 -0.3760679066181183 -0.0163441300392151
vn 3.9713668133273012 3.8062085477508569 3.0219916930270472
v 0.0235375706106424 -0.3758972883224487 -0.0165797397494316
vn 3.9023431047765316 3.3823470865079632 3.5705580014787413
v 0.0235253497958183 -0.3756872117519379 -0.0167919900268316
vn 3.5389219988923353 3.1766962947246045 4.1015772433302500
v 0.0209626499563456 -0.3738164007663727 -0.0159053802490234
vn 3.1412695272369735 2.9540298690796956 4.5640325589589859
v 0.0183357000350952 -0.3721618056297302 -0.0150497499853373
vn 3.0138384771064000 2.4836968922931755 4.9163329382635332
v 0.0183308105915785 -0.3716700971126556 -0.0153291802853346
vn 2.5793390045815143 2.2673040923996677 5.2582478253445526
v 0.0156702902168036 -0.3700048029422760 -0.0146375196054578
vn 2.7068646779851813 2.7197969976576069 4.9700991431714598
v 0.0156615301966667 -0.3704931139945984 -0.0143981501460075
vn 2.4145848516529469 3.4007332695199533 4.6940046149102184
v 0.0129374796524644 -0.3699274957180023 -0.0133011303842068
vn 2.8090900826376815 3.1738063152495464 4.6329166174785508
v 0.0156516991555691 -0.3709427118301392 -0.0141160404309630
vn 2.8801878692265945 3.5812443165621310 4.2799236943199315
v 0.0156463291496038 -0.3711458146572113 -0.0139570804312825
vn 3.2338818772230695 3.3759490471730356 4.1932957183405000
v 0.0183377806097269 -0.3723835945129395 -0.0148891201242805
vn 3.2938277556818365 3.7650313808513860 3.7946279435723325
v 0.0183396898210049 -0.3725838959217072 -0.0147131001576781
vn 3.6172078749047185 3.5727499817925663 3.6839297641425235
v 0.0209705196321011 -0.3740364909172058 -0.0157235804945230
vn 3.3283484942544885 4.1826139945522192 3.2910851381232700
v 0.0183414202183485 -0.3727582097053528 -0.0145209403708577
vn 3.6680530314710369 3.9993667277655187 3.1537469927233390
v 0.0209782104939222 -0.3742271065711975 -0.0155227100476623
vn 3.3218173856136772 4.6085496283467533 2.6660462638296742
v 0.0183429699391127 -0.3729025125503540 -0.0143114896491170
vn 3.6731487155092104 4.4312449593171017 2.4989467339317608
v 0.0209857206791639 -0.3743830025196075 -0.0153017602860928
vn 3.2602589774006980 4.9922770074806220 1.9564726381884143
v 0.0183444004505873 -0.3730129897594452 -0.0140840401872993
vn 3.6164524979041426 4.8147660278751765 1.7643821394000463
v 0.0209931693971157 -0.3745003044605255 -0.0150597598403692
vn 3.1456885685814662 5.2907199755383809 1.2259293960198177
v 0.0183457694947720 -0.3730891942977905 -0.0138389403000474
vn 3.5006054238405051 5.1082483718064999 1.0195831767032404
v 0.0210004393011332 -0.3745783865451813 -0.0147972702980042
vn 2.9881815146001895 5.4965327403036905 0.5090499200541463
v 0.0183469597250223 -0.3731315135955811 -0.0135769797489047
vn 3.3392711085837616 5.3065144338194514 0.3038643078206805
v 0.0210075899958611 -0.3746181130409241 -0.0145153403282166
vn 2.8013438989969028 5.6158783875205671 -0.1687920412324542
v 0.0183480903506279 -0.3731398880481720 -0.0132986297830939
vn 3.1492455425044557 5.4195459542583979 -0.3585232764265337
v 0.0210147500038147 -0.3746199011802673 -0.0142146898433566
vn 2.7578244889207943 5.6221076347215613 -0.4211068035893164
v 0.0183492302894592 -0.3731147944927216 -0.0130046000704169
vn 2.3987459951521881 0.9911176281283067 5.7149741496416802
v 0.0182988606393337 -0.3693991899490356 -0.0160040203481913
vn 2.1944386244247918 1.3036231794360769 5.7356158685331433
v 0.0156880598515272 -0.3684107959270477 -0.0151454797014594
vn 1.9185240910408461 1.6333892381465200 5.7512334935473701
v 0.0130484104156494 -0.3675819039344788 -0.0144000602886081
vn 1.5490732685115574 1.9565672073610103 5.7625550456840653
v 0.0104483896866441 -0.3669353127479553 -0.0138061596080661
vn 2.4688986194696012 3.7879441627663626 4.3581084022306396
v 0.0129246702417731 -0.3701157867908478 -0.0131431799381971
vn 2.9234772834127569 3.9558773214056164 3.9027812807306255
v 0.0156408492475748 -0.3713296949863434 -0.0137850595638156
vn 2.9444049246265451 4.3573924898559522 3.4284734153433463
v 0.0156351905316114 -0.3714909851551056 -0.0135991498827934
vn 2.9306365985673906 4.7668329060070320 2.8429229345878846
v 0.0156292896717787 -0.3716259896755219 -0.0133986398577690
vn 2.8710523151318119 5.1402586201386837 2.1734807821953708
v 0.0156232696026564 -0.3717319071292877 -0.0131828701123595
vn 2.7656173468249934 5.4396563065355537 1.4681251120738950
v 0.0156171899288893 -0.3718079030513763 -0.0129520799964666
vn 2.6215395869787099 5.6524415671420023 0.7608142858014563
v 0.0156109295785427 -0.3718538880348206 -0.0127066299319267
vn 2.4490065631282989 5.7799524319534976 0.0761966083620270
v 0.0156046701595187 -0.3718697130680084 -0.0124469297006726
vn 2.3144878722151327 5.8320413950945165 -0.2751068134588667
v 0.0155982300639153 -0.3718551099300385 -0.0121734095737338
vn 2.2328891439995688 2.5335553679699188 5.2948025443871600
v 0.0129862399771810 -0.3690589964389801 -0.0138351898640394
vn 1.8424266754193532 2.7943318556950985 5.3140885958768616
v 0.0103766303509474 -0.3683275878429413 -0.0132018895819783
vn 2.3341348939773514 2.9656620459424472 5.0184115981604300
v 0.0129625201225281 -0.3695114850997925 -0.0135864596813917
vn 1.9172110740183790 3.1979772380168079 5.0525409995932975
v 0.0103498604148626 -0.3687545955181122 -0.0129483295604587
vn 1.9873333382320726 3.6959919822835205 4.6675562784142794
v 0.0103221498429775 -0.3691470921039581 -0.0126633597537875
vn 1.9604128153433704 5.9601751083492260 0.1481695978920975
v 0.0128157697618008 -0.3708187043666840 -0.0114443302154541
vn 2.4989683090172217 4.1398140531954049 4.0057716670964805
v 0.0129114901646972 -0.3702870011329651 -0.0129741998389363
vn 2.5104551260942367 4.5183448406093074 3.5636661340159193
v 0.0128982001915574 -0.3704383969306946 -0.0127934804186225
vn 2.4951121234076048 4.9046497645400358 3.0203539254075817
v 0.0128847900778055 -0.3705671131610870 -0.0126004200428724
vn 2.4437457245412810 5.2617188404489879 2.3962565510955414
v 0.0128711396828294 -0.3706704974174500 -0.0123944198712707
vn 2.3555685598176463 5.5558831662778152 1.7272400565191390
v 0.0128574296832085 -0.3707478940486908 -0.0121756102889776
vn 2.2340519545696305 5.7735972628129719 1.0383979601401931
v 0.0128435995429754 -0.3707987070083618 -0.0119442902505398
vn 2.0862621887760495 5.9103317498101280 0.3549129309375907
v 0.0128297200426459 -0.3708224892616272 -0.0117003899067640
vn 1.2955420510228102 0.5240163915247051 6.1157660392371955
v 0.0131136700510979 -0.3643473088741302 -0.0149647500365973
vn 0.8231932652029124 0.3237508889261948 6.2170359168515317
v 0.0105434004217386 -0.3615927100181580 -0.0147043997421861
vn 0.3649975749246319 0.0191507573413651 6.2702135776273416
v 0.0052659511566162 -0.3585883975028992 -0.0142885399982333
vn 0.7018742608356749 -0.0750435532031240 6.2416752188639419
v 0.0104907099157572 -0.3587917983531952 -0.0147278299555182
vn 0.3198893018705434 -0.2754216847420148 6.2676959237705372
v 0.0052029490470886 -0.3542199134826660 -0.0141599699854851
vn 0.6466595731821850 -0.3003854396599311 6.2409632420141747
v 0.0103689404204488 -0.3541988134384155 -0.0145491296425462
vn 0.3127578124355860 -0.5123892432804658 6.2530787780528971
v 0.0051047201268375 -0.3423584103584290 -0.0134747596457601
vn 0.6322939464693557 -0.5089136438300593 6.2290709022482993
v 0.0101748099550605 -0.3422470092773438 -0.0138451401144266
vn 0.6052866042778318 -0.7477410766348379 6.2055508292428883
v 0.0099286427721381 -0.3223418891429901 -0.0117079596966505
vn 0.8310490115348637 1.1189035600023720 6.1199753107894068
v 0.0079307546839118 -0.3635495007038116 -0.0141434604302049
vn 1.1351485609019576 0.8657390519433489 6.1128627784177212
v 0.0105385100468993 -0.3638966083526611 -0.0145025802776217
vn 2.6534100360221213 1.5133464374228704 5.4852276757452634
v 0.0183175802230835 -0.3705756962299347 -0.0157442595809698
vn 2.4127465627537727 1.7950359290138329 5.5122261043875342
v 0.0156777501106262 -0.3694894909858704 -0.0148390503600240
vn 2.1003948495708871 2.0913324509260223 5.5361801808859665
v 0.0130086503922939 -0.3685810863971710 -0.0140511896461248
vn 1.0689381352500356 1.6701402166402906 5.9560221369531758
v 0.0078886151313782 -0.3655157983303070 -0.0136760398745537
vn 1.3635586398783399 1.3962267600665454 5.9661611513297670
v 0.0104875499382615 -0.3659619092941284 -0.0141031695529819
vn 1.4667809857469869 3.3177458189691991 5.1226450682094171
v 0.0077781081199646 -0.3681834042072296 -0.0124621298164129
vn 1.5170780588059622 3.8802993533460621 4.6952817175181902
v 0.0077559351921082 -0.3685595095157623 -0.0121790701523423
vn 1.5505109015788119 4.3797794195902657 4.2217527378752955
v 0.0077330470085144 -0.3688882887363434 -0.0118654901161790
vn 2.0353920455602061 4.2348557455876783 4.1622050447498182
v 0.0102934800088406 -0.3694882094860077 -0.0123429195955396
vn 1.5587855092913081 4.7761374938676529 3.7666931910591388
v 0.0077214241027832 -0.3690302968025208 -0.0116961495950818
vn 2.0422620888308529 4.6615774923940130 3.6774017105121657
v 0.0102788200601935 -0.3696337044239044 -0.0121681001037359
vn 1.5493320377465039 5.1053135691110585 3.3101708965418850
v 0.0077096810564399 -0.3691548109054565 -0.0115180602297187
vn 2.0294198991960157 5.0194986783455438 3.1779902464594980
v 0.0102640297263861 -0.3697595000267029 -0.0119828497990966
vn 1.5215446311058054 5.4196570455205970 2.7799333864302160
v 0.0076978798024356 -0.3692603111267090 -0.0113305998966098
vn 1.9899648768002467 5.3554662919342721 2.6015269802085266
v 0.0102490698918700 -0.3698633015155792 -0.0117866899818182
vn 1.4732422522627482 5.6964019817070177 2.1891638897251178
v 0.0076858401298523 -0.3693453967571259 -0.0111337304115295
vn 1.9225267931207695 5.6408492548848912 1.9725368989030012
v 0.0102340504527092 -0.3699443042278290 -0.0115796895697713
vn 1.4052988034830709 5.9175178968116011 1.5551987369509210
v 0.0076737990602851 -0.3694092035293579 -0.0109272003173828
vn 1.8283502821360791 5.8608293980182333 1.3094911111028840
v 0.0102189695462584 -0.3700017035007477 -0.0113616501912475
vn 1.3196576650209690 6.0718716045789423 0.8952254942588319
v 0.0076618189923465 -0.3694508075714111 -0.0107111297547817
vn 1.7114001487069512 6.0065012162013183 0.6350415234853256
v 0.0102037703618407 -0.3700346946716309 -0.0111327096819878
vn 1.3301512021139266 6.1104100331574678 0.5675946153772080
v 0.0076496601104736 -0.3694691061973572 -0.0104852300137281
vn 1.5086347508260984 6.0955599696723493 0.1227413447690248
v 0.0101885702461004 -0.3700425028800964 -0.0108929201960564
vn 1.0593984221582744 4.8561862398895146 3.8375670742358441
v 0.0051794052124023 -0.3686029911041260 -0.0113613000139594
vn 0.5379208237529591 4.9025640194605886 3.8868951222218566
v 0.0026176569517702 -0.3683429062366486 -0.0111578097566962
vn 1.0530309954345856 5.1637702607963343 3.4136256051764526
v 0.0051726098172367 -0.3687272071838379 -0.0111884996294975
vn 0.5346257895665295 5.1938411633908510 3.4880112819202744
v 0.0026155710220337 -0.3684670031070709 -0.0109884096309543
vn 0.5268330345603902 5.4786871574234022 3.0216054844420945
v 0.0026133060455322 -0.3685750961303711 -0.0108116203919053
vn 1.0347270624294036 5.4595766307338707 2.9230699756405754
v 0.0051656961441040 -0.3688341081142426 -0.0110076600685716
vn 0.5123697260850997 5.7402063484409211 2.4912681120785107
v 0.0026111600454897 -0.3686659932136536 -0.0106272101402283
vn 1.0044557901200373 5.7262283292535070 2.3701440605874073
v 0.0051587820053101 -0.3689227998256683 -0.0108185997232795
vn 0.4911758140605625 5.9628832531652050 1.9019801752331800
v 0.0026089539751410 -0.3687384128570557 -0.0104348603636026
vn 0.9606909818887797 5.9487718652471573 1.7613000130014920
v 0.0051518077962101 -0.3689919114112854 -0.0106208901852369
vn 0.4637179879824014 6.1311799594641325 1.2671220646555059
v 0.0026068089064211 -0.3687911033630371 -0.0102343503385782
vn 0.9042110855870723 6.1118436866190473 1.1127067095451588
v 0.0051447148434818 -0.3690403103828430 -0.0104144196957350
vn 0.3709049373119702 6.2144148183646912 0.8350216358445290
v 0.0026045439299196 -0.3688228130340576 -0.0100253801792860
vn 0.8625910242880008 6.1164211167696942 1.0618696593749122
v 0.0051376810297370 -0.3690666854381561 -0.0101989498361945
vn -0.0800539661146149 -0.5165668345329990 6.2588255330540967
v 0.0000000000000000 -0.3423972129821777 -0.0133529901504517
vn -0.0102798664555222 -0.7646128502512579 6.2301714245683320
v 0.0000000000000000 -0.3223930001258850 -0.0111788501963019
vn -0.0056714672702690 -0.8023155365672539 6.2174215330360392
v 0.0000000000000000 -0.3037599027156830 -0.0085490336641669
vn 0.6691141427093448 -0.7787361937291684 6.1897198851402520
v 0.0096549978479743 -0.3037588894367218 -0.0091338148340583
vn -0.0041817091611367 -0.6557310943054837 6.2316451810929037
v 0.0000000000000000 -0.2873398065567017 -0.0065910220146179
vn 0.7241812141844418 -0.6349668291498032 6.1979603006457511
v 0.0093805193901062 -0.2873316109180450 -0.0072048897854984
vn -0.0026267705333911 -0.5040232237832933 6.2446619010442319
v 0.0000000000000000 -0.2708584964275360 -0.0050597190856934
vn 0.7613735272691031 -0.4889788051839361 6.2060036001277288
v 0.0091383447870612 -0.2708536088466644 -0.0056873550638556
vn 0.7945174290934085 -0.3702637049689295 6.2102272888827299
v 0.0089628687128425 -0.2543902099132538 -0.0045475950464606
vn 0.9136537371668700 -0.2048226978932554 6.2055815381515416
v 0.0088752498850226 -0.2379685938358307 -0.0037521119229496
vn -0.9232218734567519 0.0002077187763963 6.2062942229493592
v -0.0088492026552558 -0.2049999982118607 -0.0031300780829042
vn -1.4214068514717322 -0.0000000000000000 6.1104099026866718
v -0.0131652299314737 -0.2049999982118607 -0.0039443369023502
vn -1.4074634903932690 -0.1990096213084810 6.1116667425350553
v -0.0131998602300882 -0.2379692941904068 -0.0045600528828800
vn -1.9521875861761884 -0.1869507839555047 5.9584282322512987
v -0.0174068808555603 -0.2379695028066635 -0.0057177538983524
vn -1.9702522002266014 -0.0000000629417479 5.9540226038775845
v -0.0173649098724127 -0.2049999982118607 -0.0051118130795658
vn -2.5780538094676269 -0.1692092731234378 5.7121333680919033
v -0.0214691106230021 -0.2379692047834396 -0.0072723031044006
vn -2.5989909236774196 -0.0000001321615710 5.7034278863985186
v -0.0214185696095228 -0.2049999982118607 -0.0066779851913452
vn -3.2127464778801391 -0.1447024517962822 5.3840552420651182
v -0.0253091398626566 -0.2379682064056396 -0.0092890849336982
vn -3.2366863686180882 0.0003988874809851 5.3697619615326451
v -0.0252487603574991 -0.2049999982118607 -0.0087084174156189
vn -3.7392772189704750 -0.1213502343663245 5.0384776612643787
v -0.0271050296723843 -0.2379674017429352 -0.0105024501681328
vn -3.6863452456548282 -0.1849142793698418 5.0766490287787081
v -0.0273437500000000 -0.2543905079364777 -0.0112194400280714
vn -4.1649207635188574 -0.1410950656072604 4.6900883520321104
v -0.0290464106947184 -0.2543905079364777 -0.0125766899436712
vn -4.0712912304145128 -0.1794685815432427 4.7699167044854374
v -0.0295682493597269 -0.2708328068256378 -0.0135670304298401
vn -4.5332779919319899 -0.1174510654889590 4.3379382646901483
v -0.0311528407037258 -0.2708323001861572 -0.0150723401457071
vn -4.8147579999285970 0.0028746633940305 3.9981363977909847
v -0.0302342101931572 -0.2049999982118607 -0.0128570096567273
vn -5.2366069926715593 0.0056580852125150 3.4701571649874703
v -0.0315362215042114 -0.2050002068281174 -0.0147427301853895
vn -5.2280040419915732 -0.0434160699189743 3.4410792071825322
v -0.0315336510539055 -0.2204405069351196 -0.0147136999294162
vn -3.5851087031512696 -0.2448888272784386 5.1459006782671581
v -0.0278273206204176 -0.2708337903022766 -0.0122348600998521
vn -3.0670417516033472 -0.3063393312337391 5.4630596942808918
v -0.0259748101234436 -0.2708353102207184 -0.0110584404319525
vn -3.1590894706454518 -0.2297519985101130 5.4141585847038343
v -0.0255289003252983 -0.2543905079364777 -0.0100196003913879
vn -2.4559272694625420 -0.3700094583655114 5.7579192153730503
v -0.0220289193093777 -0.2708392143249512 -0.0091049065813422
vn -2.5339098569039087 -0.2773882441022008 5.7290464200390634
v -0.0216538906097412 -0.2543905079364777 -0.0080268383026123
vn -1.8572631478968000 -0.4253303880270415 5.9779764936566071
v -0.0178672000765800 -0.2708440124988556 -0.0075988760218024
vn -1.9172091885711637 -0.3149877028760075 5.9656854756002611
v -0.0175589304417372 -0.2543903887271881 -0.0064911837689579
vn -3.0421989450179643 -0.3803777430092291 5.4624005160911571
v -0.0265851598232985 -0.2872996032238007 -0.0124085498973727
vn -2.3415094200795634 -0.4802634287237584 5.7976546222837531
v -0.0225426498800516 -0.2873069047927856 -0.0105165196582675
vn -1.7672725435375296 -0.5511695146071529 5.9952550805983229
v -0.0182899795472622 -0.2873153090476990 -0.0090591311454773
vn -1.3809550077854904 -0.4623574228903701 6.1096228625822429
v -0.0196378808468580 -0.3418199121952057 -0.0153028899803758
vn -2.0062934946457660 -0.5994720201157429 5.9175165777569037
v -0.0236672107130289 -0.3220812976360321 -0.0145408501848578
vn -2.7542940731387415 -0.5108069171173746 5.6132062422744173
v -0.0272624995559454 -0.3037551939487457 -0.0140650197863579
vn -3.2708747205262063 -0.4170825982168072 5.3402540744406126
v -0.0292237903922796 -0.3037549853324890 -0.0151550704613328
vn -4.2418612493784824 -0.2444217010311139 4.6166398401207918
v -0.0327770709991455 -0.3037548065185547 -0.0178158804774284
vn -4.4886175018292702 -0.1444580245516260 4.3704201089364476
v -0.0319214984774590 -0.2872929871082306 -0.0163123607635498
vn -3.7551368328080459 -0.3273428675959070 5.0137134196247199
v -0.0310760103166103 -0.3037548065185547 -0.0163969304412603
vn -3.8221129299207202 -0.2563149339559224 4.9559263295377196
v -0.0302823707461357 -0.2872945070266724 -0.0148436399176717
vn -4.8707311849724135 -0.0618301164234638 3.9635044730254245
v -0.0318671390414238 -0.2708323001861572 -0.0158954802900553
vn -5.1853233157697094 -0.0155280474066523 3.5326490713177394
v -0.0325794816017151 -0.2708264887332916 -0.0168305598199368
vn -5.2218131045509324 -0.0060883357773892 3.4585512964496563
v -0.0319823585450649 -0.2543846070766449 -0.0158816501498222
vn -4.6834117729636784 -0.0807839418411507 4.1692932600448795
v -0.0305914208292961 -0.2543903887271881 -0.0141067495569587
vn -5.2060386919207629 -0.0455035906736629 3.4961579602243686
v -0.0317906104028225 -0.2491053938865662 -0.0155769502744079
vn -1.3821411805457493 -0.3406908014966563 6.1123865621744429
v -0.0133210998028517 -0.2543903887271881 -0.0053470730781555
vn -1.3399025648366973 -0.4634121906856755 6.1138176955224441
v -0.0135654797777534 -0.2708489000797272 -0.0064750309102237
vn -1.2749207932987328 -0.6012089541735669 6.1158996727604187
v -0.0139014702290297 -0.2873237133026123 -0.0079703917726874
vn -1.1803327516429729 -0.7382417684108641 6.1208421557657280
v -0.0142782302573323 -0.3037579059600830 -0.0098577141761780
vn -1.0611880314985549 -0.7154103173198934 6.1493088469601691
v -0.0146488500759006 -0.3222785890102386 -0.0123584801331162
vn -0.9812169604715970 -0.4877897583486933 6.1852207046245873
v -0.0149847203865647 -0.3420656919479370 -0.0144462501630187
vn -0.9912318408627354 -0.3125739516859800 6.1946785659027883
v -0.0152633702382445 -0.3541642129421234 -0.0151789700612426
vn -0.7956968097096903 -0.3721221028041568 6.2097459624269860
v -0.0089628687128425 -0.2543902099132538 -0.0045475950464606
vn -0.7623259193383600 -0.4907168271152237 6.2053195353412267
v -0.0091384053230286 -0.2708536088466644 -0.0056873550638556
vn -0.7254676490851004 -0.6375277281730473 6.1968873687286674
v -0.0093805780634284 -0.2873316109180450 -0.0072048897854984
vn -0.6708184845271561 -0.7802461399866303 6.1885377736297027
v -0.0096550583839417 -0.3037588894367218 -0.0091338148340583
vn -0.6015171003734563 -0.7512129227637085 6.2051297969903239
v -0.0099286427721381 -0.3223418891429901 -0.0117079596966505
vn -0.5557891345973877 -0.5054908587017244 6.2352704919210540
v -0.0101748099550605 -0.3422470092773438 -0.0138451401144266
vn -0.5859442374229622 -0.2662685597536940 6.2472307640627269
v -0.0103690000250936 -0.3541988134384155 -0.0145491296425462
vn -0.7136875403544586 -0.0772659129814097 6.2404511414738897
v -0.0104908300563693 -0.3587917983531952 -0.0147278299555182
vn -1.1362030380567050 -0.1793114934282131 6.1737706925973574
v -0.0154660902917385 -0.3591271042823792 -0.0154443299397826
vn -4.0568521377928981 -0.2934293698720834 4.7805798002206217
v -0.0336103402078152 -0.3217222988605499 -0.0197279993444681
vn -3.5514461177277710 -0.3770704421456936 5.1609345818616523
v -0.0318469405174255 -0.3218030035495758 -0.0183811094611883
vn -3.0571703819641605 -0.4538392943086362 5.4659230350692214
v -0.0299364291131496 -0.3218795955181122 -0.0172148905694485
vn -2.5533993892217044 -0.5240100613783882 5.7107406893341821
v -0.0279196500778198 -0.3219515979290009 -0.0161996409296989
vn -1.8740085035350034 -0.4220030276250412 5.9776472776301013
v -0.0241746902465820 -0.3415178060531616 -0.0164727494120598
vn -1.3810755091524813 -0.3327805931581513 6.1169768404131393
v -0.0199997406452894 -0.3541172146797180 -0.0160695891827345
vn -0.7354405855235624 0.3830554295628210 6.2233963996604649
v -0.0105434600263834 -0.3615927100181580 -0.0147043997421861
vn -1.4239690348903296 1.4490284083825158 5.9405743021392974
v -0.0104876095429063 -0.3659619092941284 -0.0141031695529819
vn -0.8292549141526550 1.0772452109862631 6.1291569949827238
v -0.0079308152198792 -0.3635495007038116 -0.0141434604302049
vn -0.4490216287364645 0.5705879924474719 6.2351464297161305
v -0.0052950382232666 -0.3611766993999481 -0.0141891799867153
vn 0.0185424710455489 0.6674455313248914 6.2412944127540362
v 0.0000000000000000 -0.3610331118106842 -0.0140164997428656
vn 0.0004826470595198 5.1387410116763732 3.6038932157665324
v 0.0000000000000000 -0.3683775067329407 -0.0109196901321411
vn -0.5343157662973745 5.1955718514201337 3.4855368220861589
v -0.0026155710220337 -0.3684670031070709 -0.0109884096309543
vn -0.5246672621029927 5.4792163255826338 3.0211352922086756
v -0.0026134250219911 -0.3685750961303711 -0.0108116203919053
vn 0.0012335504654252 5.4837380802992497 3.0582203734123219
v 0.0000000000000000 -0.3684858977794647 -0.0107443295419216
vn -0.5094000327860819 5.7406876966644420 2.4908841176037271
v -0.0026112790219486 -0.3686659932136536 -0.0106272101402283
vn 0.0016083693116026 5.7435158532806794 2.5360769472295943
v 0.0000000000000000 -0.3685775101184845 -0.0105614596977830
vn -0.4876356210464655 5.9632782164614779 1.9017660687271905
v -0.0026090741157532 -0.3687384128570557 -0.0104348603636026
vn 0.0019854975126601 5.9659911656451765 1.9552083889717702
v 0.0000000000000000 -0.3686510026454926 -0.0103709101676941
vn -0.4595097638451737 6.1315076976967857 1.2670792088859568
v -0.0026068089064211 -0.3687911033630371 -0.0102343503385782
vn 0.0021273183864928 6.1368934118359171 1.3226660039547617
v 0.0000000000000000 -0.3687052130699158 -0.0101723596453667
vn -0.0197752873233056 6.2413288755847285 0.6756675033930891
v 0.0000000000000000 -0.3687385022640228 -0.0099655380472541
vn -0.3655150106774521 6.1566952862898088 1.1417718808965975
v -0.0026045439299196 -0.3688228130340576 -0.0100253801792860
vn -0.9008529004429296 6.1209147380122921 1.0228786966230921
v -0.0051378011703491 -0.3690668046474457 -0.0101989498361945
vn -0.9009439189140944 6.1122067127499466 1.1136128263604801
v -0.0051448340527713 -0.3690403103828430 -0.0104144196957350
vn -0.9574288419981718 5.9495706182389920 1.7604481054392112
v -0.0051518077962101 -0.3689919114112854 -0.0106208901852369
vn -1.0016806960600855 5.7272394178269677 2.3690564249044899
v -0.0051587820053101 -0.3689227998256683 -0.0108185997232795
vn -1.0328497971566029 5.4604336669328930 2.9222539407772579
v -0.0051656961441040 -0.3688341081142426 -0.0110077196732163
vn -1.0506141540063676 5.1651387644399982 3.4123921050667407
v -0.0051726098172367 -0.3687272071838379 -0.0111884996294975
vn -1.0542959187997263 4.4878266895791272 4.2619475803311611
v -0.0051862001419067 -0.3684630990028381 -0.0115262195467949
vn -0.5364463573651802 4.5504776453888045 4.2923536728742313
v -0.0026197431143373 -0.3682042956352234 -0.0113201104104519
vn -0.5273618848726258 4.0987654364717896 4.7259732459700992
v -0.0026238560676575 -0.3678883016109467 -0.0116248698905110
vn -0.0010851920087503 4.1253597388193191 4.7323455836925259
v 0.0000000000000000 -0.3678010106086731 -0.0115531003102660
vn -0.0027534170157121 3.6071685400029585 5.1378346521609135
v 0.0000000000000000 -0.3674451112747192 -0.0118330102413893
vn 0.5029940248037574 3.5725738960728703 5.1373099612918631
v 0.0026277299039066 -0.3675301074981689 -0.0119049502536654
vn 0.4799942275734012 2.9474567930287723 5.5193587206485111
v 0.0026347041130066 -0.3667303919792175 -0.0124008003622293
vn 0.9319644431029926 2.9266208338035469 5.4760889166101130
v 0.0052359099499881 -0.3669624030590057 -0.0126082301139832
vn 0.8619119454986506 2.4493536530092794 5.7185964354568037
v 0.0052568907849491 -0.3660919964313507 -0.0130226602777839
vn -0.9948258483840151 3.4780935892898373 5.1302034793520326
v -0.0052121281623840 -0.3677774965763092 -0.0121155902743340
vn -1.4589380402470356 3.3201213448314126 5.1234009364018780
v -0.0077781081199646 -0.3681834042072296 -0.0124621298164129
vn -1.5191251851234353 3.8823331589003787 4.6929577941495415
v -0.0077560539357364 -0.3685595095157623 -0.0121790701523423
vn -2.0334066825688253 4.2366293972254461 4.1613668276697586
v -0.0102935396134853 -0.3694882094860077 -0.0123429195955396
vn -1.9868244343099923 3.7006812670574392 4.6641103149958862
v -0.0103222103789449 -0.3691470921039581 -0.0126633597537875
vn -1.9096114388312109 3.1890291066959215 5.0610279654699752
v -0.0103499200195074 -0.3687545955181122 -0.0129483295604587
vn -1.8265675620397652 2.7963280058167141 5.3187110640480695
v -0.0103766899555922 -0.3683275878429413 -0.0132019501179457
vn -1.7458062205981275 2.3975535300133997 5.5357090830339573
v -0.0104020796716213 -0.3678765892982483 -0.0134273702278733
vn -1.3495783872422953 2.7129615871100130 5.4982593839818588
v -0.0078198313713074 -0.3673427104949951 -0.0129496995359659
vn -0.9206421331983620 2.9077526752665621 5.4879748610395840
v -0.0052359700202942 -0.3669624030590057 -0.0126082301139832
vn -0.4791846650350909 2.9457703889372295 5.5205351734346246
v -0.0026348230894655 -0.3667303919792175 -0.0124008003622293
vn -1.2743633641910808 6.1412447380001192 0.3095357553895126
v -0.0076496601104736 -0.3694691061973572 -0.0104852300137281
vn -1.5197759696128808 5.4213319511492273 2.7777863577760518
v -0.0076978798024356 -0.3692603111267090 -0.0113305998966098
vn -1.4712682192175504 5.6975192453552417 2.1877308572291310
v -0.0076859588734806 -0.3693453967571259 -0.0111337304115295
vn -1.4028423091973405 5.9183005499671575 1.5544763720236390
v -0.0076739192008972 -0.3694092035293579 -0.0109272003173828
vn -1.3167719348629521 6.0724949632957559 0.8949183918724524
v -0.0076618790626526 -0.3694508075714111 -0.0107111297547817
vn -1.0513045497482723 0.7379357567640755 6.1422704776335015
v -0.0105385696515441 -0.3638966083526611 -0.0145025802776217
vn -1.6963707008282087 1.1145053424012394 5.9417968369780176
v -0.0130801703780890 -0.3665458858013153 -0.0146566601470113
vn -2.2025129705318007 1.3098840534957494 5.7326450543954452
v -0.0156875196844339 -0.3684119880199432 -0.0151460096240044
vn -2.5606742447886175 0.7183852642273620 5.6872670071538023
v -0.0208586398512125 -0.3705371022224426 -0.0169536396861076
vn -2.4051562254997254 0.9982902227112069 5.7134542920136937
v -0.0182989202439785 -0.3693993091583252 -0.0160040799528360
vn -2.0450839800353457 0.4463377589448220 5.9190457597507997
v -0.0182730499655008 -0.3681752085685730 -0.0161454007029533
vn -2.2098960355514312 0.1200853443906771 5.8749072483428559
v -0.0208092909306288 -0.3691917955875397 -0.0170325599610806
vn -1.5526865435048078 6.0737187980986462 0.3579302764309311
v -0.0101886298507452 -0.3700425028800964 -0.0108929201960564
vn -1.9592332803875747 5.9673418664106777 0.0228624364127277
v -0.0128157101571560 -0.3708190023899078 -0.0114443795755506
vn -2.4487113030975700 5.7800523637101282 0.0760957358777089
v -0.0156036596745253 -0.3718720078468323 -0.0124480696395040
vn -2.2357693933346159 5.7731070886579667 1.0371560771685178
v -0.0128434803336859 -0.3707990050315857 -0.0119444103911519
vn -1.9212552976707011 5.6417314222329402 1.9712747092515550
v -0.0102341100573540 -0.3699443042278290 -0.0115796895697713
vn 0.9890670263679772 3.4721982720614379 5.1351841192791357
v 0.0052120080217719 -0.3677774965763092 -0.0121155902743340
vn 0.5250389248635642 4.0979945170044010 4.7269283558639890
v 0.0026238560676575 -0.3678883016109467 -0.0116248698905110
vn -0.0003504837422353 4.6412350640521485 4.2233745909708542
v 0.0000000000000000 -0.3681151866912842 -0.0112495403736830
vn -0.5387063941855134 4.9022599222992609 3.8871141323842346
v -0.0026176569517702 -0.3683429956436157 -0.0111578097566962
vn -1.0573982506858051 4.8565070800979031 3.8377164309380358
v -0.0051794052124023 -0.3686029911041260 -0.0113613000139594
vn -1.5585661080730377 4.7764691317567802 3.7664382285461038
v -0.0077215428464115 -0.3690302968025208 -0.0116961495950818
vn -1.5483236162542855 5.1062835186120648 3.3091859499148888
v -0.0077098011970520 -0.3691549003124237 -0.0115180602297187
vn -2.0290063698006326 5.0206771892146644 3.1764665773363694
v -0.0102640902623534 -0.3697595000267029 -0.0119828497990966
vn -1.9891180211240780 5.3565128557276420 2.6001031071634850
v -0.0102491304278374 -0.3698633015155792 -0.0117866899818182
vn -2.4458119300483232 5.2610525975246780 2.3955642517462103
v -0.0128710800781846 -0.3706707954406738 -0.0123945400118828
vn -2.3574109383346897 5.5554275077977380 1.7260983013399682
v -0.0128573095425963 -0.3707481920719147 -0.0121757304295897
vn -2.7655196076545492 5.4392101318356669 1.4695610434397921
v -0.0156161701306701 -0.3718101084232330 -0.0129531603306532
vn -2.6211864883430747 5.6524562541236687 0.7608037948628573
v -0.0156099200248718 -0.3718562126159668 -0.0127077102661133
vn -2.9861112916233039 5.4977930429104358 0.5079280015743198
v -0.0183470193296671 -0.3731316030025482 -0.0135770998895168
vn -2.7997563504579448 5.6166065773724867 -0.1682183247825326
v -0.0183481499552727 -0.3731400966644287 -0.0132986903190613
vn -3.1504002286078694 5.4188175283501590 -0.3588262113146499
v -0.0210148598998785 -0.3746199011802673 -0.0142147503793240
vn -2.9217583102324673 5.4995583090527367 -0.8167467234777388
v -0.0210220795124769 -0.3745845854282379 -0.0138962799683213
vn -2.8746334596823546 1.2994503001599800 5.4281239454335690
v -0.0209010206162930 -0.3718284070491791 -0.0167406704276800
vn -2.6785476058896975 1.5551218631151893 5.4619279318431602
v -0.0183176305145025 -0.3705757856369019 -0.0157443191856146
vn -2.4645197530158911 -0.2928122800735456 5.7579356583796137
v -0.0290446206927299 -0.3539918959140778 -0.0188452601432800
vn -2.4371462988485164 -0.4545075402073309 5.7547716594346063
v -0.0294764004647732 -0.3608244061470032 -0.0194163899868727
vn -2.4733689950958384 -0.5982049999098263 5.7403949859874110
v -0.0300959292799234 -0.3703503906726837 -0.0206595007330179
vn -2.4153659176442570 -0.3864931181241275 5.7824367983304379
v -0.0285203997045755 -0.3411656022071838 -0.0180299803614616
vn -3.8943911859365632 -0.1950368798794495 4.9201402058364678
v -0.0343682095408440 -0.3405568897724152 -0.0213887598365545
vn -4.1699564454275233 -0.1274479681063839 4.6978743044849951
v -0.0352039895951748 -0.3404476046562195 -0.0221145097166300
vn -4.1849914365044452 -0.0743825268521110 4.6818000499845711
v -0.0358732305467129 -0.3538537919521332 -0.0229086801409721
vn -3.7967280886975110 -0.1243927006806282 4.9957896423606094
v -0.0350155197083950 -0.3538748919963837 -0.0221901498734951
vn -4.3391514845418602 -0.1389446347527371 4.5012254817043358
v -0.0363928005099297 -0.3622055947780609 -0.0234959702938795
vn -3.6915481987846923 -0.2261618286348477 5.0676276527971842
v -0.0355232283473015 -0.3619939088821411 -0.0227900706231594
vn -2.9141790358671571 -0.5961367734191990 5.5265662474852419
v -0.0342862606048584 -0.3728809058666229 -0.0229161903262138
vn -2.9636728212606589 -0.4745789001698861 5.4979707728632281
v -0.0340089201927185 -0.3675670921802521 -0.0221785902976990
vn -3.5189115369130346 -0.4048523087702591 5.1778680900934981
v -0.0359002314507961 -0.3684679865837097 -0.0234344601631165
vn -4.2176610183449341 -0.2469209322648844 4.5985603154225458
v -0.0367720089852810 -0.3689351975917816 -0.0241181198507547
vn -4.0773512958407858 -0.2017142155309157 4.6972223299173983
v -0.0374998413026333 -0.3694069087505341 -0.0249616503715515
vn -3.0981454375261670 -0.3439151684611327 5.4335395545945344
v -0.0336377583444118 -0.3615837991237640 -0.0215191803872585
vn -4.8004478895510543 -0.1322812691777402 4.0495160640839316
v -0.0357169508934021 -0.3342005014419556 -0.0224513392895460
vn -4.6915972197479148 -0.0253721029998951 4.1024122188304100
v -0.0360201001167297 -0.3403381109237671 -0.0228359606117010
vn -4.5362710017126595 -0.0234263956917422 4.3364861101681447
v -0.0366866514086723 -0.3538317084312439 -0.0236817505210638
vn -4.3916890213136481 -0.0599725970369877 4.4928290230933561
v -0.0367925688624382 -0.3559755086898804 -0.0238161608576775
vn -4.2731680787476218 -0.1558074427251262 4.5516166684264903
v -0.0371316596865654 -0.3624157011508942 -0.0243654195219278
vn -2.4334729787078397 -0.2477825153222098 5.7815136495477146
v -0.0257104001939297 -0.3716127872467041 -0.0190268699079752
vn -2.6645059972301963 0.5353638518410412 5.6605956536009288
v -0.0233590602874756 -0.3718223869800568 -0.0179791394621134
vn -2.7999060706276131 0.2798357271163645 5.6106750005446973
v -0.0257911607623100 -0.3732542097568512 -0.0190659705549479
vn -3.1749900489638998 0.8864298263556876 5.3419909803403804
v -0.0258646607398987 -0.3748289048671722 -0.0189337097108364
vn -2.9692604104189395 0.8818039284340800 5.4660393695735507
v -0.0234196707606316 -0.3732463121414185 -0.0178096797317266
vn -3.4367400334166636 1.4035572787223765 5.0650824136461221
v -0.0258990507572889 -0.3755809068679810 -0.0187840405851603
vn -2.4165284219820800 3.4082623197225748 4.6874144663705763
v -0.0129374200478196 -0.3699277937412262 -0.0133012495934963
vn -2.4676967703529971 3.7883150760598414 4.3585135846208987
v -0.0129246097058058 -0.3701159954071045 -0.0131433000788093
vn -2.5000628822589892 4.1386851556750806 4.0062401829530332
v -0.0129114296287298 -0.3702872097492218 -0.0129743199795485
vn -2.5129038425943202 4.5184794567464195 3.5617724464942335
v -0.0128981396555901 -0.3704386055469513 -0.0127935996279120
vn -2.9448499670396542 4.3557981633254279 3.4300035920004261
v -0.0156342294067144 -0.3714930117130280 -0.0136001696810126
vn -2.9308297508558687 4.7672705541812332 2.8418593095663667
v -0.0156283304095268 -0.3716281056404114 -0.0133996596559882
vn -3.3202438445745530 4.6107537803802288 2.6642699923276982
v -0.0183430295437574 -0.3729026019573212 -0.0143116097897291
vn -3.2586262225296272 4.9932013076336199 1.9567494935741101
v -0.0183444600552320 -0.3730131089687347 -0.0140841603279114
vn -3.6170040141930464 4.8148721786424247 1.7627712405071092
v -0.0209932904690504 -0.3745003044605255 -0.0150597598403692
vn -3.5009989924847567 5.1081475580126767 1.0181102797650434
v -0.0210005603730679 -0.3745783865451813 -0.0147973196581006
vn -3.8391406287741581 4.8908208213567423 0.8541864014817334
v -0.0235733296722174 -0.3762763142585754 -0.0158006493002176
vn -3.6853117028172311 5.0795772812837736 0.1536245261335625
v -0.0235850792378187 -0.3763149082660675 -0.0154946995899081
vn -4.0003204016716980 4.8377429896903612 0.0438049167145969
v -0.0260698702186346 -0.3782249987125397 -0.0164874102920294
vn -4.3873817985032213 3.0115776663625251 3.3316274995898012
v -0.0283682309091091 -0.3795886933803558 -0.0190061908215284
vn -4.1546365146450048 3.1942092504981328 3.4573812341540604
v -0.0259951297193766 -0.3775371909141541 -0.0178945604711771
vn -4.2560514726528798 2.6479823831610370 3.7830723243743360
v -0.0283511802554131 -0.3792862892150879 -0.0192240402102470
vn -4.0408432734652848 2.8106243495498804 3.8997533579907540
v -0.0259796902537346 -0.3772664070129395 -0.0180966202169657
vn -4.1436703090466445 2.4499450794617372 4.0372807544628131
v -0.0283340197056532 -0.3789499998092651 -0.0194151401519775
vn -3.8927350321793597 2.3943240797949095 4.3046601265403392
v -0.0259640794247389 -0.3769649863243103 -0.0182750206440687
vn -3.7000644835168393 1.9268724124297136 4.6912419468244764
v -0.0259321294724941 -0.3762980997562408 -0.0185675006359816
vn -3.1011817028275406 1.7545343313523674 5.1707318784299590
v -0.0209199693053961 -0.3724448084831238 -0.0165701508522034
vn -3.3061017884052593 2.2582160919065983 4.8364054520446151
v -0.0209378600120544 -0.3730303943157196 -0.0163486003875732
vn -3.7280649314420904 2.8409559263452557 4.1811857483233776
v -0.0235005002468824 -0.3751729130744934 -0.0171520095318556
vn -3.8043039051520990 2.9866344707129278 4.0054963194066939
v -0.0235130097717047 -0.3754437863826752 -0.0169822499155998
vn -3.9011497186978352 3.3795231345667656 3.5745850803878927
v -0.0235254094004631 -0.3756873011589050 -0.0167919900268316
vn -4.2433454053114845 3.6058989017628678 2.8951836512445133
v -0.0260103903710842 -0.3777705132961273 -0.0176673494279385
vn -4.4939957340085979 3.3969095143278238 2.7676476859130781
v -0.0283850394189358 -0.3798489868640900 -0.0187594797462225
vn -2.8519883122793512 2.0102662766010404 5.2216261461361873
v -0.0183248501271009 -0.3711374104022980 -0.0155588304623961
vn -3.0037599997148567 2.4676992700054337 4.9304654091178035
v -0.0183308105915785 -0.3716703057289124 -0.0153293004259467
vn -3.4292575712087130 2.7565300768020813 4.4791241060585234
v -0.0209545996040106 -0.3735721111297607 -0.0160694103688002
vn -3.5379255088179682 3.1766411842765501 4.1024923534263094
v -0.0209627691656351 -0.3738164007663727 -0.0159053802490234
vn -3.6162336274985556 3.5703202666924900 3.6872260749790273
v -0.0209706407040358 -0.3740364909172058 -0.0157235804945230
vn -3.9723203948189094 3.8059561578044336 3.0210508853088855
v -0.0235376302152872 -0.3758974075317383 -0.0165798608213663
vn -4.2835902881267707 4.0156784824634011 2.2120347224358863
v -0.0260254703462124 -0.3779591023921967 -0.0174131300300360
vn -4.5529742779523179 3.7772210395218275 2.0922854224514777
v -0.0284016691148281 -0.3800590932369232 -0.0184822604060173
vn -4.7783581883239474 4.0234904597472676 0.6275124457965935
v -0.0306965708732605 -0.3826529085636139 -0.0188058000057936
vn -4.3525488574490172 4.5244929062693569 -0.0085937452103101
v -0.0284506604075432 -0.3803525865077972 -0.0174652300775051
vn -4.4777305262190206 4.3487102582005939 0.6656000748181832
v -0.0284344498068094 -0.3803096115589142 -0.0178336501121521
vn -4.1651700799136666 4.6367826711912885 0.7389798245833114
v -0.0260551497340202 -0.3781855106353760 -0.0168220400810242
vn -3.9473591161983266 4.6078062473097106 1.5994672659305786
v -0.0235615298151970 -0.3761943876743317 -0.0160842500627041
vn -3.6738800091008343 4.4314952798570584 2.4973007492888897
v -0.0209858398884535 -0.3743830025196075 -0.0153018198907375
vn -3.3271638839350666 4.1849649070625974 3.2892393825580162
v -0.0183414202183485 -0.3727583885192871 -0.0145210595801473
vn -2.9229243549862893 3.9519708453495412 3.9073063638122663
v -0.0156400203704834 -0.3713316023349762 -0.0137858903035522
vn -2.8792260287275213 3.5810752422036836 4.2808949775466658
v -0.0156455598771572 -0.3711476922035217 -0.0139579102396965
vn -2.8121317567772830 3.1824654080074519 4.6250767894117271
v -0.0156508591026068 -0.3709445893764496 -0.0141169400885701
vn -2.3318211716337194 2.9494847245552247 5.0290199303420451
v -0.0129624595865607 -0.3695116937160492 -0.0135865798220038
vn -2.2319349128269326 2.5316347963862391 5.2964884476786311
v -0.0129862399771810 -0.3690592944622040 -0.0138352504000068
vn -2.1160900290806945 2.1304696967427370 5.5153095391530673
v -0.0130085898563266 -0.3685812950134277 -0.0140513097867370
vn -1.6258468854405421 1.9494177047954953 5.7439202820754849
v -0.0104483896866441 -0.3669353127479553 -0.0138061596080661
vn -1.2203602848246347 2.2279581737558849 5.7433579818471010
v -0.0078570237383246 -0.3664433062076569 -0.0133494697511196
vn -0.8337338243743365 2.4494778595953610 5.7227682164252167
v -0.0052568907849491 -0.3660919964313507 -0.0130226602777839
vn -0.4040884691147725 2.1625208352707461 5.8757775488605342
v -0.0026449561119080 -0.3650017082691193 -0.0131845399737358
vn -0.0097278269846300 2.2148838094363685 5.8696601646377919
v 0.0000000000000000 -0.3649347126483917 -0.0131217800080776
vn 0.0120750490758454 1.4238843296587653 6.1110189437982445
v 0.0000000000000000 -0.3630948066711426 -0.0136780701577663
vn 0.2588495288169054 1.4687063798970383 6.0983836309021822
v 0.0026478169020265 -0.3631471991539001 -0.0137303397059441
vn 0.4566364591503248 0.5903674102781599 6.2331137179258000
v 0.0052950382232666 -0.3611766993999481 -0.0141891799867153
vn -4.3582968305862071 4.4722369465566763 -0.6899054177546767
v -0.0296140294522047 -0.3814904093742371 -0.0175230503082275
vn -4.2277584757131041 4.6110926342502969 -0.5443085974327042
v -0.0284668803215027 -0.3803434967994690 -0.0170699302107096
vn -3.9883230739986857 4.7934409130792321 -0.7679245506844479
v -0.0272896792739630 -0.3792527914047241 -0.0166038796305656
vn -3.8171427078902496 4.9557188148235909 -0.5457470080156122
v -0.0260846000164747 -0.3782176077365875 -0.0161289498209953
vn -4.1793569004000668 4.6021215181885360 -0.9015191418003795
v -0.0284829698503017 -0.3802846074104309 -0.0166495405137539
vn -3.9167767180039146 4.8459923445644018 -0.7978481011901718
v -0.0273052994161844 -0.3791967034339905 -0.0162039306014776
vn -3.7826484541839429 4.9547131153594046 -0.7434212072646361
v -0.0260991994291544 -0.3781647980213165 -0.0157480202615261
vn -2.6611881280760628 -0.4384801837978802 5.6718852190168310
v -0.0303122904151678 -0.3745436966419220 -0.0212410595268011
vn -2.9868210512016500 0.0062986040768590 5.5244925168988832
v -0.0304035507142544 -0.3765568137168884 -0.0213648602366447
vn -2.9684862145046589 -0.4268854042105235 5.5186241968814613
v -0.0344882607460022 -0.3779771029949188 -0.0235999803990126
vn -3.5355775267714789 0.3789714556878014 5.1782178606913911
v -0.0346016809344292 -0.3816415071487427 -0.0237153694033623
vn -3.5432156166261337 0.0662946609647857 5.1850129506365246
v -0.0364134311676025 -0.3825950920581818 -0.0249269604682922
vn -3.8285644758615685 0.4361970717399362 4.9609782082073837
v -0.0364403687417507 -0.3839212059974670 -0.0248757600784302
vn -3.7924192069310219 0.1671506862533497 5.0030894901181817
v -0.0372588001191616 -0.3837211132049561 -0.0255181100219488
vn -3.9138176047586035 0.4708233233564554 4.8861131396187583
v -0.0372813306748867 -0.3851140141487122 -0.0254465304315090
vn -4.3132637408795880 0.3789629027848195 4.5329829104575374
v -0.0380553007125854 -0.3863362073898315 -0.0259411893785000
vn -4.0795450550030949 0.2527426631468547 4.7538302601179101
v -0.0380363389849663 -0.3848735988140106 -0.0260292198508978
vn -4.0211152896065121 -0.0232527380593706 4.8208164719501880
v -0.0380164310336113 -0.3833296000957489 -0.0261223297566175
vn -3.8631550281996883 -0.2254375482044971 4.9404144472235112
v -0.0379820391535759 -0.3818888068199158 -0.0260045491158962
vn -3.3671025786701603 -0.2923352071735316 5.2949772027038584
v -0.0363488681614399 -0.3798747956752777 -0.0248200800269842
vn -3.3459548386844631 -0.5102474941909734 5.2894004253542555
v -0.0361681506037712 -0.3742702901363373 -0.0241580605506897
vn -3.6896113184068504 -0.4647090448240855 5.0596345565754524
v -0.0370340310037136 -0.3749935925006866 -0.0248146001249552
vn -3.5067013473418065 -0.2129138975764350 5.2043791048189298
v -0.0372023507952690 -0.3808656930923462 -0.0254414603114128
vn -3.9950527389617276 -0.3322934089486807 4.8271001937737958
v -0.0378369018435478 -0.3758108019828796 -0.0255076792091131
vn -3.2717874797972097 0.0056333256888055 5.3616468782277718
v -0.0345669314265251 -0.3804416060447693 -0.0237397495657206
vn -3.2321821862191671 0.3804265016851395 5.3726657630309642
v -0.0304456893354654 -0.3775351047515869 -0.0213509202003479
vn -3.4765419059662483 0.7743950186350268 5.1731631189872367
v -0.0304857399314642 -0.3784905076026917 -0.0212728902697563
vn -4.4588315440416482 2.4966213167026714 3.6504561024090303
v -0.0306134801357985 -0.3815059065818787 -0.0203393604606390
vn -4.6584022341248534 2.3532568006633712 3.4936229538966828
v -0.0327476188540459 -0.3839268088340759 -0.0214160606265068
vn -4.6030468072574617 2.8306913761579002 3.1972380211060614
v -0.0306304600089788 -0.3818443119525909 -0.0201005898416042
vn -4.8109800887643619 2.6500608505942567 3.0433406106127587
v -0.0327630601823330 -0.3843058943748474 -0.0211501698940992
vn -4.7249514329994522 3.1803023338276595 2.6386875759989143
v -0.0306472107768059 -0.3821358978748322 -0.0198293905705214
vn -4.9435918923184738 2.9541790476914360 2.4993414959282094
v -0.0327781997621059 -0.3846333920955658 -0.0208479706197977
vn -4.8028405297580647 3.5209191812541505 1.9803685263405344
v -0.0306637808680534 -0.3823713958263397 -0.0195236206054688
vn -5.1680885161796031 3.5543165799420176 0.3331469086012834
v -0.0338268205523491 -0.3865854144096375 -0.0201191306114197
vn -4.9849584949226768 3.8188681881557316 0.0683845019364019
v -0.0328367911279202 -0.3852778077125549 -0.0192509796470404
vn -5.0275471541320744 3.7094026955323467 0.6234869796556273
v -0.0328223705291748 -0.3852187097072601 -0.0197064206004143
vn -4.6875937808314250 4.1775840532689212 0.0007192303286907
v -0.0307127200067043 -0.3827022016048431 -0.0183974504470825
vn -4.7466631172789526 4.0703247366268158 -0.6068022467467895
v -0.0318087898194790 -0.3839552104473114 -0.0183735992759466
vn -4.5854638197630013 4.2514118001619705 -0.5549849497759299
v -0.0307287499308586 -0.3826940953731537 -0.0179589893668890
vn -4.9172392825466833 3.8848877777436295 -0.4122497855881996
v -0.0328510887920856 -0.3852739036083221 -0.0187623500823975
vn -1.9279557121095343 1.6386770485086131 5.7471158396205508
v -0.0130484104156494 -0.3675819933414459 -0.0144001198932528
vn -2.4328305457289270 1.8351265729285933 5.4905665980753708
v -0.0156772099435329 -0.3694910109043121 -0.0148396398872137
vn -2.5760020039600802 2.2639937503711014 5.2613815895063070
v -0.0156696997582912 -0.3700064122676849 -0.0146383596584201
vn -2.7003724654606995 2.7025184726768217 4.9830499030768953
v -0.0156608801335096 -0.3704948127269745 -0.0143989901989698
vn -3.1441819028987550 2.9633690849651946 4.5560833137188643
v -0.0183357000350952 -0.3721618950366974 -0.0150498701259494
vn -3.2310893652685007 3.3756160555717267 4.1957298569685886
v -0.0183377806097269 -0.3723838031291962 -0.0148892402648926
vn -3.2914642500811850 3.7638296675241096 3.7978501698428460
v -0.0183396898210049 -0.3725841045379639 -0.0147132202982903
vn -3.6689042962058491 3.9996683706904990 3.1524365986212621
v -0.0209783297032118 -0.3742271065711975 -0.0155227100476623
vn -3.9930293978246820 4.2330236426783863 2.3462435404151516
v -0.0235496703535318 -0.3760680854320526 -0.0163441300392151
vn -4.2561957747925803 4.3709759057541024 1.4686075642141387
v -0.0260404292494059 -0.3780972957611084 -0.0171310901641846
vn -4.5460189022442865 4.1053698831308054 1.3656508624092194
v -0.0284181199967861 -0.3802124857902527 -0.0181732103228569
vn -4.8191202251077172 3.8107796456704111 1.2851814536268202
v -0.0306802298873663 -0.3825435042381287 -0.0191818997263908
vn -5.0627964308305540 3.5085920170621416 1.2108542587414970
v -0.0328077599406242 -0.3850933015346527 -0.0201260391622782
vn -5.1387372169611423 3.5970972423789043 -0.2428842267494054
v -0.0338525697588921 -0.3866502940654755 -0.0191200301051140
vn -5.2965007562992801 3.3682380180467155 -0.1571364822246414
v -0.0348095782101154 -0.3880842924118042 -0.0194418393075466
vn -5.1562422451073591 2.7131745170873627 2.3403865958625607
v -0.0347536802291870 -0.3873412013053894 -0.0217840597033501
vn -5.0192667393621244 2.4607590790311544 2.8617718922140498
v -0.0347418710589409 -0.3869732022285461 -0.0221250001341105
vn -4.8648072944504062 2.2081909396235417 3.3025702675708608
v -0.0347298309206963 -0.3865481913089752 -0.0224255900830030
vn -4.6678512483988426 1.9144976584874187 3.7385248111866822
v -0.0347174406051636 -0.3860782086849213 -0.0226884391158819
vn -4.2621923030468443 1.7369241963681443 4.2763361405137372
v -0.0326996408402920 -0.3825818896293640 -0.0220200996845961
vn -3.7411883386175653 1.2134155592715608 4.8956908003347976
v -0.0305240694433451 -0.3794153928756714 -0.0211204793304205
vn -4.6538701740225772 1.4852645370220476 3.9453433659577315
v -0.0365041382610798 -0.3876940011978149 -0.0241346899420023
vn -4.1020352781734282 1.1444099965522576 4.6143807567588988
v -0.0346636697649956 -0.3839528858661652 -0.0234147906303406
vn -4.3594818645504958 1.1241296487169798 4.3781713707133978
v -0.0364854298532009 -0.3864791095256805 -0.0244942307472229
vn -3.7939702863988054 0.7445236226672485 4.9498438780868783
v -0.0346339307725430 -0.3828145861625671 -0.0236115399748087
vn -4.0859157678754174 0.7763611884028208 4.7063790918829431
v -0.0364642702043056 -0.3852185904979706 -0.0247364602982998
vn -4.9298440128631320 1.3887495782434767 3.6356461477940298
v -0.0380924902856350 -0.3904983997344971 -0.0250384192913771
vn -4.8991926295231281 1.8079569312940444 3.4884210976512642
v -0.0365208908915520 -0.3888409137725830 -0.0236418191343546
vn -4.4031589257653412 1.5382692373189109 4.2027105860706904
v -0.0346914492547512 -0.3850477039813995 -0.0231119301170111
vn -4.7754946757686447 1.2085828092445752 3.8929440308967016
v -0.0380872413516045 -0.3896091878414154 -0.0253769699484110
vn -5.0860631350289882 2.0523592967277633 3.0616311748097624
v -0.0365285798907280 -0.3893654942512512 -0.0233388505876064
vn -5.2367849459935218 2.2550381657148626 2.6338750292753472
v -0.0365359112620354 -0.3898411095142365 -0.0229942202568054
vn -5.3685803806924115 2.4460555394107755 2.1522465251026159
v -0.0365429483354092 -0.3902545869350433 -0.0226051807403564
vn -5.3470701853696356 3.2488196941843488 0.4982526068898934
v -0.0347877703607082 -0.3880077004432678 -0.0205004196614027
vn -5.5614718158061400 2.8606093005689619 0.5472775651683701
v -0.0365623198449612 -0.3910157978534698 -0.0211498700082302
vn -5.5505682657925703 2.9360069781129208 -0.0446743326368910
v -0.0365742407739162 -0.3911218047142029 -0.0199565198272467
vn -5.3262846544849509 3.1246242638826267 1.1359714617958718
v -0.0347765609622002 -0.3878624141216278 -0.0209716502577066
vn -5.5248008025578841 2.7841864636067926 1.0784749498367039
v -0.0365560613572598 -0.3908461928367615 -0.0216826703399420
vn -5.5299401269250978 2.1905545775987640 2.0182363732471686
v -0.0381055399775505 -0.3933529853820801 -0.0232703592628241
vn -5.5447782153605782 2.3492973711216916 1.7822631199230770
v -0.0381061993539333 -0.3935199081897736 -0.0230908896774054
vn -5.0369781687205002 3.2449654163296611 1.8708410377105305
v -0.0327931009232998 -0.3848986029624939 -0.0205070897936821
vn -5.2590057882986638 2.9472581487026641 1.7531402887301968
v -0.0347652994096279 -0.3876407146453857 -0.0214002691209316
vn -5.4753415188319394 2.6203888169313903 1.6079104182399340
v -0.0365495607256889 -0.3905929923057556 -0.0221686307340860
vn -5.6317991601751336 2.2956250758771568 1.5726238632956204
v -0.0381068512797356 -0.3937352001667023 -0.0227717105299234
vn -5.7307338614842482 2.4124629602283840 0.8868091039455651
v -0.0381081700325012 -0.3940953016281128 -0.0220622401684523
vn -5.7502070151482982 2.4277913437234346 0.6847411459955360
v -0.0381086394190788 -0.3942188918590546 -0.0216120406985283
vn -5.0621947043206781 1.6210934937903898 3.3439758364289354
v -0.0380969010293484 -0.3912484049797058 -0.0247529093176126
vn -5.1472292935551645 1.7130061927448132 3.1668210425905672
v -0.0380992181599140 -0.3917726874351501 -0.0244642999023199
vn -5.2945103999656862 1.8901925846738132 2.7982205947832037
v -0.0381015501916409 -0.3922786116600037 -0.0241859499365091
vn -5.3818267310808876 1.9723126529450450 2.5701871935653529
v -0.0381038710474968 -0.3928883075714111 -0.0237150695174932
vn -5.4842275507955538 2.0712789824976783 2.2521417419043495
v -0.0381045900285244 -0.3930698037147522 -0.0235748793929815
vn -0.0066368180190855 2.9768135059998388 5.5245988358247535
v 0.0000000000000000 -0.3666507005691528 -0.0123301697894931
vn -0.5087211871029959 3.5756061605507332 5.1346604036470715
v -0.0026277299039066 -0.3675301074981689 -0.0119049502536654
vn -1.0345885627539624 4.0173534849388641 4.7116944434417025
v -0.0051993131637573 -0.3681423962116241 -0.0118343802168965
vn -1.5512594051159014 4.3818631077240902 4.2193016823361154
v -0.0077331662178040 -0.3688882887363434 -0.0118654901161790
vn -2.0423085583706602 4.6626237604886711 3.6760839056440799
v -0.0102788796648383 -0.3696337044239044 -0.0121681001037359
vn -2.4972760262348612 4.9042904516753989 3.0192365433442547
v -0.0128846699371934 -0.3705672919750214 -0.0126005401834846
vn -2.8709638832027871 5.1403329230897832 2.1734184291402232
v -0.0156223103404045 -0.3717339932918549 -0.0131839504465461
vn -3.1436340913545222 5.2920023502041946 1.2246758888516092
v -0.0183457694947720 -0.3730894029140472 -0.0138390604406595
vn -3.3400347478762309 5.3060415668665142 0.3031077614846704
v -0.0210077706724405 -0.3746181130409241 -0.0145153403282166
vn -3.5043077377600831 5.1874120831605675 -0.4828210830088335
v -0.0235967598855495 -0.3763113915920258 -0.0151675296947360
vn -1.3621214326911666 -5.7689705291874578 1.6389675585035643
v -0.0076496601104736 -0.0405308604240417 -0.0104852300137281
vn -0.7650497533267103 -6.1864845783086144 0.7532443068918300
v -0.0051378011703491 -0.0409331917762756 -0.0101989498361945
vn -0.0375792426569809 -6.2364494775202637 0.7114677333327215
v 0.0000000000000000 -0.0412613712251186 -0.0099655380472541
vn -0.4144847226964470 -5.6814803129419680 2.1900730018986208
v -0.0026045439299196 -0.0411772094666958 -0.0100253801792860
vn -2.0293380853290710 -5.0195561601563687 3.1779532719238772
v -0.0102640297263861 -0.0402404591441154 -0.0119828497990966
vn -1.5491600770347247 -5.1058266734204167 3.3093207254930044
v -0.0077096810564399 -0.0408450290560722 -0.0115180602297187
vn -1.0531513096142442 -5.1628693178152307 3.4150474672370468
v -0.0051726098172367 -0.0412727482616901 -0.0111884996294975
vn -0.0005506122402323 -5.1382783801980940 3.6046294825806227
v 0.0000000000000000 -0.0416224487125874 -0.0109196901321411
vn -0.5345398432587229 -5.1941184674287095 3.4876342911267719
v -0.0026155710220337 -0.0415329299867153 -0.0109884096309543
vn -0.5378897983748324 -4.9023661593661938 3.8871215241966182
v -0.0026176569517702 -0.0416569709777832 -0.0111578097566962
vn -1.0593977041827303 -4.8565782156803685 3.8370578535341644
v -0.0051794052124023 -0.0413969084620476 -0.0113613000139594
vn -1.5505211843831401 -4.3799702383962229 4.2215314580281937
v -0.0077331662178040 -0.0411115810275078 -0.0118654901161790
vn -1.9873066989867909 -3.6956409984820260 4.6678479391448953
v -0.0103222103789449 -0.0408528409898281 -0.0126633597537875
vn -1.6770950244745979 -1.0822647131419056 5.9506617423732227
v -0.0130802299827337 -0.0434542186558247 -0.0146565996110439
vn -1.3635595610259093 -1.3962438434937263 5.9661573973285185
v -0.0104876095429063 -0.0440380498766899 -0.0141031695529819
vn -1.5490386435974128 -1.9564785307994379 5.7625981574438248
v -0.0104483896866441 -0.0430647097527981 -0.0138061596080661
vn -1.0689804749411289 -1.6702316837869673 5.9559849372982212
v -0.0078886738047004 -0.0444840714335442 -0.0136760398745537
vn -1.2302387523775586 -2.2310071930510520 5.7400100833539582
v -0.0078570237383246 -0.0435566902160645 -0.0133494697511196
vn -0.5355432976593578 -4.5500272087884577 4.2929657100849017
v -0.0026197431143373 -0.0417956709861755 -0.0113201104104519
vn -1.0537076569758577 -4.4861871035966630 4.2638183221599890
v -0.0051861400716007 -0.0415368005633354 -0.0115262195467949
vn -1.0321715597282952 -4.0158037602134327 4.7135977764601131
v -0.0051993131637573 -0.0418576002120972 -0.0118343802168965
vn -1.5170364863652741 -3.8802222029112965 4.6953615316179738
v -0.0077559351921082 -0.0414404198527336 -0.0121790701523423
vn -1.4667900234292865 -3.3177650244021031 5.1226311068227961
v -0.0077781081199646 -0.0418165288865566 -0.0124621298164129
vn -1.9172249551822638 -3.1981348936526057 5.0524501289840185
v -0.0103499200195074 -0.0412454009056091 -0.0129483295604587
vn -1.8424622057772404 -2.7946434162487575 5.3139078541977813
v -0.0103766899555922 -0.0416722781956196 -0.0132018895819783
vn 0.0002786742658893 -4.6412246297546789 4.2233566064748658
v 0.0000000000000000 -0.0418847203254700 -0.0112495403736830
vn -0.5249649834053824 -4.0984141521500090 4.7265816575219457
v -0.0026238560676575 -0.0421116314828396 -0.0116248698905110
vn -0.9890710632568693 -3.4722703421035535 5.1351286331090407
v -0.0052121281623840 -0.0422224402427673 -0.0121155902743340
vn -1.3665570439823980 -2.7381856804413602 5.4816532030201808
v -0.0078198313713074 -0.0426571890711784 -0.0129496995359659
vn -1.7167514419448695 -2.3926739965769475 5.5466090389888505
v -0.0104020796716213 -0.0421233102679253 -0.0134273702278733
vn -0.3976968811991215 -2.1487552569514894 5.8802843886026128
v -0.0026449561119080 -0.0449982210993767 -0.0131845399737358
vn -0.7332390515193237 -1.9023651683113012 5.9373362273111745
v -0.0052744150161743 -0.0448033213615417 -0.0133700901642442
vn -0.5885099164104108 -1.2687460053102781 6.1168563081509557
v -0.0052960510365665 -0.0467000007629395 -0.0138859702274203
vn -0.8310692359496575 -1.1188817201915044 6.1199748413095652
v -0.0079308152198792 -0.0464503690600395 -0.0141434604302049
vn -0.8231918316329577 -0.3237408997844086 6.2170366772283678
v -0.0105434600263834 -0.0484072491526604 -0.0147043997421861
vn -1.9376938260283900 -5.9731172607487641 0.0192525788971833
v -0.0128158302977681 -0.0391812287271023 -0.0114443302154541
vn -1.5732172736264805 -6.0477136998531584 0.6094076493031573
v -0.0101779103279114 -0.0399383902549744 -0.0108995400369167
vn -2.5817293873997387 -5.6130876286934281 0.5303449776536874
v -0.0155982896685600 -0.0381447598338127 -0.0121734095737338
vn -2.7900417507736548 -5.4751876084180537 0.5281702161173000
v -0.0183492805808783 -0.0368851386010647 -0.0130046000704169
vn -2.9234228332580425 -3.9555724212427328 3.9031148773656819
v -0.0156409107148647 -0.0386702418327332 -0.0137850595638156
vn -2.4989358362022482 -4.1396636702251683 4.0059372854783941
v -0.0129115497693419 -0.0397128984332085 -0.0129741998389363
vn -2.5104556819148227 -4.5187052176539071 3.5631888028698859
v -0.0128982597962022 -0.0395615100860596 -0.0127934804186225
vn -1.9247551330071735 -0.7592587748481396 5.9260145341189787
v -0.0156908594071865 -0.0427099391818047 -0.0153475403785706
vn -1.9185010152627489 -1.6334180155506566 5.7512394394367599
v -0.0130484700202942 -0.0424181185662746 -0.0144000602886081
vn -2.4688343938649595 -3.7877273539569369 4.3583386839630380
v -0.0129247298464179 -0.0398841500282288 -0.0131431799381971
vn -2.8801951454546897 -3.5813847263847589 4.2798263234119229
v -0.0156463906168938 -0.0388541817665100 -0.0139570804312825
vn -2.4145721068321615 -3.4007770998314761 4.6939810626383167
v -0.0129375401884317 -0.0400724411010742 -0.0133011303842068
vn -2.8092030004065922 -3.1741409598785317 4.6325922599860014
v -0.0156517606228590 -0.0390571914613247 -0.0141160404309630
vn -2.7069161610456827 -2.7197101359735876 4.9701262166200735
v -0.0156615898013115 -0.0395068489015102 -0.0143981501460075
vn -3.0138218862594912 -2.4836809918546083 4.9163334303807638
v -0.0183308105915785 -0.0383297801017761 -0.0153291802853346
vn -2.5793974455233468 -2.2674127975638037 5.2581724084222268
v -0.0156703498214483 -0.0399951301515102 -0.0146375196054578
vn -2.8562902814842754 -2.0123739886024476 5.2186425650311357
v -0.0183248501271009 -0.0388627015054226 -0.0155587103217840
vn -2.4127795104207017 -1.7950460530769479 5.5122034537726563
v -0.0156778004020452 -0.0405104085803032 -0.0148390503600240
vn -2.6533625979641475 -1.5132906854697994 5.4852735995342856
v -0.0183176305145025 -0.0394243001937866 -0.0157442595809698
vn -2.3987569311804902 -0.9911810861792891 5.7149550899555628
v -0.0182989202439785 -0.0406006500124931 -0.0160040203481913
vn -2.5855721925666910 -0.7289338103034502 5.6730339879957690
v -0.0208585802465677 -0.0394629202783108 -0.0169536396861076
vn -2.3223755557649604 -0.1896610237194422 5.8309665178287098
v -0.0208092294633389 -0.0408080816268921 -0.0170325599610806
vn -2.3340845329723465 -2.9656758511612478 5.0184243352382314
v -0.0129625201225281 -0.0404884815216064 -0.0135864596813917
vn -2.2328497726494034 -2.5335248338666716 5.2948339856592153
v -0.0129862995818257 -0.0409409403800964 -0.0138351898640394
vn -2.1003562904765256 -2.0912669971736362 5.5362173964512573
v -0.0130087099969387 -0.0414188504219055 -0.0140511896461248
vn -2.1944585941130357 -1.3035708303291940 5.7356246939168285
v -0.0156881194561720 -0.0415892004966736 -0.0151454797014594
vn -2.0881799142095838 -0.4069097098296862 5.9032458270238761
v -0.0182730499655008 -0.0418248698115349 -0.0161453392356634
vn -2.4951756429374186 -4.9042228021323266 3.0211165971023850
v -0.0128847900778055 -0.0394328795373440 -0.0126004200428724
vn -2.9444858562096052 -4.3566416157343770 3.4294227404962561
v -0.0156352501362562 -0.0385089516639709 -0.0135991498827934
vn -3.2937963692551979 -3.7638651263557099 3.7958778605628423
v -0.0183396898210049 -0.0374161005020142 -0.0147131001576781
vn -3.2340033486131210 -3.3760753638080612 4.1931140236154096
v -0.0183378402143717 -0.0376163683831692 -0.0148891201242805
vn -3.1413524674962394 -2.9544244945509290 4.5637155415322095
v -0.0183357000350952 -0.0378381609916687 -0.0150497499853373
vn -2.8395481241851357 -1.2654961564570033 5.4537026848683148
v -0.0209009591490030 -0.0381714701652527 -0.0167406201362610
vn -1.6395846957700284 -0.2611399848198112 6.0549157003049494
v -0.0156679097563028 -0.0450848899781704 -0.0155360102653503
vn -1.2955485586211863 -0.5240209498802243 6.1157644977840757
v -0.0131137296557426 -0.0456525608897209 -0.0149647500365973
vn -1.1351445188754199 -0.8657422474148458 6.1128624440287531
v -0.0105385696515441 -0.0461032912135124 -0.0145025802776217
vn -1.1314238067095657 0.1678544167001731 6.1749654191955550
v -0.0154661498963833 -0.0508730411529541 -0.0154442703351378
vn -0.7018841335190998 0.0750433883101043 6.2416739210444190
v -0.0104908300563693 -0.0512080714106560 -0.0147278299555182
vn -1.3769857369208085 0.3506267795676877 6.1162851962411029
v -0.0199997406452894 -0.0558827482163906 -0.0160695891827345
vn -0.9911843757370380 0.3307995845915936 6.1932233112953829
v -0.0152633702382445 -0.0558357797563076 -0.0151789700612426
vn -1.4594386105732833 0.3763279352140841 6.0943306155727104
v -0.0202906709164381 -0.0504134185612202 -0.0164451003074646
vn -1.9211513836925340 0.1559314284577089 5.9767185102977249
v -0.0206843595951796 -0.0436458513140678 -0.0169468503445387
vn -0.6466649662607317 0.3003792932053345 6.2409630799854412
v -0.0103690000250936 -0.0558012090623379 -0.0145491296425462
vn -0.6322920031045791 0.5089122626208015 6.2290712328290487
v -0.0101748099550605 -0.0677529498934746 -0.0138451401144266
vn -1.2728068080472799 0.5977436467922029 6.1174196582924774
v -0.0139014702290297 -0.1226762980222702 -0.0079703917726874
vn -0.9137287745488639 0.2048029878331957 6.2055668493199434
v -0.0088753104209900 -0.1720312982797623 -0.0037521119229496
vn -1.3811539309052134 0.3388894477757802 6.1130169693412988
v -0.0133210998028517 -0.1556095927953720 -0.0053470730781555
vn -0.9146975448066448 -0.2061344875684728 6.2053399395236903
v -0.0088753104209900 -0.2379685938358307 -0.0037521119229496
vn -0.4547963457260257 0.0002787045297534 6.2585890049660708
v -0.0044382810592651 -0.2049999982118607 -0.0026462669484317
vn -0.4497302308192948 0.2153172288182723 6.2563061224061158
v -0.0044513340108097 -0.1720318943262100 -0.0032716391142458
vn -0.0000501097708102 0.2122938281048060 6.2728112219184817
v 0.0000000000000000 -0.1720322072505951 -0.0031130900606513
vn 0.0010045457881912 0.3934621597391119 6.2535416347936126
v 0.0000000000000000 -0.1556098014116287 -0.0039135809056461
vn -3.7264184685690900 -2.8387495247045078 4.1838951730799421
v -0.0235005002468824 -0.0348270498216152 -0.0171519499272108
vn -3.4318593436137155 -2.7487687016764801 4.4819804885317351
v -0.0209545399993658 -0.0364277884364128 -0.0160693507641554
vn -3.5388802263951793 -3.1764568201826693 4.1017744798851030
v -0.0209626499563456 -0.0361834689974785 -0.0159053802490234
vn -3.6172075039452198 -3.5731557134608942 3.6835220563899451
v -0.0209705196321011 -0.0359634086489677 -0.0157235804945230
vn -2.4770852513558266 0.2047145498501526 5.7662791218569769
v -0.0257103405892849 -0.0383871085941792 -0.0190268699079752
vn -2.6876114851153985 -0.5408078441239184 5.6471600045698445
v -0.0233590602874756 -0.0381775982677937 -0.0179791394621134
vn -2.8589097015221303 -0.3073510921495811 5.5794155273900863
v -0.0257910992950201 -0.0367457792162895 -0.0190658494830132
vn -2.9470144119158954 -0.8560560921108832 5.4820980994015249
v -0.0234196707606316 -0.0367536507546902 -0.0178096797317266
vn -3.6541983625337835 -5.0098767865144138 -0.9975169457754962
v -0.0260991398245096 -0.0318351313471794 -0.0157479606568813
vn -4.4402144494835181 -4.4115002149811406 -0.3977261387761242
v -0.0296139698475599 -0.0285096094012260 -0.0175230503082275
vn -4.3060288483261395 -4.5460736461447402 -0.4766267633313390
v -0.0284668207168579 -0.0296564605087042 -0.0170699302107096
vn -4.3533667161265139 -4.5236782571796468 -0.0084358359595594
v -0.0284506008028984 -0.0296474006026983 -0.0174652300775051
vn -3.2855254496572375 -0.8268124236001566 5.2858746795288214
v -0.0282244607806206 -0.0334233008325100 -0.0200942698866129
vn -3.1694915043953369 -0.8899395409023638 5.3445999196632181
v -0.0258645992726088 -0.0351710915565491 -0.0189337097108364
vn -3.5891182585955002 -1.2919785452061907 4.9876739588853392
v -0.0282623097300529 -0.0325897298753262 -0.0199471693485975
vn -3.3901545531264135 -1.4071261260789685 5.0954350264533614
v -0.0258989892899990 -0.0344191081821918 -0.0187840405851603
vn -3.8498373394933845 -1.7738721865497515 4.6303066247018849
v -0.0282987896353006 -0.0317929908633232 -0.0197241902351379
vn -3.4716526375367889 -0.7737393134882786 5.1756792099380249
v -0.0304856803268194 -0.0315095111727715 -0.0212728902697563
vn -3.2774995900394952 -0.3817487353198246 5.3447829750919258
v -0.0304456297308207 -0.0324649810791016 -0.0213508605957031
vn -3.0263955985844695 -0.0383754603664436 5.5011053755856079
v -0.0304034892469645 -0.0334431491792202 -0.0213648602366447
vn -3.7417255989576832 -1.2053046289838594 4.8961589029123269
v -0.0305240098387003 -0.0305846296250820 -0.0211204197257757
vn -4.0204367026890795 -1.6718575947212233 4.5219172885515331
v -0.0305607896298170 -0.0296987202018499 -0.0208827201277018
vn -1.8451934149741533 0.3432799539216694 5.9890873707809824
v -0.0246189199388027 -0.0559404417872429 -0.0172699000686407
vn -1.8765888606765004 0.4655239555061492 5.9682012511677209
v -0.0249866805970669 -0.0498444996774197 -0.0177547894418240
vn -2.1056553993649008 0.5080445921917782 5.8938448678444422
v -0.0255204997956753 -0.0418293997645378 -0.0186668001115322
vn -2.4564629496790427 0.3019403002449099 5.7614278391011071
v -0.0290446206927299 -0.0560080409049988 -0.0188452601432800
vn -2.4225601912520851 0.4461270313199516 5.7626272187351315
v -0.0294764004647732 -0.0491756200790405 -0.0194163899868727
vn -2.4274357719005857 0.6356551818251286 5.7544549937489435
v -0.0300958696752787 -0.0396494790911674 -0.0206593796610832
vn -2.6312474044718486 0.4389818700082530 5.6861336449631237
v -0.0303122904151678 -0.0354562401771545 -0.0212409999221563
vn -4.6878824504388561 -4.1772734764117239 -0.0016906265484881
v -0.0307126604020596 -0.0272978506982327 -0.0183973908424377
vn -5.3277747371644626 -3.1227562524588013 1.1341639041295684
v -0.0347767993807793 -0.0221378207206726 -0.0209719501435757
vn -5.2588282167071698 -2.9472474562636464 1.7538294881663461
v -0.0347655415534973 -0.0223594903945923 -0.0214005094021559
vn -5.0375857817275271 -3.2440783260184727 1.8709622229129552
v -0.0327928587794304 -0.0251013599336147 -0.0205069091171026
vn -4.9438223230275717 -2.9539460576346377 2.4993695256512924
v -0.0327780209481716 -0.0253665391355753 -0.0208477899432182
vn -4.7256680272107232 -3.1799412076034166 2.6379873332080699
v -0.0306471493095160 -0.0278640296310186 -0.0198293291032314
vn -4.6032386880189291 -2.8305920648607206 3.1971966167775050
v -0.0306303501129150 -0.0281557403504848 -0.0201005302369595
vn -4.3879997414364400 -3.0115237103011760 3.3310293597467728
v -0.0283682309091091 -0.0304112993180752 -0.0190061908215284
vn -4.2563268839351398 -2.6482590676389757 3.7826627861533311
v -0.0283511802554131 -0.0307136699557304 -0.0192240402102470
vn -4.0414472975548961 -2.8110602119120367 3.8989073041074409
v -0.0259796306490898 -0.0327336117625237 -0.0180966202169657
vn -3.8909810421471644 -2.3925057585829332 4.3073417212017784
v -0.0259640198200941 -0.0330349802970886 -0.0182750206440687
vn -4.9976305708099149 -3.8020130751671637 -0.1688338704955917
v -0.0328509807586670 -0.0247260294854641 -0.0187621694058180
vn -5.0976164260067964 -3.6682757972810780 -0.0935912127512409
v -0.0338524505496025 -0.0233497004956007 -0.0191199705004692
vn -4.9676778380284361 -3.8403983326892455 0.0890809476667211
v -0.0328365489840508 -0.0247221495956182 -0.0192508604377508
vn -5.0104005951673720 -3.7341235173498699 0.6088781025594527
v -0.0328221917152405 -0.0247812196612358 -0.0197062995284796
vn -4.7802122747096982 -4.0213358210346763 0.6271275737528857
v -0.0306965094059706 -0.0273470804095268 -0.0188058000057936
vn -4.8206166318018440 -3.8091918234450617 1.2845972674109720
v -0.0306801702827215 -0.0274565201252699 -0.0191818401217461
vn -4.5473052400522018 -4.1045432965940467 1.3640928732795981
v -0.0284181199967861 -0.0297875404357910 -0.0181732103228569
vn -4.5540320308757911 -3.7768401042951769 2.0907762760485156
v -0.0284016095101833 -0.0299408994615078 -0.0184822604060173
vn -4.2851508335852388 -4.0139422663516982 2.2123414964478423
v -0.0260254107415676 -0.0320409499108791 -0.0174131300300360
vn -4.2468991480430596 -3.6037030318444030 2.8928294365867657
v -0.0260103307664394 -0.0322295390069485 -0.0176672898232937
vn -3.9921611605045420 -4.2325163374093622 2.3486942444048600
v -0.0235496703535318 -0.0339319705963135 -0.0163441300392151
vn -3.9713644907286447 -3.8060223354724716 3.0222289762694317
v -0.0235376302152872 -0.0341026112437248 -0.0165797397494316
vn -3.6731973204520205 -4.4313020893132125 2.4986668141312083
v -0.0209857802838087 -0.0356168709695339 -0.0153017602860928
vn -3.6680299398898115 -3.9995221846662998 3.1536360998828155
v -0.0209782104939222 -0.0357728600502014 -0.0155227100476623
vn -3.3217226597579730 -4.6094316912385302 2.6649523854510533
v -0.0183430295437574 -0.0370975099503994 -0.0143114896491170
vn -3.3282960218730917 -4.1829248181140599 3.2904794110636142
v -0.0183414202183485 -0.0372416302561760 -0.0145209999755025
vn -2.9306829162388333 -4.7663726278931273 2.8435207023164053
v -0.0156293492764235 -0.0383738204836845 -0.0133986398577690
vn -5.1688926041615240 -3.5540636201283986 0.3208030232103816
v -0.0338267013430595 -0.0234146695584059 -0.0201190691441298
vn -5.0622868019260654 -3.5098616245451195 1.2093896291832349
v -0.0328075811266899 -0.0249065700918436 -0.0201259199529886
vn -4.8040101344879087 -3.5201469361090170 1.9791880209906283
v -0.0306637194007635 -0.0276286005973816 -0.0195235591381788
vn -4.4948763219473458 -3.3964524114212207 2.7669307314516374
v -0.0283850394189358 -0.0301509406417608 -0.0187594797462225
vn -5.3544562446049717 -3.2371901104508254 0.4961681991227935
v -0.0347880087792873 -0.0219925604760647 -0.0205006506294012
vn -5.3274601583885266 -3.3135189318720557 -0.2055577781331304
v -0.0348098203539848 -0.0219159107655287 -0.0194422006607056
vn -5.1555870202940959 -2.7134917166374559 2.3415477054169904
v -0.0347539708018303 -0.0226590000092983 -0.0217844191938639
vn -4.8107708393006146 -2.6500269676848296 3.0437556447870975
v -0.0327628813683987 -0.0256940107792616 -0.0211500506848097
vn -4.4590554061292815 -2.4974505890985554 3.6497475576694804
v -0.0306134205311537 -0.0284940600395203 -0.0203393101692200
vn -4.0855265821941487 -2.2508377307501020 4.2022692653789546
v -0.0283340197056532 -0.0310499593615532 -0.0194151401519775
vn -4.1114145444226038 -1.1303953578460992 4.6096145466007776
v -0.0346638485789299 -0.0260471701622009 -0.0234149601310492
vn -3.9094297777398141 -1.1536214803779576 4.7760717034864886
v -0.0326656103134155 -0.0284032206982374 -0.0222834292799234
vn -4.4027468947508668 -1.5379795452059359 4.2032700893206316
v -0.0346916913986206 -0.0249524097889662 -0.0231121703982353
vn -4.1997950780421238 -1.5961786899963406 4.3844056622985521
v -0.0326995216310024 -0.0274180099368095 -0.0220199804753065
vn -4.6665188214221072 -1.9149264579870016 3.7399244962955023
v -0.0347176082432270 -0.0239218398928642 -0.0226888004690409
vn -4.8632632765131341 -2.2095139204150311 3.3039715664244040
v -0.0347300097346306 -0.0234519205987453 -0.0224258303642273
vn -5.0180733911067446 -2.4616336743062393 2.8631785754507546
v -0.0347421094775200 -0.0230270605534315 -0.0221253000199795
vn -5.7834075381725452 -2.4460870453394161 -0.0973637720714419
v -0.0381097681820393 -0.0156287495046854 -0.0201128106564283
vn -5.7704975172176818 -2.4246418991825025 0.4840867604234792
v -0.0381086394190788 -0.0157821103930473 -0.0216127596795559
vn -5.5647076271226785 -2.8576029835807013 0.5327707238714088
v -0.0365636907517910 -0.0189850293099880 -0.0211512409150600
vn -5.7848573195427084 -2.4278902731357297 0.2859071169864661
v -0.0381092987954617 -0.0156651698052883 -0.0210334602743387
vn -5.7823645299687794 -2.4431517795761302 0.0938577466729675
v -0.0381097085773945 -0.0156346503645182 -0.0202623605728149
vn -4.3704549675526039 -1.1155592606940332 4.3692896731056790
v -0.0364863798022270 -0.0235214792191982 -0.0244952999055386
vn -4.6644860089463211 -1.4845964907903468 3.9334827523758786
v -0.0365053415298462 -0.0223066192120314 -0.0241357591003180
vn -4.9221576869081058 -1.3473333418468227 3.6574930041672435
v -0.0380911789834499 -0.0197843909263611 -0.0251759793609381
vn -5.2405695333353561 -2.2505979994298553 2.6300947005658428
v -0.0365372300148010 -0.0201596003025770 -0.0229955296963453
vn -5.3839244606379228 -1.9748752416493986 2.5591280423038425
v -0.0381032787263393 -0.0172936897724867 -0.0238828007131815
vn -5.0834250083239141 -2.0521071002543021 3.0661688476622082
v -0.0365298315882683 -0.0206351205706596 -0.0233401004225016
vn -5.2867962788980156 -1.8544851859994878 2.8366620024194669
v -0.0381017886102200 -0.0176446996629238 -0.0241098403930664
vn -4.9030173932580157 -1.8093050071872088 3.4825971316916604
v -0.0365221500396729 -0.0211597606539726 -0.0236429497599602
vn -5.1817031623074827 -1.7058814201998032 3.1089528125338370
v -0.0380992814898491 -0.0182340703904629 -0.0244912505149841
vn -5.0147542832620715 -1.5324109629968898 3.4566478552169269
v -0.0380927287042141 -0.0194982793182135 -0.0250496193766594
vn -5.7475077155289123 -2.4183780763062588 0.7467891384207171
v -0.0381084606051445 -0.0158229395747185 -0.0218146406114101
vn -5.6967586479273891 -2.4045516404495486 1.1035957980826772
v -0.0381076894700527 -0.0160402599722147 -0.0223858300596476
vn -5.5320500431601580 -2.7660712086377566 1.0865806008871051
v -0.0365573689341545 -0.0191544797271490 -0.0216841101646423
vn -5.6773479981140902 -2.3355760367525700 1.3255282234054433
v -0.0381068512797356 -0.0162628199905157 -0.0227736197412014
vn -5.4735782971851128 -2.6224162341457302 1.6105314615221400
v -0.0365509316325188 -0.0194076206535101 -0.0221699401736259
vn -5.6341321666401507 -2.2894704116532241 1.5695802537881742
v -0.0381066687405109 -0.0163226705044508 -0.0228777509182692
vn -5.3714286747412707 -2.4448978384551681 2.1464827373213318
v -0.0365442596375942 -0.0197460595518351 -0.0226064901798964
vn -5.5390956522866013 -2.1673070377736807 2.0171262368500829
v -0.0381053611636162 -0.0167012792080641 -0.0233471300452948
vn -5.4782869653107005 -2.0690317069183255 2.2674964210590920
v -0.0381038710474968 -0.0171109996736050 -0.0237176399677992
vn -4.1359507823530821 -0.1812407962484578 4.7176313185807608
v -0.0380356311798096 -0.0254085604101419 -0.0261165406554937
vn -3.8247864116948347 -0.1500469779014118 4.9791659999212809
v -0.0372574292123318 -0.0262782499194145 -0.0255168601870537
vn -3.9233157758051549 -0.4621460400359673 4.8777511983037574
v -0.0372798405587673 -0.0248854104429483 -0.0254451595246792
vn -3.8192162984826079 -0.4314206372599173 4.9679424657077007
v -0.0364411994814873 -0.0260792300105095 -0.0248767100274563
vn -4.2378498033663821 -0.7086349268007285 4.5826155483630266
v -0.0372989103198051 -0.0235221292823553 -0.0252804700285196
vn -4.0700214251552271 -0.7683281887577350 4.7208571266689532
v -0.0364651605486870 -0.0247820001095533 -0.0247373506426811
vn -4.7295586962065412 -1.0927752594330595 3.9736605393396016
v -0.0380831286311150 -0.0208477899432182 -0.0254589300602674
vn -4.4534288257609287 -0.7875329391013399 4.3501010169150343
v -0.0380737707018852 -0.0220870301127434 -0.0257884804159403
vn -4.2243080876668389 -0.5110903408357996 4.6184546769742090
v -0.0380721017718315 -0.0222293697297573 -0.0258025508373976
vn -4.2668926687685271 -0.4989260702840649 4.5654817996385511
v -0.0380555912852287 -0.0236660800874233 -0.0259444694966078
vn -4.3580839096937227 -0.4913926267549931 4.4917257312241858
v -0.0380388386547565 -0.0251234695315361 -0.0260883495211601
vn -3.2438495201812225 0.0047235010680609 5.3781386317252213
v -0.0345670506358147 -0.0295584201812744 -0.0237399302423000
vn -2.9649875393965903 0.4234034836582174 5.5207584212031904
v -0.0344883203506470 -0.0320229493081570 -0.0236000996083021
vn -2.8927128193627194 0.6156442391612210 5.5368941047050750
v -0.0342863202095032 -0.0371191501617432 -0.0229162499308586
vn -2.9813847114932468 0.5029855090629893 5.4902801936722243
v -0.0340089686214924 -0.0424328409135342 -0.0221785902976990
vn -3.1165022541481582 0.3156842867110884 5.4276386123362022
v -0.0336378216743469 -0.0484161898493767 -0.0215192399919033
vn -3.1928649843304076 0.2133678520252313 5.3900824189766148
v -0.0331537686288357 -0.0560840889811516 -0.0209105592221022
vn -2.8903778871644081 0.3179710965903655 5.5661298318815344
v -0.0305864792317152 -0.0690273568034172 -0.0189894996583462
vn -3.3799091438351851 0.2579655346117662 5.2834289449703880
v -0.0325490795075893 -0.0692306086421013 -0.0200983192771673
vn -3.5443615336002030 0.3763528788573737 5.1654316691794078
v -0.0318469405174255 -0.0881969332695007 -0.0183811094611883
vn -3.8103074542414959 0.1821621326759524 4.9562655903880506
v -0.0379818603396416 -0.0281112100929022 -0.0259715896099806
vn -3.8520529920543369 0.3489601783221259 4.9444352317773959
v -0.0379119515419006 -0.0316338501870632 -0.0257826391607523
vn -3.7658727691509486 0.4176898514127443 5.0015256158041570
v -0.0370332486927509 -0.0350060984492302 -0.0248139500617981
vn -3.3623067971431744 0.5007364203397289 5.2792348553597828
v -0.0361686311662197 -0.0357298813760281 -0.0241584107279778
vn -3.9571845478428367 0.3440388243046364 4.8555385717389319
v -0.0367715284228325 -0.0410646200180054 -0.0241177007555962
vn -3.5451938811839163 0.3900622167483825 5.1616777656576316
v -0.0359004698693752 -0.0415320284664631 -0.0234346296638250
vn -4.2283896264194114 0.1149992210219627 4.6229086136104645
v -0.0363926216959953 -0.0477942787110806 -0.0234958492219448
vn -3.7017199160017400 0.2198082696518709 5.0610702650909811
v -0.0355233512818813 -0.0480061098933220 -0.0227901898324490
vn -3.8036194991240242 0.1211101109821747 4.9900596342221979
v -0.0350155197083950 -0.0561250410974026 -0.0221901498734951
vn -1.6394589167447875 0.6790852896630678 6.0206243177308618
v -0.0187606196850538 -0.1062429994344711 -0.0108855301514268
vn -1.7652210233191492 0.5470737463645881 5.9973561452272266
v -0.0182899795472622 -0.1226847022771835 -0.0090591311454773
vn -2.1870156223415598 0.6000577499310306 5.8494208377105466
v -0.0231131892651320 -0.1062439978122711 -0.0122653199359775
vn -2.3398877495735966 0.4758692646653480 5.8003824042568120
v -0.0225426498800516 -0.1226930990815163 -0.0105165196582675
vn -2.7728254051395336 0.5131261683332462 5.6047012035413459
v -0.0272624995559454 -0.1062448024749756 -0.0140650197863579
vn -3.0544524932826671 0.3759225425907970 5.4571679772096404
v -0.0265851598232985 -0.1227004006505013 -0.0124085498973727
vn -1.8555950967450128 0.4220189070675187 5.9795087427513778
v -0.0178672000765800 -0.1391558945178986 -0.0075988760218024
vn -1.9161283937047808 0.3122545399970116 5.9666725629668376
v -0.0175589304417372 -0.1556095927953720 -0.0064911837689579
vn -2.4545020545070977 0.3658989899582341 5.7600311695430788
v -0.0220289193093777 -0.1391606926918030 -0.0091049065813422
vn -2.5329996266345423 0.2735087226876455 5.7304331459358675
v -0.0216538906097412 -0.1556095033884048 -0.0080268383026123
vn -3.0758852924267277 0.3027201243610320 5.4589963316431138
v -0.0259748101234436 -0.1391647011041641 -0.0110584404319525
vn -3.1647030501583853 0.2268535200148820 5.4114558851242354
v -0.0255289003252983 -0.1556093990802765 -0.0100196003913879
vn -1.4071318649479894 0.1961893291822598 6.1119637334811676
v -0.0131998602300882 -0.1720307022333145 -0.0045600528828800
vn -1.9518444544767501 0.1829538553489874 5.9588682528887071
v -0.0174068808555603 -0.1720304936170578 -0.0057177538983524
vn -2.5778109732570988 0.1639200286291214 5.7127135962445470
v -0.0214691106230021 -0.1720307022333145 -0.0072723031044006
vn -3.2150132418568993 0.1411541076365272 5.3829586983002367
v -0.0253091398626566 -0.1720317006111145 -0.0092890849336982
vn -0.9803553121932745 0.4971812880851808 6.1846010975318437
v -0.0149847203865647 -0.0679342076182365 -0.0144462501630187
vn -1.3795740458923811 0.4732161529740014 6.1091620818883445
v -0.0196378808468580 -0.0681800767779350 -0.0153028899803758
vn -1.8721803718247343 0.4328917855913645 5.9777094279293657
v -0.0241746902465820 -0.0684821605682373 -0.0164727494120598
vn -2.4157951366748471 0.3748447918948964 5.7834135698713087
v -0.0285203997045755 -0.0688343569636345 -0.0180299803614616
vn -3.0574240590122193 0.4498491961781157 5.4655489970245918
v -0.0299364291131496 -0.0881204009056091 -0.0172148905694485
vn -3.7469084321214954 0.3431499896630912 5.0187785519953021
v -0.0310760103166103 -0.1062451973557472 -0.0163969304412603
vn -3.5851033693836349 0.2448900819803072 5.1459038495080129
v -0.0278273206204176 -0.1391661018133163 -0.0122348600998521
vn -3.2702098540958620 0.4309628276419056 5.3389435693053287
v -0.0292237903922796 -0.1062450036406517 -0.0151550704613328
vn -2.5733070587068054 0.5231105337288320 5.7020772943541385
v -0.0279196500778198 -0.0880483910441399 -0.0161996409296989
vn -2.0041701929700877 0.6068263369765653 5.9183969661644431
v -0.0236672107130289 -0.0879186317324638 -0.0145408501848578
vn -1.4853136345512301 0.6734286492770531 6.0648541159656482
v -0.0192191004753113 -0.0878091976046562 -0.0132847400382161
vn -1.0586822550335349 0.7206381682099501 6.1493324898010897
v -0.0146488500759006 -0.0877213999629021 -0.0123584801331162
vn -0.6052751350748452 0.7477425784055558 6.2055520703385305
v -0.0099286427721381 -0.0876580998301506 -0.0117079596966505
vn -3.8970340651546294 0.1942441936745039 4.9179519915115915
v -0.0343682095408440 -0.0694430395960808 -0.0213887598365545
vn -4.3769880581508707 0.2211148662565462 4.5008926819873389
v -0.0344170890748501 -0.0883194804191589 -0.0204797908663750
vn -4.0600267330285389 0.2919542895369669 4.7777412215127191
v -0.0336102806031704 -0.0882776305079460 -0.0197279993444681
vn -4.8198377652116493 0.1365490385042073 3.9855224907934921
v -0.0335514508187771 -0.1062451973557472 -0.0186004601418972
vn -4.2468536479898580 0.2535141159342769 4.6117018317802785
v -0.0327770709991455 -0.1062451973557472 -0.0178158804774284
vn -4.4950113164902232 0.1416088668799920 4.3649138679235779
v -0.0319214984774590 -0.1227070018649101 -0.0163124203681946
vn -3.8158751744593982 0.2565754924368610 4.9615779685668686
v -0.0302823707461357 -0.1227054968476295 -0.0148436399176717
vn -4.0686230118442595 0.1745216267136400 4.7726184379911034
v -0.0295682493597269 -0.1391671001911163 -0.0135670304298401
vn -3.6863493444645345 0.1849133663300969 5.0766464029321883
v -0.0273437500000000 -0.1556095033884048 -0.0112194400280714
vn -4.1649203012813940 0.1410951787037238 4.6900888574573223
v -0.0290464106947184 -0.1556095033884048 -0.0125766899436712
vn -3.7392781530688239 0.1205216337211163 5.0384594370408973
v -0.0271050296723843 -0.1720325052738190 -0.0105024501681328
vn -4.2154889649111622 0.0991344222899577 4.6443888828694977
v -0.0287881400436163 -0.1720336973667145 -0.0118741299957037
vn -4.2347484372616204 0.0008280459530735 4.6255985038857377
v -0.0287157204002142 -0.2049999982118607 -0.0113071203231812
vn -4.7370088021143104 -0.0795772580670761 4.1053335177604975
v -0.0303132496774197 -0.2379647940397263 -0.0134180700406432
vn -5.2564877784938844 -0.0567602817444039 3.4122220452643450
v -0.0316906496882439 -0.2379595935344696 -0.0152413202449679
vn -4.6929449545907191 0.0837786869939338 4.1570264517726541
v -0.0305914208292961 -0.1556095927953720 -0.0141067495569587
vn -4.5361248295957619 0.1112139850754201 4.3354575867330052
v -0.0311528407037258 -0.1391676068305969 -0.0150723401457071
vn -4.8719665213879022 0.0591658683118732 3.9618949333020139
v -0.0318671390414238 -0.1391676962375641 -0.0158954206854105
vn -3.7606723575286853 0.0008273584762274 5.0220739292281884
v -0.0270391106605530 -0.2049999982118607 -0.0099287619814277
vn -4.2155104884840124 -0.0999624327121022 4.6443969418980684
v -0.0287881400436163 -0.2379661947488785 -0.0118741299957037
vn -5.0755123703783545 0.0328638630693925 3.6822411659433860
v -0.0330198407173157 -0.1287775933742523 -0.0175011102110147
vn -4.8694298852987012 0.1630532812537697 3.9485835373013285
v -0.0349854193627834 -0.0920522809028625 -0.0209045391529799
vn -4.7629682936403395 0.1196603299593408 4.0420252014584506
v -0.0342250987887383 -0.1062571033835411 -0.0195881705731153
vn -4.5746622308024953 0.0201458447707352 4.3064138705898163
v -0.0362229309976101 -0.0641112923622131 -0.0232430603355169
vn -3.9932688501579712 0.3257750088436801 4.8398871959729455
v -0.0378080606460571 -0.0342654511332512 -0.0255126301199198
vn -4.2075252609680849 0.3241441067652982 4.6550633587476513
v -0.0375583693385124 -0.0405882485210896 -0.0248637702316046
vn -4.3617307297346093 0.1609045498649502 4.5045292127489107
v -0.0374855287373066 -0.0424330793321133 -0.0246745292097330
vn -4.3953775174752039 0.0400579833952018 4.4835281088170813
v -0.0371855981647968 -0.0475829206407070 -0.0243344902992249
vn 5.6894428423959269 -2.3225310694651640 1.2992352527709565
v 0.0381068512797356 -0.0162628199905157 -0.0227736197412014
vn 5.4754195959245902 -2.6199945695973397 1.6082675086162259
v 0.0365495607256889 -0.0194069091230631 -0.0221686903387308
vn 5.6157298658246457 -2.3044587538387296 1.6107015422441842
v 0.0381066687405109 -0.0163226705044508 -0.0228777509182692
vn 5.3688863175960266 -2.4461487103548252 2.1514064088465608
v 0.0365429483354092 -0.0197452902793884 -0.0226052403450012
vn 5.7663272766628690 -2.3885907565550468 0.6969502427227339
v 0.0381084606051445 -0.0158228799700737 -0.0218147002160549
vn 5.7699113549851990 -2.4258708560111804 0.4840252320632439
v 0.0381086394190788 -0.0157821103930473 -0.0216127596795559
vn 5.5613135584678037 -2.8611315090892795 0.5462474906011006
v 0.0365623198449612 -0.0189841296523809 -0.0211498700082302
vn 5.7755682579717993 -2.4523175929450627 0.2719593425964005
v 0.0381092987954617 -0.0156651102006435 -0.0210334602743387
vn 5.7759500444941505 -2.4590272959496895 0.1084299618884033
v 0.0381097085773945 -0.0156346503645182 -0.0202623605728149
vn 5.5714218389548211 -2.8958590154258976 0.0853994891399700
v 0.0365742407739162 -0.0188781600445509 -0.0199565198272467
vn 5.2971192203506146 -3.3714509605934504 -0.0961856237052664
v 0.0348095782101154 -0.0219156704843044 -0.0194418393075466
vn 5.3470998485401484 -3.2487862600776829 0.4982492978978774
v 0.0347877703607082 -0.0219923201948404 -0.0205004196614027
vn 5.5253156990964367 -2.7833485303065291 1.0779675067012553
v 0.0365560613572598 -0.0191537104547024 -0.0216827299445868
vn 5.3262990796769962 -3.1245969350730061 1.1359492630027990
v 0.0347765609622002 -0.0221375804394484 -0.0209716502577066
vn 5.5316368330000962 -2.1890536485941059 2.0136544829599714
v 0.0381053611636162 -0.0167012792080641 -0.0233471300452948
vn 4.8458820850134448 -1.4421198075453983 3.7207079848125191
v 0.0380911789834499 -0.0197842698544264 -0.0251759793609381
vn 4.6437318680988158 -1.4829110289828380 3.9577079525465431
v 0.0365041382610798 -0.0223059598356485 -0.0241346899420023
vn 4.9507863894680160 -1.5147298561034286 3.5574750584915193
v 0.0380926690995693 -0.0194982197135687 -0.0250497404485941
vn 5.1514398288253425 -1.7063232428023649 3.1568362177877964
v 0.0380992814898491 -0.0182340107858181 -0.0244913101196289
vn 4.3590376606587755 -0.5549476652046607 4.4854097776892701
v 0.0380721017718315 -0.0222293101251125 -0.0258026104420424
vn 4.1020179445730136 -1.1444519776744084 4.6143651207390652
v 0.0346636101603508 -0.0260469894856215 -0.0234148502349854
vn 3.7939851446737389 -0.7445766585175007 4.9498339202297297
v 0.0346338711678982 -0.0271853208541870 -0.0236115399748087
vn 5.2968673546918650 -1.8531125709053740 2.8199399936097409
v 0.0381017886102200 -0.0176446996629238 -0.0241098906844854
vn 5.0912368004878008 -2.0531248427242308 3.0525417445156560
v 0.0365285798907280 -0.0206344109028578 -0.0233389101922512
vn 4.9039898139957216 -1.8060427966421395 3.4829102083623114
v 0.0365208908915520 -0.0211591105908155 -0.0236418806016445
vn 4.4032042351676788 -1.5383939913591513 4.2026422125861753
v 0.0346914492547512 -0.0249521695077419 -0.0231119301170111
vn 5.1264022126601105 -3.6306662936861787 0.0549354254628336
v 0.0338525697588921 -0.0233496408909559 -0.0191200301051140
vn 5.1680247373927690 -3.5544448911219853 0.3329689300765274
v 0.0338268205523491 -0.0234146099537611 -0.0201191306114197
vn 5.0627674677494978 -3.5085550806888248 1.2109698592280227
v 0.0328077599406242 -0.0249065700918436 -0.0201260391622782
vn 5.0051780597132591 -3.7753763277235435 -0.3667854128540598
v 0.0328510887920856 -0.0247260890901089 -0.0187623500823975
vn 4.9849303385776018 -3.8189071995621187 0.0681938963784009
v 0.0328367911279202 -0.0247221495956182 -0.0192509796470404
vn 4.6875044287822689 -4.1777079703939144 0.0006814376759891
v 0.0307127200067043 -0.0272977892309427 -0.0183974504470825
vn 5.0274664150422419 -3.7095733791489041 0.6231546926119756
v 0.0328223705291748 -0.0247812196612358 -0.0197064206004143
vn 5.0194079053435923 -2.4610212342021920 2.8613291273645012
v 0.0347418710589409 -0.0230268202722073 -0.0221250597387552
vn 4.9436013822999412 -2.9542951530284798 2.4991822820477685
v 0.0327781997621059 -0.0253665391355753 -0.0208479706197977
vn 4.8110497176021942 -2.6502174230681801 3.0431011070034728
v 0.0327630601823330 -0.0256940107792616 -0.0211501698940992
vn 4.6029720064163149 -2.8304696770422741 3.1975047478338046
v 0.0306304004043341 -0.0281556192785501 -0.0201005898416042
vn 4.6584113987420324 -2.3532293037639755 3.4936153285381581
v 0.0327475592494011 -0.0260731503367424 -0.0214160606265068
vn 4.4590874876516029 -2.4972605794861598 3.6497912245643791
v 0.0306134801357985 -0.0284940600395203 -0.0203393604606390
vn 4.4644986632081975 -2.0166091159481385 3.9273709630279177
v 0.0327319502830505 -0.0264935996383429 -0.0216480996459723
vn 4.2765468724379829 -2.1251851363720826 4.0757389862869466
v 0.0305961295962334 -0.0288699194788933 -0.0205480400472879
vn 4.0142978070069635 -1.6877614931304410 4.5210579045743042
v 0.0305607896298170 -0.0296986605972052 -0.0208827797323465
vn 4.8648768308373311 -2.2083868599874354 3.3023091915120117
v 0.0347297713160515 -0.0234517399221659 -0.0224256496876478
vn 4.6677303053512755 -1.9143465655317875 3.7387518013470520
v 0.0347174406051636 -0.0239216592162848 -0.0226885005831718
vn 4.2622777252842372 -1.7369917453554038 4.2762215891808912
v 0.0326996408402920 -0.0274180099368095 -0.0220201592892408
vn 3.7411754802274553 -1.2133622067486787 4.8957250046157217
v 0.0305240694433451 -0.0305845700204372 -0.0211204793304205
vn 3.7593994786544696 -0.0845945384209445 5.0282499904384865
v 0.0372587405145168 -0.0262787900865078 -0.0255181696265936
vn 4.2620852651103007 -0.4634567256580902 4.5812187207398187
v 0.0380387902259827 -0.0251234695315361 -0.0260884705930948
vn 3.9987452262208243 -0.5021051993443431 4.8177747104101991
v 0.0372812710702419 -0.0248859506100416 -0.0254465304315090
vn 4.2724433467353977 -0.5198296702809835 4.5665762016749287
v 0.0380555912852287 -0.0236660204827785 -0.0259445291012526
vn 4.1934398378246796 -0.7066176285722712 4.6213526127423963
v 0.0373004600405693 -0.0235227309167385 -0.0252819601446390
vn 4.0858486514698420 -0.7763571188583723 4.7064415637697063
v 0.0364642105996609 -0.0247814003378153 -0.0247364602982998
vn 3.8286391188471831 -0.4362636047921021 4.9609149855299393
v 0.0364403687417507 -0.0260786991566420 -0.0248758103698492
vn 3.5432700047243788 -0.0662641533743375 5.1849814423653893
v 0.0364133715629578 -0.0274048391729593 -0.0249269604682922
vn 3.3992271942114192 0.2759590155119237 5.2749033508397662
v 0.0363488085567951 -0.0301251392811537 -0.0248200800269842
vn 3.4923387229567457 0.1548644754849556 5.2165200589128560
v 0.0372022911906242 -0.0291342101991177 -0.0254414603114128
vn 3.5355712300856856 -0.3789713252296825 5.1782142606370911
v 0.0346016809344292 -0.0283583402633667 -0.0237154904752970
vn 3.2716743321059516 -0.0054313532590407 5.3617205974795876
v 0.0345668718218803 -0.0295582991093397 -0.0237397495657206
vn 2.9685116179973194 0.4269018164571246 5.5186115019467197
v 0.0344882607460022 -0.0320227704942226 -0.0235999803990126
vn 2.9141759383026242 0.5961394922402228 5.5265701997468994
v 0.0342862010002136 -0.0371190309524536 -0.0229161903262138
vn 4.0748037939482344 -4.7173164797238591 -0.7533454151145261
v 0.0284829698503017 -0.0297154095023870 -0.0166495405137539
vn 3.8798594095495518 -4.8527846622715414 -0.0537753784650226
v 0.0260991994291544 -0.0318350717425346 -0.0157480202615261
vn 4.1078189639985556 -4.6862006509671401 -0.1567994905011173
v 0.0273052994161844 -0.0308033209294081 -0.0162039306014776
vn 3.9881571777831835 -4.7934739408075755 -0.7685436011880753
v 0.0272896792739630 -0.0307472292333841 -0.0166038796305656
vn 4.0002746787183723 -4.8377684226635225 0.0440020261296533
v 0.0260698702186346 -0.0317749306559563 -0.0164874102920294
vn 4.3527290524368620 -4.5242830228933837 -0.0081052762185490
v 0.0284506008028984 -0.0296473503112793 -0.0174652300775051
vn 4.2277164466856929 -4.6110266293406639 -0.5450223022080303
v 0.0284668803215027 -0.0296564102172852 -0.0170699302107096
vn 4.3873573380752209 -3.0115161029727626 3.3317400014325678
v 0.0283682309091091 -0.0304112397134304 -0.0190061908215284
vn 4.1546982080722055 -3.1942949309551012 3.4571884887655848
v 0.0259951297193766 -0.0324627086520195 -0.0178946200758219
vn 4.2561321842597071 -2.6480843136454730 3.7829064753112789
v 0.0283511802554131 -0.0307136103510857 -0.0192240402102470
vn 4.0407440883609569 -2.8101845213242025 3.9001649803300609
v 0.0259796306490898 -0.0327335484325886 -0.0180966202169657
vn 4.1437591243027114 -2.4500209027967710 4.0371401065563530
v 0.0283340197056532 -0.0310498997569084 -0.0194151401519775
vn 3.8927580971213169 -2.3942165047230484 4.3047320515149341
v 0.0259640794247389 -0.0330349802970886 -0.0182750206440687
vn 3.7001044556466862 -1.9270035654610616 4.6911453261902833
v 0.0259320698678493 -0.0337018296122551 -0.0185675006359816
vn 3.3173567463504701 -5.2412979178869303 -0.9717001944778382
v 0.0236082598567009 -0.0337332412600517 -0.0148202702403069
vn 3.2078781902600646 -5.2345459011646840 0.4146552252590966
v 0.0210220199078321 -0.0354153513908386 -0.0138962799683213
vn 4.8028480501603292 -3.5211304779857286 1.9799945210502583
v 0.0306637808680534 -0.0276285391300917 -0.0195236206054688
vn 4.7249937460304796 -3.1805153694076393 2.6383377611620755
v 0.0306472107768059 -0.0278639700263739 -0.0198293905705214
vn 4.5529802423823256 -3.7773917772627761 2.0919991130405551
v 0.0284016691148281 -0.0299408398568630 -0.0184822604060173
vn 4.4940130087651387 -3.3968947761064312 2.7675874797253468
v 0.0283850394189358 -0.0301508903503418 -0.0187594797462225
vn 4.2836219609180226 -4.0155879050317331 2.2121611765558962
v 0.0260254107415676 -0.0320408903062344 -0.0174131300300360
vn 4.2433868894704148 -3.6061146263618458 2.8948888587908135
v 0.0260103307664394 -0.0322294794023037 -0.0176673494279385
vn 3.9723542423338416 -3.8060849311108278 3.0208246206116831
v 0.0235376302152872 -0.0341025516390800 -0.0165798608213663
vn 3.9011307149393750 -3.3793640675108589 3.5747417777006478
v 0.0235253497958183 -0.0343127213418484 -0.0167919900268316
vn 3.6162936604991143 -3.5706931210954806 3.6868720623473625
v 0.0209705792367458 -0.0359635315835476 -0.0157235804945230
vn 3.8043261169052238 -2.9867843311721058 4.0053900983042405
v 0.0235130097717047 -0.0345562100410461 -0.0169822499155998
vn 3.5379261123410535 -3.1764268823402384 4.1025829637699216
v 0.0209627095609903 -0.0361834689974785 -0.0159053802490234
vn 3.7281220954252903 -2.8412804833350087 4.1809253611363077
v 0.0235005002468824 -0.0348269902169704 -0.0171520095318556
vn 3.4291835727650604 -2.7558152179838737 4.4796804163852126
v 0.0209545996040106 -0.0364279113709927 -0.0160694103688002
vn 3.3061610097902339 -2.2583183471715857 4.8363084698588166
v 0.0209378600120544 -0.0369695387780666 -0.0163486003875732
vn 3.0036837816702557 -2.4675768760821049 4.9305827695004503
v 0.0183307491242886 -0.0383297204971313 -0.0153293004259467
vn 3.1012467041338878 -1.7547198101725283 5.1706399932288329
v 0.0209199693053961 -0.0375551506876945 -0.0165701508522034
vn 3.4367425410553598 -1.4035614635348981 5.0650809409850304
v 0.0258989892899990 -0.0344190485775471 -0.0187840405851603
vn 3.4766132488235937 -0.7744859269847796 5.1730980692254134
v 0.0304856803268194 -0.0315094515681267 -0.0212728902697563
vn 3.1750052002674796 -0.8864442793894941 5.3419791361888969
v 0.0258645992726088 -0.0351710282266140 -0.0189337097108364
vn 3.2322150442278130 -0.3804807468859080 5.3726442373170995
v 0.0304456297308207 -0.0324649214744568 -0.0213509202003479
vn 2.9692737248688434 -0.8818229734547395 5.4660279390525819
v 0.0234196092933416 -0.0367535911500454 -0.0178096797317266
vn 2.6645005683248062 -0.5353543815956046 5.6606042787412534
v 0.0233590602874756 -0.0381775386631489 -0.0179791394621134
vn 2.7999256428411683 -0.2798274219062338 5.6106642941121123
v 0.0257910992950201 -0.0367457196116447 -0.0190659705549479
vn 2.4334857966384673 0.2477658843128771 5.7815084178665481
v 0.0257103405892849 -0.0383870601654053 -0.0190268699079752
vn 2.9868089734416059 -0.0062894052424025 5.5244927876864542
v 0.0304035507142544 -0.0334430895745754 -0.0213649198412895
vn 2.6611569300189020 0.4385397380104055 5.6718984979386757
v 0.0303122904151678 -0.0354561805725098 -0.0212410595268011
vn 2.4733654395898697 0.5981940121572521 5.7403981140771192
v 0.0300958696752787 -0.0396494790911674 -0.0206595007330179
vn 2.9636597281116090 0.4745734375273369 5.4979738504884708
v 0.0340089201927185 -0.0424327813088894 -0.0221785902976990
vn 3.6915552392990638 0.2261484420330648 5.0676241786680869
v 0.0355231687426567 -0.0480060502886772 -0.0227900706231594
vn 4.2426865710782122 0.1271137568516255 4.6090786997506621
v 0.0363927409052849 -0.0477943383157253 -0.0234959702938795
vn 3.7665296501400789 0.2879019556925380 5.0139675436334672
v 0.0379118882119656 -0.0316333100199699 -0.0257827006280422
vn 3.8470337230382308 0.1712603089263695 4.9416957011614322
v 0.0379818007349968 -0.0281112100929022 -0.0259716492146254
vn 4.1296430398996185 -0.2197520884128677 4.7232195011097602
v 0.0380355715751648 -0.0254082605242729 -0.0261165406554937
vn 2.3619454457222027 -5.8142836887509493 -0.1623848056353863
v 0.0155972195789218 -0.0381424985826015 -0.0121744200587273
vn 2.8688440337021777 -5.5638142056065938 -0.3000147401609195
v 0.0183492302894592 -0.0368849597871304 -0.0130047202110291
vn 1.9867483860993305 -3.7003093118927399 4.6644397778914142
v 0.0103221498429775 -0.0408528409898281 -0.0126633597537875
vn 2.4165511873506302 -3.4082397529000961 4.6874282926795097
v 0.0129373604431748 -0.0400721989572048 -0.0133012495934963
vn 2.4676068261510022 -3.7878529222544945 4.3589704227212076
v 0.0129245501011610 -0.0398839712142944 -0.0131433000788093
vn 3.8171025471977602 -4.9557956296162793 -0.5454301544558992
v 0.0260846000164747 -0.0317823216319084 -0.0161288902163506
vn 3.6853148613735134 -5.0795396184278134 0.1533654577087852
v 0.0235850792378187 -0.0336849614977837 -0.0154946995899081
vn 3.8391787750334752 -4.8907179909768903 0.8546800992526731
v 0.0235732700675726 -0.0337236486375332 -0.0158006493002176
vn 3.5009184675196994 -5.1082871229296396 1.0174637476607544
v 0.0210005603730679 -0.0354215502738953 -0.0147973196581006
vn 3.6169389946272710 -4.8149164980392056 1.7628214735449721
v 0.0209932308644056 -0.0354996882379055 -0.0150597598403692
vn 3.2585488439084109 -4.9933807885499473 1.9561687771700069
v 0.0183444004505873 -0.0369867607951164 -0.0140841603279114
vn 3.3202411762759652 -4.6104283758210212 2.6648837865930455
v 0.0183429699391127 -0.0370973311364651 -0.0143116097897291
vn 2.9308785597259623 -4.7667341638998568 2.8426857904254019
v 0.0156282708048820 -0.0383718609809875 -0.0133996596559882
vn 2.9448362553993777 -4.3558235820995357 3.4300522838063974
v 0.0156341698020697 -0.0385069809854031 -0.0136001100763679
vn 2.5128693759591494 -4.5188584747559020 3.5613439037247230
v 0.0128981396555901 -0.0395613312721252 -0.0127935996279120
vn 2.5000383804255075 -4.1387695427722848 4.0061377066765038
v 0.0129114296287298 -0.0397126600146294 -0.0129743199795485
vn 2.0333855044208788 -4.2370425796158164 4.1609016079773316
v 0.0102934800088406 -0.0405116602778435 -0.0123429195955396
vn 1.1868807963009103 -6.0214110212524137 1.1362709412754421
v 0.0076496601104736 -0.0405308604240417 -0.0104852300137281
vn 1.7935239916147789 -5.9022709047171933 0.9031822758794336
v 0.0101885702461004 -0.0399574600160122 -0.0108929201960564
vn 1.9762359535507472 -5.8866445236042413 0.6140776872200491
v 0.0128156496211886 -0.0391809307038784 -0.0114443795755506
vn 0.9843109071296978 -5.9500231292960528 1.5114688968429870
v 0.0051376810297370 -0.0409331917762756 -0.0101989498361945
vn 0.9947905745892556 -3.4782614366767333 5.1300784122374070
v 0.0052120080217719 -0.0422224402427673 -0.0121155902743340
vn 1.5190741362044240 -3.8819729762906192 4.6932580050110344
v 0.0077559351921082 -0.0414404198527336 -0.0121790701523423
vn 0.3643535574504928 -6.1637822282081771 1.1120273281253013
v 0.0026045439299196 -0.0411772094666958 -0.0100253801792860
vn -4.3344942935483699 -4.4583548292112773 -0.1383688287627963
v -0.0284829698503017 -0.0297154691070318 -0.0166495405137539
vn -3.9884893360908826 -4.7931667208175046 -0.7687771973496436
v -0.0272896196693182 -0.0307472292333841 -0.0166038200259209
vn -3.8136448063300610 -4.9583599931028264 -0.5462636295212172
v -0.0260845404118299 -0.0317823216319084 -0.0161288902163506
vn -3.9982262064571037 -4.8394286976866514 0.0452862603776260
v -0.0260698106139898 -0.0317749306559563 -0.0164874102920294
vn -3.5025044720921512 -5.1886128455956495 -0.4830841187381701
v -0.0235967002809048 -0.0336886607110500 -0.0151674700900912
vn -3.6839051452658986 -5.0805783426430446 0.1539640314542000
v -0.0235850792378187 -0.0336850211024284 -0.0154946399852633
vn -3.1494318235667444 -5.4194347446941764 -0.3577951415261721
v -0.0210148002952337 -0.0353799983859062 -0.0142146898433566
vn -3.3393905994714133 -5.3064999547998415 0.3042413371880358
v -0.0210076496005058 -0.0353819094598293 -0.0145153403282166
vn -2.8016131155153490 -5.6157046787105420 -0.1677600468795189
v -0.0183481499552727 -0.0368599817156792 -0.0132986903190613
vn -2.9882574958593269 -5.4965388248469598 0.5096198207773285
v -0.0183470193296671 -0.0368685089051723 -0.0135769797489047
vn -2.4488745110288335 -5.7800527835805902 0.0758841583596769
v -0.0156046701595187 -0.0381302200257778 -0.0124469297006726
vn -2.6214736621039849 -5.6524225113945139 0.7607523816872502
v -0.0156109901145101 -0.0381459482014179 -0.0127066299319267
vn -2.0783633341669945 -5.9126580136803328 0.3610745928557025
v -0.0128297796472907 -0.0391774103045464 -0.0117003899067640
vn -2.2341522451503710 -5.7734597396294660 1.0387930730550528
v -0.0128435995429754 -0.0392012000083923 -0.0119442902505398
vn -1.7655929270704447 -5.9559235330552891 0.9208368553176897
v -0.0102038299664855 -0.0399652682244778 -0.0111327096819878
vn -1.8282851058796274 -5.8608926091981388 1.3091686067466746
v -0.0102189695462584 -0.0399982295930386 -0.0113616501912475
vn -1.3196403089172295 -6.0717605780789041 0.8955127122765414
v -0.0076618189923465 -0.0405490882694721 -0.0107111297547817
vn -1.4055403812489740 -5.9172668496683727 1.5561327146007151
v -0.0076739192008972 -0.0405907593667507 -0.0109272003173828
vn -0.9045559736909644 -6.1114854154202547 1.1144825462774433
v -0.0051448340527713 -0.0409596487879753 -0.0104144196957350
vn -0.9606182082525496 -5.9490219572032048 1.7606867534578465
v -0.0051518077962101 -0.0410081110894680 -0.0106208901852369
vn -0.4635798025021510 -6.1313395189614317 1.2665063092802284
v -0.0026068089064211 -0.0412089191377163 -0.0102343503385782
vn -0.4911765447822874 -5.9631033534521922 1.9012260640805805
v -0.0026090741157532 -0.0412615500390530 -0.0104348603636026
vn -0.0021950135652433 -6.1368092181834637 1.3235505074805518
v 0.0000000000000000 -0.0412948094308376 -0.0101723596453667
vn -0.0019263325452867 -5.9666663141565266 1.9531159376426559
v 0.0000000000000000 -0.0413489304482937 -0.0103709101676941
vn 0.4595743336928190 -6.1317390528817626 1.2660858698944268
v 0.0026068089064211 -0.0412089191377163 -0.0102343503385782
vn 0.4875055836235127 -5.9635603440020253 1.9008231548894172
v 0.0026089539751410 -0.0412615500390530 -0.0104348603636026
vn 0.9009785584146597 -6.1120505105529830 1.1141373242596806
v 0.0051447148434818 -0.0409596487879753 -0.0104144196957350
vn 0.9575100718292968 -5.9496531578441632 1.7603820018474949
v 0.0051518077962101 -0.0410081110894680 -0.0106208901852369
vn 1.3167834171061850 -6.0724835146847944 0.8945391948654804
v 0.0076618189923465 -0.0405490882694721 -0.0107111297547817
vn 1.4028472885605026 -5.9182424192208067 1.5548301211257685
v 0.0076737990602851 -0.0405907593667507 -0.0109272003173828
vn 1.7097840911018172 -6.0069140105912666 0.6346667470975951
v 0.0102037703618407 -0.0399652682244778 -0.0111327096819878
vn 1.8267860982039834 -5.8615783968699509 1.3083253733650344
v 0.0102189695462584 -0.0399982891976833 -0.0113616501912475
vn 2.0881074211435746 -5.9095792333864496 0.3547797774223056
v 0.0128295999020338 -0.0391771085560322 -0.0117005696520209
vn 2.2359714155548618 -5.7728051863489744 1.0385731137544081
v 0.0128434803336859 -0.0392009615898132 -0.0119444103911519
vn 2.4488223337583603 -5.7799005960807808 0.0767492285490085
v 0.0156036000698805 -0.0381278917193413 -0.0124480696395040
vn -4.4794124175922256 -4.3470373783760019 0.6656340474997804
v -0.0284344498068094 -0.0296904407441616 -0.0178336501121521
vn -4.1635083937102877 -4.6383345713422743 0.7393921440991226
v -0.0260550901293755 -0.0318145714700222 -0.0168220400810242
vn -4.2557842557235670 -4.3712821555747867 1.4685418179740728
v -0.0260403100401163 -0.0319026708602905 -0.0171310901641846
vn -3.8380200326385205 -4.8915728281484911 0.8554163505165152
v -0.0235732700675726 -0.0337237082421780 -0.0158006493002176
vn -3.9464733380040373 -4.6079396482381156 1.6012799369758330
v -0.0235614702105522 -0.0338056012988091 -0.0160841904580593
vn -3.5005117882698698 -5.1083839048959243 1.0189619308833167
v -0.0210005007684231 -0.0354215502738953 -0.0147973196581006
vn -3.6164181485170599 -4.8149599215729983 1.7640589896144241
v -0.0209931693971157 -0.0354996882379055 -0.0150597598403692
vn -3.1454239681219494 -5.2910257438890413 1.2250921129426984
v -0.0183457694947720 -0.0369107685983181 -0.0138389403000474
vn -3.2603522661444586 -4.9918692408210967 1.9572457319528276
v -0.0183444600552320 -0.0369869396090508 -0.0140840401872993
vn -2.7656160243489127 -5.4396322685304952 1.4684062357698795
v -0.0156171899288893 -0.0381920300424099 -0.0129520799964666
vn -2.8709007138142542 -5.1406561725785762 2.1727303763803070
v -0.0156233301386237 -0.0382679700851440 -0.0131829297170043
vn -2.3555507110796858 -5.5560974808255050 1.7267832943628518
v -0.0128574902191758 -0.0392520390450954 -0.0121756102889776
vn -2.4438711132624924 -5.2614858219570246 2.3964243434323032
v -0.0128712002187967 -0.0393293388187885 -0.0123944198712707
vn -1.9226467085648429 -5.6407465938000954 1.9727381354670805
v -0.0102341100573540 -0.0400556288659573 -0.0115796895697713
vn -1.9900778170160487 -5.3553882086589661 2.6015994099121906
v -0.0102491304278374 -0.0401366315782070 -0.0117866899818182
vn -1.4733459357526681 -5.6962408931219528 2.1894277381104206
v -0.0076859588734806 -0.0406545400619507 -0.0111337304115295
vn -1.5212663613609552 -5.4204933095975250 2.7786155534438413
v -0.0076978798024356 -0.0407397113740444 -0.0113305998966098
vn -1.0041959987687918 -5.7275193397380262 2.3671847423775501
v -0.0051587820053101 -0.0410771295428276 -0.0108185997232795
vn -1.0347576029450525 -5.4593962597846790 2.9232014770084258
v -0.0051656961441040 -0.0411656983196735 -0.0110077196732163
vn -0.5123818456907386 -5.7405438810857259 2.4905272540513099
v -0.0026112790219486 -0.0413339696824551 -0.0106272101402283
vn -0.5268754220844137 -5.4789110937172616 3.0211510622061546
v -0.0026134250219911 -0.0414248108863831 -0.0108116203919053
vn -0.0015885370187117 -5.7438892544890781 2.5351884352008249
v 0.0000000000000000 -0.0414223596453667 -0.0105614596977830
vn -0.0012819378868470 -5.4832029632193242 3.0591376104441368
v 0.0000000000000000 -0.0415139682590961 -0.0107443295419216
vn 0.5092838225829167 -5.7410199863543028 2.4901858881834742
v 0.0026111600454897 -0.0413339696824551 -0.0106272101402283
vn 0.5246430362604928 -5.4793271886762378 3.0208873264445311
v 0.0026133060455322 -0.0414248108863831 -0.0108116203919053
vn 1.0016770477501007 -5.7282069736468442 2.3667156247052312
v 0.0051587820053101 -0.0410771295428276 -0.0108185997232795
vn 1.0327976037930156 -5.4602977728119839 2.9224001646339484
v 0.0051656961441040 -0.0411656983196735 -0.0110076600685716
vn 1.4711617922278639 -5.6971022434216048 2.1887306969575766
v 0.0076858401298523 -0.0406545400619507 -0.0111337304115295
vn 1.5198134879604068 -5.4213865376647608 2.7778384126757691
v 0.0076978798024356 -0.0407397113740444 -0.0113305998966098
vn 1.9212397560001466 -5.6418687374379566 1.9708446063807721
v 0.0102341100573540 -0.0400556288659573 -0.0115796895697713
vn 0.5344429660798161 -5.1950688431602270 3.4862685647498921
v 0.0026155710220337 -0.0415329299867153 -0.0109884096309543
vn 1.0505334242742412 -5.1647965502406779 3.4130042814966117
v 0.0051726098172367 -0.0412727482616901 -0.0111884996294975
vn 1.0542841946619990 -4.4875692504641345 4.2621977241298392
v 0.0051861400716007 -0.0415368005633354 -0.0115262195467949
vn 0.5364953454754435 -4.5505725527628185 4.2922503638465406
v 0.0026197431143373 -0.0417956709861755 -0.0113201104104519
vn 0.5274213150617917 -4.0989627423935113 4.7257959025170910
v 0.0026238560676575 -0.0421116314828396 -0.0116248698905110
vn 0.0010001552683903 -4.1250018669763193 4.7326565304730837
v 0.0000000000000000 -0.0421989485621452 -0.0115531003102660
vn 0.0027451234339983 -3.6071043247940464 5.1378945731338135
v 0.0000000000000000 -0.0425549112260342 -0.0118330102413893
vn -0.5030081740858015 -3.5726866306217389 5.1372075903046790
v -0.0026277299039066 -0.0424697287380695 -0.0119049502536654
vn -0.4800303259374349 -2.9473184563600272 5.5194419793325089
v -0.0026348230894655 -0.0432695709168911 -0.0124008003622293
vn -0.9319638902976333 -2.9266375192598302 5.4760835113846902
v -0.0052359099499881 -0.0430375896394253 -0.0126082301139832
vn -0.8618941007188547 -2.4493222035509667 5.7186096445092343
v -0.0052568907849491 -0.0439079403877258 -0.0130226602777839
vn 3.5042328840560262 -5.1874521995432179 -0.4832251906031680
v 0.0235967002809048 -0.0336886011064053 -0.0151675296947360
vn 3.1506271715799086 -5.4187148202126183 -0.3577789051883090
v 0.0210148598998785 -0.0353799983859062 -0.0142147503793240
vn 3.3401093149855994 -5.3060576192804580 0.3034123479932350
v 0.0210077706724405 -0.0353819094598293 -0.0145153403282166
vn 2.9862570750767592 -5.4976229784856061 0.5087600050573122
v 0.0183469597250223 -0.0368683300912380 -0.0135770998895168
vn 3.1435003203600869 -5.2923014244561344 1.2241015655048986
v 0.0183457098901272 -0.0369105897843838 -0.0138390604406595
vn 2.7653828339266400 -5.4395566626934562 1.4683042793633840
v 0.0156161095947027 -0.0381898209452629 -0.0129531603306532
vn 2.8710028778683307 -5.1401652994187863 2.1737275939517877
v 0.0156222498044372 -0.0382659398019314 -0.0131839504465461
vn 2.4457669531546364 -5.2613223966320968 2.3949669347555460
v 0.0128710195422173 -0.0393291711807251 -0.0123945400118828
vn 2.4973091757379962 -4.9042728587284206 3.0192327295375705
v 0.0128846699371934 -0.0394326411187649 -0.0126005401834846
vn 2.0289060013646836 -5.0207030918353626 3.1764909296670987
v 0.0102640297263861 -0.0402404591441154 -0.0119828497990966
vn 2.0423256771336895 -4.6631717176457625 3.6754096153752376
v 0.0102788796648383 -0.0403662286698818 -0.0121681001037359
vn 1.5584874274228171 -4.7766205132531105 3.7662727924490342
v 0.0077214241027832 -0.0409696102142334 -0.0116961495950818
vn 1.5513456929239726 -4.3817746075171948 4.2193606385900031
v 0.0077331662178040 -0.0411115810275078 -0.0118654901161790
vn 1.0346284708795634 -4.0172538370409034 4.7118031189849008
v 0.0051993131637573 -0.0418576002120972 -0.0118343802168965
vn 0.5087504309349257 -3.5757004332417655 5.1345842885859954
v 0.0026277299039066 -0.0424697883427143 -0.0119049502536654
vn 0.0066704061155884 -2.9769324280095608 5.5245228020443093
v 0.0000000000000000 -0.0433491989970207 -0.0123301697894931
vn 2.7997341623704295 -5.6165784495901425 -0.1684926879788270
v 0.0183480903506279 -0.0368598103523254 -0.0132986903190613
vn 2.6213575461814500 -5.6524556734184062 0.7611294408149867
v 0.0156099200248718 -0.0381438098847866 -0.0127077102661133
vn 2.3573721243566812 -5.5555717304039103 1.7258018878116452
v 0.0128573095425963 -0.0392518006265163 -0.0121757304295897
vn 1.9891247990864009 -5.3565223397547923 2.6000766477650612
v 0.0102491304278374 -0.0401366315782070 -0.0117866899818182
vn 1.5483054683880280 -5.1072374060499186 3.3076664321085891
v 0.0077096810564399 -0.0408450290560722 -0.0115180602297187
vn 1.0574848133748316 -4.8569642557215014 3.8371024739419353
v 0.0051794052124023 -0.0413969084620476 -0.0113613000139594
vn 0.5387556236736006 -4.9020237987276403 3.8874092796002477
v 0.0026176569517702 -0.0416569709777832 -0.0111578097566962
vn 1.7458073478222729 -2.3975523883150540 5.5357043665579431
v 0.0104020796716213 -0.0421233102679253 -0.0134273702278733
vn 1.3496126940842958 -2.7129710706876469 5.4982371229070708
v 0.0078198313713074 -0.0426571890711784 -0.0129496995359659
vn 0.9205882604216212 -2.9077022691624519 5.4880153714341668
v 0.0052359099499881 -0.0430375896394253 -0.0126082301139832
vn 0.4791440066511865 -2.9456911209627905 5.5205849909880538
v 0.0026347041130066 -0.0432695709168911 -0.0124008003622293
vn 4.7783544087139207 -4.0234904855233555 0.6273962419858194
v 0.0306965708732605 -0.0273470208048820 -0.0188058000057936
vn 4.4778219242517316 -4.3485951261709408 0.6660354013745954
v 0.0284344498068094 -0.0296903792768717 -0.0178336501121521
vn 4.1651415673557270 -4.6368520548716772 0.7388807301495878
v 0.0260551497340202 -0.0318144485354424 -0.0168220400810242
vn 3.9474032884342520 -4.6075522620189631 1.6000201100489433
v 0.0235615298151970 -0.0338055416941643 -0.0160842500627041
vn 3.6738702761651045 -4.4316164171010959 2.4971045229849178
v 0.0209858398884535 -0.0356169305741787 -0.0153018198907375
vn 3.3271099012896683 -4.1840347034231513 3.2903886197859329
v 0.0183414202183485 -0.0372415110468864 -0.0145210595801473
vn 2.9229386660628998 -3.9521868512715210 3.9070463864151734
v 0.0156400203704834 -0.0386683307588100 -0.0137858903035522
vn 2.8792310083999735 -3.5813404454147766 4.2806891765022925
v 0.0156455598771572 -0.0388522706925869 -0.0139579102396965
vn 2.8121396455380747 -3.1827538080659799 4.6248487738702568
v 0.0156507994979620 -0.0390553399920464 -0.0141169400885701
vn 2.3318668524271611 -2.9494855398770587 5.0289891191918983
v 0.0129623999819160 -0.0404882393777370 -0.0135865798220038
vn 2.2319433584531603 -2.5315585378841892 5.2965253865958610
v 0.0129861803725362 -0.0409406982362270 -0.0138352504000068
vn 2.1161337162345006 -2.1305322461825220 5.5152680837999224
v 0.0130085302516818 -0.0414186716079712 -0.0140513097867370
vn 1.6258698460877481 -1.9494052221423721 5.7439231436728999
v 0.0104483896866441 -0.0430647097527981 -0.0138061596080661
vn 1.2203447671199508 -2.2280137111072027 5.7433463912012552
v 0.0078570237383246 -0.0435566902160645 -0.0133494697511196
vn 0.8337255879654316 -2.4494617665444549 5.7227736076902058
v 0.0052568907849491 -0.0439079403877258 -0.0130226602777839
vn 0.4040974175428885 -2.1625507192860649 5.8757663889769391
v 0.0026449561119080 -0.0449982210993767 -0.0131845399737358
vn 0.0097178534681435 -2.2148669376115953 5.8696720392814754
v 0.0000000000000000 -0.0450652800500393 -0.0131217800080776
vn -0.0120690765543065 -1.4239014174116293 6.1110122798942736
v 0.0000000000000000 -0.0469051003456116 -0.0136780701577663
vn -0.2588570908919449 -1.4687315670586352 6.0983774157041752
v -0.0026479361113161 -0.0468527004122734 -0.0137303397059441
vn -0.4566283459836946 -0.5903892703649919 6.2331115395432688
v -0.0052950382232666 -0.0488231703639030 -0.0141891799867153
vn 1.4239660842019137 -1.4491192982722494 5.9405500812435355
v 0.0104875499382615 -0.0440380498766899 -0.0141031695529819
vn 1.0840244092887552 -1.7437750182117793 5.9330305294444532
v 0.0078886151313782 -0.0444840714335442 -0.0136760398745537
vn 0.8292463972986959 -1.0772393372159423 6.1291586704197512
v 0.0079307546839118 -0.0464503690600395 -0.0141434604302049
vn 0.5961955205641717 -1.2365417187206815 6.1239885231658810
v 0.0052959318272769 -0.0467000007629395 -0.0138859702274203
vn 0.4490302984307150 -0.5705818292511509 6.2351466936010596
v 0.0052950382232666 -0.0488231703639030 -0.0141891799867153
vn -0.3649900867537614 -0.0191468726314482 6.2702140441055816
v -0.0052659511566162 -0.0514114983379841 -0.0142885399982333
vn -0.3198909861266261 0.2754202040176731 6.2676958252863439
v -0.0052030677907169 -0.0557800494134426 -0.0141599699854851
vn -0.3127546940211021 0.5123876168457332 6.2530790292370639
v -0.0051047201268375 -0.0676415488123894 -0.0134747596457601
vn 1.8878177328276478 0.1304144364647509 5.9887182420633263
v 0.0206842999905348 -0.0436458513140678 -0.0169468503445387
vn 1.6043514264794716 -0.2022435195754612 6.0680635909335958
v 0.0156674906611443 -0.0450841709971428 -0.0155362999066710
vn 1.1361975024600577 0.1793141427638238 6.1737714821330574
v 0.0154660902917385 -0.0508729182183743 -0.0154443299397826
vn 1.9322400011388912 -0.7790562661114142 5.9235774489936484
v 0.0156902596354485 -0.0427089296281338 -0.0153480097651482
vn 1.3266533232183932 -0.3831392374600506 6.1206577314312423
v 0.0131136104464531 -0.0456525012850761 -0.0149648096412420
vn 2.2025592758906947 -1.3099403553544087 5.7326175760058158
v 0.0156875196844339 -0.0415878817439079 -0.0151460096240044
vn 1.6963670507007946 -1.1144607664745760 5.9418092918065364
v 0.0130801200866699 -0.0434541702270508 -0.0146566601470113
vn 1.0512966127524059 -0.7379481168953179 6.1422693532017760
v 0.0105385100468993 -0.0461032912135124 -0.0145025802776217
vn 0.7324829500254929 -1.9478903545385795 5.9234365637684769
v 0.0052744150161743 -0.0448033213615417 -0.0133700901642442
vn 0.2919247903487866 -1.3959440020028224 6.1124264955809551
v 0.0026478169020265 -0.0468527004122734 -0.0137303397059441
vn -0.0185443515540862 -0.6674226585003726 6.2412976779441358
v 0.0000000000000000 -0.0489668808877468 -0.0140164997428656
vn 0.3481680466172884 -0.0839027283602101 6.2716312236217746
v 0.0052659511566162 -0.0514114983379841 -0.0142885399982333
vn -0.0060583122381372 -0.0688101726253197 6.2800882743283371
v 0.0000000000000000 -0.0514820814132690 -0.0141423903405666
vn 0.0564740776880965 0.2449762804140661 6.2756339289589445
v 0.0000000000000000 -0.0557726584374905 -0.0140315201133490
vn 0.0026295577024421 0.5040257840466775 6.2446611866169048
v 0.0000000000000000 -0.1391413956880569 -0.0050597190856934
vn 0.0041849792057139 0.6557322509960952 6.2316450900194003
v 0.0000000000000000 -0.1226601973176003 -0.0065910220146179
vn 0.0056738787964577 0.8023157487162347 6.2174215528149332
v 0.0000000000000000 -0.1062401011586189 -0.0085490336641669
vn 0.0102803629558048 0.7646128762011402 6.2301715207576960
v 0.0000000000000000 -0.0876070186495781 -0.0111788501963019
vn 0.0800557795623535 0.5165668793554643 6.2588256096085697
v 0.0000000000000000 -0.0676028132438660 -0.0133529901504517
vn 1.9279692352074096 -1.6386325310594563 5.7471215925575896
v 0.0130483498796821 -0.0424179397523403 -0.0144001198932528
vn 2.4328335985636027 -1.8352168004961973 5.4905309131919982
v 0.0156771503388882 -0.0405089184641838 -0.0148396398872137
vn 2.5760014749142650 -2.2640930601564189 5.2613422073341658
v 0.0156696401536465 -0.0399935804307461 -0.0146383596584201
vn 2.7003156764621710 -2.7023820068826505 4.9831608757178509
v 0.0156608205288649 -0.0395051799714565 -0.0143989901989698
vn 3.1441622406275673 -2.9637364192140554 4.5558230391507228
v 0.0183356404304504 -0.0378380417823792 -0.0150498701259494
vn 3.2312090432014839 -3.3765218108565431 4.1949097683933525
v 0.0183377806097269 -0.0376161895692348 -0.0148892402648926
vn 3.2913771152622853 -3.7633813386876596 3.7984620332915093
v 0.0183396898210049 -0.0374159812927246 -0.0147132202982903
vn 3.6688664140086686 -3.9995125630795525 3.1526379682207586
v 0.0209782700985670 -0.0357728600502014 -0.0155227100476623
vn 3.9930388387345901 -4.2329401408727758 2.3464771564576155
v 0.0235496703535318 -0.0339319109916687 -0.0163441300392151
vn 4.2561683016209475 -4.3710220182742745 1.4684510503390882
v 0.0260403696447611 -0.0319026708602905 -0.0171310901641846
vn 4.5459844282590911 -4.1054797394664693 1.3654000012767220
v 0.0284181199967861 -0.0297874808311462 -0.0181732699275017
vn 4.8191436509939072 -3.8107585902877923 1.2852151542524703
v 0.0306802298873663 -0.0274564605206251 -0.0191818997263908
vn 5.0754593503487309 0.0328658957144004 3.6822811702953260
v 0.0330198407173157 -0.1287781000137329 -0.0175010506063700
vn 4.7629685094590375 0.1196759698006876 4.0420252596261772
v 0.0342250987887383 -0.1062571033835411 -0.0195881705731153
vn 4.8216883447066907 0.1322992397893752 3.9838923293459843
v 0.0335514508187771 -0.1062451973557472 -0.0186004601418972
vn 4.8801743641212649 0.1551275112538676 3.9337221969649940
v 0.0349853597581387 -0.0920526906847954 -0.0209045391529799
vn 3.7967288028126491 0.1244009367784049 4.9957892744612051
v 0.0350154601037502 -0.0561250410974026 -0.0221901498734951
vn 3.3831886529864330 0.2628736819452434 5.2812017813068470
v 0.0325490795075893 -0.0692306086421013 -0.0200983192771673
vn 2.8828229465400654 0.3436023490925519 5.5684286638222211
v 0.0305864196270704 -0.0690273568034172 -0.0189894996583462
vn 3.0571652839950936 0.4538429084819354 5.4659257957728276
v 0.0299364291131496 -0.0881204009056091 -0.0172148905694485
vn 3.8943926969421798 0.1950442639329100 4.9201383409859947
v 0.0343682095408440 -0.0694430992007256 -0.0213887598365545
vn 3.5514410623573909 0.3770708011269883 5.1609377227207762
v 0.0318469405174255 -0.0881969332695007 -0.0183811094611883
vn 3.2708748166046506 0.4170824408995920 5.3402539267035847
v 0.0292237903922796 -0.1062450036406517 -0.0151550704613328
vn 3.7551379305237704 0.3273419587083892 5.0137127907806125
v 0.0310760103166103 -0.1062451973557472 -0.0163969304412603
vn 4.2418613778890029 0.2444212909269918 4.6166397743806895
v 0.0327770709991455 -0.1062451973557472 -0.0178158804774284
vn 4.0568548135866660 0.2934283312325704 4.7805772688935075
v 0.0336103402078152 -0.0882776305079460 -0.0197279993444681
vn 4.1375956185940943 0.1896313325463381 4.7240849513732570
v 0.0352039895951748 -0.0695524215698242 -0.0221145097166300
vn 4.6083261734408048 0.0250398128152957 4.2708920159066315
v 0.0362228713929653 -0.0641122981905937 -0.0232430100440979
vn 4.8719837240480039 0.0591560013668117 3.9618849738888238
v 0.0318671390414238 -0.1391676962375641 -0.0158954802900553
vn 5.1930062166000832 0.0076102145269322 3.5203529614577280
v 0.0325974784791470 -0.1391762942075729 -0.0168554708361626
vn 3.8221163866200305 0.2563151692397406 4.9559242059083441
v 0.0302823707461357 -0.1227054968476295 -0.0148436399176717
vn 4.4886173340022992 0.1444583338322856 4.3704201688675139
v 0.0319214984774590 -0.1227070018649101 -0.0163123607635498
vn 3.5851033693836349 0.2448900819803072 5.1459038495080129
v 0.0278273206204176 -0.1391661018133163 -0.0122348600998521
vn 2.4559176676121206 0.3700097355620079 5.7579220786304095
v 0.0220289193093777 -0.1391606926918030 -0.0091049065813422
vn 3.0670388085300697 0.3063398977100217 5.4630620860522807
v 0.0259748101234436 -0.1391647011041641 -0.0110584404319525
vn 2.3415093732081349 0.4802640950717265 5.7976545865197355
v 0.0225426498800516 -0.1226930990815163 -0.0105165196582675
vn 3.0421953423983856 0.3803784170896902 5.4624028686131840
v 0.0265851598232985 -0.1227004006505013 -0.0124085498973727
vn 2.1887613104308223 0.6019679275311245 5.8465754157255301
v 0.0231131892651320 -0.1062439978122711 -0.0122653199359775
vn 2.7542937862551544 0.5108063308546786 5.6132065082411300
v 0.0272624995559454 -0.1062448024749756 -0.0140650197863579
vn 2.0062938263099563 0.5994729595317220 5.9175159587545663
v 0.0236672107130289 -0.0879186317324638 -0.0145408501848578
vn 2.5534034378911796 0.5240125783685906 5.7107386733120435
v 0.0279196500778198 -0.0880483910441399 -0.0161996409296989
vn 1.8739833176205087 0.4220026492285027 5.9776569249050526
v 0.0241746306419373 -0.0684821605682373 -0.0164727494120598
vn 2.4153930500895981 0.3864792800301933 5.7824219772482692
v 0.0285203400999308 -0.0688343569636345 -0.0180299207568169
vn 1.8514880391631490 0.3298175836157455 5.9882877597037307
v 0.0246188603341579 -0.0559404417872429 -0.0172699000686407
vn 2.4645234979108439 0.2928294329359853 5.7579276501082610
v 0.0290445592254400 -0.0560080409049988 -0.0188452005386353
vn 1.8787275430844592 0.4748598998023016 5.9673431511264363
v 0.0249866191297770 -0.0498444400727749 -0.0177547894418240
vn 4.5332801059889229 0.1174509925921193 4.3379357821320834
v 0.0311528407037258 -0.1391676068305969 -0.0150723401457071
vn 4.6932414459503295 0.0827458214571627 4.1566614813597926
v 0.0305914208292961 -0.1556095927953720 -0.0141067495569587
vn 5.2085776861991038 0.0027236769487763 3.4874052554220230
v 0.0319299101829529 -0.1556109040975571 -0.0158352795988321
vn 5.2366068580402834 0.0056512721322896 3.4701572276230457
v 0.0315362215042114 -0.2050002068281174 -0.0147427301853895
vn 5.2271488329196210 0.0442138907519935 3.4450015473826090
v 0.0315393209457397 -0.1859187930822372 -0.0147785497829318
vn 4.7315076662390005 0.0797144117405244 4.1125953934376849
v 0.0303132496774197 -0.1720352023839951 -0.0134180700406432
vn 5.2609885542874784 0.0537091651071056 3.4011724595939450
v 0.0317064486443996 -0.1720415055751801 -0.0152509799227118
vn 5.2050582925311346 0.0338777750488522 3.4957960430204880
v 0.0318936109542847 -0.1565040051937103 -0.0157798491418362
vn 4.0712916687287004 0.1794685261747958 4.7699163302355254
v 0.0295682493597269 -0.1391671001911163 -0.0135670304298401
vn 3.6863477400225726 0.1849106267441707 5.0766475611559123
v 0.0273437500000000 -0.1556095033884048 -0.0112194400280714
vn 4.1649203012813940 0.1410951787037238 4.6900888574573232
v 0.0290464106947184 -0.1556095033884048 -0.0125766899436712
vn 3.7392363715705770 0.1213517697966038 5.0385049623578642
v 0.0271050296723843 -0.1720325052738190 -0.0105024501681328
vn 4.2155105786399645 0.0999651119978957 4.6443967053810198
v 0.0287881400436163 -0.1720336973667145 -0.0118741299957037
vn 3.7605811432552336 -0.0008254825441030 5.0221433060954794
v 0.0270391106605530 -0.2049999982118607 -0.0099287619814277
vn 4.2347374622112994 -0.0008279397408889 4.6255976355922845
v 0.0287157204002142 -0.2049999982118607 -0.0113070597872138
vn 3.7392368182060873 -0.1205246139183906 5.0384871722592619
v 0.0271050296723843 -0.2379674017429352 -0.0105024501681328
vn 4.2154890813965107 -0.0991361233224520 4.6443890590710959
v 0.0287881400436163 -0.2379661947488785 -0.0118741299957037
vn 4.1649207635188583 -0.1410950656072604 4.6900883520321113
v 0.0290464106947184 -0.2543905079364777 -0.0125766899436712
vn 4.5361231320573498 -0.1112062463417903 4.3354601880307984
v 0.0311528407037258 -0.2708323001861572 -0.0150723401457071
vn 3.2149579589039199 -0.1411549824714121 5.3829938925938308
v 0.0253090802580118 -0.2379682064056396 -0.0092890849336982
vn 3.2366647503698855 -0.0003991260189172 5.3697801457535164
v 0.0252487007528543 -0.2049999982118607 -0.0087084174156189
vn 2.5990061221656937 -0.0000001321682361 5.7034191792634612
v 0.0214185696095228 -0.2049999982118607 -0.0066779851913452
vn 3.2126928208703123 0.1447014929329181 5.3840895845541263
v 0.0253090802580118 -0.1720317006111145 -0.0092890849336982
vn 2.5780461083862600 0.1692064475173464 5.7121399779713835
v 0.0214689895510674 -0.1720307022333145 -0.0072723031044006
vn 4.4950253943270049 -0.1416093906917219 4.3648824285639938
v 0.0319214984774590 -0.2872929871082306 -0.0163123607635498
vn 4.0686207952690374 -0.1745183823985717 4.7726206033115259
v 0.0295682493597269 -0.2708328068256378 -0.0135670304298401
vn 3.6863436413358488 -0.1849115398772599 5.0766501869145717
v 0.0273437500000000 -0.2543905079364777 -0.0112194400280714
vn 1.8573307679082915 0.4253387641321132 5.9779602510762126
v 0.0178671404719353 -0.1391558945178986 -0.0075988760218024
vn 1.7672659900677172 0.5511636006931532 5.9952573489988223
v 0.0182899795472622 -0.1226847022771835 -0.0090591311454773
vn 1.6418261544156565 0.6811012743690991 6.0184264561947112
v 0.0187606196850538 -0.1062429994344711 -0.0108855301514268
vn 1.4876924004724026 0.6669370490571376 6.0645476270514393
v 0.0192191004753113 -0.0878091976046562 -0.0132847400382161
vn 1.3809633897023148 0.4623597335539776 6.1096206126682793
v 0.0196378808468580 -0.0681800767779350 -0.0153028899803758
vn 1.3810767282631922 0.3327830902298982 6.1169758910044623
v 0.0199997406452894 -0.0558827482163906 -0.0160695891827345
vn 1.4582542572000783 0.3940445642964780 6.0942085051747306
v 0.0202906094491482 -0.0504134185612202 -0.0164451003074646
vn 2.1614867394921649 0.4523884281340423 5.8800941161660321
v 0.0255204997956753 -0.0418293997645378 -0.0186668001115322
vn 1.3398977326670445 0.4634141857514156 6.1138087775076553
v 0.0135654797777534 -0.1391510069370270 -0.0064749121665955
vn 1.2749154143935275 0.6012155513730625 6.1159013534808384
v 0.0139014096930623 -0.1226762980222702 -0.0079703917726874
vn 1.1803286309318946 0.7382406244378810 6.1208389141963622
v 0.0142782302573323 -0.1062420979142189 -0.0098576536402106
vn 1.0611856416866534 0.7154150131276685 6.1493094078838277
v 0.0146487299352884 -0.0877213999629021 -0.0123584801331162
vn 0.9812177493096630 0.4877907997037152 6.1852204960117723
v 0.0149847203865647 -0.0679342672228813 -0.0144462501630187
vn 0.9912218036419959 0.3125718972398291 6.1946805079418450
v 0.0152633097022772 -0.0558357797563076 -0.0151789700612426
vn 0.7622451910148739 0.4907107320190157 6.2053355278246922
v 0.0091383447870612 -0.1391464024782181 -0.0056873550638556
vn 0.7254611692341016 0.6375385202805071 6.1968877021723952
v 0.0093805193901062 -0.1226684004068375 -0.0072048897854984
vn 0.6707781303832628 0.7802413333157574 6.1885450130540853
v 0.0096549978479743 -0.1062410995364189 -0.0091338148340583
vn 0.6015225415321193 0.7512172763928725 6.2051284401245663
v 0.0099286427721381 -0.0876580998301506 -0.0117079596966505
vn 0.5557892769553047 0.5054906133230823 6.2352704610888710
v 0.0101748099550605 -0.0677529498934746 -0.0138451401144266
vn 0.5859458725252702 0.2662708453138168 6.2472305880249479
v 0.0103689404204488 -0.0558012090623379 -0.0145491296425462
vn 0.7136840329811612 0.0772548090537074 6.2404517586446699
v 0.0104907099157572 -0.0512080714106560 -0.0147278299555182
vn 0.7354333443414227 -0.3830527589763064 6.2233979355107536
v 0.0105434004217386 -0.0484072491526604 -0.0147043997421861
vn 3.1590911036583131 0.2297460724346806 5.4141571223683487
v 0.0255289003252983 -0.1556093990802765 -0.0100196003913879
vn 2.5339063358930889 0.2773820895464514 5.7290481852649364
v 0.0216538906097412 -0.1556095033884048 -0.0080268383026123
vn 1.9172193249696081 0.3149744539893194 5.9656830544799089
v 0.0175589304417372 -0.1556095927953720 -0.0064911837689579
vn 1.3821440920662424 0.3406903107421880 6.1123867925194793
v 0.0133210998028517 -0.1556095927953720 -0.0053470730781555
vn 0.7956945092939519 0.3721339962015586 6.2097458353276833
v 0.0089628687128425 -0.1556096971035004 -0.0045475950464606
vn -0.4496358622553637 -0.2155956573643165 6.2563148725072448
v -0.0044513340108097 -0.2379678934812546 -0.0032716391142458
vn 0.0000014524195423 -0.0000004562913662 6.2752620754402511
v 0.0000000000000000 -0.2049999982118607 -0.0024865260347724
vn 0.4496420923892669 0.2155958311314091 6.2563140540279578
v 0.0044513340108097 -0.1720318943262100 -0.0032716391142458
vn 5.7234832676353724 -2.3289661794430687 1.1275794925025904
v 0.0381076894700527 -0.0160402003675699 -0.0223858300596476
vn -5.7769548580137853 2.4204163857100411 0.4585198884632735
v -0.0381090007722378 -0.3942796885967255 -0.0213905498385429
vn -5.7839182146994403 2.4445349382982715 0.1066950921913444
v -0.0381095409393311 -0.3943670094013214 -0.0206453204154968
vn -5.7830665232905689 2.4382125218431088 -0.0756423597846992
v -0.0381096601486206 -0.3943532109260559 -0.0202634893357754
vn -5.8018328790993410 2.3854036417978510 -0.2812443503449196
v -0.0381100699305534 -0.3943243026733398 -0.0194715801626444
vn -5.1930627416905359 0.0076131187084303 3.5202781463131028
v -0.0325974784791470 -0.1391762942075729 -0.0168554708361626
vn -5.2085809475317753 0.0027203166069024 3.4874007058495851
v -0.0319299101829529 -0.1556109040975571 -0.0158352795988321
vn -5.2032077097761258 0.0407930447631194 3.4993147103656073
v -0.0318936109542847 -0.1565037071704865 -0.0157798491418362
vn -4.7308036299847478 0.0781257101883475 4.1134934452066485
v -0.0303132496774197 -0.1720352023839951 -0.0134180700406432
vn -5.2602512799284256 0.0485298110758128 3.4028741787771994
v -0.0317064486443996 -0.1720415055751801 -0.0152509799227118
vn -5.2271479110654946 0.0442139749192123 3.4450018280698944
v -0.0315393209457397 -0.1859184950590134 -0.0147785497829318
vn -5.7008836174567268 2.2971268210682747 1.2938625298305051
v -0.0381072089076042 -0.3938412964344025 -0.0226143002510071
vn 5.5626896726928710 0.0023166668127696 2.8657362255908883
v 0.0322703681886196 -0.2049999982118607 -0.0158978104591370
vn -4.8749169516195421 -0.3675847409252981 -3.9366861121141294
v -0.0318324491381645 -0.1391506046056747 -0.0289685707539320
vn -4.4808783974415061 -0.3473127564979384 -4.3848353925243160
v -0.0308338403701782 -0.1391500979661942 -0.0300809703767300
vn -4.6592549175807205 -0.1756685658607123 -4.2058917881012130
v -0.0301026701927185 -0.1720573008060455 -0.0287691894918680
vn -4.8310349937564609 0.1019494290407626 3.9379184560603466
v -0.0346917510032654 -0.1062451004981995 -0.0200338307768106
vn -5.4187921755228192 -0.0037026391183927 3.1710175393289703
v -0.0350658185780048 -0.1062448024749756 -0.0206261202692986
vn -5.5709242368149932 -0.0583406191432895 2.8985399946211241
v -0.0332796499133110 -0.1391663998365402 -0.0180326700210571
vn -5.7506522598634131 -0.0974172736636144 2.5213804767817036
v -0.0335928685963154 -0.1391651034355164 -0.0186858698725700
vn -1.3221948580104887 0.0344160814050360 -6.1349618348652237
v -0.0214295908808708 -0.0137748103588820 -0.0407766103744507
vn -0.8942050309627901 0.0675631906442825 -6.2151727993109436
v -0.0145388199016452 -0.0113981300964952 -0.0419428311288357
vn -0.8180109231261730 -0.0439891180267654 -6.2242804249653112
v -0.0132011100649834 -0.0410278402268887 -0.0421635508537292
vn -0.2579401704156632 3.3634086862637149 -5.2753022234759346
v -0.0022140739019960 0.0324897691607475 -0.0351842008531094
vn 0.0001727168654922 3.3778418514263366 -5.2731254209509446
v -0.0000003338790009 0.0325550995767117 -0.0351969003677368
vn -0.0003463411147528 2.7359088414842696 -5.6379157089345142
v -0.0000003282210059 0.0290409903973341 -0.0371251702308655
vn 0.0339629342962440 6.2028379012881043 -0.7575021591898835
v -0.0000003569469982 0.0409619808197021 -0.0229064803570509
vn -1.1427992655268722 6.0636321360455616 -0.8987095375061462
v -0.0070456857793033 0.0403334386646748 -0.0228772107511759
vn -0.7660083861460982 6.1591397294860357 -0.8015197314280041
v -0.0047162771224976 0.0406810604035854 -0.0228933002799749
vn -0.7395878543696464 6.0116657687745025 -1.5696738541235655
v -0.0046785469166934 0.0402984581887722 -0.0248331408947706
vn -2.1154311073699432 5.8245600962461976 -0.8185103717570006
v -0.0138419801369309 0.0384914800524712 -0.0227926895022392
vn -2.7518228958475515 5.3892170516378881 -1.5967687037882756
v -0.0180181805044413 0.0362486802041531 -0.0245616398751736
vn -2.7191222166400131 5.2032374487254760 -2.1526838897257408
v -0.0178875904530287 0.0357049703598022 -0.0263179503381252
vn -3.2373672647344751 4.9161986754032014 -2.1360243754119757
v -0.0219177603721619 0.0333709716796875 -0.0261164307594299
vn -6.2549791944107564 -0.3323050358840602 -0.3345720962830510
v -0.0380251407623291 -0.0704447031021118 -0.0280213896185160
vn -6.2564006189560324 -0.2883439216193581 0.3790329167728073
v -0.0380253717303276 -0.0703591704368591 -0.0273684803396463
vn -6.2702697319484155 -0.3448200514894039 0.1732124171264059
v -0.0387685187160969 -0.0563024803996086 -0.0280359908938408
vn -5.1124581903652206 -0.0021614092999245 3.6415600959351448
v -0.0388293191790581 -0.0394910499453545 -0.0262831393629313
vn -5.3649275760339279 -0.0662963297903102 3.2590084372358481
v -0.0391416512429714 -0.0390816293656826 -0.0267543103545904
vn -5.5477820798507427 -0.1351567690820897 2.9321126343042136
v -0.0387110710144043 -0.0469143912196159 -0.0262725893408060
vn -4.4790636486563473 0.1928151369163082 4.3848544124129436
v -0.0380629301071167 -0.0402442812919617 -0.0253446102142334
vn -3.5398688332223447 0.8821273055436980 -5.0982835298994216
v -0.0353313013911247 -0.0005493159987964 -0.0351284705102444
vn -3.8801856581452636 1.1006427927952924 -4.8024113784559450
v -0.0355953499674797 0.0022324318997562 -0.0343846008181572
vn -3.5460550258085686 1.1731539191748872 -5.0269461500882366
v -0.0343813300132751 0.0039325947873294 -0.0349153801798820
vn -5.2111199125089405 2.2204258886400363 -2.6943390386627857
v -0.0368115305900574 0.0135242296382785 -0.0280958395451307
vn -5.3800188289242952 2.3590484865515964 -2.1785872903828518
v -0.0369486212730408 0.0143914800137281 -0.0270116291940212
vn -5.1952699553252479 2.5868705128805636 -2.3594183545111584
v -0.0358428284525871 0.0164946895092726 -0.0272888503968716
vn -5.4760334552684560 1.2896155358044470 -2.7526444600461488
v -0.0391988083720207 0.0039905901066959 -0.0294598303735256
vn -5.7095258632075359 1.0623600079767015 -2.3492560620717358
v -0.0398871302604675 0.0018323060357943 -0.0289462208747864
vn -5.8665250242626241 1.1587941657933312 -1.8682693084402340
v -0.0400328598916531 0.0038163659628481 -0.0274936500936747
vn -5.6817235321778430 1.4199441351804183 -2.2160459186554071
v -0.0393805988132954 0.0060616731643677 -0.0279284697026014
vn -5.9977604628837948 1.2240870745775847 -1.3456548495365697
v -0.0401783511042595 0.0054109687916934 -0.0257460996508598
vn -5.8579778336816029 1.5184647845307453 -1.6153234016427607
v -0.0395627617835999 0.0077284569852054 -0.0260899607092142
vn -6.0996791240329280 1.1860377878931254 -0.8253073055720415
v -0.0403238497674465 0.0064821238629520 -0.0236802101135254
vn -6.1311049395150414 0.4901110222905952 -1.1927697059363089
v -0.0408099815249443 -0.0025801060255617 -0.0277982298284769
vn -6.1840449478622830 0.4713225305379342 -0.9176504820273848
v -0.0408871099352837 -0.0007750929798931 -0.0265265107154846
vn -6.0478081703401658 0.8385629362716798 -1.4190335514800669
v -0.0405415818095207 0.0015353560447693 -0.0270275995135307
vn -6.1289929499421287 0.8685116898756602 -1.0077181961324664
v -0.0406505391001701 0.0030562279280275 -0.0253787599503994
vn -6.2491109993637926 0.4510041908442397 -0.1748357966467025
v -0.0411136113107204 0.0021410579793155 -0.0210578404366970
vn -5.9686088005601130 -1.6060208292776199 1.1160702962592080
v -0.0395294390618801 -0.0123613402247429 -0.0232903305441141
vn -6.0584274752796095 -1.3914865623098247 0.8875197946890454
v -0.0399572215974331 -0.0108188902959228 -0.0234601404517889
vn -5.9696114732447789 -1.3335949611936058 1.4242036616900979
v -0.0399353504180908 -0.0118540497496724 -0.0245905499905348
vn -6.2036374725858865 -0.9505647421304917 0.1136125281204311
v -0.0407056212425232 -0.0064625740051270 -0.0206352993845940
vn 5.4304722967275785 -0.0305306495292217 3.1589872635466612
v 0.0329209491610527 -0.1391672939062119 -0.0173936393111944
vn 5.6636574102962758 0.0202390792531822 2.7001693252201933
v 0.0323572084307671 -0.1720385998487473 -0.0164489708840847
vn 5.3860880180082864 -0.4913753333355076 -3.1938272206481328
v 0.0342537090182304 -0.1226866021752357 -0.0274545494467020
vn 5.4461003962743169 -0.5204195842274661 -3.0806344936880592
v 0.0351355597376823 -0.1062413975596428 -0.0286596994847059
vn 5.6755426623145437 -0.4996997653022345 -2.6364927020436464
v 0.0354834683239460 -0.1062415018677711 -0.0279851499944925
vn 3.1836041099550179 -0.3131689077302621 -5.4002292239597214
v 0.0260772705078125 -0.1391489952802658 -0.0336952209472656
vn 3.7003339682899345 -0.3296695533817910 -5.0606914984537825
v 0.0285757705569267 -0.1391493976116180 -0.0320425592362881
vn 3.8898404578769652 -0.1660328139648813 -4.9247804617200295
v 0.0279468800872564 -0.1720599979162216 -0.0307989697903395
vn 3.3693500669508567 -0.1601295616375453 -5.2928170436247584
v 0.0255384407937527 -0.1720622926950455 -0.0325211212038994
vn 2.7352051045951074 -0.1580952687403314 -5.6434133480614346
v 0.0229602400213480 -0.1720643937587738 -0.0339762493968010
vn 2.6696983364453954 -0.2861282776985910 -5.6757618124012055
v 0.0234193801879883 -0.1391489952802658 -0.0350856706500053
vn 6.2703040318111638 -0.3441204914715232 0.1727511576143700
v 0.0387685187160969 -0.0563024803996086 -0.0280360504984856
vn 6.2494085840071634 -0.3377915192016047 0.3844369281129428
v 0.0393772684037685 -0.0461871586740017 -0.0284427404403687
vn 6.1637886453775330 -0.3008373766571018 1.1224339141014130
v 0.0392957292497158 -0.0463638901710510 -0.0278604608029127
vn 5.2857364168159986 0.0296425449352831 3.3709061724398355
v 0.0393118783831596 -0.0354402586817741 -0.0270149707794189
vn 5.3517696702413939 -0.0409074692585401 3.2811147095547679
v 0.0391415283083916 -0.0390816293656826 -0.0267543699592352
vn 5.5424097094905935 -0.0923314798765855 2.9510277479968021
v 0.0392798110842705 -0.0388705693185329 -0.0269936900585890
vn 5.9270186855104301 -0.1854525228501298 2.0737672116039660
v 0.0403383895754814 -0.0223325993865728 -0.0287575703114271
vn 6.0735719142912394 -0.2045630751889413 1.5888849025331533
v 0.0404218994081020 -0.0218559503555298 -0.0289788208901882
vn 6.0799667170146297 -0.2920644769919170 1.5204750655863017
v 0.0405385382473469 -0.0179255008697510 -0.0288140699267387
vn 5.6285438810690591 -0.3337082763068803 2.7712260522018655
v 0.0402241908013821 -0.0196020603179932 -0.0282101593911648
vn 5.8514021762485458 -0.3254251057505997 2.2604205800153303
v 0.0403463803231716 -0.0190349202603102 -0.0284079294651747
vn 5.8889245131744747 -0.4589433429700059 2.1235937658744750
v 0.0403952486813068 -0.0171779301017523 -0.0282018706202507
vn 5.5934759538827192 -1.8687961902559402 2.1434606255838595
v 0.0385916791856289 -0.0159642603248358 -0.0239485502243042
vn 5.3721404634502417 -1.6156770796640396 2.8178868107795236
v 0.0385875105857849 -0.0171241704374552 -0.0247434303164482
vn 5.9414908125817361 -1.9549182409639199 0.5437337319554819
v 0.0390761382877827 -0.0132380696013570 -0.0218554697930813
vn 6.2531806604096616 -0.2180704685324687 -0.3012682898376428
v 0.0405784808099270 -0.0200817491859198 -0.0299223605543375
vn 6.1490809867168119 -0.1980125056843865 -1.1641604868243669
v 0.0405439697206020 -0.0192822199314833 -0.0304458104074001
vn 6.1870410212967739 -0.0936870344321534 -0.9812344439076481
v 0.0406839810311794 -0.0149737503379583 -0.0301635805517435
vn 4.2273493929764232 0.0390063974656732 -4.6301229592441615
v 0.0384151302278042 -0.0140442801639438 -0.0338900014758110
vn 4.4782562250811129 0.0102161265166862 -4.3865528413671617
v 0.0388597212731838 -0.0147786103188992 -0.0334663912653923
vn 4.2349333904528841 -0.2128434717663331 -4.6241785340319392
v 0.0382634885609150 -0.0247103497385979 -0.0337009392678738
vn 3.8655814658659700 -0.2761782928307389 -4.9348262666379314
v 0.0358843803405762 -0.0446103811264038 -0.0346364304423332
vn 3.3562924900428608 -0.2281944914635073 -5.2950296217645567
v 0.0346273705363274 -0.0443090200424194 -0.0355427786707878
vn 3.3062459735551366 -0.1354982809617682 -5.3280007666261824
v 0.0360996089875698 -0.0226058904081583 -0.0354236289858818
vn 5.8608719638277709 1.5196581755029279 -1.6157939581027829
v 0.0395626984536648 0.0077285170555115 -0.0260899607092142
vn 5.7115997227796900 1.7968145466025822 -1.8456701319530007
v 0.0388141199946404 0.0100021297112107 -0.0264137294143438
vn 5.8510586202724069 1.8819443742200943 -1.2386715808229005
v 0.0390310212969780 0.0111750904470682 -0.0241461899131536
vn 2.6587930632973142 0.7385968559152190 -5.6268186391480919
v 0.0310801193118095 0.0010387300280854 -0.0373278185725212
vn 2.4604509011792697 0.7745511603711321 -5.7125379172916375
v 0.0296084191650152 0.0024039139971137 -0.0378082282841206
vn 2.8569891973800030 1.2768045652504025 -5.4310518874955456
v 0.0302439294755459 0.0086945286020637 -0.0363360010087490
vn 1.9413147067021719 -0.3466283502911409 -5.9628533612194117
v 0.0213332697749138 -0.1062405034899712 -0.0377532802522182
vn 1.5329310310042064 -0.3097360772139261 -6.0811810645105577
v 0.0183658003807068 -0.1062405034899712 -0.0386204682290554
vn 1.3577203854916475 -0.2844898877376379 -6.1197036197228538
v 0.0187940001487732 -0.0726481005549431 -0.0403843484818935
vn 0.6041902705325207 -0.1297589606372896 -6.2463483102202311
v 0.0059092640876770 -0.1720715016126633 -0.0385705791413784
vn 0.5625636935397265 -0.2001415004779505 -6.2489685092918004
v 0.0060054059140384 -0.1391520053148270 -0.0394567809998989
vn 1.1641628962343340 -0.2195415094486936 -6.1634212103174972
v 0.0119646703824401 -0.1391506940126419 -0.0386401414871216
vn 1.0711507213978539 0.0652683089265139 -6.1884136854899658
v 0.0180325508117676 -0.0124861001968384 -0.0414189100265503
vn 1.3176641305246113 0.0505692007018180 -6.1404314812504079
v 0.0214295294135809 -0.0137746902182698 -0.0407766103744507
vn 1.2993200493231361 -0.0703110542971971 -6.1397981040840026
v 0.0196955800056458 -0.0417323112487793 -0.0410706400871277
vn 2.6549102425243878 1.3355004195723730 -5.5185503675264549
v 0.0287155508995056 0.0101549001410604 -0.0367565713822842
vn 1.2131732261879371 0.3755987686084066 -6.1424002409419840
v 0.0190364103764296 0.0019954440649599 -0.0409387908875942
vn 0.8434277107461909 0.0774379461380530 -6.2236356164487843
v 0.0145386401563883 -0.0113980099558830 -0.0419428311288357
vn 1.9687956741132822 2.0096627312097763 -5.6022601086760471
v 0.0204304400831461 0.0197788998484612 -0.0373024307191372
vn 2.1639231625404687 2.4305471753628396 -5.3561708527101253
v 0.0207224991172552 0.0231608096510172 -0.0358288809657097
vn 2.5822212376623530 2.3060947937311704 -5.2236702646127666
v 0.0243758503347635 0.0207113604992628 -0.0352870188653469
vn 3.4336615401174724 5.1505672960223929 -0.9527280915790024
v 0.0222201291471720 0.0342682003974915 -0.0226023700088263
vn 3.7122849433551899 4.9577325269791768 -0.9027584675696557
v 0.0241535902023315 0.0329191014170647 -0.0225419905036688
vn 3.3190617570748069 5.0679825180619265 -1.6039889419765199
v 0.0220686104148626 0.0339026413857937 -0.0244066696614027
vn 0.3926803840760232 -0.1478563396714165 -6.2642737453558146
v 0.0063865780830383 -0.0568594299256802 -0.0425936505198479
vn 0.3995286829468865 -0.2419556031201497 -6.2618351269621089
v 0.0062693948857486 -0.0732492208480835 -0.0420431382954121
vn -0.0000945186542680 -0.2382748683956261 -6.2750695394011426
v -0.0000002351400070 -0.0733324810862541 -0.0422345884144306
vn -0.0000169923390615 -0.1461167999462184 -6.2768965841246063
v -0.0000002394820058 -0.0568753406405449 -0.0427893884480000
vn 0.0000448311164351 -0.0323603765941824 -6.2789681902308514
v -0.0000002480529986 -0.0404168888926506 -0.0430004000663757
vn 0.3948378801828730 -0.0355843209609808 -6.2663393539959831
v 0.0066077108494937 -0.0405760407447815 -0.0427942797541618
vn 2.4986667006659262 5.6556155418324465 -0.9565889512280715
v 0.0160214900970459 0.0376192890107632 -0.0227531101554632
vn 0.8069187375425009 2.2037130163320962 -5.8137169175044630
v 0.0084867468103766 0.0244590602815151 -0.0384603105485439
vn 0.8926825942482223 2.6836758427354201 -5.5928275089243371
v 0.0086269369348884 0.0280587598681450 -0.0369073711335659
vn 1.3231927063509275 2.6204675603168464 -5.5373966145896549
v 0.0128112398087978 0.0268613100051880 -0.0366431400179863
vn 0.8554521136610516 4.0402503415275222 -4.6994548984115259
v 0.0067126750946045 0.0351309701800346 -0.0327556692063808
vn 1.1299905490482836 3.9627667290247790 -4.7131890738122504
v 0.0089119672775269 0.0346710607409477 -0.0326816402375698
vn 1.0088586076357329 3.3050870795431666 -5.2230020490759461
v 0.0087687959894538 0.0315317511558533 -0.0349994301795959
vn 0.2582129358980569 3.3640770511424405 -5.2747737058479833
v 0.0022134780883789 0.0324898287653923 -0.0351842008531094
vn 0.5122286946123851 3.3593471564406365 -5.2602469856806531
v 0.0044164061546326 0.0322958789765835 -0.0351466499269009
vn 0.4517163326453556 2.7228672617497049 -5.6264587350313029
v 0.0043429732322693 0.0287920795381069 -0.0370697304606438
vn 0.7614091132817267 6.1616780042522095 -0.7590220192015036
v 0.0047156810760498 0.0406811200082302 -0.0228933002799749
vn 5.7614024354711804 1.9956786746028570 1.5088906995386269
v 0.0385941788554192 -0.3949182927608490 -0.0229519605636597
vn 6.2617350486530281 0.4360094754648361 0.1164592431189865
v 0.0410049483180046 -0.4055728018283844 -0.0241712909191847
vn 6.2567796574464545 0.4127430659898933 0.2339360257848029
v 0.0409611985087395 -0.4042952060699463 -0.0254906397312880
vn 6.1600794447714593 0.8472188271114393 0.8716804603236304
v 0.0406010709702969 -0.4012941122055054 -0.0250292401760817
vn 5.3650662952004451 1.6197536572697195 2.8324830755048604
v 0.0385875105857849 -0.3928757905960083 -0.0247434303164482
vn 6.2624262896138996 0.0089232067478432 -0.3437378996364456
v 0.0409856997430325 -0.4051755964756012 -0.0271613001823425
vn 6.2505631849732071 -0.0163583265900116 -0.4656973108374354
v 0.0409295484423637 -0.4032664895057678 -0.0281063895672560
vn 6.2510305263561854 0.3438579334729497 0.3769034570865062
v 0.0409159585833549 -0.4026885926723480 -0.0265651904046535
vn 6.2481515691021601 -0.4373288876225893 -0.1502658130501917
v 0.0411136113107204 -0.4121411144733429 -0.0210578404366970
vn 6.2214009219124096 -0.4820782362169894 -0.6485671168667343
v 0.0409632287919521 -0.4106707870960236 -0.0249847099184990
vn 6.2454099926519833 -0.4672483689996501 -0.4184811513761366
v 0.0410386882722378 -0.4116345942020416 -0.0231511499732733
vn 6.1757044978569793 -0.9450684201602086 -0.4468875646827897
v 0.0407590195536613 -0.4140743911266327 -0.0234246794134378
vn 6.1290143875929477 -0.8685087732288895 -1.0076561752827846
v 0.0406504794955254 -0.4130564033985138 -0.0253787599503994
vn 6.0477310824014925 -0.8385438364900309 -1.4191990231804230
v 0.0405415818095207 -0.4115355014801025 -0.0270277205854654
vn 6.1840931552509550 -0.4712766635604949 -0.9174385351981322
v 0.0408870503306389 -0.4092249870300293 -0.0265265703201294
vn 6.1310790655233411 -0.4901872037464844 -1.1927801920892169
v 0.0408099815249443 -0.4074198901653290 -0.0277982894331217
vn 6.1881380561567862 -0.2249620752056186 -1.0134278263935679
v 0.0408599302172661 -0.4043420851230621 -0.0284752193838358
vn 5.5489778448669744 -0.7542443860347257 -2.8251760478676124
v 0.0399224087595940 -0.4063419103622437 -0.0307745300233364
vn 5.7179087580124568 -0.6191056090158916 -2.5041951561661460
v 0.0402107797563076 -0.4053401052951813 -0.0304207205772400
vn 5.8262364358714986 -0.7451823888215870 -2.1752467544346277
v 0.0403218194842339 -0.4075337052345276 -0.0295140706002712
vn 5.9901432227866849 0.1518000690977013 1.8721629118672696
v 0.0400620102882385 -0.3798489868640900 -0.0284352302551270
vn 5.8431418245793809 0.1152789104621590 2.2931763841125639
v 0.0399701483547688 -0.3795059025287628 -0.0281968098133802
vn 5.7539929302079091 0.1705402332534687 2.5161885813382256
v 0.0402380786836147 -0.3871813118457794 -0.0285407900810242
vn 5.2128873770353676 -0.4420676045883353 -3.4610094205885860
v 0.0396635495126247 -0.4016979038715363 -0.0320973917841911
vn 4.9459037273211610 -0.5234957786930853 -3.8169033930466201
v 0.0393019914627075 -0.4025922119617462 -0.0324887000024319
vn 4.7540528503609636 -0.3490719343770770 -4.0733464295081099
v 0.0391548797488213 -0.4001600146293640 -0.0329363904893398
vn 4.5860190428338177 -0.6139476326412476 -4.2277580463878337
v 0.0384755693376064 -0.4043597877025604 -0.0332230292260647
vn 4.3705018483192930 -0.4203470185445488 -4.4741921745532283
v 0.0382960997521877 -0.4018265902996063 -0.0337072610855103
vn 3.5461384544429690 -1.1731436640841895 -5.0268833460174580
v 0.0343812108039856 -0.4139328896999359 -0.0349154397845268
vn 3.3471522624243910 -1.1744461641957318 -5.1605843507106908
v 0.0330812297761440 -0.4155794084072113 -0.0354165397584438
vn 2.8550407156233395 -0.6946611147184387 -5.5320751751161561
v 0.0324842296540737 -0.4096184968948364 -0.0368168912827969
vn 5.2957314446725210 0.0811316008980693 3.3705066951937357
v 0.0384159609675407 -0.3629077076911926 -0.0257741808891296
vn 5.0380835553061090 0.0284058748104301 3.7457206303163897
v 0.0380747318267822 -0.3627375066280365 -0.0252817198634148
vn 4.8256190338648768 -0.0889216926897198 4.0123754093252870
v 0.0384728908538818 -0.3701207935810089 -0.0258173905313015
vn 5.8855736668244258 0.1563286074848189 2.1805709717969939
v 0.0376513004302979 -0.3399108052253723 -0.0255971495062113
vn 5.6821935898855305 0.1079253387897300 2.6703491485567521
v 0.0374222882091999 -0.3400014042854309 -0.0250490307807922
vn 5.5479525148373394 0.1351456669392559 2.9318482000032020
v 0.0387110114097595 -0.3630855977535248 -0.0262726508080959
vn 6.2515712677786075 0.3667738753398280 -0.3461784518861624
v 0.0387720987200737 -0.3536809086799622 -0.0286794304847717
vn 6.1535843787279640 0.3905468991123144 -1.1394325040718869
v 0.0386888906359673 -0.3536649048328400 -0.0293776895850897
vn 6.1655454147866227 0.3719801058868946 -1.0850775897087603
v 0.0379415713250637 -0.3394725024700165 -0.0287228208035231
vn 3.8060402717985058 0.1711096224206926 -4.9840812102610164
v 0.0372356101870537 -0.3863508999347687 -0.0346058607101440
vn 3.3099423859729331 0.1258228586181852 -5.3261620847919371
v 0.0360996089875698 -0.3873941004276276 -0.0354236289858818
vn 3.3545517296507614 0.2294680694986697 -5.2964643079601945
v 0.0346273705363274 -0.3656908869743347 -0.0355427786707878
vn 4.5916191309955110 -3.7383488767297126 -1.9998996681995367
v 0.0307305399328470 -0.4356456100940704 -0.0254498701542616
vn 4.3377623449732390 -4.0830358983340576 -1.9239176120578094
v 0.0291336700320244 -0.4373908936977386 -0.0256009101867676
vn 4.2085792577012890 -3.8709552920595067 -2.5475659744173873
v 0.0289626698940992 -0.4367282986640930 -0.0270950701087713
vn 4.1252675848973457 -4.2078508386395486 -2.0739798594307737
v 0.0274487696588039 -0.4390405118465424 -0.0257433000952005
vn 3.8563788488999879 -4.5018908015706467 -2.0101920904690194
v 0.0256807804107666 -0.4405896067619324 -0.0258768200874329
vn 3.7166282515650422 -4.2707790379987856 -2.6661304828358312
v 0.0255159102380276 -0.4399006068706512 -0.0274307094514370
vn 3.5994915803879275 -4.6009367885119365 -2.2415646942249365
v 0.0238351803272963 -0.4420345127582550 -0.0260012708604336
vn 3.2371928378654351 -4.9162800475102681 -2.1361413960862943
v 0.0219174008816481 -0.4433712959289551 -0.0261164307594299
vn 3.1838660262651830 -4.6296491960859925 -2.7496821392024429
v 0.0217664204537868 -0.4426603019237518 -0.0277220606803894
vn 2.7190783235034863 -5.2032826171736959 -2.1526356944213370
v 0.0178871098905802 -0.4457052946090698 -0.0263179503381252
vn 3.1360819671017928 -5.2917710794041852 -1.1149062920520694
v 0.0202165208756924 -0.4455038011074066 -0.0226578693836927
vn 2.7456743515136823 -5.5490113450362371 -0.8937588259460811
v 0.0181484799832106 -0.4466221034526825 -0.0227080509066582
vn 2.7518317518693571 -5.3892096209977627 -1.5968545931863698
v 0.0180176403373480 -0.4462490081787109 -0.0245616398751736
vn 1.7701510621150289 -0.8847842745357931 -5.9440467838073943
v 0.0231251101940870 -0.4172399938106537 -0.0394434295594692
vn 1.4815598763202165 -0.3524769005373357 -6.0838753538663006
v 0.0225313901901245 -0.4102370142936707 -0.0402776487171650
vn 1.7733626290459570 -0.3180081378799550 -6.0057401679308233
v 0.0258598309010267 -0.4082238078117371 -0.0395001694560051
vn 1.8109288871443554 -5.8941745756455228 -0.9585282963859376
v 0.0116143804043531 -0.4492366015911102 -0.0228267293423414
vn 1.4220438339344699 -6.0351943580653948 -0.7828219021484304
v 0.0093467831611633 -0.4498513042926788 -0.0228549800813198
vn 1.4255477915963686 -5.8873271596353565 -1.5618693890319217
v 0.0092739462852478 -0.4494701027870178 -0.0247768703848124
vn 1.9442414481951042 0.3394080623656743 -5.9626473978422005
v 0.0213332697749138 -0.3037594854831696 -0.0377532802522182
vn 2.3543629617070936 0.3854765880909935 -5.8085112743549967
v 0.0242365002632141 -0.3037594854831696 -0.0367050096392632
vn 1.9159417474310061 0.3162470290375247 -5.9666340991007463
v 0.0249045398086309 -0.3378244936466217 -0.0387533903121948
vn 5.1149698640764028 -0.0556047760621119 3.6286725566765874
v 0.0346917510032654 -0.3037548959255219 -0.0200338307768106
vn 4.3120265447093882 0.4588555584003896 -4.5399552338955953
v 0.0314909815788269 -0.2873142063617706 -0.0310081206262112
vn 4.4807554914064465 0.3473030839595077 -4.3849514944522543
v 0.0308338403701782 -0.2708497941493988 -0.0300810299813747
vn 4.8749738882292801 0.3675807897290000 -3.9366107249429425
v 0.0318324491381645 -0.2708494067192078 -0.0289686303585768
vn 5.6538655771241189 -0.0240266895228563 2.7178369883257627
v 0.0323572084307671 -0.2379613071680069 -0.0164489708840847
vn 5.6414094609441969 0.0385142032395481 2.7471299144549399
v 0.0326629802584648 -0.2543902993202209 -0.0171124897897243
vn -4.9746860387728304 -3.6483804078825237 -1.0382817174852501
v -0.0325732193887234 -0.4346078038215637 -0.0221697594970465
vn -3.0805552775230245 -5.3550433980839678 -0.9863061620866225
v -0.0202169995754957 -0.4455035030841827 -0.0226578693836927
vn -2.8020379767906793 -5.5295849035122906 -0.8320738743587464
v -0.0181488897651434 -0.4466218054294586 -0.0227080509066582
vn -2.6493773462263510 -2.8708808852530288 -4.8955392999088740
v -0.0228890702128410 -0.4351935088634491 -0.0337900482118130
vn -2.4216238123698139 -2.9608129152974261 -4.9600983754363721
v -0.0210180804133415 -0.4364227950572968 -0.0340245291590691
vn -2.6842631553869798 -3.5015103735073567 -4.4447999029556131
v -0.0213161092251539 -0.4393728077411652 -0.0318382307887077
vn -2.9351824422681623 -3.4317430501178583 -4.3339821207903793
v -0.0232025291770697 -0.4380970895290375 -0.0316357612609863
vn -3.1668314932093389 -3.2808109853352039 -4.2942108397957002
v -0.0250241104513407 -0.4367190897464752 -0.0314167104661465
vn -2.8743239200966690 -2.7937987473171311 -4.8135261734914323
v -0.0246986690908670 -0.4338659942150116 -0.0335360094904900
vn -3.1006187609426532 -2.6904362519866161 -4.7305457263899857
v -0.0264419894665480 -0.4324440062046051 -0.0332629606127739
vn -1.8554171652028759 0.2034076883406354 -5.9912915765983659
v -0.0253445506095886 -0.3533470928668976 -0.0392962582409382
vn -1.9254848749554971 0.3280485346846835 -5.9624811045993233
v -0.0249046608805656 -0.3378244936466217 -0.0387533903121948
vn -1.3577048164967183 0.2844912493677283 -6.1197059954691371
v -0.0187941100448370 -0.3373518884181976 -0.0403843484818935
vn -2.6589992693709590 -0.7385644297182204 -5.6267045833881868
v -0.0310802999883890 -0.4110384881496429 -0.0373278185725212
vn -2.4604308229430845 -0.7745626097944726 -5.7125438216201969
v -0.0296085402369499 -0.4124037921428680 -0.0378082282841206
vn -2.8570026671339450 -1.2767984129030787 -5.4310446228346638
v -0.0302440505474806 -0.4186942875385284 -0.0363360010087490
vn -3.0606028828492713 -0.6478018675140477 -5.4324332718496517
v -0.0338160283863544 -0.4081467986106873 -0.0362733602523804
vn -2.8766235608538375 -0.7044544138211246 -5.5223423448122002
v -0.0324843488633633 -0.4096182882785797 -0.0368167683482170
vn -3.3007920511966469 -1.1689051749674164 -5.1972504143495559
v -0.0330813489854336 -0.4155791103839874 -0.0354164801537991
vn -3.0768284105676882 -1.2383598724467122 -5.3169396996129930
v -0.0317007303237915 -0.4171678125858307 -0.0358894988894463
vn -3.9656313956851630 0.3417051215394053 -4.8499861252008891
v -0.0352453514933586 -0.3535419106483459 -0.0344034992158413
vn -4.4063724670439832 0.3669388067424578 -4.4533637160715589
v -0.0364074110984802 -0.3535721898078918 -0.0333555303514004
vn -4.5324404176804798 0.4408107044621430 -4.3165832052718072
v -0.0357532501220703 -0.3389919996261597 -0.0327116213738918
vn -6.1248992854438269 -0.8707969555269680 -1.0116528252379036
v -0.0406505391001701 -0.4130563139915466 -0.0253787599503994
vn -6.0432628754273789 -0.8387361895411635 -1.4223066249411098
v -0.0405415818095207 -0.4115354120731354 -0.0270275995135307
vn -5.8735054510929317 -1.1422051146480634 -1.8512981481681492
v -0.0400328598916531 -0.4138165116310120 -0.0274936500936747
vn -6.0716977002139174 1.0967206584949518 1.1819085295716987
v -0.0403032787144184 -0.3997094035148621 -0.0248078703880310
vn -5.9687465612740240 1.3325289897101618 1.4279374907839160
v -0.0399353504180908 -0.3981459140777588 -0.0245905499905348
vn -5.8502837419989984 1.2075394165061708 1.9421556034307463
v -0.0399120412766933 -0.3968113958835602 -0.0255010090768337
vn -5.3732118070894135 1.6157855363641653 2.8154336853681250
v -0.0385875105857849 -0.3928757011890411 -0.0247434303164482
vn -5.8888612047405404 0.4589586613011680 2.1237539313209393
v -0.0403953082859516 -0.3928219079971313 -0.0282018091529608
vn -5.8511263798094095 0.3254786358360207 2.2611060025061693
v -0.0403464399278164 -0.3909651041030884 -0.0284078698605299
vn -6.0800023254867561 0.2919947490132389 1.5202358557635838
v -0.0405386015772820 -0.3920744061470032 -0.0288139507174492
vn -4.2070248291984687 -0.0948728264036537 4.6624475287445355
v -0.0389184914529324 -0.3834249973297119 -0.0269018393009901
vn -4.2578308880894102 -0.2545554228981176 4.6111647348823830
v -0.0383225604891777 -0.3762705922126770 -0.0259651504456997
vn -6.2703131804643126 0.3441341811372599 0.1727719037927236
v -0.0387685187160969 -0.3536973893642426 -0.0280359908938408
vn -6.2494110887787171 0.3377806739268736 0.3850580100797328
v -0.0393773317337036 -0.3638128042221069 -0.0284426808357239
vn -6.1637873217724319 0.3008537190204482 1.1224287945105667
v -0.0392957888543606 -0.3636359870433807 -0.0278603993356228
vn -4.8970533500948887 -0.1083990503994755 3.9183334458116881
v -0.0389891192317009 -0.3740282058715820 -0.0265585705637932
vn -4.7930863536206445 -0.1240100223376058 4.0545769526709687
v -0.0391217395663261 -0.3774662911891937 -0.0268433596938848
vn -4.5116531025329802 -0.1989114046249413 4.3649987298849755
v -0.0387458205223083 -0.3768469989299774 -0.0264074802398682
vn -5.4595232322106089 0.0617226100461557 3.1033019212020627
v -0.0371445417404175 -0.3400898873806000 -0.0245131198316813
vn -5.6823237342869364 0.1085424428727612 2.6702685664060843
v -0.0374222882091999 -0.3400014936923981 -0.0250490307807922
vn -5.5494742591776607 0.1405739131731287 2.9296215924433326
v -0.0387110710144043 -0.3630855083465576 -0.0262725893408060
vn -5.1455270178590862 0.0348662662480442 3.6035279164033778
v -0.0364332683384418 -0.3402574062347412 -0.0234518591314554
vn -4.2879950278736114 0.5146267429653371 -4.5501093149174912
v -0.0339898392558098 -0.3210406005382538 -0.0325079485774040
vn -3.8458931520675845 0.4903047528602849 -4.9351669104273181
v -0.0328131914138794 -0.3209806978702545 -0.0335022807121277
vn -3.5694169030218781 0.4174933467182600 -5.1384661646735790
v -0.0333926007151604 -0.3386803865432739 -0.0347276888787746
vn -5.5651958026382715 0.4926161187013467 -2.8582033374739320
v -0.0363503582775593 -0.3211941123008728 -0.0295138303190470
vn -5.3013893421692018 0.5075873318571045 -3.3222032678688747
v -0.0359693095088005 -0.3211629986763000 -0.0301753804087639
vn -5.1708374972660627 0.4443521640368285 -3.5296672487749139
v -0.0367298088967800 -0.3391509056091309 -0.0315155908465385
vn -5.3860940535371231 0.4913722774740008 -3.1938202137497536
v -0.0342537090182304 -0.2873133122920990 -0.0274544898420572
vn -5.4460865038710491 0.5204311606642198 -3.0806332110704679
v -0.0351355597376823 -0.3037585020065308 -0.0286596994847059
vn -5.6755694462105524 0.4997083534334569 -2.6364574670959642
v -0.0354834683239460 -0.3037585020065308 -0.0279850903898478
vn -5.2860269876324590 -0.0712604067620207 3.3846017554441237
v -0.0359838604927063 -0.3215745985507965 -0.0224198605865240
vn -5.5626914304680062 0.0026413897356208 2.8657328889100553
v -0.0322703681886196 -0.2049999982118607 -0.0158978104591370
vn -5.6535492900556221 -0.0232408071063764 2.7185650989059864
v -0.0323572084307671 -0.2379613071680069 -0.0164489708840847
vn -5.6411377287113513 0.0374352606297469 2.7477792719540983
v -0.0326629802584648 -0.2543902993202209 -0.0171124897897243
vn -5.4240482923060291 0.0253948560288788 3.1696482372591035
v -0.0329209491610527 -0.2708326876163483 -0.0173936393111944
vn -6.0297696282548872 -0.1093204862735222 -1.7157001236179736
v -0.0330591686069965 -0.1720513999462128 -0.0236883107572794
vn -5.7556576572146358 -0.0005103382434487 -2.4927618316585303
v -0.0324728414416313 -0.2049999982118607 -0.0245574098080397
vn -6.0350001242971487 -0.0003504393189463 -1.6984266324236206
v -0.0329739414155483 -0.2049999982118607 -0.0231639705598354
vn -5.7444910662208786 0.1223712313712298 -2.5160305327401531
v -0.0325533114373684 -0.2379468977451324 -0.0250809695571661
vn -6.0296015225417872 0.1078450050235032 -1.7160879687653379
v -0.0330591686069965 -0.2379485070705414 -0.0236883107572794
vn -5.7118936924416088 0.2648320330206697 -2.5771787481176478
v -0.0328479409217834 -0.2543896138668060 -0.0256721302866936
vn -6.0128230873838007 0.2496512951383679 -1.7576754943639914
v -0.0333672091364861 -0.2543897032737732 -0.0242813192307949
vn -5.6088585359655960 0.3905966984143066 -2.7901221540423240
v -0.0334446988999844 -0.2708483040332794 -0.0264607593417168
vn -5.8322151880147688 0.3855654345649363 -2.2969555062521145
v -0.0337429605424404 -0.2708478868007660 -0.0257766190916300
vn -5.9890140886716807 0.3804385512182040 -1.8500852320169017
v -0.0339904390275478 -0.2708475887775421 -0.0250725708901882
vn -6.1170042684066717 0.3636796152385488 -1.3713283884146263
v -0.0341828987002373 -0.2708472013473511 -0.0243522506207228
vn -5.1143654502518814 -0.0575900401835713 3.6296438289716830
v -0.0346917510032654 -0.3037548959255219 -0.0200338307768106
vn -6.1640861737165871 0.1308982534945605 1.1256229781336948
v -0.0336074195802212 -0.2543900012969971 -0.0198944807052612
vn -6.1608087086050487 0.2160663992395405 1.1940781868983068
v -0.0342382714152336 -0.2708412110805511 -0.0207322202622890
vn -6.0514618058266292 0.1782156762545695 1.6668611462356369
v -0.0340748392045498 -0.2708388864994049 -0.0200360994786024
vn -6.1188825829648046 0.2159000739266005 1.3814803437427248
v -0.0360578186810017 -0.3037568032741547 -0.0230820700526237
vn -5.9830307987436395 0.1613394734136841 1.8919930026548932
v -0.0358855687081814 -0.3037563860416412 -0.0224476996809244
vn -5.9354144239143469 0.0783936195840201 2.0176241768775300
v -0.0332345888018608 -0.2543900907039642 -0.0184730794280767
vn -5.9121037975081316 0.1391615877899117 2.1122591675240656
v -0.0338587686419487 -0.2708367109298706 -0.0193537399172783
vn -5.7506953017314304 0.1003917920671792 2.5213077107599724
v -0.0335928685963154 -0.2708348929882050 -0.0186858698725700
vn -5.8158508588989966 0.1069954792559913 2.3607881299906750
v -0.0356618091464043 -0.3037557899951935 -0.0218288805335760
vn -5.6256696377541910 0.0536558336867489 2.7864920147421950
v -0.0353883504867554 -0.3037554919719696 -0.0212227702140808
vn -5.5710028253975628 0.0616174611105371 2.8984548024299390
v -0.0332796499133110 -0.2708336114883423 -0.0180326700210571
vn -5.4147057357408448 -0.0084111323260613 3.1775555824044655
v -0.0350658185780048 -0.3037551045417786 -0.0206261202692986
vn -5.7525536779044542 0.0557609685748079 2.5141917627795016
v -0.0365839004516602 -0.3215037882328033 -0.0235472302883863
vn -5.5449283023931830 0.0008144358570070 2.9463825771497696
v -0.0363084003329277 -0.3215400874614716 -0.0229796096682549
vn -6.2618957695564372 0.1793601596363829 0.1552364926152847
v -0.0337596498429775 -0.2543897926807404 -0.0213561598211527
vn -6.2697828271051828 0.2860460663058955 0.1808393307906759
v -0.0343971215188503 -0.2708449065685272 -0.0221589803695679
vn -6.2352278144817799 0.2523301619385513 0.6957598201941790
v -0.0343465805053711 -0.2708432972431183 -0.0214405003935099
vn -6.2623478129299217 0.3206899430058164 0.2568122061745959
v -0.0362347885966301 -0.3037576973438263 -0.0244063101708889
vn -6.2146556748749395 0.2694224147720033 0.8347048678593727
v -0.0361754782497883 -0.3037573099136353 -0.0237343292683363
vn -6.2078877537135915 0.2198646526105010 -0.8305963971592637
v -0.0336786508560181 -0.2543897032737732 -0.0228305403143167
vn -6.2096874796250017 0.3424885461328768 -0.8652921361025112
v -0.0343164801597595 -0.2708469033241272 -0.0236193500459194
vn -6.2615720315872796 0.3162206828526410 -0.3430462043686558
v -0.0343877002596855 -0.2708460986614227 -0.0228859093040228
vn -6.1862957991162810 0.4117572228651591 -0.9697504914291060
v -0.0361535511910915 -0.3037582039833069 -0.0258232299238443
vn -6.2546840605973149 0.3687684258169837 -0.3500061371361023
v -0.0362301990389824 -0.3037579953670502 -0.0251010600477457
vn -5.8848538889572310 0.4748903644092546 -2.1318957974720960
v -0.0357737503945827 -0.3037582933902740 -0.0272844992578030
vn -6.0591797455013907 0.4474985996255795 -1.5729618683619073
v -0.0359993502497673 -0.3037582933902740 -0.0265620891004801
vn -6.0569926076899883 0.2043815183146871 1.6372783509162077
v -0.0378304682672024 -0.3398194015026093 -0.0261626802384853
vn -6.0912847875710998 0.1709132415946198 1.5038859598730894
v -0.0369853898882866 -0.3214282095432281 -0.0247235801070929
vn -6.1855481567562238 0.2462019984445357 1.0343012044296747
v -0.0379572510719299 -0.3397290110588074 -0.0267512202262878
vn -6.2019948059897869 0.2292126827259210 0.9299539168700838
v -0.0371074602007866 -0.3213908970355988 -0.0253409091383219
vn -6.2565156990554511 0.2872123218199774 0.3786544897045599
v -0.0380253717303276 -0.3396407961845398 -0.0273684803396463
vn -6.2600615570697320 0.2867509949457354 0.3108162210989079
v -0.0371710583567619 -0.3213549852371216 -0.0259826704859734
vn -6.2549768890271382 0.3316176485595945 -0.3352722409509395
v -0.0380251407623291 -0.3395552933216095 -0.0280213896185160
vn -6.2538140630594672 0.3422645212707545 -0.3512159918756513
v -0.0371684394776821 -0.3213207125663757 -0.0266544800251722
vn -6.1653355671587873 0.3714327018193412 -1.0860673535243983
v -0.0379415713250637 -0.3394725024700165 -0.0287228208035231
vn -6.1733556052177638 0.3932480694630689 -1.0377558023642366
v -0.0370877906680107 -0.3212881088256836 -0.0273649003356695
vn -5.9877839660911247 0.4033546954468819 -1.8215983947400973
v -0.0377589389681816 -0.3393917977809906 -0.0294626895338297
vn -6.0197638239773230 0.4363896378897184 -1.7087840993306307
v -0.0369188115000725 -0.3212566077709198 -0.0281032305210829
vn -5.7445641673510845 0.4254773655154205 -2.4846244663750561
v -0.0374883413314819 -0.3393112123012543 -0.0301795005798340
vn -5.8101329742743140 0.4694597798035566 -2.3213573927299853
v -0.0366698987782001 -0.3212252855300903 -0.0288216993212700
vn -5.4647267520115861 0.4384868327341335 -3.0528535225900320
v -0.0371413789689541 -0.3392308950424194 -0.0308648906648159
vn -5.3999547172560955 0.1341520390944296 -3.1938312823473431
v -0.0318724513053894 -0.2379453927278519 -0.0263968706130981
vn -5.5224766578705822 0.2616293008392034 -2.9851178903043722
v -0.0321499705314636 -0.2543894946575165 -0.0269827805459499
vn -5.2664818002320226 0.4002616176259743 -3.3863567826666507
v -0.0327132306993008 -0.2708489000797272 -0.0277616903185844
vn -5.3539893494332844 0.4786039972445329 -3.2476398428112847
v -0.0338852405548096 -0.2873134911060333 -0.0281100198626518
vn -5.2066688035132431 0.5299125561348550 -3.4700528044254826
v -0.0347366295754910 -0.3037585914134979 -0.0293058101087809
vn -4.4757954474909445 0.3531108115117460 -4.3894156383865157
v -0.0308338403701782 -0.2708497941493988 -0.0300809703767300
vn -4.8733550767186440 0.3805208701348658 -3.9376951733355492
v -0.0318324491381645 -0.2708494067192078 -0.0289685707539320
vn -5.0347564642493161 0.1556741414751809 -3.7461957916875717
v -0.0310465600341558 -0.2379440069198608 -0.0276271700859070
vn -4.0059287531548584 -0.0006496167436246 -4.8260231625935299
v -0.0278992000967264 -0.2049999982118607 -0.0302926804870367
vn -3.8898992912084278 0.1660250194861967 -4.9247380435306267
v -0.0279469396919012 -0.2379399985074997 -0.0307989101856947
vn -4.3028178729103672 0.1696063330450649 -4.5714169511007743
v -0.0290633998811245 -0.2379412949085236 -0.0298250298947096
vn -4.6028795628840644 -0.0003582831649794 -4.2628693213065461
v -0.0300419293344021 -0.2049999982118607 -0.0282539706677198
vn -3.3694129022370372 0.1601212862547784 -5.2927729359306284
v -0.0255386196076870 -0.2379375994205475 -0.0325210615992546
vn -3.3981605468246099 -0.0012516005676200 -5.2769257616083731
v -0.0255018398165703 -0.2049999982118607 -0.0320249684154987
vn -2.7351987616704680 0.1580937868143724 -5.6434154819480487
v -0.0229604206979275 -0.2379354983568192 -0.0339761897921562
vn -3.7160631376439883 0.4923787131661232 -5.0377537866781958
v -0.0309876203536987 -0.3037590980529785 -0.0330736003816128
vn -4.0919737934807712 0.5046980121767228 -4.7342028469545419
v -0.0321855507791042 -0.3037590086460114 -0.0321226082742214
vn -4.3011417224275039 0.4593571389064626 -4.5502165954934606
v -0.0314910411834717 -0.2873142063617706 -0.0310080591589212
vn -4.5165166595066841 0.5124261722325123 -4.3266676633219090
v -0.0332964584231377 -0.3037588894367218 -0.0310760103166103
vn -4.7119547896941594 0.4747133486727432 -4.1188059000495354
v -0.0325405485928059 -0.2873140871524811 -0.0299240890890360
vn -4.9127869018263626 0.5252043353147944 -3.8717044048833289
v -0.0342929288744926 -0.3037587106227875 -0.0299236699938774
vn -5.0855681908471402 0.4789449919696712 -3.6497964438846595
v -0.0334732495248318 -0.2873136997222900 -0.0287404004484415
vn -3.9331775858243367 0.4399588794646890 -4.8751772474119139
v -0.0303506199270487 -0.2873143851757050 -0.0319992303848267
vn -3.3177798015761200 0.4684867297798037 -5.3090502116946627
v -0.0297228004783392 -0.3037591874599457 -0.0339386984705925
vn -2.9677586134842096 0.3871127964652226 -5.5101892461151287
v -0.0307172499597073 -0.3383798003196716 -0.0363463088870049
vn -4.8782429182184242 0.4450652250785488 -3.9259828545598694
v -0.0362641811370850 -0.3390712141990662 -0.0321307703852654
vn -5.0323025809129813 0.5159884652534146 -3.7179306288800813
v -0.0355354510247707 -0.3211320936679840 -0.0308048706501722
vn -4.3572448107453265 -0.0909335990017678 4.4552978946573338
v -0.0376757904887199 -0.3625755012035370 -0.0247824694961309
vn -5.0398982725231116 0.0351399790703570 3.7440117087392717
v -0.0380747914314270 -0.3627373874187469 -0.0252817198634148
vn -4.0432648080295319 -0.2196438694729559 4.7179876046903235
v -0.0380629301071167 -0.3697556853294373 -0.0253446102142334
vn -4.8294965916391668 -0.0882069687587756 4.0098162621123361
v -0.0384728908538818 -0.3701207041740417 -0.0258173905313015
vn -5.1089500002507036 -0.0127222715231882 3.6473035005492966
v -0.0388293191790581 -0.3705089092254639 -0.0262831393629313
vn -5.5430241098425705 0.0924432683081291 2.9498713999238024
v -0.0392798706889153 -0.3711293041706085 -0.0269936304539442
vn -5.7933841648544906 0.1937906454024468 2.4043257846208523
v -0.0389577709138393 -0.3632687926292419 -0.0267825704067945
vn -5.8857595535205709 0.1565164331702198 2.1803293300934863
v -0.0376513004302979 -0.3399108052253723 -0.0255971495062113
vn -5.9382992988927201 0.1128344600692345 2.0321776748307006
v -0.0368099212646484 -0.3214662075042725 -0.0241271201521158
vn -6.1882452958757970 0.2611719978138181 0.8693755858138335
v -0.0397698804736137 -0.3721930980682373 -0.0282527208328247
vn -6.1103019815954562 0.1861399092380117 1.4283036462120031
v -0.0401382409036160 -0.3801861107349396 -0.0286793094128370
vn -6.0629778562718162 0.2235893589910916 1.6170506270058942
v -0.0397002100944519 -0.3719840049743652 -0.0279896799474955
vn -5.9916396698815264 0.1537026109172313 1.8692233849412925
v -0.0400620102882385 -0.3798489868640900 -0.0284351706504822
vn -5.9544790797178653 0.1924120294234654 1.9834326866651062
v -0.0396158583462238 -0.3717716932296753 -0.0277330800890923
vn -5.8454288384055211 0.1174581027042815 2.2890243683936577
v -0.0399702116847038 -0.3795059025287628 -0.0281967502087355
vn -5.0663260402601624 -0.0680549114182169 3.7104824630845061
v -0.0394561216235161 -0.3781250119209290 -0.0272840801626444
vn -5.2857641342534043 -0.0296333841412635 3.3707086898981808
v -0.0393120013177395 -0.3745596110820770 -0.0270149093121290
vn -5.3519094682686870 0.0409362552838700 3.2808047486084519
v -0.0391416512429714 -0.3709183037281036 -0.0267543103545904
vn -5.2972473153433324 0.0877324659379313 3.3688779928010559
v -0.0384159609675407 -0.3629077076911926 -0.0257741808891296
vn -5.2111182866095334 0.0326848122823915 3.5046875092816538
v -0.0368179604411125 -0.3401753008365631 -0.0239841900765896
vn -6.0048042202995049 0.2458786252720877 1.8028979223625670
v -0.0391535088419914 -0.3634536862373352 -0.0273092892020941
vn -6.2515322521353998 0.3653566463903001 -0.3465446376960660
v -0.0387721583247185 -0.3536809086799622 -0.0286794304847717
vn -6.1533392819748229 0.3891448862079196 -1.1402421094150397
v -0.0386889502406120 -0.3536649048328400 -0.0293776895850897
vn -5.9561584891348378 0.4037325037513743 -1.9198215710035309
v -0.0384989902377129 -0.3536492884159088 -0.0301224496215582
vn -5.6867744148461341 0.4084310744113729 -2.6162955957472254
v -0.0382153317332268 -0.3536337912082672 -0.0308417007327080
vn -5.3815221095531083 0.4050285049037870 -3.2021626019650467
v -0.0378516316413879 -0.3536182940006256 -0.0315259583294392
vn -5.0638717580522536 0.3865312045411109 -3.6883624807627529
v -0.0374214611947536 -0.3536027967929840 -0.0321728512644768
vn -4.7656745162967074 0.3736759209698279 -4.0697036637680091
v -0.0369368083775043 -0.3535875082015991 -0.0327821895480156
vn -6.2458484491843649 0.3587828385913073 -0.3970013129780477
v -0.0393873415887356 -0.3639825880527496 -0.0290648303925991
vn -6.1361136241813004 0.3780942579832648 -1.2182437009935514
v -0.0393096208572388 -0.3641453087329865 -0.0297438502311707
vn -5.9206340820610608 0.3862170544529107 -2.0225813452060128
v -0.0391227602958679 -0.3643032908439636 -0.0304725095629692
vn -5.6298095214444910 0.3828636367772106 -2.7365457714709813
v -0.0388408303260803 -0.3644607067108154 -0.0311752501875162
vn -5.3053183400089807 0.3710480326137364 -3.3289893191643882
v -0.0384783111512661 -0.3646174967288971 -0.0318420492112637
vn -4.9024420842181629 0.3532930105532927 -3.8931273003964706
v -0.0380493886768818 -0.3647736012935638 -0.0324712283909321
vn -4.3810344440555831 0.3191113742338255 -4.4729280454045268
v -0.0370398089289665 -0.3650834858417511 -0.0336196385324001
vn -4.7086863722855048 0.5556874360707575 4.1216377602385688
v -0.0389972887933254 -0.3882105052471161 -0.0267453100532293
vn -4.4359519732441992 0.2552576142281416 4.4389462288826387
v -0.0389750003814697 -0.3866395056247711 -0.0268800202757120
vn -4.7110350712335975 0.2907907557429755 4.1448679174602931
v -0.0393866300582886 -0.3876366913318634 -0.0272539798170328
vn -4.5576670108750807 -0.0092584063054228 4.3213933937058977
v -0.0393174216151237 -0.3842935860157013 -0.0273023806512356
vn -4.9193684177494141 0.8060780246315572 3.8228428450637866
v -0.0390159413218498 -0.3897500932216644 -0.0265064798295498
vn -4.9673719408904038 0.5652114200248624 3.8045198317023057
v -0.0394152887165546 -0.3892722129821777 -0.0271021705120802
vn -5.0511671009846406 0.3206054631387941 3.7212444882887930
v -0.0397609993815422 -0.3887071013450623 -0.0276314001530409
vn -4.9304042882012347 0.0642218277323993 3.8923536984200768
v -0.0396777316927910 -0.3852235078811646 -0.0277068000286818
vn -5.2917117545484640 -0.0179984916816623 3.3821557869962371
v -0.0396054312586784 -0.3784660100936890 -0.0275075398385525
vn -6.0733982003591631 0.2045362939606371 1.5896730330041637
v -0.0404219590127468 -0.3881438970565796 -0.0289787594228983
vn -5.9269442984080047 0.1855151209250832 2.0739289422765546
v -0.0403384491801262 -0.3876672089099884 -0.0287574492394924
vn -5.7541934722266292 0.1692627539239226 2.5161956025983327
v -0.0402381382882595 -0.3871811926364899 -0.0285407900810242
vn -6.2000946035825635 0.2288950399635490 0.9484140362773239
v -0.0401979014277458 -0.3805156946182251 -0.0289297606796026
vn -6.1773942140318017 0.2116901190165710 1.1115129142089231
v -0.0404879413545132 -0.3886088132858276 -0.0292051397264004
vn -5.6870076215762948 0.1234795645009044 2.6595728287381610
v -0.0394054017961025 -0.3713428974151611 -0.0272360406816006
vn -5.4900078531298515 0.0355760911105354 3.0489800603161674
v -0.0397414490580559 -0.3788115084171295 -0.0277337394654751
vn -5.2893928782854704 0.1159694873268512 3.3874908909116250
v -0.0399882085621357 -0.3861964046955109 -0.0281184893101454
vn -5.3882351429725430 0.3372109117288198 3.2125251623555426
v -0.0400851294398308 -0.3898290097713470 -0.0280150100588799
vn -5.2679057144344092 0.5569835745694001 3.3759720370145136
v -0.0397970005869865 -0.3904131054878235 -0.0274621192365885
vn -5.1603878961866858 0.7861053703733503 3.4956205375735214
v -0.0394406281411648 -0.3908757865428925 -0.0268428903073072
vn -5.1345480916488668 1.0517378597613352 3.4627419669701740
v -0.0390315614640713 -0.3912496864795685 -0.0261468198150396
vn -4.9447679466284509 1.0935736790351442 3.7144532296438313
v -0.0385727807879448 -0.3901597857475281 -0.0258316304534674
vn -4.7457085228397577 0.8037271756746128 4.0348934162407115
v -0.0385614596307278 -0.3887169063091278 -0.0261667296290398
vn -4.5146457077210904 0.5106960801014426 4.3376470480535305
v -0.0385469086468220 -0.3872346878051758 -0.0263847708702087
vn -4.4044026081028811 0.2090538969334395 4.4633309569738913
v -0.0385288000106812 -0.3857212960720062 -0.0265018306672573
vn -5.1590470707793443 1.3513958323949060 3.3166381865977237
v -0.0385813713073730 -0.3915542066097260 -0.0253631398081779
vn -5.3470863476431916 1.2824082210233967 3.0358357065391313
v -0.0390443801879883 -0.3927001953125000 -0.0256495997309685
vn -5.3514955487111742 0.9970270438157516 3.1356502906699797
v -0.0394629202783108 -0.3924390971660614 -0.0264590904116631
vn -5.4283961236987759 0.7424742359844532 3.0729862329059761
v -0.0398297905921936 -0.3920871019363403 -0.0271822195500135
vn -5.5737332329812084 0.5124386021309304 2.8489462167188773
v -0.0401282310485840 -0.3916099071502686 -0.0278277900069952
vn -5.6282240117142361 0.3336670022209162 2.7718766489865656
v -0.0402241908013821 -0.3903979063034058 -0.0282100997865200
vn -5.5504475976685264 0.1451765634494895 2.9396434586638618
v -0.0401211902499199 -0.3866895139217377 -0.0283279996365309
vn -5.6755468459030833 0.0776773783050720 2.6854376491354190
v -0.0398632213473320 -0.3791590929031372 -0.0279632192105055
vn -5.8288513397304733 0.1604529916394104 2.3290785467503428
v -0.0395175814628601 -0.3715575039386749 -0.0274822693318129
vn -5.6949983113780798 1.3647960450603769 2.2684943461363187
v -0.0394998714327812 -0.3953916132450104 -0.0252478104084730
vn -5.5348532259352785 1.1897628657014072 2.7221446102753255
v -0.0394825898110867 -0.3939529061317444 -0.0259337406605482
vn -5.5826590511015253 0.9156928380132537 2.7310981489033130
v -0.0398596487939358 -0.3937203884124756 -0.0267740394920111
vn -5.7059766358355031 0.6687734665426440 2.5376374399818218
v -0.0401680991053581 -0.3933587074279785 -0.0275267306715250
vn -5.5964194527938966 1.8696558267793302 2.1332852015359953
v -0.0385916791856289 -0.3940356075763702 -0.0239484906196594
vn -5.8618967426413207 1.8875059864830981 1.2098122657226211
v -0.0390703603625298 -0.3962143957614899 -0.0231217108666897
vn -5.7639848790482713 1.9820229213443765 1.5172152974411235
v -0.0385943017899990 -0.3949182927608490 -0.0229519605636597
vn -6.0969601430677844 1.4571423928184362 0.3746588404386730
v -0.0399779006838799 -0.3998166918754578 -0.0220917407423258
vn -5.9392373012299426 1.9624308409339564 0.5447385998683579
v -0.0390761382877827 -0.3967618942260742 -0.0218554697930813
vn -5.9645752637034999 1.6467216246498912 1.0679324360100269
v -0.0395294390618801 -0.3976384997367859 -0.0232903305441141
vn -5.7304614963175977 1.7013147391380643 1.9129865191435838
v -0.0390634499490261 -0.3952879011631012 -0.0241629406809807
vn -6.1167448254205938 0.8167118851625403 1.1749877054217863
v -0.0405640006065369 -0.3998189866542816 -0.0260189101099968
vn -5.9956272459491426 1.0219931762107630 1.5718372336854627
v -0.0402725301682949 -0.3983052074909210 -0.0257575493305922
vn -5.9119461818628691 0.9188858322700316 1.9144826071686054
v -0.0402399301528931 -0.3967244029045105 -0.0265104100108147
vn -6.0573450401514091 0.7391290253416679 1.4908608316942342
v -0.0405251309275627 -0.3981635868549347 -0.0268066506832838
vn -5.9927621579869212 0.7183070417313008 1.7413821611637841
v -0.0404843613505363 -0.3964304029941559 -0.0274197403341532
vn -6.1325810136755194 0.4504281605660523 1.2648930401298950
v -0.0406421385705471 -0.3959034085273743 -0.0282416306436062
vn -6.2571921943492814 0.4037078166096849 0.2385072663168942
v -0.0409611985087395 -0.4042952060699463 -0.0254905801266432
vn -6.2617731900470526 0.4327465586217284 0.1117352790639134
v -0.0410049483180046 -0.4055728018283844 -0.0241712909191847
vn -6.1929488085306525 0.9147568919494760 0.4894271307769845
v -0.0406367704272270 -0.4024550914764404 -0.0238070990890265
vn -6.1794258874164694 0.5450192702119123 0.9836103967759389
v -0.0407349392771721 -0.3995667099952698 -0.0271111708134413
vn -6.2031962036338015 0.5870252878084409 0.7939950326344184
v -0.0407782718539238 -0.4012942016124725 -0.0262873694300652
vn -6.1701597423355974 0.8329184867203401 0.8290259382505394
v -0.0406010709702969 -0.4012941122055054 -0.0250292401760817
vn -6.0840529719755558 1.5314790191366019 0.2047067288653178
v -0.0399979911744595 -0.4000712931156158 -0.0205097701400518
vn -5.9585556725427820 1.9763487010038365 0.1613094806788274
v -0.0390811488032341 -0.3969470858573914 -0.0203872304409742
vn -5.7268770521084749 1.0698269752000260 2.3500172204184198
v -0.0398869514465332 -0.3953039050102234 -0.0262200795114040
vn -5.8131510165024753 0.8022976517789061 2.2397577466008500
v -0.0402052402496338 -0.3950665891170502 -0.0270935203880072
vn -5.9531313229651834 0.5661736614630262 1.9135347765299604
v -0.0404412113130093 -0.3946467041969299 -0.0278786998242140
vn -6.1016759986490987 0.4014258105194419 1.4167120613068613
v -0.0405918285250664 -0.3940050005912781 -0.0285881105810404
vn -6.2328965066259148 0.2472567282441569 0.6401337365215436
v -0.0406593009829521 -0.3931278884410858 -0.0292377993464470
vn -4.5931897936139245 0.2368373028616429 -4.2710718600378588
v -0.0387268587946892 -0.3847528994083405 -0.0332100912928581
vn -4.7518627173123260 0.0220356803253457 -4.0863614071818724
v -0.0392689704895020 -0.3944815099239349 -0.0330216810107231
vn -4.9080684007568802 0.2608881510258134 -3.9002970556903032
v -0.0391480885446072 -0.3842130005359650 -0.0326907597482204
vn -5.0453782598515771 0.0569520653747857 -3.7150800157180148
v -0.0396372005343437 -0.3937368094921112 -0.0325540304183960
vn -5.2433186995899366 0.2813232016705747 -3.4298143932938152
v -0.0395191311836243 -0.3836700022220612 -0.0321411415934563
vn -5.3521299926459971 0.0941481464762244 -3.2530490032092190
v -0.0399581715464592 -0.3929876983165741 -0.0320621095597744
vn -5.5820270591951227 0.2976133516629513 -2.8359432514338536
v -0.0398293100297451 -0.3831242918968201 -0.0315605886280537
vn -5.6598743802452054 0.1325196133568763 -2.6753662111842837
v -0.0402231216430664 -0.3922345936298370 -0.0315453410148621
vn -5.8912464599662027 0.3058912597520399 -2.1087120154395276
v -0.0400662384927273 -0.3825762867927551 -0.0309500005096197
vn -5.9393361524909887 0.1688838393501317 -1.9728628390827332
v -0.0404217801988125 -0.3914782106876373 -0.0310042500495911
vn -6.1241224239685286 0.3014354857828427 -1.2771624473785863
v -0.0402175113558769 -0.3820255994796753 -0.0303177796304226
vn -6.1491790775476494 0.1979876079605495 -1.1638139341331353
v -0.0405440293252468 -0.3907176852226257 -0.0304457508027554
vn -6.2436252962940699 0.2847273919743813 -0.4032780632971589
v -0.0402700901031494 -0.3814497888088226 -0.0297287106513977
vn -6.2531831301001439 0.2180513629872126 -0.3012149523467527
v -0.0405785404145718 -0.3899180889129639 -0.0299222990870476
vn -6.2534901399156713 0.2584906611942308 0.3787376376336321
v -0.0402402207255363 -0.3808364868164062 -0.0291875004768372
vn -6.2496679276838245 0.2212009592029250 0.5011242325701986
v -0.0405362211167812 -0.3890599906444550 -0.0294372998178005
vn -6.2631648260793309 0.1791045761173557 -0.2027399500488181
v -0.0407085381448269 -0.3941121101379395 -0.0296841803938150
vn -6.1871292164451646 0.0937094990147968 -0.9808727800178536
v -0.0406840406358242 -0.3950259983539581 -0.0301634594798088
vn -6.0243054008380987 0.0049136873406491 -1.7147176866423099
v -0.0405782982707024 -0.3958933055400848 -0.0306727793067694
vn -5.8026919456839376 -0.0810457419640467 -2.3557271228863836
v -0.0404016301035881 -0.3967558145523071 -0.0311671998351812
vn -5.5519719130416396 -0.1597775177736899 -2.8953282699230742
v -0.0401629805564880 -0.3976143002510071 -0.0316407606005669
vn -5.2954103450805476 -0.2294642964401727 -3.3390033148981377
v -0.0398708507418633 -0.3984681069850922 -0.0320929810404778
vn -5.0449271997459570 -0.2906380941574964 -3.7033855685652712
v -0.0395329482853413 -0.3993169069290161 -0.0325244590640068
vn -4.8052960179463877 -0.3446169508165080 -4.0060148624422824
v -0.0391549989581108 -0.4001598954200745 -0.0329363308846951
vn -6.2522364008941400 0.3547764700057563 0.4632521485075252
v -0.0408692285418510 -0.4008941054344177 -0.0274266600608826
vn -6.2465127897971815 0.3075428348944816 0.5382557038967930
v -0.0407695099711418 -0.3970944881439209 -0.0286189299076796
vn -6.2750777030833156 0.1181799507882095 -0.0219413463981300
v -0.0409327112138271 -0.4021278023719788 -0.0277562700212002
vn -6.2703305479399507 0.1629660743210227 -0.1217555254371243
v -0.0408257208764553 -0.3982042968273163 -0.0290146991610527
vn -6.2518865903566319 -0.0174610795557196 -0.4563292852509930
v -0.0409296713769436 -0.4032664000988007 -0.0281063299626112
vn -6.2216189515695062 0.0130351804124851 -0.7712726492678180
v -0.0408117100596428 -0.3992317020893097 -0.0294374208897352
vn -6.1091480405832383 -0.1353365966919841 -1.3909147767315251
v -0.0407236218452454 -0.4002043902873993 -0.0298846904188395
vn -6.1809534890492950 -0.2204041165189478 -1.0515778701519054
v -0.0408599898219109 -0.4043420851230621 -0.0284751597791910
vn -6.2618060750674918 0.3173213628145208 0.2894841204896371
v -0.0409160815179348 -0.4026885032653809 -0.0265651308000088
vn -6.2635314785624665 0.0085533184589010 -0.3335030343067469
v -0.0409856997430325 -0.4051755964756012 -0.0271613001823425
vn -6.2644799664730879 -0.0455079858126680 -0.3083008502884844
v -0.0410402417182922 -0.4068892002105713 -0.0259921494871378
vn -6.2680202550862116 -0.0485481470059878 -0.2732949347429438
v -0.0410934612154961 -0.4082587063312531 -0.0245656296610832
vn -6.2027034395648171 0.9596306528040327 0.1934019384355637
v -0.0406715199351311 -0.4031961858272552 -0.0223337393254042
vn -6.2084824234815956 0.9358451108512065 0.0187907814466955
v -0.0407056212425232 -0.4035373032093048 -0.0206352993845940
vn -6.2624159966089028 0.4537538740462046 0.0042115047134127
v -0.0410479307174683 -0.4064100086688995 -0.0225871801376343
vn -6.2553679517968472 0.4326154574513538 0.1341642077045828
v -0.0410901308059692 -0.4068281948566437 -0.0207666698843241
vn -6.2737098000408311 -0.0276583853552985 -0.2032799333714604
v -0.0411458611488342 -0.4091669917106628 -0.0228610001504421
vn -6.2742788796236191 0.0610120990553199 -0.1107423546374812
v -0.0411975905299187 -0.4096372127532959 -0.0209081098437309
vn -5.5381208744139956 1.4961782121636789 2.5527073729638396
v -0.0390549302101135 -0.3940767943859100 -0.0249965693801641
vn -5.8520965344740272 1.5286227737256679 1.6833503849178602
v -0.0395153686404228 -0.3966611027717590 -0.0243759695440531
vn -6.0649425127771286 1.3791460111367451 0.8635120945832919
v -0.0399572215974331 -0.3991810083389282 -0.0234601404517889
vn -6.0782274958010625 -0.3949409456695523 -1.4971677898854616
v -0.0407317206263542 -0.4054113030433655 -0.0288346391171217
vn -6.1292765272636656 -0.5015761224513269 -1.2374482583541813
v -0.0408099815249443 -0.4074198007583618 -0.0277982298284769
vn -5.9730341231774959 -0.5570885892758065 -1.8345220953927253
v -0.0405504703521729 -0.4064753949642181 -0.0291809998452663
vn -5.9572571082652255 -0.7866575632726054 -1.7750558066918407
v -0.0404321514070034 -0.4096401035785675 -0.0283940397202969
vn -5.9508555838548824 -0.2717265608567171 -1.9401775004910535
v -0.0405705496668816 -0.4011715054512024 -0.0303196907043457
vn -5.7660219303602789 -0.3957235506195055 -2.4149808494797256
v -0.0403598509728909 -0.4021340012550354 -0.0307375695556402
vn -5.5755251186796730 -0.4870149578193555 -2.8102996101720685
v -0.0400986596941948 -0.4030913114547729 -0.0311380606144667
vn -5.7026153636472063 -0.8426068471603654 -2.4752522547610853
v -0.0400509200990200 -0.4085851013660431 -0.0298339705914259
vn -5.8375850250021095 -0.7123214812933868 -2.1873213313827602
v -0.0403218790888786 -0.4075335860252380 -0.0295140091329813
vn -5.5493741820901139 -0.7293020019715514 -2.8326668303828009
v -0.0399224683642387 -0.4063417911529541 -0.0307744704186916
vn -5.7743934667121621 -0.5050228178139089 -2.3667487738389736
v -0.0402108393609524 -0.4053399860858917 -0.0304206591099501
vn -5.3471830490656220 -0.5583213626892379 -3.2221711917289366
v -0.0397934317588806 -0.4040426909923553 -0.0315214283764362
vn -5.7319684499411778 -1.0622834944950996 -2.2963599725917758
v -0.0398871302604675 -0.4118323922157288 -0.0289462208747864
vn -6.1794048396475780 -0.4865228141638430 -0.9231800922084430
v -0.0408871099352837 -0.4092248976230621 -0.0265265107154846
vn -6.2177397415748406 -0.4879629087098624 -0.6564684069236596
v -0.0409632883965969 -0.4106707870960236 -0.0249846503138542
vn -6.2433731450263563 -0.4653919389270478 -0.4296208169524522
v -0.0410386882722378 -0.4116345047950745 -0.0231511499732733
vn -6.0105255568464946 -1.1958227725335440 -1.3155143139393337
v -0.0401783511042595 -0.4154111146926880 -0.0257460996508598
vn -6.1799577342044554 -0.8575030008901051 -0.6569894360464050
v -0.0407590195536613 -0.4140743017196655 -0.0234246198087931
vn -6.2527366271449907 -0.4717485467620683 -0.1469854406243709
v -0.0411136113107204 -0.4121409952640533 -0.0210578404366970
vn -6.2190386961213120 -0.2673917915269761 -0.8056662958359059
v -0.0409255586564541 -0.4063009917736053 -0.0274836998432875
vn -3.8655831604945807 0.2761784359950515 -4.9348262466130288
v -0.0358844883739948 -0.3653894960880280 -0.0346364304423332
vn -3.3562957994230862 0.2281985375284535 -5.2950262532061600
v -0.0346274897456169 -0.3656908869743347 -0.0355427786707878
vn -2.4246317996588695 0.3578898341289329 -5.7769068066308993
v -0.0278653502464294 -0.3380934000015259 -0.0376664884388447
vn -2.3587264611591165 0.2000086312765947 -5.8117017443805601
v -0.0283519607037306 -0.3533988893032074 -0.0382226109504700
vn -4.7071687883507201 0.5192209500006266 -4.1170443873632081
v -0.0350562296807766 -0.3211013972759247 -0.0314026996493340
vn -4.0960688002412695 0.4297076292270344 -4.7314173245189970
v -0.0346257612109184 -0.3388350903987885 -0.0337769314646721
vn -3.4483456160595671 0.3094251345256774 -5.2304135138137289
v -0.0339810214936733 -0.3535121083259583 -0.0353361889719963
vn -2.8385586791998603 0.2444978752713268 -5.5866284242438820
v -0.0312518402934074 -0.3534541130065918 -0.0369240604341030
vn -2.6815843190586404 0.1790267004872981 -5.6606341758709053
v -0.0319099985063076 -0.3662759959697723 -0.0370927415788174
vn -1.9256518230344033 0.1171080720281893 -5.9662552412381755
v -0.0259870793670416 -0.3673535883426666 -0.0394368693232536
vn -4.2349409766490833 0.2128346908714505 -4.6241698145119052
v -0.0382636114954948 -0.3852894008159637 -0.0337008796632290
vn -3.7997896600028769 0.1792646931831013 -4.9886104409040044
v -0.0372357293963432 -0.3863508105278015 -0.0346058011054993
vn -4.2273579351279409 -0.0390161649702894 -4.6301475170626709
v -0.0384151898324490 -0.3959555923938751 -0.0338899381458759
vn -4.4781136506929347 -0.0102389638813149 -4.3866791260388389
v -0.0388598404824734 -0.3952212929725647 -0.0334663316607475
vn -4.5810410406750259 -0.3922262043260874 -4.2575600434682803
v -0.0387414582073689 -0.4009965956211090 -0.0333299599587917
vn -4.3712844275682006 -0.4346169636720523 -4.4692565247170091
v -0.0382961593568325 -0.4018265008926392 -0.0337072014808655
vn -3.9466721363033832 -0.0702729190906931 -4.8672105227313782
v -0.0379393100738525 -0.3966839909553528 -0.0342944189906120
vn -4.1722756752137169 -0.4717844733825769 -4.6522559783269433
v -0.0378213487565517 -0.4026488065719604 -0.0340693518519402
vn -3.5963147087332357 -0.1082873752854078 -5.1297279834351812
v -0.0369043312966824 -0.3981207907199860 -0.0350525304675102
vn -3.4650562691074756 -0.9579060426225396 -5.1264756225517090
v -0.0353313013911247 -0.4094507098197937 -0.0351284705102444
vn -3.3189167112646980 -0.5548002759225065 -5.2912907095573329
v -0.0350702404975891 -0.4066277146339417 -0.0356950089335442
vn -3.9001656423868871 -0.7792492071986025 -4.8487155774224400
v -0.0364778004586697 -0.4077939093112946 -0.0345353409647942
vn -3.6136227841578337 -0.5064421861632439 -5.0975148563223849
v -0.0362403914332390 -0.4050650000572205 -0.0350782200694084
vn -4.3845732519042144 -0.5690784486811004 -4.4156793906342759
v -0.0375291109085083 -0.4060952067375183 -0.0339022204279900
vn -3.9564772834650119 -0.4932799059543358 -4.8319505904257323
v -0.0373191796243191 -0.4034630060195923 -0.0344178602099419
vn -4.6409608309589494 -0.8426783671796598 -4.1360101064117938
v -0.0382124111056328 -0.4077763855457306 -0.0329064689576626
vn -4.4335813794490022 -0.9352168774851691 -4.3363516213284203
v -0.0377405211329460 -0.4086886048316956 -0.0332215987145901
vn -4.8873712464204724 -1.0658476950493716 -3.7866765256259818
v -0.0384094715118408 -0.4102726876735687 -0.0320580601692200
vn -5.0482403733480856 -0.9932775548340030 -3.5899632375498198
v -0.0388363003730774 -0.4093028008937836 -0.0317546688020229
vn -4.7668287425004481 -0.7668954103821612 -3.9979707517629377
v -0.0386556312441826 -0.4068551063537598 -0.0325799509882927
vn -5.2123809243153501 -0.9143685739880236 -3.3693288133758164
v -0.0392321310937405 -0.4083239138126373 -0.0314402505755424
vn -4.9527896453796449 -0.7053493712878082 -3.7768551202120242
v -0.0390684604644775 -0.4059253036975861 -0.0322410389780998
vn -5.3797101663104918 -0.8270636409385843 -3.1191132667528896
v -0.0395950600504875 -0.4073367118835449 -0.0311140399426222
vn -5.1464723058389970 -0.6364454387870995 -3.5210457599137670
v -0.0394486710429192 -0.4049876034259796 -0.0318887792527676
vn -5.2636426309011055 -1.1511087997256664 -3.2145690418210036
v -0.0390173085033894 -0.4116927087306976 -0.0307233296334743
vn -5.4142531250113866 -1.0594216267616072 -2.9866411406309097
v -0.0393958613276482 -0.4106653928756714 -0.0304375197738409
vn -5.5530345135153683 -0.9533413280016749 -2.7606813234403162
v -0.0397412106394768 -0.4096292853355408 -0.0301415305584669
vn -5.4898738716271307 -1.2963445569469016 -2.7270854545836882
v -0.0391988083720207 -0.4139905869960785 -0.0294598303735256
vn -5.1254690648408481 -1.2412185642696427 -3.3977651951182803
v -0.0386072285473347 -0.4127103984355927 -0.0309994202107191
vn -4.6998038128414628 -1.1478045860075206 -3.9911890070961662
v -0.0379532501101494 -0.4112327992916107 -0.0323511883616447
vn -4.4342320512268154 -1.2472296313305713 -4.2537163200083450
v -0.0369591116905212 -0.4131213128566742 -0.0329104587435722
vn -4.1576318029299131 -1.0126414906775334 -4.5831520967832828
v -0.0367174707353115 -0.4104827940464020 -0.0338213406503201
vn -4.1212450284738935 -1.3752152272239531 -4.5184806802890272
v -0.0358620211482048 -0.4149627089500427 -0.0334371887147427
vn -6.2097577738541174 -0.8138542009071958 -0.2322805467689776
v -0.0408672615885735 -0.4146161079406738 -0.0211990997195244
vn -6.0955038265709485 -1.2088920813275106 -0.8555045988828219
v -0.0403238497674465 -0.4164820909500122 -0.0236802101135254
vn -6.1324527929817556 -1.2060462676464150 -0.4791476404095787
v -0.0404691584408283 -0.4170581102371216 -0.0213313605636358
vn -5.9885240165317644 -1.5543923084491555 -1.0129450774874276
v -0.0397450290620327 -0.4188512861728668 -0.0239198803901672
vn -5.9382422860304294 -1.8719618306660648 -0.6520128522238253
v -0.0392482802271843 -0.4218156039714813 -0.0215732995420694
vn -5.8511027969222855 -1.8818932412093654 -1.2386571350779390
v -0.0390310212969780 -0.4211750030517578 -0.0241461303085089
vn -5.7135641467090066 -2.1837000307618024 -1.3548415342815470
v -0.0381888113915920 -0.4234467148780823 -0.0243607703596354
vn -1.9070196680861284 -0.0037361452854850 -5.9821786830489483
v -0.0278456807136536 -0.3931134045124054 -0.0391134582459927
vn -2.4866381424852264 -0.2295197521485279 -5.7469863163453425
v -0.0319052897393703 -0.4035288989543915 -0.0375750586390495
vn -2.2877178604303259 0.0322710707159346 -5.8450455047781986
v -0.0308155398815870 -0.3913275003433228 -0.0380692407488823
vn -2.9087256994088744 -0.1885220299054448 -5.5461561300635269
v -0.0345581695437431 -0.4009005129337311 -0.0364024005830288
vn -2.7588828193569093 0.0862289318607774 -5.6332670873476669
v -0.0335841700434685 -0.3894143104553223 -0.0368537902832031
vn -3.2605545942265746 -0.1500082162266927 -5.3508112680488011
v -0.0357734486460686 -0.3995276987552643 -0.0357524715363979
vn -3.3063350459897443 0.1354904757645636 -5.3279417980458383
v -0.0360997915267944 -0.3873940110206604 -0.0354235693812370
vn -2.0978726372506289 -0.2765311311840219 -5.9011812872595311
v -0.0289942603558302 -0.4059787988662720 -0.0386022292077541
vn -3.8055484235999977 -1.0641603578049208 -4.8622627112830532
v -0.0355953499674797 -0.4122324883937836 -0.0343846008181572
vn -3.5536604365297846 -1.1220932453144119 -5.0356059194237668
v -0.0343813300132751 -0.4139327108860016 -0.0349153801798820
vn -3.6437666727440932 -1.5358048206448991 -4.8627429853705273
v -0.0333853885531425 -0.4184839129447937 -0.0344051085412502
vn -5.5451898399146184 -2.4811892461419376 -1.5316856510660850
v -0.0372234508395195 -0.4256596863269806 -0.0245649795979261
vn -5.6736252625995078 -2.5105206889144225 -0.7886510436069724
v -0.0374990701675415 -0.4263592958450317 -0.0217912103980780
vn -5.3967735327965034 -2.7506846420811959 -1.5900760026535450
v -0.0361403189599514 -0.4278075993061066 -0.0247595906257629
vn -3.2092382009438296 -1.6918375357415303 -5.1101980874300672
v -0.0305683594197035 -0.4217602908611298 -0.0352708101272583
vn -5.2368837296296755 -1.4961223109166877 -3.0959518893003541
v -0.0383821092545986 -0.4161086976528168 -0.0299410205334425
vn -4.9490352162678244 -1.3382787388859732 -3.6126367498821592
v -0.0381671711802483 -0.4137179851531982 -0.0312666818499565
vn -4.9801577528044003 -1.6772410742491823 -3.4122799124377599
v -0.0374474488198757 -0.4181804955005646 -0.0303945504128933
vn -4.7040365417391561 -1.4645312581948620 -3.8766560565039643
v -0.0372024700045586 -0.4156993031501770 -0.0317776203155518
vn -4.7330910386824909 -1.8424230532721018 -3.6685867450716647
v -0.0364019796252251 -0.4202001094818115 -0.0308236405253410
vn -4.4375854146349729 -1.5960716508426691 -4.1312279193519297
v -0.0361310802400112 -0.4176310002803802 -0.0322598814964294
vn -4.4898324601821056 -1.9934698465880483 -3.8884584842423711
v -0.0352518483996391 -0.4221616089344025 -0.0312306191772223
vn -4.1747237706097247 -1.6986056208482250 -4.3571432414766580
v -0.0349591895937920 -0.4195074141025543 -0.0327163301408291
vn -4.2507905910504338 -2.1326042191392998 -4.0782838568124813
v -0.0340027213096619 -0.4240603148937225 -0.0316171012818813
vn -3.8770501675889539 -1.8369839802104910 -4.5666664115416609
v -0.0336927101016045 -0.4213240146636963 -0.0331488810479641
vn -4.0120803016143318 -2.2484502847108647 -4.2523250826275323
v -0.0326595902442932 -0.4258913099765778 -0.0319839082658291
vn -3.4482757087629659 -1.9953777406209419 -4.8347536463127883
v -0.0308963600546122 -0.4247592091560364 -0.0339469313621521
vn -3.7844317520573165 -2.3818952398917950 -4.3874295757508852
v -0.0312274601310492 -0.4276498854160309 -0.0323317013680935
vn -4.1027207833994117 -2.7452178772216542 -3.8585387966330380
v -0.0315613113343716 -0.4302630126476288 -0.0303801801055670
vn -4.5710088745980286 -2.8380854553923029 -3.2210368511184662
v -0.0331482216715813 -0.4295384883880615 -0.0289929509162903
vn -4.3325444994155147 -2.5906925341357949 -3.7121306673163392
v -0.0329849086701870 -0.4284355938434601 -0.0300816800445318
vn -4.7892765609677843 -2.6435233248391379 -3.0664143758611102
v -0.0344717502593994 -0.4276041090488434 -0.0287085697054863
vn -4.5613946503365170 -2.4264158601011849 -3.5459788556746448
v -0.0343149900436401 -0.4265325963497162 -0.0297673903405666
vn -5.0029024049695874 -2.4376465900951372 -2.8915591903198457
v -0.0356945283710957 -0.4255976974964142 -0.0284097697585821
vn -4.7895402846400916 -2.2508624876255854 -3.3567453136507495
v -0.0355466008186340 -0.4245589971542358 -0.0294365808367729
vn -5.2114806094279817 -2.2192081715757195 -2.6927979214084146
v -0.0368115305900574 -0.4235242903232574 -0.0280958395451307
vn -5.0165426340919010 -2.0625462645084944 -3.1400423351084052
v -0.0366746112704277 -0.4225197136402130 -0.0290889106690884
vn -5.4179006862575942 -1.9781647791174888 -2.4633510638850673
v -0.0378171205520630 -0.4213888943195343 -0.0277656894177198
vn -5.2365676769437473 -1.8626220415791095 -2.8988298462997739
v -0.0376936085522175 -0.4204196035861969 -0.0287229400128126
vn -5.4818555984725990 -1.6529788597765185 -2.5393241483379567
v -0.0385978817939758 -0.4182648956775665 -0.0283369403332472
vn -4.9588676600749766 -2.8095226607158810 -2.6150134853970783
v -0.0346289202570915 -0.4285295903682709 -0.0275529008358717
vn -5.1906945660015342 -2.5882897010636623 -2.3683455157133135
v -0.0358428284525871 -0.4264946877956390 -0.0272888503968716
vn -5.3747210649985151 -2.3583987984318231 -2.1933329903357111
v -0.0369486212730408 -0.4243915081024170 -0.0270116291940212
vn -5.5551204654130393 -2.0978613424765822 -2.0054111965934931
v -0.0379408001899719 -0.4222252070903778 -0.0267203394323587
vn -5.7115888814275504 -1.7968555571142693 -1.8456395801064143
v -0.0388141795992851 -0.4200021028518677 -0.0264136698096991
vn -5.3071508887575440 -3.1596868759992947 -1.0097424203453726
v -0.0352605506777763 -0.4306375980377197 -0.0219895206391811
vn -5.2177796934566940 -3.0604043285867468 -1.6445151062475607
v -0.0349442884325981 -0.4298852980136871 -0.0249450802803040
vn -5.0282624023379077 -3.3313568654068355 -1.6955667420996570
v -0.0336408615112305 -0.4318875074386597 -0.0251219198107719
vn -4.9019298253924015 -3.1894942850621120 -2.2645159123368508
v -0.0334763489663601 -0.4312725961208344 -0.0265119001269341
vn -4.6430656440511537 -3.4589231164539207 -2.3980287187155453
v -0.0320657417178154 -0.4331774115562439 -0.0267167594283819
vn -5.6757131475558769 -1.4202748523514539 -2.2361794591194508
v -0.0393805988132954 -0.4160616993904114 -0.0279284697026014
vn -5.8608381692818599 -1.5196886668870451 -1.6158412251671621
v -0.0395627617835999 -0.4177285134792328 -0.0260899607092142
vn -3.4792395249855801 0.4717874192069608 -5.2043922677759715
v -0.0315549299120903 -0.3209221065044403 -0.0343986712396145
vn -3.0217813004594287 0.4562152346074065 -5.4794828311891370
v -0.0302352309226990 -0.3208647072315216 -0.0352090001106262
vn -2.8053563409846531 0.4257523123753013 -5.5989642240442059
v -0.0270479898899794 -0.3037593066692352 -0.0354471206665039
vn -0.6121184077335159 -0.0000000086414966 -6.2476428625709710
v -0.0059077139012516 -0.2049999982118607 -0.0381232984364033
vn -1.2477154736215461 0.1372343811282724 -6.1485767999784260
v -0.0117621403187513 -0.2379298061132431 -0.0377104207873344
vn -1.2629889658423377 0.0000000504137593 -6.1476442039665127
v -0.0117557598277926 -0.2049999982118607 -0.0372550413012505
vn -1.9782601008985294 0.1506456194434971 -5.9497401458816528
v -0.0174853801727295 -0.2379319965839386 -0.0362156592309475
vn -2.0021028942930483 0.0000001378594173 -5.9441028161564065
v -0.0174710694700480 -0.2049999982118607 -0.0357471704483032
vn -2.7584028962648564 -0.0005984547247874 -5.6345487056471422
v -0.0229327604174614 -0.2049999982118607 -0.0334901213645935
vn -1.7562250178367020 0.2393332506486894 -6.0226945563867567
v -0.0178073607385159 -0.2708505094051361 -0.0372189208865166
vn -2.2297986997970121 0.2589529562393182 -5.8651851217468920
v -0.0206522308290005 -0.2708508074283600 -0.0362508818507195
vn -2.6698643180158026 0.2861205715711376 -5.6756879039634089
v -0.0234195496886969 -0.2708509862422943 -0.0350855514407158
vn -3.1836209447089971 0.3131691936625440 -5.4002239346406462
v -0.0260773301124573 -0.2708508968353271 -0.0336951017379761
vn -3.7002369532107275 0.3296786294196103 -5.0607648262685156
v -0.0285758897662163 -0.2708505094051361 -0.0320424400269985
vn -0.0000307589041318 -0.0000000000000000 -6.2779715266164144
v -0.0000002274770026 -0.2049999982118607 -0.0384071990847588
vn -0.0000024154528969 0.1270641102843830 -6.2759547619136820
v -0.0000002228090068 -0.2379281967878342 -0.0388515517115593
vn -0.6042221415214996 0.1297593810717316 -6.2463437196086682
v -0.0059096808545291 -0.2379284948110580 -0.0385705791413784
vn -0.5625969168928120 0.2001389319370245 -6.2489666384015070
v -0.0060058832168579 -0.2708478868007660 -0.0394567213952541
vn -1.1642076230873402 0.2195387912130116 -6.1634113901568668
v -0.0119650904089212 -0.2708491981029510 -0.0386400781571865
vn -1.0079697500619891 0.2759036693555934 -6.1904342196706494
v -0.0123087102547288 -0.3037593066692352 -0.0398879610002041
vn -1.5329702086172299 0.3097395003482823 -6.0811730389480081
v -0.0183660890907049 -0.3037594854831696 -0.0386203490197659
vn -1.9412866149419812 0.3466318200285663 -5.9628632604063680
v -0.0213335696607828 -0.3037594854831696 -0.0377531610429287
vn -2.3553132920561062 0.3837726702311434 -5.8079257580862436
v -0.0242367293685675 -0.3037594854831696 -0.0367049500346184
vn -0.0000303894774395 0.1935284780497318 -6.2747540286691663
v -0.0000002262359970 -0.2708472907543182 -0.0397232100367546
vn -0.4849583321294320 0.2513852411778335 -6.2552076451944059
v -0.0061649079434574 -0.3037590980529785 -0.0406126305460930
vn -0.8372052921194906 0.2552318876861234 -6.2166880076799833
v -0.0125536303967237 -0.3369862139225006 -0.0414456687867641
vn -1.3143956067074694 0.1732807013870751 -6.1333774426976451
v -0.0191356502473354 -0.3532561957836151 -0.0409197807312012
vn -1.2993101764871156 0.0703068756341406 -6.1398013631016397
v -0.0196955800056458 -0.3682676851749420 -0.0410706400871277
vn -1.3176734499431635 -0.0505666895249217 -6.1404297388224220
v -0.0214295908808708 -0.3962252140045166 -0.0407766103744507
vn -1.5918702808230614 -0.0293341375366557 -6.0746326784613993
v -0.0247083902359009 -0.3947525024414062 -0.0400109812617302
vn -1.7661879871884274 -0.3172869187413371 -6.0085253726754653
v -0.0258599501103163 -0.4082235097885132 -0.0395001694560051
vn -2.2722985493838093 -0.8029404009931287 -5.7865448547202210
v -0.0280733704566956 -0.4137102067470551 -0.0382592603564262
vn -2.6548308548701907 -1.3355108700106881 -5.5185853662475894
v -0.0287156701087952 -0.4201546013355255 -0.0367565713822842
vn -2.7614935154910882 -1.8106663309137365 -5.3266444532491830
v -0.0274475794285536 -0.4247572124004364 -0.0360413081943989
vn -4.8178771866908381 -3.5840091101455034 -1.7900180065818430
v -0.0322346016764641 -0.4338091909885406 -0.0252901893109083
vn -4.6770122879658480 -4.0125138516033756 -1.0939345432504548
v -0.0310736205428839 -0.4364644885063171 -0.0222533307969570
vn -4.5872421821746681 -3.8046984947147675 -1.9117786926627809
v -0.0307307802140713 -0.4356453120708466 -0.0254498701542616
vn -4.4743479841632610 -4.2419311798276027 -1.0238903098244541
v -0.0294769406318665 -0.4382287859916687 -0.0223323702812195
vn -4.3680270094596576 -4.0702963353386110 -1.8909244416067892
v -0.0291339699178934 -0.4373905956745148 -0.0256009101867676
vn -4.2394440701411513 -4.4684814046561758 -1.0761899283943352
v -0.0277878008782864 -0.4398955106735229 -0.0224068704992533
vn -3.4208816589685753 -3.6877816563925454 -3.7302843684591718
v -0.0251876693218946 -0.4379560053348541 -0.0302019100636244
vn -3.9051548716948283 -3.3768912688640786 -3.5460429186603504
v -0.0286219101399183 -0.4348596036434174 -0.0297608301043510
vn -3.4156226261643701 -3.1965698327956344 -4.1591099743184374
v -0.0267755296081305 -0.4352425932884216 -0.0311813894659281
vn -3.6391916347781450 -3.0286154513093173 -4.1022337961005881
v -0.0284520294517279 -0.4336714148521423 -0.0309300404042006
vn -3.3275031266381472 -2.6011052277020505 -4.6262723890188751
v -0.0281141903251410 -0.4309310019016266 -0.0329711996018887
vn -4.2169483147680573 -3.8559297395834675 -2.5623901331931469
v -0.0289629101753235 -0.4367280006408691 -0.0270950105041265
vn -3.7262352946807216 -4.2575888007548492 -2.6799270731528373
v -0.0255162697285414 -0.4399003088474274 -0.0274307094514370
vn -4.1160138373557036 -4.2706073474289141 -1.9888691553130691
v -0.0274490695446730 -0.4390400946140289 -0.0257433000952005
vn -2.1639593570825033 -2.4305433878342217 -5.3561499191183275
v -0.0207228604704142 -0.4331606030464172 -0.0358288809657097
vn -2.9147439286879524 -3.9623552457089573 -3.8741231702031733
v -0.0214658305048943 -0.4406513869762421 -0.0305843297392130
vn -2.7198400008109096 -5.2041271590185616 -2.1534329023977250
v -0.0178875904530287 -0.4457049965858459 -0.0263179503381252
vn -3.3191327523752525 -5.0679563047123688 -1.6039196214354199
v -0.0220690295100212 -0.4439024031162262 -0.0244066100567579
vn -3.2411346663582656 -4.9138868011907881 -2.1380381800514625
v -0.0219177603721619 -0.4433709979057312 -0.0261164307594299
vn -3.7466368638100489 -4.7536865401822528 -1.6122449770089333
v -0.0239946208894253 -0.4425581097602844 -0.0243179704993963
vn -3.6187973071686854 -4.6454378088543589 -2.1268561874450040
v -0.0238354802131653 -0.4420342147350311 -0.0260012708604336
vn -3.8716099316006032 -4.5122932121369104 -1.9592558189890696
v -0.0256810095161200 -0.4405893087387085 -0.0258768200874329
vn -3.9548746173808826 -4.7241590031666210 -1.0739758479391286
v -0.0260115806013346 -0.4414601027965546 -0.0224768500775099
vn -3.7042595406218317 -4.9647253210128293 -0.8874003244229557
v -0.0241538807749748 -0.4429188966751099 -0.0225419905036688
vn -3.4391642324998637 -5.1499289040167477 -0.9177236629051746
v -0.0222205501049757 -0.4442678987979889 -0.0226023700088263
vn -2.7656929576001268 -5.3803844542766273 -1.6150845533858980
v -0.0180181805044413 -0.4462487101554871 -0.0245616398751736
vn -1.7461698465265998 -2.5354460896125781 -5.4592094759747525
v -0.0168559495359659 -0.4352200031280518 -0.0362822413444519
vn -1.9624263935991972 -3.1027196954285476 -5.0745188767370353
v -0.0171108208596706 -0.4385716021060944 -0.0344339013099670
vn -2.1948126845462044 -3.0257924743635156 -5.0250139417153363
v -0.0190904699265957 -0.4375500082969666 -0.0342393517494202
vn -2.1857930864791144 -3.6906031478216539 -4.5621375157704458
v -0.0173679497092962 -0.4416022002696991 -0.0321920514106750
vn -2.4428657216201377 -3.6358472939507087 -4.4698516211669075
v -0.0193696003407240 -0.4405423998832703 -0.0320237800478935
vn -2.4111033842190044 -1.3792292453589385 -5.6167590274270527
v -0.0271198693662882 -0.4215446114540100 -0.0371518097817898
vn -2.0551678833932789 -0.8398847237873457 -5.8599477650757894
v -0.0264785792678595 -0.4149540960788727 -0.0386818610131741
vn -1.7696477849739642 -0.8834245130395615 -5.9444384672418797
v -0.0231252908706665 -0.4172397851943970 -0.0394434295594692
vn -1.4810632294192370 -0.3521292779706394 -6.0838832136477823
v -0.0225314404815435 -0.4102368056774139 -0.0402776487171650
vn -1.2130967129640751 -0.3756203323190881 -6.1424099211836847
v -0.0190365295857191 -0.4119952023029327 -0.0409387908875942
vn -1.0711671285728168 -0.0652669271969039 -6.1884107374492352
v -0.0180326700210571 -0.3975138068199158 -0.0414189100265503
vn -0.8434295969803973 -0.0774496261119507 -6.2236347602035629
v -0.0145388199016452 -0.3986018002033234 -0.0419428311288357
vn -0.8147661920003253 0.0466139981470622 -6.2248392456686776
v -0.0132011100649834 -0.3689720928668976 -0.0421635508537292
vn -0.0000273406184552 0.2431567498022873 -6.2745449921464020
v -0.0000002317709971 -0.3037590086460114 -0.0408481284976006
vn 0.0000892479046588 0.2382755092253797 -6.2750694763347630
v -0.0000002351400070 -0.3366675078868866 -0.0422345884144306
vn -0.3995619720609710 0.2419615967168401 -6.2618318379983169
v -0.0062696929089725 -0.3367508053779602 -0.0420431382954121
vn -0.3926882161508485 0.1478492858663064 -6.2642729799820840
v -0.0063868761062622 -0.3531405031681061 -0.0425936505198479
vn -0.8169258346602731 0.1555332474031945 -6.2220157409923527
v -0.0127865597605705 -0.3531858026981354 -0.0419871211051941
vn -0.3948471362369281 0.0355778577766409 -6.2663407698508093
v -0.0066080088727176 -0.3694238960742950 -0.0427942201495171
vn -0.4169708987291932 -0.0909569106479473 -6.2666901065023524
v -0.0073413839563727 -0.4001112878322601 -0.0426432415843010
vn -0.6265105556501325 -0.0851586495468166 -6.2492270728974972
v -0.0109683200716972 -0.3994727134704590 -0.0423506386578083
vn -0.7194201828114771 -0.4090099341468127 -6.2183955369450441
v -0.0116541897878051 -0.4146614074707031 -0.0419137999415398
vn -0.9615215698138746 -0.3944595970392931 -6.1861860108095321
v -0.0154020097106695 -0.4134773015975952 -0.0414843484759331
vn -1.1653494366895794 -0.9599768006512697 -6.0820423949856863
v -0.0158692002296448 -0.4209144115447998 -0.0406349785625935
vn -1.4607367821640536 -0.9252753852973858 -6.0226543786615929
v -0.0195788107812405 -0.4192346036434174 -0.0400946699082851
vn -1.7341454425728278 -1.5164507604869835 -5.8261360869339036
v -0.0201422497630119 -0.4263230860233307 -0.0384820587933064
vn -2.0881922081171100 -1.4484461952442893 -5.7252921150857974
v -0.0237416606396437 -0.4240970909595490 -0.0378671213984489
vn -2.3595091953921146 -1.9144886128176744 -5.4824884792731403
v -0.0240569096058607 -0.4274399876594543 -0.0367187783122063
vn -3.0082164415540471 -2.1615951243619689 -5.0537738254696789
v -0.0277792196720839 -0.4279003143310547 -0.0346591994166374
vn -3.5536984100398170 -2.4836761955773876 -4.5205852347258908
v -0.0297108199447393 -0.4293313920497894 -0.0326607190072536
vn -3.8872447556113894 -2.9299618553335289 -3.9363145007769429
v -0.0300487801432610 -0.4320099055767059 -0.0306630097329617
vn -4.3208516963289663 -3.0615649935107898 -3.3541935302428607
v -0.0317290388047695 -0.4313957989215851 -0.0292629506438971
vn -4.7514308843600137 -3.0294257400665758 -2.7492240741633047
v -0.0333121381700039 -0.4304912984371185 -0.0278042498975992
vn -5.1130593460180105 -2.9276309940889393 -2.1480437011667002
v -0.0347865186631680 -0.4292883872985840 -0.0262964293360710
vn -1.8229900784765625 -4.3939101982679878 -4.0675843617177412
v -0.0133227100595832 -0.4447171986103058 -0.0311618391424417
vn -2.3830605504196494 -4.1989631000788163 -3.9849313833047733
v -0.0174973607063293 -0.4429152905941010 -0.0309053603559732
vn -1.9323655180116082 -3.8080556259446006 -4.5739478682552850
v -0.0153163000941277 -0.4425483047962189 -0.0323423705995083
vn -1.3086334221037255 -4.9800454575942883 -3.5389708195786618
v -0.0090567460283637 -0.4472025930881500 -0.0298932101577520
vn -2.0231182697653805 -5.1943503626625329 -2.8259830873571521
v -0.0135297095403075 -0.4468190073966980 -0.0281627103686333
vn -1.9265064223044124 -4.8093458106017417 -3.4952788328836055
v -0.0134260598570108 -0.4458732903003693 -0.0297260805964470
vn -2.6358032678040306 -4.9378516061663724 -2.7851121042852691
v -0.0177571102976799 -0.4449765086174011 -0.0279669705778360
vn -2.5133744215235079 -4.5825279355304751 -3.4300063191288404
v -0.0176271200180054 -0.4440487027168274 -0.0294984504580498
vn -3.1820196582192328 -4.6322474020026725 -2.7504477443044006
v -0.0217668395489454 -0.4426600039005280 -0.0277220606803894
vn -3.0652708643295670 -4.3074013488545848 -3.3401056304147714
v -0.0216161608695984 -0.4417555034160614 -0.0292135998606682
vn -3.5833840664229193 -3.9891284214627705 -3.2206232946525932
v -0.0253517609089613 -0.4390245079994202 -0.0288746301084757
vn -4.0703891657278222 -3.6310726123193060 -3.0646849934697307
v -0.0287922006100416 -0.4358862042427063 -0.0284838005900383
vn -4.4754347692716889 -3.2899432306738907 -2.8956344256441708
v -0.0318971201777458 -0.4323746860027313 -0.0280431509017944
vn -1.3232694126633295 -2.6204529499416149 -5.5373787924104105
v -0.0128116598352790 -0.4368611872196198 -0.0366431400179863
vn -1.4916013960852417 -3.2185401490227576 -5.1614733503471317
v -0.0130146704614162 -0.4402832090854645 -0.0347602292895317
vn -1.7301256654299013 -3.1551686699318582 -5.1254503235823288
v -0.0150839602574706 -0.4394839107990265 -0.0346076413989067
vn -1.6670008333445043 -3.8459105031379455 -4.6510174319140400
v -0.0132196499034762 -0.4433771073818207 -0.0324743911623955
vn -0.8927129504103626 -2.6836688530254480 -5.5928306533547154
v -0.0086274743080139 -0.4380587041378021 -0.0369073115289211
vn -1.0088729515827626 -3.3050516803384227 -5.2230330761930137
v -0.0087693333625793 -0.4415315985679626 -0.0349994301795959
vn -1.2531587575989798 -3.2568189594920440 -5.1997348388457816
v -0.0109079396352172 -0.4409666955471039 -0.0348909981548786
vn -1.1301728573680323 -3.9628326671073153 -4.7130574314787026
v -0.0089125027880073 -0.4446710050106049 -0.0326816402375698
vn -1.4027597717660703 -3.9443002485682728 -4.6500549704015564
v -0.0110830599442124 -0.4440855085849762 -0.0325876399874687
vn -2.1213892054631129 -5.6680048281863016 -1.6005145807243237
v -0.0137377297505736 -0.4481132924556732 -0.0246856808662415
vn -2.1132842828614362 -5.8282256864651369 -0.8600800705580033
v -0.0138419801369309 -0.4484915137290955 -0.0227926895022392
vn -2.5072456606524729 -5.6547009144632545 -0.9104455002633441
v -0.0160220805555582 -0.4476191103458405 -0.0227531101554632
vn -0.0000479214240803 -0.0947691195570731 -6.2804854867145625
v -0.0000002770169942 -0.4006381928920746 -0.0428794585168362
vn 0.0000021485997111 -0.4285663279256675 -6.2587082913275260
v -0.0000002960209997 -0.4162406921386719 -0.0424786210060120
vn -0.2423486568608935 -0.4261850875208390 -6.2542413397877814
v -0.0039256210438907 -0.4160597026348114 -0.0424144193530083
vn -0.2969456667855051 -1.0217517017992466 -6.1761435501958619
v -0.0040596718899906 -0.4238368868827820 -0.0415629707276821
vn -0.5882219902867857 -1.0085478139570514 -6.1574782235766801
v -0.0080788126215339 -0.4232355058193207 -0.0413729511201382
vn -0.7052785432168414 -1.6541008822818108 -6.0024678838478875
v -0.0083488821983337 -0.4307810068130493 -0.0396980606019497
vn -1.0484075652499985 -1.6197068738126967 -5.9614922067471801
v -0.0124126598238945 -0.4296900033950806 -0.0394012890756130
vn -1.1976839899765008 -2.1550023152499431 -5.7644333665410130
v -0.0126108499243855 -0.4333141148090363 -0.0381771288812160
vn -1.5836964565997542 -2.0899185632180890 -5.6946875175867193
v -0.0166038796305656 -0.4317458868026733 -0.0377896986901760
vn -1.2374269910621487 -4.5409329063066002 -4.1244516765467658
v -0.0089845061302185 -0.4460304081439972 -0.0313500091433525
vn -0.6281957479343592 -4.6339783086867028 -4.1571167282540440
v -0.0045284028165042 -0.4468336105346680 -0.0314660593867302
vn -0.3494069036747016 -6.1583460588136720 -0.9202492125556646
v -0.0023657078854740 -0.4508912861347198 -0.0229032002389431
vn -0.7370459778365273 -6.1653751186255104 -0.7264351660357475
v -0.0047162771224976 -0.4506810009479523 -0.0228933002799749
vn -0.7212472788470425 -6.0147674461703762 -1.5671498419977503
v -0.0046785469166934 -0.4502983987331390 -0.0248331408947706
vn -1.0691075566365809 -6.0994365997252595 -0.8659771113340240
v -0.0070456857793033 -0.4503335058689117 -0.0228772107511759
vn -0.4517719426383349 -2.7228582144073417 -5.6264607170969718
v -0.0043435688130558 -0.4387921094894409 -0.0370696708559990
vn -0.5122933712855930 -3.3593264824327727 -5.2602662520906938
v -0.0044170022010803 -0.4422957897186279 -0.0351466499269009
vn -0.7633959641281001 -3.3274813742561529 -5.2493439929366250
v -0.0066038370132446 -0.4419755041599274 -0.0350848399102688
vn -0.5744376582140216 -4.0367903202492919 -4.7500223198964555
v -0.0044911499135196 -0.4454627037048340 -0.0328091904520988
vn -0.8555806493364126 -4.0402816036008113 -4.6993978449791172
v -0.0067132711410522 -0.4451309144496918 -0.0327556692063808
vn 0.0002620557592128 -2.7358710987991395 -5.6379362863602598
v -0.0000003282210059 -0.4390409886837006 -0.0371251702308655
vn -0.0001955068737262 -3.3778382536533962 -5.2731381317153394
v -0.0000003338790009 -0.4425550997257233 -0.0351969003677368
vn -0.2583081751467096 -3.3640898296952018 -5.2747450506953006
v -0.0022140739019960 -0.4424898922443390 -0.0351842008531094
vn 0.0288254348749669 -4.0785020172244328 -4.7454171352052494
v -0.0000003395919919 -0.4457311928272247 -0.0328528210520744
vn -0.2895629741875784 -4.0916253198353481 -4.7231637868446859
v -0.0022516250610352 -0.4456636011600494 -0.0328418612480164
vn 0.0201698849369292 -4.6521034911410206 -4.1802332707339218
v -0.0000003424650004 -0.4471060037612915 -0.0315057598054409
vn -0.6638245959130800 -5.0871411450269122 -3.5635564997806686
v -0.0045657749287784 -0.4480153024196625 -0.0299963299185038
vn -1.3751190780616398 -5.3870702729669704 -2.8507785498092582
v -0.0091292262077332 -0.4481607079505920 -0.0283065997064114
vn -2.0879436056195146 -5.4810866206426061 -2.1660097116831252
v -0.0136336004361510 -0.4475606977939606 -0.0264791809022427
vn -1.4404355671606974 -5.8814352422037217 -1.5836095154675824
v -0.0092745423316956 -0.4494700133800507 -0.0247768703848124
vn -1.4837707758961494 -6.0257532677194892 -0.7897969947408476
v -0.0093474378809333 -0.4498512148857117 -0.0228549800813198
vn -1.8041155689588790 -5.9231207948689448 -0.8286957030120070
v -0.0116149699315429 -0.4492363929748535 -0.0228267293423414
vn -2.5822364640286093 -2.3060978757661750 -5.2236675087856623
v -0.0243760906159878 -0.4307110905647278 -0.0352870188653469
vn -1.9688079188152641 -2.0096487601980009 -5.6022588714711068
v -0.0204307399690151 -0.4297786951065063 -0.0373024307191372
vn -1.3898726344306900 -1.5735625850388786 -5.9034207734646831
v -0.0163550898432732 -0.4281961023807526 -0.0389945507049561
vn -0.8762248523903350 -0.9878204191200607 -6.1263438829237948
v -0.0120258899405599 -0.4222553074359894 -0.0410622283816338
vn -0.4811313440132204 -0.4195591840775162 -6.2408277043236371
v -0.0078194728121161 -0.4155277013778687 -0.0422249399125576
vn -0.2088398980993373 -0.0936558528847547 -6.2770492727636160
v -0.0036786790005863 -0.4005042016506195 -0.0428199693560600
vn -0.0001054759870648 0.0323647968156931 -6.2789680253520146
v -0.0000002480529986 -0.3695830106735229 -0.0430004000663757
vn 2.7322651334325978 0.1618195121061839 -5.6448955038132169
v 0.0229602400213480 -0.2379354983568192 -0.0339762493968010
vn 2.6715677865875818 0.2891244027454950 -5.6749934761624710
v 0.0234193801879883 -0.2708509862422943 -0.0350856706500053
vn 2.2288891111195790 0.2722031946894666 -5.8651606565580030
v 0.0206518694758415 -0.2708508074283600 -0.0362509414553642
vn 2.7583283362842463 0.0005986216382274 -5.6345804105988027
v 0.0229325797408819 -0.2049999982118607 -0.0334902405738831
vn 3.3981581873549445 0.0012550065408631 -5.2769267652412974
v 0.0255016591399908 -0.2049999982118607 -0.0320250913500786
vn 3.3689922426215708 0.1680877361210359 -5.2930847986192857
v 0.0255384407937527 -0.2379375994205475 -0.0325211212038994
vn 3.1887858518303784 0.2958287225107186 -5.3981663708652050
v 0.0260772705078125 -0.2708508968353271 -0.0336952209472656
vn 6.1169883921979782 0.3660074428276230 -1.3709509230846553
v 0.0341828987002373 -0.2708472013473511 -0.0243522506207228
vn 6.0130423268136495 0.2477975568327517 -1.7574566596587089
v 0.0333672091364861 -0.2543897032737732 -0.0242813806980848
vn 6.2079842993418985 0.2191431507074710 -0.8301688698911617
v 0.0336787104606628 -0.2543897032737732 -0.0228305403143167
vn 6.2352379182090694 0.2508979689460112 0.6959388341589564
v 0.0343465805053711 -0.2708432972431183 -0.0214405003935099
vn 6.2618672470585928 0.1797450785983666 0.1556816394210809
v 0.0337596498429775 -0.2543897926807404 -0.0213561598211527
vn 6.1639632602589289 0.1321287738846414 1.1258445338507936
v 0.0336074195802212 -0.2543900012969971 -0.0198944192379713
vn 5.7506466176919488 0.0974179732743986 2.5213943981669997
v 0.0335928685963154 -0.2708348929882050 -0.0186858698725700
vn 5.9352659794429172 0.0801977104429390 2.0177718081624079
v 0.0332345888018608 -0.2543900907039642 -0.0184730794280767
vn 5.9120732345628317 0.1364826961190596 2.1123663256683916
v 0.0338587686419487 -0.2708367109298706 -0.0193537399172783
vn 6.0514484006608793 0.1758700798968590 1.6669872372940020
v 0.0340748392045498 -0.2708388864994049 -0.0200360994786024
vn 6.1608070237828239 0.2141297737556776 1.1942394156764968
v 0.0342382714152336 -0.2708412110805511 -0.0207322202622890
vn 6.2697976490738263 0.2852357186211438 0.1810721684060021
v 0.0343971215188503 -0.2708449065685272 -0.0221589803695679
vn 6.2615888796899979 0.3162654455044277 -0.3427129576800347
v 0.0343877002596855 -0.2708460986614227 -0.0228859093040228
vn 6.2096982818063635 0.3436360182333689 -0.8649061626767316
v 0.0343164801597595 -0.2708469033241272 -0.0236193500459194
vn 4.6593024987452338 0.1756716122873297 -4.2058348038044553
v 0.0301026105880737 -0.2379426062107086 -0.0287692490965128
vn 5.0358295564464939 0.1577630077308604 -3.7447779779345356
v 0.0310465004295111 -0.2379440069198608 -0.0276271700859070
vn 5.5208585183724441 0.2632680180256484 -2.9878996865199543
v 0.0321499705314636 -0.2543894946575165 -0.0269828401505947
vn 5.3993857548979465 0.1351722654462502 -3.1948447634205261
v 0.0318724513053894 -0.2379453927278519 -0.0263969302177429
vn 5.7130218419274676 0.2650072766419511 -2.5751319497835152
v 0.0328479409217834 -0.2543896138668060 -0.0256721898913383
vn 5.7446977096754885 0.1246405489739598 -2.5157200562948683
v 0.0325533114373684 -0.2379468977451324 -0.0250809695571661
vn 6.0297701694313233 0.1093256955310090 -1.7156983698836183
v 0.0330591686069965 -0.2379485070705414 -0.0236883107572794
vn 6.2140060332925913 0.0889502180500140 -0.8132392537328922
v 0.0333631597459316 -0.2379501014947891 -0.0222381297498941
vn 6.2645495785911640 0.0641201847316858 0.1470024758262221
v 0.0334440991282463 -0.2379522025585175 -0.0207558795809746
vn 6.1701014170864319 0.0364326408164647 1.0979624670111963
v 0.0332950912415981 -0.2379551976919174 -0.0192753598093987
vn 5.9486842038656054 0.0078800274682487 1.9780362068612727
v 0.0329253599047661 -0.2379585951566696 -0.0178308393806219
vn 3.0741072147553754 0.3738923514758178 -5.4616533246167984
v 0.0265583898872137 -0.2873140871524811 -0.0344945117831230
vn 3.6944952215678981 0.3187180403783576 -5.0657072301571446
v 0.0285757705569267 -0.2708505094051361 -0.0320425592362881
vn 3.8913555883709807 0.1729859660436960 -4.9235377836081948
v 0.0279468800872564 -0.2379399985074997 -0.0307989697903395
vn 4.0058982781620891 0.0006529190963677 -4.8260519967595217
v 0.0278990194201469 -0.2049999982118607 -0.0302927996963263
vn 5.9889802913524157 0.3838206907893381 -1.8496707042783582
v 0.0339904390275478 -0.2708475887775421 -0.0250725708901882
vn 5.8316561862616707 0.3876168328912337 -2.2980812421165067
v 0.0337429605424404 -0.2708478868007660 -0.0257766805589199
vn 5.6099561490041854 0.3874511091183779 -2.7885338695615012
v 0.0334446988999844 -0.2708482146263123 -0.0264607593417168
vn 5.2639513195628265 0.3924901107842637 -3.3910916806191702
v 0.0327131710946560 -0.2708489000797272 -0.0277617499232292
vn 4.7115312286901263 0.4721176335345773 -4.1185786330796832
v 0.0325405485928059 -0.2873140871524811 -0.0299241505563259
vn 4.0975901931927137 0.5178023760275101 -4.7283370385919454
v 0.0321854911744595 -0.3037590086460114 -0.0321227312088013
vn 3.5127911772964264 0.4172769358765164 -5.1857584889974602
v 0.0291389208287001 -0.2873143851757050 -0.0329056903719902
vn 3.3046563782762384 0.4788396839489524 -5.3163727495612845
v 0.0297227501869202 -0.3037591874599457 -0.0339388214051723
vn 2.8160317281278342 0.4439783179531323 -5.5921528440937802
v 0.0270478092133999 -0.3037593066692352 -0.0354471802711487
vn 3.0182781867957251 0.4501088492045033 -5.4822295782887931
v 0.0302351098507643 -0.3208647072315216 -0.0352090485394001
vn 2.4292824028528153 0.3578567418306930 -5.7755903723654995
v 0.0278652291744947 -0.3380934000015259 -0.0376665517687798
vn 5.3868160857938356 0.4940920857100416 -3.1920819690187408
v 0.0342537090182304 -0.2873133122920990 -0.0274545494467020
vn 5.3536777230603363 0.4845463121957237 -3.2474583389729474
v 0.0338852405548096 -0.2873134911060333 -0.0281100794672966
vn 5.0796768141203668 0.4812109636194268 -3.6573625646435479
v 0.0334732495248318 -0.2873136997222900 -0.0287404004484415
vn 4.5150182091859730 0.5379961749538529 -4.3251864772449515
v 0.0332964584231377 -0.3037588894367218 -0.0310760103166103
vn 5.6254320339370754 0.0535777541536860 2.7865469588561198
v 0.0353883504867554 -0.3037554919719696 -0.0212227702140808
vn 5.8156057955412193 0.1068851448760896 2.3609232566210521
v 0.0356618091464043 -0.3037557899951935 -0.0218288805335760
vn 5.9827909200102276 0.1611997121423855 1.8922408055125914
v 0.0358855687081814 -0.3037563860416412 -0.0224476996809244
vn 6.1186810834449066 0.2156526822436589 1.3817570853158365
v 0.0360578186810017 -0.3037568032741547 -0.0230820104479790
vn 6.2145232551066076 0.2690828603610308 0.8350190733246468
v 0.0361754782497883 -0.3037573099136353 -0.0237343292683363
vn 6.2622814638191056 0.3203538089731176 0.2573289064934537
v 0.0362347885966301 -0.3037576973438263 -0.0244063101708889
vn 6.2547396906760149 0.3685214182188974 -0.3492811227818687
v 0.0362301990389824 -0.3037579953670502 -0.0251010600477457
vn 6.1865109635540199 0.4117985515794980 -0.9688826015942759
v 0.0361535511910915 -0.3037582039833069 -0.0258232299238443
vn 6.0595127879983899 0.4479786757674864 -1.5721704159719878
v 0.0359993502497673 -0.3037582933902740 -0.0265620891004801
vn 5.8852533730010768 0.4757199300356574 -2.1312258547716754
v 0.0357737503945827 -0.3037582933902740 -0.0272844992578030
vn 5.6750681173191353 0.5031411863235966 -2.6372837990266818
v 0.0354834683239460 -0.3037585020065308 -0.0279851499944925
vn 5.4470650981253854 0.5234289813024551 -3.0788504090088691
v 0.0351355597376823 -0.3037585020065308 -0.0286596994847059
vn 5.2069382955678423 0.5304706595883948 -3.4700192025270788
v 0.0347366295754910 -0.3037585914134979 -0.0293058697134256
vn 4.9096065354017124 0.5383850845868485 -3.8742570297842729
v 0.0342928692698479 -0.3037587106227875 -0.0299237295985222
vn 3.8534011049149344 0.5001488842431511 -4.9299878856386714
v 0.0328131318092346 -0.3209806978702545 -0.0335023403167725
vn 4.2886951404642133 0.5121002669350523 -4.5510116779576588
v 0.0339897796511650 -0.3210406005382538 -0.0325080715119839
vn 4.7105443709975301 0.5173428313434177 -4.1144170983413559
v 0.0350561700761318 -0.3211013972759247 -0.0314026996493340
vn 5.0326197142415428 0.5149327508286752 -3.7182369053469104
v 0.0355353914201260 -0.3211320936679840 -0.0308048706501722
vn 5.3018808775633133 0.5066549865848782 -3.3221857793632465
v 0.0359693095088005 -0.3211629986763000 -0.0301753804087639
vn 5.5657832890517707 0.4918244367347085 -2.8579780337657437
v 0.0363502986729145 -0.3211941123008728 -0.0295138303190470
vn 5.8106226013865037 0.4687671480457616 -2.3210216418378287
v 0.0366698987782001 -0.3212252855300903 -0.0288216993212700
vn 6.0202483111200733 0.4357739212228391 -1.7079988034077784
v 0.0369188115000725 -0.3212566077709198 -0.0281032305210829
vn 6.1736403374617597 0.3927370344567845 -1.0368149036327812
v 0.0370877906680107 -0.3212881088256836 -0.0273649003356695
vn 6.2538588289817403 0.3419052340670561 -0.3502442819529425
v 0.0371684394776821 -0.3213207125663757 -0.0266544800251722
vn 6.2599911402342681 0.2866280441923578 0.3113148045738515
v 0.0371709987521172 -0.3213549852371216 -0.0259826704859734
vn 6.2018493424561321 0.2292856616136745 0.9299992843520077
v 0.0371074602007866 -0.3213908970355988 -0.0253409091383219
vn 6.0910919433765756 0.1711173290786350 1.5040688962097661
v 0.0369853898882866 -0.3214282095432281 -0.0247235801070929
vn 5.9380874708820937 0.1131490571984375 2.0323324605348789
v 0.0368099212646484 -0.3214662075042725 -0.0241271201521158
vn 5.7522252502256164 0.0561849517540598 2.5145414428728547
v 0.0365839004516602 -0.3215037882328033 -0.0235472302883863
vn 5.5447425004556425 0.0013737073905836 2.9464730446047374
v 0.0363083407282829 -0.3215400874614716 -0.0229796096682549
vn 5.2871605255039764 -0.0706129545171710 3.3826585831337339
v 0.0359838604927063 -0.3215745985507965 -0.0224198605865240
vn 5.4150782150532049 -0.0064174479536759 3.1766444916888852
v 0.0350658185780048 -0.3037551045417786 -0.0206261202692986
vn 5.5709242876127902 0.0583408669873470 2.8985400045569807
v 0.0332796499133110 -0.2708336114883423 -0.0180326700210571
vn 5.4247130911270407 0.0239112162524973 3.1685050129768508
v 0.0329209491610527 -0.2708326876163483 -0.0173936393111944
vn 0.3949648607022964 0.0355526498067802 -6.2663327380114975
v 0.0066077108494937 -0.3694238960742950 -0.0427942797541618
vn 0.4170014689675106 -0.0909582030479943 -6.2666892708039210
v 0.0073411460034549 -0.4001114070415497 -0.0426432415843010
vn 0.2088203332570251 -0.0936656679850209 -6.2770475479013221
v 0.0036781430244446 -0.4005042910575867 -0.0428200289607048
vn 0.4810873348391385 -0.4195372693210855 -6.2408364780943684
v 0.0078191161155701 -0.4155277907848358 -0.0422249399125576
vn 0.2423019062231360 -0.4261571447828839 -6.2542479307166996
v 0.0039250850677490 -0.4160597026348114 -0.0424144193530083
vn 0.2972379626389996 -1.0224317238099236 -6.1759553275573866
v 0.0040591950528324 -0.4238370060920715 -0.0415630303323269
vn 0.0001087727466172 -1.0266465029060898 -6.1823173172701020
v -0.0000003063479994 -0.4240413010120392 -0.0416274592280388
vn 0.0003886562903730 -1.6835753816240715 -6.0351873440675492
v -0.0000003171109881 -0.4316768944263458 -0.0399420186877251
vn -0.3563337971872809 -1.6758405681713162 -6.0270696332003082
v -0.0041994447819889 -0.4314497113227844 -0.0398800894618034
vn -0.4079277090765247 -2.2344475352855144 -5.8433223867446866
v -0.0042710900306702 -0.4351603090763092 -0.0386341810226440
vn -0.8069671448688152 -2.2036839292213886 -5.8137207408135909
v -0.0084872236475348 -0.4344589114189148 -0.0384603105485439
vn 0.8180239639731881 0.0439898491650600 -6.2242794528703227
v 0.0132010504603386 -0.3689720928668976 -0.0421635508537292
vn 0.8942015628401294 -0.0675499911886586 -6.2151741439704660
v 0.0145386401563883 -0.3986018896102905 -0.0419428311288357
vn 0.6264994833182297 -0.0851444591440793 -6.2492288233406228
v 0.0109681403264403 -0.3994728028774261 -0.0423506386578083
vn 0.9614561196355509 -0.3943756205777597 -6.1861988015406926
v 0.0154018402099609 -0.4134775102138519 -0.0414844714105129
vn 0.7192834075454219 -0.4090022479608260 -6.2184133460990791
v 0.0116539001464844 -0.4146614968776703 -0.0419138595461845
vn 0.8768956396075892 -0.9894043703476290 -6.1258634264912324
v 0.0120255900546908 -0.4222554862499237 -0.0410622283816338
vn 0.5887677382471279 -1.0097829339366780 -6.1571163036382295
v 0.0080783963203430 -0.4232357144355774 -0.0413730107247829
vn 0.7059822921699297 -1.6545953038704859 -6.0019948903392670
v 0.0083484053611755 -0.4307810962200165 -0.0396981202065945
vn 0.3570400722224649 -1.6761509767288798 -6.0268092851515478
v 0.0041988492012024 -0.4314498007297516 -0.0398800894618034
vn 0.4090053016176707 -2.2347360919732857 -5.8429605481126163
v 0.0042704339139163 -0.4351603984832764 -0.0386341810226440
vn 0.0005580771603290 -2.2451857111348845 -5.8531361663312556
v -0.0000003226280114 -0.4353984892368317 -0.0386933609843254
vn 0.6383091551304547 -4.6187658729680363 -4.1687846708792629
v 0.0045278067700565 -0.4468336999416351 -0.0314660593867302
vn 0.2481027678757624 -4.1574151712110146 -4.6551601122514512
v 0.0022509689442813 -0.4456636011600494 -0.0328418612480164
vn 0.6040340305806258 -4.0505571981368913 -4.7314975051176527
v 0.0044905538670719 -0.4454627037048340 -0.0328091904520988
vn 0.2578330776591498 -3.3634468343283128 -5.2752724122260561
v 0.0022134780883789 -0.4424898922443390 -0.0351842008531094
vn 0.5116251246631490 -3.3581040100230855 -5.2612738850762861
v 0.0044164061546326 -0.4422959089279175 -0.0351466499269009
vn 0.4521016453571949 -2.7217311627666305 -5.6268788733381800
v 0.0043429732322693 -0.4387921094894409 -0.0370697304606438
vn 1.1705591666631359 -6.0556975792425103 -0.9672518114809585
v 0.0070450301282108 -0.4503337144851685 -0.0228772107511759
vn 0.7065914344200489 -6.1679917878263550 -0.7637576119891852
v 0.0047156810760498 -0.4506812095642090 -0.0228933002799749
vn 0.7395018948890022 -6.0117007099069601 -1.5696135720743067
v 0.0046779508702457 -0.4502986073493958 -0.0248331408947706
vn 0.3704010539014450 -6.1856470784051361 -0.7804043641802956
v 0.0023649930953979 -0.4508914053440094 -0.0229032002389431
vn 1.2449921124697689 -4.5274080355328881 -4.1334330852947012
v 0.0089839687570930 -0.4460304975509644 -0.0313500687479973
vn 0.8225891187178567 -4.1061181518924519 -4.6367491101848293
v 0.0067126750946045 -0.4451310038566589 -0.0327556692063808
vn 1.1610580996851971 -3.9746908088597928 -4.6924486658392430
v 0.0089119672775269 -0.4446712136268616 -0.0326816402375698
vn 0.7626690008194801 -3.3257115948821894 -5.2508057989255645
v 0.0066033001057804 -0.4419757127761841 -0.0350848399102688
vn 1.0080226066188722 -3.3028389586564311 -5.2248990919186893
v 0.0087687959894538 -0.4415318071842194 -0.0349994301795959
vn 0.8924530141862056 -2.6816355478249996 -5.5936563032104605
v 0.0086269369348884 -0.4380587935447693 -0.0369073711335659
vn 1.8288178074954320 -4.3814549863025238 -4.0748424633852087
v 0.0133222304284573 -0.4447174072265625 -0.0311619006097317
vn 1.3774757455576869 -4.0099415674211372 -4.5909382834867696
v 0.0110825803130865 -0.4440856873989105 -0.0325876995921135
vn 1.6997986789385284 -3.8553287586033926 -4.6281944733332061
v 0.0132191097363830 -0.4433772861957550 -0.0324743911623955
vn 1.2520944292810017 -3.2542530232252078 -5.2019511323268253
v 0.0109075298532844 -0.4409669041633606 -0.0348909981548786
vn 1.4902664869175655 -3.2157647877984843 -5.1639961291806635
v 0.0130141898989677 -0.4402833878993988 -0.0347602292895317
vn 1.3222755044321139 -2.6179583442475645 -5.5385509675313971
v 0.0128112398087978 -0.4368613064289093 -0.0366431400179863
vn 2.1410098028158941 -5.8109896424236842 -0.8951329844193314
v 0.0138414502143860 -0.4484918117523193 -0.0227926895022392
vn 2.1070565671893569 -5.6751054283757725 -1.5810985337481818
v 0.0137372603639960 -0.4481135904788971 -0.0246856808662415
vn 2.5109865624097503 -5.6281828375404999 -0.9671732755012762
v 0.0160214900970459 -0.4476192891597748 -0.0227531101554632
vn 2.3871987542607989 -4.1874567055976222 -3.9911195368440060
v 0.0174969397485256 -0.4429155886173248 -0.0309054199606180
vn 1.9135166857164867 -3.8743487211618639 -4.5160949795914389
v 0.0153158903121948 -0.4425485134124756 -0.0323424302041531
vn 2.2201616558741781 -3.6971081933231016 -4.5369385366252848
v 0.0173675995320082 -0.4416024088859558 -0.0321920514106750
vn 1.7284983678909076 -3.1522989661654783 -5.1281880316183246
v 0.0150836100801826 -0.4394840896129608 -0.0346077010035515
vn 1.9607201115663313 -3.0998664291019891 -5.0773551471751768
v 0.0171103999018669 -0.4385719001293182 -0.0344339609146118
vn 1.7444092722683995 -2.5327846224106692 -5.4607012308944558
v 0.0168555900454521 -0.4352203011512756 -0.0362822413444519
vn 1.8483487649406278 0.2007068590382326 -5.9934403913462146
v 0.0253444891422987 -0.3533470928668976 -0.0392962582409382
vn 1.3170776350223061 0.1753825011309777 -6.1323409883504123
v 0.0191355291754007 -0.3532561957836151 -0.0409197807312012
vn 1.3012906368781343 0.0659258962615139 -6.1390134070810616
v 0.0196955800056458 -0.3682676851749420 -0.0410706400871277
vn 1.3221885483840650 -0.0344197897870032 -6.1349627238562610
v 0.0214295294135809 -0.3962253034114838 -0.0407766103744507
vn 1.2124993997540909 -0.3736951484983867 -6.1425929134960491
v 0.0190364103764296 -0.4119955003261566 -0.0409387908875942
vn 1.1660909508775263 -0.9617102740303972 -6.0814879517445526
v 0.0158690195530653 -0.4209147095680237 -0.0406349785625935
vn 1.0490585666648449 -1.6202545787415996 -5.9608983794420638
v 0.0124123003333807 -0.4296902120113373 -0.0394012890756130
vn 0.8078617317306747 -2.2042439921449923 -5.8130656151465541
v 0.0084867468103766 -0.4344590008258820 -0.0384603105485439
vn 0.0011804734319964 -5.1238147343715257 -3.5710721054812327
v -0.0000003453480133 -0.4482909142971039 -0.0300315599888563
vn -0.6976058160411401 -5.5075002802415085 -2.8633507809895007
v -0.0046033258549869 -0.4489808082580566 -0.0283953491598368
vn -1.4188271331550768 -5.6880944477221087 -2.1693251849901132
v -0.0092018237337470 -0.4489114880561829 -0.0265975501388311
vn 1.4615549680340434 -0.9268953065831353 -6.0220791097330633
v 0.0195786301046610 -0.4192348122596741 -0.0400947295129299
vn 1.7344567478513300 -1.5170126735565856 -5.8255217648271778
v 0.0201420094817877 -0.4263232946395874 -0.0384820587933064
vn 1.3904397590174957 -1.5741587170048732 -5.9027438045796803
v 0.0163547899574041 -0.4281964004039764 -0.0389945507049561
vn 1.5842362700836852 -2.0905802214937315 -5.6937829079358950
v 0.0166035201400518 -0.4317460954189301 -0.0377897582948208
vn 1.1984394414986375 -2.1556917069200923 -5.7635722227331314
v 0.0126104298979044 -0.4333142936229706 -0.0381771884858608
vn 1.3098594077970671 -4.9794081513454662 -3.5379021250091394
v 0.0090561499819160 -0.4472027122974396 -0.0298932101577520
vn 0.6657971550145390 -5.0866961833111874 -3.5629630590010684
v 0.0045651788823307 -0.4480153918266296 -0.0299963299185038
vn 0.6997468204182615 -5.5068845346318653 -2.8628183770889293
v 0.0046027298085392 -0.4489808976650238 -0.0283953491598368
vn 0.0013279911776447 -5.5486503831155600 -2.8665782831436357
v -0.0000003482390127 -0.4492588043212891 -0.0284256897866726
vn 0.0013731673626109 -5.8607013396566119 -2.1667206757831341
v -0.0000003511370039 -0.4500164091587067 -0.0266955997794867
vn -0.7193320364796028 -5.8169381258141479 -2.1679764791005489
v -0.0046408767811954 -0.4497368037700653 -0.0266706906259060
vn 2.9274967011423301 -3.4996212054720881 -4.2744904655845435
v 0.0232023000717163 -0.4380973875522614 -0.0316358208656311
vn 2.4198316994320157 -2.9581149546043828 -4.9630429574613153
v 0.0210177805274725 -0.4364230036735535 -0.0340245291590691
vn 2.6474912865462281 -2.8684910496007361 -4.8983905736161821
v 0.0228887703269720 -0.4351938068866730 -0.0337900482118130
vn 2.1617022215773467 -2.4281313084461020 -5.3578396246414153
v 0.0207224991172552 -0.4331608116626740 -0.0358288809657097
vn 2.5796879226952067 -2.3043334523429757 -5.2253863913716545
v 0.0243758503347635 -0.4307113885879517 -0.0352870188653469
vn 2.9175911622694577 -3.9512900323139215 -3.8800064941286250
v 0.0214654803276062 -0.4406517148017883 -0.0305843297392130
vn 2.4300652174896964 -3.7023582339374670 -4.4123265412452968
v 0.0193691793829203 -0.4405426979064941 -0.0320237800478935
vn 2.7204194664383876 -3.5046626369187646 -4.4166238972604752
v 0.0213157497346401 -0.4393731057643890 -0.0318382307887077
vn 2.1930411123056910 -3.0229523338891999 -5.0279425108343627
v 0.0190901104360819 -0.4375503063201904 -0.0342394113540649
vn 2.5128644145961658 -4.5820773074381949 -3.4288781312936640
v 0.0176266394555569 -0.4440490007400513 -0.0294984504580498
vn 1.9268620638829299 -4.8087595270694470 -3.4939398692182082
v 0.0134255196899176 -0.4458734989166260 -0.0297260805964470
vn 2.0233388782826802 -5.1933689368481106 -2.8250523911635730
v 0.0135292401537299 -0.4468190968036652 -0.0281627103686333
vn 1.3764375471273107 -5.3860574943905490 -2.8500166929128885
v 0.0091286301612854 -0.4481607973575592 -0.0283065997064114
vn 1.4201503939071882 -5.6868909135947785 -2.1686831581477799
v 0.0092012276872993 -0.4489116966724396 -0.0265975501388311
vn 0.7216207303455532 -5.8161383664098949 -2.1677844938185857
v 0.0046402812004089 -0.4497368931770325 -0.0266706906259060
vn -0.0258548471143869 -6.0616349934076457 -1.5415644280111171
v -0.0000003540399973 -0.4505791068077087 -0.0248523894697428
vn -0.0049748128952321 -6.2006175321179642 -0.8145975612117141
v -0.0000003569469982 -0.4509620070457458 -0.0229064803570509
vn 3.3018782516427136 -5.0817891308398551 -1.5864050361345319
v 0.0220686104148626 -0.4439027011394501 -0.0244066696614027
vn 3.4223761673009339 -3.6767091937238505 -3.7367152419310923
v 0.0251873694360256 -0.4379563033580780 -0.0302019696682692
vn 3.0640980281684524 -4.3073209200556315 -3.3392486233753487
v 0.0216157995164394 -0.4417558014392853 -0.0292135998606682
vn 2.6351005969628964 -4.9371187848823981 -2.7841819814287323
v 0.0177567005157471 -0.4449768066406250 -0.0279669705778360
vn 2.0881217605535585 -5.4798125119769274 -2.1654806184442381
v 0.0136331301182508 -0.4475609064102173 -0.0264791809022427
vn 3.2051521996560388 -3.2796175128646694 -4.2623543533312462
v 0.0250237490981817 -0.4367193877696991 -0.0314167104661465
vn 2.8727477284451823 -2.7917632720052676 -4.8160191002706672
v 0.0246984306722879 -0.4338662922382355 -0.0335360094904900
vn 3.4123155587614580 -3.2673747486987139 -4.0951649537663526
v 0.0267753601074219 -0.4352428913116455 -0.0311813894659281
vn 3.0992983081539154 -2.6888330682564585 -4.7326593484883395
v 0.0264417491853237 -0.4324442148208618 -0.0332629606127739
vn 3.0173159107174037 -2.1590948832207446 -5.0481001370521223
v 0.0277790408581495 -0.4279006123542786 -0.0346591994166374
vn 1.9690048503295272 -2.0102670420506157 -5.6014488799681645
v 0.0204304400831461 -0.4297789037227631 -0.0373024307191372
vn 2.3590446232299831 -1.9150556750247696 -5.4820518224714814
v 0.0240566693246365 -0.4274401962757111 -0.0367187783122063
vn 2.7626525072105808 -1.8042544638689628 -5.3276334292182890
v 0.0274474006146193 -0.4247575104236603 -0.0360413715243340
vn 2.0880457306023961 -1.4489161236939319 -5.7249023475882241
v 0.0237414799630642 -0.4240973889827728 -0.0378671810030937
vn 2.0558578276433348 -0.8405947606668456 -5.8596324281070995
v 0.0264784600585699 -0.4149543941020966 -0.0386819206178188
vn 2.4408692503410849 -1.3880955220860602 -5.5986923260542563
v 0.0271197501569986 -0.4215449094772339 -0.0371518693864346
vn 2.6515124992993266 -1.3618740535290339 -5.5120821233298196
v 0.0287155508995056 -0.4201548993587494 -0.0367565713822842
vn 3.1984164431384410 -1.6847028279437881 -5.1181078054085454
v 0.0305681806057692 -0.4217605888843536 -0.0352708101272583
vn 3.6789755629519751 -3.0222767304116083 -4.0660428386406036
v 0.0284518003463745 -0.4336717128753662 -0.0309301000088453
vn 3.3265240547601289 -2.6000560846983469 -4.6277827166000822
v 0.0281140208244324 -0.4309312999248505 -0.0329711996018887
vn 3.8879266006148954 -3.0043429326965647 -3.8659275051720732
v 0.0300485398620367 -0.4320102035999298 -0.0306630097329617
vn 3.5560744037686089 -2.4564959032112084 -4.5312919077911324
v 0.0297107100486755 -0.4293316900730133 -0.0326607786118984
vn 3.5815886768967311 -3.9896393320610350 -3.2202877833135841
v 0.0253514591604471 -0.4390248060226440 -0.0288746301084757
vn 3.9050430698841008 -3.3657871734171283 -3.5538258270308924
v 0.0286216698586941 -0.4348599016666412 -0.0297608301043510
vn 4.3135749559855592 -3.0671673612319248 -3.3575993757347518
v 0.0317288599908352 -0.4313960969448090 -0.0292629506438971
vn 4.4738135593707176 -3.2912413570689862 -2.8964946675845837
v 0.0318969413638115 -0.4323748946189880 -0.0280431509017944
vn 4.0682349602954577 -3.6321930766551800 -3.0651258791750080
v 0.0287919603288174 -0.4358865022659302 -0.0284838601946831
vn 3.4131147509240987 -5.1588884996151210 -0.9442080435607489
v 0.0222201291471720 -0.4442681968212128 -0.0226023700088263
vn 3.6858050612787423 -4.8193591630498585 -1.5776100147691303
v 0.0239941999316216 -0.4425584077835083 -0.0243180301040411
vn 4.7222002016909119 -3.9591554145903789 -1.1012462907419784
v 0.0310734491795301 -0.4364647865295410 -0.0222533307969570
vn 4.4491069117433799 -4.2665875658154704 -1.0516292955070370
v 0.0294766407459974 -0.4382291138172150 -0.0223323702812195
vn 4.2477819713522367 -4.4628027609316394 -1.0680902330059605
v 0.0277874991297722 -0.4398958086967468 -0.0224068704992533
vn 3.9792185062932641 -4.7045483311379135 -1.1063235201894541
v 0.0260111596435308 -0.4414604008197784 -0.0224768500775099
vn 3.6763947031556925 -4.9819840419539840 -0.9241519976391840
v 0.0241535902023315 -0.4429191946983337 -0.0225419905036688
vn 4.1027601271003240 -2.7451986252881815 -3.8586511577614147
v 0.0315610691905022 -0.4302633106708527 -0.0303801801055670
vn 2.3378038588020642 0.2254660153869832 -5.8209323311460919
v 0.0283518396317959 -0.3533988893032074 -0.0382226705551147
vn 1.9138899528319180 0.1058177060630997 -5.9704995333348858
v 0.0259869601577520 -0.3673535883426666 -0.0394368693232536
vn 1.8375472361396075 -0.0041709422479005 -6.0007416660957658
v 0.0278456192463636 -0.3931136131286621 -0.0391134582459927
vn 5.9882235843239382 0.4038012619937886 -1.8208392553880886
v 0.0377588793635368 -0.3393917083740234 -0.0294626895338297
vn 5.9565033445781896 0.4049877707050087 -1.9193368861279456
v 0.0384989306330681 -0.3536492884159088 -0.0301224496215582
vn 5.7450498100623992 0.4257598280273118 -2.4840981258951089
v 0.0374883413314819 -0.3393112123012543 -0.0301795005798340
vn 5.6871589495116766 0.4094681950316933 -2.6160726610297305
v 0.0382152087986469 -0.3536337912082672 -0.0308417603373528
vn 5.4650920719648681 0.4385555019051201 -3.0528533989213127
v 0.0371413193643093 -0.3392308056354523 -0.0308648906648159
vn 5.3819902095910228 0.4058498142338364 -3.2019152963445334
v 0.0378515087068081 -0.3536182940006256 -0.0315260216593742
vn 5.1712859087592502 0.4441932247021394 -3.5296163497759503
v 0.0367297492921352 -0.3391509056091309 -0.0315155908465385
vn 5.0678149839752002 0.3967581761377792 -3.6829184812431164
v 0.0374214015901089 -0.3536027967929840 -0.0321729108691216
vn 4.8783779491451611 0.4446760373520897 -3.9263239112151709
v 0.0362641215324402 -0.3390712141990662 -0.0321308299899101
vn 4.7602647094662158 0.3815494904775872 -4.0760600573959751
v 0.0369367003440857 -0.3535875082015991 -0.0327821895480156
vn 4.5349172304272436 0.4399907805240812 -4.3149269793246781
v 0.0357531309127808 -0.3389919996261597 -0.0327116213738918
vn 4.4099213530198513 0.3649278017278735 -4.4505677739411906
v 0.0364072881639004 -0.3535721898078918 -0.0333555899560452
vn 4.0963479068563577 0.4277921578823999 -4.7324150517052166
v 0.0346256382763386 -0.3388350903987885 -0.0337769910693169
vn 6.0568578979707173 0.2047192327214177 1.6373498077958999
v 0.0378304682672024 -0.3398194015026093 -0.0261626802384853
vn 5.7924338301549625 0.1902002077643695 2.4059480431753748
v 0.0389577113091946 -0.3632689118385315 -0.0267825704067945
vn 6.2550109812977865 0.3322945187409622 -0.3343106268606339
v 0.0380250811576843 -0.3395552933216095 -0.0280213896185160
vn 6.2564008196249095 0.2883506914173144 0.3790256322368158
v 0.0380253084003925 -0.3396407067775726 -0.0273684803396463
vn 6.2702587704621511 0.3448070369986977 0.1732249548900548
v 0.0387685187160969 -0.3536973893642426 -0.0280360504984856
vn 6.1853731789017026 0.2472965374541553 1.0347780762216088
v 0.0379571914672852 -0.3397290110588074 -0.0267512202262878
vn 6.1632436520775800 0.2986106983096636 1.1250764995587481
v 0.0392957292497158 -0.3636361062526703 -0.0278604608029127
vn 6.0041639271319047 0.2425260794883033 1.8044991907234187
v 0.0391534492373466 -0.3634538054466248 -0.0273093506693840
vn 5.2117189856141088 0.0304018352585880 3.5037176996109207
v 0.0368179008364677 -0.3401753008365631 -0.0239841900765896
vn 5.4593313772561247 0.0609135530086969 3.1034740957084708
v 0.0371445417404175 -0.3400898873806000 -0.0245131198316813
vn 3.5693428075682738 0.4072367414556154 -5.1403139303049201
v 0.0333924815058708 -0.3386803865432739 -0.0347277484834194
vn 3.9654419024266896 0.3416699358944281 -4.8509819297408576
v 0.0352452285587788 -0.3535419106483459 -0.0344034992158413
vn 4.3835928330230942 0.3107574205333857 -4.4718045508839346
v 0.0370396897196770 -0.3650834858417511 -0.0336196385324001
vn 4.9051337696514894 0.3450519381286115 -3.8912832086747358
v 0.0380493402481079 -0.3647736012935638 -0.0324712283909321
vn 5.3059789721289450 0.3687947803257795 -3.3288585676810354
v 0.0384781286120415 -0.3646174967288971 -0.0318421088159084
vn 5.6303700130409329 0.3808501425518754 -2.7363753419029315
v 0.0388407707214355 -0.3644607067108154 -0.0311753097921610
vn 5.9213389024846510 0.3845719674058490 -2.0218504599885025
v 0.0391227006912231 -0.3643032908439636 -0.0304725095629692
vn 6.1366705876649350 0.3768886348951901 -1.2169415835607915
v 0.0393095612525940 -0.3641453087329865 -0.0297438502311707
vn 6.2461913615487390 0.3576718693949021 -0.3961136711183513
v 0.0393871590495110 -0.3639825880527496 -0.0290648899972439
vn 6.2494531475696515 0.3370598886759451 0.3852811326047034
v 0.0393772684037685 -0.3638128042221069 -0.0284427404403687
vn 6.1877956730248123 0.2591513560576332 0.8715517487669522
v 0.0397698208689690 -0.3721931874752045 -0.0282528400421143
vn 5.3647914187128958 0.0662748263158842 3.2593087070144593
v 0.0391415283083916 -0.3709183037281036 -0.0267543699592352
vn 5.5419413619629623 0.0944564858048798 2.9516943098204105
v 0.0392798110842705 -0.3711293935775757 -0.0269936900585890
vn 6.0617669850871554 0.2226470787907524 1.6209326598673970
v 0.0397001504898071 -0.3719840943813324 -0.0279897395521402
vn 5.9554285757515082 0.1953017528267502 1.9784755706029364
v 0.0396157987415791 -0.3717718124389648 -0.0277331992983818
vn 5.6734114342024267 0.0755205363200452 2.6882386718627571
v 0.0398631617426872 -0.3791592121124268 -0.0279633402824402
vn 5.8267657042643526 0.1580107090335112 2.3337164384820799
v 0.0395175218582153 -0.3715575039386749 -0.0274823307991028
vn 5.4762932055822118 0.0203131468654323 3.0700626330197589
v 0.0397413894534111 -0.3788115978240967 -0.0277337990701199
vn 5.1129352251239242 0.0022334343647257 3.6409089736452023
v 0.0388292595744133 -0.3705089092254639 -0.0262832008302212
vn 4.8864210376365014 -0.1177936491619377 3.9331323845370001
v 0.0389890596270561 -0.3740282058715820 -0.0265585705637932
vn 5.2985820605986458 -0.0177004822339346 3.3535961787443269
v 0.0393118783831596 -0.3745597004890442 -0.0270149707794189
vn 4.4843827345294098 -0.2254271918530304 4.3898040462398100
v 0.0387457609176636 -0.3768470883369446 -0.0264074802398682
vn 5.6887033743409141 0.1264421080522160 2.6538316661330343
v 0.0394054017961025 -0.3713428974151611 -0.0272361002862453
vn 5.2978183192543442 -0.0157066184773973 3.3718491759217017
v 0.0396053716540337 -0.3784660100936890 -0.0275075994431973
vn 5.0490035923747323 -0.0892804023199023 3.7318976508062085
v 0.0394560582935810 -0.3781251013278961 -0.0272841397672892
vn 4.7583671271677437 -0.1630757759561693 4.0937542124445327
v 0.0391216799616814 -0.3774662911891937 -0.0268433596938848
vn 6.1994129276436833 0.2261412262035246 0.9521724546696202
v 0.0401978418231010 -0.3805158138275146 -0.0289298202842474
vn 6.2532553900256964 0.2561453025363066 0.3814760339523040
v 0.0402401611208916 -0.3808366060256958 -0.0291875600814819
vn 6.2440165020082983 0.2817659024046289 -0.3996493072713075
v 0.0402699708938599 -0.3814499080181122 -0.0297287702560425
vn 6.1250780399258113 0.2988523172799228 -1.2743203469001083
v 0.0402173884212971 -0.3820256888866425 -0.0303177796304226
vn 5.8926159489647212 0.3029919431758925 -2.1059896866910592
v 0.0400661788880825 -0.3825764060020447 -0.0309500601142645
vn 5.5835361175238774 0.2944266120193016 -2.8338297753794115
v 0.0398292504251003 -0.3831244111061096 -0.0315606482326984
vn 5.2450119359201279 0.2780498400275809 -3.4279231064327509
v 0.0395190082490444 -0.3836700022220612 -0.0321412011981010
vn 4.9065999982942889 0.2612908587546786 -3.9019611519376021
v 0.0391479693353176 -0.3842130005359650 -0.0326908193528652
vn 4.5933681392175716 0.2372823781855961 -4.2708174534469583
v 0.0387267395853996 -0.3847529888153076 -0.0332101508975029
vn 4.3524176736385902 -0.1041690864906571 4.4570960279448588
v 0.0376757308840752 -0.3625755012035370 -0.0247825291007757
vn 5.1465716068963703 0.0329573662147430 3.6021224109344177
v 0.0364332683384418 -0.3402574062347412 -0.0234518591314554
vn 2.4986233993810902 -0.2388199861325907 -5.7399558989350252
v 0.0319051705300808 -0.4035291075706482 -0.0375751815736294
vn 2.2877265181274802 0.0322956527657699 -5.8450435766567121
v 0.0308154206722975 -0.3913275897502899 -0.0380692407488823
vn 2.6932561339764867 0.1653498838129182 -5.6568264278008460
v 0.0319098792970181 -0.3662759959697723 -0.0370927415788174
vn 2.8617583083255331 0.2682658543831521 -5.5757444140095842
v 0.0312517210841179 -0.3534541130065918 -0.0369241200387478
vn 2.9654875529121814 0.3836187073089383 -5.5125381178493127
v 0.0307171307504177 -0.3383797109127045 -0.0363463684916496
vn 3.4690009532741430 0.4789000297978017 -5.2116524723399715
v 0.0315548703074455 -0.3209221065044403 -0.0343987308442593
vn 3.7160194983681198 0.4933244611962950 -5.0383263610991893
v 0.0309876203536987 -0.3037590980529785 -0.0330736599862576
vn 3.9330349746536073 0.4421853838914358 -4.8756413642225453
v 0.0303505603224039 -0.2873143851757050 -0.0319992788136005
vn 4.1110880162369865 0.3415441661737085 -4.7352964542973170
v 0.0297419391572475 -0.2708503007888794 -0.0311036091297865
vn 4.3027125516348681 0.1751655854463640 -4.5713822060631992
v 0.0290633402764797 -0.2379412949085236 -0.0298250894993544
vn 4.6028506300641867 0.0003566122686333 -4.2628971660969359
v 0.0300418697297573 -0.2049999982118607 -0.0282540302723646
vn 2.6620385613853377 -0.7297398169298925 -5.6257567677123106
v 0.0310801193118095 -0.4110387861728668 -0.0373278185725212
vn 2.1077669451218970 -0.2854814416480470 -5.8964207032640230
v 0.0289941392838955 -0.4059790074825287 -0.0386022292077541
vn 2.4435041035569482 -0.7656452529395799 -5.7192903917521019
v 0.0296084191650152 -0.4124040007591248 -0.0378082282841206
vn 3.0733804152544333 -1.2683678910568836 -5.3096786899974227
v 0.0317006111145020 -0.4171679913997650 -0.0358895584940910
vn 2.7665602393545994 0.0784831810347013 -5.6290701261624685
v 0.0335840508341789 -0.3894143998622894 -0.0368537902832031
vn 3.2648285475800898 -0.1455830408689231 -5.3476146536282760
v 0.0357733294367790 -0.3995277881622314 -0.0357525311410427
vn 2.9101085884815889 -0.1954373508994178 -5.5446688207656258
v 0.0345580503344536 -0.4009006917476654 -0.0364024601876736
vn 3.6060048729249203 -0.5009465341050876 -5.1036437049286763
v 0.0362402684986591 -0.4050652086734772 -0.0350782796740532
vn 3.2823108944936399 -0.5374451838582096 -5.3130975775862010
v 0.0350701212882996 -0.4066278934478760 -0.0356950685381889
vn 3.5399037442807373 -0.8821389309110366 -5.0982574699986731
v 0.0353311784565449 -0.4094507992267609 -0.0351285301148891
vn 4.1024998939112356 -1.3898385850022579 -4.5287589496746996
v 0.0358618982136250 -0.4149627983570099 -0.0334372483193874
vn 3.8749799529704587 -1.0991150831945302 -4.8075595080217841
v 0.0355952307581902 -0.4122326076030731 -0.0343846008181572
vn 4.1621171986978425 -1.0155464509563599 -4.5790303862464681
v 0.0367173515260220 -0.4104829132556915 -0.0338214002549648
vn 3.8984665168972175 -0.7788380373566459 -4.8512687007901940
v 0.0364776812493801 -0.4077940881252289 -0.0345354005694389
vn 4.2224670540471516 -0.7039483730564651 -4.5817662396688377
v 0.0375290513038635 -0.4060953855514526 -0.0339022800326347
vn 3.9365550317561988 -0.4516517751884981 -4.8553701829757534
v 0.0373190604150295 -0.4034632146358490 -0.0344179198145866
vn 3.5432591308097980 -0.0809370830266862 -5.1678341387823146
v 0.0369042083621025 -0.3981209099292755 -0.0350525900721550
vn 3.9662764945460118 -0.0194165291957531 -4.8505386769029117
v 0.0379391908645630 -0.3966841101646423 -0.0342944785952568
vn 4.3854178177096408 0.0236159320351888 -4.4770051308782088
v 0.0388597212731838 -0.3952214121818542 -0.0334663912653923
vn 3.0571649223377277 -0.6256364909936842 -5.4372479897155088
v 0.0338159203529358 -0.4081470072269440 -0.0362734086811543
vn 4.5581210141723503 -2.4250773067137326 -3.5511512210980944
v 0.0343148112297058 -0.4265328943729401 -0.0297673903405666
vn 4.0150170817479180 -2.2181663415469379 -4.2623414837741711
v 0.0326595306396484 -0.4258914887905121 -0.0319839715957642
vn 4.2130395006044203 -2.1310828613108015 -4.1110353370238863
v 0.0340025983750820 -0.4240604937076569 -0.0316171608865261
vn 3.4571500933807924 -2.0009013605281378 -4.8240933336847656
v 0.0308961197733879 -0.4247595071792603 -0.0339469909667969
vn 2.2746529273914704 -0.7944111402156298 -5.7863310532554735
v 0.0280732493847609 -0.4137103855609894 -0.0382592603564262
vn 2.8945165173846865 -1.2843970656463111 -5.4056375452068881
v 0.0302439294755459 -0.4186945855617523 -0.0363360010087490
vn 3.6476018619377504 -1.5236776982297342 -4.8602388654213735
v 0.0333852693438530 -0.4184840023517609 -0.0344051085412502
vn 3.8790059483213759 -1.8474402279494995 -4.5600489294749362
v 0.0336925908923149 -0.4213241934776306 -0.0331489406526089
vn 3.7510837397416297 -2.3777588143733617 -4.4135274653905681
v 0.0312273502349854 -0.4276502132415771 -0.0323317013680935
vn 4.3310153370669751 -2.5900992743865912 -3.7143630585448606
v 0.0329847894608974 -0.4284358918666840 -0.0300817396491766
vn 4.5701381353318684 -2.8389847558898027 -3.2217802323391158
v 0.0331480987370014 -0.4295387864112854 -0.0289929509162903
vn 5.2967972165906918 -3.1653526278513922 -1.0162133395269328
v 0.0352604314684868 -0.4306378960609436 -0.0219895802438259
vn 5.0139911199524310 -3.3742565774538225 -1.6324613366538647
v 0.0336406789720058 -0.4318878054618835 -0.0251219198107719
vn 5.2404484666159448 -3.0350084594190849 -1.6082873445768495
v 0.0349441692233086 -0.4298855066299438 -0.0249451305717230
vn 5.1142615499400987 -2.9263206592644027 -2.1472948079554159
v 0.0347863994538784 -0.4292886853218079 -0.0262965504080057
vn 5.3844804678445097 -2.7989167927194325 -1.5170640956483503
v 0.0361401997506618 -0.4278078079223633 -0.0247596502304077
vn 5.1953094225619125 -2.5868386256672689 -2.3593912205089449
v 0.0358427092432976 -0.4264948964118958 -0.0272889100015163
vn 4.8092399641583414 -3.5832729372539305 -1.7937108513907523
v 0.0322344303131104 -0.4338094890117645 -0.0252901893109083
vn 4.6312158871725311 -3.4811275516831413 -2.3850888637024403
v 0.0320655703544617 -0.4331777095794678 -0.0267168208956718
vn 4.9011020188854468 -3.1906120648394749 -2.2651409267872058
v 0.0334761701524258 -0.4312728941440582 -0.0265119001269341
vn 4.7505818950745873 -3.0304383957290986 -2.7499314529110364
v 0.0333119593560696 -0.4304915964603424 -0.0278042498975992
vn 4.9598433163559550 -2.8095372626363817 -2.6135765369954647
v 0.0346288010478020 -0.4285298883914948 -0.0275529604405165
vn 4.7885374153776166 -2.6443507767845742 -3.0675382552716099
v 0.0344716310501099 -0.4276044070720673 -0.0287086293101311
vn 5.0023364340340759 -2.4386923614813778 -2.8928505573162262
v 0.0356944203376770 -0.4255979955196381 -0.0284097697585821
vn 4.7842232875763226 -2.2491519348914482 -3.3653859652252600
v 0.0355464816093445 -0.4245592057704926 -0.0294366404414177
vn 5.0089549269610316 -2.0607310254684807 -3.1531705574846680
v 0.0366744883358479 -0.4225198924541473 -0.0290889106690884
vn 4.4909984039740793 -1.9927423770146389 -3.8858662346082702
v 0.0352517887949944 -0.4221617877483368 -0.0312306806445122
vn 4.7341806105598527 -1.8414748248884916 -3.6651935857727103
v 0.0364019200205803 -0.4202002882957458 -0.0308236405253410
vn 4.1786399495738431 -1.6659302276036854 -4.3628344798402132
v 0.0349590703845024 -0.4195075929164886 -0.0327163897454739
vn 4.3924236206657277 -1.5961205371286713 -4.1708027565961761
v 0.0361309610307217 -0.4176312088966370 -0.0322598814964294
vn 4.4743964511937202 -0.9205688103425282 -4.2937852435468455
v 0.0377403981983662 -0.4086886942386627 -0.0332216583192348
vn 4.4341112130390492 -1.2472908029490561 -4.2538310197876603
v 0.0369589887559414 -0.4131214916706085 -0.0329105183482170
vn 4.9732628853304677 -3.6493919595416235 -0.9953213952430920
v 0.0325730405747890 -0.4346081018447876 -0.0221697594970465
vn 5.9491475744788396 -1.8158530159019097 -0.6836739483935574
v 0.0392482206225395 -0.4218158125877380 -0.0215732995420694
vn 5.6984335836716209 -2.2445258869351745 -1.2747012136492688
v 0.0381886884570122 -0.4234468936920166 -0.0243608299642801
vn 5.8655975956907840 -1.8404332707310704 -1.2045476875244661
v 0.0390310212969780 -0.4211752116680145 -0.0241461899131536
vn 5.5621481898487382 -2.0951643944647578 -1.9868385102578836
v 0.0379408001899719 -0.4222253859043121 -0.0267204008996487
vn 5.7161197759414240 -1.7915920135528676 -1.8314038195103330
v 0.0388141199946404 -0.4200021922588348 -0.0264137294143438
vn 5.4809192238333235 -1.6502010242846712 -2.5369845593064793
v 0.0385978184640408 -0.4182651042938232 -0.0283369999378920
vn 5.4223842094295236 -1.9736999312043682 -2.4583569919698007
v 0.0378170609474182 -0.4213891029357910 -0.0277656894177198
vn 5.3800178081567074 -2.3590776173490116 -2.1786074130372755
v 0.0369484983384609 -0.4243916869163513 -0.0270116291940212
vn 5.5638897117691295 -2.4473930253548999 -1.4985906599566183
v 0.0372233912348747 -0.4256598949432373 -0.0245650392025709
vn 5.6503204550849810 -2.5412218067185575 -0.8702171191596739
v 0.0374990105628967 -0.4263595044612885 -0.0217912103980780
vn 6.1273077449301017 -1.1957873906533094 -0.5200471007447376
v 0.0404691100120544 -0.4170581996440887 -0.0213314201682806
vn 5.9730928372012864 -1.6293798649276092 -0.9175165831225276
v 0.0397449694573879 -0.4188514053821564 -0.0239199306815863
vn 6.0996814691294796 -1.1860452169900160 -0.8253318866763979
v 0.0403237901628017 -0.4164822101593018 -0.0236802101135254
vn 5.8580077651684199 -1.5184286982597621 -1.6152803435072860
v 0.0395626984536648 -0.4177286028862000 -0.0260899607092142
vn 5.9977600503902888 -1.2241253788771473 -1.3456045440263111
v 0.0401782914996147 -0.4154112040996552 -0.0257460996508598
vn 5.6817515501423914 -1.4199241805104941 -2.2159939221189293
v 0.0393805503845215 -0.4160617887973785 -0.0279285293072462
vn 5.8664964303828153 -1.1588260160066119 -1.8683587668656623
v 0.0400328002870083 -0.4138165116310120 -0.0274937096983194
vn 5.4760654075986865 -1.2895914275771192 -2.7526057835114548
v 0.0391987487673759 -0.4139907062053680 -0.0294598899781704
vn 5.7095984921566902 -1.0622914632602392 -2.3491026619069291
v 0.0398870706558228 -0.4118325114250183 -0.0289462208747864
vn 5.2731759284896249 -1.1505775883899734 -3.1834284459435431
v 0.0390172600746155 -0.4116928875446320 -0.0307233892381191
vn 5.5534959023816821 -0.9488419629238475 -2.7429186357997972
v 0.0397411510348320 -0.4096294045448303 -0.0301415901631117
vn 5.5784812333835507 -0.1707351104290978 -2.8501791269960903
v 0.0401628613471985 -0.3976143002510071 -0.0316408202052116
vn 5.2971769262003150 -0.2227651520602443 -3.3521369571284447
v 0.0398707315325737 -0.3984682857990265 -0.0320930406451225
vn 5.2139180155919558 -0.0620512674338757 -3.4786778345080025
v 0.0397547408938408 -0.3961119055747986 -0.0323744416236877
vn 4.8987305202366960 -0.1329004450196719 -3.9182116584162894
v 0.0394014082849026 -0.3969087004661560 -0.0328252911567688
vn 4.7257693206148765 0.0581996487087775 -4.1215705066644208
v 0.0392688512802124 -0.3944815993309021 -0.0330217406153679
vn 4.2383564585525884 0.2074931901294918 -4.6215680720325487
v 0.0382634885609150 -0.3852896094322205 -0.0337009392678738
vn 3.8661112831467559 0.2723482639248061 -4.9352450623355075
v 0.0358843803405762 -0.3653895854949951 -0.0346364304423332
vn 3.4440854027600336 0.3089812111850426 -5.2336553307267266
v 0.0339807793498039 -0.3535121083259583 -0.0353362485766411
vn 5.2111261012494996 -2.2204810279401732 -2.6942892351246321
v 0.0368114113807678 -0.4235244989395142 -0.0280958395451307
vn 5.2312465385715461 -1.8582727507168413 -2.9095463505130881
v 0.0376935601234436 -0.4204198122024536 -0.0287229400128126
vn 4.9808028562441011 -1.6759795939214936 -3.4083438805321791
v 0.0374473892152309 -0.4181807041168213 -0.0303946100175381
vn 5.2289467282923736 -1.4936555021081359 -3.1077846615959048
v 0.0383820496499538 -0.4161089062690735 -0.0299410801380873
vn 4.7109995502141864 -1.4669578476897924 -3.8658089534606406
v 0.0372023507952690 -0.4156995117664337 -0.0317776203155518
vn 4.9880570551229244 -1.3197867375106922 -3.5576325006147496
v 0.0381671115756035 -0.4137181043624878 -0.0312667414546013
vn 4.7300948320165910 -1.1281147961329887 -3.9562987521284771
v 0.0379531905055046 -0.4112330079078674 -0.0323513112962246
vn 5.0449093563583247 -0.9886428695833257 -3.5846610105466596
v 0.0388362407684326 -0.4093030095100403 -0.0317547284066677
vn 4.8154988954835796 -0.8077708750569841 -3.9287307765320580
v 0.0386555716395378 -0.4068551957607269 -0.0325800105929375
vn 5.1468086025737696 -0.6945450957237789 -3.5115337883848854
v 0.0394486114382744 -0.4049876928329468 -0.0318888388574123
vn 5.3838605261937680 -0.5942292852015592 -3.1634248416994009
v 0.0397933684289455 -0.4040428102016449 -0.0315214917063713
vn 5.5817281819318785 -0.5015642506915314 -2.8165130509674583
v 0.0400986000895500 -0.4030914008617401 -0.0311381202191114
vn 4.1420225835398643 -0.2618112565482213 -4.6957126577822104
v 0.0381172187626362 -0.3992649018764496 -0.0340565405786037
vn 4.5828161751689320 -0.1833118744588443 -4.2771152389199054
v 0.0390075407922268 -0.3977001905441284 -0.0332547388970852
vn 5.0475559854843990 -0.2845155588194329 -3.7144735874363484
v 0.0395328886806965 -0.3993169963359833 -0.0325245186686516
vn 5.4768860087673410 -0.3292217482592321 -3.0271647501608734
v 0.0399853512644768 -0.4007976055145264 -0.0316882692277431
vn 5.7764920113152396 -0.3815635569352713 -2.4112699628429279
v 0.0403597913682461 -0.4021340906620026 -0.0307376291602850
vn 5.9378838647317043 -0.2465380647557448 -1.9914162506133564
v 0.0405704900622368 -0.4011715948581696 -0.0303197503089905
vn 6.0401462855679711 -0.3254421748214333 -1.6495322601442777
v 0.0406519100070000 -0.4033184051513672 -0.0296673700213432
vn 6.1781597702256281 0.2107669408122792 1.1068984624683951
v 0.0404878184199333 -0.3886088132858276 -0.0292052607983351
vn 6.2452194754448476 0.2092291757706873 0.5322344248651791
v 0.0405361615121365 -0.3890599906444550 -0.0294373594224453
vn 6.2530028001006732 0.2162673036171610 -0.2969210999224607
v 0.0405784808099270 -0.3899182081222534 -0.0299223605543375
vn 6.1493909079662261 0.1964534871557438 -1.1615781517698673
v 0.0405439697206020 -0.3907178044319153 -0.0304458104074001
vn 5.9399783290805415 0.1671369979410824 -1.9705461109219569
v 0.0404216609895229 -0.3914783000946045 -0.0310043003410101
vn 5.6609578186263443 0.1305023618906767 -2.6725157424072323
v 0.0402230583131313 -0.3922347128391266 -0.0315454006195068
vn 5.3544238542027536 0.0991329953979459 -3.2489115886430469
v 0.0399581082165241 -0.3929876983165741 -0.0320621691644192
vn 5.0225009829966298 0.0909015215950816 -3.7512001542713529
v 0.0396371409296989 -0.3937368988990784 -0.0325540900230408
vn 5.5510544956198098 0.1460444119420852 2.9387393078474973
v 0.0401211306452751 -0.3866896033287048 -0.0283281207084656
vn 5.2432286205111502 0.0884404504186188 3.4571777689380143
v 0.0399882085621357 -0.3861964941024780 -0.0281185507774353
vn 4.8769185315028603 0.0214455129192248 3.9579573093343576
v 0.0396777316927910 -0.3852235078811646 -0.0277068596333265
vn 6.1090431421726841 0.1827498101568714 1.4330849859683397
v 0.0401381812989712 -0.3801862001419067 -0.0286793708801270
vn 6.0628658126446506 0.1909320190714294 1.6256779066873217
v 0.0404218994081020 -0.3881439864635468 -0.0289788208901882
vn 6.0887149807169862 0.3045684631218586 1.4817661874624288
v 0.0405385382473469 -0.3920744955539703 -0.0288140699267387
vn 6.2329445627683375 0.2492375832454133 0.6342256301149701
v 0.0406593009829521 -0.3931280076503754 -0.0292377993464470
vn 6.2626539516353521 0.1784760594259809 -0.2005722728461362
v 0.0407084785401821 -0.3941121101379395 -0.0296842399984598
vn 6.1866537121349170 0.0930167972686002 -0.9799123482857033
v 0.0406839810311794 -0.3950260877609253 -0.0301635805517435
vn 6.0240270894311738 0.0038979598858215 -1.7131582545929205
v 0.0405781790614128 -0.3958933949470520 -0.0306728407740593
vn 5.8025216606342243 -0.0822556205499147 -2.3536033799256080
v 0.0404015704989433 -0.3967558145523071 -0.0311672594398260
vn 5.8288380665631019 0.3164465869181007 2.3109137733533891
v 0.0403463803231716 -0.3909651041030884 -0.0284079294651747
vn 5.8912960494936222 0.4616797652014220 2.1211562245420579
v 0.0403952486813068 -0.3928219974040985 -0.0282018706202507
vn 6.1098338956126028 0.3915528746451042 1.3827955910467948
v 0.0405917689204216 -0.3940050899982452 -0.0285881701856852
vn 5.6043546405013105 0.5236897622383865 2.7852972098351159
v 0.0401282310485840 -0.3916099965572357 -0.0278278496116400
vn 6.2458545826397618 0.3083041189349640 0.5386111736578318
v 0.0407694503664970 -0.3970946073532104 -0.0286189895123243
vn 6.1353184676619108 0.4495812814708096 1.2484165159994001
v 0.0406420789659023 -0.3959034085273743 -0.0282416902482510
vn 5.9545756000168319 0.5642651774302289 1.9129952443142446
v 0.0404412113130093 -0.3946467041969299 -0.0278787594288588
vn 4.2006942298823189 -0.1388875934053410 4.6694732421201888
v 0.0389183685183525 -0.3834250867366791 -0.0269019007682800
vn 4.4135910702716599 0.1364847895303029 4.4690896589790992
v 0.0389488898217678 -0.3850426971912384 -0.0269268099218607
vn 4.5139735354967598 -0.0474409859507710 4.3694450390819251
v 0.0393173582851887 -0.3842937052249908 -0.0273024402558804
vn 4.6561273050287717 0.1580007195748760 4.2142551812832485
v 0.0393540188670158 -0.3859755098819733 -0.0273151304572821
vn 4.9638093208892746 0.2270805594394646 3.8428526688505773
v 0.0397213101387024 -0.3869754076004028 -0.0277072098106146
vn 5.4136867250665990 0.3556201713770678 3.1675751338267113
v 0.0400851294398308 -0.3898290991783142 -0.0280150696635246
vn 5.6359445644953627 0.3330287030082819 2.7564513822412087
v 0.0402241908013821 -0.3903979063034058 -0.0282101593911648
vn 4.5881015772285796 0.3242797562293576 4.2788327015089269
v 0.0389750003814697 -0.3866395056247711 -0.0268800798803568
vn 4.7929259657984078 0.3507400966054621 4.0463757791933670
v 0.0393865704536438 -0.3876368105411530 -0.0272540394216776
vn 5.0963177270531519 0.3622786184616679 3.6545943641616034
v 0.0397609397768974 -0.3887071907520294 -0.0276314597576857
vn 5.9302556916261437 0.1867037622086041 2.0639403987571745
v 0.0403383895754814 -0.3876672983169556 -0.0287575703114271
vn 4.6645005181693806 0.5409414119198734 4.1728278919426662
v 0.0389972887933254 -0.3882105052471161 -0.0267453100532293
vn 6.2697139805422033 0.1631249064752451 -0.1215893014588958
v 0.0408256612718105 -0.3982042968273163 -0.0290148202329874
vn 6.2206835758441787 0.0130062330219105 -0.7718438098531621
v 0.0408116504549980 -0.3992317020893097 -0.0294374804943800
vn 6.1083266452180256 -0.1285690579709563 -1.3905935998302843
v 0.0407235585153103 -0.4002043902873993 -0.0298847500234842
vn 5.3717772850150842 -0.8498847782833590 -3.1105267880624496
v 0.0395950004458427 -0.4073368012905121 -0.0311140995472670
vn 5.9732581941193637 -0.6023597058643619 -1.8183908547283358
v 0.0405504703521729 -0.4064755141735077 -0.0291810594499111
vn 6.0921210456652979 -0.4111106294481459 -1.4429658495217998
v 0.0407316610217094 -0.4054113924503326 -0.0288347005844116
vn 5.8807484147649918 -0.4942153659711601 -2.1257875148998404
v 0.0404557511210442 -0.4043320119380951 -0.0300517603754997
vn 5.9471430620567309 -0.7772090686665343 -1.8142784619613332
v 0.0404320284724236 -0.4096401929855347 -0.0283940397202969
vn 6.2508466353695837 0.3811711213329333 0.1844947340081000
v 0.0410901308059692 -0.4068281948566437 -0.0207667294889688
vn 6.2743557706584063 -0.0269431200594206 -0.1068095915707454
v 0.0411458611488342 -0.4091669917106628 -0.0228610001504421
vn 6.2697026298566421 -0.0404473595553597 -0.2631525751101206
v 0.0410934016108513 -0.4082587063312531 -0.0245656296610832
vn 6.2609294839202061 -0.0573248714383051 -0.3449489859653562
v 0.0410401783883572 -0.4068892002105713 -0.0259922090917826
vn 6.2162922066798103 -0.2985596177939454 -0.8037598898838783
v 0.0409255586564541 -0.4063011109828949 -0.0274837594479322
vn 6.2746705504934237 0.1196812529709753 -0.0293118492796405
v 0.0409326516091824 -0.4021278023719788 -0.0277563296258450
vn 6.2519355835131556 0.3563422102191346 0.4612251420194692
v 0.0408691689372063 -0.4008941948413849 -0.0274266600608826
vn 6.2034415050780689 0.5457894654099757 0.8151607020349861
v 0.0407782718539238 -0.4012942016124725 -0.0262874905019999
vn 6.1791993941843666 0.5482923243864879 0.9810485091311121
v 0.0407349392771721 -0.3995667099952698 -0.0271112304180861
vn 5.8516485027266567 1.2085102160983137 1.9380751143858967
v 0.0399120412766933 -0.3968113958835602 -0.0255010090768337
vn 5.9963371701605110 1.0226765363782497 1.5685921457162939
v 0.0402725301682949 -0.3983052074909210 -0.0257576107978821
vn 5.9038853996016805 0.9172200439928097 1.9400049093560681
v 0.0402399301528931 -0.3967244923114777 -0.0265104696154594
vn 4.9091340199112814 0.8202315181729855 3.8327622130808376
v 0.0390159413218498 -0.3897500932216644 -0.0265065394341946
vn 5.1146464347614211 1.0718599617824234 3.4852414403403280
v 0.0390315614640713 -0.3912496864795685 -0.0261468198150396
vn 5.1605481795614701 0.7861921704425124 3.4953657343277045
v 0.0394406281411648 -0.3908757865428925 -0.0268429499119520
vn 5.3515173845056587 0.9968833437148359 3.1356607940875185
v 0.0394629202783108 -0.3924390971660614 -0.0264591500163078
vn 5.4140596499243836 0.7388040971242782 3.0994727865162250
v 0.0398297905921936 -0.3920871019363403 -0.0271822791546583
vn 5.5718284359594126 0.9144789869408553 2.7537516244083222
v 0.0398595891892910 -0.3937205076217651 -0.0267740394920111
vn 5.8132273324759431 0.8009274203086389 2.2415324386730475
v 0.0402052402496338 -0.3950667083263397 -0.0270935799926519
vn 6.0645376665159079 0.7429852530077878 1.4565280450613529
v 0.0405251309275627 -0.3981637060642242 -0.0268067102879286
vn 6.1167343304431050 0.8180537829533773 1.1734490097006725
v 0.0405639410018921 -0.3998189866542816 -0.0260189697146416
vn 5.7143494865769240 1.0687418901071999 2.3807636338645239
v 0.0398868918418884 -0.3953039944171906 -0.0262201391160488
vn 5.6972891663387344 1.3657884540550553 2.2634824739757451
v 0.0394998714327812 -0.3953917026519775 -0.0252478700131178
vn 5.5283508185761914 1.1882235123176961 2.7362901431757365
v 0.0394825302064419 -0.3939529061317444 -0.0259338002651930
vn 5.5414979812267466 1.4970946886248859 2.5465710802539032
v 0.0390549302101135 -0.3940767943859100 -0.0249966308474541
vn 5.3399706955856150 1.2799866825131789 3.0498547510188265
v 0.0390443801879883 -0.3927003145217896 -0.0256496593356133
vn 5.1460412586400253 1.3658318455691214 3.3336550679452359
v 0.0385813713073730 -0.3915542066097260 -0.0253631398081779
vn 6.0723030577731008 1.0494991858599987 1.2224115344386373
v 0.0403032787144184 -0.3997094929218292 -0.0248079206794500
vn 6.0584509694799431 1.3913850897428786 0.8874759014268438
v 0.0399570986628532 -0.3991810977458954 -0.0234601404517889
vn 6.1912848471113868 0.9269366957743194 0.4869343491574982
v 0.0406367704272270 -0.4024550914764404 -0.0238070990890265
vn 6.2114059651058966 0.9046933299202594 0.0446626121476980
v 0.0407056212425232 -0.4035373032093048 -0.0206354204565287
vn 5.5913933169546377 1.8769308093849260 2.1449626046677679
v 0.0385916791856289 -0.3940356969833374 -0.0239485502243042
vn 5.7330754121755030 1.7012348111996423 1.9070096852354121
v 0.0390634499490261 -0.3952879011631012 -0.0241630002856255
vn 5.8589888750171975 1.8933748244108533 1.2171840125427251
v 0.0390703603625298 -0.3962143957614899 -0.0231217108666897
vn 5.8536156107339163 1.5290388776850850 1.6791884631219980
v 0.0395153686404228 -0.3966611027717590 -0.0243760291486979
vn 5.9686479598445992 1.6057689641956578 1.1162667670976378
v 0.0395294390618801 -0.3976385891437531 -0.0232903305441141
vn 5.9696298079214580 1.3334048591093566 1.4243161788387471
v 0.0399353504180908 -0.3981459140777588 -0.0245906095951796
vn 5.9392744044639523 1.9640303869572995 0.5356980896289550
v 0.0390761382877827 -0.3967620134353638 -0.0218554697930813
vn 5.9441414856633532 1.9540035625958143 0.4233156127999888
v 0.0390811488032341 -0.3969472050666809 -0.0203872304409742
vn 6.0941379003295042 1.4703482504533509 0.3674932773354457
v 0.0399779006838799 -0.3998168110847473 -0.0220917407423258
vn 6.2026170264678235 0.9599827284545910 0.1945783347327177
v 0.0406714603304863 -0.4031961858272552 -0.0223337393254042
vn 6.2623725485925616 0.4560198842092535 0.0082221881828776
v 0.0410478711128235 -0.4064100086688995 -0.0225871801376343
vn 6.0772172828802820 1.5515319000434851 0.2223169161569113
v 0.0399979911744595 -0.4000714123249054 -0.0205098297446966
vn 4.9675795363048474 0.5651839380104635 3.8042549474514571
v 0.0394152402877808 -0.3892722129821777 -0.0271022301167250
vn 5.2489609193270139 0.5501977959948885 3.4072420881723438
v 0.0397969409823418 -0.3904131948947906 -0.0274621807038784
vn 5.7062242634266074 0.6671607057343609 2.5397529542410040
v 0.0401680395007133 -0.3933587968349457 -0.0275267902761698
vn 6.0071229102967338 0.6876224101116678 1.7021524120306182
v 0.0404843017458916 -0.3964304029941559 -0.0274197999387980
vn 4.0764596634032486 -0.1759581099432121 4.6953068372164060
v 0.0380629301071167 -0.3697558045387268 -0.0253446102142334
vn 4.2782827602988140 -0.2590399127708858 4.5913067804780798
v 0.0383225008845329 -0.3762705922126770 -0.0259651504456997
vn 0.2984423270589471 6.1599693333148355 -0.9531127733580315
v 0.0023649930953979 0.0408912785351276 -0.0229032002389431
vn 0.7211958751734617 6.0147099199296621 -1.5672776211872639
v 0.0046779508702457 0.0402985215187073 -0.0248331408947706
vn 1.4434296032467488 6.0341009870328826 -0.8158611807756567
v 0.0093467831611633 0.0398512408137321 -0.0228549800813198
vn 1.0935160363917573 6.0974282565402813 -0.8144453983945352
v 0.0070450301282108 0.0403335615992546 -0.0228772107511759
vn 0.7192247290483740 5.8169652190203420 -2.1680222541213592
v 0.0046402812004089 0.0397367998957634 -0.0266706906259060
vn 1.4403180107889613 5.8815249818534099 -1.5834407771585672
v 0.0092739462852478 0.0394700691103935 -0.0247768703848124
vn 1.2372780337606559 4.5410328503558581 -4.1243435468081984
v 0.0089839687570930 0.0360305309295654 -0.0313500687479973
vn -0.0005976045559990 2.2451755148065020 -5.8531356085420843
v -0.0000003226280114 0.0253985505551100 -0.0386933609843254
vn 0.4078819948003586 2.2344334871566351 -5.8433340685672510
v 0.0042704339139163 0.0251603703945875 -0.0386341810226440
vn -0.0004199673755295 1.6835433845924128 -6.0351993503587265
v -0.0000003171109881 0.0216768290847540 -0.0399420186877251
vn 0.3562574833675083 1.6758761592140337 -6.0270652323090239
v 0.0041988492012024 0.0214498005807400 -0.0398800894618034
vn -0.0002134046188936 1.0266677739204007 -6.1823127258579413
v -0.0000003063479994 0.0140412999317050 -0.0416274592280388
vn 0.7633261923944429 3.3275107585129913 -5.2493407407795107
v 0.0066033001057804 0.0319755598902702 -0.0350848399102688
vn 1.8226808165074122 5.9167889347371654 -0.8528828230451269
v 0.0116143804043531 0.0392364785075188 -0.0228267293423414
vn 1.8229356245709256 4.3939288412124737 -4.0675668340825668
v 0.0133222304284573 0.0347173810005188 -0.0311619006097317
vn 1.6669632840015123 3.8458375808989533 -4.6511397479578056
v 0.0132191097363830 0.0333772301673889 -0.0324743911623955
vn 1.4026375786462562 3.9442399036640432 -4.6501124409457510
v 0.0110825803130865 0.0340856909751892 -0.0325876995921135
vn 1.4914517040348980 3.2185653141170585 -5.1615025195478914
v 0.0130141898989677 0.0302833896130323 -0.0347602292895317
vn 1.2530885665506262 3.2567949742186282 -5.1997807815094701
v 0.0109075298532844 0.0309667494148016 -0.0348909981548786
vn 2.1080270048631613 5.8310310598783914 -0.8485080540237385
v 0.0138414502143860 0.0384916588664055 -0.0227926895022392
vn 2.1213222351567449 5.6680266028656261 -1.6004168638396077
v 0.0137372603639960 0.0381135307252407 -0.0246856808662415
vn 2.8153082614778251 5.5219877320354911 -0.8515777957564703
v 0.0181484799832106 0.0366219803690910 -0.0227080509066582
vn 3.0766689579756470 5.3580319124401239 -0.9786466835562680
v 0.0202165208756924 0.0355038009583950 -0.0226578693836927
vn 2.7656073788950688 5.3804394127602491 -1.6150873040882090
v 0.0180176403373480 0.0362489186227322 -0.0245616398751736
vn 2.7197679339884879 5.2041918139184080 -2.1533754605672506
v 0.0178871098905802 0.0357052013278008 -0.0263179503381252
vn 2.0879108510446014 5.4810248830133039 -2.1661788620423361
v 0.0136331301182508 0.0375608801841736 -0.0264791809022427
vn 2.0230393869205816 5.1943611549736062 -2.8260637955140209
v 0.0135292401537299 0.0368191003799438 -0.0281627103686333
vn 1.3750909386838945 5.3869667756707242 -2.8509467377495059
v 0.0091286301612854 0.0381608605384827 -0.0283065997064114
vn 1.3086000320139493 4.9800949723452357 -3.5390018483036072
v 0.0090561499819160 0.0372025892138481 -0.0298932101577520
vn 0.6637268629420452 5.0870813297277078 -3.5636116739390467
v 0.0045651788823307 0.0380154214799404 -0.0299963299185038
vn 0.6281413093419905 4.6339190882842765 -4.1571966259127038
v 0.0045278067700565 0.0368336401879787 -0.0314660593867302
vn -0.0202934695218745 4.6521536096891971 -4.1801882588587151
v -0.0000003424650004 0.0371059104800224 -0.0315057598054409
vn 1.7461348137233323 2.5354366040675833 -5.4592234774383277
v 0.0168555900454521 0.0252202693372965 -0.0362822413444519
vn 1.9624032879502784 3.1027257889437223 -5.0745205397624771
v 0.0171103999018669 0.0285718403756618 -0.0344339609146118
vn 2.1948632058573438 3.0257802936265836 -5.0249886242921349
v 0.0190901104360819 0.0275502204895020 -0.0342394113540649
vn 2.1857710000027599 3.6905672886134449 -4.5621872447411267
v 0.0173675995320082 0.0316024385392666 -0.0321920514106750
vn 2.4428839027848603 3.6357964639736431 -4.4698968784660940
v 0.0193691793829203 0.0305426698178053 -0.0320237800478935
vn -0.0000107574051089 0.4285514830882488 -6.2587104599510042
v -0.0000002960209997 0.0062406058423221 -0.0424786210060120
vn 0.2968866895762191 1.0217482136743399 -6.1761422227127989
v 0.0040591950528324 0.0138369202613831 -0.0415630303323269
vn 0.7052442865629169 1.6541249005930967 -6.0024606313437943
v 0.0083484053611755 0.0207810904830694 -0.0396981202065945
vn 1.1976379256180614 2.1550205830009856 -5.7644356173199274
v 0.0126104298979044 0.0233141705393791 -0.0381771884858608
vn 1.7299942892260098 3.1551888816027995 -5.1254696295820201
v 0.0150836100801826 0.0294840894639492 -0.0346077010035515
vn 1.9321847495457658 3.8080452088430494 -4.5740322954999160
v 0.0153158903121948 0.0325484797358513 -0.0323424302041531
vn 2.3829963644508689 4.1990412725316988 -3.9848471058309176
v 0.0174969397485256 0.0329155884683132 -0.0309054199606180
vn 2.9146962160080530 3.9623366949779855 -3.8741698263332984
v 0.0214654803276062 0.0306516792625189 -0.0305843297392130
vn 3.7465350552498764 4.7537827814880025 -1.6122261573601095
v 0.0239941999316216 0.0325583815574646 -0.0243180301040411
vn 3.2410678686588144 4.9139574263115353 -2.1379950957284564
v 0.0219174008816481 0.0333712100982666 -0.0261164307594299
vn 2.6357150988906675 4.9378913529794959 -2.7850967260471124
v 0.0177567005157471 0.0349767208099365 -0.0279669705778360
vn 1.9264003125211802 4.8094851831746812 -3.4951438850866632
v 0.0134255196899176 0.0358734689652920 -0.0297260805964470
vn 3.9588732946885559 4.7222874716076362 -1.0619750864408029
v 0.0260111596435308 0.0314604602754116 -0.0224768500775099
vn 3.6187085698224815 4.6454937746481813 -2.1268678950326443
v 0.0238351803272963 0.0320344492793083 -0.0260012708604336
vn 3.1819594012476604 4.6323185235557123 -2.7503876552014273
v 0.0217664204537868 0.0326603017747402 -0.0277220606803894
vn 2.5133109370062194 4.5826647614546498 -3.4299157966153118
v 0.0176266394555569 0.0340489111840725 -0.0294984504580498
vn 3.1668805461929077 3.2807753413086544 -4.2942387506531849
v 0.0250237490981817 0.0267193894833326 -0.0314167104661465
vn 2.8743935851278515 2.7937810553642199 -4.8134805046324516
v 0.0246984306722879 0.0238662902265787 -0.0335360094904900
vn 2.9350658804048253 3.4317837458174596 -4.3339782237585114
v 0.0232023000717163 0.0280973892658949 -0.0316358208656311
vn 2.6492257819151588 2.8708844517901033 -4.8956191130462896
v 0.0228887703269720 0.0251938104629517 -0.0337900482118130
vn 2.6840690451005029 3.5015010534480320 -4.4449629541226958
v 0.0213157497346401 0.0293729901313782 -0.0318382307887077
vn 2.4216083948267060 2.9608331180642136 -4.9601032374152680
v 0.0210177805274725 0.0264229699969292 -0.0340245291590691
vn 1.5836770374067273 2.0899181993044387 -5.6946887519309444
v 0.0166035201400518 0.0217460300773382 -0.0377897582948208
vn 1.3898522062202052 1.5735667344985114 -5.9034233722620657
v 0.0163547899574041 0.0181963406503201 -0.0389945507049561
vn 1.0483971802313914 1.6196974008035028 -5.9615008419463376
v 0.0124123003333807 0.0196901503950357 -0.0394012890756130
vn 0.8762172377124442 0.9878304880682856 -6.1263464779985330
v 0.0120255900546908 0.0122554302215576 -0.0410622283816338
vn 0.5882357498345099 1.0085230949795752 -6.1574775380072451
v 0.0080783963203430 0.0132355596870184 -0.0413730107247829
vn 0.4810847592557252 0.4195665886392174 -6.2408330701642711
v 0.0078191161155701 0.0055277938954532 -0.0422249399125576
vn 0.2423261038067342 0.4261678555141668 -6.2542454262780094
v 0.0039250850677490 0.0060597062110901 -0.0424144193530083
vn 0.2088196435174277 0.0936659365982828 -6.2770475627190461
v 0.0036781430244446 -0.0094956746324897 -0.0428200289607048
vn -0.0000475962168476 0.0947689220306605 -6.2804855118227962
v -0.0000002770169942 -0.0093618026003242 -0.0428794585168362
vn 3.7261562552936662 4.2576068572459986 -2.6800533012263310
v 0.0255159102380276 0.0299005508422852 -0.0274307094514370
vn 3.8714891227174824 4.5123048550486988 -1.9593872217847670
v 0.0256807804107666 0.0305895805358887 -0.0258768200874329
vn 4.1159793903473529 4.2706011810416662 -1.9888956201089052
v 0.0274487696588039 0.0290404502302408 -0.0257433000952005
vn 4.2168852948264259 3.8559196266719020 -2.5624695275431240
v 0.0289626698940992 0.0267282705754042 -0.0270950701087713
vn 3.1005634279683423 2.6904227078568188 -4.7306101094161050
v 0.0264417491853237 0.0224441792815924 -0.0332629606127739
vn 3.0081414313885269 2.1616315212705115 -5.0538156891133612
v 0.0277790408581495 0.0179004594683647 -0.0346591994166374
vn 2.3594714966032342 1.9145557049647719 -5.4824866939787276
v 0.0240566693246365 0.0174401905387640 -0.0367187783122063
vn 1.7341133125139694 1.5164995452052663 -5.8261363302833216
v 0.0201420094817877 0.0163232591003180 -0.0384820587933064
vn 1.1653046295191731 0.9600389689294608 -6.0820432329313983
v 0.0158690195530653 0.0109146200120449 -0.0406349785625935
vn 0.7193202354314651 0.4090445304075516 -6.2184032405890575
v 0.0116539001464844 0.0046614999882877 -0.0419138595461845
vn 0.4170011392789926 0.0909586985695813 -6.2666892710816517
v 0.0073411460034549 -0.0098885288462043 -0.0426432415843010
vn 3.4209102829955191 3.6878355457223586 -3.7301982731792878
v 0.0251873694360256 0.0279562398791313 -0.0302019696682692
vn 3.9051822325457621 3.3769360730960694 -3.5459572188721777
v 0.0286216698586941 0.0248598996549845 -0.0297608301043510
vn 3.4155204499034184 3.1965934512679608 -4.1591465777099277
v 0.0267753601074219 0.0252428594976664 -0.0311813894659281
vn 4.9727607738555442 3.6494930855624519 -1.0493113125064659
v 0.0325730405747890 0.0246080700308084 -0.0221697594970465
vn 4.6777214248331669 4.0116048227590548 -1.0953663943204566
v 0.0310734491795301 0.0264647603034973 -0.0222533307969570
vn 4.2285087427910568 4.4760804830946297 -1.0997072182762633
v 0.0277874991297722 0.0298957806080580 -0.0224068704992533
vn 4.4789118161005872 4.2357029252745235 -1.0398783055052820
v 0.0294766407459974 0.0282289907336235 -0.0223323702812195
vn 4.3680571113354496 4.0703414649974228 -1.8907917763751365
v 0.0291336700320244 0.0273908898234367 -0.0256009101867676
vn 4.5871672937240948 3.8047934505378600 -1.9117805644587058
v 0.0307305399328470 0.0256456099450588 -0.0254498701542616
vn 4.6430424263876064 3.4588637216660763 -2.3981349548049491
v 0.0320655703544617 0.0231776200234890 -0.0267168208956718
vn 4.1026077040762461 2.7452852034761750 -3.8586431711333846
v 0.0315610691905022 0.0202632509171963 -0.0303801801055670
vn 3.7844316837893168 2.3819686520936574 -4.3873946480106776
v 0.0312273502349854 0.0176501199603081 -0.0323317013680935
vn 3.8872928983266584 2.9299565656820761 -3.9363246260542040
v 0.0300485398620367 0.0220100805163383 -0.0306630097329617
vn 3.5536952949578904 2.4837082450044257 -4.5205338075684747
v 0.0297107100486755 0.0193316303193569 -0.0326607786118984
vn 3.6392725765296152 3.0285857446139648 -4.1021828329313221
v 0.0284518003463745 0.0236716195940971 -0.0309301000088453
vn 3.3273200125368865 2.6011441792735246 -4.6263797987961279
v 0.0281140208244324 0.0209312401711941 -0.0329711996018887
vn -0.2088392602305513 0.0936565998611945 -6.2770492575717380
v -0.0036786790005863 -0.0094957351684570 -0.0428199693560600
vn 0.6264992712465791 0.0851448422339412 -6.2492288359833488
v 0.0109681403264403 -0.0105271302163601 -0.0423506386578083
vn 0.9615229901933386 0.3944628950254385 -6.1861765018225894
v 0.0154018402099609 0.0034774539526552 -0.0414844714105129
vn 1.4607417277784132 0.9252912639497748 -6.0226470296759231
v 0.0195786301046610 0.0092347860336304 -0.0400947295129299
vn 2.0881425945377341 1.4485119582969150 -5.7252857853898300
v 0.0237414799630642 0.0140973301604390 -0.0378671810030937
vn 2.7614907074581563 1.8107426845170880 -5.3266128331825744
v 0.0274474006146193 0.0147574497386813 -0.0360413715243340
vn 3.4482124172343598 1.9953630757351766 -4.8348130897229940
v 0.0308961197733879 0.0147594800218940 -0.0339469909667969
vn 1.4810474844019952 0.3521251721003073 -6.0838868472182419
v 0.0225313901901245 0.0002369819994783 -0.0402776487171650
vn 1.7696224629585853 0.8834156419271306 -5.9444553211860685
v 0.0231251101940870 0.0072399969212711 -0.0394434295594692
vn -0.0000273406199883 -0.2431568511402863 -6.2745449690286366
v -0.0000002317709971 -0.1062410026788712 -0.0408481284976006
vn 0.4849223929185824 -0.2513834110586781 -6.2552096252382450
v 0.0061643710359931 -0.1062408983707428 -0.0406126901507378
vn -0.0000303894708884 -0.1935284912091781 -6.2747538971944570
v -0.0000002262359970 -0.1391527056694031 -0.0397232100367546
vn -0.0000024154476055 -0.1270638726554017 -6.2759547602854751
v -0.0000002228090068 -0.1720717996358871 -0.0388515517115593
vn 1.0079235487351978 -0.2759016628675351 -6.1904434266739106
v 0.0123082902282476 -0.1062406003475189 -0.0398880206048489
vn 0.8371906129084217 -0.2552261292349728 -6.2166879965604505
v 0.0125533901154995 -0.0730137825012207 -0.0414457283914089
vn 0.8169138172193156 -0.1555298485150450 -6.2220173245618815
v 0.0127864396199584 -0.0568141303956509 -0.0419871211051941
vn 0.8147752578097446 -0.0466172608304426 -6.2248386723958902
v 0.0132010504603386 -0.0410278402268887 -0.0421635508537292
vn 1.3143930825414536 -0.1732795082194937 -6.1333784973917727
v 0.0191355291754007 -0.0567438006401062 -0.0409197807312012
vn 1.9782312445897365 -0.1506447217017125 -5.9497450524960085
v 0.0174851398915052 -0.1720678955316544 -0.0362157784402370
vn 1.7562468293497817 -0.2393324509275045 -6.0226841065256433
v 0.0178069993853569 -0.1391495019197464 -0.0372190400958061
vn 2.2297315260370234 -0.2589596061849483 -5.8652170821030722
v 0.0206518694758415 -0.1391490995883942 -0.0362509414553642
vn 1.2476339999203514 -0.1372271861624471 -6.1485947208828353
v 0.0117617202922702 -0.1720702052116394 -0.0377104803919792
vn 1.2629803344549708 0.0000000504259825 -6.1476432563856429
v 0.0117553398013115 -0.2049999982118607 -0.0372551605105400
vn 0.6120547558464117 -0.0000000086403651 -6.2476486646762508
v 0.0059072971343994 -0.2049999982118607 -0.0381233617663383
vn 1.2476329812526528 0.1372276094551532 -6.1485949985018697
v 0.0117617202922702 -0.2379298061132431 -0.0377104803919792
vn 0.6041904178020888 0.1297592163352207 -6.2463482904400793
v 0.0059092640876770 -0.2379284948110580 -0.0385705791413784
vn 1.1641651093488157 0.2195415084609010 -6.1634206759616958
v 0.0119646703824401 -0.2708491981029510 -0.0386401414871216
vn 0.5625620015835002 0.2001412737368191 -6.2489685882102375
v 0.0060054059140384 -0.2708478868007660 -0.0394567809998989
vn 1.0079235531073059 0.2759008899400476 -6.1904433043265712
v 0.0123082902282476 -0.3037593066692352 -0.0398880206048489
vn 0.4849202247042396 0.2513830955717635 -6.2552098623290284
v 0.0061643710359931 -0.3037590980529785 -0.0406126901507378
vn 0.8378973874166106 0.2529510837298493 -6.2166079627745514
v 0.0125533901154995 -0.3369862139225006 -0.0414457283914089
vn 0.3999030462122652 0.2412296027108753 -6.2618178128553517
v 0.0062693948857486 -0.3367508053779602 -0.0420431382954121
vn 0.3932162866712298 0.1486317883371398 -6.2641961884079143
v 0.0063865780830383 -0.3531405031681061 -0.0425936505198479
vn 0.0000075728965835 0.1461129403052269 -6.2768965248412787
v -0.0000002394820058 -0.3531245887279510 -0.0427893884480000
vn 2.0552166592823693 0.8398728385106463 -5.8599206120136289
v 0.0264784600585699 0.0049543380737305 -0.0386819206178188
vn 1.7662042721509366 0.3172777056591462 -6.0085221077584485
v 0.0258598309010267 -0.0017762179486454 -0.0395001694560051
vn 1.5918732798092572 0.0293391439191390 -6.0746317246055908
v 0.0247083306312561 -0.0152472201734781 -0.0400109812617302
vn 1.9256608423411086 -0.1171047878622623 -5.9662535750854602
v 0.0259869601577520 -0.0426462814211845 -0.0394368693232536
vn 1.8553795706870724 -0.2034021425291825 -5.9913046602530953
v 0.0253444891422987 -0.0566528402268887 -0.0392962582409382
vn 1.9254326194793348 -0.3280498376776327 -5.9625014442719344
v 0.0249045398086309 -0.0721755027770996 -0.0387533903121948
vn 5.3112118994537614 3.1526263591523151 -1.0111375651194150
v 0.0352604314684868 0.0206378102302551 -0.0219895802438259
vn 4.8178895496658747 3.5839455909553042 -1.7900546594075750
v 0.0322344303131104 0.0238094907253981 -0.0252901893109083
vn 5.0282703212949835 3.3313916301968391 -1.6955472414198105
v 0.0336406789720058 0.0218876600265503 -0.0251219198107719
vn 4.9018819882854041 3.1895964377606063 -2.2644738665620898
v 0.0334761701524258 0.0212728306651115 -0.0265119001269341
vn 5.2177140132654074 3.0605301058531018 -1.6444946703233190
v 0.0349441692233086 0.0198854804039001 -0.0249451305717230
vn 5.1130114055715916 2.9277253029223917 -2.1480058332998495
v 0.0347863994538784 0.0192885901778936 -0.0262965504080057
vn 4.9588472817653111 2.8095450077913657 -2.6149945863020156
v 0.0346288010478020 0.0185298901051283 -0.0275529604405165
vn 4.5709227083682586 2.8382132449574242 -3.2210340346077406
v 0.0331480987370014 0.0195387601852417 -0.0289929509162903
vn 4.7513733959608100 3.0295905552680127 -2.7491665252378024
v 0.0333119593560696 0.0204915404319763 -0.0278042498975992
vn 4.3207752815459282 3.0615918129218267 -3.3542333129890354
v 0.0317288599908352 0.0213961005210876 -0.0292629506438971
vn 4.4754321699888688 3.2899962984845494 -2.8956129927026604
v 0.0318969413638115 0.0223748590797186 -0.0280431509017944
vn 4.0703659969304464 3.6310834644425922 -3.0647442447823834
v 0.0287919603288174 0.0258863493800163 -0.0284838601946831
vn 3.5833807715449879 3.9891940394487264 -3.2205645742922240
v 0.0253514591604471 0.0290247201919556 -0.0288746301084757
vn 3.0652583416295727 4.3074494657112377 -3.3400387562412206
v 0.0216157995164394 0.0317558012902737 -0.0292135998606682
vn 5.3967654132320826 2.7506841810220988 -1.5900911833920848
v 0.0361401997506618 0.0178078394383192 -0.0247596502304077
vn 5.3746638928054153 2.3584896058832996 -2.1934253813690301
v 0.0369484983384609 0.0143916597589850 -0.0270116291940212
vn 5.1907329874130550 2.5881941355026687 -2.3683645684948913
v 0.0358427092432976 0.0164948701858521 -0.0272889100015163
vn 5.0029197266952750 2.4376221408889300 -2.8915561487110035
v 0.0356944203376770 0.0155978696420789 -0.0284097697585821
vn 4.7892687622412424 2.6433904806678283 -3.0665267221361621
v 0.0344716310501099 0.0176043491810560 -0.0287086293101311
vn 4.5614395209646048 2.4263421369550362 -3.5460110734651806
v 0.0343148112297058 0.0165328308939934 -0.0297673903405666
vn 4.3324599652435056 2.5907712263623797 -3.7121531659247067
v 0.0329847894608974 0.0184358302503824 -0.0300817396491766
vn 4.2508176427444786 2.1326129721608913 -4.0782732633695042
v 0.0340025983750820 0.0140604302287102 -0.0316171608865261
vn 4.0120793838195521 2.2484368204024490 -4.2522957799765289
v 0.0326595306396484 0.0158915501087904 -0.0319839715957642
vn 3.8769987918686004 1.8369647594727334 -4.5667207891258688
v 0.0336925908923149 0.0113241001963615 -0.0331489406526089
vn 3.2092617955014804 1.6918379486261543 -5.1101879366322152
v 0.0305681806057692 0.0117605896666646 -0.0352708101272583
vn 5.6517366527822306 2.5526626399232781 -0.8531580139994395
v 0.0374990105628967 0.0163594391196966 -0.0217912103980780
vn 5.5451869826601756 2.4811645194342193 -1.5317118471194060
v 0.0372233912348747 0.0156597997993231 -0.0245650392025709
vn 3.0607151507632646 0.6478079353013481 -5.4323762376171016
v 0.0338159203529358 -0.0018529889639467 -0.0362734086811543
vn 2.8765065200827840 0.7044779580598725 -5.5223723821888413
v 0.0324842296540737 -0.0003814889932983 -0.0368168912827969
vn 3.3008797794818068 1.1689731892396908 -5.1971672446526673
v 0.0330812297761440 0.0055793519131839 -0.0354165397584438
vn 3.0767605428463636 1.2383958066986767 -5.3169612725073696
v 0.0317006111145020 0.0071679349057376 -0.0358895584940910
vn 3.6437629311450701 1.5358208301416341 -4.8627506413883497
v 0.0333852693438530 0.0084840646013618 -0.0344051085412502
vn 2.4111287063395705 1.3792168634325259 -5.6167439139961441
v 0.0271197501569986 0.0115448199212551 -0.0371518693864346
vn 2.2723929556021321 0.8029086098031959 -5.7865171992009206
v 0.0280732493847609 0.0037103889044374 -0.0382592603564262
vn 2.0978086438213297 0.2765696423994391 -5.9012066444374005
v 0.0289941392838955 -0.0040209288708866 -0.0386022292077541
vn 2.4866003330163062 0.2295337842523310 -5.7469877974167680
v 0.0319051705300808 -0.0064708590507507 -0.0375751815736294
vn 3.5537417797123001 1.1220804342638702 -5.0355528739877720
v 0.0343812108039856 0.0039327740669250 -0.0349154397845268
vn 3.8108322127840104 1.0656959695375234 -4.8570876154176243
v 0.0355952307581902 0.0022326109465212 -0.0343846008181572
vn 5.9410272859149975 1.8656919613975576 -0.6656007037263549
v 0.0392482206225395 0.0118156597018242 -0.0215732995420694
vn 5.7136003531869353 2.1837062943076413 -1.3547548871180857
v 0.0381886884570122 0.0134468600153923 -0.0243608299642801
vn 5.5550933051297413 2.0978044195040346 -2.0054505071979105
v 0.0379408001899719 0.0122253196313977 -0.0267204008996487
vn 5.2114433590817608 2.2192337455746625 -2.6928608827329237
v 0.0368114113807678 0.0135244699195027 -0.0280958395451307
vn 4.7895473743573902 2.2509320718667949 -3.3566712171382940
v 0.0355464816093445 0.0145592000335455 -0.0294366404414177
vn 4.4897857676237960 1.9934721498650139 -3.8884682350249884
v 0.0352517887949944 0.0121618499979377 -0.0312306806445122
vn 4.1746936561445764 1.6985438099241637 -4.3571877101213463
v 0.0349590703845024 0.0095075955614448 -0.0327163897454739
vn 4.7331291054350171 1.8424042667500651 -3.6685492277416181
v 0.0364019200205803 0.0102002602070570 -0.0308236405253410
vn 5.0165888341008289 2.0625503506583587 -3.1400054162218738
v 0.0366744883358479 0.0125198299065232 -0.0290889106690884
vn 4.9800780408682961 1.6772491843596276 -3.4123622434379506
v 0.0374473892152309 0.0081806769594550 -0.0303946100175381
vn 5.2365301523000127 1.8627227529780646 -2.8988082773523498
v 0.0376935601234436 0.0104197803884745 -0.0287229400128126
vn 5.2368876489749177 1.4961241157984566 -3.0959477719564750
v 0.0383820496499538 0.0061088199727237 -0.0299410801380873
vn 5.1254818181152197 1.2412124630788521 -3.3977459047503871
v 0.0386071801185608 0.0027105209883302 -0.0309994798153639
vn 4.6921853333590677 1.1480929250985548 -3.9989205470681459
v 0.0379531905055046 0.0012329219607636 -0.0323513112962246
vn 4.9411485957448562 1.3371986950900916 -3.6225178317279214
v 0.0381671115756035 0.0037180779036134 -0.0312667414546013
vn 4.4355957970404960 1.2471514456611492 -4.2503123135990295
v 0.0369589887559414 0.0031213760375977 -0.0329105183482170
vn 4.6981219736639410 1.4615028729772170 -3.8839031750848649
v 0.0372023507952690 0.0056995148770511 -0.0317776203155518
vn 4.1272482972381104 1.3750806704876650 -4.5121740861239434
v 0.0358618982136250 0.0049627418629825 -0.0334372483193874
vn 4.4379396122131904 1.5944635430035281 -4.1314180946592831
v 0.0361309610307217 0.0076311230659485 -0.0322598814964294
vn 5.4178557107331233 1.9781563763212016 -2.4634691864292355
v 0.0378170609474182 0.0113890096545219 -0.0277656894177198
vn 5.4818601260038573 1.6529976057879618 -2.5392982009010359
v 0.0385978184640408 0.0082650184631348 -0.0283369999378920
vn 6.1294249532248557 1.2223770803872380 -0.5228951056763693
v 0.0404691100120544 0.0070580840110779 -0.0213314201682806
vn 5.4142701225081451 1.0594393795234440 -2.9865975947152723
v 0.0393958017230034 0.0006655380129814 -0.0304375793784857
vn 5.0481155772637152 0.9933478013915222 -3.5901071101652962
v 0.0388362407684326 -0.0006970469839871 -0.0317547284066677
vn 5.2636191911447909 1.1510850022505645 -3.2146184971160157
v 0.0390172600746155 0.0016927709802985 -0.0307233892381191
vn 4.8874363614224157 1.0657658786146749 -3.7866427991272404
v 0.0384094081819057 0.0002728429972194 -0.0320580601692200
vn 5.4898861817654563 1.2963274647127694 -2.7270560165313191
v 0.0391987487673759 0.0039907689206302 -0.0294598899781704
vn 5.7026479630008184 0.8426400188623322 -2.4751404270444803
v 0.0400508604943752 -0.0014147160109133 -0.0298340301960707
vn 5.3797799827778991 0.8270645117729928 -3.1190147626735016
v 0.0395950004458427 -0.0026631949003786 -0.0311140995472670
vn 5.5530526899278447 0.9533691964317317 -2.7606349161309018
v 0.0397411510348320 -0.0003705770068336 -0.0301415901631117
vn 5.2123900584650151 0.9143874882394928 -3.3692979276227137
v 0.0392320714890957 -0.0016758439596742 -0.0314403101801872
vn 5.7319940930796234 1.0622371211856567 -2.2963526688219633
v 0.0398870706558228 0.0018324849661440 -0.0289462208747864
vn 5.6757398005800610 1.4202748959827367 -2.2360903039558968
v 0.0393805503845215 0.0060617919079959 -0.0279285293072462
vn 5.8735134386806385 1.1422464555946770 -1.8512611537922390
v 0.0400328002870083 0.0038165450096130 -0.0274937096983194
vn 3.4650168534173176 0.9579811086589164 -5.1264828156382727
v 0.0353311784565449 -0.0005491360207088 -0.0351285301148891
vn 3.3189082304573616 0.5548082426943798 -5.2912942252748678
v 0.0350701212882996 -0.0033720729406923 -0.0356950685381889
vn 3.9001342863306570 0.7792924356646270 -4.8487364522681089
v 0.0364776812493801 -0.0022059080656618 -0.0345354005694389
vn 3.6135883770972970 0.5064370413036803 -5.0975423784247065
v 0.0362402684986591 -0.0049347281455994 -0.0350782796740532
vn 4.3846950100780315 0.5690063861059792 -4.4155104541630443
v 0.0375290513038635 -0.0039045810699463 -0.0339022800326347
vn 3.9564943016183491 0.4932654488861806 -4.8319351447243264
v 0.0373190604150295 -0.0065367221832275 -0.0344179198145866
vn 4.1638575486539393 1.0158351743435992 -4.5758751261520647
v 0.0367173515260220 0.0004829250101466 -0.0338214002549648
vn 4.4332327847433524 0.9369235546455581 -4.3362782401898299
v 0.0377403981983662 -0.0013111820444465 -0.0332216583192348
vn 4.6409021804423434 0.8427356629168747 -4.1360834972803415
v 0.0382122881710529 -0.0022234320640564 -0.0329065285623074
vn 4.1721996827252186 0.4718031946113380 -4.6523331373695278
v 0.0378212295472622 -0.0073509807698429 -0.0340694114565849
vn 3.9465227250950266 0.0702807295751015 -4.8673486694893082
v 0.0379391908645630 -0.0133157903328538 -0.0342944785952568
vn 3.5963089807233621 0.1082826919458163 -5.1297318281050153
v 0.0369042083621025 -0.0118789598345757 -0.0350525900721550
vn 3.7997250198224908 -0.1792773810567118 -4.9886539242716470
v 0.0372356101870537 -0.0236490294337273 -0.0346058607101440
vn 3.2605408991025668 0.1499949324167999 -5.3508187800063887
v 0.0357733294367790 -0.0104721095412970 -0.0357525311410427
vn 2.7588566256538130 -0.0862400054779589 -5.6332818021666293
v 0.0335840508341789 -0.0205855295062065 -0.0368537902832031
vn 2.9087535193339673 0.1884981676835146 -5.5461442855639795
v 0.0345580503344536 -0.0090993037447333 -0.0364024601876736
vn 2.2877269308054080 -0.0322948912982553 -5.8450434488432741
v 0.0308154206722975 -0.0186722800135612 -0.0380692407488823
vn 1.9070180901707874 0.0037205928638890 -5.9821791998670575
v 0.0278456192463636 -0.0168863497674465 -0.0391134582459927
vn 2.6815871337026560 -0.1790133924385549 -5.6606338424398110
v 0.0319098792970181 -0.0437239408493042 -0.0370927415788174
vn 2.9677644986697169 -0.3871064064893267 -5.5101856856768734
v 0.0307171307504177 -0.0716202780604362 -0.0363463684916496
vn 2.8386043691724567 -0.2444924299539741 -5.5866007577194390
v 0.0312517210841179 -0.0565458498895168 -0.0369241200387478
vn 3.4483646891926343 -0.3094229182750738 -5.2304086748970384
v 0.0339807793498039 -0.0564878508448601 -0.0353362485766411
vn 3.9655399308119468 -0.3417045074600332 -4.8500645124112962
v 0.0352452285587788 -0.0564579889178276 -0.0344034992158413
vn 4.4063732837679517 -0.3669292622703059 -4.4533504818199372
v 0.0364072881639004 -0.0564277097582817 -0.0333555899560452
vn 4.3809783002374667 -0.3191023138670203 -4.4729959052254964
v 0.0370396897196770 -0.0449163913726807 -0.0336196385324001
vn 6.2138870805721069 0.7954926858872514 -0.3072119608806734
v 0.0408671982586384 0.0046161408536136 -0.0211990997195244
vn 6.2558302079144283 0.4460807667631396 -0.2430103215457356
v 0.0411136113107204 0.0021410579793155 -0.0210578404366970
vn 5.9729873833638827 0.5571152878011506 -1.8345992949952583
v 0.0405504703521729 -0.0035244820173830 -0.0291810594499111
vn 5.7743393741496529 0.5050918020482860 -2.3669166817718388
v 0.0402107797563076 -0.0046598911285400 -0.0304207205772400
vn 5.8375614917118082 0.7124514305282309 -2.1873492475914094
v 0.0403218194842339 -0.0024662609212101 -0.0295140706002712
vn 5.5493698332071277 0.7293126441113756 -2.8326708527334903
v 0.0399224087595940 -0.0036580560263246 -0.0307745300233364
vn 5.9572874567162959 0.7866625309532298 -1.7750639827251562
v 0.0404320284724236 -0.0003597819886636 -0.0283940397202969
vn 6.1809687929993657 0.2202697350806325 -1.0514782443417563
v 0.0408599302172661 -0.0056577920913696 -0.0284752193838358
vn 6.0782843013990862 0.3948169269912962 -1.4970492321892956
v 0.0407316610217094 -0.0045885439030826 -0.0288347005844116
vn 6.1292439805880639 0.5017182244821046 -1.2374856558767293
v 0.0408099815249443 -0.0025801060255617 -0.0277982894331217
vn 4.7665761120711334 0.7670277581359913 -3.9982452004776641
v 0.0386555716395378 -0.0031447410583496 -0.0325800105929375
vn 4.9526717093045605 0.7053430053709285 -3.7769378065102752
v 0.0390684008598328 -0.0040745730511844 -0.0322412215173244
vn 5.1466400705888109 0.6363782400562777 -3.5208445914651709
v 0.0394486114382744 -0.0050122141838074 -0.0318888388574123
vn 5.3471789812336556 0.5583238278808916 -3.2221714598045952
v 0.0397933684289455 -0.0059570670127869 -0.0315214917063713
vn 5.5754950263587313 0.4869740992940518 -2.8103613270108778
v 0.0400986000895500 -0.0069084758870304 -0.0311381202191114
vn 6.2744824858884005 -0.0580768967328083 -0.1140213727679855
v 0.0411975309252739 -0.0003627300029621 -0.0209081098437309
vn 6.0432250825923122 0.8387161642316526 -1.4223585122290374
v 0.0405415818095207 0.0015354750212282 -0.0270277205854654
vn 6.1794008919607233 0.4865202928861088 -0.9231982405643885
v 0.0408870503306389 -0.0007750220247544 -0.0265265703201294
vn 6.2190238647879150 0.2673724350801331 -0.8056811219273465
v 0.0409255586564541 -0.0036987659987062 -0.0274837594479322
vn 6.2519340035013427 0.0173719746500356 -0.4561125636402339
v 0.0409295484423637 -0.0067334771156311 -0.0281063895672560
vn 6.2644948093294852 0.0455859892087075 -0.3082272479149616
v 0.0410401783883572 -0.0031107659451663 -0.0259922090917826
vn 6.2571904468465966 -0.4037296245401261 0.2384004069924955
v 0.0409611985087395 -0.0057048201560974 -0.0254906397312880
vn 6.2635096142568703 -0.0086677341383484 -0.3336348192358827
v 0.0409856997430325 -0.0048243398778141 -0.0271613001823425
vn 6.2618691097241328 -0.3172057441479891 0.2889544767726939
v 0.0409159585833549 -0.0073113441467285 -0.0265651904046535
vn 6.2750587860567979 -0.1179989617441326 -0.0220428535713869
v 0.0409326516091824 -0.0078721642494202 -0.0277563296258450
vn 6.2522440815538260 -0.3546674625550572 0.4632490266049537
v 0.0408691689372063 -0.0091058006510139 -0.0274266600608826
vn 6.0243326921309901 -0.0049177146397090 -1.7148129273901984
v 0.0405781790614128 -0.0141065698117018 -0.0306728407740593
vn 5.9393907772356576 -0.1688663881983473 -1.9728616719035317
v 0.0404216609895229 -0.0185217205435038 -0.0310043003410101
vn 5.8026424203059399 0.0810236344607865 -2.3557411215849973
v 0.0404015704989433 -0.0132441502064466 -0.0311672594398260
vn 5.6599664293787493 -0.1325276420803197 -2.6751214679737028
v 0.0402230583131313 -0.0177652798593044 -0.0315454006195068
vn 5.5518878135464922 0.1598087033890331 -2.8955445908612472
v 0.0401628613471985 -0.0123856002464890 -0.0316408202052116
vn 5.3521393039784595 -0.0941320377418935 -3.2530249440859160
v 0.0399581082165241 -0.0170121695846319 -0.0320621691644192
vn 5.2955641049181814 0.2294391492709691 -3.3388052881640524
v 0.0398707315325737 -0.0115317096933722 -0.0320930406451225
vn 5.0452494208622340 -0.0569341360742506 -3.7152180621649484
v 0.0396371409296989 -0.0162630006670952 -0.0325540900230408
vn 5.0448711318088213 0.2906092968350144 -3.7034077926451903
v 0.0395328886806965 -0.0106829395517707 -0.0325245186686516
vn 4.7517187874887234 -0.0220359786718028 -4.0865562909162048
v 0.0392688512802124 -0.0155183002352715 -0.0330217406153679
vn 4.8052991287630364 0.3445876523835705 -4.0060636852494875
v 0.0391548797488213 -0.0098399510607123 -0.0329363904893398
vn 4.5811279772724571 0.3921716712127813 -4.2574559622008472
v 0.0387413986027241 -0.0090032210573554 -0.0333300195634365
vn 4.3711246190609412 0.4346248557319550 -4.4693987049438686
v 0.0382960997521877 -0.0081734061241150 -0.0337072610855103
vn 6.2465143636530112 -0.3075077396458121 0.5383108049494352
v 0.0407694503664970 -0.0129053499549627 -0.0286189895123243
vn 6.2703286515538110 -0.1629485063642038 -0.1217995377315541
v 0.0408256612718105 -0.0117955803871155 -0.0290148202329874
vn 6.2216206536078751 -0.0130019445751078 -0.7712313836446720
v 0.0408116504549980 -0.0107681099325418 -0.0294374804943800
vn 6.1091335283826336 0.1353160687441528 -1.3909783476988986
v 0.0407235585153103 -0.0097955456003547 -0.0298847500234842
vn 5.9508640278533393 0.2717012125124827 -1.9401534833794249
v 0.0405704900622368 -0.0088284006342292 -0.0303197503089905
vn 5.7659966840700179 0.3956708576301147 -2.4150481759717186
v 0.0403597913682461 -0.0078658461570740 -0.0307376291602850
vn 6.2567563037160454 -0.4302412758801484 0.1174363131274058
v 0.0410901308059692 -0.0031716818921268 -0.0207667294889688
vn 6.2060518467436570 -0.9535599055446626 0.0062399457115379
v 0.0407056212425232 -0.0064625740051270 -0.0206354204565287
vn 6.0929586294122959 -1.5053802701849817 0.1697819892364387
v 0.0399979911744595 -0.0099286427721381 -0.0205098297446966
vn 5.9885465527546957 1.5543220731359590 -1.0129262821290286
v 0.0397449694573879 0.0088513493537903 -0.0239199306815863
vn 6.0955019756825708 1.2089253750816895 -0.8554963865231253
v 0.0403237901628017 0.0064821238629520 -0.0236802101135254
vn 6.0105175605888093 1.1958514775341553 -1.3155432134451746
v 0.0401782914996147 0.0054111480712891 -0.0257460996508598
vn 6.1799340438336978 0.8575789037937158 -0.6570157417395479
v 0.0407590195536613 0.0040743350982666 -0.0234246794134378
vn 6.1249009193792165 0.8708324777853842 -1.0116760881988427
v 0.0406504794955254 0.0030563469044864 -0.0253787599503994
vn 6.2433667384787297 0.4653555185008503 -0.4296835416208173
v 0.0410386882722378 0.0016345380572602 -0.0231511499732733
vn 6.2177476318666898 0.4879360614247235 -0.6564925881187340
v 0.0409632287919521 0.0006708279834129 -0.0249847099184990
vn 6.2737025821072789 0.0276319399914402 -0.2033104142195785
v 0.0411458611488342 -0.0008329669944942 -0.0228610001504421
vn 6.2680215876095327 0.0485409583516477 -0.2733592824292098
v 0.0410934016108513 -0.0017412300221622 -0.0245656296610832
vn 6.2624178510310502 -0.4537851540503993 0.0041747918938425
v 0.0410478711128235 -0.0035899279173464 -0.0225871801376343
vn 6.2617723753819066 -0.4326568310321625 0.1117936432679578
v 0.0410049483180046 -0.0044270749203861 -0.0241712909191847
vn 6.2027111447062975 -0.9595943069583500 0.1934321512418198
v 0.0406714603304863 -0.0068036909215152 -0.0223337393254042
vn 6.1929358675319026 -0.9147613592146835 0.4895571514129266
v 0.0406367704272270 -0.0075448751449585 -0.0238070990890265
vn 6.0969705998348145 -1.4571559515167913 0.3744713840003757
v 0.0399779006838799 -0.0101831499487162 -0.0220917407423258
vn 6.0649266105621615 -1.3791588296411699 0.8635165632174903
v 0.0399570986628532 -0.0108188902959228 -0.0234601404517889
vn 5.7269168372121939 -1.0699015352272170 2.3498870991198144
v 0.0398868918418884 -0.0146960001438856 -0.0262201391160488
vn 5.9119209995891948 -0.9189495284779547 1.9145149537238191
v 0.0402399301528931 -0.0132755003869534 -0.0265104696154594
vn 5.9956955729581392 -1.0219178544065752 1.5716237263921260
v 0.0402725301682949 -0.0116946604102850 -0.0257576107978821
vn 6.1701564608073998 -0.8329807986376778 0.8289870195069673
v 0.0406010709702969 -0.0087058544158936 -0.0250292401760817
vn 6.1167432353312963 -0.8167445857355136 1.1750055935843249
v 0.0405639410018921 -0.0101809501647949 -0.0260189697146416
vn 6.2032482781430218 -0.5869082828992165 0.7935792741816735
v 0.0407782718539238 -0.0087057938799262 -0.0262874905019999
vn 6.0573349544254222 -0.7391359831925488 1.4908940037004688
v 0.0405251309275627 -0.0118362903594971 -0.0268067102879286
vn 6.1794705183029466 -0.5449574795503201 0.9833176690966073
v 0.0407349392771721 -0.0104331895709038 -0.0271112304180861
vn 6.1326002534559150 -0.4503357738049536 1.2648728051125906
v 0.0406420789659023 -0.0140964901074767 -0.0282416902482510
vn 5.9629701806040813 -1.9710457155680241 0.0339915146502004
v 0.0390811488032341 -0.0130528202280402 -0.0203872304409742
vn 5.9646222937598621 -1.6465690900614105 1.0678464186528018
v 0.0395293794572353 -0.0123613402247429 -0.0232903305441141
vn 5.8741422526719003 -1.8649311614663242 1.1821102829367083
v 0.0390703603625298 -0.0137855401262641 -0.0231217108666897
vn 5.7304942306684188 -1.7013430007580557 1.9128631551854889
v 0.0390634499490261 -0.0147119704633951 -0.0241630002856255
vn 5.8520356416946555 -1.5286172435183434 1.6835946895145564
v 0.0395153686404228 -0.0133388601243496 -0.0243760291486979
vn 5.5380696992079033 -1.4961632226906676 2.5527876721863292
v 0.0390548706054688 -0.0159231405705214 -0.0249966308474541
vn 5.1822225528265404 -1.3440845244409854 3.2826159727582955
v 0.0385813713073730 -0.0184457302093506 -0.0253631398081779
vn 4.9491451261787773 -1.0648231395815251 3.7177480731932073
v 0.0385727211833000 -0.0198401194065809 -0.0258316304534674
vn 5.7528261593704100 -2.0720981681957391 1.4225989438954583
v 0.0385941788554192 -0.0150816403329372 -0.0229519605636597
vn 5.7542344140825872 -0.1693068717767480 2.5160743060781185
v 0.0402380786836147 -0.0228186808526516 -0.0285407900810242
vn 5.5505736416925444 -0.1451809757168504 2.9393987121859571
v 0.0401211306452751 -0.0233104191720486 -0.0283281207084656
vn 5.2900584947137350 -0.1160674475986264 3.3864416561926287
v 0.0399882085621357 -0.0238034706562757 -0.0281185507774353
vn 5.9915714389072807 -0.1537016309376195 1.8692275741334758
v 0.0400620102882385 -0.0301508903503418 -0.0284352302551270
vn 5.8450645754905848 -0.1173963346555038 2.2900110134719429
v 0.0399701483547688 -0.0304940305650234 -0.0281968098133802
vn 5.9545106466821682 -0.1924228607324268 1.9833915146691701
v 0.0396157987415791 -0.0382282100617886 -0.0277331992983818
vn 4.9302115111208957 -0.0641987410607518 3.8925981279112616
v 0.0396777316927910 -0.0247763898223639 -0.0277068596333265
vn 5.3880759271902399 -0.3372318758015682 3.2127873343603071
v 0.0400851294398308 -0.0201708003878593 -0.0280150696635246
vn 5.5737935114063619 -0.5123965348656601 2.8488211924300963
v 0.0401282310485840 -0.0183899402618408 -0.0278278496116400
vn 5.7060035622624357 -0.6687919974267515 2.5375892826591682
v 0.0401680395007133 -0.0166411902755499 -0.0275267902761698
vn 5.9531675196001572 -0.5661868853583408 1.9133608179863770
v 0.0404412113130093 -0.0153532596305013 -0.0278787594288588
vn 5.8131042896899467 -0.8023097562763521 2.2398640113264734
v 0.0402052402496338 -0.0149332201108336 -0.0270935799926519
vn 5.9927976169862767 -0.7183348776616354 1.7412661862725465
v 0.0404843017458916 -0.0135695300996304 -0.0274197999387980
vn 6.0716496033314327 -1.0967690946740309 1.1821194747678305
v 0.0403032787144184 -0.0102904997766018 -0.0248079206794500
vn 5.9687007015321969 -1.3324540384874062 1.4282306756416168
v 0.0399353504180908 -0.0118540497496724 -0.0245906095951796
vn 5.8503785131300381 -1.2075570013076764 1.9418751097169173
v 0.0399120412766933 -0.0131885400041938 -0.0255010090768337
vn 5.6949457926121649 -1.3649162433248216 2.2685703476504524
v 0.0394998714327812 -0.0146083803847432 -0.0252478700131178
vn 5.5349605485172351 -1.1897201431716755 2.7219379489769464
v 0.0394825302064419 -0.0160471200942993 -0.0259338002651930
vn 5.3471110370835042 -1.2822652925984015 3.0358533135120025
v 0.0390443801879883 -0.0172997098416090 -0.0256496593356133
vn 5.3515320813475862 -0.9969048331317546 3.1356279168354733
v 0.0394629202783108 -0.0175608303397894 -0.0264591500163078
vn 5.1345840674413630 -1.0517662583854983 3.4626833580280825
v 0.0390315614640713 -0.0187502503395081 -0.0261468198150396
vn 5.1605299406479617 -0.7861757602348137 3.4953965558057254
v 0.0394406281411648 -0.0191241502761841 -0.0268429499119520
vn 4.9194366732968646 -0.8060528920898021 3.8227617817119071
v 0.0390159413218498 -0.0202498994767666 -0.0265065394341946
vn 4.9675689558421734 -0.5651938003353179 3.8042675527484082
v 0.0394152402877808 -0.0207277499139309 -0.0271022301167250
vn 4.7089009037647322 -0.5557294622605564 4.1213892018076494
v 0.0389972887933254 -0.0217894297093153 -0.0267453100532293
vn 4.7112837765675391 -0.2908412557269644 4.1445750201738809
v 0.0393865704536438 -0.0223631802946329 -0.0272540394216776
vn 4.4362925917258931 -0.2553243479236590 4.4386136160466565
v 0.0389750003814697 -0.0233604907989502 -0.0268800798803568
vn 4.2388613891720794 0.1378802984740581 4.6333466468782296
v 0.0389183685183525 -0.0265748500823975 -0.0269019007682800
vn 4.5811181264568575 -0.4653700366729265 4.2703822813344736
v 0.0385468602180481 -0.0227651502937078 -0.0263847708702087
vn 4.7437690462128881 -0.8302247421420382 4.0307744520671775
v 0.0385614596307278 -0.0212829709053040 -0.0261667296290398
vn 4.3455728454052487 -0.2877729930775648 4.5200596522800716
v 0.0385288000106812 -0.0242785792797804 -0.0265018306672573
vn 4.5931584308502025 -0.2368379050659185 -4.2711048875205222
v 0.0387267395853996 -0.0252469107508659 -0.0332101508975029
vn 4.9080524121035145 -0.2609009576850789 -3.9003142289392896
v 0.0391479693353176 -0.0257869306951761 -0.0326908193528652
vn 5.2431917803798642 -0.2813396733391671 -3.4300368026812373
v 0.0395190082490444 -0.0263299308717251 -0.0321412011981010
vn 5.5818998671513551 -0.2976123468540001 -2.8361559004829511
v 0.0398292504251003 -0.0268756095319986 -0.0315606482326984
vn 5.8913508515738897 -0.3058768703184206 -2.1083299281178962
v 0.0400661788880825 -0.0274236202239990 -0.0309500601142645
vn 6.1242267741079495 -0.3014396217213721 -1.2768522762374395
v 0.0402173884212971 -0.0279742404818535 -0.0303177796304226
vn 6.2436199301098778 -0.2847716198478783 -0.4037474674578337
v 0.0402699708938599 -0.0285500194877386 -0.0297287702560425
vn 6.2534879087462798 -0.2585127523237434 0.3783440898429254
v 0.0402401611208916 -0.0291634202003479 -0.0291875600814819
vn 6.2459233229800537 -0.3587657781922171 -0.3971053705224172
v 0.0393871590495110 -0.0460172817111015 -0.0290648899972439
vn 6.2515368573140551 -0.3653515256117641 -0.3467826470567862
v 0.0387720987200737 -0.0563189908862114 -0.0286794304847717
vn 6.1361836088460384 -0.3780582244382604 -1.2177137999510728
v 0.0393095612525940 -0.0458545610308647 -0.0297438502311707
vn 6.1533357853062265 -0.3891359258989543 -1.1402444131459535
v 0.0386888906359673 -0.0563350915908813 -0.0293776895850897
vn 5.9206779822499129 -0.3862168118467217 -2.0224748624243576
v 0.0391227006912231 -0.0456966087222099 -0.0304725095629692
vn 5.9561079916417068 -0.4037367720599807 -1.9199618247053658
v 0.0384989306330681 -0.0563505813479424 -0.0301224496215582
vn 5.6296275150762458 -0.3828737175807171 -2.7368397966007443
v 0.0388407707214355 -0.0455392487347126 -0.0311753097921610
vn 5.6867330818160697 -0.4084229806388830 -2.6164044522874450
v 0.0382152087986469 -0.0563662014901638 -0.0308417603373528
vn 5.3052755345195424 -0.3710510949078064 -3.3291320186701912
v 0.0384781286120415 -0.0453824400901794 -0.0318421088159084
vn 5.3816317434904626 -0.4050057041487256 -3.2019993353337446
v 0.0378515087068081 -0.0563816986978054 -0.0315260216593742
vn 4.9025404849471084 -0.3532806496421428 -3.8929637551388421
v 0.0380493402481079 -0.0452262684702873 -0.0324712283909321
vn 5.0637917574101863 -0.3865334189935912 -3.6884345962621441
v 0.0374214015901089 -0.0563971400260925 -0.0321729108691216
vn 4.7655627635188083 -0.3736746242768401 -4.0698597281309521
v 0.0369367003440857 -0.0564124509692192 -0.0327821895480156
vn 6.1016450980372143 -0.4015403330056524 1.4169285509381093
v 0.0405917689204216 -0.0159949008375406 -0.0285881701856852
vn 6.2328457199934020 -0.2473285091143992 0.6400665566912064
v 0.0406593009829521 -0.0168719198554754 -0.0292377993464470
vn 6.1774120243428481 -0.2116162179620653 1.1117656272559295
v 0.0404878184199333 -0.0213911496102810 -0.0292052607983351
vn 6.1105012749684757 -0.1861807121645984 1.4275764408546834
v 0.0401381812989712 -0.0298138204962015 -0.0286793708801270
vn 6.0629637184746823 -0.2236000027073329 1.6170482715770005
v 0.0397001504898071 -0.0380158983170986 -0.0279897395521402
vn 6.1882898721835522 -0.2611858584177779 0.8692194422487811
v 0.0397698208689690 -0.0378067381680012 -0.0282528400421143
vn 6.2000883451827020 -0.2288719292914573 0.9484490411298155
v 0.0401978418231010 -0.0294842105358839 -0.0289298202842474
vn 6.2495592234828274 -0.2212633113103262 0.5018736266554736
v 0.0405361615121365 -0.0209400001913309 -0.0294373594224453
vn 6.2631775437294426 -0.1790674673075201 -0.2030255727299006
v 0.0407084785401821 -0.0158877894282341 -0.0296842399984598
vn 5.0665085100293297 0.0679678985995695 3.7102481573310659
v 0.0394560582935810 -0.0318748913705349 -0.0272841397672892
vn 5.2917079375432738 0.0179690264250014 3.3821615532999125
v 0.0396053716540337 -0.0315338894724846 -0.0275075994431973
vn 5.4901778369907195 -0.0356018897419398 3.0486540470062309
v 0.0397413894534111 -0.0311882998794317 -0.0277337990701199
vn 5.6869672985333386 -0.1234698755309243 2.6595479675904059
v 0.0394054017961025 -0.0386569984257221 -0.0272361002862453
vn 5.6755906907858531 -0.0776679473736264 2.6854003764629057
v 0.0398631617426872 -0.0308408103883266 -0.0279633402824402
vn 5.7933547414588276 -0.1937729973196312 2.4043626590478220
v 0.0389577113091946 -0.0467311106622219 -0.0267825704067945
vn 6.0048445202317717 -0.2458752106017992 1.8027854366529019
v 0.0391534492373466 -0.0465462207794189 -0.0273093506693840
vn 5.8292018895360966 -0.1605120834232160 2.3282378152482814
v 0.0395175218582153 -0.0384424291551113 -0.0274823307991028
vn 5.1094115562271156 0.0126418670418369 3.6466753803798948
v 0.0388292595744133 -0.0394909903407097 -0.0262832008302212
vn 4.8974461444430482 0.1083547914606786 3.9178062860663272
v 0.0389890596270561 -0.0359717607498169 -0.0265585705637932
vn 4.7932685521563210 0.1239655925274495 4.0543445209557394
v 0.0391216799616814 -0.0325335785746574 -0.0268433596938848
vn 5.5826940193880139 -0.9156402324034223 2.7310471198759831
v 0.0398595891892910 -0.0162794496864080 -0.0267740394920111
vn 5.4284547198675677 -0.7424113171823105 3.0728939727989726
v 0.0398297905921936 -0.0179128590971231 -0.0271822791546583
vn 5.2678808946298243 -0.5570658608244486 3.3760094640378031
v 0.0397969409823418 -0.0195868592709303 -0.0274621807038784
vn 5.0509681503647696 -0.3205870835492184 3.7215175782487413
v 0.0397609397768974 -0.0212928000837564 -0.0276314597576857
vn 4.5572639818180196 0.0093092005982547 4.3218150319408375
v 0.0393173582851887 -0.0257062893360853 -0.0273024402558804
vn 4.4367773685806275 0.2537433424334363 4.4322620837516737
v 0.0387457609176636 -0.0331528112292290 -0.0264074802398682
vn 4.8297844803724015 0.0881454828090378 4.0094372642374445
v 0.0384728908538818 -0.0398791991174221 -0.0258173905313015
vn 5.5496339819389666 -0.1405748115333710 2.9293783233398454
v 0.0387110114097595 -0.0469143316149712 -0.0262726508080959
vn 5.2973203019535262 -0.0877165629542149 3.3687083896350707
v 0.0384159609675407 -0.0470921881496906 -0.0257741808891296
vn 5.0396409595671505 -0.0350968594265969 3.7443641583555296
v 0.0380747318267822 -0.0472624301910400 -0.0252817198634148
vn 4.5752167690012637 0.0228655180553973 4.2761143121872349
v 0.0376757308840752 -0.0474243685603142 -0.0247825291007757
vn 4.4808671760404053 0.1844385296253837 4.3857291244974306
v 0.0380629301071167 -0.0402442216873169 -0.0253446102142334
vn 4.1546915372389996 0.3233520309809672 4.6930644332707248
v 0.0383225008845329 -0.0337293706834316 -0.0259651504456997
vn 4.9126843211814304 -0.5252063853405881 -3.8718488143324978
v 0.0342928692698479 -0.1062413007020950 -0.0299237295985222
vn 4.7119435600264064 -0.4747028053283995 -4.1188061923077477
v 0.0325405485928059 -0.1226859018206596 -0.0299241505563259
vn 4.5165899695101208 -0.5124239613155921 -4.3265980386649741
v 0.0332964584231377 -0.1062410995364189 -0.0310760103166103
vn 4.3010678134412235 -0.4593521036924556 -4.5502923446166097
v 0.0314909815788269 -0.1226857006549835 -0.0310081206262112
vn 4.0920277601559807 -0.5046980167531154 -4.7341483974667797
v 0.0321854911744595 -0.1062410026788712 -0.0321227312088013
vn 3.5294518910917687 -0.4178384711962193 -5.1746719075976477
v 0.0291389208287001 -0.1226855963468552 -0.0329056903719902
vn 3.0630239270399513 -0.3756717520732278 -5.4682493211022996
v 0.0265583898872137 -0.1226859018206596 -0.0344945117831230
vn 3.3177156083904262 -0.4684669557027465 -5.3090832351774324
v 0.0297227501869202 -0.1062408015131950 -0.0339388214051723
vn 2.8052366023442836 -0.4257300037895334 -5.5990317554478546
v 0.0270478092133999 -0.1062406003475189 -0.0354471802711487
vn 3.0217043807412924 -0.4562166298300807 -5.4795303481317639
v 0.0302351098507643 -0.0891352817416191 -0.0352090485394001
vn 2.4245759337059161 -0.3578926314477655 -5.7769268200159649
v 0.0278652291744947 -0.0719066187739372 -0.0376665517687798
vn 2.3586937681764373 -0.1999958874279584 -5.8117135765940846
v 0.0283518396317959 -0.0566009804606438 -0.0382226705551147
vn 3.4791759220172067 -0.4717793832658682 -5.2044312544593794
v 0.0315548703074455 -0.0890778824687004 -0.0343987308442593
vn 3.7160776113917562 -0.4923758959138514 -5.0377460595798418
v 0.0309876203536987 -0.1062408983707428 -0.0330736599862576
vn 3.9331247246429708 -0.4399709862371762 -4.8752171669142417
v 0.0303505603224039 -0.1226855963468552 -0.0319992788136005
vn 4.1112454697984679 -0.3371728769654977 -4.7351942591772662
v 0.0297419391572475 -0.1391496956348419 -0.0311036091297865
vn 4.3028217742168717 -0.1696040448810488 -4.5714131165625549
v 0.0290633402764797 -0.1720587015151978 -0.0298250894993544
vn 4.6595145649829686 -0.1703622821904374 -4.2057036648270882
v 0.0301026105880737 -0.1720573008060455 -0.0287692490965128
vn 4.4756701809960795 -0.3531216769410185 -4.3895336318815179
v 0.0308338403701782 -0.1391502022743225 -0.0300810299813747
vn 5.0347106794511962 -0.1556787281066374 -3.7462747849204505
v 0.0310465004295111 -0.1720559000968933 -0.0276271700859070
vn 4.8734182895493454 -0.3805183203044016 -3.9376091899794012
v 0.0318324491381645 -0.1391506046056747 -0.0289686303585768
vn 5.5224365203824597 -0.2616362182341279 -2.9851916850360185
v 0.0321499705314636 -0.1556105017662048 -0.0269828401505947
vn 5.2665185679667328 -0.4002605470253657 -3.3863179639011030
v 0.0327131710946560 -0.1391510069370270 -0.0277617499232292
vn 5.7118911518981434 -0.2648317322329841 -2.5771833902178365
v 0.0328479409217834 -0.1556103974580765 -0.0256721898913383
vn 0.8183770642181741 0.1569940176474225 -6.2216608328273129
v 0.0127864396199584 -0.3531858026981354 -0.0419871211051941
vn 1.3568557922486861 0.2765763204879131 -6.1201541042844081
v 0.0187940001487732 -0.3373518884181976 -0.0403843484818935
vn 1.5257046878785314 0.3088235382755370 -6.0832959350580333
v 0.0183658003807068 -0.3037594854831696 -0.0386204682290554
vn 1.7522890423705035 0.2453552456324704 -6.0237270758488393
v 0.0178069993853569 -0.2708505094051361 -0.0372190400958061
vn 1.9782298071281061 0.1506441965958242 -5.9497454437452477
v 0.0174851398915052 -0.2379319965839386 -0.0362157784402370
vn 2.0020690194188062 0.0000001378728671 -5.9441209834510813
v 0.0174706503748894 -0.2049999982118607 -0.0357472300529480
vn 5.2066436351360625 -0.5298983746633538 -3.4700704580235158
v 0.0347366295754910 -0.1062413975596428 -0.0293058697134256
vn 5.3539116073381257 -0.4786090268900784 -3.2477560975962900
v 0.0338852405548096 -0.1226864978671074 -0.0281100794672966
vn 5.0855355799506716 -0.4789502138618185 -3.6498589601921068
v 0.0334732495248318 -0.1226861998438835 -0.0287404004484415
vn 3.8458238831008824 -0.4902986257784485 -4.9352282256434323
v 0.0328131318092346 -0.0890192314982414 -0.0335023403167725
vn 3.5694210723285495 -0.4174673376284130 -5.1384656173368759
v 0.0333924815058708 -0.0713195800781250 -0.0347277484834194
vn 4.2880297856227667 -0.5146145960788434 -4.5500557922775950
v 0.0339897796511650 -0.0889593884348869 -0.0325080715119839
vn 4.0961309963869317 -0.4296823805837500 -4.7313593354004020
v 0.0346256382763386 -0.0711648985743523 -0.0337769910693169
vn 4.7072982656666689 -0.5191930889946296 -4.1169117954687264
v 0.0350561700761318 -0.0888985916972160 -0.0314026996493340
vn 4.5322812175213327 -0.4408137504359498 -4.3167819012442008
v 0.0357531309127808 -0.0710079595446587 -0.0327116213738918
vn 5.0321971776086851 -0.5159865947889236 -3.7180891968964849
v 0.0355353914201260 -0.0888678431510925 -0.0308048706501722
vn 4.8780919685121340 -0.4450621581693729 -3.9261392977988434
v 0.0362641215324402 -0.0709287524223328 -0.0321308299899101
vn 5.3013750416710543 -0.5075782379523999 -3.3221925060345532
v 0.0359693095088005 -0.0888369604945183 -0.0301753804087639
vn 5.1709122635504929 -0.4443420908895636 -3.5295692708383850
v 0.0367297492921352 -0.0708491206169128 -0.0315155908465385
vn 5.5652109175800684 -0.4926066094301454 -2.8582226501341372
v 0.0363502986729145 -0.0888058468699455 -0.0295138303190470
vn 5.4646375642351508 -0.4384943416372742 -3.0530334645737156
v 0.0371413193643093 -0.0707691311836243 -0.0308648906648159
vn 5.8100355630735026 -0.4694722593451812 -2.3215673854064560
v 0.0366698987782001 -0.0887746810913086 -0.0288216993212700
vn 5.7445439895059041 -0.4254569515409834 -2.4846146867897381
v 0.0374883413314819 -0.0706887766718864 -0.0301795005798340
vn 6.0197607503229218 -0.4363856569054961 -1.7087955569730118
v 0.0369188115000725 -0.0887433812022209 -0.0281032305210829
vn 5.9878097931806611 -0.4033403590968064 -1.8216026120900306
v 0.0377588793635368 -0.0706082507967949 -0.0294626895338297
vn 6.1733530990533492 -0.3932445578108508 -1.0377685266158054
v 0.0370877906680107 -0.0887119099497795 -0.0273649003356695
vn 6.1653146389319380 -0.3714162405725235 -1.0860309352418334
v 0.0379415713250637 -0.0705274268984795 -0.0287228208035231
vn 6.2538152731376755 -0.3422312023710190 -0.3509288330507535
v 0.0371684394776821 -0.0886793136596680 -0.0266544800251722
vn 6.2550054732518436 -0.3315916848210246 -0.3350179617583611
v 0.0380250811576843 -0.0704447031021118 -0.0280213896185160
vn 6.2600917622871890 -0.2867405301954977 0.3108307870665231
v 0.0371709987521172 -0.0886449813842773 -0.0259826704859734
vn 6.2565169187451470 -0.2872107157460847 0.3786537998585954
v 0.0380253084003925 -0.0703592300415039 -0.0273684803396463
vn 6.2020215300040435 -0.2292305100766235 0.9296762500848132
v 0.0371074602007866 -0.0886090323328972 -0.0253409091383219
vn 6.1856106809830536 -0.2462252242860111 1.0340080928755986
v 0.0379571914672852 -0.0702709481120110 -0.0267512202262878
vn 6.0912864875935266 -0.1709080673987996 1.5038798787389263
v 0.0369853898882866 -0.0885717198252678 -0.0247235801070929
vn 6.0570613208571729 -0.2043983599646980 1.6369735877452327
v 0.0378304682672024 -0.0701805874705315 -0.0261626802384853
vn 5.9382995032199410 -0.1128347938509337 2.0321763619498157
v 0.0368099212646484 -0.0885337516665459 -0.0241271201521158
vn 5.8857633583785001 -0.1565080703770058 2.1803188761485699
v 0.0376513004302979 -0.0700892210006714 -0.0255971495062113
vn 5.7524393570929995 -0.0557299669176018 2.5144281629412837
v 0.0365839004516602 -0.0884961411356926 -0.0235472302883863
vn 5.6823202214648356 -0.1085308445965113 2.6702750801140374
v 0.0374222882091999 -0.0699985623359680 -0.0250490307807922
vn 5.5449351164148979 -0.0008123175229137 2.9464096985162285
v 0.0363083407282829 -0.0884598419070244 -0.0229796096682549
vn 5.4593928978850297 -0.0617000874689262 3.1035169288207287
v 0.0371445417404175 -0.0699100419878960 -0.0245131198316813
vn 5.3003333554571217 0.0508046883024336 3.3645890868095192
v 0.0359838604927063 -0.0884253904223442 -0.0224198605865240
vn 5.2191474077303042 -0.0172791330269900 3.4933939722468343
v 0.0368179008364677 -0.0698246285319328 -0.0239841900765896
vn 5.1345092458010919 0.0323515580628916 3.6189346049825901
v 0.0364332683384418 -0.0697425603866577 -0.0234518591314554
vn 5.4156262788937388 0.0069147831676387 3.1761464312777901
v 0.0350658185780048 -0.1062448024749756 -0.0206261202692986
vn 4.8330280228433269 0.1108538390364132 3.9346083281504072
v 0.0346917510032654 -0.1062451004981995 -0.0200338307768106
vn 5.6256699362255915 -0.0536538060226211 2.7864904268947415
v 0.0353883504867554 -0.1062444970011711 -0.0212227702140808
vn 5.8158499611712662 -0.1069923121004202 2.3607922256806408
v 0.0356618091464043 -0.1062441021203995 -0.0218288805335760
vn 5.9830118593215005 -0.1613340759555562 1.8920607395157321
v 0.0358855687081814 -0.1062436029314995 -0.0224476996809244
vn 6.1188713095575373 -0.2158935728517697 1.3815118838531577
v 0.0360578186810017 -0.1062430962920189 -0.0230820104479790
vn 6.2146632547925407 -0.2694249609911874 0.8346482946807652
v 0.0361754782497883 -0.1062427014112473 -0.0237343292683363
vn 6.2623501867593543 -0.3206837924928629 0.2568151099374790
v 0.0362347885966301 -0.1062422022223473 -0.0244063101708889
vn 6.2546844613816193 -0.3687672583257423 -0.3499801506192114
v 0.0362301990389824 -0.1062420010566711 -0.0251010600477457
vn 6.1862955649774669 -0.4117575696143049 -0.9697504461594624
v 0.0361535511910915 -0.1062417998909950 -0.0258232299238443
vn 6.0591792010042411 -0.4474988732178379 -1.5729642282711069
v 0.0359993502497673 -0.1062417030334473 -0.0265620891004801
vn 5.8848896685589995 -0.4748791073373109 -2.1318113941553225
v 0.0357737503945827 -0.1062417030334473 -0.0272844992578030
vn 5.6087907575143099 -0.3906000382616364 -2.7902619615177269
v 0.0334446988999844 -0.1391517072916031 -0.0264607593417168
vn 5.8322071914304860 -0.3855633325329073 -2.2969612437754749
v 0.0337429605424404 -0.1391520947217941 -0.0257766805589199
vn 6.0128027537284421 -0.2496582702154186 -1.7577650652119337
v 0.0333672091364861 -0.1556102931499481 -0.0242813806980848
vn 5.9890475178870552 -0.3804287672691617 -1.8499864107083679
v 0.0339904390275478 -0.1391523927450180 -0.0250725708901882
vn 6.1170045578283858 -0.3636776415070360 -1.3713343581401214
v 0.0341828987002373 -0.1391527056694031 -0.0243522506207228
vn 6.2078752815133429 -0.2198625894797586 -0.8305666624236498
v 0.0336787104606628 -0.1556102931499481 -0.0228305403143167
vn 6.2096873396973686 -0.3424724122845045 -0.8652893733449250
v 0.0343164801597595 -0.1391530930995941 -0.0236193500459194
vn 6.2615745661077327 -0.3162166591041546 -0.3430231570632757
v 0.0343877002596855 -0.1391537934541702 -0.0228859093040228
vn 6.2619032224614299 -0.1793529056529006 0.1553467960596547
v 0.0337596498429775 -0.1556102037429810 -0.0213561598211527
vn 6.2697826779273838 -0.2860449829690075 0.1808393220491993
v 0.0343971215188503 -0.1391550004482269 -0.0221589803695679
vn 6.2352280983596540 -0.2523296687041836 0.6957594314321329
v 0.0343465805053711 -0.1391565948724747 -0.0214405003935099
vn 6.1640802374567745 -0.1308909530775879 1.1256386024079872
v 0.0336074195802212 -0.1556099951267242 -0.0198944192379713
vn 6.1608116073586210 -0.2160665268077873 1.1940650914180067
v 0.0342382714152336 -0.1391586959362030 -0.0207322202622890
vn 6.0514585427450758 -0.1782099790470691 1.6668700340337774
v 0.0340748392045498 -0.1391610950231552 -0.0200360994786024
vn 5.9354051748652878 -0.0783851065432254 2.0176591174186522
v 0.0332345888018608 -0.1556099057197571 -0.0184730794280767
vn 5.9121039541082139 -0.1391652007516057 2.1122618241138729
v 0.0338587686419487 -0.1391631066799164 -0.0193537399172783
vn 5.7507010881016889 -0.1003910612169510 2.5212934561596194
v 0.0335928685963154 -0.1391651034355164 -0.0186858698725700
vn 5.6176806694849777 -0.0313603612935569 2.7895231317034161
v 0.0326629802584648 -0.1556096971035004 -0.0171124897897243
vn 5.5710027185374349 -0.0616171484928594 2.8984548960090990
v 0.0332796499133110 -0.1391663998365402 -0.0180326700210571
vn 5.9488260697225197 -0.0094089157083447 1.9778878848772576
v 0.0329253599047661 -0.1720414012670517 -0.0178308393806219
vn 6.1702042898216716 -0.0375119055945355 1.0977127877532378
v 0.0332950912415981 -0.1720446944236755 -0.0192753598093987
vn 6.2645757887189628 -0.0645133932764134 0.1466227533076434
v 0.0334440991282463 -0.1720477044582367 -0.0207558795809746
vn 6.2139158547071158 -0.0884271734517905 -0.8137196475440314
v 0.0333631597459316 -0.1720498949289322 -0.0222381297498941
vn 6.0296008895942546 -0.1078497333640570 -1.7160909514687013
v 0.0330591686069965 -0.1720513999462128 -0.0236883107572794
vn 5.7445170309794502 -0.1223717589915605 -2.5159799296292324
v 0.0325533114373684 -0.1720529943704605 -0.0250809695571661
vn 5.3998846059319527 -0.1341558187585755 -3.1939269496497573
v 0.0318724513053894 -0.1720544993877411 -0.0263969302177429
vn 2.3553281236912404 -0.3837608684280060 -5.8079226055484767
v 0.0242365002632141 -0.1062405034899712 -0.0367050096392632
vn -5.9699729576343588 -1.9166784932174290 0.2857400774583956
v -0.0390811488032341 -0.0130528202280402 -0.0203872304409742
vn -5.7647541367223107 -2.0729334650838833 1.3636544123947352
v -0.0385943017899990 -0.0150816403329372 -0.0229519605636597
vn -5.5894528506685317 -1.8782046292017052 2.1491294315300102
v -0.0385916791856289 -0.0159642603248358 -0.0239484906196594
vn -6.0785547091234671 -1.5681007527583239 0.0850155293533972
v -0.0399979911744595 -0.0099285840988159 -0.0205097701400518
vn -5.9430496245791513 -1.9490997659003313 0.5477566784531149
v -0.0390761382877827 -0.0132380696013570 -0.0218554697930813
vn -6.0941259694686201 -1.4703240304059675 0.3677790536050995
v -0.0399779006838799 -0.0101831499487162 -0.0220917407423258
vn -6.2612018347441420 -0.4238591310697187 -0.0442480188989683
v -0.0410901308059692 -0.0031716818921268 -0.0207666698843241
vn -6.2623725599655664 -0.4559675994691558 0.0084075364902279
v -0.0410479307174683 -0.0035899279173464 -0.0225871801376343
vn -6.2026153427543553 -0.9599741133097438 0.1946198770692727
v -0.0406715199351311 -0.0068036909215152 -0.0223337393254042
vn -6.1912966863399577 -0.9269365710920264 0.4868864882084888
v -0.0406367704272270 -0.0075448751449585 -0.0238070990890265
vn -5.3730827073152678 -1.6140568092470506 2.8199300958972935
v -0.0385875105857849 -0.0171241704374552 -0.0247434303164482
vn -5.1649349323828559 -1.3743397326973987 3.3004159067228258
v -0.0385813713073730 -0.0184457302093506 -0.0253631398081779
vn -5.1119460788648947 -1.0738032950865439 3.4886443485419592
v -0.0390315614640713 -0.0187502503395081 -0.0261468198150396
vn -5.3398730276683271 -1.2801462234354637 3.0499660847943044
v -0.0390443801879883 -0.0172997098416090 -0.0256495997309685
vn -5.5413942540359331 -1.4971303384721200 2.5467653420603296
v -0.0390549302101135 -0.0159231405705214 -0.0249965693801641
vn -5.7330888154616737 -1.7012300175389958 1.9069357957465776
v -0.0390634499490261 -0.0147119704633951 -0.0241629406809807
vn -4.8878352217631997 -0.8102720451135176 3.8618367171904096
v -0.0390159413218498 -0.0202498994767666 -0.0265064798295498
vn -6.0723266142932282 -1.0494808744823312 1.2222959495700629
v -0.0403033383190632 -0.0102905603125691 -0.0248078703880310
vn -6.1600942872530808 -0.8471468866627774 0.8717063521399466
v -0.0406010709702969 -0.0087058544158936 -0.0250292401760817
vn -6.1167608981382742 -0.8180412922174317 1.1733010654016978
v -0.0405640006065369 -0.0101809501647949 -0.0260189101099968
vn -6.2034085285186951 -0.5460298935229677 0.8153360020039844
v -0.0407782718539238 -0.0087057938799262 -0.0262873694300652
vn -6.1791873417519616 -0.5483563189656342 0.9811603275755467
v -0.0407349392771721 -0.0104331895709038 -0.0271111708134413
vn -5.8911163541015323 -0.4616583480251095 2.1216135041457447
v -0.0403953082859516 -0.0171779897063971 -0.0282018091529608
vn -5.9545808737346153 -0.5642715133528858 1.9130666712464417
v -0.0404412113130093 -0.0153532596305013 -0.0278786998242140
vn -6.1352886621677083 -0.4496272064353138 1.2485317682298125
v -0.0406421385705471 -0.0140965497121215 -0.0282416306436062
vn -6.0070243823304246 -0.6876221688902528 1.7024625932348341
v -0.0404843613505363 -0.0135695897042751 -0.0274197403341532
vn -6.0645047349932231 -0.7429737986230993 1.4566758972843079
v -0.0405251309275627 -0.0118362903594971 -0.0268066506832838
vn -5.9963165254950983 -1.0228072968234205 1.5685866264553165
v -0.0402725301682949 -0.0116946604102850 -0.0257575493305922
vn -6.2617203319277461 -0.4360267117109329 0.1163361215152921
v -0.0410050712525845 -0.0044270749203861 -0.0241712909191847
vn -6.2743629296608008 0.0269995665062222 -0.1067053778246435
v -0.0411458611488342 -0.0008329999982379 -0.0228610001504421
vn -6.1276093702540058 1.1967988689521412 -0.5224916466919938
v -0.0404691584408283 0.0070580239407718 -0.0213313605636358
vn -6.2505250323610140 0.0164687703460962 -0.4658380323130936
v -0.0409296713769436 -0.0067334771156311 -0.0281063299626112
vn -6.2509908250434680 -0.3438917797246080 0.3771177541880091
v -0.0409160815179348 -0.0073114628903568 -0.0265651308000088
vn -6.2624380184574484 -0.0088123681128561 -0.3437149878599043
v -0.0409856997430325 -0.0048243398778141 -0.0271613001823425
vn -6.2567949604514537 -0.4127149035894410 0.2338580771356723
v -0.0409611985087395 -0.0057048201560974 -0.0254905801266432
vn -6.2609157226609629 0.0572386631061711 -0.3449944328900804
v -0.0410402417182922 -0.0031108260154724 -0.0259921494871378
vn -6.2697019712409379 0.0405085874525677 -0.2631150038783159
v -0.0410934612154961 -0.0017412300221622 -0.0245656296610832
vn -6.2214010844778187 0.4821121443942329 -0.6484902783574615
v -0.0409632883965969 0.0006707630236633 -0.0249846503138542
vn -6.2454202363298217 0.4672604573470549 -0.4183869220863968
v -0.0410386882722378 0.0016344180330634 -0.0231511499732733
vn -6.1757440399309607 0.9449635768550468 -0.4468421559889671
v -0.0407590195536613 0.0040742750279605 -0.0234246198087931
vn -6.2163036332336308 0.2985655465742185 -0.8037710318531283
v -0.0409255586564541 -0.0036989450454712 -0.0274836998432875
vn -6.1881322875684530 0.2251094672982114 -1.0134409251893823
v -0.0408599898219109 -0.0056579108349979 -0.0284751597791910
vn -6.1083136022949542 0.1285666560395965 -1.3906591197774050
v -0.0407236218452454 -0.0097956061363220 -0.0298846904188395
vn -4.5242568919164725 -0.3321301467948064 4.3463328639593977
v -0.0389750003814697 -0.0233604907989502 -0.0268800202757120
vn -4.7456811473673248 -0.5607560040927807 4.0775829925738831
v -0.0389972887933254 -0.0217894297093153 -0.0267453100532293
vn -5.6972065086738404 -1.3657425853857159 2.2637136468781063
v -0.0394998714327812 -0.0146083803847432 -0.0252478104084730
vn -5.5282899114743316 -1.1883230383224732 2.7363777263130995
v -0.0394825898110867 -0.0160471200942993 -0.0259337406605482
vn -5.3514958813932516 -0.9970202030524320 3.1356508652688895
v -0.0394629202783108 -0.0175608303397894 -0.0264590904116631
vn -5.1603865903955253 -0.7860892422861299 3.4956262344998779
v -0.0394406281411648 -0.0191241502761841 -0.0268428903073072
vn -4.9673706858612823 -0.5652139680602155 3.8045207453477259
v -0.0394152887165546 -0.0207278095185757 -0.0271021705120802
vn -4.7927080991505617 -0.3507484396738012 4.0466270829532709
v -0.0393866300582886 -0.0223632398992777 -0.0272539798170328
vn -4.6561565664179643 -0.1579938893022987 4.2142272552036033
v -0.0393540784716606 -0.0240244194865227 -0.0273151304572821
vn -4.8769883402494472 -0.0214006043297718 3.9578795525797981
v -0.0396777316927910 -0.0247764494270086 -0.0277068000286818
vn -4.9639298013983524 -0.2271596235603471 3.8426842119910112
v -0.0397213585674763 -0.0230244901031256 -0.0277071502059698
vn -5.0965113171219336 -0.3622859536763249 3.6543116516842402
v -0.0397609993815422 -0.0212928596884012 -0.0276314001530409
vn -5.2490032579170434 -0.5501195210978450 3.4071788998157180
v -0.0397970005869865 -0.0195868592709303 -0.0274621192365885
vn -5.4138135836468528 -0.7387644889466991 3.0999170244617753
v -0.0398297905921936 -0.0179128590971231 -0.0271822195500135
vn -5.5719574791222106 -0.9145473360654592 2.7534638076077180
v -0.0398596487939358 -0.0162794496864080 -0.0267740394920111
vn -5.7144263594633209 -1.0686443259257499 2.3806254676045713
v -0.0398869514465332 -0.0146960597485304 -0.0262200795114040
vn -5.6044396841092681 -0.5237474367955759 2.7851626656103194
v -0.0401282310485840 -0.0183899905532598 -0.0278277900069952
vn -5.7062315642888297 -0.6671657758630649 2.5396987124726822
v -0.0401680991053581 -0.0166411902755499 -0.0275267306715250
vn -5.8131300136456545 -0.8009100044891435 2.2418161652182431
v -0.0402052402496338 -0.0149332201108336 -0.0270935203880072
vn -5.9039076444052334 -0.9171438214290774 1.9399744263035728
v -0.0402399301528931 -0.0132755599915981 -0.0265104100108147
vn -5.8516554590915888 -1.2083929286921284 1.9381199176287733
v -0.0399120412766933 -0.0131885996088386 -0.0255010090768337
vn -5.8536102515336443 -1.5290208568418768 1.6792355227735465
v -0.0395153686404228 -0.0133389197289944 -0.0243759695440531
vn -5.8755044088069415 -1.8643470131233997 1.1772875232791742
v -0.0390703603625298 -0.0137855997309089 -0.0231217108666897
vn -4.1686640085461351 0.3035859516103339 4.6803574719217922
v -0.0383225604891777 -0.0337293706834316 -0.0259651504456997
vn -4.3444326811289722 -0.0802311903620189 4.5365290868731849
v -0.0389489494264126 -0.0249572899192572 -0.0269267503172159
vn -4.3405795626722048 0.0921102480033418 4.5386666904225228
v -0.0389184914529324 -0.0265749003738165 -0.0269018393009901
vn -4.4356190353742155 0.2597711846573909 4.4328909306210322
v -0.0387458205223083 -0.0331528112292290 -0.0264074802398682
vn -4.8253578769025109 0.0889323494983411 4.0127217496184224
v -0.0384728908538818 -0.0398792587220669 -0.0258173905313015
vn -5.9733048199366436 0.6023710782606707 -1.8183048633267578
v -0.0405504703521729 -0.0035244820173830 -0.0291809998452663
vn -6.0920962560933010 0.4112503930091451 -1.4429714745577358
v -0.0407317206263542 -0.0045886030420661 -0.0288346391171217
vn -5.8807493174506691 0.4942366481080027 -2.1257820654887669
v -0.0404558107256889 -0.0056680440902710 -0.0300517007708549
vn -6.0401419002006032 0.3254481917328524 -1.6495472674712457
v -0.0406519696116447 -0.0066816210746765 -0.0296673104166985
vn -5.7764898372114830 0.3815760238340958 -2.4112741978783268
v -0.0403598509728909 -0.0078659653663635 -0.0307375695556402
vn -5.9378988424788766 0.2465614052868044 -1.9913876317673560
v -0.0405705496668816 -0.0088284611701965 -0.0303196907043457
vn -5.5785307015636718 0.1706678321372919 -2.8500282846373399
v -0.0401629805564880 -0.0123856598511338 -0.0316407606005669
vn -5.8262611981074990 0.7450709390378428 -2.1751918268364099
v -0.0403218790888786 -0.0024663200601935 -0.0295140091329813
vn -5.5489642056999546 0.7542690258458962 -2.8252010918829784
v -0.0399224683642387 -0.0036581750027835 -0.0307744704186916
vn -5.7179353252520828 0.6191253473823193 -2.5041127898915509
v -0.0402108393609524 -0.0046598911285400 -0.0304206591099501
vn -5.3838308925922531 0.5942356915296954 -3.1634636737792010
v -0.0397934317588806 -0.0059571862220764 -0.0315214283764362
vn -5.5817822173165119 0.5015750250815723 -2.8164185787139995
v -0.0400986596941948 -0.0069086551666260 -0.0311380606144667
vn -5.2128582518653239 0.4421373177091164 -3.4609936734287992
v -0.0396636687219143 -0.0083020916208625 -0.0320973284542561
vn -5.4769434698243957 0.3292053301116526 -3.0271007359352633
v -0.0399854108691216 -0.0092024803161621 -0.0316882096230984
vn -5.0476183864268549 0.2845500631871901 -3.7144183925192360
v -0.0395329482853413 -0.0106830000877380 -0.0325244590640068
vn -5.2971291954596413 0.2228636437693326 -3.3521821328749200
v -0.0398708507418633 -0.0115317702293396 -0.0320929810404778
vn -4.8988237586255172 0.1328639839623341 -3.9180794366099292
v -0.0394015312194824 -0.0130912596359849 -0.0328252315521240
vn -4.3854109940678665 -0.0236204554155321 -4.4770124730842529
v -0.0388598404824734 -0.0147786699235439 -0.0334663316607475
vn -4.5828487004667888 0.1833525126654698 -4.2770735911704953
v -0.0390076600015163 -0.0122998300939798 -0.0332546792924404
vn -4.7540613752155547 0.3490537898463972 -4.0733140009769668
v -0.0391549989581108 -0.0098400106653571 -0.0329363308846951
vn -4.9458790325450979 0.5236567289437957 -3.8169710930853560
v -0.0393020510673523 -0.0074078440666199 -0.0324885807931423
vn -5.1467646393373059 0.6945276500681046 -3.5115922200355487
v -0.0394486710429192 -0.0050123329274356 -0.0318887792527676
vn -5.3717645629760362 0.8499108705482277 -3.1105444861729703
v -0.0395950600504875 -0.0026633141096681 -0.0311140399426222
vn -5.9730571696977695 1.6295263248519127 -0.9174203801382506
v -0.0397450290620327 0.0088512301445007 -0.0239198803901672
vn -5.4809070781369185 1.6502047907894277 -2.5370219295545078
v -0.0385978817939758 0.0082648387178779 -0.0283369403332472
vn -5.7161027588824531 1.7916799694461476 -1.8313677215150475
v -0.0388141795992851 0.0100019499659538 -0.0264136698096991
vn -5.8656199772203834 1.8404100640668646 -1.2045537652737608
v -0.0390310212969780 0.0111749703064561 -0.0241461303085089
vn -5.9402311221341080 1.8394384661889778 -0.7183334059931838
v -0.0392482802271843 0.0118154799565673 -0.0215732995420694
vn -5.6639459509548322 2.5096689286492002 -0.8758423746492672
v -0.0374990701675415 0.0163592100143433 -0.0217912103980780
vn -5.5534404105694044 0.9488763443630281 -2.7430095865213593
v -0.0397412106394768 -0.0003706940042321 -0.0301415305584669
vn -5.2731830533499187 1.1505783766943054 -3.1834443267242905
v -0.0390173085033894 0.0016925929812714 -0.0307233296334743
vn -4.9803160759611806 1.3185798056724962 -3.5673686605865496
v -0.0381671711802483 0.0037178990896791 -0.0312666818499565
vn -5.2289804298123475 1.4936756923937999 -3.1077485879720483
v -0.0383821092545986 0.0061085820198059 -0.0299410205334425
vn -4.7052677400316192 1.4638780621333218 -3.8728155309348824
v -0.0372024700045586 0.0056992168538272 -0.0317776203155518
vn -4.4356970310448807 1.2471040402407729 -4.2502068795290100
v -0.0369591116905212 0.0031213159672916 -0.0329104587435722
vn -4.1085040629705896 1.3896980279601416 -4.5224524865201108
v -0.0358620211482048 0.0049626231193542 -0.0334371887147427
vn -4.8155629436328029 0.8077748293437577 -3.9286571299146589
v -0.0386556312441826 -0.0031448600348085 -0.0325799509882927
vn -5.0448925218423071 0.9886921769045779 -3.5846658407913070
v -0.0388363003730774 -0.0006971840048209 -0.0317546688020229
vn -4.7226289887023025 1.1284910701366071 -3.9639018000981148
v -0.0379532501101494 0.0012328620068729 -0.0323511883616447
vn -5.5622635005635903 2.0950535788613109 -1.9867042685521705
v -0.0379408001899719 0.0122252097353339 -0.0267203394323587
vn -5.4224440560492644 1.9736496137199584 -2.4582631325157949
v -0.0378171205520630 0.0113888299092650 -0.0277656894177198
vn -5.2312844353201937 1.8582093484190483 -2.9095288391663425
v -0.0376936085522175 0.0104195401072502 -0.0287229400128126
vn -5.3008413476024874 3.1617343884685147 -1.0113196652347682
v -0.0352605506777763 0.0206376295536757 -0.0219895206391811
vn -5.6984496987345068 2.2444768478608421 -1.2745995641709262
v -0.0381888113915920 0.0134466197341681 -0.0243607703596354
vn -5.5639353805689229 2.4473844559132250 -1.4984938289228376
v -0.0372234508395195 0.0156596302986145 -0.0245649795979261
vn -5.3844871216272914 2.7989113937127250 -1.5169766489692362
v -0.0361403189599514 0.0178075991570950 -0.0247595906257629
vn -5.1142942192444742 2.9262911095784525 -2.1472892472305345
v -0.0347865186631680 0.0192884206771851 -0.0262964293360710
vn -4.7341887453858966 1.8414750314922617 -3.6651768698103653
v -0.0364019796252251 0.0102000804618001 -0.0308236405253410
vn -5.0089697322639095 2.0606699233548866 -3.1531743638129179
v -0.0366746112704277 0.0125195896252990 -0.0290889106690884
vn -5.0023121763575551 2.4387313651857290 -2.8928702113005360
v -0.0356945283710957 0.0155977001413703 -0.0284097697585821
vn -4.9598898063714909 2.8095035998120159 -2.6135427507649531
v -0.0346289202570915 0.0185295902192593 -0.0275529008358717
vn -4.9011270877700364 3.1905740108267198 -2.2651193477981710
v -0.0334763489663601 0.0212725903838873 -0.0265119001269341
vn -4.8092551678969198 3.5832320674392952 -1.7937327599523496
v -0.0322346016764641 0.0238091908395290 -0.0252901893109083
vn -5.0140272254284213 3.3742140749014391 -1.6324279000157702
v -0.0336408615112305 0.0218874793499708 -0.0251219198107719
vn -5.2404660522018176 3.0349707477050867 -1.6082998622497864
v -0.0349442884325981 0.0198852401226759 -0.0249450802803040
vn -4.1786440823861124 1.6660450037093792 -4.3627947617693632
v -0.0349591895937920 0.0095073580741882 -0.0327163301408291
vn -4.4909632499980674 1.9927495851926877 -3.8859126431846258
v -0.0352518483996391 0.0121616097167134 -0.0312306191772223
vn -4.7842361215341045 2.2491413091465873 -3.3653589270950981
v -0.0355466008186340 0.0145590296015143 -0.0294365808367729
vn -4.7885989476790058 2.6443725551474677 -3.0674444770732916
v -0.0344717502593994 0.0176041107624769 -0.0287085697054863
vn -4.7505761314654258 3.0303697304064126 -2.7499851488585341
v -0.0333121381700039 0.0204913001507521 -0.0278042498975992
vn -4.6312192030216579 3.4811365664888019 -2.3851108058350610
v -0.0320657417178154 0.0231773797422647 -0.0267167594283819
vn -4.4738469223683506 3.2912832619600065 -2.8963948259551366
v -0.0318971201777458 0.0223745703697205 -0.0280431509017944
vn -4.5701320962407186 2.8388732668036694 -3.2218979393380400
v -0.0331482216715813 0.0195384602993727 -0.0289929509162903
vn -4.5580922109661275 2.4251155563384179 -3.5511308239011474
v -0.0343149900436401 0.0165325403213501 -0.0297673903405666
vn -4.2130427811189861 2.1310590247990162 -4.1110552419526902
v -0.0340027213096619 0.0140601899474859 -0.0316171012818813
vn -3.8791063240386658 1.8474891477222879 -4.5599646173936117
v -0.0336927101016045 0.0113238599151373 -0.0331488810479641
vn -4.4741157992434823 0.9222915409651519 -4.2936101164770886
v -0.0377405211329460 -0.0013114210451022 -0.0332215987145901
vn -4.5860573122229322 0.6139338007279141 -4.2277100239464485
v -0.0384756289422512 -0.0056402678601444 -0.0332229696214199
vn -4.2224999239504948 0.7039313560958740 -4.5817529592688881
v -0.0375291109085083 -0.0039047000464052 -0.0339022204279900
vn -4.3705297441398701 0.4203940798341687 -4.4741848589818636
v -0.0382961593568325 -0.0081735253334045 -0.0337072014808655
vn -3.9366482920538339 0.4516713247251173 -4.8552834068412292
v -0.0373191796243191 -0.0065369601361454 -0.0344178602099419
vn -4.1420700872151563 0.2618535384275919 -4.6956615610964327
v -0.0381173416972160 -0.0107351504266262 -0.0340564809739590
vn -3.5432729304084267 0.0809531607919643 -5.1678250677806714
v -0.0369043312966824 -0.0118790799751878 -0.0350525304675102
vn -3.9662891099506514 0.0194210379160805 -4.8505299814466003
v -0.0379393100738525 -0.0133159095421433 -0.0342944189906120
vn -3.3100245438755174 -0.1258253020570244 -5.3261070564285786
v -0.0360997915267944 -0.0226060096174479 -0.0354235693812370
vn -3.0570515739440296 0.6256501767961842 -5.4373022075814603
v -0.0338160283863544 -0.0018531680107117 -0.0362733602523804
vn -3.2822891911450713 0.5374378781915241 -5.3131090335332818
v -0.0350702404975891 -0.0033721919171512 -0.0356950089335442
vn -2.4986738879747747 0.2388231882753206 -5.7399465897302999
v -0.0319052897393703 -0.0064709777943790 -0.0375750586390495
vn -2.8551315534379258 0.6946188371523832 -5.5320549390017524
v -0.0324843488633633 -0.0003816880052909 -0.0368167683482170
vn -2.1078549855007358 0.2854613224879571 -5.8963830924353093
v -0.0289942603558302 -0.0040211081504822 -0.0386022292077541
vn -1.8375469656060734 0.0041844645956140 -6.0007416465379819
v -0.0278456807136536 -0.0168865304440260 -0.0391134582459927
vn -3.3471593250602196 1.1744046989280044 -5.1605996166783470
v -0.0330813489854336 0.0055791130289435 -0.0354164801537991
vn -2.6621889724652958 0.7296901912102526 -5.6256723798997754
v -0.0310802999883890 0.0010385509813204 -0.0373278185725212
vn -3.2648390697543577 0.1456045788778738 -5.3476089724648475
v -0.0357734486460686 -0.0104722296819091 -0.0357524715363979
vn -2.7665833588661481 -0.0784742302731808 -5.6290568762660174
v -0.0335841700434685 -0.0205857101827860 -0.0368537902832031
vn -2.6932562850457114 -0.1653623451883759 -5.6568249871664893
v -0.0319099985063076 -0.0437240004539490 -0.0370927415788174
vn -2.2745735173370552 0.7944515573557309 -5.7863487241016305
v -0.0280733704566956 0.0037102100905031 -0.0382592603564262
vn -2.4434981352230989 0.7656674197751553 -5.7192911679240765
v -0.0296085402369499 0.0024037361145020 -0.0378082282841206
vn -2.8945426216382129 1.2843428591428774 -5.4056394758438024
v -0.0302440505474806 0.0086942911148071 -0.0363360010087490
vn -3.0734153444362668 1.2682785087114974 -5.3096989334639932
v -0.0317007303237915 0.0071676960214972 -0.0358894988894463
vn -3.6476051965866612 1.5236537158468284 -4.8602310731703655
v -0.0333853885531425 0.0084838271141052 -0.0344051085412502
vn -4.5778700284099454 0.0242444809749946 4.2726713110660706
v -0.0376757904887199 -0.0474243685603142 -0.0247824694961309
vn -5.2985786946653555 0.0177334767849893 3.3534476407408715
v -0.0393120013177395 -0.0354402586817741 -0.0270149093121290
vn -4.8860197272039159 0.1178678832838782 3.9336709146727773
v -0.0389891192317009 -0.0359718203544617 -0.0265585705637932
vn -5.0488522399646021 0.0893296396833147 3.7320920521039258
v -0.0394561216235161 -0.0318749509751797 -0.0272840801626444
vn -4.7582561950527378 0.1630537780470936 4.0938992027723984
v -0.0391217395663261 -0.0325335785746574 -0.0268433596938848
vn -4.5142205734020369 0.0475240413903319 4.3691882247537910
v -0.0393174216151237 -0.0257063508033752 -0.0273023806512356
vn -5.7924594696710159 -0.1902213335113939 2.4059189011849251
v -0.0389577709138393 -0.0467311702668667 -0.0267825704067945
vn -5.5425690185399246 -0.0945602178113620 2.9505115848832744
v -0.0392798706889153 -0.0388706289231777 -0.0269936304539442
vn -5.6887367754417415 -0.1264534382087126 2.6538809922123456
v -0.0394054017961025 -0.0386569984257221 -0.0272360406816006
vn -5.2978316079700765 0.0157167179454063 3.3718253261292768
v -0.0396054312586784 -0.0315338894724846 -0.0275075398385525
vn -5.4761032214948644 -0.0202734459274659 3.0704292095784496
v -0.0397414490580559 -0.0311882998794317 -0.0277337394654751
vn -5.2426675753171903 -0.0884221408509609 3.4580830789841119
v -0.0399882085621357 -0.0238035302609205 -0.0281184893101454
vn -5.4137639256900085 -0.3555458996261685 3.1674548096724422
v -0.0400851294398308 -0.0201708599925041 -0.0280150100588799
vn -6.0041251603540031 -0.2425163452490971 1.8046009063150248
v -0.0391535088419914 -0.0465462803840637 -0.0273092892020941
vn -5.8263963095627904 -0.1579729209708300 2.3345998952541143
v -0.0395175814628601 -0.0384424887597561 -0.0274822693318129
vn -5.9553945087102376 -0.1952988470097148 1.9785207246679455
v -0.0396158583462238 -0.0382282696664333 -0.0277330800890923
vn -5.6733274579359829 -0.0754906516971420 2.6883543188140488
v -0.0398632213473320 -0.0308408103883266 -0.0279632192105055
vn -5.8435178149090463 -0.1153276253858092 2.2921597321263341
v -0.0399702116847038 -0.0304940901696682 -0.0281967502087355
vn -5.5509387087592792 -0.1460618498691308 2.9389414198181569
v -0.0401211902499199 -0.0233104806393385 -0.0283279996365309
vn -5.7539680021192545 -0.1704740961532436 2.5162841267566765
v -0.0402381382882595 -0.0228187404572964 -0.0285407900810242
vn -5.6356464544859488 -0.3330804218933701 2.7570574839930164
v -0.0402241908013821 -0.0196020603179932 -0.0282100997865200
vn -5.8286164104527858 -0.3165623472330553 2.3114212052486640
v -0.0403464399278164 -0.0190349202603102 -0.0284078698605299
vn -6.1632484260051701 -0.2986294909409313 1.1250524722881581
v -0.0392957888543606 -0.0463638901710510 -0.0278603993356228
vn -6.0618041247664882 -0.2226483093181995 1.6208424028044561
v -0.0397002100944519 -0.0380159616470337 -0.0279896799474955
vn -6.1877581236052475 -0.2591215485092098 0.8717175165226830
v -0.0397698804736137 -0.0378068014979362 -0.0282527208328247
vn -5.9901918070877267 -0.1517810548892254 1.8722373399042209
v -0.0400620102882385 -0.0301509406417608 -0.0284351706504822
vn -6.1088378817646838 -0.1827320273626137 1.4338214249895542
v -0.0401382409036160 -0.0298138801008463 -0.0286793094128370
vn -5.9301794152384710 -0.1867374433051732 2.0641158643278885
v -0.0403384491801262 -0.0223326608538628 -0.0287574492394924
vn -5.2956459634142741 -0.0811248264537392 3.3706954449603659
v -0.0384159609675407 -0.0470922514796257 -0.0257741808891296
vn -5.6821867757417381 -0.1079347201639365 2.6703647052115733
v -0.0374222882091999 -0.0699985027313232 -0.0250490307807922
vn -5.1354441662775319 0.0340302949689915 3.6176594216053890
v -0.0364332683384418 -0.0697425603866577 -0.0234518591314554
vn -5.0383426134290223 -0.0284164080123944 3.7453652864138620
v -0.0380747914314270 -0.0472624786198139 -0.0252817198634148
vn -5.4594648062858759 -0.0609304048083133 3.1032545386052606
v -0.0371445417404175 -0.0699100419878960 -0.0245131198316813
vn -5.7523386711293814 -0.0562066974319679 2.5143080917276350
v -0.0365839004516602 -0.0884961411356926 -0.0235472302883863
vn -5.3544359650443605 -0.0991141068883151 -3.2488952330174019
v -0.0399581715464592 -0.0170122291892767 -0.0320621095597744
vn -5.0226411092827652 -0.0909113537268433 -3.7510378815902397
v -0.0396372005343437 -0.0162631198763847 -0.0325540304183960
vn -4.9065993588039039 -0.2612719239073190 -3.9019627672467596
v -0.0391480885446072 -0.0257869902998209 -0.0326907597482204
vn -4.5934096328102614 -0.2372661740173623 -4.2707765723464917
v -0.0387268587946892 -0.0252469703555107 -0.0332100912928581
vn -4.3836536590963124 -0.3107557345212821 -4.4717352750661625
v -0.0370398089289665 -0.0449164509773254 -0.0336196385324001
vn -3.4690748836379757 -0.4789130765928259 -5.2116050678550145
v -0.0315549299120903 -0.0890778824687004 -0.0343986712396145
vn -3.8534736694730225 -0.5001639969211132 -4.9299254408346256
v -0.0328131914138794 -0.0890192314982414 -0.0335022807121277
vn -3.5693372082820378 -0.4072539864088892 -5.1403171209292164
v -0.0333926007151604 -0.0713195800781250 -0.0347276888787746
vn -4.0962931367519095 -0.4278061960407914 -4.7324656474543376
v -0.0346257612109184 -0.0711648985743523 -0.0337769314646721
vn -3.9655391311490806 -0.3416879217358993 -4.8508981147225745
v -0.0352453514933586 -0.0564579889178276 -0.0344034992158413
vn -4.4098952228111461 -0.3649378406863837 -4.4506082771006517
v -0.0364074110984802 -0.0564277097582817 -0.0333555303514004
vn -5.9471450199345561 0.7771685877181943 -1.8141110587277298
v -0.0404321514070034 -0.0003598780022003 -0.0283940397202969
vn -5.2139859881516042 0.0619891234847405 -3.4786307851284159
v -0.0397548004984856 -0.0138881197199225 -0.0323743782937527
vn -4.7259135460081474 -0.0582144716217878 -4.1213851132698354
v -0.0392689704895020 -0.0155184203758836 -0.0330216810107231
vn -4.2383778256567783 -0.2074929534886139 -4.6215458169481893
v -0.0382636114954948 -0.0247105304151773 -0.0337008796632290
vn -3.8060998115260531 -0.1711110374671382 -4.9840415586931925
v -0.0372357293963432 -0.0236492101103067 -0.0346058011054993
vn -3.8661115231379952 -0.2723404392943296 -4.9352458458856532
v -0.0358844883739948 -0.0446104407310486 -0.0346364304423332
vn -3.3545531293818960 -0.2294666220187337 -5.2964630238720565
v -0.0346274897456169 -0.0443090200424194 -0.0355427786707878
vn -3.4440736224124628 -0.3089869745343213 -5.2336550806786537
v -0.0339810214936733 -0.0564877912402153 -0.0353361889719963
vn -2.8617103454324466 -0.2682721200123774 -5.5757725633328628
v -0.0312518402934074 -0.0565458498895168 -0.0369240604341030
vn -2.9654872515428417 -0.3836243738207235 -5.5125384123917476
v -0.0307172499597073 -0.0716202184557915 -0.0363463088870049
vn -2.4293351873192499 -0.3578571843261546 -5.7755708694221850
v -0.0278653502464294 -0.0719066187739372 -0.0376664884388447
vn -3.0183550586839840 -0.4501148187328542 -5.4821811311706732
v -0.0302352309226990 -0.0891352817416191 -0.0352090001106262
vn -4.1684896414562402 1.0186833981786036 -4.5716355242322155
v -0.0367174707353115 0.0004827549855690 -0.0338213406503201
vn -3.8985287530402299 0.7788246281498756 -4.8512197982606287
v -0.0364778004586697 -0.0022060871124268 -0.0345353409647942
vn -3.6060224700010011 0.5009499024052322 -5.1036285027588280
v -0.0362403914332390 -0.0049349060282111 -0.0350782200694084
vn -2.9100672579078424 0.1954602085215253 -5.5446890214261124
v -0.0345581695437431 -0.0090994825586677 -0.0364024005830288
vn -2.2877173170271607 -0.0322716192692145 -5.8450456894485470
v -0.0308155398815870 -0.0186725202947855 -0.0380692407488823
vn -1.9138770243314465 -0.1058232016839231 -5.9705023617510715
v -0.0259870793670416 -0.0426463410258293 -0.0394368693232536
vn -2.3378353430753442 -0.2254734386130613 -5.8209217316332351
v -0.0283519607037306 -0.0566009804606438 -0.0382226109504700
vn -1.8483884369993859 -0.2007045299094516 -5.9934268277188965
v -0.0253445506095886 -0.0566528402268887 -0.0392962582409382
vn -1.9159912314417236 -0.3162495945996416 -5.9666149918228415
v -0.0249046608805656 -0.0721754431724548 -0.0387533903121948
vn -4.9742062295691829 3.6338370884733893 -1.1048935236839010
v -0.0325732193887234 0.0246077105402946 -0.0221697594970465
vn -4.5916646382811486 3.7382097119523197 -1.9999916349912528
v -0.0307307802140713 0.0256453100591898 -0.0254498701542616
vn -4.2085671558482112 3.8708208466802265 -2.5477982542156652
v -0.0289629101753235 0.0267279706895351 -0.0270950105041265
vn -4.2051185736336141 4.5012806414457884 -1.0770675163818240
v -0.0277878008782864 0.0298954807221889 -0.0224068704992533
vn -4.4746215773349602 4.2370003851236628 -1.0769305733589654
v -0.0294769406318665 0.0282287001609802 -0.0223323702812195
vn -4.1252782840988473 4.2079812993402923 -2.0738048706990533
v -0.0274490695446730 0.0290400907397270 -0.0257433000952005
vn -3.8564254727273477 4.5018767220016587 -2.0101799812278971
v -0.0256810095161200 0.0305892806500196 -0.0258768200874329
vn -4.1028091353638185 2.7450279241683866 -3.8587106981674912
v -0.0315613113343716 0.0202628895640373 -0.0303801801055670
vn -3.8878619577153040 3.0043537282754000 -3.8659627711586624
v -0.0300487801432610 0.0220098402351141 -0.0306630097329617
vn -3.5561089846910896 2.4564554595734971 -4.5313068672242931
v -0.0297108199447393 0.0193313900381327 -0.0326607190072536
vn -3.3266391292801472 2.5999817428174401 -4.6277489300078694
v -0.0281141903251410 0.0209309402853251 -0.0329711996018887
vn -3.0173471523046036 2.1590506138036858 -5.0480990084513371
v -0.0277792196720839 0.0179002191871405 -0.0346591994166374
vn -3.7511227885120713 2.3777590080235722 -4.4135013909881717
v -0.0312274601310492 0.0176498200744390 -0.0323317013680935
vn -3.4572071047533401 2.0009479030403390 -4.8240210649630466
v -0.0308963600546122 0.0147592397406697 -0.0339469313621521
vn -3.1983605516234404 1.6847084446464982 -5.1181347271492266
v -0.0305683594197035 0.0117602897807956 -0.0352708101272583
vn -2.6474811557212248 2.8685162838497917 -4.8983759617166882
v -0.0228890702128410 0.0251935105770826 -0.0337900482118130
vn -2.8728146916278603 2.7917510293562149 -4.8159909144005120
v -0.0246986690908670 0.0238659903407097 -0.0335360094904900
vn -3.2051914930638072 3.2796828832243623 -4.2622279756375647
v -0.0250241104513407 0.0267190895974636 -0.0314167104661465
vn -3.4124559424603342 3.2671242943985592 -4.0953167390401051
v -0.0267755296081305 0.0252425000071526 -0.0311813894659281
vn -3.9050626045899790 3.3657846095897681 -3.5537981148976154
v -0.0286219101399183 0.0248594805598259 -0.0297608301043510
vn -3.9860532238042312 4.7097631359503245 -0.9984844528243282
v -0.0260115806013346 0.0314600393176079 -0.0224768500775099
vn -3.7282164439294072 4.9393991693117458 -0.9656468786687873
v -0.0241538807749748 0.0329188704490662 -0.0225419905036688
vn -3.6857475567266951 4.8193183533241353 -1.5777867734050000
v -0.0239946208894253 0.0325580798089504 -0.0243179704993963
vn -3.3529928946449061 5.1966038169691116 -0.9609487350924861
v -0.0222205501049757 0.0342678986489773 -0.0226023700088263
vn -3.3019471433529084 5.0817366602533998 -1.5865485747820591
v -0.0220690295100212 0.0339022800326347 -0.0244066100567579
vn -3.7166672460299255 4.2707277528068923 -2.6661174588455250
v -0.0255162697285414 0.0299002490937710 -0.0274307094514370
vn -3.1839322876627021 4.6295895229948991 -2.7496873494416345
v -0.0217668395489454 0.0326599404215813 -0.0277220606803894
vn -3.5816250362102204 3.9895435124941256 -3.2203718229077953
v -0.0253517609089613 0.0290244203060865 -0.0288746301084757
vn -3.0641720410126858 4.3073187479928388 -3.3392061993368016
v -0.0216161608695984 0.0317554399371147 -0.0292135998606682
vn -3.4224263647870776 3.6767619441596096 -3.7366400584065964
v -0.0251876693218946 0.0279559399932623 -0.0302019100636244
vn -3.5995086273340018 4.6009849109384442 -2.2415558458850668
v -0.0238354802131653 0.0320340916514397 -0.0260012708604336
vn -2.5129588902239290 4.5820387403809120 -3.4288807062135538
v -0.0176271200180054 0.0340486094355583 -0.0294984504580498
vn -2.3872343002985876 4.1874767187771997 -3.9910903788659056
v -0.0174973607063293 0.0329152904450893 -0.0309053603559732
vn -2.9176820807981469 3.9512540757372769 -3.8799429347973065
v -0.0214658305048943 0.0306514501571655 -0.0305843297392130
vn -2.6351761298007701 4.9370518192710975 -2.7842489538551014
v -0.0177571102976799 0.0349764786660671 -0.0279669705778360
vn -3.1403136522328543 5.2972937572616017 -1.0084437311571621
v -0.0202169995754957 0.0355034396052361 -0.0226578693836927
vn -4.3377415816609668 4.0830123464507793 -1.9239454924711230
v -0.0291339699178934 0.0273905899375677 -0.0256009101867676
vn -4.6882450753404195 4.0028022761205388 -1.0809886136498617
v -0.0310736205428839 0.0264645200222731 -0.0222533307969570
vn -2.4198083979974401 2.9581397212445721 -4.9630366423045631
v -0.0210180804133415 0.0264226701110601 -0.0340245291590691
vn -2.9275177188477062 3.4996297337193112 -4.2745026661019114
v -0.0232025291770697 0.0280970893800259 -0.0316357612609863
vn -2.7204994835845158 3.5045365568562525 -4.4166782594711052
v -0.0213161092251539 0.0293727498501539 -0.0318382307887077
vn -4.0682708047379883 3.6321710639901257 -3.0651657642010099
v -0.0287922006100416 0.0258860494941473 -0.0284838005900383
vn -2.4300926651729657 3.7022694903871831 -4.4123833100781482
v -0.0193696003407240 0.0305423699319363 -0.0320237800478935
vn -1.9607636536474702 3.0998348379833991 -5.0773608175725711
v -0.0171108208596706 0.0285716000944376 -0.0344339013099670
vn -2.1930687972879990 3.0229346747723533 -5.0279523531212984
v -0.0190904699265957 0.0275499802082777 -0.0342393517494202
vn -1.7444744070927551 2.5327884619753460 -5.4606786088268358
v -0.0168559495359659 0.0252199694514275 -0.0362822413444519
vn -2.1617098023447494 2.4281395783050370 -5.3578326082304537
v -0.0207228604704142 0.0231604501605034 -0.0358288809657097
vn -2.6513848003064631 1.3619420451807775 -5.5121145159625042
v -0.0287156701087952 0.0101546598598361 -0.0367565713822842
vn -2.7626472853055746 1.8042056062089920 -5.3276699783068793
v -0.0274475794285536 0.0147570902481675 -0.0360413081943989
vn -2.4408101729503948 1.3881069908095391 -5.5987270140871237
v -0.0271198693662882 0.0115445200353861 -0.0371518097817898
vn -2.0558138595703310 0.8406399734957082 -5.8596572032994381
v -0.0264785792678595 0.0049540400505066 -0.0386818610131741
vn -1.7733480042099954 0.3180142997741877 -6.0057431542173720
v -0.0258599501103163 -0.0017763969954103 -0.0395001694560051
vn -1.2124516925548514 0.3737134742521712 -6.1425964488657634
v -0.0190365295857191 0.0019952650181949 -0.0409387908875942
vn -1.4815439208388472 0.3524733522906897 -6.0838816149978507
v -0.0225314404815435 0.0002367809938733 -0.0402776487171650
vn -1.4615578477537721 0.9268850609173372 -6.0220891707053799
v -0.0195788107812405 0.0092345466837287 -0.0400946699082851
vn -1.7701838246960038 0.8847876147021934 -5.9440268392176403
v -0.0231252908706665 0.0072396988980472 -0.0394434295594692
vn -1.7345040149424344 1.5169859361038158 -5.8255100899729175
v -0.0201422497630119 0.0163230206817389 -0.0384820587933064
vn -2.0881063690253114 1.4488608565788126 -5.7249050288945238
v -0.0237416606396437 0.0140970898792148 -0.0378671213984489
vn -1.9689968399886171 2.0102446809666916 -5.6014579844592305
v -0.0204307399690151 0.0197785999625921 -0.0373024307191372
vn -2.3591016810076129 1.9149814227196851 -5.4820389617675929
v -0.0240569096058607 0.0174399595707655 -0.0367187783122063
vn -2.5797385041354284 2.3043086371237607 -5.2253705125826153
v -0.0243760906159878 0.0207111202180386 -0.0352870188653469
vn -2.8024163493676770 5.5173041899980646 -0.9349660620054057
v -0.0181488897651434 0.0366217382252216 -0.0227080509066582
vn -2.1071842636932061 5.6751236404454506 -1.5810019681383252
v -0.0137377297505736 0.0381132289767265 -0.0246856808662415
vn -2.4754840157430875 5.6406977536594916 -1.0143199737329609
v -0.0160220805555582 0.0376190505921841 -0.0227531101554632
vn -1.4256651827436861 5.8872845026073781 -1.5619200424640527
v -0.0092745423316956 0.0394698902964592 -0.0247768703848124
vn -1.8716823809978722 5.8736042761800764 -0.9967674946073710
v -0.0116149699315429 0.0392362996935844 -0.0228267293423414
vn -2.2201321723333645 3.6971287893974867 -4.5369247969002942
v -0.0173679497092962 0.0316021405160427 -0.0321920514106750
vn -1.9136680247204312 3.8742500078409314 -4.5161503621741597
v -0.0153163000941277 0.0325482413172722 -0.0323423705995083
vn -1.7286527539424852 3.1522740307228059 -5.1281657738684991
v -0.0150839602574706 0.0294838491827250 -0.0346076413989067
vn -1.4902850572071902 3.2157582183241797 -5.1639704348628017
v -0.0130146704614162 0.0302832107990980 -0.0347602292895317
vn -1.3222762939777342 2.6179161107844076 -5.5385565298900215
v -0.0128116598352790 0.0268611293286085 -0.0366431400179863
vn -0.7627730242348519 3.3256519747865818 -5.2508436389208812
v -0.0066038370132446 0.0319754406809807 -0.0350848399102688
vn -1.0080645429880812 3.3027995124641021 -5.2248938990139147
v -0.0087693333625793 0.0315316282212734 -0.0349994301795959
vn -1.1611531032883540 3.9746378605573236 -4.6924870955724405
v -0.0089125027880073 0.0346709415316582 -0.0326816402375698
vn -1.3774757819780408 4.0099881033372498 -4.5908899248681729
v -0.0110830599442124 0.0340855084359646 -0.0325876399874687
vn -1.8288810416842152 4.3814645200882358 -4.0748092870663202
v -0.0133227100595832 0.0347171984612942 -0.0311618391424417
vn -1.3892061632013351 6.0413292367266740 -0.8269886349411059
v -0.0093474378809333 0.0398511216044426 -0.0228549800813198
vn -1.4202110246824633 5.6869373446727831 -2.1685773946584552
v -0.0092018237337470 0.0389114618301392 -0.0265975501388311
vn -0.7217126881379037 5.8161766287083925 -2.1677350214718070
v -0.0046408767811954 0.0397366806864738 -0.0266706906259060
vn -1.3764763879905750 5.3860177896149457 -2.8499877336678603
v -0.0091292262077332 0.0381606817245483 -0.0283065997064114
vn -0.6998291183244704 5.5069269555293507 -2.8626975260168481
v -0.0046033258549869 0.0389807783067226 -0.0283953491598368
vn -1.3099332223982145 4.9793411189557526 -3.5380102993966211
v -0.0090567460283637 0.0372024700045586 -0.0298932101577520
vn -0.6658661719686665 5.0866816645572310 -3.5629466397638083
v -0.0045657749287784 0.0380152985453606 -0.0299963299185038
vn -1.2450986835848872 4.5273725160717735 -4.1334318538204222
v -0.0089845061302185 0.0360303483903408 -0.0313500091433525
vn -0.3425791062637116 6.1861892288676366 -0.8232436067138768
v -0.0023657078854740 0.0408912785351276 -0.0229032002389431
vn 0.0256257267062835 6.0616387400661269 -1.5416148393840978
v -0.0000003540399973 0.0405790209770203 -0.0248523894697428
vn -0.0015212720979539 5.8606891289181506 -2.1667318238409692
v -0.0000003511370039 0.0400163494050503 -0.0266955997794867
vn -0.0014196231544088 5.5486298231591746 -2.8666362039029982
v -0.0000003482390127 0.0392587110400200 -0.0284256897866726
vn 1.4186824720294955 5.6881653223287554 -2.1691963506591163
v 0.0092012276872993 0.0389116406440735 -0.0265975501388311
vn 0.6974248625888737 5.5075768652046584 -2.8632084358454848
v 0.0046027298085392 0.0389809012413025 -0.0283953491598368
vn -0.0013035081771058 5.1238263987868775 -3.5710909244516285
v -0.0000003453480133 0.0382907912135124 -0.0300315599888563
vn -0.6383903922652023 4.6187388817892767 -4.1688011350523713
v -0.0045284028165042 0.0368335805833340 -0.0314660593867302
vn -2.0882532314114934 5.4798318826641630 -2.1652464433178435
v -0.0136336004361510 0.0375607013702393 -0.0264791809022427
vn -2.0234487129985683 5.1933041819312162 -2.8250533107814584
v -0.0135297095403075 0.0368189215660095 -0.0281627103686333
vn -1.9269557053226092 4.8086682718403813 -3.4940204060040383
v -0.0134260598570108 0.0358732305467129 -0.0297260805964470
vn -0.8226965600503181 4.1061096787251401 -4.6367156367503295
v -0.0067132711410522 0.0351308509707451 -0.0327556692063808
vn -0.6041689522238884 4.0505290749536353 -4.7315191827270775
v -0.0044911499135196 0.0354625508189201 -0.0328091904520988
vn -0.5117144397781708 3.3580645775021494 -5.2612742160191832
v -0.0044170022010803 0.0322958193719387 -0.0351466499269009
vn -0.2481517036878186 4.1575037062101590 -4.6550276862417910
v -0.0022516250610352 0.0356636010110378 -0.0328418612480164
vn -0.0288859291156598 4.0785435422566207 -4.7453892227735066
v -0.0000003395919919 0.0357311293482780 -0.0328528210520744
vn 0.2894717646927764 4.0916488485317553 -4.7231232354869714
v 0.0022509689442813 0.0356636606156826 -0.0328418612480164
vn 0.5744486041030790 4.0367720862652554 -4.7500630639615924
v 0.0044905538670719 0.0354626700282097 -0.0328091904520988
vn -0.2423292377070380 0.4261750515804976 -6.2542433635132619
v -0.0039256210438907 0.0060597062110901 -0.0424144193530083
vn -0.4811609156240194 0.4195576544491201 -6.2408252616313256
v -0.0078194728121161 0.0055276751518250 -0.0422249399125576
vn -0.2973127107296191 1.0224387927648761 -6.1759568178427893
v -0.0040596718899906 0.0138368597254157 -0.0415629707276821
vn -0.5887563100906552 1.0097689088254567 -6.1571261439058214
v -0.0080788126215339 0.0132354395464063 -0.0413729511201382
vn -0.3571026018432034 1.6761183050327173 -6.0268091964055390
v -0.0041994447819889 0.0214497391134501 -0.0398800894618034
vn -0.7060266590853480 1.6545562021755240 -6.0020058641039657
v -0.0083488821983337 0.0207809805870056 -0.0396980606019497
vn -0.4090872660364408 2.2347639963605941 -5.8429418684153998
v -0.0042710900306702 0.0251603107899427 -0.0386341810226440
vn -0.8079702965494341 2.2042680797725538 -5.8130306490056212
v -0.0084872236475348 0.0244588796049356 -0.0384603105485439
vn -0.4522125812505463 2.7217667012452980 -5.6268585802523576
v -0.0043435688130558 0.0287920199334621 -0.0370696708559990
vn -0.8925118167161181 2.6816613365967883 -5.5936420143035184
v -0.0086274743080139 0.0280585791915655 -0.0369073115289211
vn -1.5842418002625400 2.0905808886637605 -5.6937851517551499
v -0.0166038796305656 0.0217458605766296 -0.0377896986901760
vn -1.1984893572096680 2.1556707264675650 -5.7635825909871734
v -0.0126108499243855 0.0233139898627996 -0.0381771288812160
vn -1.3904640195323459 1.5741730270806629 -5.9027289571748591
v -0.0163550898432732 0.0181961599737406 -0.0389945507049561
vn -1.0490868024963849 1.6202672649655920 -5.9608889578992148
v -0.0124126598238945 0.0196899101138115 -0.0394012890756130
vn -1.1661235347788366 0.9616650708706974 -6.0814857410100158
v -0.0158692002296448 0.0109144402667880 -0.0406349785625935
vn -0.8768799730309661 0.9893759695899154 -6.1258633820827857
v -0.0120258899405599 0.0122553100809455 -0.0410622283816338
vn -0.9614097980401176 0.3943544836065824 -6.1862185395567852
v -0.0154020097106695 0.0034772749058902 -0.0414843484759331
vn -0.7193841660000315 0.4089888901847044 -6.2184032276985928
v -0.0116541897878051 0.0046612620353699 -0.0419137999415398
vn -0.6265103773888093 0.0851590277617625 -6.2492270876439964
v -0.0109683200716972 -0.0105272503569722 -0.0423506386578083
vn -0.4169715149485169 0.0909577235880618 -6.2666900279065549
v -0.0073413839563727 -0.0098886480554938 -0.0426432415843010
vn -0.3949801089452805 -0.0355462285316950 -6.2663337790532854
v -0.0066080088727176 -0.0405761003494263 -0.0427942201495171
vn -4.0150406721141110 2.2182424549965956 -4.2623033182447889
v -0.0326595902442932 0.0158912502229214 -0.0319839082658291
vn -4.3309711177815773 2.5900509110593042 -3.7144835859674754
v -0.0329849086701870 0.0184355303645134 -0.0300816800445318
vn -4.3136397411161695 3.0671135093499053 -3.3575289797762209
v -0.0317290388047695 0.0213958602398634 -0.0292629506438971
vn -3.6789691747302813 3.0223035357009476 -4.0660509499364572
v -0.0284520294517279 0.0236713197082281 -0.0309300404042006
vn -3.0993856823593147 2.6888403587597729 -4.7325800531108380
v -0.0264419894665480 0.0224439501762390 -0.0332629606127739
vn -1.6998518620639556 3.8553296552072749 -4.6281518738724268
v -0.0132196499034762 0.0333770513534546 -0.0324743911623955
vn -1.2521013468505320 3.2542198753161298 -5.2019921736140677
v -0.0109079396352172 0.0309665706008673 -0.0348909981548786
vn -5.3013653613454501 0.0508821140178455 3.3628445144035219
v -0.0359838604927063 -0.0884253904223442 -0.0224198605865240
vn -5.9828097457543681 -0.1612088914555512 1.8921663181221846
v -0.0358855687081814 -0.1062436029314995 -0.0224476996809244
vn -5.9380878880592833 -0.1131511086442891 2.0323302654786120
v -0.0368099212646484 -0.0885337516665459 -0.0241271201521158
vn -5.8855707683621343 -0.1563326659831323 2.1805769903156955
v -0.0376513004302979 -0.0700892210006714 -0.0255971495062113
vn -6.0514456261972844 -0.1758671047268280 1.6669938360337788
v -0.0340748392045498 -0.1391610950231552 -0.0200360994786024
vn -5.9120733223739306 -0.1364858715538566 2.1123691687289745
v -0.0338587686419487 -0.1391631066799164 -0.0193537399172783
vn -5.8156060413063990 -0.1068867687613718 2.3609248007070240
v -0.0356618091464043 -0.1062441021203995 -0.0218288805335760
vn -5.6254324727164438 -0.0535859381489015 2.7865454880552241
v -0.0353883504867554 -0.1062444970011711 -0.0212227702140808
vn -5.5447352332746949 -0.0013800182292524 2.9464462066951715
v -0.0363084003329277 -0.0884598419070244 -0.0229796096682549
vn -5.2197595153183540 -0.0150010066835604 3.4923564825846727
v -0.0368179604411125 -0.0698246285319328 -0.0239841900765896
vn -4.5149330372730523 -0.5380030344978335 -4.3252685736169791
v -0.0332964584231377 -0.1062410995364189 -0.0310760103166103
vn -4.9097157070277975 -0.5383914674204735 -3.8741022793465123
v -0.0342929288744926 -0.1062413007020950 -0.0299236699938774
vn -4.7104347760555019 -0.5173473526902899 -4.1145301957714775
v -0.0350562296807766 -0.0888985320925713 -0.0314026996493340
vn -5.0327254803855972 -0.5149354820896245 -3.7180800457351659
v -0.0355354510247707 -0.0888678431510925 -0.0308048706501722
vn -4.8785194701591417 -0.4446802752016034 -3.9261792993282425
v -0.0362641811370850 -0.0709287524223328 -0.0321307703852654
vn -5.1712116952248630 -0.4441965796826903 -3.5297106559485463
v -0.0367298088967800 -0.0708490610122681 -0.0315155908465385
vn -5.0678816256450379 -0.3967746029611157 -3.6828643396836833
v -0.0374214611947536 -0.0563971400260925 -0.0321728512644768
vn -5.3818723325913007 -0.4058498835145798 -3.2020927649916775
v -0.0378516316413879 -0.0563816986978054 -0.0315259583294392
vn -5.3060182253333288 -0.3687998621535336 -3.3287221575961574
v -0.0384783111512661 -0.0453824400901794 -0.0318420492112637
vn -5.6305503443901870 -0.3808523959960426 -2.7360754777831051
v -0.0388408303260803 -0.0455392487347126 -0.0311752501875162
vn -5.5836563660012457 -0.2944431570359903 -2.8336292715602367
v -0.0398293100297451 -0.0268756691366434 -0.0315605886280537
vn -5.8925323516169872 -0.3029818545527027 -2.1063048564994720
v -0.0400662384927273 -0.0274236202239990 -0.0309500005096197
vn -5.9399339849898967 -0.1671413168719248 -1.9705140941082888
v -0.0404217801988125 -0.0185217801481485 -0.0310042500495911
vn -6.1494709395902021 -0.1964678948861376 -1.1612792861803243
v -0.0405440293252468 -0.0192822795361280 -0.0304457508027554
vn -6.1867449625897750 -0.0930457567799549 -0.9795418600636490
v -0.0406840406358242 -0.0149738099426031 -0.0301634594798088
vn -6.2626414734006204 -0.1785342162768896 -0.2003686937776551
v -0.0407085381448269 -0.0158877894282341 -0.0296841803938150
vn -6.2697156891568762 -0.1631317700498220 -0.1215715431936488
v -0.0408257208764553 -0.0117956297472119 -0.0290146991610527
vn -6.2458426499237589 -0.3082994247543897 0.5386998902301934
v -0.0407695099711418 -0.0129054095596075 -0.0286189299076796
vn -6.2519087941908467 -0.3564788703227494 0.4613871051394812
v -0.0408692285418510 -0.0091058611869812 -0.0274266600608826
vn -6.1608095929138464 -0.2141328937220396 1.1942269169997561
v -0.0342382714152336 -0.1391586959362030 -0.0207322202622890
vn -6.0626781153308009 -0.1909033050137198 1.6265260495570071
v -0.0404219590127468 -0.0218560006469488 -0.0289787594228983
vn -6.1781205997318445 -0.2108092143931753 1.1067695220574372
v -0.0404879413545132 -0.0213911496102810 -0.0292051397264004
vn -6.1994164167558434 -0.2261482245366972 0.9521388596033112
v -0.0401979014277458 -0.0294842701405287 -0.0289297606796026
vn -6.2532640791970113 -0.2561459104600856 0.3817805395743875
v -0.0402402207255363 -0.0291634202003479 -0.0291875004768372
vn -6.2494522646174868 -0.3370692581614924 0.3858551232726910
v -0.0393773317337036 -0.0461871586740017 -0.0284426808357239
vn -6.2461200096661429 -0.3576708897557665 -0.3960463185667871
v -0.0393873415887356 -0.0460172817111015 -0.0290648303925991
vn -6.2515724086079203 -0.3667950730255127 -0.3458562858591072
v -0.0387721583247185 -0.0563189908862114 -0.0286794304847717
vn -6.1535772453952911 -0.3905675506693811 -1.1394451510987567
v -0.0386889502406120 -0.0563350915908813 -0.0293776895850897
vn -6.1655682561389682 -0.3719956434459408 -1.0851232499553185
v -0.0379415713250637 -0.0705274268984795 -0.0287228208035231
vn -5.9882045722271906 -0.4038091709354247 -1.8208107867297307
v -0.0377589389681816 -0.0706081911921501 -0.0294626895338297
vn -6.0202475122114745 -0.4357769805317050 -1.7080089482228191
v -0.0369188115000725 -0.0887433215975761 -0.0281032305210829
vn -5.8107160140656369 -0.4687667148251846 -2.3208173087172579
v -0.0366698987782001 -0.0887746810913086 -0.0288216993212700
vn -5.8852183263054876 -0.4757241578796425 -2.1313099956141137
v -0.0357737503945827 -0.1062417030334473 -0.0272844992578030
vn -5.6750683210671458 -0.5031507490602782 -2.6372978780503269
v -0.0354834683239460 -0.1062415018677711 -0.0279850903898478
vn -5.8316611360094699 -0.3876173802332932 -2.2980827605980467
v -0.0337429605424404 -0.1391520947217941 -0.0257766190916300
vn -6.2538578066224213 -0.3419324579314247 -0.3505049907339015
v -0.0371684394776821 -0.0886793136596680 -0.0266544800251722
vn -6.1736339130499784 -0.3927440340572192 -1.0368436318832324
v -0.0370877906680107 -0.0887119099497795 -0.0273649003356695
vn -6.1865106742284501 -0.4117991085208234 -0.9688828656598634
v -0.0361535511910915 -0.1062417998909950 -0.0258232299238443
vn -6.0595122682480014 -0.4479788348081992 -1.5721727068341382
v -0.0359993502497673 -0.1062417030334473 -0.0265620891004801
vn -6.1169888903431726 -0.3660192933026536 -1.3709512940007502
v -0.0341828987002373 -0.1391527056694031 -0.0243522506207228
vn -5.9889571638856722 -0.3838247602847512 -1.8497334286444087
v -0.0339904390275478 -0.1391523927450180 -0.0250725708901882
vn -6.0130639929920235 -0.2477946978867092 -1.7573618182746280
v -0.0333672091364861 -0.1556102931499481 -0.0242813192307949
vn -6.2746853317158049 -0.1198783738946677 -0.0292873208836735
v -0.0409327112138271 -0.0078722229227424 -0.0277562700212002
vn -6.2206990515065295 -0.0130140363081383 -0.7717566162872833
v -0.0408117100596428 -0.0107682896777987 -0.0294374208897352
vn -6.0239882411793158 -0.0039111488057337 -1.7131189406578773
v -0.0405782982707024 -0.0141066899523139 -0.0306727793067694
vn -5.6608640518592122 -0.1304708173208819 -2.6727677845337570
v -0.0402231216430664 -0.0177653394639492 -0.0315453410148621
vn -5.2451196027337224 -0.2780474884372216 -3.4277305463099097
v -0.0395191311836243 -0.0263299904763699 -0.0321411415934563
vn -4.9050368435058740 -0.3450490378828117 -3.8914458740776818
v -0.0380493886768818 -0.0452263914048672 -0.0324712283909321
vn -4.7603689825484174 -0.3815632837130744 -4.0759112160290920
v -0.0369368083775043 -0.0564124509692192 -0.0327821895480156
vn -4.5350720528816053 -0.4399987688245222 -4.3147327127838970
v -0.0357532501220703 -0.0710079595446587 -0.0327116213738918
vn -4.2886482713552185 -0.5121153416313892 -4.5510731542832286
v -0.0339898392558098 -0.0889593884348869 -0.0325079485774040
vn -4.0975461309482917 -0.5178029987633823 -4.7283814069921393
v -0.0321855507791042 -0.1062410026788712 -0.0321226082742214
vn -5.8025607947898274 0.0822599209276846 -2.3535978749760953
v -0.0404016301035881 -0.0132442098110914 -0.0311671998351812
vn -6.1098834599641210 -0.3915394488993972 1.3825022219720562
v -0.0405918285250664 -0.0159949604421854 -0.0285881105810404
vn -6.0887438467687742 -0.3044882329712789 1.4815158076514556
v -0.0405386015772820 -0.0179255604743958 -0.0288139507174492
vn -6.2330054874757383 -0.2492078391439427 0.6341627470262557
v -0.0406593009829521 -0.0168719794601202 -0.0292377993464470
vn -6.2453232372054597 -0.2091044230963114 0.5315964955478821
v -0.0405362211167812 -0.0209400001913309 -0.0294372998178005
vn -6.2530090532081974 -0.2162103084805224 -0.2967835233177389
v -0.0405785404145718 -0.0200818106532097 -0.0299222990870476
vn -6.2440188601155651 -0.2817526950160790 -0.3992489219901373
v -0.0402700901031494 -0.0285500790923834 -0.0297287106513977
vn -6.1249861951268860 -0.2988331670679626 -1.2745891471246942
v -0.0402175113558769 -0.0279743000864983 -0.0303177796304226
vn -6.1366069081147527 -0.3769026581259797 -1.2174525793338207
v -0.0393096208572388 -0.0458545610308647 -0.0297438502311707
vn -5.9213113508001838 -0.3845682814475290 -2.0219160701721757
v -0.0391227602958679 -0.0456966087222099 -0.0304725095629692
vn -5.9565598759678648 -0.4049954435318839 -1.9192022192248084
v -0.0384989902377129 -0.0563505813479424 -0.0301224496215582
vn -5.6872209869286579 -0.4094700483925234 -2.6159102430563719
v -0.0382153317332268 -0.0563662014901638 -0.0308417007327080
vn -5.7450664201479480 -0.4257726490928957 -2.4841128016962060
v -0.0374883413314819 -0.0706887766718864 -0.0301795005798340
vn -5.4651843298362763 -0.4385620567866363 -3.0526716420636157
v -0.0371413789689541 -0.0707690715789795 -0.0308648906648159
vn -5.5657691631875297 -0.4918290442158527 -2.8579588518728363
v -0.0363503582775593 -0.0888058468699455 -0.0295138303190470
vn -5.3018853468818463 -0.5066686742305032 -3.3222096020449983
v -0.0359693095088005 -0.0888369604945183 -0.0301753804087639
vn -5.4470475566299950 -0.5234402412187450 -3.0788664935097252
v -0.0351355597376823 -0.1062413975596428 -0.0286596994847059
vn -5.2070076891417232 -0.5304764347899869 -3.4699326954365848
v -0.0347366295754910 -0.1062413975596428 -0.0293058101087809
vn -5.3537470627313253 -0.4845382135279837 -3.2473502096417781
v -0.0338852405548096 -0.1226864978671074 -0.0281100198626518
vn -5.0796969885813965 -0.4812119972553124 -3.6573225237498930
v -0.0334732495248318 -0.1226861998438835 -0.0287404004484415
vn -5.2639234250944833 -0.3924966767177502 -3.3911203233945817
v -0.0327132306993008 -0.1391510069370270 -0.0277616903185844
vn -4.7115405401080794 -0.4721168798303382 -4.1185786164336715
v -0.0325405485928059 -0.1226859018206596 -0.0299240890890360
vn -4.3121051178830658 -0.4588453846768927 -4.5398790479179105
v -0.0314910411834717 -0.1226857006549835 -0.0310080591589212
vn -4.1111375125610135 -0.3415420418711148 -4.7352421107263387
v -0.0297420602291822 -0.1391496956348419 -0.0311035495251417
vn -3.9330991040475181 -0.4421776792924597 -4.8755911237306266
v -0.0303506199270487 -0.1226855963468552 -0.0319992303848267
vn -3.6943863664012664 -0.3187162504290560 -5.0657906044581589
v -0.0285758897662163 -0.1391493976116180 -0.0320424400269985
vn -5.6184315709493795 -0.0302251335619494 2.7880252387772986
v -0.0326629802584648 -0.1556096971035004 -0.0171124897897243
vn -5.4310137142748784 -0.0290293070953990 3.1580475975980087
v -0.0329209491610527 -0.1391672939062119 -0.0173936393111944
vn -5.9352730972383245 -0.0802053286014795 2.0177432718324861
v -0.0332345888018608 -0.1556099057197571 -0.0184730794280767
vn -6.1639702565513641 -0.1321319760903716 1.1258242221195958
v -0.0336074195802212 -0.1556099951267242 -0.0198944807052612
vn -6.1700813856035968 -0.0364365010636216 1.0980344602703882
v -0.0332950912415981 -0.1720446944236755 -0.0192754194140434
vn -6.2599595887585782 -0.2866343167954789 0.3113430870287467
v -0.0371710583567619 -0.0886449813842773 -0.0259826704859734
vn -6.2547397677224490 -0.3685262910522329 -0.3492581907202627
v -0.0362301990389824 -0.1062420010566711 -0.0251010600477457
vn -6.2622836379856954 -0.3203578851118424 0.2573319332120505
v -0.0362347885966301 -0.1062422022223473 -0.0244063101708889
vn -6.2615902285537564 -0.3162733115973270 -0.3426965998120314
v -0.0343877002596855 -0.1391537934541702 -0.0228859093040228
vn -6.2697975095897309 -0.2852347025151161 0.1810717682140660
v -0.0343971215188503 -0.1391550004482269 -0.0221589803695679
vn -6.2618599318765025 -0.1797473415809033 0.1555752822655335
v -0.0337596498429775 -0.1556102037429810 -0.0213561598211527
vn -5.6653311930662964 0.0167392339171246 2.6969291134217346
v -0.0323572084307671 -0.1720385998487473 -0.0164489708840847
vn -5.9487059297090550 -0.0078828671525334 1.9780157852192373
v -0.0329253003001213 -0.1720414012670517 -0.0178308393806219
vn -6.1700059387302026 0.0001857589090098 1.0903744036302010
v -0.0332072898745537 -0.2049999982118607 -0.0187414791435003
vn -5.9511091749315792 0.0002883051960372 1.9654958466178758
v -0.0328379794955254 -0.2049999982118607 -0.0172878503799438
vn -6.1701834835821510 0.0375068446073903 1.0977879984198660
v -0.0332950912415981 -0.2379551976919174 -0.0192754194140434
vn -5.9488483348742589 0.0094137909631620 1.9778660117004085
v -0.0329253003001213 -0.2379585951566696 -0.0178308393806219
vn -6.2096965112473566 -0.3436422381058634 -0.8649035122376153
v -0.0343164801597595 -0.1391530930995941 -0.0236193500459194
vn -6.2079959507650724 -0.2191436197961137 -0.8302044879159769
v -0.0336786508560181 -0.1556102931499481 -0.0228305403143167
vn -6.2140042082904978 -0.0889421506020385 -0.8132570468443295
v -0.0333631597459316 -0.1720498949289322 -0.0222381297498941
vn -6.2645502383728626 -0.0641212419380574 0.1469775833295191
v -0.0334440991282463 -0.1720477044582367 -0.0207560006529093
vn -6.2148722246283725 -0.0001450795820891 -0.8048774629100985
v -0.0332749411463737 -0.2049999982118607 -0.0217140298336744
vn -6.2636038576179134 0.0000470163771298 0.1462025731297908
v -0.0333557091653347 -0.2049999982118607 -0.0202291607856750
vn -6.2139155979354790 0.0884224032059637 -0.8137303480068756
v -0.0333631597459316 -0.2379501014947891 -0.0222381297498941
vn -6.2645762295826790 0.0645093660946033 0.1465889471011088
v -0.0334440991282463 -0.2379522025585175 -0.0207560006529093
vn -6.1853123261909566 -0.2472785262158729 1.0350614824841595
v -0.0379572510719299 -0.0702709481120110 -0.0267512202262878
vn -6.2018206769938038 -0.2292700755793439 0.9302938789711150
v -0.0371074602007866 -0.0886090323328972 -0.0253409091383219
vn -6.2145127329483492 -0.2690815632579667 0.8350639426634909
v -0.0361754782497883 -0.1062427014112473 -0.0237343292683363
vn -6.2352379240685503 -0.2508985841993200 0.6959401802264291
v -0.0343465805053711 -0.1391565948724747 -0.0214405003935099
vn -3.0630419961134852 0.3756759972097102 -5.4682430581428481
v -0.0265585090965033 -0.2873140871524811 -0.0344944000244141
vn -3.5294545818704588 0.4178217973375948 -5.1746657690774853
v -0.0291390400379896 -0.2873143851757050 -0.0329056307673454
vn -4.1113047105252880 0.3371732906444607 -4.7351320057432851
v -0.0297420602291822 -0.2708503007888794 -0.0311035495251417
vn -4.6594616786114287 0.1703629694674505 -4.2057659936915339
v -0.0301026701927185 -0.2379426062107086 -0.0287691894918680
vn -5.0511663117864734 -0.0006836700960609 -3.7268952648134279
v -0.0309789702296257 -0.2049999982118607 -0.0271082501858473
vn -5.4160591145361190 -0.0006224946006417 -3.1690295837222906
v -0.0317981801927090 -0.2049999982118607 -0.0258750896900892
vn -5.3994549248796995 -0.1351677696047299 -3.1947507131960484
v -0.0318724513053894 -0.1720544993877411 -0.0263968706130981
vn -5.7446720676435010 -0.1246362953039222 -2.5157704706413457
v -0.0325533114373684 -0.1720529943704605 -0.0250809695571661
vn -5.7130223650165100 -0.2650073795220365 -2.5751304441917924
v -0.0328479409217834 -0.1556103974580765 -0.0256721302866936
vn -5.3868150964433443 -0.4940929219562113 -3.1920806938164961
v -0.0342537090182304 -0.1226866021752357 -0.0274544898420572
vn -5.6100128155338371 -0.3874488345323000 -2.7884152956131012
v -0.0334446988999844 -0.1391517072916031 -0.0264607593417168
vn -5.5208963351541742 -0.2632623691495175 -2.9878301410309454
v -0.0321499705314636 -0.1556105017662048 -0.0269827805459499
vn -5.0358775338062411 -0.1577590707884987 -3.7446959677781941
v -0.0310465600341558 -0.1720559000968933 -0.0276271700859070
vn -4.3027190030077573 -0.1751618207109226 -4.5713760915122865
v -0.0290633998811245 -0.1720587015151978 -0.0298250298947096
vn -3.8914092303935970 -0.1729859810654595 -4.9234988822083681
v -0.0279469396919012 -0.1720599979162216 -0.0307989101856947
vn -3.3690482680397396 -0.1680866763222985 -5.2930452208480068
v -0.0255386196076870 -0.1720622926950455 -0.0325210615992546
vn -3.1888057799690861 -0.2958293201493089 -5.3981598697144477
v -0.0260773301124573 -0.1391489952802658 -0.0336951017379761
vn -2.7322601252097747 -0.1618155024179887 -5.6448970154571629
v -0.0229604206979275 -0.1720643937587738 -0.0339761897921562
vn -3.7159990124781208 -0.4933189771580047 -5.0383394973282343
v -0.0309876203536987 -0.1062408983707428 -0.0330736003816128
vn -3.3047185749423305 -0.4788349100374787 -5.3163431655464013
v -0.0297228004783392 -0.1062408015131950 -0.0339386984705925
vn -3.5128021965380558 -0.4172874287836874 -5.1857448025739510
v -0.0291390400379896 -0.1226855963468552 -0.0329056307673454
vn -2.8161419620993020 -0.4439849773403908 -5.5920926227907142
v -0.0270479898899794 -0.1062406003475189 -0.0354471206665039
vn -3.0741181628534076 -0.3739122533273719 -5.4616503688536593
v -0.0265585090965033 -0.1226859018206596 -0.0344944000244141
vn -2.3543626452815163 -0.3854795081863540 -5.8085089292973713
v -0.0242367293685675 -0.1062405034899712 -0.0367049500346184
vn -2.6717401914845862 -0.2891257995963052 -5.6749153975156919
v -0.0234195496886969 -0.1391489952802658 -0.0350855514407158
vn -2.2289519734032068 -0.2722042125155395 -5.8651308617997344
v -0.0206522308290005 -0.1391490995883942 -0.0362508818507195
vn -1.9442074382870720 -0.3394069258209559 -5.9626595127524133
v -0.0213335696607828 -0.1062405034899712 -0.0377531610429287
vn -1.7522728304605706 -0.2453520312534418 -6.0237353838963923
v -0.0178073607385159 -0.1391495019197464 -0.0372189208865166
vn -0.8183783079161004 -0.1569939694611758 -6.2216606611220255
v -0.0127865597605705 -0.0568141303956509 -0.0419871211051941
vn -0.3932334608609203 -0.1486275160328757 -6.2641947560989450
v -0.0063868761062622 -0.0568593703210354 -0.0425936505198479
vn -0.8379083654491670 -0.2529552169769026 -6.2166084883681938
v -0.0125536303967237 -0.0730137825012207 -0.0414456687867641
vn -0.3999390263306904 -0.2412310808985924 -6.2618142976149276
v -0.0062696929089725 -0.0732492208480835 -0.0420431382954121
vn -0.4849605003782891 -0.2513855566740844 -6.2552074080917217
v -0.0061649079434574 -0.1062408983707428 -0.0406126305460930
vn -4.9808833959413441 1.6759616747946549 -3.4082462934766418
v -0.0374474488198757 0.0081804990768433 -0.0303945504128933
vn -4.3927845597532169 1.5945728437577196 -4.1709313144998639
v -0.0361310802400112 0.0076309437863529 -0.0322598814964294
vn -1.3012848009623597 -0.0659238776431274 -6.1390156015975572
v -0.0196955800056458 -0.0417323112487793 -0.0410706400871277
vn -1.3170850238730185 -0.1753778263447395 -6.1323389364369776
v -0.0191356502473354 -0.0567438006401062 -0.0409197807312012
vn -1.3568427257318418 -0.2765821427169123 -6.1201558459086787
v -0.0187941100448370 -0.0726481005549431 -0.0403843484818935
vn -1.0079697456213086 -0.2759044423053975 -6.1904343420541581
v -0.0123087102547288 -0.1062406003475189 -0.0398879610002041
vn -0.5625986088492799 -0.2001391586909662 -6.2489665594646322
v -0.0060058832168579 -0.1391520053148270 -0.0394567213952541
vn -1.1642054099730763 -0.2195387922077501 -6.1634119245395604
v -0.0119650904089212 -0.1391506940126419 -0.0386400781571865
vn -1.5257418649325951 -0.3088289425012910 -6.0832880725023974
v -0.0183660890907049 -0.1062405034899712 -0.0386203490197659
vn -1.9782615384849898 -0.1506461445792185 -5.9497397545680819
v -0.0174853801727295 -0.1720678955316544 -0.0362156592309475
vn -1.2477164923914508 -0.1372339578549016 -6.1485765223110125
v -0.0117621403187513 -0.1720702052116394 -0.0377104207873344
vn -0.6042219942503190 -0.1297591253795077 -6.2463437393898280
v -0.0059096808545291 -0.1720715016126633 -0.0385705791413784
vn -6.1186921557919662 -0.2156528135024166 1.3817414808213553
v -0.0360578186810017 -0.1062430962920189 -0.0230820700526237
vn -6.0910925304469812 -0.1711189591228077 1.5040668699014386
v -0.0369853898882866 -0.0885717198252678 -0.0247235801070929
vn -6.0567944394384350 -0.2047125497237076 1.6376340128687767
v -0.0378304682672024 -0.0701805874705315 -0.0261626802384853
vn 5.9511019197056303 -0.0002883247917670 1.9655255086122916
v 0.0328379794955254 -0.2049999982118607 -0.0172878503799438
vn 6.1699986405023628 -0.0001832977021792 1.0904033665135373
v 0.0332072898745537 -0.2049999982118607 -0.0187414195388556
vn 6.2636041958434383 -0.0000474179484648 0.1462096685093939
v 0.0333557091653347 -0.2049999982118607 -0.0202290993183851
vn 6.2148726300583563 0.0001449646906467 -0.8048702776962371
v 0.0332749411463737 -0.2049999982118607 -0.0217140298336744
vn 6.0350140814776418 0.0003514524924262 -1.6983872248997904
v 0.0329739414155483 -0.2049999982118607 -0.0231639705598354
vn 5.7556227302260536 0.0005078006521039 -2.4928196788683978
v 0.0324728414416313 -0.2049999982118607 -0.0245574694126844
vn 5.4160066763436676 0.0006226708016506 -3.1691305786943129
v 0.0317981205880642 -0.2049999982118607 -0.0258751492947340
vn 5.0511653135389336 0.0006860286460890 -3.7268965862362951
v 0.0309789106249809 -0.2049999982118607 -0.0271083097904921
vn 0.0000000000000000 0.0000000000000000 6.2831853071795898
v 0.0000000000000000 0.0000000000000000 0.0000000000000000
vn 0.0000000000000000 0.0000000000000000 6.2831853071795791
v 0.0000000000000000 -0.4099999964237213 0.0000000000000000
# 4099 vertices, 0 vertices normals

f 1//1 2//2 3//3
f 4//4 5//5 6//6
f 7//7 8//8 9//9
f 9//9 8//8 10//10
f 9//9 10//10 11//11
f 11//11 10//10 12//12
f 13//13 14//14 15//15
f 14//14 16//16 15//15
f 15//15 16//16 17//17
f 15//15 17//17 10//10
f 10//10 17//17 18//18
f 10//10 18//18 12//12
f 19//19 20//20 21//21
f 21//21 20//20 22//22
f 22//22 23//23 21//21
f 21//21 23//23 24//24
f 21//21 24//24 15//15
f 15//15 24//24 25//25
f 15//15 25//25 13//13
f 26//26 27//27 28//28
f 28//28 27//27 29//29
f 29//29 30//30 28//28
f 28//28 30//30 31//31
f 28//28 31//31 21//21
f 21//21 31//31 32//32
f 21//21 32//32 19//19
f 26//26 28//28 33//33
f 33//33 28//28 34//34
f 33//33 34//34 35//35
f 36//36 37//37 38//38
f 6//6 5//5 38//38
f 38//38 5//5 39//39
f 38//38 39//39 36//36
f 37//37 40//40 38//38
f 38//38 40//40 41//41
f 38//38 41//41 42//42
f 43//43 44//44 6//6
f 6//6 44//44 45//45
f 6//6 45//45 4//4
f 46//46 47//47 48//48
f 48//48 47//47 49//49
f 48//48 49//49 6//6
f 6//6 49//49 50//50
f 6//6 50//50 43//43
f 51//51 52//52 53//53
f 53//53 52//52 54//54
f 53//53 54//54 48//48
f 48//48 54//54 55//55
f 48//48 55//55 46//46
f 56//56 57//57 58//58
f 58//58 57//57 59//59
f 58//58 59//59 53//53
f 53//53 59//59 60//60
f 53//53 60//60 51//51
f 61//61 62//62 63//63
f 63//63 62//62 64//64
f 63//63 64//64 58//58
f 58//58 64//64 65//65
f 58//58 65//65 56//56
f 66//66 63//63 67//67
f 67//67 63//63 68//68
f 66//66 69//69 63//63
f 63//63 69//69 70//70
f 63//63 70//70 61//61
f 71//71 72//72 73//73
f 73//73 72//72 74//74
f 73//73 74//74 68//68
f 68//68 74//74 75//75
f 68//68 75//75 67//67
f 7//7 76//76 8//8
f 8//8 76//76 77//77
f 8//8 77//77 78//78
f 78//78 79//79 8//8
f 8//8 79//79 80//80
f 8//8 80//80 73//73
f 73//73 80//80 81//81
f 73//73 81//81 71//71
f 82//82 83//83 84//84
f 91//91 85//85 86//86
f 86//86 85//85 84//84
f 86//86 84//84 87//87
f 87//87 84//84 83//83
f 88//88 89//89 90//90
f 90//90 89//89 85//85
f 90//90 85//85 91//91
f 88//88 92//92 89//89
f 89//89 92//92 93//93
f 93//93 94//94 89//89
f 89//89 94//94 95//95
f 89//89 95//95 96//96
f 96//96 95//95 97//97
f 96//96 97//97 98//98
f 1//1 3//3 99//99
f 98//98 100//100 96//96
f 96//96 100//100 101//101
f 96//96 101//101 3//3
f 3//3 101//101 102//102
f 3//3 102//102 99//99
f 2//2 103//103 3//3
f 3//3 103//103 104//104
f 3//3 104//104 105//105
f 105//105 104//104 106//106
f 105//105 106//106 107//107
f 108//108 109//109 110//110
f 110//110 109//109 105//105
f 110//110 105//105 111//111
f 111//111 105//105 107//107
f 112//112 113//113 114//114
f 114//114 113//113 109//109
f 114//114 109//109 115//115
f 115//115 109//109 108//108
f 119//119 116//116 117//117
f 117//117 116//116 113//113
f 117//117 113//113 118//118
f 118//118 113//113 112//112
f 116//116 119//119 120//120
f 116//116 120//120 121//121
f 120//120 122//122 121//121
f 121//121 122//122 123//123
f 121//121 123//123 124//124
f 125//125 126//126 127//127
f 127//127 126//126 121//121
f 127//127 121//121 128//128
f 128//128 121//121 124//124
f 125//125 129//129 126//126
f 126//126 129//129 130//130
f 126//126 130//130 34//34
f 34//34 130//130 131//131
f 34//34 131//131 35//35
f 42//42 132//132 38//38
f 38//38 132//132 133//133
f 38//38 133//133 134//134
f 134//134 133//133 135//135
f 134//134 135//135 136//136
f 137//137 138//138 139//139
f 139//139 138//138 134//134
f 139//139 134//134 140//140
f 140//140 134//134 136//136
f 141//141 142//142 143//143
f 143//143 142//142 138//138
f 143//143 138//138 144//144
f 144//144 138//138 137//137
f 141//141 145//145 142//142
f 142//142 145//145 146//146
f 142//142 146//146 147//147
f 148//148 149//149 150//150
f 148//148 150//150 151//151
f 147//147 152//152 142//142
f 142//142 152//152 153//153
f 142//142 153//153 154//154
f 154//154 153//153 155//155
f 154//154 155//155 150//150
f 150//150 155//155 151//151
f 156//156 157//157 158//158
f 158//158 157//157 150//150
f 158//158 150//150 159//159
f 159//159 150//150 149//149
f 156//156 160//160 157//157
f 157//157 160//160 161//161
f 157//157 161//161 162//162
f 162//162 161//161 163//163
f 162//162 163//163 164//164
f 164//164 165//165 162//162
f 162//162 165//165 166//166
f 162//162 166//166 167//167
f 166//166 168//168 167//167
f 167//167 168//168 169//169
f 167//167 169//169 170//170
f 170//170 171//171 167//167
f 167//167 171//171 172//172
f 167//167 172//172 173//173
f 173//173 172//172 174//174
f 173//173 174//174 175//175
f 176//176 177//177 178//178
f 178//178 177//177 173//173
f 178//178 173//173 179//179
f 179//179 173//173 175//175
f 176//176 180//180 177//177
f 177//177 180//180 181//181
f 177//177 181//181 182//182
f 182//182 181//181 183//183
f 183//183 184//184 182//182
f 182//182 184//184 185//185
f 182//182 185//185 186//186
f 182//182 186//186 187//187
f 182//182 187//187 84//84
f 84//84 187//187 188//188
f 84//84 188//188 82//82
f 189//189 190//190 191//191
f 192//192 193//193 194//194
f 195//195 196//196 197//197
f 197//197 196//196 198//198
f 197//197 198//198 199//199
f 199//199 198//198 200//200
f 201//201 202//202 203//203
f 203//203 202//202 204//204
f 201//201 205//205 202//202
f 202//202 205//205 206//206
f 202//202 206//206 198//198
f 198//198 206//206 200//200
f 207//207 208//208 209//209
f 209//209 208//208 210//210
f 209//209 210//210 211//211
f 211//211 212//212 209//209
f 209//209 212//212 213//213
f 209//209 213//213 202//202
f 202//202 213//213 214//214
f 202//202 214//214 204//204
f 215//215 216//216 217//217
f 217//217 216//216 218//218
f 215//215 219//219 216//216
f 216//216 219//219 220//220
f 216//216 220//220 209//209
f 209//209 220//220 221//221
f 209//209 221//221 207//207
f 224//224 216//216 222//222
f 222//222 216//216 223//223
f 216//216 224//224 225//225
f 216//216 225//225 218//218
f 192//192 194//194 226//226
f 226//226 194//194 227//227
f 226//226 227//227 228//228
f 229//229 227//227 230//230
f 230//230 227//227 231//231
f 229//229 232//232 227//227
f 227//227 232//232 233//233
f 227//227 233//233 228//228
f 234//234 235//235 236//236
f 236//236 235//235 237//237
f 236//236 237//237 238//238
f 238//238 239//239 236//236
f 236//236 239//239 240//240
f 236//236 240//240 241//241
f 241//241 242//242 236//236
f 236//236 242//242 243//243
f 236//236 243//243 227//227
f 227//227 243//243 244//244
f 227//227 244//244 231//231
f 245//245 246//246 247//247
f 247//247 246//246 248//248
f 247//247 248//248 234//234
f 234//234 248//248 249//249
f 234//234 249//249 250//250
f 250//250 251//251 234//234
f 234//234 251//251 252//252
f 234//234 252//252 235//235
f 190//190 253//253 191//191
f 191//191 253//253 254//254
f 191//191 254//254 247//247
f 247//247 254//254 255//255
f 247//247 255//255 245//245
f 256//256 257//257 258//258
f 258//258 257//257 259//259
f 258//258 259//259 191//191
f 191//191 259//259 260//260
f 191//191 260//260 189//189
f 261//261 258//258 262//262
f 262//262 258//258 263//263
f 261//261 264//264 258//258
f 258//258 264//264 265//265
f 258//258 265//265 256//256
f 266//266 267//267 268//268
f 268//268 269//269 266//266
f 266//266 269//269 270//270
f 266//266 270//270 263//263
f 263//263 270//270 271//271
f 263//263 271//271 262//262
f 195//195 272//272 196//196
f 196//196 272//272 273//273
f 196//196 273//273 274//274
f 274//274 275//275 196//196
f 196//196 275//275 276//276
f 196//196 276//276 266//266
f 266//266 276//276 277//277
f 266//266 277//277 267//267
f 278//278 279//279 280//280
f 280//280 279//279 194//194
f 280//280 194//194 281//281
f 281//281 194//194 193//193
f 282//282 283//283 284//284
f 284//284 283//283 279//279
f 284//284 279//279 285//285
f 285//285 279//279 278//278
f 286//286 287//287 288//288
f 288//288 287//287 283//283
f 288//288 283//283 289//289
f 289//289 283//283 282//282
f 286//286 290//290 287//287
f 287//287 290//290 291//291
f 287//287 291//291 292//292
f 293//293 294//294 295//295
f 295//295 294//294 292//292
f 295//295 292//292 296//296
f 296//296 292//292 291//291
f 293//293 297//297 294//294
f 294//294 297//297 298//298
f 294//294 298//298 299//299
f 298//298 300//300 299//299
f 299//299 300//300 301//301
f 299//299 301//301 302//302
f 302//302 301//301 303//303
f 302//302 303//303 304//304
f 304//304 305//305 302//302
f 302//302 305//305 306//306
f 302//302 306//306 307//307
f 307//307 306//306 308//308
f 307//307 308//308 309//309
f 310//310 311//311 312//312
f 312//312 311//311 307//307
f 312//312 307//307 313//313
f 313//313 307//307 309//309
f 314//314 315//315 316//316
f 316//316 315//315 311//311
f 316//316 311//311 317//317
f 317//317 311//311 310//310
f 318//318 319//319 320//320
f 320//320 319//319 315//315
f 320//320 315//315 321//321
f 321//321 315//315 314//314
f 322//322 323//323 324//324
f 324//324 323//323 319//319
f 324//324 319//319 325//325
f 325//325 319//319 318//318
f 322//322 326//326 323//323
f 323//323 326//326 327//327
f 323//323 327//327 328//328
f 327//327 329//329 328//328
f 328//328 329//329 330//330
f 328//328 330//330 331//331
f 331//331 330//330 332//332
f 331//331 332//332 333//333
f 333//333 334//334 331//331
f 331//331 334//334 335//335
f 331//331 335//335 336//336
f 336//336 335//335 337//337
f 336//336 337//337 338//338
f 339//339 340//340 341//341
f 341//341 340//340 336//336
f 341//341 336//336 342//342
f 342//342 336//336 338//338
f 339//339 343//343 340//340
f 340//340 343//343 344//344
f 340//340 344//344 345//345
f 344//344 346//346 345//345
f 345//345 346//346 347//347
f 345//345 347//347 348//348
f 347//347 349//349 348//348
f 348//348 349//349 350//350
f 348//348 350//350 351//351
f 350//350 352//352 351//351
f 351//351 352//352 353//353
f 351//351 353//353 354//354
f 355//355 356//356 357//357
f 357//357 356//356 354//354
f 357//357 354//354 358//358
f 358//358 354//354 353//353
f 355//355 359//359 356//356
f 356//356 359//359 360//360
f 356//356 360//360 223//223
f 223//223 360//360 361//361
f 223//223 361//361 222//222
f 362//362 363//363 364//364
f 365//365 366//366 367//367
f 368//368 369//369 370//370
f 371//371 370//370 372//372
f 373//373 374//374 372//372
f 375//375 376//376 377//377
f 378//378 379//379 380//380
f 381//381 382//382 383//383
f 384//384 385//385 386//386
f 386//386 385//385 387//387
f 388//388 389//389 4//4
f 4//4 389//389 5//5
f 36//36 39//39 390//390
f 391//391 392//392 393//393
f 394//394 395//395 396//396
f 397//397 398//398 399//399
f 400//400 133//133 132//132
f 401//401 402//402 403//403
f 404//404 405//405 406//406
f 27//27 26//26 407//407
f 408//408 409//409 410//410
f 411//411 412//412 413//413
f 32//32 31//31 414//414
f 22//22 20//20 415//415
f 416//416 24//24 23//23
f 24//24 416//416 25//25
f 417//417 418//418 419//419
f 420//420 421//421 422//422
f 423//423 424//424 17//17
f 425//425 426//426 427//427
f 428//428 429//429 430//430
f 431//431 432//432 433//433
f 246//246 245//245 434//434
f 435//435 436//436 437//437
f 437//437 436//436 438//438
f 439//439 440//440 441//441
f 251//251 250//250 442//442
f 443//443 444//444 445//445
f 446//446 447//447 448//448
f 449//449 450//450 448//448
f 255//255 254//254 451//451
f 452//452 453//453 454//454
f 455//455 456//456 457//457
f 458//458 459//459 460//460
f 460//460 459//459 461//461
f 462//462 463//463 464//464
f 465//465 466//466 467//467
f 468//468 469//469 470//470
f 471//471 472//472 473//473
f 474//474 475//475 476//476
f 477//477 478//478 479//479
f 480//480 481//481 482//482
f 483//483 484//484 485//485
f 206//206 205//205 486//486
f 487//487 488//488 489//489
f 490//490 491//491 492//492
f 493//493 494//494 495//495
f 496//496 497//497 498//498
f 499//499 500//500 501//501
f 502//502 503//503 504//504
f 505//505 506//506 507//507
f 508//508 509//509 510//510
f 511//511 507//507 512//512
f 513//513 512//512 514//514
f 515//515 516//516 517//517
f 518//518 519//519 520//520
f 520//520 519//519 521//521
f 520//520 521//521 522//522
f 523//523 524//524 525//525
f 525//525 524//524 526//526
f 525//525 526//526 527//527
f 528//528 529//529 530//530
f 530//530 529//529 531//531
f 532//532 533//533 531//531
f 531//531 533//533 534//534
f 531//531 534//534 530//530
f 535//535 536//536 537//537
f 537//537 536//536 538//538
f 537//537 538//538 539//539
f 517//517 516//516 540//540
f 540//540 516//516 541//541
f 540//540 541//541 542//542
f 542//542 541//541 543//543
f 542//542 543//543 544//544
f 545//545 546//546 532//532
f 532//532 546//546 547//547
f 532//532 547//547 533//533
f 548//548 515//515 549//549
f 549//549 515//515 517//517
f 549//549 517//517 550//550
f 550//550 517//517 540//540
f 550//550 540//540 551//551
f 551//551 540//540 542//542
f 551//551 542//542 539//539
f 539//539 542//542 544//544
f 539//539 544//544 537//537
f 538//538 552//552 539//539
f 539//539 552//552 553//553
f 539//539 553//553 551//551
f 551//551 553//553 554//554
f 551//551 554//554 550//550
f 550//550 554//554 508//508
f 550//550 508//508 549//549
f 549//549 508//508 510//510
f 549//549 510//510 548//548
f 555//555 556//556 557//557
f 556//556 555//555 558//558
f 558//558 555//555 559//559
f 558//558 559//559 560//560
f 560//560 559//559 561//561
f 560//560 561//561 562//562
f 562//562 561//561 563//563
f 562//562 563//563 564//564
f 500//500 565//565 566//566
f 567//567 568//568 569//569
f 570//570 571//571 572//572
f 572//572 571//571 573//573
f 572//572 573//573 574//574
f 573//573 575//575 574//574
f 574//574 575//575 576//576
f 574//574 576//576 577//577
f 565//565 500//500 578//578
f 578//578 500//500 499//499
f 578//578 499//499 579//579
f 580//580 579//579 581//581
f 581//581 579//579 499//499
f 581//581 499//499 582//582
f 582//582 499//499 501//501
f 582//582 501//501 583//583
f 497//497 584//584 498//498
f 498//498 584//584 585//585
f 498//498 585//585 586//586
f 586//586 585//585 587//587
f 588//588 589//589 590//590
f 590//590 589//589 591//591
f 590//590 591//591 592//592
f 503//503 580//580 504//504
f 504//504 580//580 581//581
f 504//504 581//581 593//593
f 593//593 581//581 582//582
f 593//593 582//582 594//594
f 594//594 582//582 583//583
f 594//594 583//583 595//595
f 596//596 595//595 597//597
f 597//597 595//595 583//583
f 597//597 583//583 598//598
f 598//598 583//583 501//501
f 598//598 501//501 599//599
f 599//599 501//501 500//500
f 599//599 500//500 567//567
f 567//567 500//500 566//566
f 567//567 566//566 568//568
f 600//600 220//220 601//601
f 601//601 220//220 219//219
f 601//601 219//219 215//215
f 602//602 588//588 603//603
f 603//603 588//588 590//590
f 603//603 590//590 604//604
f 604//604 590//590 592//592
f 604//604 592//592 605//605
f 606//606 607//607 602//602
f 602//602 607//607 600//600
f 602//602 600//600 588//588
f 588//588 600//600 601//601
f 588//588 601//601 589//589
f 589//589 601//601 215//215
f 589//589 215//215 217//217
f 586//586 608//608 498//498
f 498//498 608//608 609//609
f 498//498 609//609 496//496
f 222//222 570//570 224//224
f 224//224 570//570 572//572
f 224//224 572//572 225//225
f 218//218 225//225 610//610
f 610//610 225//225 572//572
f 610//610 572//572 611//611
f 611//611 572//572 574//574
f 611//611 574//574 612//612
f 613//613 614//614 615//615
f 615//615 614//614 616//616
f 615//615 616//616 617//617
f 617//617 616//616 513//513
f 617//617 513//513 545//545
f 545//545 513//513 514//514
f 545//545 514//514 546//546
f 618//618 509//509 619//619
f 619//619 509//509 508//508
f 619//619 508//508 620//620
f 620//620 508//508 554//554
f 620//620 554//554 621//621
f 621//621 554//554 553//553
f 621//621 553//553 622//622
f 622//622 553//553 552//552
f 622//622 552//552 623//623
f 623//623 552//552 538//538
f 623//623 538//538 624//624
f 624//624 538//538 536//536
f 624//624 536//536 625//625
f 625//625 536//536 535//535
f 625//625 535//535 626//626
f 494//494 606//606 495//495
f 495//495 606//606 602//602
f 495//495 602//602 627//627
f 627//627 602//602 603//603
f 627//627 603//603 628//628
f 628//628 603//603 604//604
f 628//628 604//604 629//629
f 629//629 604//604 605//605
f 629//629 605//605 630//630
f 631//631 632//632 633//633
f 633//633 632//632 634//634
f 633//633 634//634 635//635
f 635//635 634//634 636//636
f 635//635 636//636 637//637
f 637//637 636//636 638//638
f 637//637 638//638 639//639
f 639//639 638//638 640//640
f 639//639 640//640 641//641
f 641//641 640//640 642//642
f 641//641 642//642 643//643
f 643//643 642//642 644//644
f 645//645 596//596 646//646
f 646//646 596//596 597//597
f 646//646 597//597 647//647
f 647//647 597//597 598//598
f 647//647 598//598 648//648
f 648//648 598//598 599//599
f 648//648 599//599 649//649
f 649//649 599//599 567//567
f 649//649 567//567 563//563
f 563//563 567//567 569//569
f 563//563 569//569 564//564
f 650//650 651//651 652//652
f 652//652 212//212 653//653
f 653//653 212//212 211//211
f 653//653 211//211 210//210
f 650//650 493//493 654//654
f 654//654 493//493 495//495
f 654//654 495//495 655//655
f 655//655 495//495 627//627
f 655//655 627//627 656//656
f 656//656 627//627 628//628
f 656//656 628//628 657//657
f 657//657 628//628 629//629
f 657//657 629//629 658//658
f 658//658 629//629 630//630
f 658//658 630//630 659//659
f 492//492 491//491 608//608
f 608//608 491//491 660//660
f 608//608 660//660 609//609
f 609//609 660//660 661//661
f 609//609 661//661 496//496
f 512//512 513//513 511//511
f 511//511 513//513 616//616
f 511//511 616//616 662//662
f 662//662 616//616 614//614
f 662//662 614//614 663//663
f 663//663 614//614 613//613
f 663//663 613//613 664//664
f 664//664 613//613 665//665
f 664//664 665//665 666//666
f 666//666 665//665 667//667
f 666//666 667//667 668//668
f 490//490 645//645 491//491
f 491//491 645//645 646//646
f 491//491 646//646 660//660
f 660//660 646//646 647//647
f 660//660 647//647 661//661
f 661//661 647//647 648//648
f 661//661 648//648 496//496
f 496//496 648//648 649//649
f 496//496 649//649 497//497
f 497//497 649//649 563//563
f 497//497 563//563 584//584
f 584//584 563//563 561//561
f 584//584 561//561 585//585
f 585//585 561//561 559//559
f 585//585 559//559 587//587
f 587//587 559//559 555//555
f 587//587 555//555 505//505
f 505//505 555//555 557//557
f 505//505 557//557 506//506
f 669//669 670//670 671//671
f 671//671 670//670 672//672
f 671//671 672//672 673//673
f 673//673 672//672 659//659
f 673//673 659//659 674//674
f 674//674 659//659 630//630
f 674//674 630//630 675//675
f 675//675 630//630 605//605
f 675//675 605//605 676//676
f 676//676 605//605 592//592
f 676//676 592//592 612//612
f 612//612 592//592 591//591
f 612//612 591//591 611//611
f 611//611 591//591 589//589
f 611//611 589//589 610//610
f 610//610 589//589 217//217
f 610//610 217//217 218//218
f 490//490 677//677 645//645
f 645//645 677//677 644//644
f 645//645 644//644 596//596
f 596//596 644//644 642//642
f 596//596 642//642 595//595
f 595//595 642//642 640//640
f 595//595 640//640 594//594
f 594//594 640//640 638//638
f 594//594 638//638 593//593
f 593//593 638//638 636//636
f 593//593 636//636 504//504
f 504//504 636//636 634//634
f 504//504 634//634 502//502
f 502//502 634//634 632//632
f 678//678 201//201 203//203
f 203//203 204//204 651//651
f 651//651 204//204 214//214
f 651//651 214//214 652//652
f 652//652 214//214 213//213
f 652//652 213//213 212//212
f 650//650 652//652 493//493
f 493//493 652//652 653//653
f 493//493 653//653 494//494
f 494//494 653//653 210//210
f 494//494 210//210 606//606
f 606//606 210//210 208//208
f 606//606 208//208 607//607
f 607//607 208//208 207//207
f 607//607 207//207 600//600
f 600//600 207//207 221//221
f 600//600 221//221 220//220
f 679//679 618//618 680//680
f 680//680 618//618 619//619
f 680//680 619//619 681//681
f 681//681 619//619 620//620
f 681//681 620//620 682//682
f 682//682 620//620 621//621
f 682//682 621//621 683//683
f 683//683 621//621 622//622
f 683//683 622//622 684//684
f 684//684 622//622 623//623
f 684//684 623//623 685//685
f 685//685 623//623 624//624
f 685//685 624//624 686//686
f 686//686 624//624 625//625
f 686//686 625//625 687//687
f 687//687 625//625 626//626
f 687//687 626//626 688//688
f 689//689 690//690 691//691
f 691//691 690//690 692//692
f 691//691 692//692 693//693
f 693//693 692//692 694//694
f 693//693 694//694 695//695
f 696//696 679//679 697//697
f 697//697 679//679 680//680
f 697//697 680//680 698//698
f 698//698 680//680 681//681
f 698//698 681//681 699//699
f 699//699 681//681 682//682
f 699//699 682//682 700//700
f 700//700 682//682 683//683
f 700//700 683//683 701//701
f 701//701 683//683 684//684
f 701//701 684//684 702//702
f 702//702 684//684 685//685
f 702//702 685//685 703//703
f 703//703 685//685 686//686
f 703//703 686//686 704//704
f 704//704 686//686 687//687
f 704//704 687//687 705//705
f 705//705 687//687 688//688
f 705//705 688//688 706//706
f 485//485 484//484 667//667
f 667//667 484//484 707//707
f 667//667 707//707 668//668
f 577//577 631//631 574//574
f 574//574 631//631 633//633
f 574//574 633//633 612//612
f 612//612 633//633 635//635
f 612//612 635//635 676//676
f 676//676 635//635 637//637
f 676//676 637//637 675//675
f 675//675 637//637 639//639
f 675//675 639//639 674//674
f 674//674 639//639 641//641
f 674//674 641//641 673//673
f 673//673 641//641 643//643
f 673//673 643//643 671//671
f 671//671 643//643 644//644
f 671//671 644//644 669//669
f 669//669 644//644 677//677
f 669//669 677//677 708//708
f 203//203 651//651 678//678
f 678//678 651//651 650//650
f 678//678 650//650 709//709
f 709//709 650//650 654//654
f 709//709 654//654 710//710
f 710//710 654//654 655//655
f 710//710 655//655 711//711
f 711//711 655//655 656//656
f 711//711 656//656 712//712
f 712//712 656//656 657//657
f 712//712 657//657 713//713
f 713//713 657//657 658//658
f 713//713 658//658 714//714
f 714//714 658//658 659//659
f 714//714 659//659 715//715
f 715//715 659//659 672//672
f 715//715 672//672 716//716
f 716//716 672//672 670//670
f 716//716 670//670 717//717
f 717//717 670//670 669//669
f 717//717 669//669 718//718
f 718//718 669//669 708//708
f 718//718 708//708 719//719
f 720//720 721//721 722//722
f 722//722 721//721 723//723
f 722//722 723//723 724//724
f 724//724 723//723 725//725
f 724//724 725//725 726//726
f 726//726 725//725 727//727
f 726//726 727//727 728//728
f 728//728 727//727 729//729
f 728//728 729//729 730//730
f 730//730 729//729 731//731
f 730//730 731//731 732//732
f 732//732 731//731 733//733
f 732//732 733//733 734//734
f 734//734 733//733 735//735
f 734//734 735//735 736//736
f 736//736 735//735 737//737
f 736//736 737//737 738//738
f 738//738 737//737 739//739
f 738//738 739//739 486//486
f 487//487 666//666 488//488
f 488//488 666//666 668//668
f 488//488 668//668 740//740
f 740//740 668//668 707//707
f 740//740 707//707 741//741
f 741//741 707//707 484//484
f 741//741 484//484 742//742
f 742//742 484//484 483//483
f 742//742 483//483 743//743
f 721//721 744//744 723//723
f 723//723 744//744 745//745
f 723//723 745//745 725//725
f 725//725 745//745 746//746
f 725//725 746//746 727//727
f 727//727 746//746 747//747
f 727//727 747//747 729//729
f 729//729 747//747 748//748
f 729//729 748//748 731//731
f 731//731 748//748 749//749
f 731//731 749//749 733//733
f 733//733 749//749 750//750
f 733//733 750//750 735//735
f 735//735 750//750 751//751
f 735//735 751//751 737//737
f 737//737 751//751 752//752
f 737//737 752//752 739//739
f 753//753 754//754 755//755
f 755//755 754//754 756//756
f 755//755 756//756 757//757
f 758//758 273//273 272//272
f 744//744 759//759 745//745
f 745//745 759//759 760//760
f 745//745 760//760 746//746
f 746//746 760//760 761//761
f 746//746 761//761 747//747
f 747//747 761//761 762//762
f 747//747 762//762 748//748
f 748//748 762//762 763//763
f 748//748 763//763 749//749
f 749//749 763//763 764//764
f 749//749 764//764 750//750
f 750//750 764//764 765//765
f 750//750 765//765 751//751
f 751//751 765//765 758//758
f 751//751 758//758 752//752
f 752//752 758//758 272//272
f 752//752 272//272 195//195
f 195//195 197//197 752//752
f 752//752 197//197 199//199
f 752//752 199//199 739//739
f 739//739 199//199 200//200
f 739//739 200//200 486//486
f 486//486 200//200 206//206
f 766//766 696//696 767//767
f 768//768 769//769 770//770
f 770//770 769//769 771//771
f 770//770 771//771 772//772
f 772//772 771//771 773//773
f 772//772 773//773 774//774
f 479//479 775//775 767//767
f 767//767 775//775 776//776
f 767//767 776//776 766//766
f 489//489 488//488 777//777
f 777//777 488//488 740//740
f 777//777 740//740 778//778
f 778//778 740//740 741//741
f 778//778 741//741 779//779
f 779//779 741//741 742//742
f 779//779 742//742 482//482
f 482//482 742//742 743//743
f 482//482 743//743 480//480
f 479//479 478//478 775//775
f 775//775 478//478 780//780
f 775//775 780//780 776//776
f 776//776 780//780 781//781
f 776//776 781//781 766//766
f 754//754 782//782 756//756
f 756//756 782//782 783//783
f 756//756 783//783 757//757
f 757//757 783//783 784//784
f 757//757 784//784 785//785
f 785//785 784//784 786//786
f 785//785 786//786 787//787
f 787//787 786//786 788//788
f 787//787 788//788 789//789
f 789//789 788//788 790//790
f 789//789 790//790 791//791
f 791//791 790//790 792//792
f 791//791 792//792 793//793
f 793//793 792//792 794//794
f 793//793 794//794 795//795
f 795//795 794//794 796//796
f 795//795 796//796 797//797
f 797//797 796//796 798//798
f 797//797 798//798 799//799
f 475//475 474//474 800//800
f 800//800 474//474 801//801
f 800//800 801//801 802//802
f 801//801 803//803 802//802
f 802//802 803//803 804//804
f 802//802 804//804 805//805
f 805//805 804//804 806//806
f 805//805 806//806 807//807
f 807//807 806//806 808//808
f 807//807 808//808 809//809
f 809//809 808//808 810//810
f 809//809 810//810 811//811
f 811//811 810//810 812//812
f 811//811 812//812 813//813
f 812//812 270//270 269//269
f 812//812 269//269 813//813
f 813//813 269//269 268//268
f 813//813 268//268 267//267
f 782//782 476//476 783//783
f 783//783 476//476 475//475
f 783//783 475//475 784//784
f 784//784 475//475 800//800
f 784//784 800//800 786//786
f 786//786 800//800 802//802
f 786//786 802//802 788//788
f 788//788 802//802 805//805
f 788//788 805//805 790//790
f 790//790 805//805 807//807
f 790//790 807//807 792//792
f 792//792 807//807 809//809
f 792//792 809//809 794//794
f 794//794 809//809 811//811
f 794//794 811//811 796//796
f 796//796 811//811 813//813
f 796//796 813//813 798//798
f 798//798 813//813 267//267
f 267//267 277//277 798//798
f 798//798 277//277 276//276
f 798//798 276//276 799//799
f 799//799 276//276 275//275
f 799//799 275//275 274//274
f 719//719 753//753 720//720
f 720//720 753//753 755//755
f 720//720 755//755 721//721
f 721//721 755//755 757//757
f 721//721 757//757 744//744
f 744//744 757//757 785//785
f 744//744 785//785 759//759
f 759//759 785//785 787//787
f 759//759 787//787 760//760
f 760//760 787//787 789//789
f 760//760 789//789 761//761
f 761//761 789//789 791//791
f 761//761 791//791 762//762
f 762//762 791//791 793//793
f 762//762 793//793 763//763
f 763//763 793//793 795//795
f 763//763 795//795 764//764
f 764//764 795//795 797//797
f 764//764 797//797 765//765
f 765//765 797//797 799//799
f 765//765 799//799 758//758
f 758//758 799//799 274//274
f 758//758 274//274 273//273
f 463//463 768//768 464//464
f 464//464 768//768 770//770
f 464//464 770//770 814//814
f 814//814 770//770 772//772
f 814//814 772//772 815//815
f 815//815 772//772 774//774
f 815//815 774//774 816//816
f 816//816 774//774 817//817
f 816//816 817//817 818//818
f 818//818 817//817 819//819
f 818//818 819//819 820//820
f 820//820 819//819 821//821
f 820//820 821//821 695//695
f 695//695 821//821 822//822
f 695//695 822//822 693//693
f 693//693 822//822 823//823
f 693//693 823//823 691//691
f 719//719 720//720 718//718
f 718//718 720//720 722//722
f 718//718 722//722 717//717
f 717//717 722//722 724//724
f 717//717 724//724 716//716
f 716//716 724//724 726//726
f 716//716 726//726 715//715
f 715//715 726//726 728//728
f 715//715 728//728 714//714
f 714//714 728//728 730//730
f 714//714 730//730 713//713
f 713//713 730//730 732//732
f 713//713 732//732 712//712
f 712//712 732//732 734//734
f 712//712 734//734 711//711
f 711//711 734//734 736//736
f 711//711 736//736 710//710
f 710//710 736//736 738//738
f 710//710 738//738 709//709
f 709//709 738//738 486//486
f 709//709 486//486 678//678
f 678//678 486//486 205//205
f 678//678 205//205 201//201
f 824//824 825//825 826//826
f 826//826 825//825 827//827
f 827//827 825//825 828//828
f 827//827 828//828 829//829
f 829//829 828//828 830//830
f 829//829 830//830 831//831
f 830//830 832//832 831//831
f 831//831 832//832 833//833
f 831//831 833//833 834//834
f 834//834 833//833 835//835
f 834//834 835//835 836//836
f 836//836 835//835 837//837
f 838//838 839//839 840//840
f 841//841 842//842 843//843
f 843//843 842//842 844//844
f 843//843 844//844 845//845
f 845//845 844//844 846//846
f 845//845 846//846 847//847
f 848//848 473//473 849//849
f 849//849 473//473 472//472
f 849//849 472//472 850//850
f 851//851 471//471 852//852
f 852//852 471//471 473//473
f 852//852 473//473 853//853
f 853//853 473//473 848//848
f 853//853 848//848 854//854
f 467//467 855//855 856//856
f 856//856 855//855 857//857
f 856//856 857//857 858//858
f 858//858 857//857 854//854
f 858//858 854//854 841//841
f 841//841 854//854 848//848
f 841//841 848//848 842//842
f 842//842 848//848 849//849
f 842//842 849//849 844//844
f 844//844 849//849 850//850
f 844//844 850//850 846//846
f 859//859 860//860 465//465
f 860//860 859//859 861//861
f 861//861 859//859 862//862
f 861//861 862//862 863//863
f 864//864 847//847 865//865
f 865//865 847//847 846//846
f 865//865 846//846 866//866
f 866//866 846//846 850//850
f 866//866 850//850 867//867
f 867//867 850//850 472//472
f 867//867 472//472 868//868
f 868//868 472//472 471//471
f 868//868 471//471 869//869
f 869//869 471//471 851//851
f 869//869 851//851 870//870
f 871//871 864//864 872//872
f 872//872 864//864 865//865
f 872//872 865//865 873//873
f 873//873 865//865 866//866
f 873//873 866//866 874//874
f 874//874 866//866 867//867
f 874//874 867//867 875//875
f 875//875 867//867 868//868
f 875//875 868//868 876//876
f 876//876 868//868 869//869
f 876//876 869//869 877//877
f 877//877 869//869 870//870
f 877//877 870//870 878//878
f 456//456 455//455 879//879
f 466//466 468//468 467//467
f 467//467 468//468 470//470
f 467//467 470//470 855//855
f 855//855 470//470 880//880
f 855//855 880//880 857//857
f 857//857 880//880 881//881
f 857//857 881//881 854//854
f 854//854 881//881 882//882
f 854//854 882//882 853//853
f 853//853 882//882 883//883
f 853//853 883//883 852//852
f 852//852 883//883 884//884
f 852//852 884//884 851//851
f 851//851 884//884 885//885
f 851//851 885//885 870//870
f 870//870 885//885 879//879
f 870//870 879//879 878//878
f 878//878 879//879 886//886
f 887//887 458//458 888//888
f 888//888 458//458 460//460
f 888//888 460//460 889//889
f 889//889 460//460 461//461
f 889//889 461//461 890//890
f 891//891 892//892 893//893
f 891//891 893//893 894//894
f 894//894 893//893 895//895
f 894//894 895//895 896//896
f 896//896 895//895 897//897
f 896//896 897//897 898//898
f 898//898 897//897 899//899
f 898//898 899//899 900//900
f 901//901 900//900 902//902
f 902//902 900//900 899//899
f 902//902 899//899 903//903
f 903//903 899//899 904//904
f 904//904 899//899 897//897
f 904//904 897//897 905//905
f 905//905 897//897 895//895
f 905//905 895//895 906//906
f 906//906 895//895 893//893
f 906//906 893//893 907//907
f 907//907 893//893 892//892
f 907//907 892//892 908//908
f 909//909 910//910 911//911
f 911//911 910//910 912//912
f 911//911 912//912 913//913
f 913//913 912//912 914//914
f 913//913 914//914 915//915
f 915//915 914//914 916//916
f 915//915 916//916 917//917
f 918//918 919//919 920//920
f 921//921 920//920 922//922
f 922//922 920//920 919//919
f 922//922 919//919 923//923
f 923//923 919//919 924//924
f 925//925 924//924 926//926
f 926//926 924//924 919//919
f 926//926 919//919 927//927
f 927//927 919//919 918//918
f 927//927 918//918 928//928
f 265//265 929//929 256//256
f 256//256 929//929 257//257
f 908//908 930//930 907//907
f 907//907 930//930 931//931
f 907//907 931//931 906//906
f 906//906 931//931 932//932
f 906//906 932//932 905//905
f 905//905 932//932 933//933
f 905//905 933//933 904//904
f 904//904 933//933 929//929
f 904//904 929//929 903//903
f 903//903 929//929 265//265
f 265//265 264//264 903//903
f 903//903 264//264 261//261
f 903//903 261//261 902//902
f 902//902 261//261 262//262
f 902//902 262//262 901//901
f 901//901 262//262 271//271
f 886//886 879//879 934//934
f 934//934 879//879 455//455
f 934//934 455//455 935//935
f 935//935 455//455 457//457
f 935//935 457//457 936//936
f 937//937 938//938 939//939
f 447//447 940//940 939//939
f 259//259 941//941 260//260
f 260//260 941//941 942//942
f 941//941 453//453 942//942
f 942//942 453//453 452//452
f 942//942 452//452 451//451
f 245//245 255//255 434//434
f 434//434 255//255 451//451
f 434//434 451//451 943//943
f 943//943 451//451 452//452
f 943//943 452//452 944//944
f 944//944 452//452 454//454
f 944//944 454//454 945//945
f 480//480 917//917 481//481
f 481//481 917//917 916//916
f 481//481 916//916 946//946
f 946//946 916//916 914//914
f 946//946 914//914 947//947
f 947//947 914//914 912//912
f 947//947 912//912 948//948
f 948//948 912//912 910//910
f 948//948 910//910 949//949
f 949//949 910//910 909//909
f 949//949 909//909 950//950
f 950//950 909//909 951//951
f 950//950 951//951 952//952
f 952//952 951//951 953//953
f 952//952 953//953 954//954
f 954//954 953//953 955//955
f 954//954 955//955 956//956
f 956//956 955//955 957//957
f 956//956 957//957 958//958
f 958//958 957//957 959//959
f 958//958 959//959 960//960
f 960//960 959//959 961//961
f 960//960 961//961 962//962
f 962//962 961//961 442//442
f 254//254 253//253 451//451
f 451//451 253//253 190//190
f 451//451 190//190 942//942
f 942//942 190//190 189//189
f 942//942 189//189 260//260
f 963//963 964//964 938//938
f 930//930 945//945 931//931
f 931//931 945//945 454//454
f 931//931 454//454 932//932
f 932//932 454//454 453//453
f 932//932 453//453 933//933
f 933//933 453//453 941//941
f 933//933 941//941 929//929
f 929//929 941//941 259//259
f 929//929 259//259 257//257
f 449//449 965//965 450//450
f 450//450 965//965 966//966
f 450//450 966//966 967//967
f 443//443 445//445 968//968
f 969//969 970//970 971//971
f 444//444 969//969 972//972
f 969//969 971//971 972//972
f 972//972 971//971 973//973
f 972//972 973//973 974//974
f 975//975 976//976 977//977
f 977//977 976//976 974//974
f 977//977 974//974 978//978
f 978//978 974//974 973//973
f 978//978 973//973 979//979
f 449//449 968//968 965//965
f 965//965 968//968 445//445
f 965//965 445//445 966//966
f 966//966 445//445 980//980
f 966//966 980//980 967//967
f 981//981 982//982 970//970
f 970//970 982//982 983//983
f 970//970 983//983 971//971
f 971//971 983//983 984//984
f 971//971 984//984 973//973
f 973//973 984//984 985//985
f 973//973 985//985 979//979
f 447//447 446//446 940//940
f 940//940 446//446 986//986
f 940//940 986//986 987//987
f 987//987 986//986 988//988
f 987//987 988//988 989//989
f 939//939 940//940 937//937
f 937//937 940//940 987//987
f 937//937 987//987 990//990
f 990//990 987//987 989//989
f 990//990 989//989 991//991
f 923//923 992//992 922//922
f 922//922 992//992 993//993
f 922//922 993//993 921//921
f 921//921 993//993 994//994
f 921//921 994//994 995//995
f 995//995 994//994 996//996
f 995//995 996//996 997//997
f 997//997 996//996 998//998
f 997//997 998//998 999//999
f 999//999 998//998 1000//1000
f 999//999 1000//1000 1001//1001
f 1001//1001 1000//1000 1002//1002
f 1001//1001 1002//1002 1003//1003
f 1003//1003 1002//1002 1004//1004
f 442//442 250//250 962//962
f 962//962 250//250 249//249
f 962//962 249//249 248//248
f 1005//1005 1006//1006 1007//1007
f 1007//1007 1006//1006 1008//1008
f 1007//1007 1008//1008 1009//1009
f 1009//1009 1008//1008 1010//1010
f 1009//1009 1010//1010 1011//1011
f 938//938 937//937 963//963
f 963//963 937//937 990//990
f 963//963 990//990 1012//1012
f 1012//1012 990//990 991//991
f 1012//1012 991//991 1013//1013
f 1013//1013 991//991 1011//1011
f 1013//1013 1011//1011 1014//1014
f 1014//1014 1011//1011 1010//1010
f 1014//1014 1010//1010 1015//1015
f 1015//1015 1010//1010 1008//1008
f 1015//1015 1008//1008 1016//1016
f 1016//1016 1008//1008 1006//1006
f 1016//1016 1006//1006 1017//1017
f 1017//1017 1006//1006 1005//1005
f 1017//1017 1005//1005 1018//1018
f 964//964 963//963 1019//1019
f 1019//1019 963//963 1012//1012
f 1019//1019 1012//1012 1020//1020
f 1020//1020 1012//1012 1013//1013
f 1020//1020 1013//1013 1021//1021
f 1021//1021 1013//1013 1014//1014
f 1021//1021 1014//1014 1022//1022
f 1022//1022 1014//1014 1015//1015
f 1022//1022 1015//1015 1023//1023
f 1023//1023 1015//1015 1016//1016
f 1023//1023 1016//1016 1024//1024
f 1024//1024 1016//1016 1017//1017
f 1024//1024 1017//1017 1025//1025
f 1025//1025 1017//1017 1018//1018
f 1025//1025 1018//1018 1026//1026
f 1027//1027 1028//1028 1029//1029
f 1029//1029 1028//1028 1004//1004
f 1029//1029 1004//1004 1030//1030
f 1030//1030 1004//1004 1002//1002
f 1030//1030 1002//1002 1031//1031
f 1031//1031 1002//1002 1000//1000
f 1031//1031 1000//1000 1032//1032
f 1032//1032 1000//1000 998//998
f 1032//1032 998//998 1033//1033
f 1033//1033 998//998 996//996
f 1033//1033 996//996 1034//1034
f 1034//1034 996//996 994//994
f 1034//1034 994//994 1035//1035
f 1035//1035 994//994 993//993
f 1035//1035 993//993 1036//1036
f 1036//1036 993//993 992//992
f 1036//1036 992//992 1037//1037
f 1037//1037 992//992 923//923
f 1037//1037 923//923 1038//1038
f 1038//1038 923//923 924//924
f 1038//1038 924//924 1039//1039
f 1039//1039 924//924 925//925
f 1039//1039 925//925 1040//1040
f 1040//1040 925//925 926//926
f 1040//1040 926//926 1041//1041
f 1041//1041 926//926 927//927
f 1041//1041 927//927 1042//1042
f 1042//1042 927//927 928//928
f 1042//1042 928//928 1043//1043
f 1043//1043 928//928 1044//1044
f 1043//1043 1044//1044 1045//1045
f 1045//1045 1044//1044 1046//1046
f 1045//1045 1046//1046 1047//1047
f 1048//1048 1049//1049 1028//1028
f 1028//1028 1049//1049 1050//1050
f 1028//1028 1050//1050 1004//1004
f 1004//1004 1050//1050 1051//1051
f 1004//1004 1051//1051 1003//1003
f 240//240 239//239 1052//1052
f 1052//1052 239//239 238//238
f 1052//1052 238//238 1053//1053
f 1053//1053 238//238 237//237
f 1053//1053 237//237 1054//1054
f 1054//1054 237//237 235//235
f 1054//1054 235//235 252//252
f 448//448 450//450 446//446
f 446//446 450//450 967//967
f 446//446 967//967 986//986
f 986//986 967//967 1055//1055
f 986//986 1055//1055 988//988
f 988//988 1055//1055 1056//1056
f 988//988 1056//1056 989//989
f 444//444 972//972 445//445
f 445//445 972//972 974//974
f 445//445 974//974 980//980
f 980//980 974//974 976//976
f 980//980 976//976 967//967
f 967//967 976//976 975//975
f 967//967 975//975 1055//1055
f 1055//1055 975//975 1057//1057
f 1055//1055 1057//1057 1056//1056
f 1058//1058 1059//1059 1060//1060
f 1060//1060 1059//1059 1061//1061
f 1060//1060 1061//1061 1062//1062
f 1063//1063 1062//1062 1064//1064
f 1064//1064 1062//1062 1061//1061
f 1064//1064 1061//1061 1065//1065
f 1065//1065 1061//1061 1066//1066
f 1067//1067 1068//1068 1069//1069
f 1070//1070 1067//1067 1071//1071
f 1071//1071 1067//1067 1069//1069
f 1071//1071 1066//1066 1070//1070
f 1070//1070 1066//1066 1061//1061
f 1070//1070 1061//1061 1067//1067
f 1067//1067 1061//1061 1059//1059
f 1067//1067 1059//1059 1072//1072
f 1072//1072 1059//1059 1058//1058
f 1072//1072 1058//1058 1073//1073
f 1073//1073 1058//1058 1074//1074
f 440//440 439//439 1075//1075
f 1075//1075 439//439 1076//1076
f 1075//1075 1076//1076 1077//1077
f 1077//1077 1076//1076 1078//1078
f 1077//1077 1078//1078 1079//1079
f 1079//1079 1078//1078 1080//1080
f 1079//1079 1080//1080 1081//1081
f 1082//1082 1083//1083 1084//1084
f 1084//1084 1083//1083 1085//1085
f 1086//1086 243//243 1087//1087
f 1087//1087 243//243 242//242
f 1087//1087 242//242 241//241
f 241//241 1048//1048 1087//1087
f 1087//1087 1048//1048 1085//1085
f 1087//1087 1085//1085 1086//1086
f 1086//1086 1085//1085 1083//1083
f 1086//1086 1083//1083 1088//1088
f 1047//1047 890//890 1045//1045
f 1045//1045 890//890 461//461
f 1045//1045 461//461 1043//1043
f 1043//1043 461//461 459//459
f 1043//1043 459//459 1042//1042
f 1042//1042 459//459 458//458
f 1042//1042 458//458 1041//1041
f 1041//1041 458//458 887//887
f 1041//1041 887//887 1040//1040
f 1040//1040 887//887 1089//1089
f 1040//1040 1089//1089 1039//1039
f 1039//1039 1089//1089 1090//1090
f 1039//1039 1090//1090 1038//1038
f 1038//1038 1090//1090 1091//1091
f 1038//1038 1091//1091 1037//1037
f 1037//1037 1091//1091 1092//1092
f 1037//1037 1092//1092 1036//1036
f 1036//1036 1092//1092 1093//1093
f 1036//1036 1093//1093 1035//1035
f 1035//1035 1093//1093 1094//1094
f 1035//1035 1094//1094 1034//1034
f 1034//1034 1094//1094 1095//1095
f 1034//1034 1095//1095 1033//1033
f 1033//1033 1095//1095 1096//1096
f 1033//1033 1096//1096 1032//1032
f 1032//1032 1096//1096 1097//1097
f 1032//1032 1097//1097 1031//1031
f 1031//1031 1097//1097 1098//1098
f 1031//1031 1098//1098 1030//1030
f 1030//1030 1098//1098 1099//1099
f 1030//1030 1099//1099 1029//1029
f 1029//1029 1099//1099 1100//1100
f 1029//1029 1100//1100 1027//1027
f 1027//1027 1100//1100 1101//1101
f 1088//1088 1083//1083 1102//1102
f 1102//1102 1083//1083 1082//1082
f 1102//1102 1082//1082 1103//1103
f 1104//1104 1080//1080 1105//1105
f 1105//1105 1080//1080 1078//1078
f 1105//1105 1078//1078 1106//1106
f 1106//1106 1078//1078 1076//1076
f 1106//1106 1076//1076 1107//1107
f 1107//1107 1076//1076 439//439
f 1107//1107 439//439 1108//1108
f 1108//1108 439//439 441//441
f 1108//1108 441//441 1109//1109
f 1110//1110 1111//1111 1112//1112
f 1112//1112 1111//1111 1113//1113
f 1112//1112 1113//1113 1114//1114
f 1115//1115 1116//1116 1110//1110
f 1110//1110 1116//1116 1117//1117
f 1110//1110 1117//1117 1111//1111
f 1114//1114 437//437 1112//1112
f 1112//1112 437//437 438//438
f 1112//1112 438//438 1110//1110
f 1110//1110 438//438 1118//1118
f 1110//1110 1118//1118 1115//1115
f 1074//1074 1113//1113 1109//1109
f 1109//1109 1113//1113 1111//1111
f 1109//1109 1111//1111 1108//1108
f 1108//1108 1111//1111 1117//1117
f 1108//1108 1117//1117 1107//1107
f 1107//1107 1117//1117 1116//1116
f 1107//1107 1116//1116 1106//1106
f 1106//1106 1116//1116 1119//1119
f 1106//1106 1119//1119 1105//1105
f 1105//1105 1119//1119 1120//1120
f 1105//1105 1120//1120 1104//1104
f 1104//1104 1120//1120 1121//1121
f 1082//1082 1122//1122 1103//1103
f 1103//1103 1122//1122 1123//1123
f 1103//1103 1123//1123 1124//1124
f 1048//1048 1028//1028 1085//1085
f 1085//1085 1028//1028 1027//1027
f 1085//1085 1027//1027 1084//1084
f 1084//1084 1027//1027 1101//1101
f 1084//1084 1101//1101 1082//1082
f 1082//1082 1101//1101 1125//1125
f 1082//1082 1125//1125 1122//1122
f 1122//1122 1125//1125 1126//1126
f 1122//1122 1126//1126 1123//1123
f 1121//1121 1127//1127 1128//1128
f 1081//1081 1080//1080 1129//1129
f 1129//1129 1080//1080 1104//1104
f 1129//1129 1104//1104 1130//1130
f 1130//1130 1104//1104 1121//1121
f 1130//1130 1121//1121 1131//1131
f 1131//1131 1121//1121 1128//1128
f 1131//1131 1128//1128 1132//1132
f 1133//1133 1134//1134 1123//1123
f 1115//1115 1135//1135 1116//1116
f 1116//1116 1135//1135 1136//1136
f 1116//1116 1136//1136 1119//1119
f 1119//1119 1136//1136 1137//1137
f 1119//1119 1137//1137 1120//1120
f 1120//1120 1137//1137 1138//1138
f 1120//1120 1138//1138 1121//1121
f 1121//1121 1138//1138 1139//1139
f 1121//1121 1139//1139 1127//1127
f 233//233 232//232 1103//1103
f 1103//1103 232//232 229//229
f 1103//1103 229//229 1102//1102
f 1102//1102 229//229 230//230
f 1102//1102 230//230 1088//1088
f 1088//1088 230//230 231//231
f 1088//1088 231//231 1086//1086
f 1086//1086 231//231 244//244
f 1086//1086 244//244 243//243
f 1074//1074 1058//1058 1113//1113
f 1113//1113 1058//1058 1060//1060
f 1113//1113 1060//1060 1114//1114
f 1114//1114 1060//1060 1062//1062
f 1114//1114 1062//1062 437//437
f 437//437 1062//1062 1063//1063
f 437//437 1063//1063 435//435
f 767//767 1047//1047 479//479
f 479//479 1047//1047 1046//1046
f 479//479 1046//1046 477//477
f 477//477 1046//1046 1044//1044
f 477//477 1044//1044 1140//1140
f 1140//1140 1044//1044 928//928
f 1140//1140 928//928 1141//1141
f 1141//1141 928//928 918//918
f 1141//1141 918//918 1142//1142
f 1142//1142 918//918 920//920
f 1142//1142 920//920 1143//1143
f 1143//1143 920//920 921//921
f 1143//1143 921//921 1144//1144
f 1144//1144 921//921 995//995
f 1144//1144 995//995 1145//1145
f 1145//1145 995//995 997//997
f 1145//1145 997//997 1146//1146
f 1146//1146 997//997 999//999
f 1146//1146 999//999 1147//1147
f 1147//1147 999//999 1001//1001
f 1147//1147 1001//1001 1148//1148
f 1148//1148 1001//1001 1003//1003
f 1148//1148 1003//1003 1149//1149
f 1149//1149 1003//1003 1051//1051
f 1149//1149 1051//1051 1054//1054
f 1054//1054 1051//1051 1050//1050
f 1054//1054 1050//1050 1053//1053
f 1053//1053 1050//1050 1049//1049
f 1053//1053 1049//1049 1052//1052
f 1052//1052 1049//1049 1048//1048
f 1052//1052 1048//1048 240//240
f 240//240 1048//1048 241//241
f 979//979 1071//1071 978//978
f 978//978 1071//1071 1069//1069
f 978//978 1069//1069 977//977
f 977//977 1069//1069 1068//1068
f 977//977 1068//1068 975//975
f 975//975 1068//1068 1067//1067
f 975//975 1067//1067 1057//1057
f 1057//1057 1067//1067 1072//1072
f 1057//1057 1072//1072 1056//1056
f 1056//1056 1072//1072 1073//1073
f 1056//1056 1073//1073 989//989
f 989//989 1073//1073 1074//1074
f 989//989 1074//1074 991//991
f 991//991 1074//1074 1109//1109
f 991//991 1109//1109 1011//1011
f 1011//1011 1109//1109 441//441
f 1011//1011 441//441 1009//1009
f 1009//1009 441//441 440//440
f 1009//1009 440//440 1007//1007
f 1007//1007 440//440 1075//1075
f 1007//1007 1075//1075 1005//1005
f 1005//1005 1075//1075 1077//1077
f 1005//1005 1077//1077 1018//1018
f 1018//1018 1077//1077 1079//1079
f 1018//1018 1079//1079 1026//1026
f 1026//1026 1079//1079 1081//1081
f 248//248 246//246 962//962
f 962//962 246//246 434//434
f 962//962 434//434 960//960
f 960//960 434//434 943//943
f 960//960 943//943 958//958
f 958//958 943//943 944//944
f 958//958 944//944 956//956
f 956//956 944//944 945//945
f 956//956 945//945 954//954
f 954//954 945//945 930//930
f 954//954 930//930 952//952
f 952//952 930//930 908//908
f 952//952 908//908 950//950
f 950//950 908//908 892//892
f 950//950 892//892 949//949
f 949//949 892//892 891//891
f 949//949 891//891 948//948
f 964//964 936//936 938//938
f 938//938 936//936 457//457
f 938//938 457//457 939//939
f 939//939 457//457 456//456
f 939//939 456//456 447//447
f 447//447 456//456 879//879
f 447//447 879//879 448//448
f 448//448 879//879 885//885
f 448//448 885//885 449//449
f 449//449 885//885 884//884
f 449//449 884//884 968//968
f 968//968 884//884 883//883
f 968//968 883//883 443//443
f 443//443 883//883 882//882
f 443//443 882//882 444//444
f 444//444 882//882 881//881
f 444//444 881//881 969//969
f 969//969 881//881 880//880
f 969//969 880//880 970//970
f 970//970 880//880 470//470
f 970//970 470//470 981//981
f 981//981 470//470 469//469
f 81//81 1150//1150 1151//1151
f 1152//1152 74//74 1153//1153
f 1153//1153 74//74 72//72
f 1153//1153 72//72 1151//1151
f 1151//1151 72//72 71//71
f 1151//1151 71//71 81//81
f 1154//1154 432//432 1155//1155
f 1155//1155 432//432 431//431
f 1155//1155 431//431 1156//1156
f 1157//1157 1158//1158 1159//1159
f 1159//1159 1158//1158 1156//1156
f 1159//1159 1156//1156 1160//1160
f 1160//1160 1156//1156 431//431
f 1160//1160 431//431 1161//1161
f 1161//1161 431//431 433//433
f 1161//1161 433//433 1162//1162
f 1163//1163 1164//1164 1165//1165
f 1165//1165 1164//1164 1166//1166
f 1165//1165 1166//1166 1167//1167
f 1168//1168 1169//1169 1170//1170
f 1170//1170 1169//1169 1171//1171
f 1170//1170 1171//1171 1172//1172
f 1172//1172 1171//1171 1173//1173
f 1172//1172 1173//1173 1174//1174
f 1175//1175 1168//1168 1176//1176
f 1176//1176 1168//1168 1170//1170
f 1176//1176 1170//1170 1177//1177
f 1177//1177 1170//1170 1172//1172
f 1177//1177 1172//1172 1178//1178
f 1178//1178 1172//1172 1174//1174
f 1178//1178 1174//1174 1179//1179
f 1180//1180 1181//1181 1182//1182
f 1182//1182 1181//1181 1183//1183
f 1182//1182 1183//1183 1184//1184
f 77//77 1185//1185 78//78
f 78//78 1185//1185 1186//1186
f 78//78 1186//1186 79//79
f 79//79 1186//1186 1150//1150
f 79//79 1150//1150 80//80
f 80//80 1150//1150 81//81
f 77//77 76//76 1185//1185
f 1185//1185 76//76 7//7
f 1185//1185 7//7 1187//1187
f 1187//1187 7//7 9//9
f 1187//1187 9//9 1188//1188
f 1189//1189 1190//1190 1191//1191
f 1192//1192 1163//1163 1193//1193
f 1193//1193 1163//1163 1165//1165
f 1193//1193 1165//1165 1179//1179
f 1179//1179 1165//1165 1167//1167
f 1179//1179 1167//1167 1178//1178
f 9//9 11//11 1188//1188
f 1188//1188 11//11 12//12
f 1188//1188 12//12 424//424
f 424//424 12//12 18//18
f 424//424 18//18 17//17
f 1190//1190 1189//1189 1194//1194
f 1194//1194 1189//1189 1195//1195
f 1194//1194 1195//1195 1196//1196
f 1196//1196 1195//1195 1197//1197
f 1196//1196 1197//1197 1198//1198
f 1198//1198 1197//1197 1199//1199
f 1198//1198 1199//1199 1200//1200
f 1200//1200 1199//1199 1201//1201
f 1200//1200 1201//1201 1202//1202
f 1202//1202 1201//1201 1203//1203
f 1202//1202 1203//1203 1204//1204
f 1204//1204 1203//1203 1205//1205
f 1204//1204 1205//1205 1206//1206
f 1154//1154 1191//1191 432//432
f 432//432 1191//1191 1190//1190
f 432//432 1190//1190 433//433
f 433//433 1190//1190 1194//1194
f 433//433 1194//1194 1162//1162
f 1162//1162 1194//1194 1196//1196
f 1162//1162 1196//1196 1207//1207
f 1207//1207 1196//1196 1198//1198
f 1207//1207 1198//1198 1208//1208
f 1208//1208 1198//1198 1200//1200
f 1208//1208 1200//1200 1209//1209
f 1209//1209 1200//1200 1202//1202
f 1209//1209 1202//1202 1210//1210
f 1210//1210 1202//1202 1204//1204
f 1210//1210 1204//1204 1211//1211
f 1211//1211 1204//1204 1206//1206
f 1154//1154 1212//1212 1191//1191
f 1191//1191 1212//1212 1213//1213
f 1191//1191 1213//1213 1189//1189
f 1189//1189 1213//1213 1214//1214
f 1189//1189 1214//1214 1195//1195
f 1195//1195 1214//1214 1215//1215
f 1195//1195 1215//1215 1197//1197
f 1197//1197 1215//1215 1216//1216
f 1197//1197 1216//1216 1199//1199
f 1199//1199 1216//1216 418//418
f 1199//1199 418//418 1201//1201
f 1201//1201 418//418 417//417
f 1201//1201 417//417 1203//1203
f 1203//1203 417//417 1217//1217
f 1203//1203 1217//1217 1205//1205
f 1192//1192 1218//1218 1163//1163
f 1163//1163 1218//1218 1219//1219
f 1163//1163 1219//1219 1164//1164
f 1164//1164 1219//1219 1220//1220
f 1164//1164 1220//1220 1166//1166
f 1221//1221 1222//1222 1184//1184
f 1223//1223 1224//1224 1225//1225
f 1225//1225 1224//1224 1221//1221
f 1225//1225 1221//1221 1226//1226
f 1222//1222 1221//1221 1227//1227
f 1227//1227 1221//1221 1224//1224
f 1227//1227 1224//1224 1228//1228
f 426//426 428//428 1229//1229
f 1230//1230 425//425 1231//1231
f 826//826 1232//1232 824//824
f 824//824 1232//1232 1233//1233
f 824//824 1233//1233 1234//1234
f 1234//1234 1233//1233 1235//1235
f 1234//1234 1235//1235 1236//1236
f 1237//1237 1238//1238 420//420
f 420//420 1238//1238 1239//1239
f 420//420 1239//1239 421//421
f 421//421 1239//1239 1240//1240
f 1241//1241 1242//1242 1243//1243
f 1243//1243 1242//1242 1244//1244
f 17//17 16//16 423//423
f 423//423 16//16 14//14
f 423//423 14//14 1245//1245
f 1245//1245 14//14 13//13
f 1245//1245 13//13 25//25
f 22//22 1246//1246 1247//1247
f 1247//1247 1246//1246 1248//1248
f 1249//1249 1250//1250 1251//1251
f 1251//1251 1250//1250 1252//1252
f 1251//1251 1252//1252 1253//1253
f 1254//1254 1255//1255 1249//1249
f 1249//1249 1255//1255 1256//1256
f 1249//1249 1256//1256 1250//1250
f 1254//1254 1249//1249 1257//1257
f 1257//1257 1249//1249 1251//1251
f 1257//1257 1251//1251 1258//1258
f 1258//1258 1251//1251 1253//1253
f 1258//1258 1253//1253 413//413
f 1259//1259 1223//1223 1260//1260
f 1260//1260 1223//1223 1225//1225
f 1260//1260 1225//1225 1261//1261
f 1261//1261 1225//1225 1226//1226
f 1261//1261 1226//1226 1241//1241
f 1262//1262 1259//1259 1263//1263
f 1263//1263 1259//1259 1260//1260
f 1263//1263 1260//1260 1264//1264
f 1264//1264 1260//1260 1261//1261
f 1264//1264 1261//1261 1265//1265
f 1265//1265 1261//1261 1241//1241
f 1265//1265 1241//1241 1256//1256
f 1256//1256 1241//1241 1243//1243
f 1256//1256 1243//1243 1250//1250
f 1250//1250 1243//1243 1244//1244
f 1250//1250 1244//1244 1252//1252
f 32//32 414//414 19//19
f 20//20 19//19 415//415
f 415//415 19//19 414//414
f 415//415 414//414 1266//1266
f 1267//1267 1268//1268 1269//1269
f 1269//1269 1268//1268 1270//1270
f 1269//1269 1270//1270 1271//1271
f 1271//1271 1270//1270 1272//1272
f 1271//1271 1272//1272 1273//1273
f 1273//1273 1272//1272 1274//1274
f 1273//1273 1274//1274 1275//1275
f 1275//1275 1274//1274 1276//1276
f 1275//1275 1276//1276 1237//1237
f 1277//1277 1278//1278 1279//1279
f 1279//1279 1278//1278 1280//1280
f 1279//1279 1280//1280 1281//1281
f 1281//1281 1280//1280 1282//1282
f 1281//1281 1282//1282 1283//1283
f 1283//1283 1282//1282 1284//1284
f 1283//1283 1284//1284 1285//1285
f 1285//1285 1284//1284 1286//1286
f 1285//1285 1286//1286 1287//1287
f 1287//1287 1286//1286 1288//1288
f 1287//1287 1288//1288 1289//1289
f 1289//1289 1288//1288 1290//1290
f 1289//1289 1290//1290 1291//1291
f 1291//1291 1290//1290 1292//1292
f 1291//1291 1292//1292 1293//1293
f 29//29 1278//1278 30//30
f 30//30 1278//1278 1277//1277
f 30//30 1277//1277 31//31
f 1278//1278 1294//1294 1280//1280
f 1280//1280 1294//1294 1295//1295
f 1280//1280 1295//1295 1282//1282
f 1282//1282 1295//1295 1296//1296
f 1282//1282 1296//1296 1284//1284
f 1284//1284 1296//1296 1297//1297
f 1284//1284 1297//1297 1286//1286
f 1286//1286 1297//1297 422//422
f 1286//1286 422//422 1288//1288
f 1288//1288 422//422 421//421
f 1288//1288 421//421 1290//1290
f 1290//1290 421//421 1240//1240
f 1290//1290 1240//1240 1292//1292
f 1237//1237 420//420 1275//1275
f 1275//1275 420//420 422//422
f 1275//1275 422//422 1273//1273
f 1273//1273 422//422 1297//1297
f 1273//1273 1297//1297 1271//1271
f 1271//1271 1297//1297 1296//1296
f 1271//1271 1296//1296 1269//1269
f 1269//1269 1296//1296 1295//1295
f 1269//1269 1295//1295 1267//1267
f 1267//1267 1295//1295 1294//1294
f 1267//1267 1294//1294 1298//1298
f 1298//1298 1294//1294 1278//1278
f 1298//1298 1278//1278 1299//1299
f 1299//1299 1278//1278 29//29
f 1268//1268 1300//1300 1270//1270
f 1270//1270 1300//1300 1301//1301
f 1270//1270 1301//1301 1272//1272
f 1272//1272 1301//1301 1302//1302
f 1272//1272 1302//1302 1274//1274
f 1274//1274 1302//1302 1303//1303
f 1274//1274 1303//1303 1276//1276
f 1276//1276 1303//1303 419//419
f 1276//1276 419//419 1237//1237
f 1237//1237 419//419 418//418
f 1237//1237 418//418 1238//1238
f 1238//1238 418//418 1216//1216
f 1238//1238 1216//1216 1239//1239
f 1239//1239 1216//1216 1215//1215
f 1239//1239 1215//1215 1240//1240
f 1240//1240 1215//1215 1214//1214
f 1240//1240 1214//1214 1292//1292
f 1292//1292 1214//1214 1213//1213
f 1292//1292 1213//1213 1293//1293
f 1293//1293 1213//1213 1212//1212
f 409//409 408//408 1304//1304
f 1304//1304 408//408 1305//1305
f 1304//1304 1305//1305 1306//1306
f 1306//1306 1305//1305 1307//1307
f 1306//1306 1307//1307 1308//1308
f 1308//1308 1307//1307 412//412
f 1308//1308 412//412 1309//1309
f 1309//1309 412//412 411//411
f 1309//1309 411//411 1310//1310
f 26//26 33//33 407//407
f 407//407 33//33 35//35
f 407//407 35//35 1311//1311
f 1312//1312 1313//1313 1314//1314
f 1314//1314 1313//1313 407//407
f 1314//1314 407//407 1315//1315
f 1315//1315 407//407 1311//1311
f 1316//1316 1317//1317 1318//1318
f 1319//1319 1320//1320 1321//1321
f 1321//1321 1320//1320 1322//1322
f 1321//1321 1322//1322 1323//1323
f 1323//1323 1322//1322 1324//1324
f 1323//1323 1324//1324 1317//1317
f 1317//1317 1324//1324 1325//1325
f 1317//1317 1325//1325 1318//1318
f 1312//1312 1326//1326 1313//1313
f 1313//1313 1326//1326 1327//1327
f 1313//1313 1327//1327 1328//1328
f 1328//1328 1327//1327 1329//1329
f 1328//1328 1329//1329 1330//1330
f 1330//1330 1329//1329 1331//1331
f 1330//1330 1331//1331 1332//1332
f 1332//1332 1331//1331 1333//1333
f 1332//1332 1333//1333 1319//1319
f 1319//1319 1333//1333 1334//1334
f 1319//1319 1334//1334 1320//1320
f 1335//1335 404//404 1336//1336
f 1336//1336 404//404 406//406
f 1336//1336 406//406 1337//1337
f 1337//1337 406//406 1338//1338
f 1337//1337 1338//1338 1339//1339
f 1339//1339 1338//1338 1340//1340
f 1339//1339 1340//1340 1316//1316
f 1318//1318 1341//1341 1316//1316
f 1316//1316 1341//1341 1342//1342
f 1316//1316 1342//1342 1339//1339
f 1339//1339 1342//1342 1343//1343
f 1339//1339 1343//1343 1337//1337
f 1337//1337 1343//1343 1344//1344
f 1337//1337 1344//1344 1336//1336
f 1336//1336 1344//1344 1345//1345
f 1336//1336 1345//1345 1335//1335
f 413//413 412//412 1258//1258
f 1258//1258 412//412 1307//1307
f 1258//1258 1307//1307 1257//1257
f 1257//1257 1307//1307 1305//1305
f 1257//1257 1305//1305 1254//1254
f 1254//1254 1305//1305 408//408
f 1254//1254 408//408 1255//1255
f 1255//1255 408//408 410//410
f 1255//1255 410//410 1256//1256
f 1256//1256 410//410 1346//1346
f 1256//1256 1346//1346 1265//1265
f 1265//1265 1346//1346 1347//1347
f 1265//1265 1347//1347 1264//1264
f 1347//1347 1348//1348 1264//1264
f 1264//1264 1348//1348 1349//1349
f 1264//1264 1349//1349 1263//1263
f 1263//1263 1349//1349 1350//1350
f 1263//1263 1350//1350 1262//1262
f 1262//1262 1350//1350 1351//1351
f 1262//1262 1351//1351 1352//1352
f 1352//1352 1351//1351 1353//1353
f 1352//1352 1353//1353 1354//1354
f 1335//1335 1355//1355 404//404
f 404//404 1355//1355 1356//1356
f 404//404 1356//1356 405//405
f 405//405 1356//1356 1357//1357
f 405//405 1357//1357 1358//1358
f 1358//1358 1357//1357 1359//1359
f 1358//1358 1359//1359 1360//1360
f 1360//1360 1359//1359 1361//1361
f 1360//1360 1361//1361 1362//1362
f 1362//1362 1361//1361 1363//1363
f 428//428 430//430 1229//1229
f 1229//1229 430//430 1364//1364
f 1229//1229 1364//1364 1365//1365
f 1365//1365 1364//1364 1366//1366
f 1365//1365 1366//1366 1367//1367
f 1367//1367 1366//1366 1368//1368
f 1367//1367 1368//1368 1369//1369
f 425//425 427//427 1231//1231
f 1231//1231 427//427 1370//1370
f 1231//1231 1370//1370 1371//1371
f 1371//1371 1370//1370 1372//1372
f 1371//1371 1372//1372 1373//1373
f 1373//1373 1372//1372 1374//1374
f 1373//1373 1374//1374 1375//1375
f 1230//1230 1231//1231 1376//1376
f 1376//1376 1231//1231 1371//1371
f 1376//1376 1371//1371 1377//1377
f 1377//1377 1371//1371 1373//1373
f 1377//1377 1373//1373 1378//1378
f 1378//1378 1373//1373 1375//1375
f 1378//1378 1375//1375 1379//1379
f 1228//1228 1224//1224 1380//1380
f 1380//1380 1224//1224 1223//1223
f 1380//1380 1223//1223 1381//1381
f 1381//1381 1223//1223 1259//1259
f 1381//1381 1259//1259 1382//1382
f 1382//1382 1259//1259 1262//1262
f 1382//1382 1262//1262 1383//1383
f 1383//1383 1262//1262 1352//1352
f 1383//1383 1352//1352 1384//1384
f 1384//1384 1352//1352 1354//1354
f 1384//1384 1354//1354 1385//1385
f 1386//1386 1369//1369 1387//1387
f 1387//1387 1369//1369 1368//1368
f 1387//1387 1368//1368 1388//1388
f 1388//1388 1368//1368 1366//1366
f 1388//1388 1366//1366 1389//1389
f 1389//1389 1366//1366 1364//1364
f 1389//1389 1364//1364 1390//1390
f 1390//1390 1364//1364 430//430
f 1390//1390 430//430 1391//1391
f 1391//1391 430//430 429//429
f 1391//1391 429//429 1392//1392
f 1363//1363 401//401 1393//1393
f 1393//1393 401//401 1394//1394
f 1393//1393 1394//1394 1395//1395
f 1395//1395 1394//1394 1396//1396
f 1395//1395 1396//1396 1397//1397
f 1397//1397 1396//1396 1398//1398
f 1387//1387 1399//1399 1386//1386
f 1386//1386 1399//1399 1400//1400
f 1386//1386 1400//1400 1401//1401
f 1401//1401 1400//1400 1402//1402
f 1401//1401 1402//1402 1403//1403
f 1403//1403 1402//1402 1404//1404
f 1403//1403 1404//1404 1405//1405
f 1405//1405 1404//1404 838//838
f 1405//1405 838//838 1406//1406
f 1406//1406 838//838 840//840
f 1406//1406 840//840 1407//1407
f 1408//1408 1409//1409 1410//1410
f 426//426 1229//1229 427//427
f 427//427 1229//1229 1365//1365
f 427//427 1365//1365 1370//1370
f 1370//1370 1365//1365 1367//1367
f 1370//1370 1367//1367 1372//1372
f 1372//1372 1367//1367 1369//1369
f 1372//1372 1369//1369 1374//1374
f 1374//1374 1369//1369 1386//1386
f 1374//1374 1386//1386 1375//1375
f 1375//1375 1386//1386 1401//1401
f 1375//1375 1401//1401 1379//1379
f 1379//1379 1401//1401 1403//1403
f 1379//1379 1403//1403 1411//1411
f 1411//1411 1403//1403 1405//1405
f 1411//1411 1405//1405 1412//1412
f 1412//1412 1405//1405 1406//1406
f 1412//1412 1406//1406 862//862
f 862//862 1406//1406 1407//1407
f 862//862 1407//1407 863//863
f 1409//1409 1398//1398 1410//1410
f 1410//1410 1398//1398 1396//1396
f 1410//1410 1396//1396 1413//1413
f 401//401 403//403 1394//1394
f 1394//1394 403//403 1414//1414
f 1394//1394 1414//1414 1396//1396
f 1396//1396 1414//1414 1415//1415
f 1396//1396 1415//1415 1413//1413
f 1363//1363 1361//1361 401//401
f 401//401 1361//1361 1416//1416
f 401//401 1416//1416 402//402
f 1356//1356 1417//1417 1357//1357
f 1357//1357 1417//1417 1418//1418
f 1357//1357 1418//1418 1359//1359
f 1359//1359 1418//1418 1419//1419
f 1359//1359 1419//1419 1361//1361
f 1361//1361 1419//1419 1420//1420
f 1361//1361 1420//1420 1416//1416
f 1421//1421 1422//1422 1423//1423
f 1423//1423 1422//1422 1424//1424
f 1425//1425 1426//1426 1427//1427
f 1427//1427 1426//1426 1428//1428
f 1429//1429 400//400 1430//1430
f 1430//1430 400//400 132//132
f 1430//1430 132//132 1431//1431
f 1431//1431 132//132 42//42
f 1431//1431 42//42 41//41
f 1427//1427 1432//1432 1433//1433
f 1433//1433 1432//1432 1434//1434
f 399//399 398//398 1424//1424
f 1424//1424 398//398 1435//1435
f 1424//1424 1435//1435 1423//1423
f 395//395 1436//1436 1437//1437
f 1437//1437 1436//1436 1438//1438
f 1437//1437 1438//1438 1439//1439
f 394//394 396//396 1440//1440
f 395//395 1437//1437 396//396
f 396//396 1437//1437 1441//1441
f 396//396 1441//1441 1442//1442
f 397//397 399//399 1443//1443
f 1443//1443 399//399 1444//1444
f 1443//1443 1444//1444 1439//1439
f 1439//1439 1444//1444 1445//1445
f 1439//1439 1445//1445 1437//1437
f 1437//1437 1445//1445 1446//1446
f 1437//1437 1446//1446 1441//1441
f 41//41 40//40 1431//1431
f 1431//1431 40//40 1447//1447
f 1431//1431 1447//1447 1448//1448
f 1449//1449 1434//1434 1448//1448
f 1448//1448 1434//1434 1432//1432
f 1448//1448 1432//1432 1431//1431
f 1431//1431 1432//1432 1427//1427
f 1431//1431 1427//1427 1430//1430
f 1430//1430 1427//1427 1428//1428
f 1430//1430 1428//1428 1429//1429
f 37//37 36//36 1450//1450
f 1450//1450 36//36 390//390
f 1450//1450 390//390 1451//1451
f 1451//1451 390//390 1452//1452
f 1451//1451 1452//1452 1453//1453
f 1454//1454 391//391 1455//1455
f 1456//1456 1457//1457 1458//1458
f 1458//1458 1457//1457 1459//1459
f 1458//1458 1459//1459 1460//1460
f 1460//1460 1459//1459 1461//1461
f 1460//1460 1461//1461 1462//1462
f 1454//1454 1456//1456 1463//1463
f 1463//1463 1456//1456 1458//1458
f 1463//1463 1458//1458 1464//1464
f 1464//1464 1458//1458 1460//1460
f 1464//1464 1460//1460 1465//1465
f 1465//1465 1460//1460 1462//1462
f 1465//1465 1462//1462 1466//1466
f 1467//1467 1468//1468 1469//1469
f 1469//1469 1468//1468 1470//1470
f 1469//1469 1470//1470 1471//1471
f 1471//1471 1472//1472 1469//1469
f 1469//1469 1472//1472 1473//1473
f 1469//1469 1473//1473 1467//1467
f 1473//1473 1474//1474 1467//1467
f 1467//1467 1474//1474 1475//1475
f 1467//1467 1475//1475 1476//1476
f 1470//1470 1440//1440 1471//1471
f 1471//1471 1440//1440 396//396
f 1471//1471 396//396 1472//1472
f 1472//1472 396//396 1442//1442
f 1472//1472 1442//1442 1473//1473
f 1473//1473 1442//1442 1477//1477
f 1473//1473 1477//1477 1474//1474
f 1474//1474 1477//1477 1478//1478
f 1474//1474 1478//1478 1475//1475
f 1475//1475 1478//1478 1479//1479
f 1475//1475 1479//1479 1480//1480
f 45//45 44//44 1481//1481
f 1481//1481 44//44 43//43
f 1481//1481 43//43 50//50
f 49//49 1482//1482 50//50
f 50//50 1482//1482 1483//1483
f 50//50 1483//1483 1481//1481
f 1484//1484 1485//1485 1486//1486
f 39//39 5//5 390//390
f 390//390 5//5 389//389
f 390//390 389//389 1452//1452
f 1452//1452 389//389 388//388
f 1452//1452 388//388 1486//1486
f 1486//1486 388//388 1487//1487
f 1486//1486 1487//1487 1484//1484
f 1488//1488 1489//1489 1490//1490
f 1490//1490 1489//1489 1491//1491
f 1490//1490 1491//1491 1492//1492
f 1492//1492 1491//1491 1493//1493
f 1492//1492 1493//1493 1494//1494
f 47//47 46//46 1495//1495
f 55//55 54//54 1496//1496
f 391//391 393//393 1455//1455
f 1455//1455 393//393 1497//1497
f 1455//1455 1497//1497 1498//1498
f 1498//1498 1497//1497 1499//1499
f 1498//1498 1499//1499 1500//1500
f 1500//1500 1499//1499 1501//1501
f 1500//1500 1501//1501 1502//1502
f 1502//1502 1501//1501 1503//1503
f 1502//1502 1503//1503 1504//1504
f 1504//1504 1503//1503 1505//1505
f 1504//1504 1505//1505 1506//1506
f 1506//1506 1505//1505 1507//1507
f 1506//1506 1507//1507 1508//1508
f 1508//1508 1507//1507 1509//1509
f 1508//1508 1509//1509 1510//1510
f 1510//1510 1509//1509 1511//1511
f 1510//1510 1511//1511 1512//1512
f 1457//1457 1488//1488 1459//1459
f 1459//1459 1488//1488 1490//1490
f 1459//1459 1490//1490 1461//1461
f 1461//1461 1490//1490 1492//1492
f 1461//1461 1492//1492 1462//1462
f 1462//1462 1492//1492 1494//1494
f 1462//1462 1494//1494 1466//1466
f 1466//1466 1494//1494 1513//1513
f 1466//1466 1513//1513 1514//1514
f 1514//1514 1513//1513 1515//1515
f 1514//1514 1515//1515 1516//1516
f 1513//1513 1517//1517 1515//1515
f 1515//1515 1517//1517 1518//1518
f 1515//1515 1518//1518 1519//1519
f 1519//1519 1518//1518 1520//1520
f 1516//1516 1515//1515 1521//1521
f 1521//1521 1515//1515 1519//1519
f 1521//1521 1519//1519 1522//1522
f 1522//1522 1519//1519 1520//1520
f 1522//1522 1520//1520 1523//1523
f 1454//1454 1455//1455 1456//1456
f 1456//1456 1455//1455 1498//1498
f 1456//1456 1498//1498 1457//1457
f 1457//1457 1498//1498 1500//1500
f 1457//1457 1500//1500 1488//1488
f 1488//1488 1500//1500 1502//1502
f 1488//1488 1502//1502 1489//1489
f 1489//1489 1502//1502 1504//1504
f 1489//1489 1504//1504 1491//1491
f 1491//1491 1504//1504 1506//1506
f 1491//1491 1506//1506 1493//1493
f 1493//1493 1506//1506 1508//1508
f 1493//1493 1508//1508 1494//1494
f 1494//1494 1508//1508 1510//1510
f 1494//1494 1510//1510 1513//1513
f 1513//1513 1510//1510 1512//1512
f 1513//1513 1512//1512 1517//1517
f 381//381 1475//1475 382//382
f 382//382 1475//1475 1480//1480
f 382//382 1480//1480 383//383
f 383//383 1480//1480 1524//1524
f 1525//1525 1526//1526 386//386
f 1524//1524 1525//1525 383//383
f 383//383 1525//1525 386//386
f 383//383 386//386 381//381
f 381//381 386//386 387//387
f 381//381 387//387 1475//1475
f 1475//1475 387//387 1527//1527
f 1475//1475 1527//1527 1476//1476
f 1476//1476 1527//1527 1528//1528
f 1476//1476 1528//1528 1467//1467
f 1467//1467 1528//1528 1529//1529
f 1467//1467 1529//1529 1468//1468
f 377//377 376//376 1523//1523
f 1422//1422 392//392 1424//1424
f 1424//1424 392//392 391//391
f 1424//1424 391//391 399//399
f 399//399 391//391 1454//1454
f 399//399 1454//1454 1444//1444
f 1444//1444 1454//1454 1463//1463
f 1444//1444 1463//1463 1445//1445
f 1445//1445 1463//1463 1464//1464
f 1445//1445 1464//1464 1446//1446
f 1446//1446 1464//1464 1465//1465
f 1446//1446 1465//1465 1441//1441
f 1441//1441 1465//1465 1466//1466
f 1441//1441 1466//1466 1442//1442
f 1442//1442 1466//1466 1514//1514
f 1442//1442 1514//1514 1477//1477
f 1477//1477 1514//1514 1516//1516
f 1477//1477 1516//1516 1478//1478
f 1478//1478 1516//1516 1521//1521
f 1478//1478 1521//1521 1479//1479
f 1479//1479 1521//1521 1522//1522
f 1479//1479 1522//1522 1480//1480
f 1480//1480 1522//1522 1523//1523
f 1480//1480 1523//1523 1524//1524
f 1524//1524 1523//1523 376//376
f 1524//1524 376//376 1525//1525
f 1525//1525 376//376 375//375
f 59//59 1530//1530 60//60
f 60//60 1530//1530 1531//1531
f 60//60 1531//1531 51//51
f 51//51 1531//1531 52//52
f 367//367 366//366 1532//1532
f 1532//1532 366//366 1533//1533
f 1532//1532 1533//1533 1534//1534
f 1484//1484 1535//1535 1485//1485
f 1485//1485 1535//1535 1536//1536
f 1485//1485 1536//1536 1537//1537
f 1537//1537 1536//1536 1538//1538
f 1537//1537 1538//1538 1539//1539
f 1539//1539 1538//1538 1540//1540
f 1539//1539 1540//1540 1541//1541
f 1541//1541 1540//1540 1542//1542
f 1541//1541 1542//1542 1543//1543
f 1543//1543 1542//1542 1544//1544
f 1543//1543 1544//1544 1545//1545
f 1545//1545 1544//1544 1546//1546
f 62//62 1547//1547 1548//1548
f 59//59 57//57 1530//1530
f 1530//1530 57//57 56//56
f 1530//1530 56//56 1549//1549
f 1549//1549 56//56 65//65
f 1549//1549 65//65 1548//1548
f 1548//1548 65//65 64//64
f 1548//1548 64//64 62//62
f 62//62 61//61 1547//1547
f 1547//1547 61//61 70//70
f 1547//1547 70//70 1550//1550
f 1551//1551 367//367 1552//1552
f 1552//1552 367//367 1532//1532
f 1552//1552 1532//1532 1546//1546
f 1546//1546 1532//1532 1534//1534
f 1546//1546 1534//1534 1545//1545
f 70//70 69//69 1550//1550
f 1550//1550 69//69 66//66
f 1550//1550 66//66 1553//1553
f 1553//1553 66//66 67//67
f 1553//1553 67//67 1152//1152
f 1152//1152 67//67 75//75
f 1152//1152 75//75 74//74
f 23//23 1554//1554 416//416
f 416//416 1554//1554 1555//1555
f 416//416 1555//1555 1556//1556
f 1556//1556 1555//1555 1557//1557
f 1556//1556 1557//1557 1558//1558
f 1558//1558 1557//1557 1559//1559
f 1558//1558 1559//1559 1560//1560
f 1560//1560 1559//1559 1561//1561
f 1560//1560 1561//1561 1562//1562
f 1562//1562 1561//1561 1563//1563
f 1562//1562 1563//1563 1564//1564
f 1564//1564 1563//1563 1565//1565
f 1564//1564 1565//1565 1566//1566
f 1566//1566 1565//1565 1567//1567
f 1566//1566 1567//1567 1568//1568
f 1568//1568 1567//1567 1569//1569
f 1568//1568 1569//1569 1570//1570
f 1570//1570 1569//1569 1571//1571
f 1570//1570 1571//1571 1572//1572
f 1572//1572 1571//1571 1573//1573
f 1572//1572 1573//1573 1574//1574
f 1574//1574 1573//1573 1575//1575
f 1574//1574 1575//1575 1576//1576
f 1576//1576 1575//1575 1577//1577
f 1576//1576 1577//1577 1578//1578
f 1578//1578 1577//1577 1579//1579
f 1578//1578 1579//1579 1580//1580
f 1580//1580 1579//1579 1581//1581
f 1580//1580 1581//1581 1582//1582
f 1582//1582 1581//1581 1583//1583
f 1582//1582 1583//1583 1584//1584
f 1584//1584 1583//1583 1585//1585
f 1584//1584 1585//1585 1586//1586
f 1586//1586 1585//1585 1587//1587
f 1586//1586 1587//1587 1588//1588
f 25//25 416//416 1245//1245
f 1245//1245 416//416 1556//1556
f 1245//1245 1556//1556 423//423
f 423//423 1556//1556 1558//1558
f 423//423 1558//1558 424//424
f 424//424 1558//1558 1560//1560
f 424//424 1560//1560 1188//1188
f 1188//1188 1560//1560 1562//1562
f 1188//1188 1562//1562 1187//1187
f 1187//1187 1562//1562 1564//1564
f 1187//1187 1564//1564 1185//1185
f 1185//1185 1564//1564 1566//1566
f 1185//1185 1566//1566 1186//1186
f 1186//1186 1566//1566 1568//1568
f 1186//1186 1568//1568 1150//1150
f 1150//1150 1568//1568 1570//1570
f 1150//1150 1570//1570 1151//1151
f 1151//1151 1570//1570 1572//1572
f 1151//1151 1572//1572 1153//1153
f 1153//1153 1572//1572 1574//1574
f 1153//1153 1574//1574 1152//1152
f 1152//1152 1574//1574 1576//1576
f 1152//1152 1576//1576 1553//1553
f 1553//1553 1576//1576 1578//1578
f 1553//1553 1578//1578 1550//1550
f 1550//1550 1578//1578 1580//1580
f 1550//1550 1580//1580 1547//1547
f 1547//1547 1580//1580 1582//1582
f 1547//1547 1582//1582 1548//1548
f 1548//1548 1582//1582 1584//1584
f 1548//1548 1584//1584 1549//1549
f 1549//1549 1584//1584 1586//1586
f 1549//1549 1586//1586 1530//1530
f 1530//1530 1586//1586 1588//1588
f 1530//1530 1588//1588 1531//1531
f 22//22 415//415 1246//1246
f 1246//1246 415//415 1266//1266
f 1246//1246 1266//1266 1248//1248
f 1248//1248 1266//1266 1589//1589
f 1248//1248 1589//1589 1590//1590
f 1590//1590 1589//1589 1591//1591
f 1590//1590 1591//1591 1592//1592
f 1592//1592 1591//1591 1593//1593
f 1592//1592 1593//1593 1594//1594
f 1594//1594 1593//1593 1595//1595
f 1594//1594 1595//1595 1596//1596
f 1596//1596 1595//1595 1597//1597
f 1596//1596 1597//1597 1598//1598
f 1598//1598 1597//1597 1599//1599
f 1598//1598 1599//1599 1600//1600
f 1600//1600 1599//1599 1601//1601
f 1600//1600 1601//1601 1602//1602
f 1602//1602 1601//1601 1603//1603
f 1602//1602 1603//1603 1604//1604
f 1604//1604 1603//1603 1605//1605
f 1604//1604 1605//1605 1606//1606
f 1606//1606 1605//1605 1607//1607
f 1606//1606 1607//1607 1608//1608
f 1608//1608 1607//1607 1609//1609
f 1608//1608 1609//1609 1610//1610
f 1610//1610 1609//1609 1611//1611
f 1610//1610 1611//1611 1612//1612
f 1612//1612 1611//1611 1613//1613
f 1612//1612 1613//1613 1614//1614
f 1614//1614 1613//1613 1615//1615
f 1614//1614 1615//1615 1616//1616
f 1616//1616 1615//1615 1617//1617
f 1616//1616 1617//1617 1618//1618
f 31//31 1277//1277 414//414
f 414//414 1277//1277 1279//1279
f 414//414 1279//1279 1266//1266
f 1266//1266 1279//1279 1281//1281
f 1266//1266 1281//1281 1589//1589
f 1589//1589 1281//1281 1283//1283
f 1589//1589 1283//1283 1591//1591
f 1591//1591 1283//1283 1285//1285
f 1591//1591 1285//1285 1593//1593
f 1593//1593 1285//1285 1287//1287
f 1593//1593 1287//1287 1595//1595
f 1595//1595 1287//1287 1289//1289
f 1595//1595 1289//1289 1597//1597
f 1597//1597 1289//1289 1291//1291
f 1597//1597 1291//1291 1599//1599
f 1599//1599 1291//1291 1293//1293
f 1599//1599 1293//1293 1601//1601
f 1601//1601 1293//1293 1212//1212
f 1601//1601 1212//1212 1603//1603
f 1603//1603 1212//1212 1154//1154
f 1603//1603 1154//1154 1605//1605
f 1605//1605 1154//1154 1155//1155
f 1605//1605 1155//1155 1607//1607
f 1607//1607 1155//1155 1156//1156
f 1607//1607 1156//1156 1609//1609
f 1609//1609 1156//1156 1158//1158
f 1609//1609 1158//1158 1611//1611
f 1611//1611 1158//1158 1157//1157
f 1611//1611 1157//1157 1613//1613
f 1613//1613 1157//1157 1619//1619
f 1613//1613 1619//1619 1615//1615
f 1615//1615 1619//1619 1620//1620
f 1615//1615 1620//1620 1617//1617
f 23//23 22//22 1554//1554
f 1554//1554 22//22 1247//1247
f 1554//1554 1247//1247 1555//1555
f 1555//1555 1247//1247 1248//1248
f 1555//1555 1248//1248 1557//1557
f 1557//1557 1248//1248 1590//1590
f 1557//1557 1590//1590 1559//1559
f 1559//1559 1590//1590 1592//1592
f 1559//1559 1592//1592 1561//1561
f 1561//1561 1592//1592 1594//1594
f 1561//1561 1594//1594 1563//1563
f 1563//1563 1594//1594 1596//1596
f 1563//1563 1596//1596 1565//1565
f 1565//1565 1596//1596 1598//1598
f 1565//1565 1598//1598 1567//1567
f 1567//1567 1598//1598 1600//1600
f 1567//1567 1600//1600 1569//1569
f 1569//1569 1600//1600 1602//1602
f 1569//1569 1602//1602 1571//1571
f 1571//1571 1602//1602 1604//1604
f 1571//1571 1604//1604 1573//1573
f 1573//1573 1604//1604 1606//1606
f 1573//1573 1606//1606 1575//1575
f 1575//1575 1606//1606 1608//1608
f 1575//1575 1608//1608 1577//1577
f 1577//1577 1608//1608 1610//1610
f 1577//1577 1610//1610 1579//1579
f 1579//1579 1610//1610 1612//1612
f 1579//1579 1612//1612 1581//1581
f 1581//1581 1612//1612 1614//1614
f 1581//1581 1614//1614 1583//1583
f 1583//1583 1614//1614 1616//1616
f 1583//1583 1616//1616 1585//1585
f 1585//1585 1616//1616 1618//1618
f 1585//1585 1618//1618 1587//1587
f 1621//1621 1622//1622 1623//1623
f 1623//1623 1622//1622 1624//1624
f 1623//1623 1624//1624 1625//1625
f 1625//1625 1624//1624 1626//1626
f 1625//1625 1626//1626 1627//1627
f 1627//1627 1626//1626 1628//1628
f 1627//1627 1628//1628 1629//1629
f 49//49 47//47 1482//1482
f 1482//1482 47//47 1495//1495
f 1482//1482 1495//1495 1630//1630
f 1630//1630 1495//1495 1631//1631
f 1630//1630 1631//1631 1632//1632
f 1632//1632 1631//1631 1633//1633
f 1632//1632 1633//1633 1634//1634
f 1634//1634 1633//1633 1635//1635
f 1634//1634 1635//1635 1636//1636
f 1636//1636 1635//1635 1637//1637
f 1636//1636 1637//1637 1638//1638
f 1638//1638 1637//1637 1639//1639
f 1638//1638 1639//1639 1640//1640
f 1640//1640 1639//1639 1641//1641
f 1640//1640 1641//1641 1642//1642
f 1642//1642 1641//1641 1621//1621
f 1642//1642 1621//1621 1643//1643
f 1643//1643 1621//1621 1623//1623
f 1643//1643 1623//1623 1644//1644
f 1644//1644 1623//1623 1625//1625
f 1644//1644 1625//1625 1645//1645
f 1645//1645 1625//1625 1627//1627
f 1645//1645 1627//1627 1180//1180
f 1180//1180 1627//1627 1629//1629
f 1180//1180 1629//1629 1181//1181
f 46//46 55//55 1495//1495
f 1495//1495 55//55 1496//1496
f 1495//1495 1496//1496 1631//1631
f 1631//1631 1496//1496 1646//1646
f 1631//1631 1646//1646 1633//1633
f 1633//1633 1646//1646 1647//1647
f 1633//1633 1647//1647 1635//1635
f 1635//1635 1647//1647 1648//1648
f 1635//1635 1648//1648 1637//1637
f 1637//1637 1648//1648 1649//1649
f 1637//1637 1649//1649 1639//1639
f 1639//1639 1649//1649 1650//1650
f 1639//1639 1650//1650 1641//1641
f 1641//1641 1650//1650 1651//1651
f 1641//1641 1651//1651 1621//1621
f 1621//1621 1651//1651 1652//1652
f 1621//1621 1652//1652 1622//1622
f 1622//1622 1652//1652 1175//1175
f 1622//1622 1175//1175 1624//1624
f 1624//1624 1175//1175 1176//1176
f 1624//1624 1176//1176 1626//1626
f 1626//1626 1176//1176 1177//1177
f 1626//1626 1177//1177 1628//1628
f 1628//1628 1177//1177 1178//1178
f 1628//1628 1178//1178 1629//1629
f 1629//1629 1178//1178 1167//1167
f 1629//1629 1167//1167 1181//1181
f 1181//1181 1167//1167 1166//1166
f 1181//1181 1166//1166 1183//1183
f 1183//1183 1166//1166 1220//1220
f 1183//1183 1220//1220 1184//1184
f 1184//1184 1220//1220 1219//1219
f 1184//1184 1219//1219 1221//1221
f 1221//1221 1219//1219 1218//1218
f 1221//1221 1218//1218 1226//1226
f 1226//1226 1218//1218 1192//1192
f 1300//1300 1310//1310 1301//1301
f 1301//1301 1310//1310 411//411
f 1301//1301 411//411 1302//1302
f 1302//1302 411//411 413//413
f 1302//1302 413//413 1303//1303
f 1303//1303 413//413 1253//1253
f 1303//1303 1253//1253 419//419
f 419//419 1253//1253 1252//1252
f 419//419 1252//1252 417//417
f 417//417 1252//1252 1244//1244
f 417//417 1244//1244 1217//1217
f 1217//1217 1244//1244 1242//1242
f 1217//1217 1242//1242 1205//1205
f 1205//1205 1242//1242 1241//1241
f 1205//1205 1241//1241 1206//1206
f 1206//1206 1241//1241 1226//1226
f 1206//1206 1226//1226 1211//1211
f 1211//1211 1226//1226 1192//1192
f 1211//1211 1192//1192 1210//1210
f 1210//1210 1192//1192 1193//1193
f 1210//1210 1193//1193 1209//1209
f 1209//1209 1193//1193 1179//1179
f 1209//1209 1179//1179 1208//1208
f 1208//1208 1179//1179 1174//1174
f 1208//1208 1174//1174 1207//1207
f 1207//1207 1174//1174 1173//1173
f 1207//1207 1173//1173 1162//1162
f 1162//1162 1173//1173 1171//1171
f 1162//1162 1171//1171 1161//1161
f 1161//1161 1171//1171 1169//1169
f 1161//1161 1169//1169 1160//1160
f 1160//1160 1169//1169 1168//1168
f 1160//1160 1168//1168 1159//1159
f 1159//1159 1168//1168 1175//1175
f 1159//1159 1175//1175 1157//1157
f 1157//1157 1175//1175 1652//1652
f 1157//1157 1652//1652 1619//1619
f 1619//1619 1652//1652 1651//1651
f 1619//1619 1651//1651 1620//1620
f 1620//1620 1651//1651 1650//1650
f 1620//1620 1650//1650 1617//1617
f 1617//1617 1650//1650 1649//1649
f 1617//1617 1649//1649 1618//1618
f 1618//1618 1649//1649 1648//1648
f 1618//1618 1648//1648 1587//1587
f 1587//1587 1648//1648 1647//1647
f 1587//1587 1647//1647 1588//1588
f 1588//1588 1647//1647 1646//1646
f 1588//1588 1646//1646 1531//1531
f 1531//1531 1646//1646 1496//1496
f 1531//1531 1496//1496 52//52
f 52//52 1496//1496 54//54
f 1653//1653 365//365 1654//1654
f 1654//1654 365//365 367//367
f 1654//1654 367//367 1655//1655
f 1655//1655 367//367 1551//1551
f 1655//1655 1551//1551 1656//1656
f 1453//1453 1452//1452 1657//1657
f 1657//1657 1452//1452 1486//1486
f 1657//1657 1486//1486 1658//1658
f 1658//1658 1486//1486 1485//1485
f 1658//1658 1485//1485 1659//1659
f 1659//1659 1485//1485 1537//1537
f 1659//1659 1537//1537 1660//1660
f 1660//1660 1537//1537 1539//1539
f 1660//1660 1539//1539 1661//1661
f 1661//1661 1539//1539 1541//1541
f 1661//1661 1541//1541 1662//1662
f 1662//1662 1541//1541 1543//1543
f 1662//1662 1543//1543 1663//1663
f 1663//1663 1543//1543 1545//1545
f 1663//1663 1545//1545 1664//1664
f 1664//1664 1545//1545 1534//1534
f 1664//1664 1534//1534 1665//1665
f 1665//1665 1534//1534 1533//1533
f 1665//1665 1533//1533 1666//1666
f 1666//1666 1533//1533 366//366
f 1666//1666 366//366 1667//1667
f 1667//1667 366//366 365//365
f 1667//1667 365//365 1668//1668
f 1668//1668 365//365 1653//1653
f 1668//1668 1653//1653 1669//1669
f 1669//1669 1653//1653 1654//1654
f 1669//1669 1654//1654 1670//1670
f 1670//1670 1654//1654 1655//1655
f 1670//1670 1655//1655 1671//1671
f 1671//1671 1655//1655 1656//1656
f 1671//1671 1656//1656 1672//1672
f 1672//1672 1656//1656 1673//1673
f 1672//1672 1673//1673 1674//1674
f 1674//1674 1673//1673 1675//1675
f 1674//1674 1675//1675 1676//1676
f 1677//1677 1678//1678 1679//1679
f 1679//1679 1678//1678 1680//1680
f 1679//1679 1680//1680 1681//1681
f 4//4 45//45 388//388
f 388//388 45//45 1481//1481
f 388//388 1481//1481 1487//1487
f 1487//1487 1481//1481 1483//1483
f 1487//1487 1483//1483 1484//1484
f 1484//1484 1483//1483 1482//1482
f 1484//1484 1482//1482 1535//1535
f 1535//1535 1482//1482 1630//1630
f 1535//1535 1630//1630 1536//1536
f 1536//1536 1630//1630 1632//1632
f 1536//1536 1632//1632 1538//1538
f 1538//1538 1632//1632 1634//1634
f 1538//1538 1634//1634 1540//1540
f 1540//1540 1634//1634 1636//1636
f 1540//1540 1636//1636 1542//1542
f 1542//1542 1636//1636 1638//1638
f 1542//1542 1638//1638 1544//1544
f 1544//1544 1638//1638 1640//1640
f 1544//1544 1640//1640 1546//1546
f 1546//1546 1640//1640 1642//1642
f 1546//1546 1642//1642 1552//1552
f 1552//1552 1642//1642 1643//1643
f 1552//1552 1643//1643 1551//1551
f 1551//1551 1643//1643 1644//1644
f 1551//1551 1644//1644 1656//1656
f 1656//1656 1644//1644 1645//1645
f 1656//1656 1645//1645 1673//1673
f 1673//1673 1645//1645 1180//1180
f 1673//1673 1180//1180 1675//1675
f 1675//1675 1180//1180 1182//1182
f 1675//1675 1182//1182 1676//1676
f 1676//1676 1182//1182 1184//1184
f 1676//1676 1184//1184 1682//1682
f 1682//1682 1184//1184 1222//1222
f 1682//1682 1222//1222 1683//1683
f 1683//1683 1222//1222 1227//1227
f 1683//1683 1227//1227 1684//1684
f 1684//1684 1227//1227 1228//1228
f 1684//1684 1228//1228 1392//1392
f 1392//1392 1228//1228 1380//1380
f 1392//1392 1380//1380 1391//1391
f 1391//1391 1380//1380 1381//1381
f 1391//1391 1381//1381 1390//1390
f 1390//1390 1381//1381 1382//1382
f 1390//1390 1382//1382 1389//1389
f 1389//1389 1382//1382 1383//1383
f 1389//1389 1383//1383 1388//1388
f 1388//1388 1383//1383 1384//1384
f 1388//1388 1384//1384 1387//1387
f 1387//1387 1384//1384 1385//1385
f 1387//1387 1385//1385 1399//1399
f 369//369 368//368 1685//1685
f 1685//1685 368//368 1686//1686
f 1685//1685 1686//1686 1687//1687
f 370//370 371//371 368//368
f 368//368 371//371 1688//1688
f 368//368 1688//1688 1686//1686
f 1686//1686 1688//1688 1689//1689
f 1686//1686 1689//1689 1687//1687
f 372//372 374//374 371//371
f 371//371 374//374 1690//1690
f 371//371 1690//1690 1688//1688
f 1688//1688 1690//1690 1691//1691
f 1688//1688 1691//1691 1689//1689
f 1689//1689 1691//1691 1692//1692
f 1689//1689 1692//1692 1687//1687
f 1678//1678 1693//1693 1680//1680
f 1680//1680 1693//1693 1694//1694
f 1680//1680 1694//1694 1681//1681
f 1681//1681 1694//1694 1695//1695
f 1681//1681 1695//1695 1696//1696
f 1696//1696 1695//1695 1697//1697
f 1696//1696 1697//1697 1698//1698
f 859//859 837//837 862//862
f 862//862 837//837 835//835
f 862//862 835//835 1412//1412
f 1412//1412 835//835 833//833
f 1412//1412 833//833 1411//1411
f 1411//1411 833//833 832//832
f 1411//1411 832//832 1379//1379
f 1379//1379 832//832 830//830
f 1379//1379 830//830 1378//1378
f 1378//1378 830//830 828//828
f 1378//1378 828//828 1377//1377
f 1377//1377 828//828 825//825
f 1377//1377 825//825 1376//1376
f 1376//1376 825//825 824//824
f 1376//1376 824//824 1230//1230
f 1230//1230 824//824 1234//1234
f 1230//1230 1234//1234 425//425
f 425//425 1234//1234 1236//1236
f 425//425 1236//1236 426//426
f 426//426 1236//1236 1699//1699
f 426//426 1699//1699 428//428
f 428//428 1699//1699 1700//1700
f 428//428 1700//1700 429//429
f 429//429 1700//1700 1701//1701
f 429//429 1701//1701 1392//1392
f 1392//1392 1701//1701 1702//1702
f 1392//1392 1702//1702 1684//1684
f 1684//1684 1702//1702 1703//1703
f 1684//1684 1703//1703 1683//1683
f 1683//1683 1703//1703 1698//1698
f 1683//1683 1698//1698 1682//1682
f 1682//1682 1698//1698 1697//1697
f 1682//1682 1697//1697 1676//1676
f 1676//1676 1697//1697 1695//1695
f 1676//1676 1695//1695 1674//1674
f 1674//1674 1695//1695 1694//1694
f 1674//1674 1694//1694 1672//1672
f 1672//1672 1694//1694 1693//1693
f 1672//1672 1693//1693 1671//1671
f 1671//1671 1693//1693 1678//1678
f 1671//1671 1678//1678 1670//1670
f 1670//1670 1678//1678 1677//1677
f 1670//1670 1677//1677 1669//1669
f 1669//1669 1677//1677 1704//1704
f 1669//1669 1704//1704 1668//1668
f 1668//1668 1704//1704 1705//1705
f 1668//1668 1705//1705 1667//1667
f 1667//1667 1705//1705 1706//1706
f 1667//1667 1706//1706 1666//1666
f 1666//1666 1706//1706 1707//1707
f 1666//1666 1707//1707 1665//1665
f 1665//1665 1707//1707 1708//1708
f 1665//1665 1708//1708 1664//1664
f 1664//1664 1708//1708 1709//1709
f 1664//1664 1709//1709 1663//1663
f 1663//1663 1709//1709 1710//1710
f 1663//1663 1710//1710 1662//1662
f 1662//1662 1710//1710 1711//1711
f 1662//1662 1711//1711 1661//1661
f 1661//1661 1711//1711 1712//1712
f 1661//1661 1712//1712 1660//1660
f 1660//1660 1712//1712 1713//1713
f 1660//1660 1713//1713 1659//1659
f 1659//1659 1713//1713 1714//1714
f 1659//1659 1714//1714 1658//1658
f 1658//1658 1714//1714 1715//1715
f 1658//1658 1715//1715 1657//1657
f 1657//1657 1715//1715 1449//1449
f 1657//1657 1449//1449 1453//1453
f 1453//1453 1449//1449 1448//1448
f 1453//1453 1448//1448 1451//1451
f 1451//1451 1448//1448 1447//1447
f 1451//1451 1447//1447 1450//1450
f 1450//1450 1447//1447 40//40
f 1450//1450 40//40 37//37
f 1716//1716 1717//1717 1718//1718
f 1718//1718 1717//1717 1719//1719
f 1526//1526 1525//1525 1720//1720
f 1720//1720 1525//1525 375//375
f 1720//1720 375//375 1721//1721
f 1721//1721 375//375 1722//1722
f 1721//1721 1722//1722 1723//1723
f 384//384 386//386 380//380
f 380//380 386//386 1526//1526
f 380//380 1526//1526 378//378
f 378//378 1526//1526 1720//1720
f 378//378 1720//1720 1724//1724
f 1724//1724 1720//1720 1721//1721
f 1724//1724 1721//1721 1725//1725
f 1725//1725 1721//1721 1723//1723
f 1725//1725 1723//1723 1726//1726
f 1727//1727 1728//1728 1729//1729
f 1729//1729 1728//1728 362//362
f 1729//1729 362//362 1730//1730
f 1730//1730 362//362 364//364
f 1730//1730 364//364 1731//1731
f 1732//1732 1733//1733 1716//1716
f 1727//1727 1734//1734 1735//1735
f 1727//1727 1735//1735 1728//1728
f 1728//1728 1735//1735 1718//1718
f 1728//1728 1718//1718 362//362
f 362//362 1718//1718 1719//1719
f 362//362 1719//1719 363//363
f 1736//1736 1734//1734 1726//1726
f 1726//1726 1734//1734 1727//1727
f 1726//1726 1727//1727 1725//1725
f 1725//1725 1727//1727 1729//1729
f 1725//1725 1729//1729 1724//1724
f 1724//1724 1729//1729 1730//1730
f 1724//1724 1730//1730 378//378
f 378//378 1730//1730 1731//1731
f 378//378 1731//1731 379//379
f 1737//1737 1738//1738 1739//1739
f 1739//1739 1738//1738 1740//1740
f 1739//1739 1740//1740 1741//1741
f 1741//1741 1740//1740 1742//1742
f 1741//1741 1742//1742 1743//1743
f 1743//1743 1742//1742 1744//1744
f 1743//1743 1744//1744 1745//1745
f 1745//1745 1744//1744 1746//1746
f 1745//1745 1746//1746 1747//1747
f 1747//1747 1746//1746 1748//1748
f 1747//1747 1748//1748 1749//1749
f 1750//1750 1751//1751 1732//1732
f 1732//1732 1751//1751 1752//1752
f 1732//1732 1752//1752 1733//1733
f 521//521 1753//1753 522//522
f 522//522 1753//1753 1754//1754
f 522//522 1754//1754 1755//1755
f 1755//1755 1754//1754 1756//1756
f 1755//1755 1756//1756 1751//1751
f 1751//1751 1756//1756 1757//1757
f 1751//1751 1757//1757 1752//1752
f 1758//1758 1759//1759 1760//1760
f 1760//1760 1759//1759 1761//1761
f 1760//1760 1761//1761 1762//1762
f 1762//1762 1761//1761 1763//1763
f 1762//1762 1763//1763 1764//1764
f 1764//1764 1763//1763 1765//1765
f 1764//1764 1765//1765 1766//1766
f 1766//1766 1765//1765 1767//1767
f 1766//1766 1767//1767 527//527
f 527//527 1767//1767 1768//1768
f 527//527 1768//1768 525//525
f 526//526 518//518 527//527
f 527//527 518//518 520//520
f 527//527 520//520 1766//1766
f 1766//1766 520//520 522//522
f 1766//1766 522//522 1764//1764
f 1764//1764 522//522 1755//1755
f 1764//1764 1755//1755 1762//1762
f 1762//1762 1755//1755 1751//1751
f 1762//1762 1751//1751 1760//1760
f 1760//1760 1751//1751 1750//1750
f 1760//1760 1750//1750 1758//1758
f 1769//1769 1770//1770 1771//1771
f 1771//1771 1770//1770 1772//1772
f 1771//1771 1772//1772 1773//1773
f 528//528 523//523 529//529
f 529//529 523//523 525//525
f 529//529 525//525 1774//1774
f 1774//1774 525//525 1768//1768
f 1774//1774 1768//1768 1775//1775
f 1775//1775 1768//1768 1767//1767
f 1775//1775 1767//1767 1776//1776
f 1776//1776 1767//1767 1765//1765
f 1776//1776 1765//1765 1769//1769
f 1769//1769 1765//1765 1763//1763
f 1769//1769 1763//1763 1770//1770
f 1770//1770 1763//1763 1761//1761
f 1770//1770 1761//1761 1772//1772
f 1772//1772 1761//1761 1759//1759
f 1777//1777 1737//1737 1778//1778
f 1778//1778 1737//1737 1739//1739
f 1778//1778 1739//1739 1779//1779
f 1779//1779 1739//1739 1741//1741
f 1779//1779 1741//1741 1780//1780
f 1780//1780 1741//1741 1743//1743
f 1780//1780 1743//1743 1781//1781
f 1781//1781 1743//1743 1745//1745
f 1781//1781 1745//1745 1782//1782
f 1782//1782 1745//1745 1747//1747
f 1782//1782 1747//1747 1783//1783
f 1783//1783 1747//1747 1749//1749
f 1783//1783 1749//1749 1784//1784
f 1785//1785 1777//1777 1786//1786
f 1786//1786 1777//1777 1778//1778
f 1786//1786 1778//1778 1787//1787
f 1787//1787 1778//1778 1779//1779
f 1787//1787 1779//1779 1788//1788
f 1788//1788 1779//1779 1780//1780
f 1788//1788 1780//1780 1789//1789
f 1789//1789 1780//1780 1781//1781
f 1789//1789 1781//1781 1790//1790
f 1790//1790 1781//1781 1782//1782
f 1790//1790 1782//1782 1687//1687
f 1687//1687 1782//1782 1783//1783
f 1687//1687 1783//1783 1685//1685
f 1685//1685 1783//1783 1784//1784
f 1685//1685 1784//1784 369//369
f 1791//1791 1785//1785 1792//1792
f 1792//1792 1785//1785 1786//1786
f 1792//1792 1786//1786 1793//1793
f 1793//1793 1786//1786 1787//1787
f 1793//1793 1787//1787 1794//1794
f 1794//1794 1787//1787 1788//1788
f 1794//1794 1788//1788 1795//1795
f 1795//1795 1788//1788 1789//1789
f 1795//1795 1789//1789 1796//1796
f 1796//1796 1789//1789 1790//1790
f 1796//1796 1790//1790 1797//1797
f 1797//1797 1790//1790 1687//1687
f 1797//1797 1687//1687 1798//1798
f 1798//1798 1687//1687 1692//1692
f 1511//1511 373//373 1512//1512
f 1512//1512 373//373 372//372
f 1512//1512 372//372 1517//1517
f 1517//1517 372//372 370//370
f 1517//1517 370//370 1518//1518
f 1518//1518 370//370 369//369
f 1518//1518 369//369 1520//1520
f 1520//1520 369//369 1784//1784
f 1520//1520 1784//1784 1523//1523
f 1523//1523 1784//1784 1749//1749
f 1523//1523 1749//1749 377//377
f 377//377 1749//1749 1748//1748
f 377//377 1748//1748 375//375
f 375//375 1748//1748 1746//1746
f 375//375 1746//1746 1722//1722
f 1722//1722 1746//1746 1744//1744
f 1722//1722 1744//1744 1723//1723
f 1723//1723 1744//1744 1742//1742
f 1723//1723 1742//1742 1726//1726
f 1726//1726 1742//1742 1740//1740
f 1726//1726 1740//1740 1736//1736
f 1736//1736 1740//1740 1738//1738
f 1736//1736 1738//1738 1799//1799
f 1799//1799 1738//1738 1737//1737
f 1799//1799 1737//1737 1800//1800
f 1800//1800 1737//1737 1777//1777
f 1800//1800 1777//1777 1801//1801
f 1801//1801 1777//1777 1785//1785
f 1801//1801 1785//1785 1802//1802
f 1802//1802 1785//1785 1791//1791
f 1802//1802 1791//1791 1803//1803
f 706//706 689//689 705//705
f 705//705 689//689 691//691
f 705//705 691//691 704//704
f 704//704 691//691 823//823
f 704//704 823//823 703//703
f 703//703 823//823 822//822
f 703//703 822//822 702//702
f 702//702 822//822 821//821
f 702//702 821//821 701//701
f 701//701 821//821 819//819
f 701//701 819//819 700//700
f 700//700 819//819 817//817
f 700//700 817//817 699//699
f 699//699 817//817 774//774
f 699//699 774//774 698//698
f 698//698 774//774 773//773
f 698//698 773//773 697//697
f 697//697 773//773 771//771
f 697//697 771//771 696//696
f 696//696 771//771 769//769
f 696//696 769//769 767//767
f 767//767 769//769 768//768
f 767//767 768//768 1047//1047
f 1047//1047 768//768 463//463
f 1047//1047 463//463 890//890
f 890//890 463//463 462//462
f 890//890 462//462 889//889
f 252//252 251//251 1054//1054
f 1054//1054 251//251 442//442
f 1054//1054 442//442 1149//1149
f 1149//1149 442//442 961//961
f 1149//1149 961//961 1148//1148
f 1148//1148 961//961 959//959
f 1148//1148 959//959 1147//1147
f 1147//1147 959//959 957//957
f 1147//1147 957//957 1146//1146
f 1146//1146 957//957 955//955
f 1146//1146 955//955 1145//1145
f 1145//1145 955//955 953//953
f 1145//1145 953//953 1144//1144
f 1144//1144 953//953 951//951
f 1144//1144 951//951 1143//1143
f 1143//1143 951//951 909//909
f 1143//1143 909//909 1142//1142
f 1142//1142 909//909 911//911
f 1142//1142 911//911 1141//1141
f 1141//1141 911//911 913//913
f 1141//1141 913//913 1140//1140
f 1140//1140 913//913 915//915
f 1140//1140 915//915 477//477
f 477//477 915//915 917//917
f 477//477 917//917 478//478
f 478//478 917//917 480//480
f 478//478 480//480 780//780
f 780//780 480//480 743//743
f 780//780 743//743 781//781
f 781//781 743//743 483//483
f 781//781 483//483 766//766
f 766//766 483//483 485//485
f 766//766 485//485 696//696
f 696//696 485//485 667//667
f 696//696 667//667 679//679
f 679//679 667//667 665//665
f 679//679 665//665 618//618
f 618//618 665//665 613//613
f 618//618 613//613 509//509
f 509//509 613//613 615//615
f 509//509 615//615 510//510
f 510//510 615//615 617//617
f 510//510 617//617 548//548
f 548//548 617//617 545//545
f 548//548 545//545 515//515
f 515//515 545//545 532//532
f 515//515 532//532 516//516
f 516//516 532//532 531//531
f 516//516 531//531 541//541
f 541//541 531//531 529//529
f 541//541 529//529 543//543
f 543//543 529//529 1774//1774
f 543//543 1774//1774 544//544
f 544//544 1774//1774 1775//1775
f 544//544 1775//1775 537//537
f 537//537 1775//1775 1776//1776
f 537//537 1776//1776 535//535
f 535//535 1776//1776 1769//1769
f 535//535 1769//1769 626//626
f 626//626 1769//1769 1771//1771
f 626//626 1771//1771 688//688
f 688//688 1771//1771 1773//1773
f 688//688 1773//1773 706//706
f 465//465 467//467 859//859
f 859//859 467//467 856//856
f 859//859 856//856 837//837
f 837//837 856//856 858//858
f 837//837 858//858 836//836
f 836//836 858//858 841//841
f 836//836 841//841 834//834
f 834//834 841//841 843//843
f 834//834 843//843 831//831
f 831//831 843//843 845//845
f 831//831 845//845 829//829
f 829//829 845//845 847//847
f 829//829 847//847 827//827
f 827//827 847//847 864//864
f 827//827 864//864 826//826
f 826//826 864//864 871//871
f 826//826 871//871 1232//1232
f 1232//1232 871//871 1804//1804
f 1232//1232 1804//1804 1233//1233
f 1233//1233 1804//1804 1805//1805
f 1233//1233 1805//1805 1235//1235
f 1235//1235 1805//1805 1806//1806
f 1235//1235 1806//1806 1236//1236
f 1236//1236 1806//1806 1803//1803
f 1236//1236 1803//1803 1699//1699
f 1699//1699 1803//1803 1791//1791
f 1699//1699 1791//1791 1700//1700
f 1700//1700 1791//1791 1792//1792
f 1700//1700 1792//1792 1701//1701
f 1701//1701 1792//1792 1793//1793
f 1701//1701 1793//1793 1702//1702
f 1702//1702 1793//1793 1794//1794
f 1702//1702 1794//1794 1703//1703
f 1703//1703 1794//1794 1795//1795
f 1703//1703 1795//1795 1698//1698
f 1698//1698 1795//1795 1796//1796
f 1698//1698 1796//1796 1696//1696
f 1696//1696 1796//1796 1797//1797
f 1696//1696 1797//1797 1681//1681
f 1681//1681 1797//1797 1798//1798
f 1681//1681 1798//1798 1679//1679
f 1679//1679 1798//1798 1692//1692
f 1679//1679 1692//1692 1677//1677
f 1677//1677 1692//1692 1691//1691
f 1677//1677 1691//1691 1704//1704
f 1704//1704 1691//1691 1690//1690
f 1704//1704 1690//1690 1705//1705
f 1705//1705 1690//1690 374//374
f 1705//1705 374//374 1706//1706
f 1706//1706 374//374 373//373
f 1706//1706 373//373 1707//1707
f 1707//1707 373//373 1511//1511
f 1707//1707 1511//1511 1708//1708
f 1708//1708 1511//1511 1509//1509
f 1708//1708 1509//1509 1709//1709
f 1709//1709 1509//1509 1507//1507
f 1709//1709 1507//1507 1710//1710
f 1710//1710 1507//1507 1505//1505
f 1710//1710 1505//1505 1711//1711
f 1711//1711 1505//1505 1503//1503
f 1711//1711 1503//1503 1712//1712
f 1712//1712 1503//1503 1501//1501
f 1712//1712 1501//1501 1713//1713
f 1713//1713 1501//1501 1499//1499
f 1713//1713 1499//1499 1714//1714
f 1714//1714 1499//1499 1497//1497
f 1714//1714 1497//1497 1715//1715
f 1715//1715 1497//1497 393//393
f 1715//1715 393//393 1449//1449
f 1449//1449 393//393 392//392
f 1449//1449 392//392 1434//1434
f 1434//1434 392//392 1422//1422
f 1434//1434 1422//1422 1433//1433
f 1433//1433 1422//1422 1421//1421
f 1433//1433 1421//1421 1427//1427
f 1427//1427 1421//1421 1807//1807
f 1427//1427 1807//1807 1425//1425
f 1134//1134 1808//1808 1123//1123
f 1123//1123 1808//1808 1809//1809
f 1123//1123 1809//1809 1124//1124
f 1124//1124 1809//1809 1810//1810
f 1124//1124 1810//1810 1811//1811
f 233//233 1103//1103 228//228
f 228//228 1103//1103 1124//1124
f 228//228 1124//1124 226//226
f 226//226 1124//1124 1811//1811
f 226//226 1811//1811 192//192
f 507//507 511//511 505//505
f 505//505 511//511 662//662
f 505//505 662//662 587//587
f 587//587 662//662 663//663
f 587//587 663//663 586//586
f 586//586 663//663 664//664
f 586//586 664//664 608//608
f 608//608 664//664 666//666
f 608//608 666//666 492//492
f 492//492 666//666 487//487
f 492//492 487//487 490//490
f 490//490 487//487 489//489
f 490//490 489//489 677//677
f 677//677 489//489 777//777
f 677//677 777//777 708//708
f 708//708 777//777 778//778
f 708//708 778//778 719//719
f 719//719 778//778 779//779
f 719//719 779//779 753//753
f 753//753 779//779 482//482
f 753//753 482//482 754//754
f 754//754 482//482 481//481
f 754//754 481//481 782//782
f 782//782 481//481 946//946
f 782//782 946//946 476//476
f 476//476 946//946 947//947
f 476//476 947//947 474//474
f 474//474 947//947 948//948
f 474//474 948//948 801//801
f 801//801 948//948 891//891
f 801//801 891//891 803//803
f 803//803 891//891 894//894
f 803//803 894//894 804//804
f 804//804 894//894 896//896
f 804//804 896//896 806//806
f 806//806 896//896 898//898
f 806//806 898//898 808//808
f 808//808 898//898 900//900
f 808//808 900//900 810//810
f 810//810 900//900 901//901
f 810//810 901//901 812//812
f 812//812 901//901 271//271
f 812//812 271//271 270//270
f 1413//1413 1812//1812 1410//1410
f 1410//1410 1812//1812 1813//1813
f 1410//1410 1813//1813 1408//1408
f 1408//1408 1813//1813 1814//1814
f 1408//1408 1814//1814 1815//1815
f 1815//1815 1814//1814 1816//1816
f 1815//1815 1816//1816 1817//1817
f 29//29 27//27 1299//1299
f 1299//1299 27//27 407//407
f 1299//1299 407//407 1298//1298
f 1298//1298 407//407 1313//1313
f 1298//1298 1313//1313 1267//1267
f 1267//1267 1313//1313 1328//1328
f 1267//1267 1328//1328 1268//1268
f 1268//1268 1328//1328 1330//1330
f 1268//1268 1330//1330 1300//1300
f 1300//1300 1330//1330 1332//1332
f 1300//1300 1332//1332 1310//1310
f 1310//1310 1332//1332 1319//1319
f 1310//1310 1319//1319 1309//1309
f 1309//1309 1319//1319 1321//1321
f 1309//1309 1321//1321 1308//1308
f 1308//1308 1321//1321 1323//1323
f 1308//1308 1323//1323 1306//1306
f 1306//1306 1323//1323 1317//1317
f 1306//1306 1317//1317 1304//1304
f 1304//1304 1317//1317 1316//1316
f 1304//1304 1316//1316 409//409
f 409//409 1316//1316 1340//1340
f 409//409 1340//1340 410//410
f 410//410 1340//1340 1338//1338
f 410//410 1338//1338 1346//1346
f 1346//1346 1338//1338 406//406
f 1346//1346 406//406 1347//1347
f 1347//1347 406//406 405//405
f 1347//1347 405//405 1348//1348
f 1348//1348 405//405 1358//1358
f 1348//1348 1358//1358 1349//1349
f 1349//1349 1358//1358 1360//1360
f 1349//1349 1360//1360 1350//1350
f 1350//1350 1360//1360 1362//1362
f 1350//1350 1362//1362 1351//1351
f 1351//1351 1362//1362 1363//1363
f 1351//1351 1363//1363 1353//1353
f 1353//1353 1363//1363 1393//1393
f 1353//1353 1393//1393 1354//1354
f 1354//1354 1393//1393 1395//1395
f 1354//1354 1395//1395 1385//1385
f 1385//1385 1395//1395 1397//1397
f 1385//1385 1397//1397 1399//1399
f 1399//1399 1397//1397 1398//1398
f 1399//1399 1398//1398 1400//1400
f 1400//1400 1398//1398 1409//1409
f 1400//1400 1409//1409 1402//1402
f 1402//1402 1409//1409 1408//1408
f 1402//1402 1408//1408 1404//1404
f 1404//1404 1408//1408 1815//1815
f 1404//1404 1815//1815 838//838
f 838//838 1815//1815 1817//1817
f 838//838 1817//1817 839//839
f 1716//1716 1718//1718 1732//1732
f 1732//1732 1718//1718 1735//1735
f 1732//1732 1735//1735 1750//1750
f 1750//1750 1735//1735 1734//1734
f 1750//1750 1734//1734 1758//1758
f 1758//1758 1734//1734 1736//1736
f 1758//1758 1736//1736 1759//1759
f 1759//1759 1736//1736 1799//1799
f 1759//1759 1799//1799 1772//1772
f 1772//1772 1799//1799 1800//1800
f 1772//1772 1800//1800 1773//1773
f 1773//1773 1800//1800 1801//1801
f 1773//1773 1801//1801 706//706
f 706//706 1801//1801 1802//1802
f 706//706 1802//1802 689//689
f 689//689 1802//1802 1803//1803
f 689//689 1803//1803 690//690
f 690//690 1803//1803 1806//1806
f 690//690 1806//1806 692//692
f 692//692 1806//1806 1805//1805
f 692//692 1805//1805 694//694
f 694//694 1805//1805 1804//1804
f 694//694 1804//1804 695//695
f 695//695 1804//1804 871//871
f 695//695 871//871 820//820
f 820//820 871//871 872//872
f 820//820 872//872 818//818
f 818//818 872//872 873//873
f 818//818 873//873 816//816
f 816//816 873//873 874//874
f 816//816 874//874 815//815
f 815//815 874//874 875//875
f 815//815 875//875 814//814
f 814//814 875//875 876//876
f 814//814 876//876 464//464
f 464//464 876//876 877//877
f 464//464 877//877 462//462
f 462//462 877//877 878//878
f 462//462 878//878 889//889
f 889//889 878//878 886//886
f 889//889 886//886 888//888
f 888//888 886//886 934//934
f 888//888 934//934 887//887
f 887//887 934//934 935//935
f 887//887 935//935 1089//1089
f 1089//1089 935//935 936//936
f 1089//1089 936//936 1090//1090
f 1090//1090 936//936 964//964
f 1090//1090 964//964 1091//1091
f 1091//1091 964//964 1019//1019
f 1091//1091 1019//1019 1092//1092
f 1092//1092 1019//1019 1020//1020
f 1092//1092 1020//1020 1093//1093
f 1093//1093 1020//1020 1021//1021
f 1093//1093 1021//1021 1094//1094
f 1094//1094 1021//1021 1022//1022
f 1094//1094 1022//1022 1095//1095
f 1095//1095 1022//1022 1023//1023
f 1095//1095 1023//1023 1096//1096
f 1096//1096 1023//1023 1024//1024
f 1096//1096 1024//1024 1097//1097
f 1097//1097 1024//1024 1025//1025
f 1097//1097 1025//1025 1098//1098
f 1098//1098 1025//1025 1026//1026
f 1098//1098 1026//1026 1099//1099
f 1099//1099 1026//1026 1081//1081
f 1099//1099 1081//1081 1100//1100
f 1100//1100 1081//1081 1129//1129
f 1100//1100 1129//1129 1101//1101
f 1101//1101 1129//1129 1130//1130
f 1101//1101 1130//1130 1125//1125
f 1125//1125 1130//1130 1131//1131
f 1125//1125 1131//1131 1126//1126
f 1126//1126 1131//1131 1132//1132
f 1126//1126 1132//1132 1123//1123
f 1123//1123 1132//1132 1818//1818
f 1123//1123 1818//1818 1133//1133
f 1754//1754 1753//1753 1819//1819
f 1820//1820 1821//1821 1822//1822
f 1823//1823 1824//1824 1825//1825
f 1825//1825 1824//1824 1826//1826
f 1827//1827 1828//1828 1829//1829
f 1830//1830 1831//1831 1832//1832
f 87//87 83//83 1833//1833
f 1834//1834 1835//1835 1836//1836
f 1838//1838 1839//1839 1840//1840
f 1841//1841 1842//1842 1843//1843
f 1844//1844 1845//1845 1846//1846
f 1847//1847 1418//1418 1417//1417
f 1848//1848 1849//1849 1850//1850
f 1851//1851 1852//1852 1853//1853
f 1854//1854 1855//1855 1856//1856
f 1857//1857 1856//1856 1858//1858
f 1859//1859 1858//1858 1860//1860
f 1861//1861 1862//1862 1863//1863
f 1863//1863 1862//1862 1864//1864
f 123//123 122//122 1865//1865
f 1866//1866 1867//1867 1868//1868
f 1869//1869 127//127 128//128
f 127//127 1869//1869 125//125
f 1716//1716 1733//1733 1870//1870
f 1757//1757 1756//1756 1871//1871
f 1872//1872 1873//1873 1874//1874
f 1875//1875 1876//1876 1877//1877
f 1878//1878 1879//1879 1880//1880
f 1881//1881 1882//1882 1883//1883
f 1884//1884 1885//1885 1886//1886
f 1887//1887 1888//1888 1889//1889
f 1890//1890 1891//1891 1892//1892
f 1435//1435 398//398 1893//1893
f 1894//1894 1439//1439 1438//1438
f 1439//1439 1894//1894 1443//1443
f 1428//1428 1426//1426 1895//1895
f 1896//1896 1897//1897 1898//1898
f 1899//1899 1900//1900 1901//1901
f 1902//1902 1903//1903 1904//1904
f 1905//1905 1906//1906 1907//1907
f 1908//1908 1909//1909 1910//1910
f 1911//1911 1912//1912 1913//1913
f 1914//1914 1915//1915 1916//1916
f 1917//1917 1918//1918 1919//1919
f 1910//1910 1909//1909 1920//1920
f 1921//1921 1917//1917 1922//1922
f 1923//1923 1924//1924 1925//1925
f 174//174 172//172 1926//1926
f 1926//1926 172//172 1927//1927
f 1926//1926 1927//1927 1928//1928
f 1929//1929 1930//1930 1931//1931
f 1932//1932 1933//1933 1934//1934
f 180//180 176//176 1935//1935
f 1936//1936 1937//1937 1938//1938
f 1939//1939 1940//1940 1941//1941
f 1942//1942 1943//1943 1944//1944
f 188//188 187//187 1945//1945
f 502//502 632//632 1946//1946
f 1947//1947 1948//1948 1949//1949
f 566//566 565//565 1950//1950
f 1951//1951 1952//1952 1953//1953
f 1954//1954 353//353 352//352
f 1955//1955 1956//1956 1957//1957
f 1957//1957 1956//1956 1954//1954
f 1958//1958 1959//1959 1960//1960
f 1960//1960 1959//1959 1961//1961
f 1952//1952 1951//1951 1962//1962
f 1963//1963 1964//1964 1965//1965
f 1966//1966 1967//1967 1968//1968
f 1969//1969 1970//1970 1971//1971
f 1972//1972 1973//1973 1971//1971
f 1974//1974 1975//1975 1976//1976
f 1977//1977 1978//1978 1979//1979
f 1980//1980 1981//1981 1982//1982
f 1983//1983 1984//1984 1985//1985
f 1986//1986 1987//1987 1988//1988
f 1989//1989 1990//1990 1991//1991
f 1992//1992 1993//1993 1994//1994
f 1995//1995 1996//1996 1997//1997
f 1997//1997 1996//1996 1998//1998
f 1999//1999 2000//2000 2001//2001
f 2002//2002 2003//2003 2004//2004
f 2005//2005 2006//2006 2007//2007
f 2008//2008 2009//2009 2010//2010
f 2011//2011 528//528 530//530
f 2012//2012 2013//2013 2014//2014
f 521//521 519//519 2015//2015
f 518//518 526//526 2016//2016
f 2017//2017 298//298 297//297
f 2018//2018 2019//2019 313//313
f 2020//2020 2021//2021 2022//2022
f 2023//2023 2024//2024 2025//2025
f 2025//2025 2024//2024 2026//2026
f 2027//2027 2028//2028 2029//2029
f 2030//2030 2031//2031 2032//2032
f 2033//2033 2034//2034 2035//2035
f 2035//2035 2034//2034 2036//2036
f 2037//2037 2038//2038 2039//2039
f 2040//2040 2041//2041 2042//2042
f 2043//2043 2044//2044 2045//2045
f 1137//1137 1136//1136 2046//2046
f 2047//2047 2048//2048 2049//2049
f 1065//1065 1066//1066 2050//2050
f 2052//2052 2053//2053 2054//2054
f 2055//2055 2056//2056 2057//2057
f 2058//2058 2059//2059 2060//2060
f 983//983 982//982 2061//2061
f 2062//2062 2063//2063 2064//2064
f 2065//2065 2066//2066 2067//2067
f 2068//2068 2069//2069 2070//2070
f 981//981 469//469 2071//2071
f 2072//2072 2073//2073 840//840
f 840//840 2073//2073 1407//1407
f 1407//1407 2073//2073 863//863
f 863//863 2073//2073 2074//2074
f 863//863 2074//2074 861//861
f 861//861 2074//2074 2075//2075
f 861//861 2075//2075 860//860
f 2076//2076 2077//2077 2078//2078
f 2078//2078 2077//2077 2079//2079
f 2078//2078 2079//2079 2080//2080
f 2080//2080 2079//2079 2081//2081
f 2080//2080 2081//2081 2082//2082
f 2081//2081 2083//2083 2084//2084
f 2081//2081 2084//2084 2082//2082
f 2082//2082 2084//2084 2085//2085
f 2082//2082 2085//2085 2086//2086
f 860//860 2075//2075 465//465
f 465//465 2075//2075 2087//2087
f 465//465 2087//2087 466//466
f 2088//2088 2089//2089 2090//2090
f 2090//2090 2089//2089 2091//2091
f 2090//2090 2091//2091 2092//2092
f 2093//2093 2094//2094 2095//2095
f 2095//2095 2094//2094 2096//2096
f 2095//2095 2096//2096 2097//2097
f 2074//2074 2098//2098 2075//2075
f 2075//2075 2098//2098 2099//2099
f 2075//2075 2099//2099 2087//2087
f 2087//2087 2099//2099 468//468
f 2087//2087 468//468 466//466
f 2100//2100 2059//2059 2101//2101
f 2101//2101 2059//2059 2058//2058
f 2101//2101 2058//2058 2071//2071
f 2102//2102 2103//2103 2104//2104
f 2104//2104 2103//2103 2105//2105
f 2104//2104 2105//2105 2106//2106
f 2107//2107 2108//2108 2109//2109
f 2109//2109 2108//2108 2110//2110
f 2109//2109 2110//2110 2111//2111
f 2083//2083 2068//2068 2084//2084
f 2084//2084 2068//2068 2070//2070
f 2084//2084 2070//2070 2085//2085
f 2085//2085 2070//2070 2112//2112
f 2085//2085 2112//2112 2086//2086
f 2086//2086 2112//2112 2113//2113
f 2114//2114 2115//2115 2116//2116
f 2116//2116 2115//2115 2117//2117
f 2116//2116 2117//2117 2118//2118
f 2118//2118 2117//2117 2119//2119
f 2118//2118 2119//2119 2120//2120
f 2120//2120 2119//2119 2121//2121
f 2120//2120 2121//2121 2122//2122
f 2122//2122 2121//2121 2123//2123
f 2122//2122 2123//2123 2124//2124
f 2124//2124 2123//2123 2125//2125
f 2124//2124 2125//2125 2126//2126
f 2126//2126 2125//2125 2127//2127
f 2126//2126 2127//2127 2128//2128
f 2077//2077 2129//2129 2079//2079
f 2079//2079 2129//2129 2130//2130
f 2079//2079 2130//2130 2081//2081
f 2081//2081 2130//2130 2131//2131
f 2081//2081 2131//2131 2083//2083
f 2083//2083 2131//2131 2132//2132
f 2083//2083 2132//2132 2068//2068
f 2068//2068 2132//2132 2133//2133
f 2068//2068 2133//2133 2069//2069
f 2134//2134 2135//2135 2136//2136
f 2137//2137 2138//2138 2139//2139
f 2137//2137 2139//2139 2140//2140
f 2138//2138 2137//2137 2141//2141
f 2141//2141 2137//2137 2142//2142
f 2141//2141 2142//2142 2143//2143
f 2144//2144 2145//2145 2146//2146
f 2146//2146 2145//2145 2147//2147
f 2146//2146 2147//2147 2148//2148
f 2148//2148 2147//2147 2149//2149
f 2148//2148 2149//2149 2150//2150
f 2150//2150 2135//2135 2148//2148
f 2148//2148 2135//2135 2134//2134
f 2148//2148 2134//2134 2146//2146
f 2146//2146 2134//2134 2151//2151
f 2146//2146 2151//2151 2144//2144
f 2144//2144 2151//2151 2152//2152
f 2064//2064 2063//2063 2153//2153
f 2067//2067 2066//2066 2154//2154
f 2154//2154 2066//2066 2155//2155
f 2154//2154 2155//2155 2039//2039
f 2156//2156 985//985 984//984
f 984//984 983//983 2156//2156
f 2156//2156 983//983 2061//2061
f 2156//2156 2061//2061 2157//2157
f 979//979 985//985 2158//2158
f 2158//2158 985//985 2156//2156
f 2158//2158 2156//2156 2159//2159
f 2159//2159 2156//2156 2157//2157
f 2159//2159 2157//2157 2160//2160
f 2160//2160 2055//2055 2159//2159
f 2159//2159 2055//2055 2057//2057
f 2159//2159 2057//2057 2158//2158
f 2158//2158 2057//2057 2051//2051
f 2158//2158 2051//2051 979//979
f 979//979 2051//2051 1071//1071
f 2161//2161 2060//2060 2162//2162
f 2162//2162 2060//2060 2059//2059
f 2162//2162 2059//2059 2163//2163
f 2163//2163 2059//2059 2100//2100
f 2163//2163 2100//2100 2164//2164
f 2165//2165 2166//2166 2167//2167
f 2167//2167 2166//2166 2168//2168
f 2167//2167 2168//2168 2169//2169
f 2169//2169 2168//2168 2170//2170
f 2171//2171 2056//2056 2172//2172
f 2172//2172 2056//2056 2055//2055
f 2172//2172 2055//2055 2173//2173
f 2173//2173 2055//2055 2160//2160
f 2173//2173 2160//2160 2174//2174
f 2174//2174 2160//2160 2157//2157
f 2174//2174 2157//2157 2175//2175
f 2175//2175 2157//2157 2061//2061
f 2175//2175 2061//2061 981//981
f 981//981 2061//2061 982//982
f 2176//2176 2114//2114 2054//2054
f 2054//2054 2114//2114 2116//2116
f 2054//2054 2116//2116 2052//2052
f 2052//2052 2116//2116 2118//2118
f 2052//2052 2118//2118 2177//2177
f 2177//2177 2118//2118 2120//2120
f 2177//2177 2120//2120 2178//2178
f 2178//2178 2120//2120 2122//2122
f 2178//2178 2122//2122 2179//2179
f 2179//2179 2122//2122 2124//2124
f 2179//2179 2124//2124 2180//2180
f 2180//2180 2124//2124 2126//2126
f 2180//2180 2126//2126 2181//2181
f 2181//2181 2126//2126 2128//2128
f 2181//2181 2128//2128 2182//2182
f 2039//2039 2038//2038 2154//2154
f 2154//2154 2038//2038 2183//2183
f 2154//2154 2183//2183 2067//2067
f 2053//2053 2052//2052 2184//2184
f 2184//2184 2052//2052 2177//2177
f 2184//2184 2177//2177 2185//2185
f 2185//2185 2177//2177 2178//2178
f 2185//2185 2178//2178 2186//2186
f 2186//2186 2178//2178 2179//2179
f 2186//2186 2179//2179 2187//2187
f 2187//2187 2179//2179 2180//2180
f 2187//2187 2180//2180 2188//2188
f 2188//2188 2180//2180 2181//2181
f 2188//2188 2181//2181 2189//2189
f 2189//2189 2181//2181 2182//2182
f 2189//2189 2182//2182 2190//2190
f 2191//2191 2192//2192 2193//2193
f 2193//2193 2192//2192 2050//2050
f 2193//2193 2050//2050 2194//2194
f 2195//2195 2191//2191 2196//2196
f 2196//2196 2191//2191 2193//2193
f 2196//2196 2193//2193 2197//2197
f 2197//2197 2193//2193 2194//2194
f 2197//2197 2194//2194 2198//2198
f 981//981 2071//2071 2175//2175
f 2175//2175 2071//2071 2058//2058
f 2175//2175 2058//2058 2174//2174
f 2174//2174 2058//2058 2060//2060
f 2174//2174 2060//2060 2173//2173
f 2173//2173 2060//2060 2161//2161
f 2173//2173 2161//2161 2172//2172
f 2172//2172 2161//2161 2199//2199
f 2172//2172 2199//2199 2171//2171
f 2171//2171 2199//2199 2198//2198
f 2171//2171 2198//2198 2056//2056
f 2056//2056 2198//2198 2194//2194
f 2056//2056 2194//2194 2057//2057
f 2057//2057 2194//2194 2050//2050
f 2057//2057 2050//2050 2051//2051
f 2051//2051 2050//2050 1066//1066
f 2051//2051 1066//1066 1071//1071
f 2166//2166 2200//2200 2168//2168
f 2168//2168 2200//2200 2201//2201
f 2168//2168 2201//2201 2170//2170
f 2170//2170 2201//2201 2202//2202
f 2165//2165 2203//2203 2166//2166
f 2166//2166 2203//2203 2204//2204
f 2166//2166 2204//2204 2200//2200
f 2200//2200 2204//2204 2049//2049
f 2200//2200 2049//2049 2201//2201
f 2201//2201 2049//2049 2048//2048
f 2201//2201 2048//2048 2202//2202
f 2162//2162 2205//2205 2161//2161
f 2161//2161 2205//2205 2206//2206
f 2161//2161 2206//2206 2199//2199
f 2199//2199 2206//2206 2207//2207
f 2199//2199 2207//2207 2198//2198
f 2198//2198 2207//2207 2208//2208
f 2198//2198 2208//2208 2197//2197
f 2197//2197 2208//2208 2209//2209
f 2197//2197 2209//2209 2196//2196
f 2196//2196 2209//2209 2210//2210
f 2196//2196 2210//2210 2195//2195
f 2195//2195 2210//2210 2211//2211
f 2212//2212 438//438 2213//2213
f 2213//2213 438//438 436//436
f 2213//2213 436//436 2214//2214
f 2214//2214 436//436 435//435
f 2214//2214 435//435 2215//2215
f 2215//2215 435//435 1063//1063
f 2215//2215 1063//1063 1064//1064
f 1136//1136 1135//1135 2216//2216
f 2216//2216 1135//1135 1115//1115
f 2216//2216 1115//1115 2212//2212
f 2212//2212 1115//1115 1118//1118
f 2212//2212 1118//1118 438//438
f 2217//2217 2211//2211 2218//2218
f 2218//2218 2211//2211 2210//2210
f 2218//2218 2210//2210 2219//2219
f 2219//2219 2210//2210 2209//2209
f 2219//2219 2209//2209 2220//2220
f 2220//2220 2209//2209 2208//2208
f 2220//2220 2208//2208 2221//2221
f 2221//2221 2208//2208 2207//2207
f 2221//2221 2207//2207 2222//2222
f 2222//2222 2207//2207 2206//2206
f 2222//2222 2206//2206 2223//2223
f 2223//2223 2206//2206 2205//2205
f 2223//2223 2205//2205 2224//2224
f 2224//2224 2205//2205 2162//2162
f 2224//2224 2162//2162 2176//2176
f 2176//2176 2162//2162 2163//2163
f 2176//2176 2163//2163 2114//2114
f 2114//2114 2163//2163 2164//2164
f 2114//2114 2164//2164 2115//2115
f 2225//2225 2217//2217 2226//2226
f 2226//2226 2217//2217 2218//2218
f 2226//2226 2218//2218 2227//2227
f 2227//2227 2218//2218 2219//2219
f 2227//2227 2219//2219 2228//2228
f 2228//2228 2219//2219 2220//2220
f 2228//2228 2220//2220 2047//2047
f 2047//2047 2220//2220 2221//2221
f 2047//2047 2221//2221 2048//2048
f 2048//2048 2221//2221 2222//2222
f 2048//2048 2222//2222 2202//2202
f 2202//2202 2222//2222 2223//2223
f 2202//2202 2223//2223 2170//2170
f 2170//2170 2223//2223 2224//2224
f 2170//2170 2224//2224 2169//2169
f 2169//2169 2224//2224 2176//2176
f 2169//2169 2176//2176 2167//2167
f 2167//2167 2176//2176 2054//2054
f 2167//2167 2054//2054 2165//2165
f 2165//2165 2054//2054 2053//2053
f 2165//2165 2053//2053 2203//2203
f 1128//1128 1127//1127 2229//2229
f 2229//2229 1127//1127 1139//1139
f 2229//2229 1139//1139 1138//1138
f 2230//2230 2231//2231 2229//2229
f 2229//2229 2231//2231 1132//1132
f 2229//2229 1132//1132 1128//1128
f 2232//2232 2233//2233 2234//2234
f 2234//2234 2233//2233 2230//2230
f 2234//2234 2230//2230 2235//2235
f 2235//2235 2230//2230 2229//2229
f 2235//2235 2229//2229 2046//2046
f 2046//2046 2229//2229 1138//1138
f 2046//2046 1138//1138 1137//1137
f 1810//1810 281//281 1811//1811
f 1811//1811 281//281 193//193
f 1811//1811 193//193 192//192
f 1809//1809 1808//1808 2233//2233
f 2233//2233 1808//1808 1134//1134
f 2233//2233 1134//1134 2230//2230
f 2230//2230 1134//1134 1133//1133
f 2230//2230 1133//1133 2231//2231
f 2231//2231 1133//1133 1818//1818
f 2231//2231 1818//1818 1132//1132
f 2236//2236 2237//2237 2238//2238
f 2236//2236 2238//2238 2239//2239
f 2239//2239 2238//2238 2240//2240
f 2239//2239 2240//2240 2241//2241
f 2242//2242 2243//2243 2244//2244
f 2241//2241 2245//2245 2239//2239
f 2239//2239 2245//2245 2246//2246
f 2239//2239 2246//2246 2236//2236
f 2236//2236 2246//2246 2247//2247
f 2236//2236 2247//2247 2237//2237
f 2237//2237 2247//2247 2043//2043
f 2248//2248 281//281 2249//2249
f 2249//2249 281//281 1810//1810
f 2249//2249 1810//1810 1809//1809
f 2043//2043 2045//2045 2237//2237
f 2237//2237 2045//2045 2250//2250
f 2237//2237 2250//2250 2238//2238
f 2238//2238 2250//2250 2251//2251
f 2238//2238 2251//2251 2240//2240
f 2240//2240 2251//2251 2252//2252
f 2240//2240 2252//2252 2241//2241
f 2241//2241 2252//2252 2253//2253
f 2241//2241 2253//2253 2254//2254
f 2255//2255 2256//2256 2257//2257
f 2257//2257 2256//2256 2258//2258
f 2257//2257 2258//2258 2259//2259
f 2259//2259 2258//2258 2260//2260
f 2259//2259 2260//2260 2261//2261
f 2261//2261 2260//2260 2262//2262
f 2261//2261 2262//2262 2263//2263
f 2263//2263 2262//2262 2264//2264
f 2263//2263 2264//2264 2265//2265
f 2265//2265 2264//2264 2266//2266
f 2265//2265 2266//2266 2267//2267
f 2267//2267 2266//2266 2268//2268
f 2267//2267 2268//2268 2269//2269
f 2269//2269 2268//2268 2270//2270
f 2254//2254 2270//2270 2271//2271
f 2271//2271 2270//2270 2268//2268
f 2271//2271 2268//2268 2272//2272
f 2272//2272 2268//2268 2266//2266
f 2272//2272 2266//2266 2273//2273
f 2273//2273 2266//2266 2264//2264
f 2273//2273 2264//2264 2274//2274
f 2274//2274 2264//2264 2262//2262
f 2274//2274 2262//2262 2275//2275
f 2275//2275 2262//2262 2260//2260
f 2275//2275 2260//2260 2276//2276
f 2276//2276 2260//2260 2258//2258
f 2276//2276 2258//2258 2277//2277
f 2277//2277 2258//2258 2256//2256
f 2277//2277 2256//2256 2278//2278
f 2279//2279 2280//2280 2281//2281
f 2281//2281 2280//2280 2282//2282
f 2281//2281 2282//2282 2283//2283
f 2284//2284 2285//2285 2286//2286
f 2287//2287 2288//2288 2242//2242
f 2242//2242 2288//2288 2289//2289
f 2242//2242 2289//2289 2243//2243
f 2243//2243 2289//2289 2290//2290
f 1809//1809 2233//2233 2249//2249
f 2249//2249 2233//2233 2232//2232
f 2249//2249 2232//2232 2248//2248
f 2248//2248 2232//2232 2291//2291
f 2248//2248 2291//2291 2292//2292
f 2292//2292 2291//2291 2293//2293
f 2292//2292 2293//2293 2294//2294
f 2294//2294 2293//2293 2295//2295
f 2294//2294 2295//2295 2296//2296
f 1136//1136 2216//2216 2046//2046
f 2046//2046 2216//2216 2297//2297
f 2046//2046 2297//2297 2235//2235
f 2235//2235 2297//2297 2298//2298
f 2235//2235 2298//2298 2234//2234
f 2234//2234 2298//2298 2299//2299
f 2234//2234 2299//2299 2232//2232
f 2232//2232 2299//2299 2244//2244
f 2232//2232 2244//2244 2291//2291
f 2291//2291 2244//2244 2243//2243
f 2291//2291 2243//2243 2293//2293
f 2293//2293 2243//2243 2290//2290
f 2293//2293 2290//2290 2295//2295
f 2286//2286 2300//2300 2301//2301
f 2301//2301 2300//2300 2302//2302
f 2301//2301 2302//2302 2303//2303
f 2286//2286 2285//2285 2300//2300
f 2300//2300 2285//2285 2304//2304
f 2300//2300 2304//2304 2302//2302
f 2302//2302 2304//2304 2305//2305
f 2302//2302 2305//2305 2306//2306
f 2307//2307 2308//2308 2309//2309
f 2309//2309 2308//2308 2310//2310
f 2309//2309 2310//2310 2311//2311
f 2311//2311 2310//2310 2306//2306
f 2306//2306 2310//2310 2302//2302
f 2302//2302 2310//2310 2308//2308
f 2302//2302 2308//2308 2303//2303
f 2303//2303 2308//2308 2307//2307
f 2303//2303 2307//2307 2312//2312
f 2313//2313 2041//2041 2314//2314
f 2314//2314 2041//2041 2040//2040
f 2314//2314 2040//2040 2315//2315
f 2042//2042 2316//2316 2040//2040
f 2040//2040 2316//2316 2317//2317
f 2040//2040 2317//2317 2315//2315
f 2315//2315 2317//2317 2318//2318
f 2279//2279 2281//2281 2287//2287
f 2287//2287 2281//2281 2283//2283
f 2287//2287 2283//2283 2288//2288
f 2288//2288 2283//2283 2319//2319
f 2288//2288 2319//2319 2289//2289
f 2289//2289 2319//2319 2313//2313
f 2289//2289 2313//2313 2290//2290
f 2290//2290 2313//2313 2314//2314
f 2290//2290 2314//2314 2295//2295
f 2295//2295 2314//2314 2315//2315
f 2295//2295 2315//2315 2296//2296
f 2296//2296 2315//2315 2318//2318
f 2296//2296 2318//2318 289//289
f 289//289 282//282 2296//2296
f 2296//2296 282//282 284//284
f 2296//2296 284//284 2294//2294
f 2294//2294 284//284 285//285
f 2294//2294 285//285 2292//2292
f 2292//2292 285//285 278//278
f 2292//2292 278//278 2248//2248
f 2248//2248 278//278 280//280
f 2248//2248 280//280 281//281
f 2044//2044 2225//2225 2045//2045
f 2045//2045 2225//2225 2226//2226
f 2045//2045 2226//2226 2250//2250
f 2250//2250 2226//2226 2227//2227
f 2250//2250 2227//2227 2251//2251
f 2251//2251 2227//2227 2228//2228
f 2251//2251 2228//2228 2252//2252
f 2252//2252 2228//2228 2047//2047
f 2252//2252 2047//2047 2253//2253
f 2253//2253 2047//2047 2049//2049
f 2253//2253 2049//2049 2254//2254
f 2254//2254 2049//2049 2204//2204
f 2254//2254 2204//2204 2270//2270
f 2270//2270 2204//2204 2203//2203
f 2270//2270 2203//2203 2269//2269
f 2269//2269 2203//2203 2053//2053
f 2269//2269 2053//2053 2267//2267
f 2267//2267 2053//2053 2184//2184
f 2267//2267 2184//2184 2265//2265
f 2265//2265 2184//2184 2185//2185
f 2265//2265 2185//2185 2263//2263
f 2263//2263 2185//2185 2186//2186
f 2263//2263 2186//2186 2261//2261
f 2261//2261 2186//2186 2187//2187
f 2261//2261 2187//2187 2259//2259
f 2259//2259 2187//2187 2188//2188
f 2259//2259 2188//2188 2257//2257
f 2257//2257 2188//2188 2189//2189
f 2257//2257 2189//2189 2255//2255
f 2255//2255 2189//2189 2190//2190
f 2127//2127 2065//2065 2128//2128
f 2128//2128 2065//2065 2067//2067
f 2128//2128 2067//2067 2182//2182
f 2182//2182 2067//2067 2183//2183
f 2182//2182 2183//2183 2190//2190
f 2190//2190 2183//2183 2038//2038
f 2190//2190 2038//2038 2320//2320
f 2320//2320 2038//2038 2037//2037
f 2320//2320 2037//2037 2321//2321
f 2028//2028 2027//2027 2322//2322
f 2322//2322 2027//2027 2323//2323
f 2322//2322 2323//2323 2153//2153
f 2155//2155 2324//2324 2039//2039
f 2039//2039 2324//2324 2325//2325
f 2039//2039 2325//2325 2037//2037
f 2037//2037 2325//2325 2326//2326
f 2037//2037 2326//2326 2321//2321
f 2321//2321 2326//2326 2327//2327
f 2321//2321 2327//2327 2328//2328
f 2328//2328 2327//2327 2329//2329
f 2330//2330 2331//2331 2332//2332
f 2330//2330 2332//2332 2333//2333
f 2333//2333 2332//2332 2334//2334
f 2333//2333 2334//2334 2278//2278
f 2335//2335 2336//2336 2337//2337
f 2337//2337 2336//2336 2338//2338
f 2033//2033 2339//2339 2340//2340
f 2340//2340 2339//2339 2341//2341
f 2340//2340 2341//2341 2342//2342
f 2342//2342 2341//2341 2343//2343
f 2342//2342 2343//2343 2344//2344
f 2344//2344 2343//2343 2345//2345
f 2346//2346 2347//2347 2345//2345
f 2345//2345 2347//2347 2348//2348
f 2345//2345 2348//2348 2349//2349
f 2349//2349 2348//2348 2350//2350
f 2349//2349 2350//2350 2351//2351
f 2351//2351 2350//2350 2352//2352
f 2351//2351 2352//2352 2353//2353
f 2347//2347 2354//2354 2348//2348
f 2348//2348 2354//2354 2355//2355
f 2348//2348 2355//2355 2350//2350
f 2350//2350 2355//2355 2356//2356
f 2350//2350 2356//2356 2352//2352
f 2282//2282 2284//2284 2283//2283
f 2283//2283 2284//2284 2286//2286
f 2283//2283 2286//2286 2319//2319
f 2319//2319 2286//2286 2301//2301
f 2319//2319 2301//2301 2313//2313
f 2313//2313 2301//2301 2303//2303
f 2313//2313 2303//2303 2041//2041
f 2041//2041 2303//2303 2312//2312
f 2041//2041 2312//2312 2042//2042
f 2042//2042 2312//2312 2357//2357
f 2311//2311 2353//2353 2309//2309
f 2309//2309 2353//2353 2352//2352
f 2309//2309 2352//2352 2307//2307
f 2307//2307 2352//2352 2356//2356
f 2307//2307 2356//2356 2312//2312
f 2312//2312 2356//2356 2355//2355
f 2312//2312 2355//2355 2357//2357
f 2357//2357 2355//2355 2354//2354
f 2357//2357 2354//2354 2358//2358
f 2358//2358 2354//2354 2347//2347
f 2358//2358 2347//2347 2359//2359
f 2359//2359 2347//2347 2346//2346
f 2359//2359 2346//2346 2360//2360
f 2360//2360 2346//2346 2361//2361
f 2360//2360 2361//2361 2362//2362
f 2363//2363 2364//2364 2365//2365
f 2365//2365 2364//2364 2366//2366
f 2365//2365 2366//2366 2367//2367
f 2367//2367 2366//2366 2368//2368
f 2367//2367 2368//2368 2369//2369
f 2370//2370 2371//2371 2372//2372
f 2372//2372 2371//2371 2373//2373
f 2372//2372 2373//2373 2374//2374
f 2374//2374 2373//2373 2375//2375
f 2374//2374 2375//2375 2376//2376
f 2376//2376 2375//2375 2338//2338
f 2376//2376 2338//2338 2331//2331
f 2331//2331 2338//2338 2336//2336
f 2331//2331 2336//2336 2332//2332
f 2332//2332 2336//2336 2335//2335
f 2332//2332 2335//2335 2334//2334
f 2031//2031 2030//2030 2377//2377
f 2361//2361 2378//2378 2362//2362
f 2362//2362 2378//2378 2379//2379
f 2362//2362 2379//2379 2380//2380
f 2369//2369 2381//2381 2382//2382
f 2382//2382 2381//2381 2383//2383
f 2345//2345 2343//2343 2346//2346
f 2346//2346 2343//2343 2341//2341
f 2346//2346 2341//2341 2361//2361
f 2361//2361 2341//2341 2339//2339
f 2361//2361 2339//2339 2378//2378
f 2378//2378 2339//2339 2033//2033
f 2378//2378 2033//2033 2379//2379
f 2379//2379 2033//2033 2035//2035
f 2379//2379 2035//2035 2380//2380
f 2380//2380 2035//2035 2036//2036
f 2380//2380 2036//2036 2384//2384
f 2385//2385 2386//2386 2387//2387
f 2387//2387 2386//2386 2388//2388
f 2387//2387 2388//2388 2389//2389
f 2389//2389 2388//2388 2390//2390
f 2389//2389 2390//2390 2391//2391
f 2391//2391 2390//2390 2392//2392
f 2391//2391 2392//2392 2393//2393
f 2393//2393 2392//2392 2394//2394
f 2393//2393 2394//2394 2395//2395
f 2395//2395 2394//2394 2396//2396
f 2395//2395 2396//2396 2397//2397
f 2398//2398 2399//2399 2400//2400
f 2400//2400 2399//2399 2401//2401
f 2400//2400 2401//2401 2402//2402
f 2402//2402 2401//2401 2403//2403
f 2402//2402 2403//2403 2404//2404
f 2404//2404 2403//2403 2405//2405
f 2404//2404 2405//2405 2406//2406
f 2406//2406 2405//2405 2407//2407
f 2406//2406 2407//2407 2408//2408
f 2408//2408 2407//2407 2409//2409
f 2399//2399 2410//2410 2401//2401
f 2401//2401 2410//2410 2411//2411
f 2401//2401 2411//2411 2403//2403
f 2403//2403 2411//2411 2412//2412
f 2403//2403 2412//2412 2405//2405
f 2405//2405 2412//2412 2413//2413
f 2405//2405 2413//2413 2407//2407
f 2407//2407 2413//2413 2414//2414
f 2407//2407 2414//2414 2409//2409
f 2415//2415 2416//2416 2417//2417
f 2417//2417 2416//2416 2418//2418
f 2417//2417 2418//2418 2419//2419
f 2397//2397 2398//2398 2395//2395
f 2395//2395 2398//2398 2400//2400
f 2395//2395 2400//2400 2393//2393
f 2393//2393 2400//2400 2402//2402
f 2393//2393 2402//2402 2391//2391
f 2391//2391 2402//2402 2404//2404
f 2391//2391 2404//2404 2389//2389
f 2389//2389 2404//2404 2406//2406
f 2389//2389 2406//2406 2387//2387
f 2387//2387 2406//2406 2408//2408
f 2387//2387 2408//2408 2385//2385
f 2385//2385 2408//2408 2409//2409
f 2385//2385 2409//2409 2420//2420
f 2420//2420 2409//2409 2414//2414
f 2420//2420 2414//2414 2421//2421
f 2369//2369 2382//2382 2367//2367
f 2367//2367 2382//2382 295//295
f 2367//2367 295//295 296//296
f 2278//2278 2256//2256 2333//2333
f 2333//2333 2256//2256 2255//2255
f 2333//2333 2255//2255 2330//2330
f 2330//2330 2255//2255 2190//2190
f 2330//2330 2190//2190 2331//2331
f 2331//2331 2190//2190 2320//2320
f 2331//2331 2320//2320 2376//2376
f 2376//2376 2320//2320 2321//2321
f 2376//2376 2321//2321 2374//2374
f 2374//2374 2321//2321 2328//2328
f 2374//2374 2328//2328 2372//2372
f 2372//2372 2328//2328 2329//2329
f 2372//2372 2329//2329 2370//2370
f 288//288 2363//2363 286//286
f 286//286 2363//2363 2365//2365
f 286//286 2365//2365 290//290
f 290//290 2365//2365 2367//2367
f 290//290 2367//2367 291//291
f 291//291 2367//2367 296//296
f 2063//2063 2422//2422 2153//2153
f 2153//2153 2422//2422 2423//2423
f 2153//2153 2423//2423 2322//2322
f 2322//2322 2423//2423 2424//2424
f 2322//2322 2424//2424 2028//2028
f 2425//2425 2426//2426 2427//2427
f 2427//2427 2426//2426 2428//2428
f 2427//2427 2428//2428 2429//2429
f 2429//2429 2428//2428 2143//2143
f 2429//2429 2143//2143 2430//2430
f 2430//2430 2143//2143 2142//2142
f 2426//2426 2431//2431 2428//2428
f 2428//2428 2431//2431 2432//2432
f 2428//2428 2432//2432 2143//2143
f 2143//2143 2432//2432 2433//2433
f 2143//2143 2433//2433 2141//2141
f 2141//2141 2433//2433 2434//2434
f 2141//2141 2434//2434 2138//2138
f 2138//2138 2434//2434 2435//2435
f 2138//2138 2435//2435 2139//2139
f 2436//2436 2437//2437 2438//2438
f 2438//2438 2437//2437 2439//2439
f 2438//2438 2439//2439 2440//2440
f 2440//2440 2439//2439 2441//2441
f 2440//2440 2441//2441 2442//2442
f 2442//2442 2441//2441 2029//2029
f 2442//2442 2029//2029 2443//2443
f 2443//2443 2029//2029 2028//2028
f 2443//2443 2028//2028 2444//2444
f 2444//2444 2028//2028 2424//2424
f 2437//2437 2445//2445 2439//2439
f 2439//2439 2445//2445 2446//2446
f 2439//2439 2446//2446 2441//2441
f 2441//2441 2446//2446 2447//2447
f 2441//2441 2447//2447 2029//2029
f 2029//2029 2447//2447 2448//2448
f 2029//2029 2448//2448 2027//2027
f 2027//2027 2448//2448 2329//2329
f 2027//2027 2329//2329 2323//2323
f 2323//2323 2329//2329 2327//2327
f 2323//2323 2327//2327 2153//2153
f 2153//2153 2327//2327 2326//2326
f 2153//2153 2326//2326 2064//2064
f 2064//2064 2326//2326 2325//2325
f 2064//2064 2325//2325 2062//2062
f 2062//2062 2325//2325 2324//2324
f 2449//2449 2450//2450 2451//2451
f 2451//2451 2450//2450 2452//2452
f 2451//2451 2452//2452 2377//2377
f 2377//2377 2452//2452 2453//2453
f 2377//2377 2453//2453 2031//2031
f 2031//2031 2453//2453 2454//2454
f 2031//2031 2454//2454 2032//2032
f 2455//2455 2396//2396 2384//2384
f 2384//2384 2396//2396 2394//2394
f 2384//2384 2394//2394 2380//2380
f 2380//2380 2394//2394 2392//2392
f 2380//2380 2392//2392 2362//2362
f 2362//2362 2392//2392 2390//2390
f 2362//2362 2390//2390 2360//2360
f 2360//2360 2390//2390 2388//2388
f 2360//2360 2388//2388 2359//2359
f 2359//2359 2388//2388 2386//2386
f 2359//2359 2386//2386 2358//2358
f 2358//2358 2386//2386 2385//2385
f 2358//2358 2385//2385 2357//2357
f 2357//2357 2385//2385 2420//2420
f 2357//2357 2420//2420 2042//2042
f 2042//2042 2420//2420 2421//2421
f 2042//2042 2421//2421 2316//2316
f 2017//2017 2456//2456 2457//2457
f 2457//2457 2456//2456 2458//2458
f 2457//2457 2458//2458 2459//2459
f 2459//2459 2458//2458 2460//2460
f 2459//2459 2460//2460 2461//2461
f 2462//2462 2463//2463 2464//2464
f 2464//2464 2463//2463 2465//2465
f 2464//2464 2465//2465 2466//2466
f 2467//2467 2468//2468 2469//2469
f 2021//2021 2020//2020 2470//2470
f 2466//2466 2026//2026 2464//2464
f 2464//2464 2026//2026 2024//2024
f 2464//2464 2024//2024 2462//2462
f 2462//2462 2024//2024 2023//2023
f 2462//2462 2023//2023 2471//2471
f 2472//2472 2473//2473 2474//2474
f 2474//2474 2473//2473 2475//2475
f 2474//2474 2475//2475 2476//2476
f 2477//2477 2476//2476 2478//2478
f 2478//2478 2476//2476 2475//2475
f 2478//2478 2475//2475 2479//2479
f 2479//2479 2475//2475 2473//2473
f 2479//2479 2473//2473 2480//2480
f 2019//2019 2018//2018 2481//2481
f 2482//2482 2483//2483 2484//2484
f 2484//2484 2483//2483 2485//2485
f 2484//2484 2485//2485 2486//2486
f 298//298 2017//2017 300//300
f 300//300 2017//2017 2457//2457
f 300//300 2457//2457 301//301
f 301//301 2457//2457 2459//2459
f 301//301 2459//2459 303//303
f 303//303 2459//2459 2461//2461
f 303//303 2461//2461 304//304
f 2487//2487 2488//2488 2489//2489
f 2489//2489 2488//2488 2490//2490
f 2489//2489 2490//2490 2491//2491
f 2491//2491 2490//2490 2492//2492
f 2491//2491 2492//2492 2493//2493
f 2493//2493 2492//2492 2494//2494
f 2495//2495 2496//2496 2497//2497
f 2497//2497 2496//2496 2498//2498
f 2497//2497 2498//2498 2499//2499
f 2499//2499 2498//2498 2494//2494
f 2499//2499 2494//2494 2449//2449
f 2449//2449 2494//2494 2492//2492
f 2449//2449 2492//2492 2450//2450
f 2450//2450 2492//2492 2490//2490
f 2450//2450 2490//2490 2452//2452
f 2452//2452 2490//2490 2488//2488
f 2452//2452 2488//2488 2453//2453
f 2453//2453 2488//2488 2487//2487
f 2453//2453 2487//2487 2454//2454
f 2500//2500 2501//2501 2502//2502
f 2502//2502 2501//2501 2503//2503
f 2502//2502 2503//2503 2504//2504
f 2504//2504 2503//2503 2505//2505
f 2504//2504 2505//2505 2506//2506
f 2506//2506 2505//2505 2507//2507
f 2506//2506 2507//2507 2508//2508
f 2508//2508 2507//2507 2509//2509
f 2508//2508 2509//2509 2455//2455
f 2455//2455 2509//2509 2510//2510
f 2455//2455 2510//2510 2396//2396
f 2396//2396 2510//2510 2511//2511
f 2396//2396 2511//2511 2397//2397
f 2397//2397 2511//2511 2512//2512
f 2397//2397 2512//2512 2398//2398
f 2398//2398 2512//2512 2513//2513
f 2398//2398 2513//2513 2399//2399
f 2399//2399 2513//2513 2514//2514
f 2399//2399 2514//2514 2410//2410
f 2410//2410 2514//2514 2515//2515
f 2410//2410 2515//2515 2411//2411
f 2411//2411 2515//2515 2383//2383
f 2411//2411 2383//2383 2412//2412
f 2412//2412 2383//2383 2381//2381
f 2412//2412 2381//2381 2413//2413
f 2413//2413 2381//2381 2369//2369
f 2413//2413 2369//2369 2414//2414
f 2414//2414 2369//2369 2368//2368
f 2414//2414 2368//2368 2421//2421
f 2421//2421 2368//2368 2366//2366
f 2421//2421 2366//2366 2316//2316
f 2316//2316 2366//2366 2364//2364
f 2316//2316 2364//2364 2317//2317
f 2317//2317 2364//2364 2363//2363
f 2317//2317 2363//2363 2318//2318
f 2318//2318 2363//2363 288//288
f 2318//2318 288//288 289//289
f 2516//2516 2517//2517 2518//2518
f 2519//2519 2520//2520 2521//2521
f 2521//2521 2520//2520 2522//2522
f 2521//2521 2522//2522 2523//2523
f 2523//2523 2522//2522 2524//2524
f 2523//2523 2524//2524 2525//2525
f 2525//2525 2524//2524 2468//2468
f 2525//2525 2468//2468 2526//2526
f 2526//2526 2468//2468 2467//2467
f 2526//2526 2467//2467 2527//2527
f 2527//2527 2467//2467 2419//2419
f 2527//2527 2419//2419 2528//2528
f 2528//2528 2419//2419 2418//2418
f 2478//2478 2469//2469 2477//2477
f 2477//2477 2469//2469 2468//2468
f 2477//2477 2468//2468 2476//2476
f 2476//2476 2468//2468 2524//2524
f 2476//2476 2524//2524 2474//2474
f 2474//2474 2524//2524 2522//2522
f 2474//2474 2522//2522 2472//2472
f 2472//2472 2522//2522 2520//2520
f 2529//2529 2530//2530 2531//2531
f 2531//2531 2530//2530 2532//2532
f 2531//2531 2532//2532 2518//2518
f 2533//2533 2534//2534 2535//2535
f 2535//2535 2534//2534 2536//2536
f 2535//2535 2536//2536 2537//2537
f 2538//2538 2539//2539 2540//2540
f 2540//2540 2539//2539 310//310
f 2540//2540 310//310 312//312
f 2541//2541 2542//2542 2543//2543
f 2543//2543 2542//2542 2544//2544
f 2543//2543 2544//2544 2545//2545
f 2545//2545 2544//2544 2546//2546
f 2545//2545 2546//2546 2547//2547
f 2547//2547 2546//2546 2548//2548
f 2547//2547 2548//2548 2549//2549
f 2549//2549 2548//2548 2482//2482
f 2549//2549 2482//2482 2470//2470
f 2470//2470 2482//2482 2484//2484
f 2470//2470 2484//2484 2021//2021
f 2021//2021 2484//2484 2486//2486
f 2021//2021 2486//2486 2022//2022
f 2528//2528 2463//2463 2527//2527
f 2527//2527 2463//2463 2462//2462
f 2527//2527 2462//2462 2526//2526
f 2526//2526 2462//2462 2471//2471
f 2526//2526 2471//2471 2525//2525
f 2525//2525 2471//2471 2517//2517
f 2525//2525 2517//2517 2523//2523
f 2523//2523 2517//2517 2516//2516
f 2523//2523 2516//2516 2521//2521
f 2521//2521 2516//2516 2550//2550
f 2521//2521 2550//2550 2519//2519
f 2519//2519 2550//2550 2551//2551
f 2552//2552 2553//2553 2554//2554
f 2554//2554 2553//2553 2555//2555
f 2556//2556 2557//2557 2558//2558
f 2558//2558 2557//2557 2559//2559
f 2558//2558 2559//2559 2560//2560
f 2561//2561 2562//2562 2563//2563
f 2563//2563 2562//2562 2564//2564
f 2563//2563 2564//2564 2565//2565
f 2565//2565 2564//2564 2566//2566
f 2565//2565 2566//2566 2551//2551
f 2551//2551 2566//2566 2567//2567
f 2551//2551 2567//2567 2519//2519
f 2519//2519 2567//2567 2568//2568
f 2519//2519 2568//2568 2520//2520
f 2520//2520 2568//2568 2569//2569
f 2520//2520 2569//2569 2472//2472
f 2472//2472 2569//2569 2481//2481
f 2472//2472 2481//2481 2473//2473
f 2473//2473 2481//2481 2018//2018
f 2473//2473 2018//2018 2480//2480
f 2552//2552 320//320 2553//2553
f 2553//2553 320//320 321//321
f 2553//2553 321//321 2555//2555
f 2555//2555 321//321 314//314
f 2570//2570 2571//2571 2572//2572
f 2572//2572 2571//2571 316//316
f 2572//2572 316//316 317//317
f 2020//2020 2573//2573 2470//2470
f 2470//2470 2573//2573 2574//2574
f 2470//2470 2574//2574 2549//2549
f 2549//2549 2574//2574 2575//2575
f 2549//2549 2575//2575 2547//2547
f 2547//2547 2575//2575 2576//2576
f 2547//2547 2576//2576 2545//2545
f 2545//2545 2576//2576 2577//2577
f 2545//2545 2577//2577 2543//2543
f 2543//2543 2577//2577 2578//2578
f 2543//2543 2578//2578 2541//2541
f 2541//2541 2578//2578 2579//2579
f 313//313 309//309 2018//2018
f 2018//2018 309//309 308//308
f 2018//2018 308//308 2480//2480
f 2480//2480 308//308 306//306
f 2480//2480 306//306 2479//2479
f 2479//2479 306//306 305//305
f 2479//2479 305//305 2478//2478
f 2445//2445 2495//2495 2446//2446
f 2446//2446 2495//2495 2497//2497
f 2446//2446 2497//2497 2447//2447
f 2447//2447 2497//2497 2499//2499
f 2447//2447 2499//2499 2448//2448
f 2448//2448 2499//2499 2449//2449
f 2448//2448 2449//2449 2329//2329
f 2329//2329 2449//2449 2451//2451
f 2329//2329 2451//2451 2370//2370
f 2370//2370 2451//2451 2377//2377
f 2370//2370 2377//2377 2371//2371
f 2371//2371 2377//2377 2030//2030
f 305//305 304//304 2478//2478
f 2478//2478 304//304 2461//2461
f 2478//2478 2461//2461 2469//2469
f 2469//2469 2461//2461 2460//2460
f 2469//2469 2460//2460 2467//2467
f 2467//2467 2460//2460 2458//2458
f 2467//2467 2458//2458 2419//2419
f 2419//2419 2458//2458 2456//2456
f 2419//2419 2456//2456 2417//2417
f 2417//2417 2456//2456 2017//2017
f 2417//2417 2017//2017 2415//2415
f 2415//2415 2017//2017 297//297
f 2415//2415 297//297 293//293
f 2580//2580 2581//2581 2582//2582
f 2583//2583 2584//2584 2585//2585
f 2583//2583 2585//2585 2580//2580
f 2580//2580 2585//2585 2586//2586
f 2580//2580 2586//2586 2581//2581
f 2587//2587 2588//2588 2589//2589
f 2590//2590 2591//2591 2592//2592
f 2593//2593 2594//2594 2016//2016
f 2593//2593 2595//2595 2594//2594
f 2594//2594 2595//2595 2596//2596
f 2594//2594 2596//2596 2592//2592
f 2592//2592 2596//2596 2597//2597
f 2592//2592 2597//2597 2590//2590
f 2590//2590 2598//2598 2591//2591
f 2591//2591 2598//2598 2599//2599
f 2591//2591 2599//2599 2589//2589
f 2589//2589 2599//2599 2600//2600
f 2589//2589 2600//2600 2587//2587
f 2013//2013 2601//2601 2014//2014
f 2014//2014 2601//2601 2602//2602
f 2014//2014 2602//2602 2603//2603
f 2603//2603 2602//2602 2604//2604
f 2603//2603 2604//2604 2605//2605
f 2605//2605 2604//2604 2606//2606
f 2605//2605 2606//2606 2588//2588
f 2588//2588 2606//2606 2607//2607
f 2588//2588 2607//2607 2589//2589
f 2589//2589 2607//2607 2608//2608
f 2589//2589 2608//2608 2591//2591
f 2591//2591 2608//2608 2609//2609
f 2591//2591 2609//2609 2592//2592
f 2592//2592 2609//2609 2610//2610
f 2592//2592 2610//2610 2594//2594
f 2594//2594 2610//2610 2611//2611
f 2594//2594 2611//2611 2016//2016
f 2016//2016 2611//2611 2015//2015
f 2016//2016 2015//2015 518//518
f 518//518 2015//2015 519//519
f 2008//2008 2582//2582 2009//2009
f 2009//2009 2582//2582 2581//2581
f 2009//2009 2581//2581 2612//2612
f 2612//2612 2581//2581 2586//2586
f 2612//2612 2586//2586 2613//2613
f 2613//2613 2586//2586 2585//2585
f 2613//2613 2585//2585 2614//2614
f 2614//2614 2585//2585 2584//2584
f 2614//2614 2584//2584 2615//2615
f 2587//2587 2616//2616 2588//2588
f 2588//2588 2616//2616 2617//2617
f 2588//2588 2617//2617 2605//2605
f 2605//2605 2617//2617 2618//2618
f 2605//2605 2618//2618 2603//2603
f 2603//2603 2618//2618 2619//2619
f 2603//2603 2619//2619 2014//2014
f 2014//2014 2619//2619 2620//2620
f 2014//2014 2620//2620 2012//2012
f 2012//2012 2620//2620 2621//2621
f 2622//2622 2623//2623 2624//2624
f 2624//2624 2623//2623 2625//2625
f 2624//2624 2625//2625 2626//2626
f 2617//2617 2627//2627 2618//2618
f 2618//2618 2627//2627 2628//2628
f 2618//2618 2628//2628 2619//2619
f 2619//2619 2628//2628 2629//2629
f 2619//2619 2629//2629 2620//2620
f 2620//2620 2629//2629 2630//2630
f 2620//2620 2630//2630 2621//2621
f 2593//2593 2631//2631 2595//2595
f 2595//2595 2631//2631 2632//2632
f 2595//2595 2632//2632 2596//2596
f 2596//2596 2632//2632 2633//2633
f 2596//2596 2633//2633 2597//2597
f 2597//2597 2633//2633 2634//2634
f 2597//2597 2634//2634 2590//2590
f 2590//2590 2634//2634 2635//2635
f 2590//2590 2635//2635 2598//2598
f 2598//2598 2635//2635 2636//2636
f 2598//2598 2636//2636 2599//2599
f 2599//2599 2636//2636 2637//2637
f 2599//2599 2637//2637 2600//2600
f 2600//2600 2637//2637 2638//2638
f 2600//2600 2638//2638 2587//2587
f 2587//2587 2638//2638 2639//2639
f 2587//2587 2639//2639 2616//2616
f 2616//2616 2639//2639 2640//2640
f 2616//2616 2640//2640 2617//2617
f 2617//2617 2640//2640 2641//2641
f 2617//2617 2641//2641 2627//2627
f 2627//2627 2641//2641 2642//2642
f 2627//2627 2642//2642 2628//2628
f 2628//2628 2642//2642 2643//2643
f 2628//2628 2643//2643 2629//2629
f 2629//2629 2643//2643 2644//2644
f 2629//2629 2644//2644 2630//2630
f 2645//2645 2621//2621 2646//2646
f 2646//2646 2621//2621 2630//2630
f 2646//2646 2630//2630 2647//2647
f 2647//2647 2630//2630 2644//2644
f 2647//2647 2644//2644 2648//2648
f 2648//2648 2644//2644 2643//2643
f 2648//2648 2643//2643 2649//2649
f 2649//2649 2643//2643 2642//2642
f 2649//2649 2642//2642 2650//2650
f 2650//2650 2642//2642 2641//2641
f 2650//2650 2641//2641 2651//2651
f 2651//2651 2641//2641 2640//2640
f 2651//2651 2640//2640 2652//2652
f 2652//2652 2640//2640 2639//2639
f 2652//2652 2639//2639 2653//2653
f 2653//2653 2639//2639 2638//2638
f 2653//2653 2638//2638 2654//2654
f 2654//2654 2638//2638 2637//2637
f 2654//2654 2637//2637 2655//2655
f 2655//2655 2637//2637 2636//2636
f 2655//2655 2636//2636 2656//2656
f 2656//2656 2636//2636 2635//2635
f 2656//2656 2635//2635 2657//2657
f 2657//2657 2635//2635 2634//2634
f 2657//2657 2634//2634 2658//2658
f 2658//2658 2634//2634 2633//2633
f 2658//2658 2633//2633 2659//2659
f 2659//2659 2633//2633 2632//2632
f 2659//2659 2632//2632 2660//2660
f 2660//2660 2632//2632 2631//2631
f 2660//2660 2631//2631 2661//2661
f 534//534 2661//2661 530//530
f 530//530 2661//2661 2662//2662
f 530//530 2662//2662 2011//2011
f 2011//2011 2662//2662 2663//2663
f 2011//2011 2663//2663 2664//2664
f 528//528 2011//2011 523//523
f 523//523 2011//2011 2664//2664
f 523//523 2664//2664 524//524
f 2661//2661 2631//2631 2662//2662
f 2662//2662 2631//2631 2593//2593
f 2662//2662 2593//2593 2663//2663
f 2663//2663 2593//2593 2016//2016
f 2663//2663 2016//2016 2664//2664
f 2664//2664 2016//2016 526//526
f 2664//2664 526//526 524//524
f 2665//2665 2666//2666 2667//2667
f 2667//2667 2666//2666 2668//2668
f 2667//2667 2668//2668 2669//2669
f 2669//2669 2668//2668 2670//2670
f 2669//2669 2670//2670 2671//2671
f 2671//2671 2670//2670 2672//2672
f 2671//2671 2672//2672 2673//2673
f 2673//2673 2672//2672 2674//2674
f 2673//2673 2674//2674 2675//2675
f 2675//2675 2674//2674 2533//2533
f 2675//2675 2533//2533 2529//2529
f 2529//2529 2533//2533 2535//2535
f 2529//2529 2535//2535 2530//2530
f 2530//2530 2535//2535 2537//2537
f 2530//2530 2537//2537 2532//2532
f 2676//2676 2677//2677 2678//2678
f 2678//2678 2677//2677 2679//2679
f 2678//2678 2679//2679 2680//2680
f 2680//2680 2679//2679 2681//2681
f 2680//2680 2681//2681 2682//2682
f 2682//2682 2681//2681 2683//2683
f 2682//2682 2683//2683 2684//2684
f 2684//2684 2683//2683 2685//2685
f 2684//2684 2685//2685 2686//2686
f 2686//2686 2685//2685 2561//2561
f 2686//2686 2561//2561 2556//2556
f 2556//2556 2561//2561 2563//2563
f 2556//2556 2563//2563 2557//2557
f 2557//2557 2563//2563 2565//2565
f 2557//2557 2565//2565 2559//2559
f 2559//2559 2565//2565 2551//2551
f 2559//2559 2551//2551 2560//2560
f 2560//2560 2551//2551 2550//2550
f 2687//2687 2688//2688 2689//2689
f 2689//2689 2688//2688 2690//2690
f 2689//2689 2690//2690 2691//2691
f 2691//2691 2690//2690 2692//2692
f 2693//2693 2694//2694 2695//2695
f 2695//2695 2694//2694 2696//2696
f 2697//2697 2698//2698 2699//2699
f 2699//2699 2698//2698 2700//2700
f 2699//2699 2700//2700 2701//2701
f 2701//2701 2700//2700 2702//2702
f 2703//2703 2704//2704 2705//2705
f 2705//2705 2704//2704 2706//2706
f 2705//2705 2706//2706 2707//2707
f 2707//2707 2706//2706 2708//2708
f 2005//2005 2007//2007 2709//2709
f 2001//2001 2000//2000 2710//2710
f 2710//2710 2000//2000 2711//2711
f 2710//2710 2711//2711 2709//2709
f 2712//2712 2713//2713 2714//2714
f 2714//2714 2713//2713 2715//2715
f 2714//2714 2715//2715 2716//2716
f 2716//2716 2715//2715 2717//2717
f 2010//2010 2718//2718 2719//2719
f 2719//2719 2718//2718 2720//2720
f 2719//2719 2720//2720 2676//2676
f 2676//2676 2720//2720 2721//2721
f 2676//2676 2721//2721 2677//2677
f 2677//2677 2721//2721 2722//2722
f 2677//2677 2722//2722 2679//2679
f 2679//2679 2722//2722 2723//2723
f 2679//2679 2723//2723 2681//2681
f 2681//2681 2723//2723 2724//2724
f 2681//2681 2724//2724 2683//2683
f 2683//2683 2724//2724 2725//2725
f 2683//2683 2725//2725 2685//2685
f 2685//2685 2725//2725 2692//2692
f 2685//2685 2692//2692 2561//2561
f 2561//2561 2692//2692 2690//2690
f 2561//2561 2690//2690 2562//2562
f 2562//2562 2690//2690 2688//2688
f 2562//2562 2688//2688 2564//2564
f 2564//2564 2688//2688 2687//2687
f 2564//2564 2687//2687 2566//2566
f 2566//2566 2687//2687 2726//2726
f 2566//2566 2726//2726 2567//2567
f 2567//2567 2726//2726 2727//2727
f 2567//2567 2727//2727 2568//2568
f 2568//2568 2727//2727 2728//2728
f 2568//2568 2728//2728 2569//2569
f 2569//2569 2728//2728 2538//2538
f 2569//2569 2538//2538 2481//2481
f 2481//2481 2538//2538 2540//2540
f 2481//2481 2540//2540 2019//2019
f 2019//2019 2540//2540 312//312
f 2019//2019 312//312 313//313
f 2003//2003 2002//2002 2729//2729
f 2729//2729 2002//2002 2730//2730
f 2729//2729 2730//2730 2731//2731
f 2731//2731 2730//2730 2732//2732
f 2731//2731 2732//2732 2733//2733
f 2733//2733 2732//2732 2708//2708
f 2733//2733 2708//2708 2702//2702
f 2702//2702 2708//2708 2706//2706
f 2702//2702 2706//2706 2701//2701
f 2701//2701 2706//2706 2704//2704
f 2701//2701 2704//2704 2699//2699
f 2699//2699 2704//2704 2703//2703
f 2699//2699 2703//2703 2697//2697
f 2697//2697 2703//2703 2734//2734
f 2697//2697 2734//2734 2735//2735
f 2735//2735 2734//2734 2736//2736
f 2735//2735 2736//2736 2737//2737
f 2737//2737 2736//2736 2738//2738
f 2737//2737 2738//2738 2739//2739
f 2739//2739 2738//2738 2554//2554
f 2739//2739 2554//2554 2570//2570
f 2570//2570 2554//2554 2555//2555
f 2570//2570 2555//2555 2571//2571
f 2571//2571 2555//2555 314//314
f 2571//2571 314//314 316//316
f 2740//2740 2741//2741 2742//2742
f 2742//2742 2741//2741 2743//2743
f 2742//2742 2743//2743 2744//2744
f 2745//2745 2746//2746 2747//2747
f 2747//2747 2746//2746 2748//2748
f 2717//2717 2748//2748 2716//2716
f 2716//2716 2748//2748 2746//2746
f 2716//2716 2746//2746 2714//2714
f 2714//2714 2746//2746 2745//2745
f 2714//2714 2745//2745 2712//2712
f 2712//2712 2745//2745 2749//2749
f 2712//2712 2749//2749 2750//2750
f 2750//2750 2749//2749 2751//2751
f 2750//2750 2751//2751 2752//2752
f 2752//2752 2751//2751 2753//2753
f 2752//2752 2753//2753 2754//2754
f 2754//2754 2753//2753 2695//2695
f 2754//2754 2695//2695 2755//2755
f 2755//2755 2695//2695 2696//2696
f 2755//2755 2696//2696 2756//2756
f 1995//1995 2757//2757 1996//1996
f 1996//1996 2757//2757 2001//2001
f 1996//1996 2001//2001 1998//1998
f 1998//1998 2001//2001 2710//2710
f 2747//2747 2758//2758 2745//2745
f 2745//2745 2758//2758 2759//2759
f 2745//2745 2759//2759 2749//2749
f 2749//2749 2759//2759 2760//2760
f 2749//2749 2760//2760 2751//2751
f 2751//2751 2760//2760 2761//2761
f 2751//2751 2761//2761 2753//2753
f 2753//2753 2761//2761 2007//2007
f 2753//2753 2007//2007 2695//2695
f 2695//2695 2007//2007 2006//2006
f 2695//2695 2006//2006 2693//2693
f 2762//2762 2763//2763 2764//2764
f 2764//2764 2763//2763 2765//2765
f 2766//2766 2765//2765 2744//2744
f 2744//2744 2765//2765 2763//2763
f 2744//2744 2763//2763 2742//2742
f 2742//2742 2763//2763 2762//2762
f 2742//2742 2762//2762 2740//2740
f 2717//2717 2767//2767 2743//2743
f 2743//2743 2767//2767 2768//2768
f 2743//2743 2768//2768 2744//2744
f 2744//2744 2768//2768 2769//2769
f 2744//2744 2769//2769 2766//2766
f 2770//2770 2771//2771 2772//2772
f 2772//2772 2771//2771 2773//2773
f 2772//2772 2773//2773 2774//2774
f 2775//2775 2776//2776 2777//2777
f 2777//2777 2776//2776 2778//2778
f 2709//2709 2007//2007 2710//2710
f 2710//2710 2007//2007 2761//2761
f 2710//2710 2761//2761 1998//1998
f 1998//1998 2761//2761 2760//2760
f 1998//1998 2760//2760 1997//1997
f 1997//1997 2760//2760 2759//2759
f 1997//1997 2759//2759 2779//2779
f 2779//2779 2759//2759 2758//2758
f 2779//2779 2758//2758 2780//2780
f 2781//2781 2782//2782 2783//2783
f 2783//2783 2782//2782 1991//1991
f 2783//2783 1991//1991 1994//1994
f 1994//1994 1991//1991 1990//1990
f 1994//1994 1990//1990 1992//1992
f 1999//1999 2001//2001 2784//2784
f 2784//2784 2001//2001 2757//2757
f 2784//2784 2757//2757 2785//2785
f 2785//2785 2757//2757 1995//1995
f 2785//2785 1995//1995 1993//1993
f 1993//1993 1995//1995 1997//1997
f 1993//1993 1997//1997 1994//1994
f 1994//1994 1997//1997 2779//2779
f 1994//1994 2779//2779 2783//2783
f 2783//2783 2779//2779 2780//2780
f 2783//2783 2780//2780 2781//2781
f 1989//1989 2786//2786 1990//1990
f 1990//1990 2786//2786 2787//2787
f 1990//1990 2787//2787 1992//1992
f 1992//1992 2787//2787 2788//2788
f 1992//1992 2788//2788 1993//1993
f 1993//1993 2788//2788 2789//2789
f 1993//1993 2789//2789 2785//2785
f 2785//2785 2789//2789 2790//2790
f 2785//2785 2790//2790 2784//2784
f 2780//2780 2775//2775 2781//2781
f 2781//2781 2775//2775 2777//2777
f 2781//2781 2777//2777 2791//2791
f 2791//2791 2777//2777 2778//2778
f 2784//2784 334//334 1999//1999
f 1999//1999 334//334 333//333
f 1999//1999 333//333 2000//2000
f 2000//2000 333//333 332//332
f 2000//2000 332//332 2711//2711
f 2711//2711 332//332 330//330
f 2711//2711 330//330 2709//2709
f 2709//2709 330//330 329//329
f 2709//2709 329//329 2005//2005
f 2005//2005 329//329 327//327
f 2005//2005 327//327 2006//2006
f 2006//2006 327//327 326//326
f 2006//2006 326//326 2693//2693
f 2693//2693 326//326 322//322
f 2693//2693 322//322 2694//2694
f 2694//2694 322//322 324//324
f 2694//2694 324//324 2696//2696
f 2696//2696 324//324 325//325
f 2696//2696 325//325 2756//2756
f 2756//2756 325//325 318//318
f 2613//2613 2622//2622 2612//2612
f 2612//2612 2622//2622 2624//2624
f 2612//2612 2624//2624 2009//2009
f 2009//2009 2624//2624 2626//2626
f 2009//2009 2626//2626 2010//2010
f 2010//2010 2626//2626 2792//2792
f 2010//2010 2792//2792 2718//2718
f 2718//2718 2792//2792 2793//2793
f 2718//2718 2793//2793 2720//2720
f 2720//2720 2793//2793 2794//2794
f 2720//2720 2794//2794 2721//2721
f 1985//1985 1984//1984 2795//2795
f 2795//2795 1984//1984 2796//2796
f 2795//2795 2796//2796 2797//2797
f 2797//2797 2796//2796 2798//2798
f 2797//2797 2798//2798 2799//2799
f 2799//2799 2798//2798 2800//2800
f 2799//2799 2800//2800 2801//2801
f 2801//2801 2800//2800 2802//2802
f 2801//2801 2802//2802 2803//2803
f 2803//2803 2802//2802 2804//2804
f 2803//2803 2804//2804 2805//2805
f 2805//2805 2804//2804 2806//2806
f 2805//2805 2806//2806 2807//2807
f 2808//2808 1980//1980 2809//2809
f 2810//2810 2811//2811 2812//2812
f 2812//2812 2811//2811 2813//2813
f 2812//2812 2813//2813 2814//2814
f 2814//2814 2813//2813 2815//2815
f 2816//2816 1978//1978 2817//2817
f 2817//2817 1978//1978 1977//1977
f 2817//2817 1977//1977 1981//1981
f 2818//2818 2807//2807 2819//2819
f 2819//2819 2807//2807 2806//2806
f 2819//2819 2806//2806 2820//2820
f 2820//2820 2806//2806 2804//2804
f 2820//2820 2804//2804 2821//2821
f 2821//2821 2804//2804 2802//2802
f 2821//2821 2802//2802 2822//2822
f 2822//2822 2802//2802 2800//2800
f 2822//2822 2800//2800 2823//2823
f 2823//2823 2800//2800 2798//2798
f 2823//2823 2798//2798 2824//2824
f 2824//2824 2798//2798 2796//2796
f 2824//2824 2796//2796 2825//2825
f 2825//2825 2796//2796 1984//1984
f 2825//2825 1984//1984 2826//2826
f 2826//2826 1984//1984 1983//1983
f 2826//2826 1983//1983 2827//2827
f 1985//1985 2810//2810 1983//1983
f 1983//1983 2810//2810 2812//2812
f 1983//1983 2812//2812 2827//2827
f 2827//2827 2812//2812 2814//2814
f 2827//2827 2814//2814 2828//2828
f 1980//1980 1982//1982 2809//2809
f 2809//2809 1982//1982 2829//2829
f 2809//2809 2829//2829 2830//2830
f 1966//1966 2831//2831 1967//1967
f 1967//1967 2831//2831 2832//2832
f 1967//1967 2832//2832 2833//2833
f 2833//2833 2832//2832 2834//2834
f 2833//2833 2834//2834 2835//2835
f 2836//2836 2837//2837 2838//2838
f 2839//2839 2837//2837 1979//1979
f 1979//1979 2837//2837 2836//2836
f 1979//1979 2836//2836 1977//1977
f 1981//1981 1977//1977 1982//1982
f 1982//1982 1977//1977 2836//2836
f 1982//1982 2836//2836 2829//2829
f 2829//2829 2836//2836 2838//2838
f 2829//2829 2838//2838 2830//2830
f 2813//2813 2808//2808 2815//2815
f 2815//2815 2808//2808 2809//2809
f 2815//2815 2809//2809 2840//2840
f 2840//2840 2809//2809 2830//2830
f 2840//2840 2830//2830 2841//2841
f 2841//2841 2830//2830 2838//2838
f 2841//2841 2838//2838 2842//2842
f 2842//2842 2838//2838 2837//2837
f 2842//2842 2837//2837 2843//2843
f 2843//2843 2837//2837 2839//2839
f 2828//2828 2844//2844 2827//2827
f 2827//2827 2844//2844 2845//2845
f 2827//2827 2845//2845 2826//2826
f 2826//2826 2845//2845 2846//2846
f 2826//2826 2846//2846 2825//2825
f 2825//2825 2846//2846 2847//2847
f 2825//2825 2847//2847 2824//2824
f 2824//2824 2847//2847 2848//2848
f 2824//2824 2848//2848 2823//2823
f 2823//2823 2848//2848 2849//2849
f 2823//2823 2849//2849 2822//2822
f 2822//2822 2849//2849 2850//2850
f 2822//2822 2850//2850 2821//2821
f 2821//2821 2850//2850 2851//2851
f 2821//2821 2851//2851 2820//2820
f 2820//2820 2851//2851 2852//2852
f 2853//2853 2854//2854 546//546
f 546//546 2854//2854 547//547
f 2855//2855 2794//2794 2856//2856
f 2856//2856 2794//2794 2793//2793
f 2856//2856 2793//2793 2857//2857
f 2857//2857 2793//2793 2792//2792
f 2857//2857 2792//2792 2858//2858
f 2858//2858 2792//2792 2626//2626
f 2858//2858 2626//2626 2859//2859
f 2859//2859 2626//2626 2625//2625
f 2859//2859 2625//2625 2860//2860
f 2860//2860 2625//2625 2623//2623
f 2860//2860 2623//2623 2861//2861
f 2861//2861 2623//2623 2622//2622
f 2861//2861 2622//2622 2862//2862
f 2862//2862 2622//2622 2613//2613
f 2862//2862 2613//2613 2863//2863
f 2863//2863 2613//2613 2614//2614
f 2863//2863 2614//2614 2864//2864
f 2864//2864 2614//2614 2615//2615
f 2864//2864 2615//2615 2865//2865
f 1976//1976 2866//2866 2867//2867
f 2867//2867 2866//2866 2868//2868
f 2867//2867 2868//2868 2004//2004
f 1976//1976 1975//1975 2866//2866
f 2866//2866 1975//1975 2869//2869
f 2866//2866 2869//2869 2868//2868
f 2870//2870 2871//2871 2872//2872
f 2872//2872 2871//2871 2873//2873
f 2872//2872 2873//2873 2874//2874
f 2874//2874 2873//2873 2875//2875
f 2876//2876 2877//2877 2878//2878
f 2878//2878 2877//2877 2879//2879
f 2878//2878 2879//2879 2880//2880
f 2880//2880 2879//2879 2881//2881
f 2880//2880 2881//2881 1973//1973
f 2882//2882 1987//1987 2883//2883
f 2883//2883 1987//1987 1986//1986
f 2883//2883 1986//1986 2884//2884
f 2857//2857 2870//2870 2856//2856
f 2856//2856 2870//2870 2872//2872
f 2856//2856 2872//2872 2855//2855
f 2855//2855 2872//2872 2874//2874
f 2855//2855 2874//2874 2885//2885
f 2885//2885 2874//2874 2875//2875
f 2875//2875 1974//1974 2885//2885
f 2885//2885 1974//1974 1976//1976
f 2885//2885 1976//1976 2855//2855
f 2855//2855 1976//1976 2867//2867
f 2855//2855 2867//2867 2794//2794
f 2794//2794 2867//2867 2004//2004
f 2794//2794 2004//2004 2721//2721
f 2721//2721 2004//2004 2003//2003
f 2721//2721 2003//2003 2722//2722
f 2722//2722 2003//2003 2729//2729
f 2722//2722 2729//2729 2723//2723
f 2723//2723 2729//2729 2731//2731
f 2723//2723 2731//2731 2724//2724
f 2724//2724 2731//2731 2733//2733
f 2724//2724 2733//2733 2725//2725
f 2725//2725 2733//2733 2702//2702
f 2725//2725 2702//2702 2692//2692
f 2692//2692 2702//2702 2700//2700
f 2692//2692 2700//2700 2691//2691
f 2691//2691 2700//2700 2698//2698
f 2691//2691 2698//2698 2689//2689
f 2689//2689 2698//2698 2697//2697
f 2689//2689 2697//2697 2687//2687
f 2687//2687 2697//2697 2735//2735
f 2687//2687 2735//2735 2726//2726
f 2726//2726 2735//2735 2737//2737
f 2726//2726 2737//2737 2727//2727
f 2727//2727 2737//2737 2739//2739
f 2727//2727 2739//2739 2728//2728
f 2728//2728 2739//2739 2570//2570
f 2728//2728 2570//2570 2538//2538
f 2538//2538 2570//2570 2572//2572
f 2538//2538 2572//2572 2539//2539
f 2539//2539 2572//2572 317//317
f 2539//2539 317//317 310//310
f 2886//2886 2887//2887 2888//2888
f 2888//2888 2887//2887 2889//2889
f 2771//2771 2890//2890 2773//2773
f 2773//2773 2890//2890 2891//2891
f 2773//2773 2891//2891 2774//2774
f 2774//2774 2891//2891 2892//2892
f 2774//2774 2892//2892 2889//2889
f 2889//2889 2892//2892 2893//2893
f 2889//2889 2893//2893 2888//2888
f 2767//2767 2770//2770 2768//2768
f 2768//2768 2770//2770 2772//2772
f 2768//2768 2772//2772 2769//2769
f 2769//2769 2772//2772 2774//2774
f 2769//2769 2774//2774 2766//2766
f 2766//2766 2774//2774 2889//2889
f 2766//2766 2889//2889 2894//2894
f 2894//2894 2889//2889 2887//2887
f 2894//2894 2887//2887 2895//2895
f 2895//2895 2887//2887 2886//2886
f 2895//2895 2886//2886 2896//2896
f 2717//2717 2743//2743 2748//2748
f 2748//2748 2743//2743 2741//2741
f 2748//2748 2741//2741 2747//2747
f 2747//2747 2741//2741 2740//2740
f 2747//2747 2740//2740 2758//2758
f 2758//2758 2740//2740 2762//2762
f 2758//2758 2762//2762 2780//2780
f 2780//2780 2762//2762 2764//2764
f 2780//2780 2764//2764 2775//2775
f 2775//2775 2764//2764 2765//2765
f 2775//2775 2765//2765 2776//2776
f 2776//2776 2765//2765 2766//2766
f 2776//2776 2766//2766 2778//2778
f 2778//2778 2766//2766 2894//2894
f 2778//2778 2894//2894 2791//2791
f 2791//2791 2894//2894 2895//2895
f 2791//2791 2895//2895 2781//2781
f 2781//2781 2895//2895 2896//2896
f 2781//2781 2896//2896 2782//2782
f 2897//2897 2898//2898 2899//2899
f 2899//2899 2898//2898 2900//2900
f 2899//2899 2900//2900 2901//2901
f 2901//2901 2900//2900 2902//2902
f 2903//2903 2904//2904 2905//2905
f 2905//2905 2904//2904 2906//2906
f 2905//2905 2906//2906 2907//2907
f 2907//2907 2906//2906 2908//2908
f 2907//2907 2908//2908 2909//2909
f 2909//2909 2908//2908 2910//2910
f 2909//2909 2910//2910 2911//2911
f 2911//2911 2910//2910 2912//2912
f 2911//2911 2912//2912 2913//2913
f 2913//2913 2912//2912 2914//2914
f 2913//2913 2914//2914 2915//2915
f 1973//1973 1972//1972 2880//2880
f 2880//2880 1972//1972 2916//2916
f 2880//2880 2916//2916 2878//2878
f 2878//2878 2916//2916 2917//2917
f 2878//2878 2917//2917 2876//2876
f 2876//2876 2917//2917 2915//2915
f 2876//2876 2915//2915 2892//2892
f 2892//2892 2915//2915 2914//2914
f 2892//2892 2914//2914 2893//2893
f 2893//2893 2914//2914 2912//2912
f 2893//2893 2912//2912 2888//2888
f 2888//2888 2912//2912 2910//2910
f 2888//2888 2910//2910 2886//2886
f 2886//2886 2910//2910 2908//2908
f 2886//2886 2908//2908 2896//2896
f 2896//2896 2908//2908 2906//2906
f 2896//2896 2906//2906 2782//2782
f 2782//2782 2906//2906 2904//2904
f 2782//2782 2904//2904 1991//1991
f 1991//1991 2904//2904 2903//2903
f 1991//1991 2903//2903 1989//1989
f 1989//1989 2903//2903 2918//2918
f 1989//1989 2918//2918 2786//2786
f 2919//2919 2920//2920 2921//2921
f 2921//2921 2920//2920 2922//2922
f 2921//2921 2922//2922 2923//2923
f 2924//2924 2923//2923 2925//2925
f 2925//2925 2923//2923 2922//2922
f 2925//2925 2922//2922 2926//2926
f 2926//2926 2922//2922 2920//2920
f 2926//2926 2920//2920 2927//2927
f 2927//2927 2920//2920 2919//2919
f 2927//2927 2919//2919 2928//2928
f 2928//2928 2919//2919 349//349
f 2929//2929 2930//2930 2931//2931
f 2931//2931 2930//2930 2932//2932
f 2931//2931 2932//2932 2933//2933
f 2933//2933 2932//2932 2934//2934
f 2933//2933 2934//2934 2935//2935
f 2935//2935 2934//2934 2936//2936
f 2935//2935 2936//2936 2937//2937
f 2937//2937 2936//2936 2938//2938
f 2937//2937 2938//2938 2939//2939
f 349//349 347//347 2928//2928
f 2928//2928 347//347 346//346
f 2928//2928 346//346 2897//2897
f 2897//2897 346//346 344//344
f 2897//2897 344//344 343//343
f 2940//2940 2941//2941 2942//2942
f 2942//2942 2941//2941 2943//2943
f 2942//2942 2943//2943 2944//2944
f 2944//2944 2943//2943 2884//2884
f 2944//2944 2884//2884 2945//2945
f 2945//2945 2884//2884 1986//1986
f 2945//2945 1986//1986 2946//2946
f 2946//2946 1986//1986 1988//1988
f 2946//2946 1988//1988 2947//2947
f 2897//2897 2899//2899 2928//2928
f 2928//2928 2899//2899 2901//2901
f 2928//2928 2901//2901 2927//2927
f 2927//2927 2901//2901 2902//2902
f 2927//2927 2902//2902 2926//2926
f 2926//2926 2902//2902 2948//2948
f 2926//2926 2948//2948 2925//2925
f 2925//2925 2948//2948 2949//2949
f 2925//2925 2949//2949 2924//2924
f 2924//2924 2949//2949 2950//2950
f 2924//2924 2950//2950 2951//2951
f 2951//2951 2950//2950 2952//2952
f 2951//2951 2952//2952 2953//2953
f 2953//2953 2952//2952 2954//2954
f 2953//2953 2954//2954 2955//2955
f 2955//2955 2954//2954 2956//2956
f 2955//2955 2956//2956 2957//2957
f 2957//2957 2956//2956 1970//1970
f 2957//2957 1970//1970 2958//2958
f 2958//2958 1970//1970 1969//1969
f 2958//2958 1969//1969 2959//2959
f 2882//2882 2883//2883 2960//2960
f 2960//2960 2883//2883 2884//2884
f 2960//2960 2884//2884 2961//2961
f 2961//2961 2884//2884 2943//2943
f 2961//2961 2943//2943 2962//2962
f 2962//2962 2943//2943 2941//2941
f 2962//2962 2941//2941 2963//2963
f 2963//2963 2941//2941 2940//2940
f 2963//2963 2940//2940 2964//2964
f 2964//2964 2940//2940 2965//2965
f 2964//2964 2965//2965 2966//2966
f 2844//2844 2967//2967 2845//2845
f 2845//2845 2967//2967 2968//2968
f 2845//2845 2968//2968 2846//2846
f 2846//2846 2968//2968 2969//2969
f 2846//2846 2969//2969 2847//2847
f 2847//2847 2969//2969 2970//2970
f 2847//2847 2970//2970 2848//2848
f 2848//2848 2970//2970 2971//2971
f 2848//2848 2971//2971 2849//2849
f 2849//2849 2971//2971 2972//2972
f 2849//2849 2972//2972 2850//2850
f 2850//2850 2972//2972 2973//2973
f 2850//2850 2973//2973 2851//2851
f 2851//2851 2973//2973 2974//2974
f 2851//2851 2974//2974 2852//2852
f 1968//1968 1967//1967 2975//2975
f 2975//2975 1967//1967 2833//2833
f 2975//2975 2833//2833 2976//2976
f 2976//2976 2833//2833 2835//2835
f 2976//2976 2835//2835 2977//2977
f 2828//2828 2978//2978 2844//2844
f 2844//2844 2978//2978 2979//2979
f 2844//2844 2979//2979 2967//2967
f 2967//2967 2979//2979 2980//2980
f 2967//2967 2980//2980 2968//2968
f 2968//2968 2980//2980 2981//2981
f 2968//2968 2981//2981 2969//2969
f 2969//2969 2981//2981 2982//2982
f 2969//2969 2982//2982 2970//2970
f 2970//2970 2982//2982 2983//2983
f 2970//2970 2983//2983 2971//2971
f 2971//2971 2983//2983 2984//2984
f 2971//2971 2984//2984 2972//2972
f 2972//2972 2984//2984 2985//2985
f 2972//2972 2985//2985 2973//2973
f 2986//2986 2987//2987 2988//2988
f 2987//2987 2986//2986 2989//2989
f 2990//2990 2988//2988 2991//2991
f 2991//2991 2988//2988 2987//2987
f 2991//2991 2987//2987 2992//2992
f 2992//2992 2987//2987 2989//2989
f 2993//2993 2994//2994 2995//2995
f 2995//2995 2994//2994 2996//2996
f 2995//2995 2996//2996 2977//2977
f 2977//2977 2996//2996 2997//2997
f 2977//2977 2997//2997 2976//2976
f 2976//2976 2997//2997 2998//2998
f 2976//2976 2998//2998 2975//2975
f 2975//2975 2998//2998 2999//2999
f 2975//2975 2999//2999 1968//1968
f 2994//2994 3000//3000 2996//2996
f 2996//2996 3000//3000 3001//3001
f 2996//2996 3001//3001 2997//2997
f 2997//2997 3001//3001 3002//3002
f 2997//2997 3002//3002 2998//2998
f 2998//2998 3002//3002 2989//2989
f 2998//2998 2989//2989 2999//2999
f 2999//2999 2989//2989 2986//2986
f 2999//2999 2986//2986 1968//1968
f 1968//1968 2986//2986 3003//3003
f 1968//1968 3003//3003 1966//1966
f 556//556 558//558 3004//3004
f 2839//2839 2993//2993 2843//2843
f 2843//2843 2993//2993 2995//2995
f 2843//2843 2995//2995 2842//2842
f 2842//2842 2995//2995 2977//2977
f 2842//2842 2977//2977 2841//2841
f 2841//2841 2977//2977 2835//2835
f 2841//2841 2835//2835 2840//2840
f 2840//2840 2835//2835 2834//2834
f 2840//2840 2834//2834 2815//2815
f 2815//2815 2834//2834 2832//2832
f 2815//2815 2832//2832 2814//2814
f 2814//2814 2832//2832 2831//2831
f 2814//2814 2831//2831 2828//2828
f 2828//2828 2831//2831 1966//1966
f 2828//2828 1966//1966 2978//2978
f 2978//2978 1966//1966 3003//3003
f 2978//2978 3003//3003 2979//2979
f 2979//2979 3003//3003 2986//2986
f 2979//2979 2986//2986 2980//2980
f 2980//2980 2986//2986 2988//2988
f 2980//2980 2988//2988 2981//2981
f 2981//2981 2988//2988 2990//2990
f 2981//2981 2990//2990 2982//2982
f 2982//2982 2990//2990 3005//3005
f 2982//2982 3005//3005 2983//2983
f 2983//2983 3005//3005 3006//3006
f 2983//2983 3006//3006 2984//2984
f 2984//2984 3006//3006 3007//3007
f 2984//2984 3007//3007 2985//2985
f 1963//1963 1965//1965 3008//3008
f 1961//1961 3009//3009 3010//3010
f 3010//3010 3009//3009 3011//3011
f 1962//1962 2966//2966 3007//3007
f 3007//3007 2966//2966 2965//2965
f 3007//3007 2965//2965 2985//2985
f 2985//2985 2965//2965 2940//2940
f 2985//2985 2940//2940 2973//2973
f 2973//2973 2940//2940 2942//2942
f 2973//2973 2942//2942 2974//2974
f 2974//2974 2942//2942 2944//2944
f 2974//2974 2944//2944 2852//2852
f 2852//2852 2944//2944 2945//2945
f 2852//2852 2945//2945 2820//2820
f 2820//2820 2945//2945 2946//2946
f 2820//2820 2946//2946 2819//2819
f 2819//2819 2946//2946 2947//2947
f 2819//2819 2947//2947 2818//2818
f 2959//2959 3011//3011 1964//1964
f 1964//1964 3011//3011 3009//3009
f 1964//1964 3009//3009 1965//1965
f 1965//1965 3009//3009 1961//1961
f 1965//1965 1961//1961 3012//3012
f 3012//3012 1961//1961 1959//1959
f 2938//2938 3008//3008 2939//2939
f 2939//2939 3008//3008 1965//1965
f 2939//2939 1965//1965 2937//2937
f 2937//2937 1965//1965 3012//3012
f 2937//2937 3012//3012 2935//2935
f 2935//2935 3012//3012 1959//1959
f 2935//2935 1959//1959 2933//2933
f 2933//2933 1959//1959 1958//1958
f 2933//2933 1958//1958 2931//2931
f 3013//3013 1954//1954 3014//3014
f 3014//3014 1954//1954 1956//1956
f 3014//3014 1956//1956 3015//3015
f 3015//3015 1956//1956 1955//1955
f 3015//3015 1955//1955 3016//3016
f 3010//3010 3017//3017 1961//1961
f 1961//1961 3017//3017 3016//3016
f 1961//1961 3016//3016 1960//1960
f 1960//1960 3016//3016 1955//1955
f 1960//1960 1955//1955 1958//1958
f 1958//1958 1955//1955 1957//1957
f 1958//1958 1957//1957 2931//2931
f 2931//2931 1957//1957 1954//1954
f 2931//2931 1954//1954 2929//2929
f 2929//2929 1954//1954 352//352
f 2929//2929 352//352 350//350
f 1952//1952 3018//3018 1953//1953
f 1953//1953 3018//3018 3019//3019
f 1953//1953 3019//3019 3020//3020
f 3020//3020 3019//3019 3021//3021
f 3022//3022 3023//3023 3024//3024
f 560//560 562//562 3025//3025
f 3025//3025 562//562 3026//3026
f 3025//3025 3026//3026 3027//3027
f 3027//3027 3026//3026 3028//3028
f 3027//3027 3028//3028 3029//3029
f 3029//3029 3028//3028 3030//3030
f 3029//3029 3030//3030 3031//3031
f 3031//3031 3030//3030 3024//3024
f 3031//3031 3024//3024 3032//3032
f 3032//3032 3024//3024 3023//3023
f 3032//3032 3023//3023 3033//3033
f 3022//3022 3034//3034 3035//3035
f 3035//3035 3034//3034 3036//3036
f 3035//3035 3036//3036 3037//3037
f 3037//3037 3036//3036 3038//3038
f 3037//3037 3038//3038 1950//1950
f 1950//1950 3038//3038 3039//3039
f 1950//1950 3039//3039 566//566
f 562//562 564//564 3026//3026
f 3026//3026 564//564 569//569
f 3026//3026 569//569 568//568
f 3022//3022 3024//3024 3034//3034
f 3034//3034 3024//3024 3030//3030
f 3034//3034 3030//3030 3036//3036
f 3036//3036 3030//3030 3028//3028
f 3036//3036 3028//3028 3038//3038
f 3038//3038 3028//3028 3026//3026
f 3038//3038 3026//3026 3039//3039
f 3039//3039 3026//3026 568//568
f 3039//3039 568//568 566//566
f 3040//3040 3041//3041 1949//1949
f 1949//1949 3041//3041 3042//3042
f 1949//1949 3042//3042 1947//1947
f 355//355 357//357 3043//3043
f 3043//3043 357//357 3013//3013
f 578//578 579//579 3044//3044
f 3044//3044 579//579 580//580
f 3044//3044 580//580 503//503
f 503//503 502//502 3044//3044
f 3044//3044 502//502 1946//1946
f 3044//3044 1946//1946 3045//3045
f 3045//3045 1946//1946 3046//3046
f 3045//3045 3046//3046 3047//3047
f 3047//3047 3046//3046 3048//3048
f 3047//3047 3048//3048 3049//3049
f 577//577 576//576 3050//3050
f 3050//3050 576//576 575//575
f 575//575 3051//3051 3050//3050
f 3050//3050 3051//3051 3052//3052
f 3050//3050 3052//3052 3041//3041
f 3041//3041 3052//3052 3053//3053
f 3041//3041 3053//3053 3042//3042
f 3042//3042 3053//3053 3054//3054
f 3042//3042 3054//3054 1947//1947
f 632//632 631//631 1946//1946
f 1946//1946 631//631 577//577
f 1946//1946 577//577 3046//3046
f 3046//3046 577//577 3050//3050
f 3046//3046 3050//3050 3048//3048
f 3048//3048 3050//3050 3041//3041
f 3048//3048 3041//3041 3049//3049
f 3049//3049 3041//3041 3040//3040
f 355//355 3043//3043 359//359
f 359//359 3043//3043 3055//3055
f 359//359 3055//3055 360//360
f 565//565 578//578 1950//1950
f 1950//1950 578//578 3044//3044
f 1950//1950 3044//3044 3037//3037
f 3037//3037 3044//3044 3045//3045
f 3037//3037 3045//3045 3035//3035
f 3035//3035 3045//3045 3047//3047
f 3035//3035 3047//3047 3022//3022
f 3022//3022 3047//3047 3049//3049
f 3022//3022 3049//3049 3023//3023
f 3023//3023 3049//3049 3040//3040
f 3023//3023 3040//3040 3033//3033
f 3033//3033 3040//3040 1949//1949
f 3013//3013 357//357 1954//1954
f 1954//1954 357//357 358//358
f 1954//1954 358//358 353//353
f 558//558 560//560 3004//3004
f 3004//3004 560//560 3025//3025
f 3004//3004 3025//3025 3056//3056
f 3056//3056 3025//3025 3027//3027
f 3056//3056 3027//3027 3057//3057
f 3057//3057 3027//3027 3029//3029
f 3057//3057 3029//3029 3058//3058
f 3058//3058 3029//3029 3031//3031
f 3058//3058 3031//3031 3059//3059
f 3059//3059 3031//3031 3032//3032
f 3059//3059 3032//3032 3021//3021
f 3021//3021 3032//3032 3033//3033
f 3021//3021 3033//3033 3020//3020
f 3020//3020 3033//3033 1949//1949
f 3020//3020 1949//1949 1953//1953
f 1953//1953 1949//1949 1948//1948
f 1953//1953 1948//1948 1951//1951
f 2959//2959 1964//1964 2958//2958
f 2958//2958 1964//1964 1963//1963
f 2958//2958 1963//1963 2957//2957
f 2957//2957 1963//1963 3008//3008
f 2957//2957 3008//3008 2955//2955
f 2955//2955 3008//3008 2938//2938
f 2955//2955 2938//2938 2953//2953
f 2953//2953 2938//2938 2936//2936
f 2953//2953 2936//2936 2951//2951
f 2951//2951 2936//2936 2934//2934
f 2951//2951 2934//2934 2924//2924
f 2924//2924 2934//2934 2932//2932
f 2924//2924 2932//2932 2923//2923
f 2923//2923 2932//2932 2930//2930
f 2923//2923 2930//2930 2921//2921
f 2921//2921 2930//2930 2929//2929
f 2921//2921 2929//2929 2919//2919
f 2919//2919 2929//2929 350//350
f 2919//2919 350//350 349//349
f 546//546 514//514 2853//2853
f 2853//2853 514//514 512//512
f 2853//2853 512//512 3060//3060
f 3060//3060 512//512 507//507
f 3060//3060 507//507 3061//3061
f 3061//3061 507//507 506//506
f 1971//1971 1970//1970 1972//1972
f 1972//1972 1970//1970 2956//2956
f 1972//1972 2956//2956 2916//2916
f 2916//2916 2956//2956 2954//2954
f 2916//2916 2954//2954 2917//2917
f 2917//2917 2954//2954 2952//2952
f 2917//2917 2952//2952 2915//2915
f 2915//2915 2952//2952 2950//2950
f 2915//2915 2950//2950 2913//2913
f 2913//2913 2950//2950 2949//2949
f 2913//2913 2949//2949 2911//2911
f 2911//2911 2949//2949 2948//2948
f 2911//2911 2948//2948 2909//2909
f 2909//2909 2948//2948 2902//2902
f 2909//2909 2902//2902 2907//2907
f 2907//2907 2902//2902 2900//2900
f 2907//2907 2900//2900 2905//2905
f 2905//2905 2900//2900 2898//2898
f 2905//2905 2898//2898 2903//2903
f 2903//2903 2898//2898 2897//2897
f 2903//2903 2897//2897 2918//2918
f 2918//2918 2897//2897 343//343
f 2918//2918 343//343 2786//2786
f 2786//2786 343//343 339//339
f 2786//2786 339//339 2787//2787
f 2787//2787 339//339 341//341
f 2787//2787 341//341 2788//2788
f 2788//2788 341//341 342//342
f 2788//2788 342//342 2789//2789
f 2789//2789 342//342 338//338
f 2789//2789 338//338 2790//2790
f 2790//2790 338//338 337//337
f 2790//2790 337//337 2784//2784
f 2784//2784 337//337 335//335
f 2784//2784 335//335 334//334
f 2818//2818 2645//2645 2807//2807
f 2807//2807 2645//2645 2646//2646
f 2807//2807 2646//2646 2805//2805
f 2805//2805 2646//2646 2647//2647
f 2805//2805 2647//2647 2803//2803
f 2803//2803 2647//2647 2648//2648
f 2803//2803 2648//2648 2801//2801
f 2801//2801 2648//2648 2649//2649
f 2801//2801 2649//2649 2799//2799
f 2799//2799 2649//2649 2650//2650
f 2799//2799 2650//2650 2797//2797
f 2797//2797 2650//2650 2651//2651
f 2797//2797 2651//2651 2795//2795
f 2795//2795 2651//2651 2652//2652
f 2795//2795 2652//2652 1985//1985
f 1985//1985 2652//2652 2653//2653
f 1985//1985 2653//2653 2810//2810
f 2810//2810 2653//2653 2654//2654
f 2810//2810 2654//2654 2811//2811
f 2811//2811 2654//2654 2655//2655
f 2811//2811 2655//2655 2813//2813
f 2813//2813 2655//2655 2656//2656
f 2813//2813 2656//2656 2808//2808
f 2808//2808 2656//2656 2657//2657
f 2808//2808 2657//2657 1980//1980
f 1980//1980 2657//2657 2658//2658
f 1980//1980 2658//2658 1981//1981
f 1981//1981 2658//2658 2659//2659
f 1981//1981 2659//2659 2817//2817
f 2817//2817 2659//2659 2660//2660
f 2817//2817 2660//2660 2816//2816
f 2816//2816 2660//2660 2661//2661
f 2816//2816 2661//2661 533//533
f 533//533 2661//2661 534//534
f 1962//1962 3007//3007 1952//1952
f 1952//1952 3007//3007 3006//3006
f 1952//1952 3006//3006 3018//3018
f 3018//3018 3006//3006 3005//3005
f 3018//3018 3005//3005 3019//3019
f 3019//3019 3005//3005 2990//2990
f 3019//3019 2990//2990 3021//3021
f 3021//3021 2990//2990 2991//2991
f 3021//3021 2991//2991 3059//3059
f 3059//3059 2991//2991 2992//2992
f 3059//3059 2992//2992 3058//3058
f 3058//3058 2992//2992 2989//2989
f 3058//3058 2989//2989 3057//3057
f 3057//3057 2989//2989 3002//3002
f 3057//3057 3002//3002 3056//3056
f 3056//3056 3002//3002 3001//3001
f 3056//3056 3001//3001 3004//3004
f 3004//3004 3001//3001 3000//3000
f 3004//3004 3000//3000 556//556
f 556//556 3000//3000 2994//2994
f 556//556 2994//2994 557//557
f 557//557 2994//2994 2993//2993
f 557//557 2993//2993 506//506
f 506//506 2993//2993 2839//2839
f 506//506 2839//2839 3061//3061
f 3061//3061 2839//2839 1979//1979
f 3061//3061 1979//1979 3060//3060
f 3060//3060 1979//1979 1978//1978
f 3060//3060 1978//1978 2853//2853
f 2853//2853 1978//1978 2816//2816
f 2853//2853 2816//2816 2854//2854
f 2854//2854 2816//2816 533//533
f 2854//2854 533//533 547//547
f 3062//3062 83//83 82//82
f 3063//3063 1833//1833 3062//3062
f 3062//3062 1833//1833 83//83
f 185//185 184//184 3064//3064
f 1945//1945 187//187 3065//3065
f 3065//3065 187//187 186//186
f 3065//3065 186//186 3064//3064
f 3064//3064 186//186 185//185
f 3066//3066 3063//3063 3067//3067
f 1940//1940 1939//1939 3068//3068
f 1831//1831 1942//1942 1832//1832
f 1832//1832 1942//1942 1944//1944
f 1832//1832 1944//1944 3069//3069
f 3069//3069 1944//1944 3070//3070
f 3069//3069 3070//3070 3071//3071
f 3071//3071 3070//3070 3072//3072
f 3071//3071 3072//3072 3073//3073
f 1943//1943 3074//3074 1944//1944
f 1944//1944 3074//3074 1937//1937
f 1944//1944 1937//1937 3070//3070
f 3070//3070 1937//1937 1936//1936
f 3070//3070 1936//1936 3072//3072
f 82//82 188//188 3062//3062
f 3062//3062 188//188 1945//1945
f 3062//3062 1945//1945 3063//3063
f 3063//3063 1945//1945 3065//3065
f 3063//3063 3065//3065 3067//3067
f 3067//3067 3065//3065 3064//3064
f 3067//3067 3064//3064 3075//3075
f 3075//3075 3064//3064 184//184
f 3075//3075 184//184 183//183
f 3076//3076 3077//3077 3078//3078
f 3078//3078 3077//3077 3079//3079
f 3078//3078 3079//3079 3080//3080
f 183//183 181//181 3081//3081
f 181//181 180//180 3081//3081
f 3081//3081 180//180 1935//1935
f 3081//3081 1935//1935 3082//3082
f 176//176 178//178 3083//3083
f 3083//3083 178//178 3084//3084
f 3083//3083 3084//3084 3085//3085
f 178//178 179//179 3084//3084
f 3084//3084 179//179 175//175
f 3084//3084 175//175 174//174
f 174//174 1926//1926 3084//3084
f 3084//3084 1926//1926 1928//1928
f 3084//3084 1928//1928 3085//3085
f 3085//3085 1928//1928 3086//3086
f 3085//3085 3086//3086 3087//3087
f 3087//3087 3086//3086 3088//3088
f 3087//3087 3088//3088 3089//3089
f 3089//3089 3088//3088 3090//3090
f 3089//3089 3090//3090 3091//3091
f 3091//3091 3090//3090 3092//3092
f 3091//3091 3092//3092 3093//3093
f 3094//3094 3095//3095 3096//3096
f 3096//3096 3095//3095 3097//3097
f 3096//3096 3097//3097 3098//3098
f 3099//3099 3073//3073 3100//3100
f 3100//3100 3073//3073 3072//3072
f 3100//3100 3072//3072 3101//3101
f 3101//3101 3072//3072 1936//1936
f 3101//3101 1936//1936 3102//3102
f 3102//3102 1936//1936 1938//1938
f 3102//3102 1938//1938 3094//3094
f 3094//3094 1938//1938 3103//3103
f 3094//3094 3103//3103 3095//3095
f 3095//3095 3103//3103 3104//3104
f 3095//3095 3104//3104 3097//3097
f 3097//3097 3104//3104 3105//3105
f 3097//3097 3105//3105 3098//3098
f 3098//3098 3105//3105 3106//3106
f 1927//1927 3107//3107 1928//1928
f 1928//1928 3107//3107 3108//3108
f 1928//1928 3108//3108 3086//3086
f 3086//3086 3108//3108 3109//3109
f 3086//3086 3109//3109 3088//3088
f 3088//3088 3109//3109 3110//3110
f 3088//3088 3110//3110 3090//3090
f 3090//3090 3110//3110 3068//3068
f 3090//3090 3068//3068 3092//3092
f 3092//3092 3068//3068 1939//1939
f 172//172 171//171 1927//1927
f 1927//1927 171//171 3111//3111
f 1927//1927 3111//3111 3107//3107
f 3107//3107 3111//3111 3112//3112
f 3107//3107 3112//3112 3108//3108
f 3108//3108 3112//3112 3113//3113
f 3108//3108 3113//3113 3109//3109
f 3109//3109 3113//3113 3114//3114
f 3109//3109 3114//3114 3110//3110
f 3110//3110 3114//3114 3076//3076
f 3110//3110 3076//3076 3068//3068
f 3068//3068 3076//3076 3078//3078
f 3068//3068 3078//3078 1940//1940
f 1940//1940 3078//3078 3080//3080
f 1940//1940 3080//3080 1941//1941
f 3115//3115 3116//3116 3117//3117
f 3117//3117 3116//3116 3118//3118
f 3117//3117 3118//3118 3119//3119
f 3119//3119 3118//3118 3120//3120
f 1924//1924 1923//1923 3121//3121
f 3121//3121 1923//1923 3122//3122
f 3121//3121 3122//3122 3123//3123
f 3123//3123 3122//3122 3124//3124
f 3123//3123 3124//3124 3125//3125
f 3125//3125 3124//3124 3126//3126
f 3125//3125 3126//3126 3127//3127
f 3127//3127 3126//3126 3128//3128
f 3127//3127 3128//3128 3129//3129
f 3130//3130 3131//3131 3132//3132
f 3130//3130 3132//3132 3133//3133
f 3115//3115 3134//3134 3116//3116
f 3116//3116 3134//3134 1925//1925
f 3116//3116 1925//1925 3118//3118
f 3118//3118 1925//1925 1924//1924
f 3118//3118 1924//1924 3120//3120
f 3134//3134 3135//3135 1925//1925
f 1925//1925 3135//3135 3136//3136
f 1925//1925 3136//3136 1923//1923
f 1923//1923 3136//3136 3137//3137
f 1923//1923 3137//3137 3122//3122
f 3122//3122 3137//3137 3138//3138
f 3122//3122 3138//3138 3124//3124
f 3124//3124 3138//3138 3139//3139
f 3124//3124 3139//3139 3126//3126
f 3126//3126 3139//3139 3140//3140
f 3126//3126 3140//3140 3128//3128
f 3141//3141 3142//3142 3143//3143
f 3144//3144 3145//3145 164//164
f 171//171 170//170 3111//3111
f 3111//3111 170//170 169//169
f 3111//3111 169//169 3146//3146
f 3146//3146 169//169 168//168
f 3146//3146 168//168 3147//3147
f 3147//3147 168//168 166//166
f 3147//3147 166//166 3145//3145
f 3145//3145 166//166 165//165
f 3145//3145 165//165 164//164
f 3132//3132 3148//3148 3133//3133
f 3133//3133 3148//3148 3149//3149
f 3133//3133 3149//3149 3150//3150
f 3151//3151 3152//3152 3153//3153
f 3153//3153 3152//3152 3154//3154
f 3153//3153 3154//3154 3155//3155
f 3155//3155 3154//3154 3156//3156
f 3157//3157 3129//3129 1933//1933
f 1933//1933 3129//3129 3128//3128
f 1933//1933 3128//3128 1934//1934
f 1934//1934 3128//3128 3140//3140
f 1934//1934 3140//3140 3158//3158
f 3158//3158 3140//3140 3139//3139
f 3158//3158 3139//3139 3159//3159
f 3159//3159 3139//3139 3138//3138
f 3159//3159 3138//3138 3160//3160
f 3160//3160 3138//3138 3137//3137
f 3160//3160 3137//3137 3161//3161
f 3161//3161 3137//3137 3136//3136
f 3161//3161 3136//3136 3162//3162
f 3162//3162 3136//3136 3135//3135
f 3162//3162 3135//3135 3163//3163
f 1918//1918 1917//1917 3164//3164
f 3164//3164 1917//1917 1921//1921
f 3164//3164 1921//1921 3165//3165
f 1931//1931 1930//1930 3166//3166
f 3166//3166 1930//1930 3167//3167
f 3166//3166 3167//3167 3168//3168
f 3168//3168 3167//3167 1915//1915
f 3168//3168 1915//1915 3169//3169
f 3169//3169 1915//1915 1914//1914
f 3169//3169 1914//1914 2436//2436
f 1916//1916 1915//1915 3170//3170
f 3170//3170 1915//1915 3167//3167
f 3170//3170 3167//3167 3171//3171
f 3171//3171 3167//3167 1930//1930
f 3171//3171 1930//1930 3172//3172
f 3172//3172 1930//1930 1929//1929
f 3172//3172 1929//1929 3173//3173
f 1922//1922 1917//1917 3173//3173
f 3173//3173 1917//1917 1919//1919
f 3173//3173 1919//1919 3172//3172
f 3172//3172 1919//1919 3174//3174
f 3172//3172 3174//3174 3171//3171
f 3171//3171 3174//3174 1913//1913
f 3171//3171 1913//1913 3170//3170
f 3170//3170 1913//1913 1912//1912
f 3170//3170 1912//1912 1916//1916
f 3175//3175 3176//3176 3177//3177
f 3176//3176 3175//3175 3178//3178
f 3178//3178 3175//3175 3179//3179
f 3178//3178 3179//3179 3180//3180
f 3180//3180 3179//3179 3181//3181
f 3180//3180 3181//3181 3182//3182
f 3182//3182 3181//3181 3183//3183
f 3182//3182 3183//3183 3184//3184
f 3184//3184 3183//3183 3185//3185
f 3184//3184 3185//3185 3186//3186
f 3186//3186 3185//3185 3187//3187
f 3186//3186 3187//3187 3188//3188
f 3188//3188 3187//3187 3189//3189
f 3188//3188 3189//3189 3190//3190
f 3190//3190 3189//3189 2579//2579
f 3190//3190 2579//2579 2500//2500
f 2500//2500 2579//2579 2578//2578
f 2500//2500 2578//2578 2501//2501
f 2501//2501 2578//2578 2577//2577
f 2501//2501 2577//2577 2503//2503
f 2503//2503 2577//2577 2576//2576
f 2503//2503 2576//2576 2505//2505
f 2505//2505 2576//2576 2575//2575
f 2505//2505 2575//2575 2507//2507
f 2507//2507 2575//2575 2574//2574
f 2507//2507 2574//2574 2509//2509
f 2509//2509 2574//2574 2573//2573
f 2509//2509 2573//2573 2510//2510
f 1911//1911 3177//3177 1912//1912
f 1912//1912 3177//3177 3176//3176
f 1912//1912 3176//3176 1916//1916
f 1916//1916 3176//3176 3178//3178
f 1916//1916 3178//3178 1914//1914
f 1914//1914 3178//3178 3180//3180
f 1914//1914 3180//3180 2436//2436
f 2436//2436 3180//3180 3182//3182
f 2436//2436 3182//3182 2437//2437
f 2437//2437 3182//3182 3184//3184
f 2437//2437 3184//3184 2445//2445
f 2445//2445 3184//3184 3186//3186
f 2445//2445 3186//3186 2495//2495
f 2495//2495 3186//3186 3188//3188
f 2495//2495 3188//3188 2496//2496
f 2496//2496 3188//3188 3190//3190
f 2496//2496 3190//3190 2498//2498
f 2498//2498 3190//3190 2500//2500
f 2498//2498 2500//2500 2494//2494
f 2494//2494 2500//2500 2502//2502
f 2494//2494 2502//2502 2493//2493
f 2493//2493 2502//2502 2504//2504
f 2493//2493 2504//2504 2491//2491
f 2491//2491 2504//2504 2506//2506
f 2491//2491 2506//2506 2489//2489
f 2489//2489 2506//2506 2508//2508
f 2489//2489 2508//2508 2487//2487
f 2487//2487 2508//2508 2455//2455
f 2487//2487 2455//2455 2454//2454
f 2454//2454 2455//2455 2384//2384
f 2454//2454 2384//2384 2032//2032
f 2032//2032 2384//2384 2036//2036
f 2032//2032 2036//2036 2030//2030
f 2030//2030 2036//2036 2034//2034
f 2030//2030 2034//2034 2371//2371
f 2371//2371 2034//2034 2033//2033
f 2371//2371 2033//2033 2373//2373
f 2373//2373 2033//2033 2340//2340
f 2373//2373 2340//2340 2375//2375
f 2375//2375 2340//2340 2342//2342
f 2375//2375 2342//2342 2338//2338
f 2338//2338 2342//2342 2344//2344
f 2338//2338 2344//2344 2337//2337
f 2337//2337 2344//2344 2345//2345
f 2337//2337 2345//2345 2335//2335
f 2335//2335 2345//2345 2349//2349
f 2335//2335 2349//2349 2334//2334
f 2334//2334 2349//2349 2351//2351
f 2334//2334 2351//2351 2278//2278
f 2278//2278 2351//2351 2353//2353
f 2278//2278 2353//2353 2277//2277
f 2277//2277 2353//2353 2311//2311
f 2277//2277 2311//2311 2276//2276
f 2276//2276 2311//2311 2306//2306
f 2276//2276 2306//2306 2275//2275
f 2275//2275 2306//2306 2305//2305
f 2275//2275 2305//2305 2274//2274
f 2274//2274 2305//2305 2304//2304
f 2274//2274 2304//2304 2273//2273
f 2273//2273 2304//2304 2285//2285
f 2273//2273 2285//2285 2272//2272
f 2272//2272 2285//2285 2284//2284
f 2272//2272 2284//2284 2271//2271
f 2271//2271 2284//2284 2282//2282
f 2271//2271 2282//2282 2254//2254
f 2254//2254 2282//2282 2280//2280
f 2254//2254 2280//2280 2241//2241
f 2241//2241 2280//2280 2279//2279
f 2241//2241 2279//2279 2245//2245
f 2245//2245 2279//2279 2287//2287
f 2245//2245 2287//2287 2246//2246
f 2246//2246 2287//2287 2242//2242
f 2246//2246 2242//2242 2247//2247
f 2247//2247 2242//2242 2244//2244
f 2247//2247 2244//2244 2043//2043
f 2043//2043 2244//2244 2299//2299
f 2043//2043 2299//2299 2044//2044
f 2044//2044 2299//2299 2298//2298
f 2044//2044 2298//2298 2225//2225
f 2225//2225 2298//2298 2297//2297
f 2225//2225 2297//2297 2217//2217
f 2217//2217 2297//2297 2216//2216
f 2217//2217 2216//2216 2211//2211
f 2211//2211 2216//2216 2212//2212
f 2211//2211 2212//2212 2195//2195
f 2195//2195 2212//2212 2213//2213
f 2195//2195 2213//2213 2191//2191
f 2191//2191 2213//2213 2214//2214
f 2191//2191 2214//2214 2192//2192
f 2192//2192 2214//2214 2215//2215
f 2192//2192 2215//2215 2050//2050
f 2050//2050 2215//2215 1064//1064
f 2050//2050 1064//1064 1065//1065
f 3165//3165 3191//3191 3164//3164
f 3164//3164 3191//3191 3192//3192
f 3164//3164 3192//3192 1918//1918
f 1918//1918 3192//3192 3193//3193
f 1918//1918 3193//3193 1919//1919
f 1919//1919 3193//3193 3194//3194
f 1919//1919 3194//3194 3174//3174
f 3174//3174 3194//3194 3195//3195
f 3174//3174 3195//3195 1913//1913
f 1913//1913 3195//3195 3196//3196
f 1913//1913 3196//3196 1911//1911
f 164//164 163//163 3144//3144
f 3144//3144 163//163 161//161
f 3144//3144 161//161 3197//3197
f 3149//3149 3198//3198 3150//3150
f 3150//3150 3198//3198 3199//3199
f 3150//3150 3199//3199 3200//3200
f 3200//3200 3199//3199 3201//3201
f 3200//3200 3201//3201 3202//3202
f 3203//3203 3204//3204 3205//3205
f 3205//3205 3204//3204 3206//3206
f 3205//3205 3206//3206 3207//3207
f 3207//3207 3206//3206 3142//3142
f 3207//3207 3142//3142 3208//3208
f 3208//3208 3142//3142 3141//3141
f 3208//3208 3141//3141 3209//3209
f 3209//3209 3141//3141 3106//3106
f 3209//3209 3106//3106 3210//3210
f 3210//3210 3106//3106 3105//3105
f 3156//3156 3143//3143 3155//3155
f 3155//3155 3143//3143 3142//3142
f 3155//3155 3142//3142 3153//3153
f 3153//3153 3142//3142 3206//3206
f 3153//3153 3206//3206 3151//3151
f 3151//3151 3206//3206 3204//3204
f 3210//3210 3130//3130 3209//3209
f 3209//3209 3130//3130 3133//3133
f 3209//3209 3133//3133 3208//3208
f 3208//3208 3133//3133 3150//3150
f 3208//3208 3150//3150 3207//3207
f 3207//3207 3150//3150 3200//3200
f 3207//3207 3200//3200 3205//3205
f 3205//3205 3200//3200 3202//3202
f 3205//3205 3202//3202 3203//3203
f 3211//3211 3212//3212 3213//3213
f 3213//3213 3212//3212 3214//3214
f 3213//3213 3214//3214 3215//3215
f 3215//3215 3214//3214 3216//3216
f 3215//3215 3216//3216 3217//3217
f 3217//3217 3216//3216 3218//3218
f 3217//3217 3218//3218 3219//3219
f 3219//3219 3218//3218 3220//3220
f 3219//3219 3220//3220 3163//3163
f 3163//3163 3220//3220 3221//3221
f 3163//3163 3221//3221 3162//3162
f 3197//3197 3222//3222 3211//3211
f 3211//3211 3222//3222 3223//3223
f 3211//3211 3223//3223 3212//3212
f 3224//3224 3225//3225 3226//3226
f 3226//3226 3225//3225 3227//3227
f 3226//3226 3227//3227 3228//3228
f 3229//3229 1920//1920 3230//3230
f 3230//3230 1920//1920 1909//1909
f 3230//3230 1909//1909 3231//3231
f 3231//3231 1909//1909 1908//1908
f 3231//3231 1908//1908 3232//3232
f 3224//3224 3233//3233 3234//3234
f 159//159 149//149 3222//3222
f 161//161 160//160 3197//3197
f 3197//3197 160//160 156//156
f 3197//3197 156//156 3222//3222
f 3222//3222 156//156 158//158
f 3222//3222 158//158 159//159
f 149//149 3235//3235 3222//3222
f 3222//3222 3235//3235 3236//3236
f 3222//3222 3236//3236 3223//3223
f 3223//3223 3236//3236 3237//3237
f 3223//3223 3237//3237 3212//3212
f 3212//3212 3237//3237 3238//3238
f 3212//3212 3238//3238 3214//3214
f 3214//3214 3238//3238 3239//3239
f 3214//3214 3239//3239 3216//3216
f 3216//3216 3239//3239 3240//3240
f 3216//3216 3240//3240 3218//3218
f 3218//3218 3240//3240 3241//3241
f 3218//3218 3241//3241 3220//3220
f 3220//3220 3241//3241 3228//3228
f 3220//3220 3228//3228 3221//3221
f 3221//3221 3228//3228 3227//3227
f 3242//3242 3243//3243 3244//3244
f 3244//3244 3243//3243 3245//3245
f 3244//3244 3245//3245 3246//3246
f 3247//3247 3248//3248 3249//3249
f 3249//3249 3248//3248 3250//3250
f 3249//3249 3250//3250 3251//3251
f 3251//3251 3250//3250 3252//3252
f 3251//3251 3252//3252 3253//3253
f 3254//3254 1906//1906 3255//3255
f 149//149 148//148 3235//3235
f 3235//3235 148//148 151//151
f 3235//3235 151//151 3256//3256
f 3257//3257 3258//3258 3259//3259
f 3259//3259 3258//3258 3260//3260
f 3253//3253 3242//3242 3251//3251
f 3251//3251 3242//3242 3244//3244
f 3251//3251 3244//3244 3249//3249
f 3249//3249 3244//3244 3246//3246
f 3249//3249 3246//3246 3247//3247
f 3247//3247 3246//3246 3261//3261
f 3262//3262 3263//3263 3264//3264
f 3264//3264 3263//3263 3265//3265
f 3266//3266 3257//3257 3261//3261
f 3261//3261 3257//3257 3259//3259
f 3261//3261 3259//3259 3247//3247
f 3247//3247 3259//3259 3260//3260
f 3247//3247 3260//3260 3248//3248
f 3255//3255 1906//1906 3267//3267
f 3267//3267 1906//1906 1905//1905
f 3267//3267 1905//1905 3268//3268
f 3224//3224 3269//3269 3270//3270
f 3270//3270 3269//3269 3271//3271
f 3270//3270 3271//3271 3272//3272
f 3272//3272 3271//3271 3273//3273
f 3272//3272 3273//3273 3274//3274
f 3224//3224 3234//3234 3269//3269
f 3269//3269 3234//3234 3275//3275
f 3269//3269 3275//3275 3271//3271
f 3271//3271 3275//3275 3276//3276
f 3271//3271 3276//3276 3273//3273
f 3273//3273 3276//3276 3277//3277
f 3273//3273 3277//3277 3274//3274
f 3278//3278 3279//3279 3280//3280
f 3280//3280 3279//3279 3281//3281
f 3280//3280 3281//3281 1904//1904
f 3282//3282 3283//3283 3284//3284
f 3284//3284 3283//3283 3285//3285
f 3284//3284 3285//3285 3232//3232
f 3232//3232 3285//3285 3286//3286
f 3232//3232 3286//3286 3231//3231
f 3283//3283 3287//3287 3285//3285
f 3285//3285 3287//3287 3194//3194
f 3285//3285 3194//3194 3286//3286
f 3286//3286 3194//3194 3193//3193
f 3286//3286 3193//3193 3231//3231
f 3231//3231 3193//3193 3192//3192
f 3231//3231 3192//3192 3230//3230
f 3230//3230 3192//3192 3191//3191
f 3230//3230 3191//3191 3229//3229
f 3229//3229 3191//3191 3165//3165
f 3288//3288 3289//3289 3290//3290
f 3290//3290 3289//3289 1903//1903
f 3290//3290 1903//1903 3291//3291
f 3291//3291 1903//1903 1902//1902
f 3291//3291 1902//1902 3292//3292
f 1904//1904 3281//3281 1902//1902
f 1902//1902 3281//3281 3293//3293
f 1902//1902 3293//3293 3292//3292
f 151//151 155//155 3256//3256
f 3256//3256 155//155 3294//3294
f 155//155 153//153 3294//3294
f 3294//3294 153//153 152//152
f 3294//3294 152//152 3295//3295
f 3296//3296 3297//3297 3298//3298
f 3298//3298 3297//3297 3299//3299
f 3300//3300 3262//3262 3266//3266
f 3266//3266 3262//3262 3264//3264
f 3266//3266 3264//3264 3257//3257
f 3257//3257 3264//3264 3265//3265
f 3257//3257 3265//3265 3258//3258
f 3301//3301 3302//3302 3303//3303
f 3303//3303 3302//3302 3296//3296
f 3303//3303 3296//3296 3300//3300
f 3300//3300 3296//3296 3298//3298
f 3300//3300 3298//3298 3262//3262
f 3262//3262 3298//3298 3299//3299
f 3262//3262 3299//3299 3263//3263
f 3233//3233 3252//3252 3234//3234
f 3234//3234 3252//3252 3250//3250
f 3234//3234 3250//3250 3275//3275
f 3275//3275 3250//3250 3248//3248
f 3275//3275 3248//3248 3276//3276
f 3276//3276 3248//3248 3260//3260
f 3276//3276 3260//3260 3277//3277
f 3277//3277 3260//3260 3258//3258
f 3277//3277 3258//3258 3304//3304
f 3304//3304 3258//3258 3265//3265
f 3304//3304 3265//3265 3305//3305
f 3305//3305 3265//3265 3263//3263
f 3305//3305 3263//3263 3306//3306
f 3306//3306 3263//3263 3299//3299
f 3306//3306 3299//3299 3307//3307
f 3307//3307 3299//3299 3297//3297
f 3307//3307 3297//3297 3308//3308
f 3308//3308 3297//3297 3296//3296
f 152//152 147//147 3295//3295
f 3295//3295 147//147 146//146
f 3295//3295 146//146 3309//3309
f 3243//3243 3254//3254 3245//3245
f 3245//3245 3254//3254 3255//3255
f 3245//3245 3255//3255 3246//3246
f 3246//3246 3255//3255 3267//3267
f 3246//3246 3267//3267 3261//3261
f 3261//3261 3267//3267 3268//3268
f 3261//3261 3268//3268 3266//3266
f 3266//3266 3268//3268 3310//3310
f 3266//3266 3310//3310 3300//3300
f 3300//3300 3310//3310 3311//3311
f 3300//3300 3311//3311 3303//3303
f 3303//3303 3311//3311 3312//3312
f 3303//3303 3312//3312 3301//3301
f 3301//3301 3312//3312 3313//3313
f 3314//3314 3315//3315 3316//3316
f 3316//3316 3315//3315 3317//3317
f 3311//3311 3314//3314 3312//3312
f 3312//3312 3314//3314 3316//3316
f 3312//3312 3316//3316 3313//3313
f 3313//3313 3316//3316 3317//3317
f 3313//3313 3317//3317 3318//3318
f 3318//3318 3317//3317 3319//3319
f 1898//1898 1897//1897 3320//3320
f 3320//3320 1897//1897 3321//3321
f 3320//3320 3321//3321 3322//3322
f 3322//3322 3321//3321 3323//3323
f 3322//3322 3323//3323 3324//3324
f 3324//3324 3323//3323 3325//3325
f 3324//3324 3325//3325 3326//3326
f 3326//3326 3325//3325 3327//3327
f 3326//3326 3327//3327 3328//3328
f 3328//3328 3327//3327 3329//3329
f 3328//3328 3329//3329 3330//3330
f 3330//3330 3329//3329 1900//1900
f 3330//3330 1900//1900 3331//3331
f 3331//3331 1900//1900 1899//1899
f 3331//3331 1899//1899 3332//3332
f 3319//3319 3333//3333 3318//3318
f 3318//3318 3333//3333 3334//3334
f 3318//3318 3334//3334 3313//3313
f 3313//3313 3334//3334 3335//3335
f 3313//3313 3335//3335 3301//3301
f 3301//3301 3335//3335 3336//3336
f 3301//3301 3336//3336 3302//3302
f 3302//3302 3336//3336 3337//3337
f 3302//3302 3337//3337 3296//3296
f 3296//3296 3337//3337 3338//3338
f 3296//3296 3338//3338 3308//3308
f 146//146 145//145 3309//3309
f 3309//3309 145//145 141//141
f 3309//3309 141//141 3339//3339
f 3339//3339 141//141 143//143
f 3339//3339 143//143 3340//3340
f 143//143 144//144 3340//3340
f 3340//3340 144//144 137//137
f 3340//3340 137//137 3341//3341
f 3342//3342 3343//3343 3344//3344
f 3344//3344 3343//3343 3345//3345
f 3344//3344 3345//3345 3346//3346
f 3346//3346 3345//3345 3347//3347
f 3346//3346 3347//3347 3348//3348
f 3348//3348 3347//3347 3349//3349
f 3348//3348 3349//3349 3350//3350
f 3350//3350 3349//3349 3351//3351
f 3350//3350 3351//3351 3352//3352
f 3352//3352 3351//3351 3353//3353
f 3352//3352 3353//3353 3354//3354
f 3354//3354 3353//3353 3355//3355
f 3354//3354 3355//3355 3356//3356
f 1907//1907 3342//3342 1905//1905
f 1905//1905 3342//3342 3344//3344
f 1905//1905 3344//3344 3268//3268
f 3268//3268 3344//3344 3346//3346
f 3268//3268 3346//3346 3310//3310
f 3310//3310 3346//3346 3348//3348
f 3310//3310 3348//3348 3311//3311
f 3311//3311 3348//3348 3350//3350
f 3311//3311 3350//3350 3314//3314
f 3314//3314 3350//3350 3352//3352
f 3314//3314 3352//3352 3315//3315
f 3315//3315 3352//3352 3354//3354
f 3357//3357 3358//3358 3359//3359
f 3360//3360 3361//3361 3362//3362
f 3362//3362 3361//3361 3363//3363
f 3362//3362 3363//3363 3364//3364
f 3364//3364 3363//3363 3365//3365
f 137//137 139//139 3341//3341
f 3341//3341 139//139 140//140
f 3341//3341 140//140 3366//3366
f 3366//3366 140//140 136//136
f 3366//3366 136//136 135//135
f 1429//1429 3366//3366 400//400
f 400//400 3366//3366 135//135
f 400//400 135//135 133//133
f 3224//3224 3226//3226 3233//3233
f 3233//3233 3226//3226 3228//3228
f 3233//3233 3228//3228 3252//3252
f 3252//3252 3228//3228 3241//3241
f 3252//3252 3241//3241 3253//3253
f 3253//3253 3241//3241 3240//3240
f 3253//3253 3240//3240 3242//3242
f 3242//3242 3240//3240 3239//3239
f 3242//3242 3239//3239 3243//3243
f 3243//3243 3239//3239 3238//3238
f 3243//3243 3238//3238 3254//3254
f 3254//3254 3238//3238 3237//3237
f 3254//3254 3237//3237 1906//1906
f 1906//1906 3237//3237 3236//3236
f 1906//1906 3236//3236 1907//1907
f 1907//1907 3236//3236 3235//3235
f 1907//1907 3235//3235 3342//3342
f 3342//3342 3235//3235 3256//3256
f 3342//3342 3256//3256 3343//3343
f 3343//3343 3256//3256 3294//3294
f 3343//3343 3294//3294 3345//3345
f 3345//3345 3294//3294 3295//3295
f 3345//3345 3295//3295 3347//3347
f 3347//3347 3295//3295 3309//3309
f 3347//3347 3309//3309 3349//3349
f 3349//3349 3309//3309 3339//3339
f 3349//3349 3339//3339 3351//3351
f 3351//3351 3339//3339 3340//3340
f 3351//3351 3340//3340 3353//3353
f 3353//3353 3340//3340 3341//3341
f 3353//3353 3341//3341 3355//3355
f 3355//3355 3341//3341 3366//3366
f 3355//3355 3366//3366 1895//1895
f 1895//1895 3366//3366 1429//1429
f 1895//1895 1429//1429 1428//1428
f 3367//3367 3368//3368 3369//3369
f 3369//3369 3368//3368 1893//1893
f 3369//3369 1893//1893 1894//1894
f 1893//1893 398//398 1894//1894
f 1894//1894 398//398 397//397
f 1894//1894 397//397 1443//1443
f 3356//3356 3367//3367 3370//3370
f 3370//3370 3367//3367 3369//3369
f 3370//3370 3369//3369 3371//3371
f 3371//3371 3369//3369 1894//1894
f 3371//3371 1894//1894 3372//3372
f 3372//3372 1894//1894 1438//1438
f 3372//3372 1438//1438 3373//3373
f 1426//1426 1425//1425 1895//1895
f 1895//1895 1425//1425 1807//1807
f 1895//1895 1807//1807 3374//3374
f 3374//3374 1807//1807 1421//1421
f 3374//3374 1421//1421 1423//1423
f 3356//3356 3355//3355 3367//3367
f 3367//3367 3355//3355 1895//1895
f 3367//3367 1895//1895 3368//3368
f 3368//3368 1895//1895 3374//3374
f 3368//3368 3374//3374 1893//1893
f 1893//1893 3374//3374 1423//1423
f 1893//1893 1423//1423 1435//1435
f 3375//3375 1891//1891 3376//3376
f 3376//3376 1891//1891 1890//1890
f 3376//3376 1890//1890 3377//3377
f 1888//1888 1887//1887 3378//3378
f 3378//3378 1887//1887 3379//3379
f 3378//3378 3379//3379 3380//3380
f 3381//3381 3377//3377 3382//3382
f 3382//3382 3377//3377 1890//1890
f 3382//3382 1890//1890 3383//3383
f 3383//3383 1890//1890 1892//1892
f 3383//3383 1892//1892 3384//3384
f 3384//3384 1892//1892 3385//3385
f 3384//3384 3385//3385 3386//3386
f 3386//3386 3385//3385 3387//3387
f 3386//3386 3387//3387 3358//3358
f 3388//3388 3389//3389 3390//3390
f 3390//3390 3389//3389 3391//3391
f 3390//3390 3391//3391 3392//3392
f 3392//3392 3391//3391 3393//3393
f 3392//3392 3393//3393 3394//3394
f 3394//3394 3393//3393 3395//3395
f 3394//3394 3395//3395 3396//3396
f 3396//3396 3395//3395 3397//3397
f 3396//3396 3397//3397 3398//3398
f 3398//3398 3397//3397 3399//3399
f 3398//3398 3399//3399 3400//3400
f 3400//3400 3399//3399 3401//3401
f 3400//3400 3401//3401 3402//3402
f 3403//3403 3404//3404 1440//1440
f 3403//3403 1440//1440 3405//3405
f 1440//1440 1470//1470 3405//3405
f 3405//3405 1470//1470 1468//1468
f 3405//3405 1468//1468 1529//1529
f 1438//1438 1436//1436 3373//3373
f 3373//3373 1436//1436 395//395
f 3373//3373 395//395 3404//3404
f 3404//3404 395//395 394//394
f 3404//3404 394//394 1440//1440
f 1901//1901 1900//1900 3406//3406
f 3406//3406 1900//1900 3329//3329
f 3406//3406 3329//3329 3407//3407
f 3407//3407 3329//3329 3327//3327
f 3407//3407 3327//3327 3408//3408
f 3408//3408 3327//3327 3325//3325
f 3408//3408 3325//3325 3409//3409
f 3409//3409 3325//3325 3323//3323
f 3409//3409 3323//3323 3410//3410
f 3410//3410 3323//3323 3321//3321
f 3410//3410 3321//3321 3411//3411
f 3411//3411 3321//3321 1897//1897
f 3411//3411 1897//1897 3412//3412
f 3412//3412 1897//1897 1896//1896
f 3412//3412 1896//1896 3413//3413
f 1882//1882 1881//1881 3414//3414
f 3414//3414 1881//1881 3415//3415
f 3414//3414 3415//3415 3416//3416
f 3416//3416 3415//3415 3417//3417
f 3416//3416 3417//3417 3418//3418
f 3418//3418 3417//3417 3419//3419
f 3418//3418 3419//3419 3420//3420
f 3420//3420 3419//3419 3421//3421
f 3420//3420 3421//3421 3422//3422
f 3422//3422 3421//3421 3423//3423
f 3422//3422 3423//3423 3424//3424
f 3424//3424 3423//3423 3425//3425
f 3424//3424 3425//3425 3293//3293
f 3293//3293 3425//3425 3426//3426
f 3293//3293 3426//3426 3292//3292
f 3413//3413 1882//1882 3412//3412
f 3412//3412 1882//1882 3414//3414
f 3412//3412 3414//3414 3411//3411
f 3411//3411 3414//3414 3416//3416
f 3411//3411 3416//3416 3410//3410
f 3410//3410 3416//3416 3418//3418
f 3410//3410 3418//3418 3409//3409
f 3409//3409 3418//3418 3420//3420
f 3409//3409 3420//3420 3408//3408
f 3408//3408 3420//3420 3422//3422
f 3408//3408 3422//3422 3407//3407
f 3407//3407 3422//3422 3424//3424
f 3407//3407 3424//3424 3406//3406
f 3406//3406 3424//3424 3293//3293
f 3406//3406 3293//3293 1901//1901
f 1901//1901 3293//3293 3281//3281
f 1901//1901 3281//3281 1899//1899
f 1899//1899 3281//3281 3279//3279
f 1899//1899 3279//3279 3332//3332
f 3332//3332 3279//3279 3278//3278
f 3365//3365 3427//3427 3428//3428
f 3428//3428 3427//3427 1889//1889
f 3428//3428 1889//1889 3429//3429
f 3429//3429 1889//1889 1888//1888
f 3429//3429 1888//1888 3430//3430
f 3430//3430 1888//1888 3378//3378
f 3430//3430 3378//3378 3431//3431
f 3431//3431 3378//3378 3380//3380
f 3431//3431 3432//3432 3430//3430
f 3430//3430 3432//3432 3433//3433
f 3430//3430 3433//3433 3429//3429
f 3429//3429 3433//3433 3434//3434
f 3429//3429 3434//3434 3428//3428
f 3428//3428 3434//3434 3435//3435
f 3436//3436 1884//1884 3437//3437
f 3437//3437 1884//1884 1886//1886
f 3437//3437 1886//1886 3438//3438
f 3438//3438 1886//1886 3439//3439
f 3438//3438 3439//3439 3440//3440
f 3441//3441 3442//3442 3443//3443
f 3379//3379 3443//3443 3380//3380
f 3380//3380 3443//3443 3442//3442
f 3380//3380 3442//3442 3431//3431
f 3431//3431 3442//3442 1883//1883
f 3431//3431 1883//1883 3432//3432
f 3432//3432 1883//1883 1882//1882
f 3432//3432 1882//1882 3433//3433
f 3433//3433 1882//1882 3413//3413
f 3433//3433 3413//3413 3434//3434
f 3434//3434 3413//3413 1896//1896
f 3434//3434 1896//1896 3435//3435
f 3435//3435 1896//1896 1898//1898
f 3444//3444 1885//1885 3445//3445
f 3445//3445 1885//1885 1884//1884
f 3445//3445 1884//1884 3446//3446
f 3446//3446 1884//1884 3436//3436
f 3446//3446 3436//3436 3381//3381
f 3381//3381 3436//3436 3437//3437
f 3381//3381 3437//3437 3377//3377
f 3377//3377 3437//3437 3438//3438
f 3377//3377 3438//3438 3376//3376
f 3376//3376 3438//3438 3440//3440
f 3376//3376 3440//3440 3375//3375
f 3358//3358 3357//3357 3386//3386
f 3386//3386 3357//3357 3447//3447
f 3386//3386 3447//3447 3384//3384
f 3384//3384 3447//3447 3448//3448
f 3384//3384 3448//3448 3383//3383
f 3383//3383 3448//3448 3449//3449
f 3383//3383 3449//3449 3382//3382
f 3382//3382 3449//3449 3450//3450
f 3382//3382 3450//3450 3381//3381
f 3381//3381 3450//3450 3451//3451
f 3381//3381 3451//3451 3446//3446
f 3446//3446 3451//3451 3452//3452
f 3446//3446 3452//3452 3445//3445
f 3445//3445 3452//3452 3453//3453
f 3445//3445 3453//3453 3444//3444
f 3360//3360 3359//3359 3361//3361
f 3361//3361 3359//3359 3358//3358
f 3361//3361 3358//3358 3363//3363
f 3363//3363 3358//3358 3387//3387
f 3363//3363 3387//3387 3365//3365
f 3365//3365 3387//3387 3385//3385
f 3365//3365 3385//3385 3427//3427
f 3427//3427 3385//3385 1892//1892
f 3427//3427 1892//1892 1889//1889
f 1889//1889 1892//1892 1891//1891
f 1889//1889 1891//1891 1887//1887
f 1887//1887 1891//1891 3375//3375
f 1887//1887 3375//3375 3379//3379
f 3379//3379 3375//3375 3440//3440
f 3379//3379 3440//3440 3443//3443
f 3443//3443 3440//3440 3439//3439
f 3443//3443 3439//3439 3441//3441
f 3441//3441 3439//3439 1886//1886
f 3441//3441 1886//1886 3454//3454
f 3454//3454 1886//1886 1885//1885
f 3454//3454 1885//1885 3455//3455
f 3455//3455 1885//1885 3444//3444
f 3455//3455 3444//3444 3456//3456
f 3456//3456 3444//3444 3453//3453
f 3456//3456 3453//3453 3457//3457
f 380//380 3457//3457 384//384
f 384//384 3457//3457 3458//3458
f 384//384 3458//3458 385//385
f 385//385 3458//3458 3459//3459
f 385//385 3459//3459 387//387
f 3360//3360 3388//3388 3359//3359
f 3359//3359 3388//3388 3390//3390
f 3359//3359 3390//3390 3357//3357
f 3357//3357 3390//3390 3392//3392
f 3357//3357 3392//3392 3447//3447
f 3447//3447 3392//3392 3394//3394
f 3447//3447 3394//3394 3448//3448
f 3448//3448 3394//3394 3396//3396
f 3448//3448 3396//3396 3449//3449
f 3449//3449 3396//3396 3398//3398
f 3449//3449 3398//3398 3450//3450
f 3450//3450 3398//3398 3400//3400
f 3450//3450 3400//3400 3451//3451
f 3451//3451 3400//3400 3402//3402
f 3451//3451 3402//3402 3452//3452
f 3452//3452 3402//3402 1528//1528
f 3452//3452 1528//1528 1527//1527
f 3457//3457 3453//3453 3458//3458
f 3458//3458 3453//3453 3452//3452
f 3458//3458 3452//3452 3459//3459
f 3459//3459 3452//3452 1527//1527
f 3459//3459 1527//1527 387//387
f 3460//3460 3461//3461 3462//3462
f 3462//3462 3461//3461 3463//3463
f 3462//3462 3463//3463 3464//3464
f 1876//1876 1875//1875 3465//3465
f 3465//3465 1875//1875 3466//3466
f 3465//3465 3466//3466 3467//3467
f 3467//3467 3466//3466 3468//3468
f 3467//3467 3468//3468 3469//3469
f 3469//3469 3468//3468 3470//3470
f 3469//3469 3470//3470 3288//3288
f 3288//3288 3470//3470 3471//3471
f 3288//3288 3471//3471 3289//3289
f 3288//3288 3472//3472 3469//3469
f 3469//3469 3472//3472 3473//3473
f 3469//3469 3473//3473 3467//3467
f 3467//3467 3473//3473 3474//3474
f 3467//3467 3474//3474 3465//3465
f 3465//3465 3474//3474 3475//3475
f 3465//3465 3475//3475 1876//1876
f 1876//1876 3475//3475 3476//3476
f 1876//1876 3476//3476 1877//1877
f 3477//3477 3478//3478 3479//3479
f 3479//3479 3478//3478 3480//3480
f 3479//3479 3480//3480 3481//3481
f 3481//3481 3480//3480 3482//3482
f 3481//3481 3482//3482 3483//3483
f 2518//2518 2532//2532 2516//2516
f 2516//2516 2532//2532 2537//2537
f 2516//2516 2537//2537 2550//2550
f 2550//2550 2537//2537 2536//2536
f 2550//2550 2536//2536 2560//2560
f 2560//2560 2536//2536 2534//2534
f 2560//2560 2534//2534 2558//2558
f 2558//2558 2534//2534 2533//2533
f 2558//2558 2533//2533 2556//2556
f 2556//2556 2533//2533 2674//2674
f 2556//2556 2674//2674 2686//2686
f 2686//2686 2674//2674 2672//2672
f 2686//2686 2672//2672 2684//2684
f 2684//2684 2672//2672 2670//2670
f 2684//2684 2670//2670 2682//2682
f 2682//2682 2670//2670 2668//2668
f 2682//2682 2668//2668 2680//2680
f 2680//2680 2668//2668 2666//2666
f 2680//2680 2666//2666 2678//2678
f 2678//2678 2666//2666 2665//2665
f 2678//2678 2665//2665 2676//2676
f 2676//2676 2665//2665 3484//3484
f 2676//2676 3484//3484 2719//2719
f 2719//2719 3484//3484 3485//3485
f 2719//2719 3485//3485 2010//2010
f 2010//2010 3485//3485 3486//3486
f 2010//2010 3486//3486 2008//2008
f 2008//2008 3486//3486 3487//3487
f 2008//2008 3487//3487 2582//2582
f 2582//2582 3487//3487 3488//3488
f 2582//2582 3488//3488 2580//2580
f 2580//2580 3488//3488 3489//3489
f 2580//2580 3489//3489 2583//2583
f 2583//2583 3489//3489 1879//1879
f 2583//2583 1879//1879 2584//2584
f 2584//2584 1879//1879 1878//1878
f 2584//2584 1878//1878 2615//2615
f 1873//1873 1872//1872 3490//3490
f 3490//3490 1872//1872 3491//3491
f 3490//3490 3491//3491 3460//3460
f 3460//3460 3491//3491 3492//3492
f 3460//3460 3492//3492 3461//3461
f 3493//3493 3494//3494 3495//3495
f 3495//3495 3494//3494 3496//3496
f 3495//3495 3496//3496 3497//3497
f 3497//3497 3496//3496 3498//3498
f 3497//3497 3498//3498 3499//3499
f 3499//3499 3498//3498 3500//3500
f 3499//3499 3500//3500 3501//3501
f 3501//3501 3500//3500 3502//3502
f 3501//3501 3502//3502 3503//3503
f 3503//3503 3502//3502 3504//3504
f 3503//3503 3504//3504 3505//3505
f 3505//3505 3504//3504 3506//3506
f 3505//3505 3506//3506 3507//3507
f 3507//3507 3506//3506 3508//3508
f 3507//3507 3508//3508 3509//3509
f 3509//3509 3508//3508 3510//3510
f 3509//3509 3510//3510 3511//3511
f 3511//3511 3510//3510 3512//3512
f 3511//3511 3512//3512 3513//3513
f 3513//3513 3512//3512 3514//3514
f 3513//3513 3514//3514 3515//3515
f 3515//3515 3514//3514 3516//3516
f 3515//3515 3516//3516 3517//3517
f 3517//3517 3516//3516 3518//3518
f 3517//3517 3518//3518 3519//3519
f 3519//3519 3518//3518 3520//3520
f 3519//3519 3520//3520 3521//3521
f 3521//3521 3520//3520 3522//3522
f 3521//3521 3522//3522 3523//3523
f 3523//3523 3522//3522 3524//3524
f 3523//3523 3524//3524 3525//3525
f 3524//3524 3526//3526 3525//3525
f 3525//3525 3526//3526 3527//3527
f 3525//3525 3527//3527 363//363
f 3528//3528 1719//1719 3529//3529
f 3529//3529 1719//1719 1717//1717
f 363//363 1719//1719 3525//3525
f 3525//3525 1719//1719 3528//3528
f 3525//3525 3528//3528 3523//3523
f 3523//3523 3528//3528 3530//3530
f 3523//3523 3530//3530 3521//3521
f 3521//3521 3530//3530 3531//3531
f 3521//3521 3531//3531 3519//3519
f 3519//3519 3531//3531 3532//3532
f 3519//3519 3532//3532 3517//3517
f 3517//3517 3532//3532 3533//3533
f 3517//3517 3533//3533 3515//3515
f 3515//3515 3533//3533 3534//3534
f 3515//3515 3534//3534 3513//3513
f 3513//3513 3534//3534 3535//3535
f 3513//3513 3535//3535 3511//3511
f 3511//3511 3535//3535 3536//3536
f 3511//3511 3536//3536 3509//3509
f 3509//3509 3536//3536 3537//3537
f 3509//3509 3537//3537 3507//3507
f 3507//3507 3537//3537 3538//3538
f 3507//3507 3538//3538 3505//3505
f 3505//3505 3538//3538 3539//3539
f 3505//3505 3539//3539 3503//3503
f 3503//3503 3539//3539 1874//1874
f 3503//3503 1874//1874 3501//3501
f 3501//3501 1874//1874 1873//1873
f 3501//3501 1873//1873 3499//3499
f 3499//3499 1873//1873 3490//3490
f 3499//3499 3490//3490 3497//3497
f 3497//3497 3490//3490 3460//3460
f 3497//3497 3460//3460 3495//3495
f 3495//3495 3460//3460 3462//3462
f 3495//3495 3462//3462 3493//3493
f 3493//3493 3462//3462 3464//3464
f 3482//3482 3540//3540 3483//3483
f 3483//3483 3540//3540 3541//3541
f 3483//3483 3541//3541 3542//3542
f 3541//3541 3543//3543 3542//3542
f 3542//3542 3543//3543 3544//3544
f 3542//3542 3544//3544 3545//3545
f 3544//3544 3546//3546 3545//3545
f 3545//3545 3546//3546 3547//3547
f 3545//3545 3547//3547 3548//3548
f 3547//3547 3549//3549 3548//3548
f 3548//3548 3549//3549 3550//3550
f 3548//3548 3550//3550 3551//3551
f 3550//3550 3552//3552 3551//3551
f 3551//3551 3552//3552 3553//3553
f 3551//3551 3553//3553 3554//3554
f 3553//3553 3555//3555 3554//3554
f 3554//3554 3555//3555 3556//3556
f 3554//3554 3556//3556 3557//3557
f 1733//1733 1752//1752 1870//1870
f 1870//1870 1752//1752 3557//3557
f 1870//1870 3557//3557 3558//3558
f 3558//3558 3557//3557 3556//3556
f 1752//1752 1757//1757 3557//3557
f 3557//3557 1757//1757 1871//1871
f 3557//3557 1871//1871 3554//3554
f 3554//3554 1871//1871 3559//3559
f 3554//3554 3559//3559 3551//3551
f 3551//3551 3559//3559 3560//3560
f 3551//3551 3560//3560 3548//3548
f 3548//3548 3560//3560 3561//3561
f 3548//3548 3561//3561 3545//3545
f 3545//3545 3561//3561 3562//3562
f 3545//3545 3562//3562 3542//3542
f 3542//3542 3562//3562 3563//3563
f 3542//3542 3563//3563 3483//3483
f 3483//3483 3563//3563 3564//3564
f 3483//3483 3564//3564 3481//3481
f 3481//3481 3564//3564 3565//3565
f 3481//3481 3565//3565 3479//3479
f 1717//1717 1716//1716 3529//3529
f 3529//3529 1716//1716 1870//1870
f 3529//3529 1870//1870 3528//3528
f 3528//3528 1870//1870 3558//3558
f 3528//3528 3558//3558 3530//3530
f 3530//3530 3558//3558 3556//3556
f 3530//3530 3556//3556 3531//3531
f 3531//3531 3556//3556 3555//3555
f 3531//3531 3555//3555 3532//3532
f 3532//3532 3555//3555 3553//3553
f 3532//3532 3553//3553 3533//3533
f 3533//3533 3553//3553 3552//3552
f 3533//3533 3552//3552 3534//3534
f 3534//3534 3552//3552 3550//3550
f 3534//3534 3550//3550 3535//3535
f 3535//3535 3550//3550 3549//3549
f 3535//3535 3549//3549 3536//3536
f 3536//3536 3549//3549 3547//3547
f 3536//3536 3547//3547 3537//3537
f 3537//3537 3547//3547 3546//3546
f 3537//3537 3546//3546 3538//3538
f 3538//3538 3546//3546 3544//3544
f 3538//3538 3544//3544 3539//3539
f 3539//3539 3544//3544 3543//3543
f 3539//3539 3543//3543 1874//1874
f 1874//1874 3543//3543 3541//3541
f 1874//1874 3541//3541 1872//1872
f 1872//1872 3541//3541 3540//3540
f 1872//1872 3540//3540 3491//3491
f 3491//3491 3540//3540 3482//3482
f 3491//3491 3482//3482 3492//3492
f 3492//3492 3482//3482 3480//3480
f 3492//3492 3480//3480 3461//3461
f 3461//3461 3480//3480 3478//3478
f 3461//3461 3478//3478 3463//3463
f 379//379 1731//1731 3527//3527
f 3527//3527 1731//1731 364//364
f 3527//3527 364//364 363//363
f 380//380 379//379 3457//3457
f 3457//3457 379//379 3527//3527
f 3457//3457 3527//3527 3456//3456
f 3456//3456 3527//3527 3526//3526
f 3456//3456 3526//3526 3455//3455
f 3455//3455 3526//3526 3524//3524
f 3455//3455 3524//3524 3454//3454
f 3454//3454 3524//3524 3522//3522
f 3454//3454 3522//3522 3441//3441
f 3441//3441 3522//3522 3520//3520
f 3441//3441 3520//3520 3442//3442
f 3442//3442 3520//3520 3518//3518
f 3442//3442 3518//3518 1883//1883
f 1883//1883 3518//3518 3516//3516
f 1883//1883 3516//3516 1881//1881
f 1881//1881 3516//3516 3514//3514
f 1881//1881 3514//3514 3415//3415
f 3415//3415 3514//3514 3512//3512
f 3415//3415 3512//3512 3417//3417
f 3417//3417 3512//3512 3510//3510
f 3417//3417 3510//3510 3419//3419
f 3419//3419 3510//3510 3508//3508
f 3419//3419 3508//3508 3421//3421
f 3421//3421 3508//3508 3506//3506
f 3421//3421 3506//3506 3423//3423
f 3423//3423 3506//3506 3504//3504
f 3423//3423 3504//3504 3425//3425
f 3425//3425 3504//3504 3502//3502
f 3425//3425 3502//3502 3426//3426
f 3426//3426 3502//3502 3500//3500
f 3426//3426 3500//3500 3292//3292
f 3292//3292 3500//3500 3498//3498
f 3292//3292 3498//3498 3291//3291
f 3291//3291 3498//3498 3496//3496
f 3291//3291 3496//3496 3290//3290
f 3290//3290 3496//3496 3494//3494
f 3290//3290 3494//3494 3288//3288
f 3288//3288 3494//3494 3493//3493
f 3288//3288 3493//3493 3472//3472
f 3472//3472 3493//3493 3464//3464
f 3472//3472 3464//3464 3473//3473
f 3473//3473 3464//3464 3463//3463
f 3473//3473 3463//3463 3474//3474
f 3474//3474 3463//3463 3478//3478
f 3474//3474 3478//3478 3475//3475
f 3475//3475 3478//3478 3477//3477
f 3475//3475 3477//3477 3476//3476
f 3196//3196 3566//3566 1911//1911
f 1911//1911 3566//3566 1880//1880
f 1911//1911 1880//1880 3177//3177
f 3177//3177 1880//1880 1879//1879
f 3177//3177 1879//1879 3175//3175
f 3175//3175 1879//1879 3489//3489
f 3175//3175 3489//3489 3179//3179
f 3179//3179 3489//3489 3488//3488
f 3179//3179 3488//3488 3181//3181
f 3181//3181 3488//3488 3487//3487
f 3181//3181 3487//3487 3183//3183
f 3183//3183 3487//3487 3486//3486
f 3183//3183 3486//3486 3185//3185
f 3185//3185 3486//3486 3485//3485
f 3185//3185 3485//3485 3187//3187
f 3187//3187 3485//3485 3484//3484
f 3187//3187 3484//3484 3189//3189
f 3189//3189 3484//3484 2665//2665
f 3189//3189 2665//2665 2579//2579
f 2579//2579 2665//2665 2667//2667
f 2579//2579 2667//2667 2541//2541
f 2541//2541 2667//2667 2669//2669
f 2541//2541 2669//2669 2542//2542
f 2542//2542 2669//2669 2671//2671
f 2542//2542 2671//2671 2544//2544
f 2544//2544 2671//2671 2673//2673
f 2544//2544 2673//2673 2546//2546
f 2546//2546 2673//2673 2675//2675
f 2546//2546 2675//2675 2548//2548
f 2548//2548 2675//2675 2529//2529
f 2548//2548 2529//2529 2482//2482
f 2482//2482 2529//2529 2531//2531
f 2482//2482 2531//2531 2483//2483
f 2483//2483 2531//2531 2518//2518
f 2483//2483 2518//2518 2485//2485
f 2485//2485 2518//2518 2517//2517
f 2485//2485 2517//2517 2486//2486
f 2486//2486 2517//2517 2471//2471
f 2486//2486 2471//2471 2022//2022
f 2022//2022 2471//2471 2023//2023
f 2022//2022 2023//2023 2020//2020
f 2020//2020 2023//2023 2025//2025
f 2020//2020 2025//2025 2573//2573
f 2573//2573 2025//2025 2026//2026
f 2573//2573 2026//2026 2510//2510
f 2510//2510 2026//2026 2466//2466
f 2510//2510 2466//2466 2511//2511
f 2511//2511 2466//2466 2465//2465
f 2511//2511 2465//2465 2512//2512
f 2512//2512 2465//2465 2463//2463
f 2512//2512 2463//2463 2513//2513
f 2513//2513 2463//2463 2528//2528
f 2513//2513 2528//2528 2514//2514
f 2514//2514 2528//2528 2418//2418
f 2514//2514 2418//2418 2515//2515
f 2515//2515 2418//2418 2416//2416
f 2515//2515 2416//2416 2383//2383
f 2383//2383 2416//2416 2415//2415
f 2383//2383 2415//2415 2382//2382
f 2382//2382 2415//2415 293//293
f 2382//2382 293//293 295//295
f 1314//1314 1315//1315 3567//3567
f 3567//3567 1315//1315 1311//1311
f 1331//1331 3568//3568 1333//1333
f 1333//1333 3568//3568 3569//3569
f 1333//1333 3569//3569 1334//1334
f 1331//1331 1329//1329 3568//3568
f 3568//3568 1329//1329 1327//1327
f 3568//3568 1327//1327 1326//1326
f 1311//1311 35//35 3567//3567
f 3567//3567 35//35 131//131
f 3567//3567 131//131 3570//3570
f 3570//3570 131//131 130//130
f 3570//3570 130//130 129//129
f 1312//1312 1314//1314 3571//3571
f 3571//3571 1314//1314 3567//3567
f 3571//3571 3567//3567 3572//3572
f 3572//3572 3567//3567 3570//3570
f 3572//3572 3570//3570 1869//1869
f 1869//1869 3570//3570 129//129
f 1869//1869 129//129 125//125
f 3573//3573 3574//3574 3575//3575
f 3575//3575 3574//3574 3576//3576
f 3575//3575 3576//3576 1867//1867
f 1334//1334 3569//3569 1320//1320
f 1320//1320 3569//3569 3577//3577
f 1320//1320 3577//3577 1322//1322
f 1322//1322 3577//3577 1324//1324
f 1324//1324 3577//3577 3578//3578
f 1324//1324 3578//3578 1325//1325
f 1318//1318 1325//1325 3579//3579
f 3579//3579 1325//1325 3578//3578
f 3579//3579 3578//3578 3580//3580
f 3580//3580 3578//3578 3577//3577
f 3580//3580 3577//3577 3581//3581
f 3581//3581 3577//3577 3569//3569
f 3581//3581 3569//3569 3582//3582
f 3582//3582 3569//3569 3568//3568
f 3583//3583 1342//1342 3579//3579
f 3579//3579 1342//1342 1341//1341
f 3579//3579 1341//1341 1318//1318
f 3584//3584 3585//3585 3586//3586
f 3586//3586 3585//3585 3587//3587
f 3586//3586 3587//3587 3588//3588
f 3589//3589 3590//3590 3591//3591
f 3591//3591 3590//3590 3592//3592
f 3591//3591 3592//3592 3588//3588
f 3588//3588 3592//3592 3593//3593
f 3588//3588 3593//3593 3586//3586
f 3586//3586 3593//3593 3594//3594
f 3586//3586 3594//3594 3584//3584
f 1866//1866 3571//3571 1867//1867
f 1867//1867 3571//3571 3572//3572
f 1867//1867 3572//3572 3575//3575
f 3575//3575 3572//3572 1869//1869
f 3575//3575 1869//1869 3573//3573
f 3573//3573 1869//1869 128//128
f 3573//3573 128//128 124//124
f 3594//3594 1868//1868 3584//3584
f 3584//3584 1868//1868 1867//1867
f 3584//3584 1867//1867 3585//3585
f 3585//3585 1867//1867 3576//3576
f 3585//3585 3576//3576 3595//3595
f 3595//3595 3576//3576 3574//3574
f 3595//3595 3574//3574 3596//3596
f 3596//3596 3574//3574 3573//3573
f 3596//3596 3573//3573 1865//1865
f 1865//1865 3573//3573 124//124
f 1865//1865 124//124 123//123
f 120//120 119//119 3597//3597
f 3597//3597 119//119 117//117
f 3598//3598 3599//3599 3600//3600
f 3600//3600 3599//3599 3601//3601
f 3600//3600 3601//3601 3602//3602
f 3602//3602 3601//3601 3603//3603
f 3602//3602 3603//3603 3604//3604
f 3604//3604 3603//3603 3605//3605
f 3604//3604 3605//3605 3606//3606
f 3602//3602 3607//3607 3600//3600
f 3600//3600 3607//3607 3608//3608
f 3600//3600 3608//3608 3598//3598
f 3598//3598 3608//3608 3609//3609
f 3610//3610 1345//1345 3611//3611
f 3611//3611 1345//1345 1344//1344
f 3611//3611 1344//1344 3583//3583
f 3583//3583 1344//1344 1343//1343
f 3583//3583 1343//1343 1342//1342
f 3582//3582 3612//3612 3581//3581
f 3581//3581 3612//3612 3613//3613
f 3581//3581 3613//3613 3580//3580
f 3580//3580 3613//3613 3614//3614
f 3580//3580 3614//3614 3579//3579
f 3579//3579 3614//3614 3615//3615
f 3579//3579 3615//3615 3583//3583
f 3583//3583 3615//3615 3616//3616
f 3583//3583 3616//3616 3611//3611
f 3611//3611 3616//3616 3617//3617
f 3611//3611 3617//3617 3610//3610
f 3610//3610 3617//3617 3618//3618
f 3619//3619 3618//3618 3620//3620
f 3620//3620 3618//3618 3617//3617
f 3620//3620 3617//3617 3621//3621
f 3621//3621 3617//3617 3616//3616
f 3621//3621 3616//3616 3622//3622
f 3622//3622 3616//3616 3615//3615
f 3622//3622 3615//3615 3623//3623
f 3623//3623 3615//3615 3614//3614
f 3623//3623 3614//3614 3624//3624
f 3624//3624 3614//3614 3613//3613
f 3624//3624 3613//3613 3625//3625
f 3625//3625 3613//3613 3612//3612
f 3589//3589 3626//3626 3590//3590
f 3590//3590 3626//3626 3627//3627
f 3590//3590 3627//3627 3592//3592
f 3592//3592 3627//3627 3628//3628
f 3592//3592 3628//3628 3593//3593
f 3593//3593 3628//3628 3629//3629
f 3593//3593 3629//3629 3594//3594
f 3594//3594 3629//3629 3630//3630
f 3594//3594 3630//3630 1868//1868
f 1868//1868 3630//3630 3631//3631
f 1868//1868 3631//3631 1866//1866
f 1866//1866 3631//3631 3632//3632
f 1866//1866 3632//3632 3571//3571
f 3633//3633 1417//1417 1356//1356
f 1335//1335 3634//3634 1355//1355
f 1355//1355 3634//3634 3635//3635
f 1355//1355 3635//3635 1356//1356
f 1356//1356 3635//3635 3636//3636
f 1356//1356 3636//3636 3633//3633
f 3633//3633 3636//3636 3637//3637
f 1861//1861 3638//3638 3639//3639
f 3639//3639 3638//3638 3640//3640
f 3639//3639 3640//3640 3641//3641
f 3641//3641 3640//3640 3642//3642
f 3641//3641 3642//3642 3643//3643
f 3643//3643 3642//3642 3644//3644
f 3645//3645 3646//3646 3647//3647
f 3647//3647 3646//3646 3648//3648
f 3647//3647 3648//3648 3649//3649
f 3649//3649 3648//3648 3650//3650
f 3649//3649 3650//3650 3651//3651
f 3651//3651 3650//3650 3652//3652
f 3651//3651 3652//3652 3653//3653
f 3653//3653 3652//3652 3654//3654
f 3655//3655 3654//3654 3656//3656
f 3656//3656 3654//3654 3652//3652
f 3656//3656 3652//3652 3657//3657
f 3657//3657 3652//3652 3650//3650
f 3657//3657 3650//3650 3658//3658
f 3658//3658 3650//3650 3648//3648
f 3658//3658 3648//3648 3659//3659
f 3659//3659 3648//3648 3646//3646
f 3659//3659 3646//3646 3660//3660
f 3660//3660 3646//3646 3645//3645
f 122//122 120//120 1865//1865
f 1865//1865 120//120 3597//3597
f 1865//1865 3597//3597 1860//1860
f 1860//1860 3597//3597 3661//3661
f 1860//1860 3661//3661 1859//1859
f 3662//3662 1859//1859 3663//3663
f 3663//3663 1859//1859 3661//3661
f 3663//3663 3661//3661 3664//3664
f 3664//3664 3661//3661 3597//3597
f 3664//3664 3597//3597 3665//3665
f 3665//3665 3597//3597 117//117
f 117//117 118//118 3665//3665
f 3665//3665 118//118 112//112
f 3665//3665 112//112 3666//3666
f 3667//3667 1855//1855 3668//3668
f 3668//3668 1855//1855 1854//1854
f 3668//3668 1854//1854 3669//3669
f 1856//1856 1857//1857 1854//1854
f 1854//1854 1857//1857 3670//3670
f 1854//1854 3670//3670 3669//3669
f 3669//3669 3670//3670 3671//3671
f 3669//3669 3671//3671 3672//3672
f 3672//3672 3671//3671 3673//3673
f 3672//3672 3673//3673 1849//1849
f 3674//3674 3675//3675 3676//3676
f 3677//3677 1852//1852 3678//3678
f 3678//3678 1852//1852 1851//1851
f 3678//3678 1851//1851 3679//3679
f 112//112 114//114 3666//3666
f 3666//3666 114//114 115//115
f 3666//3666 115//115 3680//3680
f 3680//3680 115//115 108//108
f 3680//3680 108//108 110//110
f 3677//3677 3681//3681 1852//1852
f 1852//1852 3681//3681 3682//3682
f 1852//1852 3682//3682 1853//1853
f 1853//1853 3682//3682 3683//3683
f 1853//1853 3683//3683 3684//3684
f 3685//3685 3679//3679 3686//3686
f 3686//3686 3679//3679 1851//1851
f 3686//3686 1851//1851 3687//3687
f 3687//3687 1851//1851 1853//1853
f 3687//3687 1853//1853 3688//3688
f 3688//3688 1853//1853 3684//3684
f 3688//3688 3684//3684 3689//3689
f 3690//3690 3691//3691 3680//3680
f 3680//3680 3691//3691 3692//3692
f 3680//3680 3692//3692 3666//3666
f 3693//3693 3685//3685 3694//3694
f 3694//3694 3685//3685 3686//3686
f 3694//3694 3686//3686 3695//3695
f 3695//3695 3686//3686 3687//3687
f 3695//3695 3687//3687 3696//3696
f 3696//3696 3687//3687 3688//3688
f 3696//3696 3688//3688 3697//3697
f 3697//3697 3688//3688 3689//3689
f 3697//3697 3689//3689 3698//3698
f 3698//3698 3699//3699 3697//3697
f 3697//3697 3699//3699 3700//3700
f 3697//3697 3700//3700 3696//3696
f 3696//3696 3700//3700 3701//3701
f 3696//3696 3701//3701 3695//3695
f 3695//3695 3701//3701 3702//3702
f 3695//3695 3702//3702 3694//3694
f 3694//3694 3702//3702 3703//3703
f 3694//3694 3703//3703 3693//3693
f 3674//3674 3704//3704 3705//3705
f 3705//3705 3704//3704 3706//3706
f 3705//3705 3706//3706 3707//3707
f 3707//3707 3706//3706 3708//3708
f 3707//3707 3708//3708 3709//3709
f 3709//3709 3708//3708 3710//3710
f 3709//3709 3710//3710 3711//3711
f 3711//3711 3710//3710 3712//3712
f 1848//1848 3713//3713 3714//3714
f 3714//3714 3713//3713 3715//3715
f 1848//1848 1850//1850 3713//3713
f 3713//3713 1850//1850 3716//3716
f 3713//3713 3716//3716 3715//3715
f 3715//3715 3716//3716 3717//3717
f 3715//3715 3717//3717 3718//3718
f 1849//1849 3673//3673 1850//1850
f 1850//1850 3673//3673 3719//3719
f 1850//1850 3719//3719 3716//3716
f 3716//3716 3719//3719 3720//3720
f 3716//3716 3720//3720 3717//3717
f 3708//3708 3721//3721 3710//3710
f 3710//3710 3721//3721 3722//3722
f 3710//3710 3722//3722 3712//3712
f 3712//3712 3722//3722 3723//3723
f 3724//3724 3725//3725 3726//3726
f 3726//3726 3725//3725 3727//3727
f 3726//3726 3727//3727 3728//3728
f 3729//3729 1420//1420 1419//1419
f 1845//1845 1844//1844 3730//3730
f 3730//3730 1844//1844 3731//3731
f 3730//3730 3731//3731 3732//3732
f 3732//3732 3731//3731 3733//3733
f 3732//3732 3733//3733 3734//3734
f 3735//3735 3736//3736 3737//3737
f 3737//3737 3736//3736 3738//3738
f 3737//3737 3738//3738 3739//3739
f 3739//3739 3738//3738 3619//3619
f 3739//3739 3619//3619 3740//3740
f 3740//3740 3619//3619 3620//3620
f 3740//3740 3620//3620 3741//3741
f 3741//3741 3620//3620 3621//3621
f 3741//3741 3621//3621 3626//3626
f 3626//3626 3621//3621 3622//3622
f 3626//3626 3622//3622 3627//3627
f 3627//3627 3622//3622 3623//3623
f 3627//3627 3623//3623 3628//3628
f 3628//3628 3623//3623 3624//3624
f 3628//3628 3624//3624 3629//3629
f 3629//3629 3624//3624 3625//3625
f 3629//3629 3625//3625 3630//3630
f 3630//3630 3625//3625 3612//3612
f 3630//3630 3612//3612 3631//3631
f 3631//3631 3612//3612 3582//3582
f 3631//3631 3582//3582 3632//3632
f 3632//3632 3582//3582 3568//3568
f 3632//3632 3568//3568 3571//3571
f 3571//3571 3568//3568 1326//1326
f 3571//3571 1326//1326 1312//1312
f 3742//3742 3743//3743 3744//3744
f 3744//3744 3743//3743 3745//3745
f 3744//3744 3745//3745 3746//3746
f 3746//3746 3745//3745 3747//3747
f 3746//3746 3747//3747 3748//3748
f 3748//3748 3747//3747 3749//3749
f 3748//3748 3749//3749 3750//3750
f 3751//3751 3752//3752 3753//3753
f 3753//3753 3752//3752 3754//3754
f 3753//3753 3754//3754 3755//3755
f 3755//3755 3754//3754 3756//3756
f 3634//3634 3734//3734 3635//3635
f 3635//3635 3734//3734 3733//3733
f 3635//3635 3733//3733 3636//3636
f 3636//3636 3733//3733 3731//3731
f 3636//3636 3731//3731 3637//3637
f 3637//3637 3731//3731 1844//1844
f 3637//3637 1844//1844 3757//3757
f 3757//3757 1844//1844 1846//1846
f 3757//3757 1846//1846 3758//3758
f 3759//3759 402//402 1416//1416
f 1417//1417 3633//3633 1847//1847
f 1847//1847 3633//3633 3637//3637
f 1847//1847 3637//3637 3760//3760
f 3760//3760 3637//3637 3757//3757
f 3760//3760 3757//3757 3761//3761
f 3761//3761 3757//3757 3758//3758
f 3761//3761 3758//3758 3762//3762
f 3763//3763 3764//3764 3765//3765
f 3765//3765 3764//3764 3766//3766
f 3765//3765 3766//3766 3767//3767
f 3768//3768 3769//3769 3770//3770
f 3770//3770 3769//3769 3771//3771
f 3770//3770 3771//3771 3772//3772
f 3772//3772 3771//3771 3773//3773
f 3772//3772 3773//3773 3767//3767
f 1863//1863 3774//3774 1861//1861
f 1861//1861 3774//3774 3645//3645
f 1861//1861 3645//3645 3638//3638
f 3638//3638 3645//3645 3647//3647
f 3638//3638 3647//3647 3640//3640
f 3640//3640 3647//3647 3649//3649
f 3640//3640 3649//3649 3642//3642
f 3642//3642 3649//3649 3651//3651
f 3642//3642 3651//3651 3644//3644
f 3644//3644 3651//3651 3653//3653
f 3644//3644 3653//3653 3775//3775
f 3775//3775 3653//3653 3654//3654
f 3775//3775 3654//3654 3776//3776
f 3776//3776 3654//3654 3655//3655
f 3776//3776 3655//3655 3777//3777
f 3777//3777 3655//3655 3778//3778
f 3777//3777 3778//3778 3779//3779
f 3779//3779 3778//3778 3780//3780
f 3779//3779 3780//3780 3781//3781
f 3781//3781 3780//3780 3782//3782
f 3781//3781 3782//3782 3783//3783
f 3783//3783 3782//3782 3784//3784
f 3783//3783 3784//3784 3785//3785
f 3674//3674 3676//3676 3704//3704
f 3704//3704 3676//3676 3786//3786
f 3704//3704 3786//3786 3706//3706
f 3706//3706 3786//3786 3787//3787
f 3706//3706 3787//3787 3708//3708
f 3708//3708 3787//3787 3788//3788
f 3708//3708 3788//3788 3721//3721
f 3721//3721 3788//3788 3789//3789
f 3721//3721 3789//3789 3722//3722
f 3722//3722 3789//3789 3790//3790
f 3722//3722 3790//3790 3723//3723
f 3723//3723 3790//3790 3791//3791
f 3723//3723 3791//3791 3792//3792
f 3792//3792 3791//3791 3793//3793
f 3792//3792 3793//3793 3794//3794
f 110//110 111//111 3680//3680
f 3680//3680 111//111 3795//3795
f 3680//3680 3795//3795 3690//3690
f 3690//3690 3795//3795 3796//3796
f 3690//3690 3796//3796 3797//3797
f 104//104 103//103 3798//3798
f 106//106 104//104 3799//3799
f 3799//3799 104//104 3798//3798
f 3799//3799 3798//3798 3800//3800
f 3800//3800 3798//3798 3801//3801
f 3802//3802 3803//3803 3804//3804
f 3804//3804 3803//3803 3805//3805
f 3804//3804 3805//3805 3806//3806
f 3802//3802 3804//3804 3807//3807
f 3807//3807 3804//3804 3806//3806
f 3807//3807 3806//3806 3808//3808
f 3808//3808 3806//3806 3809//3809
f 3808//3808 3809//3809 3728//3728
f 3810//3810 3811//3811 3812//3812
f 3812//3812 3811//3811 3813//3813
f 3812//3812 3813//3813 3814//3814
f 2//2 1//1 3815//3815
f 3815//3815 1//1 3816//3816
f 3815//3815 3816//3816 3817//3817
f 3817//3817 3816//3816 3818//3818
f 3817//3817 3818//3818 3819//3819
f 3820//3820 3821//3821 3822//3822
f 3822//3822 3821//3821 3823//3823
f 3822//3822 3823//3823 3824//3824
f 103//103 2//2 3798//3798
f 3798//3798 2//2 3815//3815
f 3798//3798 3815//3815 3801//3801
f 3801//3801 3815//3815 3817//3817
f 3801//3801 3817//3817 3825//3825
f 3825//3825 3817//3817 3819//3819
f 1//1 99//99 3816//3816
f 3816//3816 99//99 102//102
f 3816//3816 102//102 3818//3818
f 3818//3818 102//102 101//101
f 3818//3818 101//101 100//100
f 3826//3826 3827//3827 3828//3828
f 1840//1840 1839//1839 3821//3821
f 3821//3821 1839//1839 3829//3829
f 3821//3821 3829//3829 3823//3823
f 100//100 3830//3830 3818//3818
f 3818//3818 3830//3830 1838//1838
f 3818//3818 1838//1838 3819//3819
f 3819//3819 1838//1838 1840//1840
f 3819//3819 1840//1840 3825//3825
f 3825//3825 1840//1840 3821//3821
f 3825//3825 3821//3821 3801//3801
f 3801//3801 3821//3821 3820//3820
f 3801//3801 3820//3820 3800//3800
f 3800//3800 3820//3820 3831//3831
f 3800//3800 3831//3831 3799//3799
f 3799//3799 3831//3831 3832//3832
f 3799//3799 3832//3832 106//106
f 106//106 3832//3832 107//107
f 3833//3833 3834//3834 3835//3835
f 3835//3835 3834//3834 3824//3824
f 3835//3835 3824//3824 3828//3828
f 3828//3828 3824//3824 3823//3823
f 3828//3828 3823//3823 3826//3826
f 3826//3826 3823//3823 3829//3829
f 111//111 107//107 3795//3795
f 3795//3795 107//107 3832//3832
f 3795//3795 3832//3832 3796//3796
f 3796//3796 3832//3832 3831//3831
f 3796//3796 3831//3831 3797//3797
f 3797//3797 3831//3831 3820//3820
f 3797//3797 3820//3820 3836//3836
f 3836//3836 3820//3820 3822//3822
f 3836//3836 3822//3822 3814//3814
f 3814//3814 3822//3822 3824//3824
f 3814//3814 3824//3824 3812//3812
f 3812//3812 3824//3824 3834//3834
f 3812//3812 3834//3834 3810//3810
f 3810//3810 3834//3834 3833//3833
f 3837//3837 3838//3838 3839//3839
f 3839//3839 3838//3838 3840//3840
f 3839//3839 3840//3840 3841//3841
f 3728//3728 3809//3809 3726//3726
f 3726//3726 3809//3809 3842//3842
f 3726//3726 3842//3842 3724//3724
f 3806//3806 3843//3843 3809//3809
f 3809//3809 3843//3843 3844//3844
f 3809//3809 3844//3844 3842//3842
f 3842//3842 3844//3844 3845//3845
f 3842//3842 3845//3845 3724//3724
f 3724//3724 3845//3845 3846//3846
f 3724//3724 3846//3846 3725//3725
f 3847//3847 3848//3848 3849//3849
f 3849//3849 3848//3848 3850//3850
f 3849//3849 3850//3850 3851//3851
f 3851//3851 3850//3850 3852//3852
f 3851//3851 3852//3852 3853//3853
f 3853//3853 3852//3852 3854//3854
f 3853//3853 3854//3854 3841//3841
f 3841//3841 3854//3854 3855//3855
f 98//98 97//97 3856//3856
f 3856//3856 97//97 95//95
f 3857//3857 3856//3856 3858//3858
f 3858//3858 3856//3856 95//95
f 3858//3858 95//95 94//94
f 3859//3859 1837//1837 3860//3860
f 3860//3860 1837//1837 93//93
f 3860//3860 93//93 92//92
f 3861//3861 3862//3862 3863//3863
f 3863//3863 3862//3862 3864//3864
f 3863//3863 3864//3864 3865//3865
f 3866//3866 3867//3867 3868//3868
f 3868//3868 3867//3867 3869//3869
f 3868//3868 3869//3869 3870//3870
f 1834//1834 1836//1836 3871//3871
f 88//88 90//90 3871//3871
f 3871//3871 90//90 91//91
f 3871//3871 91//91 1834//1834
f 1834//1834 91//91 1835//1835
f 92//92 88//88 3860//3860
f 3860//3860 88//88 3871//3871
f 3860//3860 3871//3871 3859//3859
f 3859//3859 3871//3871 1836//1836
f 3859//3859 1836//1836 3872//3872
f 3872//3872 1836//1836 3873//3873
f 3872//3872 3873//3873 3874//3874
f 3874//3874 3873//3873 3875//3875
f 3874//3874 3875//3875 3876//3876
f 3876//3876 3875//3875 3877//3877
f 3876//3876 3877//3877 3878//3878
f 86//86 87//87 3879//3879
f 3879//3879 87//87 1833//1833
f 3879//3879 1833//1833 3880//3880
f 3880//3880 1833//1833 3063//3063
f 3880//3880 3063//3063 3881//3881
f 3881//3881 3063//3063 3066//3066
f 3881//3881 3066//3066 3882//3882
f 176//176 3083//3083 1935//1935
f 1935//1935 3083//3083 3085//3085
f 1935//1935 3085//3085 3082//3082
f 3082//3082 3085//3085 3087//3087
f 3082//3082 3087//3087 3883//3883
f 3883//3883 3087//3087 3089//3089
f 3883//3883 3089//3089 3884//3884
f 3884//3884 3089//3089 3091//3091
f 3884//3884 3091//3091 3885//3885
f 3885//3885 3091//3091 3093//3093
f 3885//3885 3093//3093 3886//3886
f 91//91 86//86 1835//1835
f 1835//1835 86//86 3879//3879
f 1835//1835 3879//3879 1836//1836
f 1836//1836 3879//3879 3880//3880
f 1836//1836 3880//3880 3873//3873
f 3873//3873 3880//3880 3881//3881
f 3873//3873 3881//3881 3875//3875
f 3875//3875 3881//3881 3882//3882
f 3875//3875 3882//3882 3877//3877
f 94//94 93//93 3858//3858
f 3858//3858 93//93 1837//1837
f 3858//3858 1837//1837 3857//3857
f 3857//3857 1837//1837 3859//3859
f 3857//3857 3859//3859 3887//3887
f 3887//3887 3859//3859 3872//3872
f 3887//3887 3872//3872 3888//3888
f 3888//3888 3872//3872 3874//3874
f 3888//3888 3874//3874 3889//3889
f 3889//3889 3874//3874 3876//3876
f 3889//3889 3876//3876 3870//3870
f 3870//3870 3876//3876 3878//3878
f 3870//3870 3878//3878 3868//3868
f 3868//3868 3878//3878 3890//3890
f 3868//3868 3890//3890 3866//3866
f 183//183 3081//3081 3075//3075
f 3075//3075 3081//3081 3082//3082
f 3075//3075 3082//3082 3067//3067
f 3067//3067 3082//3082 3883//3883
f 3067//3067 3883//3883 3066//3066
f 3066//3066 3883//3883 3884//3884
f 3066//3066 3884//3884 3882//3882
f 3882//3882 3884//3884 3885//3885
f 3882//3882 3885//3885 3877//3877
f 3877//3877 3885//3885 3886//3886
f 3877//3877 3886//3886 3878//3878
f 3878//3878 3886//3886 3891//3891
f 3878//3878 3891//3891 3890//3890
f 3890//3890 3891//3891 3892//3892
f 3890//3890 3892//3892 3866//3866
f 1830//1830 3893//3893 1831//1831
f 1831//1831 3893//3893 3894//3894
f 1831//1831 3894//3894 1942//1942
f 1942//1942 3894//3894 3895//3895
f 1942//1942 3895//3895 1943//1943
f 1943//1943 3895//3895 3896//3896
f 1943//1943 3896//3896 3074//3074
f 3897//3897 3898//3898 3899//3899
f 3899//3899 3898//3898 3900//3900
f 3899//3899 3900//3900 3901//3901
f 3901//3901 3900//3900 3902//3902
f 3901//3901 3902//3902 3903//3903
f 3903//3903 3902//3902 3904//3904
f 3903//3903 3904//3904 3905//3905
f 3905//3905 3904//3904 3906//3906
f 3837//3837 3861//3861 3838//3838
f 3838//3838 3861//3861 3863//3863
f 3838//3838 3863//3863 3840//3840
f 3840//3840 3863//3863 3865//3865
f 3840//3840 3865//3865 3907//3907
f 3907//3907 3865//3865 3908//3908
f 3907//3907 3908//3908 3909//3909
f 3909//3909 3908//3908 3910//3910
f 3909//3909 3910//3910 3911//3911
f 3911//3911 3910//3910 3912//3912
f 3911//3911 3912//3912 3913//3913
f 3913//3913 3912//3912 3914//3914
f 3913//3913 3914//3914 3915//3915
f 3915//3915 3914//3914 3916//3916
f 3915//3915 3916//3916 3917//3917
f 3099//3099 3897//3897 3073//3073
f 3073//3073 3897//3897 3899//3899
f 3073//3073 3899//3899 3071//3071
f 3071//3071 3899//3899 3901//3901
f 3071//3071 3901//3901 3069//3069
f 3069//3069 3901//3901 3903//3903
f 3069//3069 3903//3903 1832//1832
f 1832//1832 3903//3903 3905//3905
f 1832//1832 3905//3905 1830//1830
f 3808//3808 3918//3918 3807//3807
f 3807//3807 3918//3918 3919//3919
f 3807//3807 3919//3919 3802//3802
f 3802//3802 3919//3919 3920//3920
f 3802//3802 3920//3920 3803//3803
f 3803//3803 3920//3920 3921//3921
f 3803//3803 3921//3921 3805//3805
f 3805//3805 3921//3921 3922//3922
f 3805//3805 3922//3922 3806//3806
f 3806//3806 3922//3922 3855//3855
f 3806//3806 3855//3855 3843//3843
f 3843//3843 3855//3855 3854//3854
f 3843//3843 3854//3854 3844//3844
f 3844//3844 3854//3854 3852//3852
f 3844//3844 3852//3852 3845//3845
f 3845//3845 3852//3852 3850//3850
f 3845//3845 3850//3850 3846//3846
f 3846//3846 3850//3850 3848//3848
f 3846//3846 3848//3848 1827//1827
f 1827//1827 3848//3848 3847//3847
f 1827//1827 3847//3847 1828//1828
f 100//100 98//98 3830//3830
f 3830//3830 98//98 3856//3856
f 3830//3830 3856//3856 1838//1838
f 1838//1838 3856//3856 3857//3857
f 1838//1838 3857//3857 1839//1839
f 1839//1839 3857//3857 3887//3887
f 1839//1839 3887//3887 3829//3829
f 3829//3829 3887//3887 3888//3888
f 3829//3829 3888//3888 3826//3826
f 3826//3826 3888//3888 3889//3889
f 3826//3826 3889//3889 3827//3827
f 3827//3827 3889//3889 3870//3870
f 3827//3827 3870//3870 3923//3923
f 3923//3923 3870//3870 3869//3869
f 3923//3923 3869//3869 3924//3924
f 3924//3924 3869//3869 3867//3867
f 3924//3924 3867//3867 3906//3906
f 3906//3906 3867//3867 3866//3866
f 3906//3906 3866//3866 3905//3905
f 3905//3905 3866//3866 3892//3892
f 3905//3905 3892//3892 1830//1830
f 1830//1830 3892//3892 3891//3891
f 1830//1830 3891//3891 3893//3893
f 3893//3893 3891//3891 3886//3886
f 3893//3893 3886//3886 3894//3894
f 3894//3894 3886//3886 3093//3093
f 3894//3894 3093//3093 3895//3895
f 3895//3895 3093//3093 3092//3092
f 3895//3895 3092//3092 3896//3896
f 3896//3896 3092//3092 1939//1939
f 3896//3896 1939//1939 3074//3074
f 3074//3074 1939//1939 1941//1941
f 3074//3074 1941//1941 1937//1937
f 1937//1937 1941//1941 3080//3080
f 1937//1937 3080//3080 1938//1938
f 1938//1938 3080//3080 3079//3079
f 1938//1938 3079//3079 3103//3103
f 3103//3103 3079//3079 3077//3077
f 3103//3103 3077//3077 3104//3104
f 3104//3104 3077//3077 3076//3076
f 3104//3104 3076//3076 3105//3105
f 3105//3105 3076//3076 3114//3114
f 3105//3105 3114//3114 3210//3210
f 3210//3210 3114//3114 3113//3113
f 3210//3210 3113//3113 3130//3130
f 3130//3130 3113//3113 3112//3112
f 3130//3130 3112//3112 3131//3131
f 3131//3131 3112//3112 3111//3111
f 3131//3131 3111//3111 3132//3132
f 3132//3132 3111//3111 3146//3146
f 3132//3132 3146//3146 3148//3148
f 3148//3148 3146//3146 3147//3147
f 3148//3148 3147//3147 3149//3149
f 3149//3149 3147//3147 3145//3145
f 3149//3149 3145//3145 3198//3198
f 3198//3198 3145//3145 3144//3144
f 3198//3198 3144//3144 3199//3199
f 3199//3199 3144//3144 3197//3197
f 3199//3199 3197//3197 3201//3201
f 3201//3201 3197//3197 3211//3211
f 3201//3201 3211//3211 3202//3202
f 3202//3202 3211//3211 3213//3213
f 3202//3202 3213//3213 3203//3203
f 3203//3203 3213//3213 3215//3215
f 3203//3203 3215//3215 3204//3204
f 3204//3204 3215//3215 3217//3217
f 3204//3204 3217//3217 3151//3151
f 3151//3151 3217//3217 3219//3219
f 3151//3151 3219//3219 3152//3152
f 3152//3152 3219//3219 3163//3163
f 3152//3152 3163//3163 3154//3154
f 3154//3154 3163//3163 3135//3135
f 3154//3154 3135//3135 3156//3156
f 3156//3156 3135//3135 3134//3134
f 3156//3156 3134//3134 3143//3143
f 3143//3143 3134//3134 3115//3115
f 3143//3143 3115//3115 3141//3141
f 3141//3141 3115//3115 3117//3117
f 3141//3141 3117//3117 3106//3106
f 3106//3106 3117//3117 3119//3119
f 3106//3106 3119//3119 3098//3098
f 3098//3098 3119//3119 3120//3120
f 3098//3098 3120//3120 3096//3096
f 3096//3096 3120//3120 1924//1924
f 3096//3096 1924//1924 3094//3094
f 3094//3094 1924//1924 3121//3121
f 3094//3094 3121//3121 3102//3102
f 3102//3102 3121//3121 3123//3123
f 3102//3102 3123//3123 3101//3101
f 3101//3101 3123//3123 3125//3125
f 3101//3101 3125//3125 3100//3100
f 3100//3100 3125//3125 3127//3127
f 3100//3100 3127//3127 3099//3099
f 3099//3099 3127//3127 3129//3129
f 3099//3099 3129//3129 3897//3897
f 3897//3897 3129//3129 3157//3157
f 3897//3897 3157//3157 3898//3898
f 3660//3660 3675//3675 3659//3659
f 3659//3659 3675//3675 3674//3674
f 3659//3659 3674//3674 3658//3658
f 3658//3658 3674//3674 3705//3705
f 3658//3658 3705//3705 3657//3657
f 3657//3657 3705//3705 3707//3707
f 3657//3657 3707//3707 3656//3656
f 3656//3656 3707//3707 3709//3709
f 3656//3656 3709//3709 3655//3655
f 3655//3655 3709//3709 3711//3711
f 3655//3655 3711//3711 3778//3778
f 3778//3778 3711//3711 3712//3712
f 3778//3778 3712//3712 3780//3780
f 3780//3780 3712//3712 3723//3723
f 3780//3780 3723//3723 3782//3782
f 3782//3782 3723//3723 3792//3792
f 3782//3782 3792//3792 3784//3784
f 3784//3784 3792//3792 3794//3794
f 402//402 3759//3759 403//403
f 403//403 3759//3759 3925//3925
f 403//403 3925//3925 1414//1414
f 3926//3926 3762//3762 3927//3927
f 3927//3927 3762//3762 3758//3758
f 3927//3927 3758//3758 3928//3928
f 3928//3928 3758//3758 1846//1846
f 3928//3928 1846//1846 3735//3735
f 3735//3735 1846//1846 1845//1845
f 3735//3735 1845//1845 3736//3736
f 3736//3736 1845//1845 3730//3730
f 3736//3736 3730//3730 3738//3738
f 3738//3738 3730//3730 3732//3732
f 3738//3738 3732//3732 3619//3619
f 3619//3619 3732//3732 3734//3734
f 3619//3619 3734//3734 3618//3618
f 3618//3618 3734//3734 3634//3634
f 3618//3618 3634//3634 3610//3610
f 3610//3610 3634//3634 1335//1335
f 3610//3610 1335//1335 1345//1345
f 3929//3929 3930//3930 3931//3931
f 3931//3931 3930//3930 3932//3932
f 3931//3931 3932//3932 3933//3933
f 3933//3933 3932//3932 3925//3925
f 3933//3933 3925//3925 3934//3934
f 3934//3934 3925//3925 3759//3759
f 3934//3934 3759//3759 3729//3729
f 3729//3729 3759//3759 1416//1416
f 3729//3729 1416//1416 1420//1420
f 3935//3935 3936//3936 3937//3937
f 3937//3937 3936//3936 3938//3938
f 3937//3937 3938//3938 3939//3939
f 3939//3939 3938//3938 3940//3940
f 3939//3939 3940//3940 3941//3941
f 3941//3941 3940//3940 3942//3942
f 3941//3941 3942//3942 3943//3943
f 3943//3943 3942//3942 3944//3944
f 3943//3943 3944//3944 3945//3945
f 3945//3945 3944//3944 3946//3946
f 3945//3945 3946//3946 3947//3947
f 3947//3947 3946//3946 3948//3948
f 3947//3947 3948//3948 3949//3949
f 3949//3949 3948//3948 3950//3950
f 3949//3949 3950//3950 3951//3951
f 3951//3951 3950//3950 3952//3952
f 3951//3951 3952//3952 3953//3953
f 3954//3954 3929//3929 3926//3926
f 3926//3926 3929//3929 3931//3931
f 3926//3926 3931//3931 3762//3762
f 3762//3762 3931//3931 3933//3933
f 3762//3762 3933//3933 3761//3761
f 3761//3761 3933//3933 3934//3934
f 3761//3761 3934//3934 3760//3760
f 3760//3760 3934//3934 3729//3729
f 3760//3760 3729//3729 1847//1847
f 1847//1847 3729//3729 1419//1419
f 1847//1847 1419//1419 1418//1418
f 3955//3955 3956//3956 3957//3957
f 3957//3957 3956//3956 3958//3958
f 3957//3957 3958//3958 3959//3959
f 3959//3959 3958//3958 3960//3960
f 3959//3959 3960//3960 3961//3961
f 3961//3961 3960//3960 3962//3962
f 3961//3961 3962//3962 3963//3963
f 3963//3963 3962//3962 3964//3964
f 3963//3963 3964//3964 3965//3965
f 3965//3965 3964//3964 3966//3966
f 3965//3965 3966//3966 3967//3967
f 3967//3967 3966//3966 3968//3968
f 3967//3967 3968//3968 3969//3969
f 1842//1842 1841//1841 3970//3970
f 3970//3970 1841//1841 3971//3971
f 3970//3970 3971//3971 3972//3972
f 3972//3972 3971//3971 3973//3973
f 3972//3972 3973//3973 3974//3974
f 3974//3974 3973//3973 3975//3975
f 3974//3974 3975//3975 3976//3976
f 3953//3953 3977//3977 3951//3951
f 3951//3951 3977//3977 3978//3978
f 3951//3951 3978//3978 3949//3949
f 3949//3949 3978//3978 3979//3979
f 3949//3949 3979//3979 3947//3947
f 3947//3947 3979//3979 3980//3980
f 3947//3947 3980//3980 3945//3945
f 3945//3945 3980//3980 3981//3981
f 3945//3945 3981//3981 3943//3943
f 3943//3943 3981//3981 3982//3982
f 3943//3943 3982//3982 3941//3941
f 3941//3941 3982//3982 3983//3983
f 3941//3941 3983//3983 3939//3939
f 3939//3939 3983//3983 3984//3984
f 3939//3939 3984//3984 3937//3937
f 3937//3937 3984//3984 3985//3985
f 3937//3937 3985//3985 3935//3935
f 3935//3935 3985//3985 3986//3986
f 3785//3785 3768//3768 3783//3783
f 3783//3783 3768//3768 3770//3770
f 3783//3783 3770//3770 3781//3781
f 3781//3781 3770//3770 3772//3772
f 3781//3781 3772//3772 3779//3779
f 3779//3779 3772//3772 3767//3767
f 3779//3779 3767//3767 3777//3777
f 3777//3777 3767//3767 3766//3766
f 3777//3777 3766//3766 3776//3776
f 3776//3776 3766//3766 3764//3764
f 3776//3776 3764//3764 3775//3775
f 3775//3775 3764//3764 3763//3763
f 3775//3775 3763//3763 3644//3644
f 3644//3644 3763//3763 3987//3987
f 3644//3644 3987//3987 3643//3643
f 3643//3643 3987//3987 3609//3609
f 3643//3643 3609//3609 3641//3641
f 3641//3641 3609//3609 3608//3608
f 3641//3641 3608//3608 3639//3639
f 3639//3639 3608//3608 3607//3607
f 3639//3639 3607//3607 1861//1861
f 1861//1861 3607//3607 3602//3602
f 1861//1861 3602//3602 1862//1862
f 1862//1862 3602//3602 3604//3604
f 1862//1862 3604//3604 1864//1864
f 1864//1864 3604//3604 3606//3606
f 3750//3750 3988//3988 3989//3989
f 3989//3989 3988//3988 3990//3990
f 3989//3989 3990//3990 3991//3991
f 3991//3991 3990//3990 3992//3992
f 3991//3991 3992//3992 3993//3993
f 3993//3993 3992//3992 3994//3994
f 3993//3993 3994//3994 3995//3995
f 3995//3995 3994//3994 3996//3996
f 3995//3995 3996//3996 3997//3997
f 3997//3997 3996//3996 3998//3998
f 3997//3997 3998//3998 3999//3999
f 3999//3999 3998//3998 4000//4000
f 3999//3999 4000//4000 4001//4001
f 4001//4001 4000//4000 4002//4002
f 4001//4001 4002//4002 4003//4003
f 4003//4003 4002//4002 4004//4004
f 4003//4003 4004//4004 4005//4005
f 4005//4005 4004//4004 4006//4006
f 4005//4005 4006//4006 4007//4007
f 4007//4007 4006//4006 4008//4008
f 4007//4007 4008//4008 1820//1820
f 1820//1820 4008//4008 4009//4009
f 1820//1820 4009//4009 1821//1821
f 1821//1821 4009//4009 4010//4010
f 3988//3988 3952//3952 3990//3990
f 3990//3990 3952//3952 3950//3950
f 3990//3990 3950//3950 3992//3992
f 3992//3992 3950//3950 3948//3948
f 3992//3992 3948//3948 3994//3994
f 3994//3994 3948//3948 3946//3946
f 3994//3994 3946//3946 3996//3996
f 3996//3996 3946//3946 3944//3944
f 3996//3996 3944//3944 3998//3998
f 3998//3998 3944//3944 3942//3942
f 3998//3998 3942//3942 4000//4000
f 4000//4000 3942//3942 3940//3940
f 4000//4000 3940//3940 4002//4002
f 4002//4002 3940//3940 3938//3938
f 4002//4002 3938//3938 4004//4004
f 4004//4004 3938//3938 3936//3936
f 4004//4004 3936//3936 4006//4006
f 4006//4006 3936//3936 3935//3935
f 4006//4006 3935//3935 4008//4008
f 4008//4008 3935//3935 3986//3986
f 4008//4008 3986//3986 4009//4009
f 4009//4009 3986//3986 4011//4011
f 4009//4009 4011//4011 4010//4010
f 4010//4010 4011//4011 4012//4012
f 4013//4013 1813//1813 4014//4014
f 4014//4014 1813//1813 1812//1812
f 4014//4014 1812//1812 1413//1413
f 1826//1826 4013//4013 1825//1825
f 1825//1825 4013//4013 4014//4014
f 1825//1825 4014//4014 1823//1823
f 1823//1823 4014//4014 1413//1413
f 1823//1823 1413//1413 1415//1415
f 4015//4015 4016//4016 4017//4017
f 4018//4018 4019//4019 4020//4020
f 4020//4020 4019//4019 4021//4021
f 4020//4020 4021//4021 4022//4022
f 4022//4022 4021//4021 4023//4023
f 840//840 839//839 2072//2072
f 2072//2072 839//839 1817//1817
f 2072//2072 1817//1817 4024//4024
f 4024//4024 1817//1817 1816//1816
f 4024//4024 1816//1816 4013//4013
f 4013//4013 1816//1816 1814//1814
f 4013//4013 1814//1814 1813//1813
f 4015//4015 4017//4017 4025//4025
f 4025//4025 4017//4017 4026//4026
f 4025//4025 4026//4026 4027//4027
f 4027//4027 4026//4026 4028//4028
f 4027//4027 4028//4028 4029//4029
f 4029//4029 4028//4028 2088//2088
f 4029//4029 2088//2088 2093//2093
f 2093//2093 2088//2088 2090//2090
f 2093//2093 2090//2090 2094//2094
f 2094//2094 2090//2090 2092//2092
f 2094//2094 2092//2092 2096//2096
f 1826//1826 4015//4015 4013//4013
f 4013//4013 4015//4015 4025//4025
f 4013//4013 4025//4025 4024//4024
f 4024//4024 4025//4025 4027//4027
f 4024//4024 4027//4027 2072//2072
f 2072//2072 4027//4027 4029//4029
f 2072//2072 4029//4029 2073//2073
f 2073//2073 4029//4029 2093//2093
f 2073//2073 2093//2093 2074//2074
f 2074//2074 2093//2093 2095//2095
f 2074//2074 2095//2095 2098//2098
f 2098//2098 2095//2095 2097//2097
f 2098//2098 2097//2097 2099//2099
f 4019//4019 4030//4030 4021//4021
f 4021//4021 4030//4030 4031//4031
f 4021//4021 4031//4031 4023//4023
f 4023//4023 4031//4031 4032//4032
f 4023//4023 4032//4032 4033//4033
f 4033//4033 4032//4032 4034//4034
f 4033//4033 4034//4034 4035//4035
f 4035//4035 4034//4034 4036//4036
f 4035//4035 4036//4036 4037//4037
f 4037//4037 4036//4036 2107//2107
f 4037//4037 2107//2107 2102//2102
f 2102//2102 2107//2107 2109//2109
f 2102//2102 2109//2109 2103//2103
f 2103//2103 2109//2109 2111//2111
f 2103//2103 2111//2111 2105//2105
f 4031//4031 2076//2076 4032//4032
f 4032//4032 2076//2076 2078//2078
f 4032//4032 2078//2078 4034//4034
f 4034//4034 2078//2078 2080//2080
f 4034//4034 2080//2080 4036//4036
f 4036//4036 2080//2080 2082//2082
f 4036//4036 2082//2082 2107//2107
f 2107//2107 2082//2082 2086//2086
f 2107//2107 2086//2086 2108//2108
f 2108//2108 2086//2086 2113//2113
f 2108//2108 2113//2113 2110//2110
f 4038//4038 4018//4018 4039//4039
f 4039//4039 4018//4018 4020//4020
f 4039//4039 4020//4020 4040//4040
f 4040//4040 4020//4020 4022//4022
f 4040//4040 4022//4022 4041//4041
f 4041//4041 4022//4022 4023//4023
f 4041//4041 4023//4023 4016//4016
f 4016//4016 4023//4023 4033//4033
f 4016//4016 4033//4033 4017//4017
f 4017//4017 4033//4033 4035//4035
f 4017//4017 4035//4035 4026//4026
f 4026//4026 4035//4035 4037//4037
f 4026//4026 4037//4037 4028//4028
f 4028//4028 4037//4037 2102//2102
f 4028//4028 2102//2102 2088//2088
f 2088//2088 2102//2102 2104//2104
f 2088//2088 2104//2104 2089//2089
f 2089//2089 2104//2104 2106//2106
f 2089//2089 2106//2106 2091//2091
f 4042//4042 2152//2152 4043//4043
f 4043//4043 2152//2152 2151//2151
f 4043//4043 2151//2151 4044//4044
f 4044//4044 2151//2151 2134//2134
f 4044//4044 2134//2134 4045//4045
f 4045//4045 2134//2134 2136//2136
f 4045//4045 2136//2136 4046//4046
f 4046//4046 2136//2136 4047//4047
f 4046//4046 4047//4047 4048//4048
f 4048//4048 4047//4047 4049//4049
f 4048//4048 4049//4049 4050//4050
f 4050//4050 4049//4049 3976//3976
f 4050//4050 3976//3976 3969//3969
f 3969//3969 3976//3976 3975//3975
f 3969//3969 3975//3975 3967//3967
f 3967//3967 3975//3975 3973//3973
f 3967//3967 3973//3973 3965//3965
f 3965//3965 3973//3973 3971//3971
f 3965//3965 3971//3971 3963//3963
f 3963//3963 3971//3971 1841//1841
f 3963//3963 1841//1841 3961//3961
f 3961//3961 1841//1841 1843//1843
f 3961//3961 1843//1843 3959//3959
f 3968//3968 4051//4051 3969//3969
f 3969//3969 4051//4051 4052//4052
f 3969//3969 4052//4052 4050//4050
f 4050//4050 4052//4052 4053//4053
f 4050//4050 4053//4053 4048//4048
f 4048//4048 4053//4053 4054//4054
f 4048//4048 4054//4054 4046//4046
f 4046//4046 4054//4054 2140//2140
f 4046//4046 2140//2140 4045//4045
f 4045//4045 2140//2140 2139//2139
f 4045//4045 2139//2139 4044//4044
f 4044//4044 2139//2139 2435//2435
f 4044//4044 2435//2435 4043//4043
f 4043//4043 2435//2435 2434//2434
f 4043//4043 2434//2434 4042//4042
f 4042//4042 2434//2434 2433//2433
f 1822//1822 1821//1821 4055//4055
f 4055//4055 1821//1821 4010//4010
f 4055//4055 4010//4010 4056//4056
f 4056//4056 4010//4010 4012//4012
f 4056//4056 4012//4012 4057//4057
f 4057//4057 4012//4012 4058//4058
f 4057//4057 4058//4058 4059//4059
f 3756//3756 3955//3955 3755//3755
f 3755//3755 3955//3955 3957//3957
f 3755//3755 3957//3957 3753//3753
f 3753//3753 3957//3957 3959//3959
f 3753//3753 3959//3959 3751//3751
f 3751//3751 3959//3959 1843//1843
f 3751//3751 1843//1843 4038//4038
f 4038//4038 1843//1843 1842//1842
f 4038//4038 1842//1842 4018//4018
f 4018//4018 1842//1842 3970//3970
f 4018//4018 3970//3970 4019//4019
f 4019//4019 3970//3970 3972//3972
f 4019//4019 3972//3972 4030//4030
f 4030//4030 3972//3972 3974//3974
f 4030//4030 3974//3974 4031//4031
f 4031//4031 3974//3974 3976//3976
f 4031//4031 3976//3976 2076//2076
f 2076//2076 3976//3976 4049//4049
f 2076//2076 4049//4049 2077//2077
f 2077//2077 4049//4049 4047//4047
f 2077//2077 4047//4047 2129//2129
f 2129//2129 4047//4047 2136//2136
f 2129//2129 2136//2136 2130//2130
f 2130//2130 2136//2136 2135//2135
f 2130//2130 2135//2135 2131//2131
f 2131//2131 2135//2135 2150//2150
f 2131//2131 2150//2150 2132//2132
f 2132//2132 2150//2150 2149//2149
f 2132//2132 2149//2149 2133//2133
f 4060//4060 4061//4061 4062//4062
f 4062//4062 4061//4061 4063//4063
f 4062//4062 4063//4063 4064//4064
f 4064//4064 4063//4063 4065//4065
f 4064//4064 4065//4065 4066//4066
f 4066//4066 4065//4065 4067//4067
f 4067//4067 4065//4065 4068//4068
f 4067//4067 4068//4068 4069//4069
f 3841//3841 3840//3840 3853//3853
f 3853//3853 3840//3840 3907//3907
f 3853//3853 3907//3907 3851//3851
f 3851//3851 3907//3907 3909//3909
f 3851//3851 3909//3909 3849//3849
f 3849//3849 3909//3909 3911//3911
f 3849//3849 3911//3911 3847//3847
f 3847//3847 3911//3911 3913//3913
f 3847//3847 3913//3913 1828//1828
f 1828//1828 3913//3913 3915//3915
f 1828//1828 3915//3915 1829//1829
f 1829//1829 3915//3915 3917//3917
f 1829//1829 3917//3917 4070//4070
f 4070//4070 3917//3917 4071//4071
f 4070//4070 4071//4071 4072//4072
f 4072//4072 4071//4071 4073//4073
f 4072//4072 4073//4073 4074//4074
f 1858//1858 1859//1859 1857//1857
f 1857//1857 1859//1859 3662//3662
f 1857//1857 3662//3662 3670//3670
f 3670//3670 3662//3662 4075//4075
f 3670//3670 4075//4075 3671//3671
f 3671//3671 4075//4075 4076//4076
f 3671//3671 4076//4076 3673//3673
f 3673//3673 4076//4076 3728//3728
f 3673//3673 3728//3728 3719//3719
f 3719//3719 3728//3728 3727//3727
f 3719//3719 3727//3727 3720//3720
f 3720//3720 3727//3727 3725//3725
f 3720//3720 3725//3725 3717//3717
f 3717//3717 3725//3725 3846//3846
f 3717//3717 3846//3846 3718//3718
f 3718//3718 3846//3846 1827//1827
f 3718//3718 1827//1827 4077//4077
f 4077//4077 1827//1827 1829//1829
f 4077//4077 1829//1829 4078//4078
f 4078//4078 1829//1829 4070//4070
f 4078//4078 4070//4070 4079//4079
f 4079//4079 4070//4070 4072//4072
f 4079//4079 4072//4072 4080//4080
f 4080//4080 4072//4072 4074//4074
f 4080//4080 4074//4074 4081//4081
f 4082//4082 4069//4069 4083//4083
f 4083//4083 4069//4069 4068//4068
f 4083//4083 4068//4068 3794//3794
f 3794//3794 4068//4068 4065//4065
f 3794//3794 4065//4065 3784//3784
f 3784//3784 4065//4065 4063//4063
f 3784//3784 4063//4063 3785//3785
f 3785//3785 4063//4063 4061//4061
f 3785//3785 4061//4061 3768//3768
f 3768//3768 4061//4061 4060//4060
f 3768//3768 4060//4060 3769//3769
f 3953//3953 3599//3599 3977//3977
f 3977//3977 3599//3599 3598//3598
f 3977//3977 3598//3598 3978//3978
f 3978//3978 3598//3598 3609//3609
f 3978//3978 3609//3609 3979//3979
f 3979//3979 3609//3609 3987//3987
f 3979//3979 3987//3987 3980//3980
f 3980//3980 3987//3987 3763//3763
f 3980//3980 3763//3763 3981//3981
f 3981//3981 3763//3763 3765//3765
f 3981//3981 3765//3765 3982//3982
f 3982//3982 3765//3765 3767//3767
f 3982//3982 3767//3767 3983//3983
f 3983//3983 3767//3767 3773//3773
f 3983//3983 3773//3773 3984//3984
f 3984//3984 3773//3773 3771//3771
f 3984//3984 3771//3771 3985//3985
f 3985//3985 3771//3771 3769//3769
f 3985//3985 3769//3769 3986//3986
f 3986//3986 3769//3769 4060//4060
f 3986//3986 4060//4060 4011//4011
f 4011//4011 4060//4060 4062//4062
f 4011//4011 4062//4062 4012//4012
f 4012//4012 4062//4062 4064//4064
f 4012//4012 4064//4064 4058//4058
f 4058//4058 4064//4064 4066//4066
f 4058//4058 4066//4066 4059//4059
f 4059//4059 4066//4066 4067//4067
f 4059//4059 4067//4067 4084//4084
f 4084//4084 4067//4067 4069//4069
f 4084//4084 4069//4069 4085//4085
f 4085//4085 4069//4069 4082//4082
f 4085//4085 4082//4082 4086//4086
f 3954//3954 3926//3926 4087//4087
f 4087//4087 3926//3926 3927//3927
f 4087//4087 3927//3927 4088//4088
f 4088//4088 3927//3927 3928//3928
f 4088//4088 3928//3928 4089//4089
f 4089//4089 3928//3928 3735//3735
f 4089//4089 3735//3735 3742//3742
f 3742//3742 3735//3735 3737//3737
f 3742//3742 3737//3737 3743//3743
f 3743//3743 3737//3737 3739//3739
f 3743//3743 3739//3739 3745//3745
f 3745//3745 3739//3739 3740//3740
f 3745//3745 3740//3740 3747//3747
f 3747//3747 3740//3740 3741//3741
f 3747//3747 3741//3741 3749//3749
f 3749//3749 3741//3741 3626//3626
f 3749//3749 3626//3626 3750//3750
f 3750//3750 3626//3626 3589//3589
f 3750//3750 3589//3589 3988//3988
f 3988//3988 3589//3589 3591//3591
f 3988//3988 3591//3591 3952//3952
f 3952//3952 3591//3591 3588//3588
f 3952//3952 3588//3588 3953//3953
f 3953//3953 3588//3588 3587//3587
f 3953//3953 3587//3587 3599//3599
f 3599//3599 3587//3587 3585//3585
f 3599//3599 3585//3585 3601//3601
f 3601//3601 3585//3585 3595//3595
f 3601//3601 3595//3595 3603//3603
f 3603//3603 3595//3595 3596//3596
f 3603//3603 3596//3596 3605//3605
f 3605//3605 3596//3596 1865//1865
f 3605//3605 1865//1865 3606//3606
f 3606//3606 1865//1865 1860//1860
f 3606//3606 1860//1860 1864//1864
f 1864//1864 1860//1860 1858//1858
f 1864//1864 1858//1858 1863//1863
f 1863//1863 1858//1858 1856//1856
f 1863//1863 1856//1856 3774//3774
f 3774//3774 1856//1856 1855//1855
f 3774//3774 1855//1855 3645//3645
f 3645//3645 1855//1855 3667//3667
f 3645//3645 3667//3667 3660//3660
f 3660//3660 3667//3667 3668//3668
f 3660//3660 3668//3668 3675//3675
f 3675//3675 3668//3668 3669//3669
f 3675//3675 3669//3669 3676//3676
f 3676//3676 3669//3669 3672//3672
f 3676//3676 3672//3672 3786//3786
f 3786//3786 3672//3672 1849//1849
f 3786//3786 1849//1849 3787//3787
f 3787//3787 1849//1849 1848//1848
f 3787//3787 1848//1848 3788//3788
f 3788//3788 1848//1848 3714//3714
f 3788//3788 3714//3714 3789//3789
f 3789//3789 3714//3714 3715//3715
f 3789//3789 3715//3715 3790//3790
f 3790//3790 3715//3715 3718//3718
f 3790//3790 3718//3718 3791//3791
f 3791//3791 3718//3718 4077//4077
f 3791//3791 4077//4077 3793//3793
f 3793//3793 4077//4077 4078//4078
f 3793//3793 4078//4078 3794//3794
f 3794//3794 4078//4078 4079//4079
f 3794//3794 4079//4079 4083//4083
f 4083//4083 4079//4079 4080//4080
f 4083//4083 4080//4080 4082//4082
f 4082//4082 4080//4080 4081//4081
f 4082//4082 4081//4081 4086//4086
f 4086//4086 2425//2425 4085//4085
f 4085//4085 2425//2425 2427//2427
f 4085//4085 2427//2427 4084//4084
f 4084//4084 2427//2427 2429//2429
f 4084//4084 2429//2429 4059//4059
f 4059//4059 2429//2429 2430//2430
f 4059//4059 2430//2430 4057//4057
f 4057//4057 2430//2430 2142//2142
f 4057//4057 2142//2142 4056//4056
f 4056//4056 2142//2142 2137//2137
f 4056//4056 2137//2137 4055//4055
f 4055//4055 2137//2137 2140//2140
f 4055//4055 2140//2140 1822//1822
f 1822//1822 2140//2140 4054//4054
f 1822//1822 4054//4054 1820//1820
f 1820//1820 4054//4054 4053//4053
f 1820//1820 4053//4053 4007//4007
f 4007//4007 4053//4053 4052//4052
f 4007//4007 4052//4052 4005//4005
f 4005//4005 4052//4052 4051//4051
f 4005//4005 4051//4051 4003//4003
f 4003//4003 4051//4051 3968//3968
f 4003//4003 3968//3968 4001//4001
f 4001//4001 3968//3968 3966//3966
f 4001//4001 3966//3966 3999//3999
f 3999//3999 3966//3966 3964//3964
f 3999//3999 3964//3964 3997//3997
f 3997//3997 3964//3964 3962//3962
f 3997//3997 3962//3962 3995//3995
f 3995//3995 3962//3962 3960//3960
f 3995//3995 3960//3960 3993//3993
f 3993//3993 3960//3960 3958//3958
f 3993//3993 3958//3958 3991//3991
f 3991//3991 3958//3958 3956//3956
f 3991//3991 3956//3956 3989//3989
f 3989//3989 3956//3956 3955//3955
f 3989//3989 3955//3955 3750//3750
f 3750//3750 3955//3955 3756//3756
f 3750//3750 3756//3756 3748//3748
f 3748//3748 3756//3756 3754//3754
f 3748//3748 3754//3754 3746//3746
f 3746//3746 3754//3754 3752//3752
f 3746//3746 3752//3752 3744//3744
f 3744//3744 3752//3752 3751//3751
f 3744//3744 3751//3751 3742//3742
f 3742//3742 3751//3751 4038//4038
f 3742//3742 4038//4038 4089//4089
f 4089//4089 4038//4038 4039//4039
f 4089//4089 4039//4039 4088//4088
f 4088//4088 4039//4039 4040//4040
f 4088//4088 4040//4040 4087//4087
f 4087//4087 4040//4040 4041//4041
f 4087//4087 4041//4041 3954//3954
f 3954//3954 4041//4041 4016//4016
f 3954//3954 4016//4016 3929//3929
f 3929//3929 4016//4016 4015//4015
f 3929//3929 4015//4015 3930//3930
f 3930//3930 4015//4015 1826//1826
f 3930//3930 1826//1826 3932//3932
f 3932//3932 1826//1826 1824//1824
f 3932//3932 1824//1824 3925//3925
f 3925//3925 1824//1824 1823//1823
f 3925//3925 1823//1823 1414//1414
f 1414//1414 1823//1823 1415//1415
f 3699//3699 3920//3920 3700//3700
f 3700//3700 3920//3920 3919//3919
f 3700//3700 3919//3919 3701//3701
f 3701//3701 3919//3919 3918//3918
f 3701//3701 3918//3918 3702//3702
f 3702//3702 3918//3918 3808//3808
f 3702//3702 3808//3808 3703//3703
f 3703//3703 3808//3808 3728//3728
f 3703//3703 3728//3728 3693//3693
f 3693//3693 3728//3728 4076//4076
f 3693//3693 4076//4076 3685//3685
f 3685//3685 4076//4076 4075//4075
f 3685//3685 4075//4075 3679//3679
f 3679//3679 4075//4075 3662//3662
f 3679//3679 3662//3662 3678//3678
f 3678//3678 3662//3662 3663//3663
f 3678//3678 3663//3663 3677//3677
f 3677//3677 3663//3663 3664//3664
f 3677//3677 3664//3664 3681//3681
f 3681//3681 3664//3664 3665//3665
f 3681//3681 3665//3665 3682//3682
f 3682//3682 3665//3665 3666//3666
f 3682//3682 3666//3666 3683//3683
f 3683//3683 3666//3666 3692//3692
f 3683//3683 3692//3692 3684//3684
f 3684//3684 3692//3692 3691//3691
f 3684//3684 3691//3691 3689//3689
f 3689//3689 3691//3691 3690//3690
f 3689//3689 3690//3690 3698//3698
f 3698//3698 3690//3690 3797//3797
f 3698//3698 3797//3797 3699//3699
f 3699//3699 3797//3797 3836//3836
f 3699//3699 3836//3836 3920//3920
f 3920//3920 3836//3836 3814//3814
f 3920//3920 3814//3814 3921//3921
f 3921//3921 3814//3814 3813//3813
f 3921//3921 3813//3813 3922//3922
f 3922//3922 3813//3813 3811//3811
f 3922//3922 3811//3811 3855//3855
f 3855//3855 3811//3811 3810//3810
f 3855//3855 3810//3810 3841//3841
f 3841//3841 3810//3810 3833//3833
f 3841//3841 3833//3833 3839//3839
f 3839//3839 3833//3833 3835//3835
f 3839//3839 3835//3835 3837//3837
f 3837//3837 3835//3835 3828//3828
f 3837//3837 3828//3828 3861//3861
f 3861//3861 3828//3828 3827//3827
f 3861//3861 3827//3827 3862//3862
f 3862//3862 3827//3827 3923//3923
f 3862//3862 3923//3923 3864//3864
f 3864//3864 3923//3923 3924//3924
f 3864//3864 3924//3924 3865//3865
f 3865//3865 3924//3924 3906//3906
f 3865//3865 3906//3906 3908//3908
f 3908//3908 3906//3906 3904//3904
f 3908//3908 3904//3904 3910//3910
f 3910//3910 3904//3904 3902//3902
f 3910//3910 3902//3902 3912//3912
f 3912//3912 3902//3902 3900//3900
f 3912//3912 3900//3900 3914//3914
f 3914//3914 3900//3900 3898//3898
f 3914//3914 3898//3898 3916//3916
f 3916//3916 3898//3898 3157//3157
f 3916//3916 3157//3157 3917//3917
f 3917//3917 3157//3157 1933//1933
f 3917//3917 1933//1933 4071//4071
f 4071//4071 1933//1933 1932//1932
f 4071//4071 1932//1932 4073//4073
f 575//575 573//573 3051//3051
f 3051//3051 573//573 571//571
f 3051//3051 571//571 570//570
f 222//222 361//361 570//570
f 570//570 361//361 360//360
f 570//570 360//360 3051//3051
f 3051//3051 360//360 3055//3055
f 3051//3051 3055//3055 3052//3052
f 3052//3052 3055//3055 3043//3043
f 3052//3052 3043//3043 3053//3053
f 3053//3053 3043//3043 3013//3013
f 3053//3053 3013//3013 3054//3054
f 3054//3054 3013//3013 3014//3014
f 3054//3054 3014//3014 1947//1947
f 1947//1947 3014//3014 3015//3015
f 1947//1947 3015//3015 1948//1948
f 1948//1948 3015//3015 3016//3016
f 1948//1948 3016//3016 1951//1951
f 1951//1951 3016//3016 3017//3017
f 1951//1951 3017//3017 1962//1962
f 1962//1962 3017//3017 3010//3010
f 1962//1962 3010//3010 2966//2966
f 2966//2966 3010//3010 3011//3011
f 2966//2966 3011//3011 2964//2964
f 2964//2964 3011//3011 2959//2959
f 2964//2964 2959//2959 2963//2963
f 2963//2963 2959//2959 1969//1969
f 2963//2963 1969//1969 2962//2962
f 2962//2962 1969//1969 1971//1971
f 2962//2962 1971//1971 2961//2961
f 2961//2961 1971//1971 1973//1973
f 2961//2961 1973//1973 2960//2960
f 2960//2960 1973//1973 2881//2881
f 2960//2960 2881//2881 2882//2882
f 1753//1753 521//521 1819//1819
f 1819//1819 521//521 2015//2015
f 1819//1819 2015//2015 4090//4090
f 4090//4090 2015//2015 2611//2611
f 4090//4090 2611//2611 4091//4091
f 4091//4091 2611//2611 2610//2610
f 4091//4091 2610//2610 4092//4092
f 4092//4092 2610//2610 2609//2609
f 4092//4092 2609//2609 4093//4093
f 4093//4093 2609//2609 2608//2608
f 4093//4093 2608//2608 4094//4094
f 4094//4094 2608//2608 2607//2607
f 4094//4094 2607//2607 4095//4095
f 4095//4095 2607//2607 2606//2606
f 4095//4095 2606//2606 4096//4096
f 4096//4096 2606//2606 2604//2604
f 4096//4096 2604//2604 4097//4097
f 4097//4097 2604//2604 2602//2602
f 4097//4097 2602//2602 2865//2865
f 2865//2865 2602//2602 2601//2601
f 2865//2865 2601//2601 2864//2864
f 2864//2864 2601//2601 2013//2013
f 2864//2864 2013//2013 2863//2863
f 2863//2863 2013//2013 2012//2012
f 2863//2863 2012//2012 2862//2862
f 2862//2862 2012//2012 2621//2621
f 2862//2862 2621//2621 2861//2861
f 2861//2861 2621//2621 2645//2645
f 2861//2861 2645//2645 2860//2860
f 2860//2860 2645//2645 2818//2818
f 2860//2860 2818//2818 2859//2859
f 2859//2859 2818//2818 2947//2947
f 2859//2859 2947//2947 2858//2858
f 2858//2858 2947//2947 1988//1988
f 2858//2858 1988//1988 2857//2857
f 2857//2857 1988//1988 1987//1987
f 2857//2857 1987//1987 2870//2870
f 2870//2870 1987//1987 2882//2882
f 2870//2870 2882//2882 2871//2871
f 2871//2871 2882//2882 2881//2881
f 2871//2871 2881//2881 2873//2873
f 2873//2873 2881//2881 2879//2879
f 2873//2873 2879//2879 2875//2875
f 2875//2875 2879//2879 2877//2877
f 2875//2875 2877//2877 1974//1974
f 1974//1974 2877//2877 2876//2876
f 1974//1974 2876//2876 1975//1975
f 1975//1975 2876//2876 2892//2892
f 1975//1975 2892//2892 2869//2869
f 2869//2869 2892//2892 2891//2891
f 2869//2869 2891//2891 2868//2868
f 2868//2868 2891//2891 2890//2890
f 2868//2868 2890//2890 2004//2004
f 2004//2004 2890//2890 2771//2771
f 2004//2004 2771//2771 2002//2002
f 2002//2002 2771//2771 2770//2770
f 2002//2002 2770//2770 2730//2730
f 2730//2730 2770//2770 2767//2767
f 2730//2730 2767//2767 2732//2732
f 2732//2732 2767//2767 2717//2717
f 2732//2732 2717//2717 2708//2708
f 2708//2708 2717//2717 2715//2715
f 2708//2708 2715//2715 2707//2707
f 2707//2707 2715//2715 2713//2713
f 2707//2707 2713//2713 2705//2705
f 2705//2705 2713//2713 2712//2712
f 2705//2705 2712//2712 2703//2703
f 2703//2703 2712//2712 2750//2750
f 2703//2703 2750//2750 2734//2734
f 2734//2734 2750//2750 2752//2752
f 2734//2734 2752//2752 2736//2736
f 2736//2736 2752//2752 2754//2754
f 2736//2736 2754//2754 2738//2738
f 2738//2738 2754//2754 2755//2755
f 2738//2738 2755//2755 2554//2554
f 2554//2554 2755//2755 2756//2756
f 2554//2554 2756//2756 2552//2552
f 2552//2552 2756//2756 318//318
f 2552//2552 318//318 320//320
f 1756//1756 1754//1754 1871//1871
f 1871//1871 1754//1754 1819//1819
f 1871//1871 1819//1819 3559//3559
f 3559//3559 1819//1819 4090//4090
f 3559//3559 4090//4090 3560//3560
f 3560//3560 4090//4090 4091//4091
f 3560//3560 4091//4091 3561//3561
f 3561//3561 4091//4091 4092//4092
f 3561//3561 4092//4092 3562//3562
f 3562//3562 4092//4092 4093//4093
f 3562//3562 4093//4093 3563//3563
f 3563//3563 4093//4093 4094//4094
f 3563//3563 4094//4094 3564//3564
f 3564//3564 4094//4094 4095//4095
f 3564//3564 4095//4095 3565//3565
f 3565//3565 4095//4095 4096//4096
f 3565//3565 4096//4096 3479//3479
f 3479//3479 4096//4096 4097//4097
f 3479//3479 4097//4097 3477//3477
f 3477//3477 4097//4097 2865//2865
f 3477//3477 2865//2865 3476//3476
f 3476//3476 2865//2865 2615//2615
f 3476//3476 2615//2615 1877//1877
f 1877//1877 2615//2615 1878//1878
f 1877//1877 1878//1878 1875//1875
f 1875//1875 1878//1878 1880//1880
f 1875//1875 1880//1880 3466//3466
f 3466//3466 1880//1880 3566//3566
f 3466//3466 3566//3566 3468//3468
f 3468//3468 3566//3566 3196//3196
f 3468//3468 3196//3196 3470//3470
f 3470//3470 3196//3196 3195//3195
f 3470//3470 3195//3195 3471//3471
f 3471//3471 3195//3195 3194//3194
f 3471//3471 3194//3194 3289//3289
f 3289//3289 3194//3194 3287//3287
f 3289//3289 3287//3287 1903//1903
f 1903//1903 3287//3287 3283//3283
f 1903//1903 3283//3283 1904//1904
f 1904//1904 3283//3283 3282//3282
f 1904//1904 3282//3282 3280//3280
f 469//469 468//468 2071//2071
f 2071//2071 468//468 2099//2099
f 2071//2071 2099//2099 2101//2101
f 2101//2101 2099//2099 2097//2097
f 2101//2101 2097//2097 2100//2100
f 2100//2100 2097//2097 2096//2096
f 2100//2100 2096//2096 2164//2164
f 2164//2164 2096//2096 2092//2092
f 2164//2164 2092//2092 2115//2115
f 2115//2115 2092//2092 2091//2091
f 2115//2115 2091//2091 2117//2117
f 2117//2117 2091//2091 2106//2106
f 2117//2117 2106//2106 2119//2119
f 2119//2119 2106//2106 2105//2105
f 2119//2119 2105//2105 2121//2121
f 2121//2121 2105//2105 2111//2111
f 2121//2121 2111//2111 2123//2123
f 2123//2123 2111//2111 2110//2110
f 2123//2123 2110//2110 2125//2125
f 2125//2125 2110//2110 2113//2113
f 2125//2125 2113//2113 2127//2127
f 2127//2127 2113//2113 2112//2112
f 2127//2127 2112//2112 2065//2065
f 2065//2065 2112//2112 2070//2070
f 2065//2065 2070//2070 2066//2066
f 2066//2066 2070//2070 2069//2069
f 2066//2066 2069//2069 2155//2155
f 2155//2155 2069//2069 2133//2133
f 2155//2155 2133//2133 2324//2324
f 2324//2324 2133//2133 2149//2149
f 2324//2324 2149//2149 2062//2062
f 2062//2062 2149//2149 2147//2147
f 2062//2062 2147//2147 2063//2063
f 2063//2063 2147//2147 2145//2145
f 2063//2063 2145//2145 2422//2422
f 2422//2422 2145//2145 2144//2144
f 2422//2422 2144//2144 2423//2423
f 2423//2423 2144//2144 2152//2152
f 2423//2423 2152//2152 2424//2424
f 2424//2424 2152//2152 4042//4042
f 2424//2424 4042//4042 2444//2444
f 2444//2444 4042//4042 2433//2433
f 2444//2444 2433//2433 2443//2443
f 2443//2443 2433//2433 2432//2432
f 2443//2443 2432//2432 2442//2442
f 2442//2442 2432//2432 2431//2431
f 2442//2442 2431//2431 2440//2440
f 2440//2440 2431//2431 2426//2426
f 2440//2440 2426//2426 2438//2438
f 2438//2438 2426//2426 2425//2425
f 2438//2438 2425//2425 2436//2436
f 2436//2436 2425//2425 4086//4086
f 2436//2436 4086//4086 3169//3169
f 3169//3169 4086//4086 4081//4081
f 3169//3169 4081//4081 3168//3168
f 3168//3168 4081//4081 4074//4074
f 3168//3168 4074//4074 3166//3166
f 3166//3166 4074//4074 4073//4073
f 3166//3166 4073//4073 1931//1931
f 1931//1931 4073//4073 1932//1932
f 1931//1931 1932//1932 1929//1929
f 1929//1929 1932//1932 1934//1934
f 1929//1929 1934//1934 3173//3173
f 3173//3173 1934//1934 3158//3158
f 3173//3173 3158//3158 1922//1922
f 1922//1922 3158//3158 3159//3159
f 1922//1922 3159//3159 1921//1921
f 1921//1921 3159//3159 3160//3160
f 1921//1921 3160//3160 3165//3165
f 3165//3165 3160//3160 3161//3161
f 3165//3165 3161//3161 3229//3229
f 3229//3229 3161//3161 3162//3162
f 3229//3229 3162//3162 1920//1920
f 1920//1920 3162//3162 3221//3221
f 1920//1920 3221//3221 1910//1910
f 1910//1910 3221//3221 3227//3227
f 1910//1910 3227//3227 1908//1908
f 1908//1908 3227//3227 3225//3225
f 1908//1908 3225//3225 3232//3232
f 3232//3232 3225//3225 3224//3224
f 3232//3232 3224//3224 3284//3284
f 3284//3284 3224//3224 3270//3270
f 3284//3284 3270//3270 3282//3282
f 3282//3282 3270//3270 3272//3272
f 3282//3282 3272//3272 3280//3280
f 3280//3280 3272//3272 3274//3274
f 3280//3280 3274//3274 3278//3278
f 3278//3278 3274//3274 3277//3277
f 3278//3278 3277//3277 3332//3332
f 3332//3332 3277//3277 3304//3304
f 3332//3332 3304//3304 3331//3331
f 3331//3331 3304//3304 3305//3305
f 3331//3331 3305//3305 3330//3330
f 3330//3330 3305//3305 3306//3306
f 3330//3330 3306//3306 3328//3328
f 3328//3328 3306//3306 3307//3307
f 3328//3328 3307//3307 3326//3326
f 3326//3326 3307//3307 3308//3308
f 3326//3326 3308//3308 3324//3324
f 3324//3324 3308//3308 3338//3338
f 3324//3324 3338//3338 3322//3322
f 3322//3322 3338//3338 3337//3337
f 3322//3322 3337//3337 3320//3320
f 3320//3320 3337//3337 3336//3336
f 3320//3320 3336//3336 1898//1898
f 1898//1898 3336//3336 3335//3335
f 1898//1898 3335//3335 3435//3435
f 3435//3435 3335//3335 3334//3334
f 3435//3435 3334//3334 3428//3428
f 3428//3428 3334//3334 3333//3333
f 3428//3428 3333//3333 3365//3365
f 3365//3365 3333//3333 3319//3319
f 3365//3365 3319//3319 3364//3364
f 3364//3364 3319//3319 3317//3317
f 3364//3364 3317//3317 3362//3362
f 3362//3362 3317//3317 3315//3315
f 3362//3362 3315//3315 3360//3360
f 3360//3360 3315//3315 3354//3354
f 3360//3360 3354//3354 3388//3388
f 3388//3388 3354//3354 3356//3356
f 3388//3388 3356//3356 3389//3389
f 3389//3389 3356//3356 3370//3370
f 3389//3389 3370//3370 3391//3391
f 3391//3391 3370//3370 3371//3371
f 3391//3391 3371//3371 3393//3393
f 3393//3393 3371//3371 3372//3372
f 3393//3393 3372//3372 3395//3395
f 3395//3395 3372//3372 3373//3373
f 3395//3395 3373//3373 3397//3397
f 3397//3397 3373//3373 3404//3404
f 3397//3397 3404//3404 3399//3399
f 3399//3399 3404//3404 3403//3403
f 3399//3399 3403//3403 3401//3401
f 3401//3401 3403//3403 3405//3405
f 3401//3401 3405//3405 3402//3402
f 3402//3402 3405//3405 1529//1529
f 3402//3402 1529//1529 1528//1528
f 8//8 73//73 4098//4098
f 4098//4098 73//73 68//68
f 4098//4098 68//68 63//63
f 21//21 15//15 4098//4098
f 4098//4098 15//15 10//10
f 4098//4098 10//10 8//8
f 126//126 34//34 4098//4098
f 4098//4098 34//34 28//28
f 4098//4098 28//28 21//21
f 113//113 116//116 4098//4098
f 4098//4098 116//116 121//121
f 4098//4098 121//121 126//126
f 3//3 105//105 4098//4098
f 4098//4098 105//105 109//109
f 4098//4098 109//109 113//113
f 85//85 89//89 4098//4098
f 4098//4098 89//89 96//96
f 4098//4098 96//96 3//3
f 177//177 182//182 4098//4098
f 4098//4098 182//182 84//84
f 4098//4098 84//84 85//85
f 162//162 167//167 4098//4098
f 4098//4098 167//167 173//173
f 4098//4098 173//173 177//177
f 154//154 150//150 4098//4098
f 4098//4098 150//150 157//157
f 4098//4098 157//157 162//162
f 134//134 138//138 4098//4098
f 4098//4098 138//138 142//142
f 4098//4098 142//142 154//154
f 48//48 6//6 4098//4098
f 4098//4098 6//6 38//38
f 4098//4098 38//38 134//134
f 63//63 58//58 4098//4098
f 4098//4098 58//58 53//53
f 4098//4098 53//53 48//48
f 311//311 315//315 4099//4099
f 4099//4099 315//315 319//319
f 4099//4099 319//319 323//323
f 299//299 302//302 4099//4099
f 4099//4099 302//302 307//307
f 4099//4099 307//307 311//311
f 287//287 292//292 4099//4099
f 4099//4099 292//292 294//294
f 4099//4099 294//294 299//299
f 194//194 279//279 4099//4099
f 4099//4099 279//279 283//283
f 4099//4099 283//283 287//287
f 234//234 236//236 4099//4099
f 4099//4099 236//236 227//227
f 4099//4099 227//227 194//194
f 258//258 191//191 4099//4099
f 4099//4099 191//191 247//247
f 4099//4099 247//247 234//234
f 196//196 266//266 4099//4099
f 4099//4099 266//266 263//263
f 4099//4099 263//263 258//258
f 209//209 202//202 4099//4099
f 4099//4099 202//202 198//198
f 4099//4099 198//198 196//196
f 356//356 223//223 4099//4099
f 4099//4099 223//223 216//216
f 4099//4099 216//216 209//209
f 348//348 351//351 4099//4099
f 4099//4099 351//351 354//354
f 4099//4099 354//354 356//356
f 336//336 340//340 4099//4099
f 4099//4099 340//340 345//345
f 4099//4099 345//345 348//348
f 323//323 328//328 4099//4099
f 4099//4099 328//328 331//331
f 4099//4099 331//331 336//336
# 8194 faces, 0 coords texture

# End of File
