####
#
# OBJ File Generated by Meshlab
#
####
# Object finger_distal.obj
#
# Vertices: 772
# Faces: 1544
#
####
vn 4.4097884593135710 -0.9774097799000618 -2.7642036309900693
v 0.0430040284991264 -0.0063778162002563 -0.0070115919224918
vn 5.9785645501477909 -1.8975598368454569 0.0006059463489400
v 0.0431222915649414 -0.0064094658009708 0.0000000000000000
vn 5.7250397337313625 -2.5431328980794485 0.0000157158383553
v 0.0430443808436394 -0.0066208830103278 0.0000000000000000
vn 4.2718267975036834 -1.3202178633132415 -2.7306973853076890
v 0.0429319106042385 -0.0065713520161808 -0.0070483679883182
vn 4.0628639431085904 -1.6986739601193974 -2.7275177377973243
v 0.0428313016891479 -0.0067616701126099 -0.0070996279828250
vn 3.4416834827455736 -5.2553825919412809 0.0000000000000000
v 0.0421674214303493 -0.0075801610946655 0.0000000000000000
vn 3.2636618719874333 -2.5451423019351869 -2.7663617718849398
v 0.0422360785305500 -0.0073772068135440 -0.0074028368107975
vn 3.7027443536048548 -5.0603276735262117 0.0000000000000000
v 0.0422736406326294 -0.0075104827992618 0.0000000000000000
vn 3.4495273865710079 -2.4030754912759447 -2.8525009954598941
v 0.0423264503479004 -0.0073021650314331 -0.0073567619547248
vn 3.9665268966234351 -4.8715993343807025 0.0011396806130686
v 0.0424077510833740 -0.0074013471603394 0.0000000000000000
vn 3.5283731446374764 -2.3302708357307704 -2.7495790350282578
v 0.0425015017390251 -0.0071566100232303 -0.0072675938718021
vn 4.2498140617210538 -4.6036737101713028 0.0012703449351824
v 0.0425430499017239 -0.0072912569157779 0.0000000000000000
vn 4.5451877963435097 -4.3368337738024465 0.0000866415171791
v 0.0426152907311916 -0.0072155590169132 0.0000000000000000
vn 3.8027379219255488 -2.0483174274853897 -2.7319783258487371
v 0.0426920615136623 -0.0069553852081299 -0.0071704979054630
vn 4.8352310498145226 -3.9759211085016695 0.0001885338233788
v 0.0427949987351894 -0.0070272679440677 0.0000000000000000
vn 5.3445486221732068 -3.2672477299826848 0.0002134645234095
v 0.0429363213479519 -0.0068269371986389 0.0000000000000000
vn 3.1819035790290644 -2.6052316634486696 -2.8382836755070655
v 0.0420930907130241 -0.0074731111526489 -0.0074756741523743
vn 2.0332896854820568 -5.7907425408318334 -0.0544244485391742
v 0.0416784808039665 -0.0077785840258002 -0.0050607910379767
vn 3.0315184102875863 -2.6983930594661607 -2.7734242374521223
v 0.0419257804751396 -0.0075852870941162 -0.0075609679333866
vn 2.0656833887235142 -3.0372394222368033 -2.5090744725893130
v 0.0415470600128174 -0.0077946782112122 -0.0077538490295410
vn 2.1393653361884790 -5.7223703849845586 0.0000048315794742
v 0.0419078990817070 -0.0077503910288215 0.0000000000000000
vn -1.8278455799933291 -2.5531927763380389 -3.1176814634470622
v -0.0073559880256653 -0.0138053800910711 -0.0074999327771366
vn -1.6041464878203568 -2.6986186371534462 -3.1035593383888065
v -0.0072700381278992 -0.0138619495555758 -0.0074999327771366
vn -3.3359238753336653 -5.3159056995302443 0.0000000000000000
v -0.0073383450508118 -0.0139694204553962 0.0000000000000000
vn -0.5506276069265718 -6.2579860028512408 -0.0034285508120766
v -0.0054749250411987 -0.0145394802093506 0.0000000000000000
vn -0.3190566543202674 -3.1242186446530500 -3.1276117690715663
v -0.0054629440419376 -0.0144134704023600 -0.0074999327771366
vn -0.3241105251741810 -6.2673370715034551 0.0020964349983837
v -0.0051186680793762 -0.0145707102492452 0.0000000000000000
vn -0.1275208409093987 -3.1383525174128861 -3.1436202106607238
v -0.0049858088605106 -0.0144456000998616 -0.0074999327771366
vn 0.0765992599791196 -6.2774809831734233 -0.0007862019199704
v -0.0043181180953979 -0.0145831704139709 0.0000000000000000
vn 0.0144093023514950 -3.1411768578087176 -3.1573228806321438
v -0.0044424529187381 -0.0144534697756171 -0.0074999327771366
vn 0.2472508467772709 -6.2773706480713436 0.0001864678254329
v -0.0041644568555057 -0.0145770898088813 0.0000000000000000
vn -2.7978944935355279 -5.6065120548607954 -0.0080569724928658
v -0.0070506930351257 -0.0141360098496079 0.0000000000000000
vn -2.4647133445009226 -5.7783983462162549 -0.0064246205910811
v -0.0069427490234375 -0.0141819696873426 0.0000000000000000
vn -1.3304362146778204 -2.8426208172174237 -3.0904873506385293
v -0.0068895220756531 -0.0140651399269700 -0.0074999327771366
vn -2.1247320489665564 -5.8970951438875634 0.0015398853053063
v -0.0066758990287781 -0.0142955696210265 0.0000000000000000
vn -1.0169238153203155 -2.9690416798754002 -3.0878266725115804
v -0.0065783262252808 -0.0141910901293159 -0.0074999327771366
vn -1.7476163087276926 -6.0336231811765568 0.0002090198697293
v -0.0065068597905338 -0.0143458200618625 0.0000000000000000
vn -0.8566274847998927 -3.0220451950751821 -3.1966845176588379
v -0.0064690108411014 -0.0142220202833414 -0.0074999327771366
vn -0.7491745774826497 -3.0496633375826638 -3.1242201079855425
v -0.0061997771263123 -0.0142984902486205 -0.0074999327771366
vn -1.3907858315493724 -6.1142908364538302 -0.0001015586679099
v -0.0061931009404361 -0.0144343301653862 0.0000000000000000
vn -0.5313822384194180 -3.0951564956065321 -3.1266393378318136
v -0.0059977169148624 -0.0143404603004456 -0.0074999327771366
vn -1.0738481434603249 -6.1897859624547626 0.0031663983457033
v -0.0060209631919861 -0.0144642498344183 0.0000000000000000
vn -5.2572103351310453 -3.4172995452562365 0.0008896508200134
v -0.0087046623229980 -0.0125543996691704 0.0000000000000000
vn -2.6250421999173756 -1.7197822439690755 -3.0861585326366008
v -0.0085968971252441 -0.0124800801277161 -0.0074999327771366
vn -4.9682478388593250 -3.8368194255911363 0.0008982355882958
v -0.0084406128153205 -0.0129182301461697 0.0000000000000000
vn -2.4601690924531541 -1.9518634248806968 -3.1275153952745267
v -0.0082610836252570 -0.0129352798685431 -0.0074999327771366
vn -4.6865149474581198 -4.1722755623031507 0.0000000000000000
v -0.0081675639376044 -0.0132505204528570 0.0000000000000000
vn -2.2781702683013321 -2.1588391000363658 -3.0928404614516758
v -0.0080108037218451 -0.0132290096953511 -0.0074999327771366
vn -4.5241800621506822 -4.3587768854767184 0.0000000000000000
v -0.0080435266718268 -0.0133792096748948 0.0000000000000000
vn -4.2965635053894982 -4.5681246808138933 -0.0008721284564351
v -0.0078803300857544 -0.0135486703366041 0.0000000000000000
vn -4.0729370024822895 -4.7831105993324377 -0.0016304133178455
v -0.0077009201049805 -0.0137014295905828 0.0000000000000000
vn -2.0458075016700299 -2.3809417904901373 -3.1027318061768359
v -0.0076176519505680 -0.0136017203330994 -0.0074999327771366
vn -3.7980705965186030 -4.9877235713912871 -0.0007858586340980
v -0.0075736641883850 -0.0138098001480103 0.0000000000000000
vn 0.3895999867425500 -3.1170161711190758 -3.1640611431543326
v 0.0021858809050173 -0.0138698201626539 -0.0074999327771366
vn 0.7816636486660241 -6.2313956345637260 -0.0001653676583516
v 0.0021998879965395 -0.0139999296516180 0.0000000000000000
vn 0.3352870671223945 -3.1232136200743383 -3.1936976078095634
v 0.0005783740198240 -0.0140444599092007 -0.0074999327771366
vn 0.6667175297780346 -6.2466084614340005 0.0003813793516286
v 0.0011349320411682 -0.0141157498583198 0.0000000000000000
vn 0.3173777060871374 -3.1251705598988835 -3.1869548484035759
v -0.0008700499893166 -0.0141982398927212 -0.0074999327771366
vn 0.5786657655549909 -6.2542806039556993 0.0046921046573382
v -0.0017501709517092 -0.0144169898703694 0.0000000000000000
vn 0.2695569643359156 -3.1297212593948482 -3.1758572113112127
v -0.0021743769757450 -0.0143242999911308 -0.0074999327771366
vn 0.5123871029546441 -6.2612843731843801 0.0034508640442726
v -0.0024994609411806 -0.0144780203700066 0.0000000000000000
vn 0.2385108348886271 -3.1320494160108145 -3.1962099777518613
v -0.0025100109633058 -0.0143498098477721 -0.0074999327771366
vn 0.4504341773790917 -6.2651307814548947 0.0000000000000000
v -0.0032172200735658 -0.0145365502685308 0.0000000000000000
vn 0.1978225824285915 -3.1350650190003684 -3.1713693008903334
v -0.0033481121063232 -0.0144134704023600 -0.0074999327771366
vn 0.3205569214236942 -6.2728587765248447 0.0011311363489811
v -0.0033518669661134 -0.0145449601113796 0.0000000000000000
vn 0.1168125145811844 -3.1391312580878505 -3.1700247322547161
v -0.0038686390034854 -0.0144397001713514 -0.0074999327771366
vn 0.0753374728536930 -3.1402202102159924 -3.1958659956195250
v -0.0041674971580505 -0.0144469095394015 -0.0074999327771366
vn -0.8104617108820300 -6.2208466634798816 -0.0024014390898206
v -0.0057034487836063 -0.0145194502547383 0.0000000000000000
vn -5.6457193944406630 -2.6977231718145633 -0.0000147429488705
v -0.0090602040290833 -0.0119402399286628 0.0000000000000000
vn -2.8277772015960707 -1.3513728757196057 -3.0385380244141511
v -0.0089420666918159 -0.0118837300688028 -0.0074999327771366
vn -5.9996975930754974 -1.7767022921095634 -0.0000102294866915
v -0.0093147149309516 -0.0112776700407267 0.0000000000000000
vn -3.0050352872855250 -0.8900213381924306 -3.0382922702394035
v -0.0091892480850220 -0.0112405996769667 -0.0074999327771366
vn -6.2043013096143600 -0.8115927494035085 0.0000194291934534
v -0.0094619980081916 -0.0105834603309631 0.0000000000000000
vn -3.1076303937574155 -0.4062983323060555 -3.0384154374287231
v -0.0093321800231934 -0.0105665298178792 -0.0074999327771366
vn -6.2547595211820592 0.1742043469823764 0.0000030724524210
v -0.0094982376322150 -0.0098747611045837 0.0000000000000000
vn -3.1328688303462027 0.0872909124424650 -3.0384814965661198
v -0.0093673458322883 -0.0098783960565925 -0.0074999327771366
vn -6.2075947911580265 0.9144598900143827 -0.0000008755599887
v -0.0094226002693176 -0.0091691007837653 0.0000000000000000
vn -3.1065355324676061 0.4575097351439220 -3.1174289233491308
v -0.0092939129099250 -0.0091932406648993 -0.0074999327771366
vn -6.1095834162127103 1.4239566307087230 -0.0000098259235498
v -0.0076999659650028 0.0000000000000000 0.0000000000000000
vn -3.0577154545145513 0.7127293250854521 -3.1098036170336552
v -0.0075712800025940 -0.0000241721008933 -0.0074999327771366
vn -5.8544039057054960 2.1959674675877014 0.0000123063234358
v -0.0073862671852112 0.0011234279954806 0.0000000000000000
vn -2.9327899524098737 1.1001539872322033 -3.0230133854618000
v -0.0072637200355530 0.0010774730471894 -0.0074999327771366
vn -5.3885896763382135 3.1716366281555084 0.0000219305618601
v -0.0068837399594486 0.0021760459057987 0.0000000000000000
vn -2.6994131311311689 1.5890066201377682 -3.0232721629873556
v -0.0067708492279053 0.0021095869597048 -0.0074999327771366
vn -4.7614995224114631 4.0526598992504441 -0.0000290688137512
v -0.0062074060551822 0.0031263229902834 0.0000000000000000
vn -2.3854587659321602 2.0301029558118184 -3.0231962774656891
v -0.0061076278798282 0.0030414459761232 -0.0074999327771366
vn -3.9923574906570205 4.8122629570606552 -0.0000149220978295
v -0.0053773517720401 0.0039458870887756 0.0000000000000000
vn -2.0000876604977682 2.4106629833395599 -3.0230658872372249
v -0.0052938461303711 0.0038451550062746 -0.0074999327771366
vn -3.1037914499690276 5.4279318540263430 0.0000037721398292
v -0.0044186711311340 0.0046103000640869 0.0000000000000000
vn -1.5548596535012646 2.7192136108869871 -3.0231604787594550
v -0.0043537020683289 0.0044966340065002 -0.0074999327771366
vn -2.1220087737134881 5.8815999075936016 -0.0000209553913665
v -0.0033598539885134 0.0050995340570807 0.0000000000000000
vn -1.0631709355118149 2.9464092547244327 -3.0230747480731948
v -0.0033153889235109 0.0049764509312809 -0.0074999327771366
vn -1.0770580361290509 6.1592535977539153 -0.0000080423335479
v -0.0022324318997562 0.0053990478627384 0.0000000000000000
vn -0.5396221537467251 3.0855255881119956 -3.0230675471132313
v -0.0022099609486759 0.0052701830863953 -0.0074999327771366
vn -0.2713245823572394 6.2674659550836207 0.0000031532232297
v -0.0010703799780458 0.0054998989216983 0.0000000000000000
vn -0.1359012359839182 3.1367389345556740 -3.1097556066627705
v -0.0010703799780458 0.0053690671920776 -0.0074999327771366
vn 0.0845962453665244 6.2801517204803670 0.0001220765690235
v 0.0028972020372748 0.0054998989216983 0.0000000000000000
vn 0.0413507022814656 3.1410296483528271 -3.1700619657786966
v 0.0028972020372748 0.0053690671920776 -0.0074999327771366
vn -0.7150342622011500 6.2282643795491301 0.0000000000000000
v 0.0289443098008633 0.0001185889996123 0.0000000000000000
vn -1.1727666239066696 3.0644235911464892 -3.0329268087194143
v 0.0286231003701687 -0.0001252670044778 -0.0108075700700283
vn 0.9896837594635478 3.0304644023552969 -3.1913430168569752
v 0.0094509720802307 0.0043147201649845 -0.0112045397982001
vn 0.9903333667885296 3.0314579112132334 -3.1907404198049516
v 0.0092926016077399 0.0043573970906436 -0.0112131200730801
vn 1.5130143515498322 6.0956088599946368 -0.0001394850838011
v 0.0087457289919257 0.0047035808674991 0.0000000000000000
vn 0.8766430617566889 3.0109668535665159 -3.1664327491691591
v 0.0089632272720337 0.0044462080113590 -0.0112309399992228
vn 1.3290434714996942 6.1379841724169237 -0.0011851837555846
v 0.0077608819119632 0.0049334759823978 0.0000000000000000
vn 0.7164954055367579 3.0447829553251706 -3.1660492190152394
v 0.0079999556764960 0.0046790242195129 -0.0112498896196485
vn 1.2303482552712204 6.1605811351326292 -0.0011467416492820
v 0.0072985291481018 0.0050257439725101 0.0000000000000000
vn 1.1969925779408659 2.9845672125881881 -3.1600641497550779
v 0.0109542598947883 0.0038849709089845 -0.0110944500193000
vn 1.6750570706466474 6.0533790399360443 -0.0012040200437255
v 0.0097431540489197 0.0044408440589905 0.0000000000000000
vn 1.2710658448897789 2.9948807934242865 -3.1755109508226989
v 0.0113521199673414 0.0037598600611091 -0.0110528999939561
vn 1.8059058806468586 6.0159428362807219 -0.0017112776061355
v 0.0107548795640469 0.0041478872299194 0.0000000000000000
vn 1.2725489027355723 2.9899725475926369 -3.1788047711583465
v 0.0116593204438686 0.0036633610725403 -0.0110208904370666
vn 1.6004696297564860 6.0749307488145634 -0.0001500481250079
v 0.0095022320747375 0.0045043230056763 0.0000000000000000
vn 1.0518645054345725 2.9968277226755369 -3.1670620951197606
v 0.0099453330039978 0.0041813850402832 -0.0111775901168585
vn 1.9119830920211169 5.9834780617254646 -0.0001910008798766
v 0.0117183299735188 0.0038478970527649 0.0000000000000000
vn 1.3036174445664295 2.9677954646252029 -3.1638901421577792
v 0.0119938803836703 0.0035580990370363 -0.0109860301017761
vn 2.0026672184023000 5.9537480830169036 -0.0000427613501524
v 0.0128281097859144 0.0034839510917664 0.0000000000000000
vn 2.0495359894244212 5.9384686178557367 -0.0005417187569835
v 0.0139536196365952 0.0030958650168031 0.0000000000000000
vn 1.4563112002752339 2.9630750125014305 -3.1661484883796955
v 0.0153508698567748 0.0024114251136780 -0.0105593800544739
vn 1.4554131456791459 2.9627659823436434 -3.1683909144297600
v 0.0145354801788926 0.0026969900354743 -0.0106667801737785
vn 1.4389699187243141 2.9636474303631628 -3.1632574976545316
v 0.0141855403780937 0.0028195378836244 -0.0107129802927375
vn 1.4276702705909681 2.9689534110941613 -3.1697545801339171
v 0.0138925304636359 0.0029200909193605 -0.0107508301734924
vn 1.3878391341229155 2.9657446422130596 -3.1623048203665354
v 0.0130690298974514 0.0032024378888309 -0.0108571602031589
vn 1.4436982422733395 2.9698876630999407 -3.1726293572194608
v 0.0157802700996399 0.0022600290831178 -0.0105035295709968
vn 2.0697327239336376 5.9310690870057154 -0.0006678923249583
v 0.0145024601370096 0.0029066801071167 0.0000000000000000
vn 1.4190003435283127 2.9610756266128782 -3.1741294028679574
v 0.0161579791456461 0.0021276469342411 -0.0104582300409675
vn 2.0956750015622325 5.9223850709116004 0.0002855543078884
v 0.0162188392132521 0.0022992489393800 0.0000000000000000
vn 1.3825609529143590 2.9881978012455095 -3.1872946694071818
v 0.0177773199975491 0.0015599130420014 -0.0102637996897101
vn 2.0660431051807882 5.9330625300088764 0.0002412139492642
v 0.0172912403941154 0.0019197460496798 0.0000000000000000
vn 1.3127125056114772 2.9729804576651451 -3.1833501427762094
v 0.0180638395249844 0.0014626380288973 -0.0102364998310804
vn 2.0324366038649293 5.9443827241282357 0.0026300721084637
v 0.0185211300849915 0.0014988180482760 0.0000000000000000
vn 1.3124533905363107 2.9727457760493210 -3.1833276945674536
v 0.0184624101966619 0.0013272759970278 -0.0101985903456807
vn 1.9018996939099861 5.9873908172323658 0.0013772496330810
v 0.0208380203694105 0.0007362259784713 0.0000000000000000
vn 1.0207151648001531 3.0034728826803745 -3.1957286943310321
v 0.0207848493009806 0.0005660980241373 -0.0100302603095770
vn 1.9716823757390520 5.9652220358909736 0.0033701200473544
v 0.0195885300636292 0.0011333819711581 0.0000000000000000
vn 1.1258672422228468 3.0290315507821748 -3.2105757117981057
v 0.0205601397901773 0.0006348480237648 -0.0100374203175306
vn 1.2621687375648940 3.0101363076640539 -3.2018896613152874
v 0.0192682091146708 0.0010536309564486 -0.0101218800991774
vn 0.9488650401929036 3.0519338786462726 -3.2167425892158241
v 0.0216770693659782 0.0002930320042651 -0.0100019499659538
vn 1.8215938111077488 6.0127163398220116 0.0014939835704923
v 0.0213541891425848 0.0005721140187234 0.0000000000000000
vn 0.8423766736869613 3.0251984389734528 -3.1974252580896660
v 0.0223522093147039 0.0001007120008580 -0.0100069595500827
vn 1.6331728118184912 6.0665107597405976 0.0000000000000000
v 0.0227875690907240 0.0001595549983904 0.0000000000000000
vn 0.7575657986560032 3.0688777738818160 -3.2183013705777004
v 0.0226620994508266 0.0000124620000861 -0.0100091602653265
vn 1.5302199263429026 6.0930059516931392 -0.0006257250204806
v 0.0230442807078362 0.0000951131005422 0.0000000000000000
vn 0.6410492403751396 3.0419781743519314 -3.1933607922354748
v 0.0229993406683207 -0.0000755657019909 -0.0100253801792860
vn 1.3011001343169744 6.1460847276211243 0.0000000000000000
v 0.0240578595548868 -0.0001551220047986 0.0000000000000000
vn 0.5485236998668769 3.0925465172544460 -3.2187314589091738
v 0.0234625302255154 -0.0001964450057130 -0.0100474301725626
vn 1.4111391251774412 6.1219110095953804 -0.0005879091702617
v 0.0239546205848455 -0.0001333079999313 0.0000000000000000
vn 0.4224232283558186 3.0628362845708148 -3.1851548385696162
v 0.0240523200482130 -0.0003325550060254 -0.0101000601425767
vn 1.1549444216121245 6.1750942301778409 -0.0000000000000000
v 0.0246825199574232 -0.0002871830074582 0.0000000000000000
vn 0.3068306480871145 3.1096429960707921 -3.2231581476054605
v 0.0243310891091824 -0.0003968839882873 -0.0101249795407057
vn 1.0166469571201744 6.1994638444794710 -0.0006756491456804
v 0.0249873306602240 -0.0003370270133018 0.0000000000000000
vn 0.1829881256239075 3.0906490559861783 -3.1728103942365977
v 0.0249569397419691 -0.0005138550186530 -0.0102028800174594
vn 0.6067817729858087 6.2528957089968547 0.0000000000000000
v 0.0258116703480482 -0.0004502979863901 0.0000000000000000
vn 0.0473383049691939 3.1330320720283487 -3.2252809804612412
v 0.0251697804778814 -0.0005536400130950 -0.0102293398231268
vn 0.8050717196136423 6.2292959524925111 -0.0006503109530503
v 0.0254912897944450 -0.0004194090142846 0.0000000000000000
vn -0.2205155069742251 3.1457092938245803 -3.2341621614637699
v 0.0258349105715752 -0.0006391649949364 -0.0103278104215860
vn -0.1923262481816358 6.2761544189546221 -0.0010897109119826
v 0.0265123806893826 -0.0004831689875573 0.0000000000000000
vn -0.3399841530957594 3.1363760249585013 -3.1592316804388316
v 0.0259706303477287 -0.0006465950282291 -0.0103498101234436
vn -0.4951303672562232 3.1446041959232405 -3.2308644526086110
v 0.0263739805668592 -0.0006686649867333 -0.0104150697588921
vn 0.3388884360674047 6.2705347140703545 0.0000000000000000
v 0.0260958001017570 -0.0004776999994647 0.0000000000000000
vn -0.6043906555498737 3.1428555829227398 -3.1523030680363573
v 0.0265166107565165 -0.0006654749740846 -0.0104391500353813
vn -0.7897360072808206 3.1316593929219732 -3.2436241326882698
v 0.0266622900962830 -0.0006622180226259 -0.0104638300836086
vn -0.5425890666940562 6.2591508872570607 0.0009746516637566
v 0.0268101599067450 -0.0004606260044966 0.0000000000000000
vn -0.9613989794999640 3.1134326245451827 -3.1749985153565334
v 0.0268301293253899 -0.0006424440070987 -0.0104928603395820
vn -1.0101442080120517 6.1914995652981810 0.0022348589103147
v 0.0269560795277357 -0.0004464669909794 0.0000000000000000
vn -1.1812596506767810 3.0732144864261079 -3.2448387249340040
v 0.0271115805953741 -0.0006019750144333 -0.0105416700243950
vn -1.4158947476423069 6.1205664556386763 0.0011078167083633
v 0.0270743295550346 -0.0004191109910607 0.0000000000000000
vn -1.4832499443526306 2.9927871268664710 -3.2450329479189470
v 0.0274397097527981 -0.0005214050179347 -0.0105994902551174
vn -1.7422571759666394 6.0301659875291573 0.0011329405840112
v 0.0273494105786085 -0.0003555259900168 0.0000000000000000
vn -1.6017268358877068 2.9591779167611971 -3.1483818238750265
v 0.0275972392410040 -0.0004657710087486 -0.0106273200362921
vn -2.0675879541374673 5.9322342700008850 0.0004269812382609
v 0.0275356695055962 -0.0002906020090450 0.0000000000000000
vn -1.6320848704511701 2.9467019636858258 -3.1654077454340221
v 0.0278360806405544 -0.0003814749943558 -0.0106696402654052
vn -1.7646826262683857 6.0292792543346065 -0.0000173793481947
v 0.0284184198826551 0.0000133077001010 0.0000000000000000
vn -1.5043070759853234 2.9862510488149048 -3.0725029720235844
v 0.0282007399946451 -0.0002455590001773 -0.0107340803369880
vn -1.9886575849715276 5.9516909317342837 0.0000000000000000
v 0.0281414892524481 -0.0000677610005368 0.0000000000000000
vn -2.1407018811869136 5.9066593052248662 0.0002570762536683
v 0.0277239605784416 -0.0002250010002172 0.0000000000000000
vn -1.4096990447959030 6.1070497576932912 -0.0000170368567758
v 0.0285465698689222 0.0000508179982717 0.0000000000000000
vn -1.4066043265369215 3.0168490090163176 -3.1506806179376365
v 0.0284683108329773 -0.0001693630038062 -0.0107806297019124
vn -0.1145830087313814 6.2728421013246400 0.0001308500746727
v 0.0293778702616692 0.0001446029928047 0.0000000000000000
vn -0.8160948439107076 3.1170351959095379 -3.0554096790711096
v 0.0289882402867079 -0.0000681551973685 -0.0108693800866604
vn 0.0708922968303256 3.0874663991070510 -3.1329372317527753
v 0.0306959692388773 -0.0001369120000163 -0.0111176297068596
vn 1.0931575028733154 6.1825761947621354 0.0001662276317529
v 0.0313378497958183 -0.0000395108982048 0.0000000000000000
vn 0.7563414995134004 6.2318915524269194 0.0001702172587322
v 0.0306356493383646 0.0000663773971610 0.0000000000000000
vn -0.0399672843567675 3.1192638511071706 -3.1718525003306279
v 0.0304543301463127 -0.0001091239973903 -0.0110873496159911
vn 0.5769632539256290 6.2557177786893634 0.0000000000000000
v 0.0304754301905632 0.0000811338977655 0.0000000000000000
vn -0.1145164601031300 3.1088354916180148 -3.1293948329976464
v 0.0302845202386379 -0.0000895862031030 -0.0110661303624511
vn 0.3611417723573566 6.2658488588406511 0.0000859361670604
v 0.0299262404441833 0.0001317440037383 0.0000000000000000
vn -0.2969707052632271 3.1243279649205227 -3.1114853445371846
v 0.0298312902450562 -0.0000555781007279 -0.0110024800524116
vn 0.1471342596857893 6.2805235399059196 0.0002181649421582
v 0.0296654701232910 0.0001378589950036 0.0000000000000000
vn -0.4134546656255871 3.1400146563164673 -3.1597385703764092
v 0.0296605192124844 -0.0000517371991009 -0.0109763704240322
vn -0.5237869351650035 3.1312093828570959 -3.0836860928825791
v 0.0294035598635674 -0.0000459584989585 -0.0109369102865458
vn 0.1742598357472250 3.1027365238387432 -3.1811227261792112
v 0.0313038192689419 -0.0002335900062462 -0.0111786704510450
vn 0.3144611490327049 3.0475268936822095 -3.1320877238704798
v 0.0314112901687622 -0.0002506950113457 -0.0111894598230720
vn 1.4291090798069748 6.1127233277423754 -0.0000243256752421
v 0.0320928618311882 -0.0001928959973156 0.0000000000000000
vn 1.6088860473428819 6.0727252184779310 -0.0000281421709391
v 0.0321904383599758 -0.0002187329955632 0.0000000000000000
vn 0.6021447416784669 3.0111638975466017 -3.1410294920185775
v 0.0321450196206570 -0.0004075969918631 -0.0112329097464681
vn 1.6708060096276858 6.0549268433659886 -0.0000140428906128
v 0.0328316614031792 -0.0003887120110448 0.0000000000000000
vn 0.8722859645636266 2.9605701908535100 -3.1770639773431943
v 0.0327762290835381 -0.0005769589915872 -0.0112416697666049
vn 0.1617225783055742 3.1368289458037202 -3.1461144892629558
v 0.0038819310721010 0.0053431391716003 -0.0074999327771366
vn 0.3250341550087256 6.2701487161958012 0.0001074101442669
v 0.0039201970212162 0.0054723019711673 0.0000000000000000
vn 0.2406220158677691 3.1318749206180714 -3.1969539565277678
v 0.0039919610135257 0.0053346748463809 -0.0074999327771366
vn 0.3154490204882750 3.1251693314419917 -3.1485434409022535
v 0.0048914551734924 0.0052656531333923 -0.0074999327771366
vn 0.6174569424009617 6.2487245411094463 -0.0001694168086284
v 0.0048680901527405 0.0053996439091861 0.0000000000000000
vn 0.3890832973190964 3.1169178502127255 -3.1967410019260152
v 0.0050853490829468 0.0052413940429688 -0.0074999327771366
vn 0.7556643014536933 6.2366124488385797 -0.0007479111808801
v 0.0050997729413211 0.0053715701214969 0.0000000000000000
vn 0.4579034241237006 3.1075617058668570 -3.1514714673721724
v 0.0059314370155334 0.0051359529606998 -0.0074999327771366
vn 0.8793045279209150 6.2176633721184462 -0.0009846734549167
v 0.0058234329335392 0.0052840108983219 0.0000000000000000
vn 0.5250371988419523 3.0969154497554263 -3.1968529826887497
v 0.0061786770820618 0.0050939321517944 -0.0074999327771366
vn 0.4763345608750822 3.1016671795337492 -3.0871568174287010
v 0.0071200127713382 0.0048650498501956 -0.0112498896196485
vn 0.9979275118778878 6.1944227757882926 -0.1152232612213621
v 0.0070672631263733 0.0049095149151981 -0.0093275904655457
vn 0.6494633868471733 3.0732565889314740 -3.1954026259585091
v 0.0072603821754456 0.0048353672027588 -0.0112498896196485
vn 1.0646438153413076 6.1852378129789178 -0.1738463496316951
v 0.0070171952247620 0.0049515957944095 -0.0074999327771366
vn 1.1161130329468834 6.1800008222586325 -0.0000000000000000
v 0.0067872400395572 0.0051277270540595 0.0000000000000000
vn 1.0058448401534130 6.2011945410390110 -0.0003882285942221
v 0.0061990018002689 0.0052230949513614 0.0000000000000000
vn 1.9868068394198175 5.9504955428291053 0.0000091719176959
v 0.0429415702819824 -0.0032876129262149 0.0000000000000000
vn 2.3518340171782217 3.0009731303994966 -2.7840788081418770
v 0.0429075285792351 -0.0034061069600284 -0.0070606470108032
vn 2.2173964803840636 2.9810987088507583 -2.8903988271332146
v 0.0361576601862907 -0.0015330909518525 -0.0104999495670199
vn 1.5886548243752061 2.9551743631359351 -3.1101607816787693
v 0.0347968302667141 -0.0011519190156832 -0.0110023599117994
vn 1.3843117649097969 2.9594188629326981 -3.1519393714932038
v 0.0343202315270901 -0.0010171530302614 -0.0111035704612732
vn 1.1443560177257710 2.9444918091300942 -3.1816398590144330
v 0.0337955914437771 -0.0008681130129844 -0.0111799202859402
vn 1.0571086903530487 3.0243787749107214 -3.1906127373532867
v 0.0332632586359978 -0.0007160729728639 -0.0112121701240540
vn 2.0275368885498515 2.9459927705504589 -2.9710222111356956
v 0.0357161089777946 -0.0014100669650361 -0.0107027804479003
vn 1.8035803672029842 2.9504317330945176 -3.0514273683778983
v 0.0352653190493584 -0.0012838840484619 -0.0108684804290533
vn 6.0497401489170262 1.5816874004472439 -0.0007752256086942
v 0.0436333417892456 -0.0039957161061466 0.0000000000000000
vn 2.7308769331105500 5.6247201847101822 -0.0000072177026249
v 0.0431025587022305 -0.0033491840586066 0.0000000000000000
vn 2.6667930682822756 2.8767466102654708 -2.7123246825386516
v 0.0430492684245110 -0.0034590358845890 -0.0069885249249637
vn 3.6571001961825647 5.0720599302792548 0.0021823319511609
v 0.0432505607604980 -0.0034376380499452 0.0000000000000000
vn 3.1810933878166483 2.5924554079135769 -2.6701418758110029
v 0.0431798584759235 -0.0035356280859560 -0.0069219470024109
vn 4.4702440719364285 4.3716866599309938 0.0022345389154680
v 0.0433812104165554 -0.0035499930381775 0.0000000000000000
vn 5.1568435046323682 3.5369718905461296 0.0000000000000000
v 0.0434905812144279 -0.0036832690238953 0.0000000000000000
vn 3.7118907614622110 2.1356892191835835 -2.6617277179840633
v 0.0433465801179409 -0.0036900041159242 -0.0068370099179447
vn 5.6873437168014984 2.5986305077309448 0.0000000000000000
v 0.0435755215585232 -0.0038332929834723 0.0000000000000000
vn 4.3707296776430073 1.0505337969781168 -2.6464717752547591
v 0.0434967204928398 -0.0039528012275696 -0.0067604780197144
vn 4.1129807832491281 1.6141392520410824 -2.6932979191239479
v 0.0434330701828003 -0.0038148760795593 -0.0067929020151496
vn 4.5315192733328562 0.3490582569168096 -2.6408653081770628
v 0.0435452982783318 -0.0041754241101444 -0.0067357420921326
vn 6.2312427510328963 0.5191272691592463 0.0015354804999343
v 0.0436624214053154 -0.0041655302047729 0.0000000000000000
vn 6.2280725094811400 -0.5545291153143569 0.0014462098604047
v 0.0436619482934475 -0.0043379659764469 0.0000000000000000
vn 4.5331557460323708 -0.2943635087784679 -2.6872990608370184
v 0.0435448214411736 -0.0043274760246277 -0.0067360401153564
vn 6.1237953907348945 -1.3617366271359055 0.0000235981731699
v 0.0436318516731262 -0.0045077200047672 0.0000000000000000
vn 4.4869934879747770 -0.6999241561868208 -2.7689973776192658
v 0.0435179993510246 -0.0044771428219974 -0.0067496290430427
vn 1.0871293871740753 -6.1774894901546968 -0.1154233915099339
v 0.0034632680471987 -0.0136330695822835 -0.0093308091163635
vn 0.5611101475438320 -3.0884711241226550 -3.1010586057959713
v 0.0035583970602602 -0.0135792400687933 -0.0112498896196485
vn 0.7072567606973688 -3.0604740291130428 -3.1953216308324204
v 0.0038943290710449 -0.0135014001280069 -0.0112498896196485
vn 0.6108220345821488 -6.2509784804181248 -0.0538765290199640
v 0.0191471502184868 -0.0105451298877597 -0.0044611687771976
vn 0.6274064838008939 -6.2497348954401968 -0.0537654991356998
v 0.0186948105692863 -0.0106006199494004 -0.0031671519391239
vn 0.5309121276602173 -3.1682769960441424 -3.1970002476271051
v 0.0187370106577873 -0.0104749202728271 -0.0101675903424621
vn 0.6391402394402507 -6.2491434113861759 -0.0568863645517500
v 0.0182800199836493 -0.0106515204533935 -0.0021041629370302
vn 0.6519683550928044 -6.2474459513594969 -0.0498833441571100
v 0.0181227307766676 -0.0106709003448486 -0.0017474880442023
vn 0.5968428239404556 -6.2520206962077705 -0.0536251707979463
v 0.0196774005889893 -0.0104799801483750 -0.0061408281326294
vn 0.4061661576536487 -3.1605421128850368 -3.1975119260862801
v 0.0200625602155924 -0.0103871803730726 -0.0100650098174810
vn 0.5765453939540294 -6.2533202115093243 -0.0547616373570328
v 0.0202304702252150 -0.0104120299220085 -0.0080609321594238
vn 0.5688620658056999 -6.2537412459518587 -0.0536105638307673
v 0.0203124191612005 -0.0104020200669765 -0.0083587756380439
vn 0.3460897402815379 -3.1387745509607208 -3.1909098972521974
v 0.0205847006291151 -0.0103573203086853 -0.0100374203175306
vn 0.4117333867904557 -3.1664222873814509 -3.0975372653249020
v 0.0207569003105164 -0.0103474203497171 -0.0100283604115248
vn 0.6614762558470104 -6.2469567417217284 -0.0528221528540579
v 0.0178987905383110 -0.0106983100995421 -0.0012401340063661
vn 0.5805245266162190 -3.1361937397565556 -3.1801420425356972
v 0.0180638991296291 -0.0105298701673746 -0.0102372104302049
vn 0.7408021503374794 -6.2384095518531328 -0.0025206966319874
v 0.0153945004567504 -0.0109887104481459 0.0000000000000000
vn 0.7470070068018773 -3.1282970785270345 -3.1867590349962085
v 0.0159658100455999 -0.0107308002188802 -0.0104796802625060
vn 0.6831911884647337 -6.2453842070704813 -0.0045055197408967
v 0.0166915599256754 -0.0108344499021769 0.0000000000000000
vn 0.6532511830318853 -3.1438381939044375 -3.1965019572601401
v 0.0173716507852077 -0.0105865001678467 -0.0103088598698378
vn 0.6651445903692083 -6.2465860911171314 -0.0018654383809020
v 0.0172237697988749 -0.0107812201604247 0.0000000000000000
vn 0.6776143797187382 -6.2454780606476081 -0.0514293065687769
v 0.0175477806478739 -0.0107414703816175 -0.0005469479947351
vn 0.9426402518781599 -6.2111181807480662 -0.0014617091303825
v 0.0140657396987081 -0.0111823603510857 0.0000000000000000
vn 0.8412363659650303 -3.1112457730558383 -3.1702414044126543
v 0.0145354196429253 -0.0109203401952982 -0.0106669003143907
vn 0.8425221224634701 -6.2257935208957447 -0.0016100374317280
v 0.0151506001129746 -0.0110176801681519 0.0000000000000000
vn 0.8393281906550770 -3.1117993084504412 -3.1685271826632215
v 0.0153711400926113 -0.0108066201210022 -0.0105570498853922
vn 0.8120616752499312 -3.1167227142089051 -3.1889365594342092
v 0.0156874004751444 -0.0107635203748941 -0.0105155697092414
vn 1.4675818791283655 -6.1087540749474991 0.0001204096040689
v 0.0109966304153204 -0.0118012400344014 0.0000000000000000
vn 1.0160059410420068 -3.0412743282383263 -3.2076283348528571
v 0.0116322599351406 -0.0114549295976758 -0.0110258404165506
vn 1.2759041027769746 -6.1515657902410030 0.0000000000000000
v 0.0123745696619153 -0.0114906402304769 0.0000000000000000
vn 1.0066369577958647 -3.0737018562799929 -3.1750955544864974
v 0.0127345295622945 -0.0112262899056077 -0.0108972098678350
vn 1.1717958031808393 -6.1719304422968833 -0.0000000000000000
v 0.0127716604620218 -0.0114152999594808 0.0000000000000000
vn 0.9771480188520341 -3.0684314849296292 -3.2071322835082166
v 0.0129356300458312 -0.0111846299842000 -0.0108737898990512
vn 1.0568971131903981 -6.1929033780298397 0.0000000000000000
v 0.0137315895408392 -0.0112331500276923 0.0000000000000000
vn 0.9373646051618304 -3.0919056634656319 -3.1697252289396651
v 0.0140358200296760 -0.0109962802380323 -0.0107320500537753
vn 0.8964758885326491 -3.0981196849678816 -3.2057075276930993
v 0.0142614804208279 -0.0109575903043151 -0.0107028996571898
vn 1.5539935729052545 -6.0869780665741935 0.0013084254025684
v 0.0103024197742343 -0.0119783198460937 0.0000000000000000
vn 1.0281358314354336 -3.0516032589550464 -3.1832696543724275
v 0.0113520603626966 -0.0115218097344041 -0.0110523700714111
vn 0.8748115244843957 -3.0031299515248508 -3.2012242833615705
v 0.0079999556764960 -0.0123956203460693 -0.0112498896196485
vn 1.6996750624737791 -6.0481768995171095 0.0000145871727782
v 0.0081168413162231 -0.0125665003433824 0.0000000000000000
vn 0.9349407483835253 -2.9928845159657280 -3.2076156015901374
v 0.0090683689340949 -0.0120977098122239 -0.0112268300727010
vn 1.6130628442268964 -6.0719965079868885 0.0012159273572390
v 0.0095593919977546 -0.0121679902076721 0.0000000000000000
vn 0.9954925260778441 -3.0369342629805258 -3.1904823959611663
v 0.0092925420030951 -0.0120387598872185 -0.0112129403278232
vn 1.0006999651180855 -3.0160038158648743 -3.2082974595341609
v 0.0102533595636487 -0.0117861004546285 -0.0111534502357244
vn 1.1821969010368842 -6.1667756291273808 -0.1502935788389356
v 0.0033725500106812 -0.0136837298050523 -0.0074999327771366
vn 1.0585314793710823 -6.1879105952957323 -0.0012553694667008
v 0.0029960270039737 -0.0138866901397705 0.0000000000000000
vn 0.5067125746783407 -3.1000203356589289 -3.1514429946894027
v 0.0029475090559572 -0.0137621704488993 -0.0074999327771366
vn 1.3670106473311057 -6.1286937802389945 -0.0012007554144250
v 0.0039384961128235 -0.0136978598311543 0.0000000000000000
vn 0.7624138120068801 -3.0473159648254033 -3.1622705703496603
v 0.0046250820159912 -0.0133321201428771 -0.0112498896196485
vn 0.8146119961160602 -3.0336490388651951 -3.1962296720433736
v 0.0058218240737915 -0.0130107402801514 -0.0112498896196485
vn 1.6713947485522755 -6.0558117626771457 -0.0011554733252275
v 0.0058739781379700 -0.0131992101669312 0.0000000000000000
vn 0.8371093815041069 -3.0276946904644118 -3.1814639386725281
v 0.0061186552047729 -0.0129310395568609 -0.0112498896196485
vn 1.6980786364669966 -6.0480349492204919 0.0000122671570955
v 0.0066493148915470 -0.0129851102828979 0.0000000000000000
vn 1.7242909150232300 -6.0409452316745877 0.0000300886671045
v 0.0079993596300483 -0.0126000596210361 0.0000000000000000
vn 1.5881967515494435 -6.0764996547369332 -0.0012211080162416
v 0.0051316018216312 -0.0134043004363775 0.0000000000000000
vn -2.4994206007031536 1.9017838930066659 -3.1386595904746089
v 0.0015968680381775 -0.0103631000965834 -0.0112498896196485
vn -2.5188942199832853 1.8694829214997488 -3.2807670417152317
v 0.0060216779820621 -0.0048989648930728 -0.0112498896196485
vn -2.7261573431264496 1.5317916536269367 -3.3647888055966231
v 0.0065685510635376 -0.0040931100957096 -0.0112498896196485
vn -2.9446144075931393 1.0523943497728181 -3.3648066665224889
v 0.0069724321365356 -0.0032068490982056 -0.0112498896196485
vn -3.0794988498073330 0.5431657896487310 -3.3647474142031712
v 0.0072217578999698 -0.0022654531057924 -0.0112498896196485
vn -3.1269428823382341 0.0182058644237757 -3.3650210761909292
v 0.0073095560073853 -0.0012954470003024 -0.0112498896196485
vn -3.0856156422738383 -0.5072354883333983 -3.3648026691149053
v 0.0072330827824771 -0.0003246290143579 -0.0112498896196485
vn -3.0063611861781587 -0.8953474817975953 -3.2806463935731434
v 0.0069947238080204 0.0006196629838087 -0.0112498896196485
vn -3.0064577831107817 -0.9061964950972425 -3.1208864650454955
v 0.0059829349629581 0.0035582180134952 -0.0112498896196485
vn -3.0884663237281509 -0.5284516667738975 -3.0425795400614586
v 0.0059431791305542 0.0037123560905457 -0.0112498896196485
vn -3.1338172735485852 0.0003291088215048 -3.0558814956086278
v 0.0059283971786499 0.0038896200712770 -0.0112498896196485
vn -3.0936434790975866 0.5079910565981833 -3.0763319714832416
v 0.0059407940134406 0.0040351147763431 -0.0112498896196485
vn -1.3482592256587287 -2.8301399697695988 -3.1118748173711541
v 0.0022993679158390 -0.0134315397590399 -0.0112498896196485
vn -2.9611727174783811 1.0234384012380380 -3.0618739705222899
v 0.0059867501258850 0.0042204260826111 -0.0112498896196485
vn -0.3979703573887082 3.1095075841952537 -3.0696784116353575
v 0.0067996378056705 0.0048721428029239 -0.0112498896196485
vn 0.0733148352946806 3.1352874286200243 -3.0742093236514298
v 0.0069600339047611 0.0048800110816956 -0.0112498896196485
vn 0.1464389769843703 -3.1303051099314274 -3.0531940305611949
v 0.0032531020697206 -0.0136186396703124 -0.0112498896196485
vn -0.8780893982430508 -3.0104650885325510 -3.1078068894091166
v 0.0025854110717773 -0.0135400202125311 -0.0112498896196485
vn -3.1289635261977020 0.1881583185997038 -3.0982514365258740
v 0.0011547800386325 -0.0114920698106289 -0.0112498896196485
vn -3.0980772497764151 0.5124577611987192 -3.2165847989748957
v 0.0011899470118806 -0.0112461997196078 -0.0112498896196485
vn -2.7729136298015362 1.4679382252994035 -3.1169123250151340
v 0.0060403938405216 0.0043396940454841 -0.0112498896196485
vn -2.5190950534382810 1.8652317322312297 -3.0852523436231487
v 0.0061248540878296 0.0044764280319214 -0.0112498896196485
vn -1.8143839947982845 -2.5556971807520910 -3.1181809384625954
v 0.0019989009015262 -0.0132553502917290 -0.0112498896196485
vn -3.1097620595967981 -0.3769219499436787 -3.0960072114411128
v 0.0011644950136542 -0.0118591701611876 -0.0112498896196485
vn -3.0331180412043075 0.8013681930445409 -3.1235154086420640
v 0.0012119410093874 -0.0111308600753546 -0.0112498896196485
vn -2.9088350080691678 1.1782770726784739 -3.1321240772765315
v 0.0012790559558198 -0.0109319603070617 -0.0112498896196485
vn -0.3846683763859195 -3.1105454908794901 -3.0748564391967861
v 0.0028863539919257 -0.0136038595810533 -0.0112498896196485
vn -2.9975931401619724 -0.9208412193752252 -3.1473419094833353
v 0.0012441870057955 -0.0122156096622348 -0.0112498896196485
vn -2.2397126855345002 -2.1923183254986540 -3.1195047989995701
v 0.0017046330031008 -0.0130041800439358 -0.0112498896196485
vn -2.5707777250426913 -1.7960419098834870 -3.1438995984831779
v 0.0015098450239748 -0.0127663603052497 -0.0112498896196485
vn -2.8167063333811306 -1.3784176461652176 -3.1468979717920527
v 0.0013643499696627 -0.0125194098800421 -0.0112498896196485
vn -2.6970398949637189 1.5941356480340994 -3.0468340753647478
v 0.0014514919603243 -0.0105674797669053 -0.0112498896196485
vn -2.1773843875435603 2.2554775740535118 -3.0911525459369162
v 0.0062309498898685 0.0045970082283020 -0.0112498896196485
vn -1.7269238752040110 2.6111581511931794 -3.0483709806449486
v 0.0063853259198368 0.0047234888188541 -0.0112498896196485
vn -1.2149564266382873 2.8892887497798050 -3.0769176307912680
v 0.0065448880195618 0.0048071742057800 -0.0112498896196485
vn -0.8095110471445868 3.0327182205505889 -3.1305071470195660
v 0.0066425800323486 0.0048390030860901 -0.0112498896196485
vn 1.3398548139323077 -3.0447988337743066 -2.9903929692833824
v 0.0352653190493584 -0.0085660209879279 -0.0108684804290533
vn 1.7440492866707373 -3.0782045547485790 -2.8306855181768982
v 0.0361576601862907 -0.0084564676508307 -0.0104999495670199
vn 1.5648646787672387 -3.0408727538402025 -2.9078960214744720
v 0.0357186682522297 -0.0085104098543525 -0.0107017103582621
vn 0.9201359396633759 -3.0541853118208997 -3.0936483214503565
v 0.0343202315270901 -0.0086820721626282 -0.0111035704612732
vn 1.1247532268758511 -3.0504762579493740 -3.0508129124583419
v 0.0347954593598843 -0.0086237192153931 -0.0110026001930237
vn 0.5480781006287748 -3.0641643303530266 -3.1364490918035086
v 0.0332643315196037 -0.0088117122650146 -0.0112248603254557
vn 0.7270124347539670 -3.0590427316352224 -3.1209701244692201
v 0.0337948203086853 -0.0087466230615973 -0.0111799798905849
vn 0.3851193806010477 -3.0700657727901994 -3.1404450266173813
v 0.0326635800302029 -0.0088855018839240 -0.0112424399703741
vn 0.2075532464167176 -3.0588606465050101 -3.1350517086841805
v 0.0320637188851833 -0.0089591741561890 -0.0112303402274847
vn 0.0236301818804601 -3.0671624092545664 -3.1198520317155096
v 0.0306637194007635 -0.0091310730203986 -0.0111138802021742
vn -0.0958164888661232 -3.0920491100015997 -3.1047940128337013
v 0.0295522194355726 -0.0092675080522895 -0.0109602799639106
vn -0.1436274589189200 -3.1107591096062657 -3.0970959401196843
v 0.0284435097128153 -0.0094036450609565 -0.0107764601707458
vn -0.1076619683855699 -3.1415132434929638 -3.1027896251462019
v 0.0259707495570183 -0.0097072720527649 -0.0103492699563503
vn 0.0901170501687631 -3.1610829344882063 -3.1271632758728942
v 0.0240525603294373 -0.0099428286775947 -0.0100963097065687
vn -0.0170471145691205 -3.1529175648225665 -3.1155075402916657
v 0.0250121895223856 -0.0098249912261963 -0.0102078896015882
vn 0.2203998620793435 -3.1610878533131568 -3.1368467940738851
v 0.0232030693441629 -0.0100470697507262 -0.0100316395983100
vn 0.3667217775839998 -3.1694088674467471 -3.1406712998462889
v 0.0223522093147039 -0.0101514998823404 -0.0100025497376919
vn -6.0120935210507795 -1.8045165988910437 -0.1169484814011397
v 0.0059322710148990 0.0036022660788149 -0.0093275904655457
vn -3.0091893577946722 -0.8961582642792257 -3.1121165249774574
v 0.0069327950477600 0.0005983519949950 -0.0074999327771366
vn -3.0118168897902917 -0.8718065789925644 -3.2972875478103560
v 0.0058841700665653 0.0036440489348024 -0.0074999327771366
vn -3.0913731858399425 -0.5082367683676605 -3.0275139575384555
v 0.0071685309521854 -0.0003352449857630 -0.0074999327771366
vn -3.1328172756063726 0.0182070287351199 -3.0274824297849134
v 0.0072441101074219 -0.0012951489770785 -0.0074999327771366
vn -3.0852728719821383 0.5440789671319196 -3.0275432817187427
v 0.0071573848836124 -0.0022540090139955 -0.0074999327771366
vn -2.9501278401134181 1.0543566311798194 -3.0275194116752102
v 0.0069108600728214 -0.0031848540529609 -0.0074999327771366
vn -2.7311930827600888 1.5347577298469042 -3.0274845615418471
v 0.0065115690231323 -0.0040610427968204 -0.0074999327771366
vn -2.5212596051478720 1.8712394427004746 -3.1119799597207343
v 0.0059707760810852 -0.0048577780835330 -0.0074999327771366
vn -2.5219005503136955 1.8647831684327887 -3.2883740974625706
v 0.0014313450083137 -0.0104634100571275 -0.0074999327771366
vn -5.0344143673061055 3.7488892272718548 -0.1173750645214836
v 0.0015119309537113 -0.0104147102683783 -0.0093308091163635
vn 3.0821172309212082 0.5435818741418214 -3.3157819072438812
v -0.0019695160444826 -0.0003472960088402 -0.0074999327771366
vn 2.9408252393015033 1.0704682326669226 -3.3164500971315753
v -0.0018793339841068 -0.0006840400164947 -0.0074999327771366
vn -1.0704682326669208 -2.9408252393014989 -3.3164500971315762
v 0.0006840400164947 0.0018793339841068 -0.0074999327771366
vn -0.5435818741418217 -3.0821172309212077 -3.3157819072438812
v 0.0003472960088402 0.0019695160444826 -0.0074999327771366
vn 2.7102178763877478 1.5650926352850385 -3.3159361625227524
v -0.0017319320468232 -0.0009999870089814 -0.0074999327771366
vn 2.3974404214226026 2.0116944010027211 -3.3161240966437147
v -0.0015320179518312 -0.0012854930246249 -0.0074999327771366
vn 2.0116944010027242 2.3974404214226062 -3.3161240966437133
v -0.0012854930246249 -0.0015320179518312 -0.0074999327771366
vn 1.0704682326669208 2.9408252393014989 -3.3164500971315136
v -0.0006840400164947 -0.0018793339841068 -0.0074999327771366
vn 0.0000000000000001 3.1295803622488849 -3.3165456820191990
v 0.0000000000000000 -0.0019999740179628 -0.0074999327771366
vn 0.5435818741418217 3.0821172309212077 -3.3157819072438803
v -0.0003472960088402 -0.0019695160444826 -0.0074999327771366
vn -0.5435818741418214 3.0821172309212082 -3.3157819072438812
v 0.0003472960088402 -0.0019695160444826 -0.0074999327771366
vn -1.0704682326669226 2.9408252393015033 -3.3164500971315762
v 0.0006840400164947 -0.0018793339841068 -0.0074999327771366
vn -1.5650926352850385 2.7102178763877478 -3.3159361625227524
v 0.0009999870089814 -0.0017319320468232 -0.0074999327771366
vn 1.5650926352850381 2.7102178763877482 -3.3159361625227457
v -0.0009999870089814 -0.0017319320468232 -0.0074999327771366
vn -2.9548783515377401 -0.9975348274996101 -3.4611604462132002
v 0.0010941619984806 -0.0123747503384948 -0.0074999327771366
vn -2.7655632078283192 -1.4489088876968044 -3.4416865379725858
v 0.0011963839642704 -0.0126105500385165 -0.0074999327771366
vn -2.0116944010027211 2.3974404214226026 -3.3161240966437120
v 0.0012854930246249 -0.0015320179518312 -0.0074999327771366
vn -2.3974404214226062 2.0116944010027242 -3.3161240966437120
v 0.0015320179518312 -0.0012854930246249 -0.0074999327771366
vn -2.7102178763877482 1.5650926352850381 -3.3159361625227515
v 0.0017319320468232 -0.0009999870089814 -0.0074999327771366
vn -2.9408252393014989 1.0704682326669208 -3.3164500971315771
v 0.0018793339841068 -0.0006840400164947 -0.0074999327771366
vn -2.3974404214226026 -2.0116944010027211 -3.3161240966437191
v 0.0015320179518312 0.0012854930246249 -0.0074999327771366
vn -3.0822488264589469 -0.4615634365090691 -3.4688946707844814
v 0.0010069010313600 -0.0120185604318976 -0.0074999327771366
vn -2.4704096612003354 -1.8954841642169460 -3.4908683506462492
v 0.0014163850573823 -0.0129634700715542 -0.0074999327771366
vn -3.0821172309212077 0.5435818741418217 -3.3157819072438821
v 0.0019695160444826 -0.0003472960088402 -0.0074999327771366
vn -3.1295803622488854 0.0000000000000001 -3.3165456820191928
v 0.0019999740179628 0.0000000000000000 -0.0074999327771366
vn -3.0821172309212082 -0.5435818741418214 -3.3157819072438812
v 0.0019695160444826 0.0003472960088402 -0.0074999327771366
vn -2.9408252393015033 -1.0704682326669226 -3.3164500971315762
v 0.0018793339841068 0.0006840400164947 -0.0074999327771366
vn -2.7102178763877478 -1.5650926352850385 -3.3159361625227537
v 0.0017319320468232 0.0009999870089814 -0.0074999327771366
vn -0.0000000000000001 -3.1295803622488849 -3.3165456820191928
v 0.0000000000000000 0.0019999740179628 -0.0074999327771366
vn 0.5435818741418214 -3.0821172309212082 -3.3157819072438817
v -0.0003472960088402 0.0019695160444826 -0.0074999327771366
vn 1.0704682326669226 -2.9408252393015033 -3.3164500971315753
v -0.0006840400164947 0.0018793339841068 -0.0074999327771366
vn 1.5650926352850385 -2.7102178763877478 -3.3159361625227519
v -0.0009999870089814 0.0017319320468232 -0.0074999327771366
vn 2.0116944010027211 -2.3974404214226026 -3.3161240966437120
v -0.0012854930246249 0.0015320179518312 -0.0074999327771366
vn 2.3974404214226062 -2.0116944010027242 -3.3161240966437107
v -0.0015320179518312 0.0012854930246249 -0.0074999327771366
vn 2.7102178763877482 -1.5650926352850381 -3.3159361625227524
v -0.0017319320468232 0.0009999870089814 -0.0074999327771366
vn 2.9408252393014989 -1.0704682326669208 -3.3164500971315753
v -0.0018793339841068 0.0006840400164947 -0.0074999327771366
vn 3.0821172309212077 -0.5435818741418217 -3.3157819072438821
v -0.0019695160444826 0.0003472960088402 -0.0074999327771366
vn 3.1295803622488849 -0.0000000000000001 -3.3165456820191928
v -0.0019999740179628 0.0000000000000000 -0.0074999327771366
vn -2.1688809996699434 -2.2510891059323779 -3.4194835236852628
v 0.0015758869703859 -0.0131357898935676 -0.0074999327771366
vn -1.9291794299301688 -2.4668084868924280 -3.3707897673113036
v 0.0018234839662910 -0.0133464299142361 -0.0074999327771366
vn -1.6402406048549558 -2.6593689392465274 -3.4256187408752616
v 0.0019149780273438 -0.0134119298309088 -0.0074999327771366
vn -1.3208505838406963 -2.8365953704983831 -3.3887277923634684
v 0.0021035070531070 -0.0135117098689079 -0.0074999327771366
vn 0.3036491151392338 -3.1181059884388453 -3.3310051478415579
v 0.0032045838888735 -0.0137096000835299 -0.0074999327771366
vn -2.7245186249834901 1.5334969648258205 -3.3806221884404484
v 0.0012485979823396 -0.0107332402840257 -0.0074999327771366
vn -2.9364342555650191 1.0651874377158861 -3.4089846185857029
v 0.0011019109515473 -0.0110496198758483 -0.0074999327771366
vn -3.0692021679293884 0.5838530981787882 -3.4144968288927107
v 0.0010209080064669 -0.0113463895395398 -0.0074999327771366
vn -3.1192535249295030 0.0859959974851311 -3.4436721506036188
v 0.0009864020394161 -0.0116504998877645 -0.0074999327771366
vn -1.0338281105637408 -2.9578502375011952 -3.3447246837761844
v 0.0024057030677795 -0.0136316996067762 -0.0074999327771366
vn -0.6919963051107410 -3.0496659029921060 -3.3886198147473956
v 0.0025341510772705 -0.0136703802272677 -0.0074999327771366
vn -0.4687211537514910 -3.1049843071000263 -3.2363394424639980
v 0.0027237529866397 -0.0136990500614047 -0.0074999327771366
vn -0.2346786156839703 -3.1183250574023855 -3.3801255529170344
v 0.0028384919278324 -0.0137163400650024 -0.0074999327771366
vn 0.0642782586413326 -3.1387707734619306 -3.2498258544043490
v 0.0030485389288515 -0.0137156797572970 -0.0074999327771366
vn -1.5650926352850381 -2.7102178763877482 -3.3159361625227524
v 0.0009999870089814 0.0017319320468232 -0.0074999327771366
vn -2.0116944010027242 -2.3974404214226062 -3.3161240966437080
v 0.0012854930246249 0.0015320179518312 -0.0074999327771366
vn -3.1319423399558999 -0.1193721149760550 -3.3179691920832695
v 0.0058327908627689 0.0039597149007022 -0.0074999327771366
vn -3.0899604471455442 -0.4988404838024466 -3.3492191429413856
v 0.0058471560478210 0.0038002131041139 -0.0074999327771366
vn -2.9805051061487182 0.9337914896386738 -3.4077012809509362
v 0.0058805937878788 0.0042754411697388 -0.0074999327771366
vn -3.0983100397057384 0.3574669027580596 -3.4281337396639278
v 0.0058340430259705 0.0040631890296936 -0.0074999327771366
vn 0.0717860657337016 3.1252952197264614 -3.3780166043694360
v 0.0068573951721191 0.0049689412117004 -0.0074999327771366
vn -1.4481827168176826 2.7676060796162818 -3.4084462818179793
v 0.0063622589223087 0.0048536062240601 -0.0074999327771366
vn -1.8783474673303453 2.4975306171119831 -3.4021802323114776
v 0.0062279701232910 0.0047683110460639 -0.0074999327771366
vn -2.2568354845031808 2.1584818444187395 -3.4162322574484167
v 0.0061104889027774 0.0046646590344608 -0.0074999327771366
vn -2.5888668140742133 1.7468015532523453 -3.4144756633180569
v 0.0059974188916385 0.0045242900960147 -0.0074999327771366
vn -2.8200162751290878 1.3590837876930677 -3.3628802608268407
v 0.0059413309209049 0.0044237370602787 -0.0074999327771366
vn -0.4526243379399202 3.0921609993269779 -3.3905488367830610
v 0.0066813230514526 0.0049583911895752 -0.0074999327771366
vn -0.9630050792613485 2.9722091556030472 -3.4003549056195315
v 0.0065264101140201 0.0049223890528083 -0.0074999327771366
vn -3.1295803622488849 -0.0000000000000001 3.3165456820191928
v 0.0019999740179628 0.0000000000000000 0.0074999327771366
vn -3.0821172309212077 -0.5435818741418217 3.3157819072438803
v 0.0019695160444826 0.0003472960088402 0.0074999327771366
vn -2.9408252393014989 -1.0704682326669208 3.3164500971315762
v 0.0018793339841068 0.0006840400164947 0.0074999327771366
vn -2.7102178763877482 -1.5650926352850381 3.3159361625227524
v 0.0017319320468232 0.0009999870089814 0.0074999327771366
vn -2.3974404214226062 -2.0116944010027238 3.3161240966437324
v 0.0015320179518312 0.0012854930246249 0.0074999327771366
vn -2.0116944010027211 -2.3974404214226026 3.3161240966437124
v 0.0012854930246249 0.0015320179518312 0.0074999327771366
vn -1.5650926352850385 -2.7102178763877478 3.3159361625227524
v 0.0009999870089814 0.0017319320468232 0.0074999327771366
vn -1.0704682326669226 -2.9408252393015033 3.3164500971315762
v 0.0006840400164947 0.0018793339841068 0.0074999327771366
vn -0.5435818741418214 -3.0821172309212082 3.3157819072438812
v 0.0003472960088402 0.0019695160444826 0.0074999327771366
vn 0.0000000000000001 -3.1295803622488849 3.3165456820191928
v 0.0000000000000000 0.0019999740179628 0.0074999327771366
vn 0.5435818741418217 -3.0821172309212077 3.3157819072438812
v -0.0003472960088402 0.0019695160444826 0.0074999327771366
vn 1.0704682326669208 -2.9408252393014989 3.3164500971315762
v -0.0006840400164947 0.0018793339841068 0.0074999327771366
vn 1.5650926352850381 -2.7102178763877482 3.3159361625227524
v -0.0009999870089814 0.0017319320468232 0.0074999327771366
vn 2.0116944010027238 -2.3974404214226062 3.3161240966437115
v -0.0012854930246249 0.0015320179518312 0.0074999327771366
vn 2.3974404214226026 -2.0116944010027211 3.3161240966437111
v -0.0015320179518312 0.0012854930246249 0.0074999327771366
vn 2.7102178763877478 -1.5650926352850385 3.3159361625227519
v -0.0017319320468232 0.0009999870089814 0.0074999327771366
vn 2.9408252393015033 -1.0704682326669226 3.3164500971315762
v -0.0018793339841068 0.0006840400164947 0.0074999327771366
vn 3.0821172309212082 -0.5435818741418214 3.3157819072438821
v -0.0019695160444826 0.0003472960088402 0.0074999327771366
vn 3.1295803622488849 0.0000000000000001 3.3165456820191923
v -0.0019999740179628 0.0000000000000000 0.0074999327771366
vn 3.0821172309212077 0.5435818741418217 3.3157819072438812
v -0.0019695160444826 -0.0003472960088402 0.0074999327771366
vn 2.9408252393014989 1.0704682326669208 3.3164500971315758
v -0.0018793339841068 -0.0006840400164947 0.0074999327771366
vn 2.7102178763877482 1.5650926352850381 3.3159361625227524
v -0.0017319320468232 -0.0009999870089814 0.0074999327771366
vn 2.3974404214226062 2.0116944010027238 3.3161240966437120
v -0.0015320179518312 -0.0012854930246249 0.0074999327771366
vn 2.0116944010027211 2.3974404214226026 3.3161240966437093
v -0.0012854930246249 -0.0015320179518312 0.0074999327771366
vn 1.5650926352850385 2.7102178763877478 3.3159361625227435
v -0.0009999870089814 -0.0017319320468232 0.0074999327771366
vn 1.0704682326669226 2.9408252393015033 3.3164500971315221
v -0.0006840400164947 -0.0018793339841068 0.0074999327771366
vn 0.5435818741418214 3.0821172309212082 3.3157819072438803
v -0.0003472960088402 -0.0019695160444826 0.0074999327771366
vn -0.0000000000000001 3.1295803622488849 3.3165456820191919
v 0.0000000000000000 -0.0019999740179628 0.0074999327771366
vn -0.5435818741418217 3.0821172309212077 3.3157819072438808
v 0.0003472960088402 -0.0019695160444826 0.0074999327771366
vn -1.0704682326669208 2.9408252393014989 3.3164500971315785
v 0.0006840400164947 -0.0018793339841068 0.0074999327771366
vn -1.5650926352850381 2.7102178763877482 3.3159361625227524
v 0.0009999870089814 -0.0017319320468232 0.0074999327771366
vn -2.0116944010027238 2.3974404214226062 3.3161240966437115
v 0.0012854930246249 -0.0015320179518312 0.0074999327771366
vn -2.3974404214226026 2.0116944010027211 3.3161240966437120
v 0.0015320179518312 -0.0012854930246249 0.0074999327771366
vn -2.7102178763877478 1.5650926352850385 3.3159361625227524
v 0.0017319320468232 -0.0009999870089814 0.0074999327771366
vn -2.9408252393015033 1.0704682326669226 3.3164500971315762
v 0.0018793339841068 -0.0006840400164947 0.0074999327771366
vn -3.0821172309212082 0.5435818741418214 3.3157819072438817
v 0.0019695160444826 -0.0003472960088402 0.0074999327771366
vn -6.1874461844126287 0.9484325045997820 -0.1875860188474172
v 0.0058894748799503 0.0040785069577396 -0.0093396296724677
vn -6.2604795344496642 -0.0626173177113549 -0.1640139434935426
v 0.0058780307881534 0.0039181108586490 -0.0093362331390381
vn -5.9566574884834171 1.9230940942932326 -0.1998177733775485
v 0.0059265489690006 0.0042349100112915 -0.0093421926721931
vn -5.5728404893458201 2.8491319432938442 -0.2146437787103692
v 0.0059881210327148 0.0043835039250553 -0.0093439808115363
vn -4.3789187989907594 4.4717492084834580 -0.2261333871742858
v 0.0061781997792423 0.0046416521072388 -0.0093448748812079
vn -5.0397705035881479 3.7110376703299535 -0.2247858982013465
v 0.0060727000236511 0.0045202369801700 -0.0093448748812079
vn -2.7412984725693574 5.6279978982611238 -0.1993547737348047
v 0.0064401030540466 0.0048264260403812 -0.0093421926721931
vn -3.6096406386350797 5.1135210333728516 -0.2167300099139991
v 0.0063017010688782 0.0047445888631046 -0.0093439808115363
vn -1.7996052877021895 5.9956926143540290 -0.1864718476223300
v 0.0065897698514163 0.0048850770108402 -0.0093396296724677
vn 0.1855911587637310 6.2585804062257715 -0.1410106454289729
v 0.0069075818173587 0.0049270391464233 -0.0093321800231934
vn -0.8148168974586848 6.2071247851679265 -0.1693357287058081
v 0.0067470069043338 0.0049188728444278 -0.0093362331390381
vn -6.1703885182828966 -1.0614082877601261 -0.1354593720771514
v 0.0058923359028995 0.0037580130156130 -0.0093321800231934
vn -5.4435289109303691 3.0916012619890920 -0.1557016147401022
v 0.0013283489970490 -0.0106842499226332 -0.0093461265787482
vn -6.1453245110642314 1.1814094676843110 -0.2398136358236654
v 0.0011036989744753 -0.0112941795960069 -0.0093723526224494
vn -5.8677940726470315 2.1780373665699653 -0.2001987249806294
v 0.0011910200119019 -0.0109800100326538 -0.0093600740656257
vn -6.2532136262885789 0.1677110671116099 -0.2798427322027185
v 0.0010685919551179 -0.0116186095401645 -0.0093826046213508
vn -6.1969212951787904 -0.8448820141212796 -0.3041437120365861
v 0.0010866520460695 -0.0119443498551846 -0.0093905320391059
vn -5.9752741953587041 -1.8456936760674509 -0.3229910984146794
v 0.0011575219687074 -0.0122629404067993 -0.0093958973884583
vn -5.5934330964816503 -2.7966751403350387 -0.3251559590277725
v 0.0012791750486940 -0.0125657897442579 -0.0093986392021179
vn -5.0639355221399818 -3.6690541869135611 -0.3190583302650141
v 0.0014483330305666 -0.0128449201583862 -0.0093986392021179
vn -4.3980255325404141 -4.4458302314894738 -0.3122922429214318
v 0.0016606450080872 -0.0130927497521043 -0.0093958973884583
vn -3.6197509234253062 -5.1007141136619412 -0.2944884248093950
v 0.0019104479579255 -0.0133028598502278 -0.0093905320391059
vn -2.7407670763429328 -5.6239483472717859 -0.2622098645196491
v 0.0021908869966865 -0.0134695097804070 -0.0093826046213508
vn -1.7938066111181334 -5.9951991897814434 -0.2379806271366493
v 0.0024948120117188 -0.0135883595794439 -0.0093723526224494
vn -0.7883386504703299 -6.2093032856723838 -0.2105276115514058
v 0.0028138160705566 -0.0136561896651983 -0.0093600740656257
vn 0.2310672537085021 -6.2561979679966653 -0.1616663584619543
v 0.0031395549885929 -0.0136712100356817 -0.0093461265787482
vn 0.0900919146839608 -3.1610860214780794 3.1272016530141498
v 0.0240525603294373 -0.0099428286775947 0.0100963097065687
vn 0.2203998620793435 -3.1610878533131568 3.1368467940738851
v 0.0232030693441629 -0.0100470697507262 0.0100316395983100
vn 0.6616883503008077 -6.2469307237296690 0.0526149479337832
v 0.0178987905383110 -0.0106983100995421 0.0012401340063661
vn 0.3667217775839999 -3.1694088674467471 3.1406712998462893
v 0.0223522093147039 -0.0101514998823404 0.0100025497376919
vn 0.6519683550928044 -6.2474459513594969 0.0498833441571100
v 0.0181227307766676 -0.0106709003448486 0.0017474880442023
vn 0.6391402394402507 -6.2491434113861768 0.0568863645517500
v 0.0182800199836493 -0.0106515204533935 0.0021041629370302
vn -0.0172565797347181 -3.1531932630402384 3.1156012588766857
v 0.0250121895223856 -0.0098249912261963 0.0102078896015882
vn 0.6775540974961528 -6.2454854719259885 0.0516272432695184
v 0.0175477806478739 -0.0107414703816175 0.0005469479947351
vn 0.5968428239404555 -6.2520206962077705 0.0536251707979463
v 0.0196774005889893 -0.0104799801483750 0.0061408281326294
vn 0.6108220345821488 -6.2509784804181248 0.0538765290199640
v 0.0191471502184868 -0.0105451298877597 0.0044611687771976
vn 0.6274064838008939 -6.2497348954401968 0.0537654991356998
v 0.0186948105692863 -0.0106006199494004 0.0031671519391239
vn -0.1436219359761252 -3.1107328941179704 3.0971584473843494
v 0.0284435097128153 -0.0094036450609565 0.0107764601707458
vn -0.1073931326387294 -3.1418739921295216 3.1029180230048241
v 0.0259707495570183 -0.0097072720527649 0.0103492699563503
vn 2.0333236928101983 -5.7907383656900002 0.0544026471413371
v 0.0416784808039665 -0.0077785840258002 0.0050607910379767
vn 0.4117333867904556 -3.1664222873814509 3.0975372653249020
v 0.0207569003105164 -0.0103474203497171 0.0100283604115248
vn 0.5688620658057000 -6.2537412459518578 0.0536105638307673
v 0.0203124191612005 -0.0104020200669765 0.0083587756380439
vn 0.5765453939540294 -6.2533202115093243 0.0547616373570328
v 0.0202304702252150 -0.0104120299220085 0.0080609321594238
vn -0.0928394056466066 -3.0863803040591478 3.1050522324550411
v 0.0295522194355726 -0.0092675080522895 0.0109602799639106
vn 2.0653530985475417 -3.0360798146513837 2.5092743618849185
v 0.0415470600128174 -0.0077946782112122 0.0077538490295410
vn 1.7439920346326954 -3.0782247623150099 2.8306386573584814
v 0.0361576601862907 -0.0084564676508307 0.0104999495670199
vn 0.9204710584886240 -3.0541321931097083 3.0949600770202013
v 0.0343202315270901 -0.0086820721626282 0.0111035704612732
vn 0.7265683279321169 -3.0590884031911876 3.1197221790347092
v 0.0337948203086853 -0.0087466230615973 0.0111799798905849
vn 0.5483677846734736 -3.0641287117872960 3.1367608742782833
v 0.0332643315196037 -0.0088117122650146 0.0112248603254557
vn 0.3851059540932629 -3.0700926623024598 3.1410227784974252
v 0.0326635800302029 -0.0088855018839240 0.0112424399703741
vn 0.2074739789881727 -3.0589033511652626 3.1351341884833568
v 0.0320637188851833 -0.0089591741561890 0.0112303402274847
vn 0.0194874701168280 -3.0624698334576839 3.1187902966986316
v 0.0306637194007635 -0.0091310730203986 0.0111138802021742
vn 1.5619337297932794 -3.0412406813999766 2.9010532863022185
v 0.0357186682522297 -0.0085104098543525 0.0107017103582621
vn 1.3401787687063824 -3.0447247072827510 2.9907090506349201
v 0.0352653190493584 -0.0085660209879279 0.0108684804290533
vn 1.1248033224576541 -3.0504450463877362 3.0510518826081885
v 0.0347954593598843 -0.0086237192153931 0.0110026001930237
vn 4.2868276932026923 -1.2893359277437837 2.7468467688669964
v 0.0429319106042385 -0.0065713520161808 0.0070483679883182
vn 3.0313730616107284 -2.6983827949034103 2.7734982844379199
v 0.0419257804751396 -0.0075852870941162 0.0075609679333866
vn 3.1819035790290644 -2.6052316634486696 2.8382836755070655
v 0.0420930907130241 -0.0074731111526489 0.0074756741523743
vn 3.2636618719874333 -2.5451423019351869 2.7663617718849398
v 0.0422360785305500 -0.0073772068135440 0.0074028368107975
vn 3.4611552795340192 -2.3937085670462488 2.8372292305467397
v 0.0423264503479004 -0.0073021650314331 0.0073567619547248
vn 3.5584945285113649 -2.3035973817838324 2.7649993094921044
v 0.0425288602709770 -0.0071277017705142 0.0072537059895694
vn 3.8031818366781680 -2.0473699310157683 2.7313803140004667
v 0.0426920615136623 -0.0069553852081299 0.0071704979054630
vn 4.0731331884897921 -1.6810446819752702 2.7096882172553878
v 0.0428460799157619 -0.0067409868352115 0.0070919990539551
vn 4.4103676551500932 -0.9753672209053905 2.7626453209858695
v 0.0430040284991264 -0.0063778162002563 0.0070115919224918
vn -2.4604557908250926 -1.9514953920629750 3.1268240990637954
v -0.0082610836252570 -0.0129352798685431 0.0074999327771366
vn -2.6247788882693857 -1.7201591584674016 3.0854408868779579
v -0.0085968971252441 -0.0124800801277161 0.0074999327771366
vn 0.2385108348886270 -3.1320494160108145 3.1962099777518582
v -0.0025100109633058 -0.0143498098477721 0.0074999327771366
vn 0.1966564313876523 -3.1351528000144162 3.1696556723311700
v -0.0033481121063232 -0.0144134704023600 0.0074999327771366
vn -0.5391404051929789 -3.0939956874068875 3.1314502271754816
v -0.0059977169148624 -0.0143404603004456 0.0074999327771366
vn -0.7490992671698613 -3.0496825868053219 3.1243397228652934
v -0.0061997771263123 -0.0142984902486205 0.0074999327771366
vn -0.8570027204767936 -3.0219453551996720 3.1963229646836746
v -0.0064690108411014 -0.0142220202833414 0.0074999327771366
vn -1.0172747018710264 -2.9688919501158271 3.0862905863096839
v -0.0065783262252808 -0.0141910901293159 0.0074999327771366
vn -1.3285729945512257 -2.8435106986029037 3.0915653560550038
v -0.0068895220756531 -0.0140651399269700 0.0074999327771366
vn -1.6053379626406770 -2.6979417508654331 3.1055770981592596
v -0.0072700381278992 -0.0138619495555758 0.0074999327771366
vn -1.8281145764220876 -2.5529882448695966 3.1174708683364267
v -0.0073559880256653 -0.0138053800910711 0.0074999327771366
vn -2.0687236400909153 -2.3593700959976616 3.0823810576996498
v -0.0076891179196537 -0.0135459797456861 0.0074999327771366
vn -2.2991485568809265 -2.1380977525406077 3.1108917521710158
v -0.0080108037218451 -0.0132290096953511 0.0074999327771366
vn 0.3895230410951776 -3.1170247449361002 3.1642221363464365
v 0.0021858809050173 -0.0138698201626539 0.0074999327771366
vn 0.3346211542484530 -3.1232993473944459 3.1928193729637417
v 0.0005783740198240 -0.0140444599092007 0.0074999327771366
vn 0.3165790575761809 -3.1252897629256378 3.1841245747241524
v -0.0008700499893166 -0.0141982398927212 0.0074999327771366
vn 0.2710632613844740 -3.1296158774515943 3.1734995423136660
v -0.0021743769757450 -0.0143242999911308 0.0074999327771366
vn 0.1179850283527493 -3.1391027904026312 3.1682136902654845
v -0.0038686390034854 -0.0144397001713514 0.0074999327771366
vn 0.0756588555327974 -3.1402038014626399 3.1963646881233916
v -0.0041674971580505 -0.0144469095394015 0.0074999327771366
vn 0.0139725831499906 -3.1411772405758769 3.1576384381779095
v -0.0044424529187381 -0.0144534697756171 0.0074999327771366
vn -0.1281917372289055 -3.1383273728427450 3.1421175719052314
v -0.0049858088605106 -0.0144456000998616 0.0074999327771366
vn -0.3258618910959947 -3.1233038325986731 3.1209221523117909
v -0.0054991841316223 -0.0144110899418592 0.0074999327771366
vn -3.1065353400927522 0.4575110560681747 3.1174298399198079
v -0.0092939129099250 -0.0091932406648993 0.0074999327771366
vn -3.1328688262422180 0.0872869848128959 3.0384783264608117
v -0.0093673458322883 -0.0098783960565925 0.0074999327771366
vn -3.1076287169573789 -0.4063056172204476 3.0383953898358467
v -0.0093321800231934 -0.0105665298178792 0.0074999327771366
vn -3.0050436176821176 -0.8899945449533606 3.0383028323852397
v -0.0091892480850220 -0.0112405996769667 0.0074999327771366
vn -2.8277669478640424 -1.3513955945871912 3.0385532430424744
v -0.0089420666918159 -0.0118837300688028 0.0074999327771366
vn -3.0577173344125441 0.7127218006763825 3.1098136676527588
v -0.0075712800025940 -0.0000241721008933 0.0074999327771366
vn -0.1359034851764023 3.1367387955940296 3.1097523844465242
v -0.0010703799780458 0.0053690671920776 0.0074999327771366
vn -0.5396121315906736 3.0855277008731088 3.0230757673825601
v -0.0022099609486759 0.0052701830863953 0.0074999327771366
vn -1.0631722137015132 2.9464097756641481 3.0230961637313625
v -0.0033153889235109 0.0049764509312809 0.0074999327771366
vn -1.5548739939026204 2.7192052194421077 3.0231566234225280
v -0.0043537020683289 0.0044966340065002 0.0074999327771366
vn -2.0000650295781401 2.4106826146206926 3.0230811397980761
v -0.0052938461303711 0.0038451550062746 0.0074999327771366
vn -2.3854726128678707 2.0300886606301765 3.0232259865000985
v -0.0061076278798282 0.0030414459761232 0.0074999327771366
vn -2.6994206800981209 1.5889918924376005 3.0232497505075182
v -0.0067708492279053 0.0021095869597048 0.0074999327771366
vn -2.9327812300688150 1.1001756933444042 3.0230008083604201
v -0.0072637200355530 0.0010774730471894 0.0074999327771366
vn 0.0414383225697360 3.1410295433527491 3.1699354232814279
v 0.0028972020372748 0.0053690671920776 0.0074999327771366
vn 0.9966015908386070 6.1945251665580274 0.1173354579214348
v 0.0070672631263733 0.0049095149151981 0.0093275904655457
vn 0.4749588455746622 3.1018381367020949 3.0851663572539918
v 0.0071200127713382 0.0048650498501956 0.0112498896196485
vn 0.6489956022010187 3.0733424709896870 3.1961300069061238
v 0.0072603821754456 0.0048353672027588 0.0112498896196485
vn 1.0646438153413076 6.1852378129789178 0.1738463496316951
v 0.0070171952247620 0.0049515957944095 0.0074999327771366
vn 0.8721182207512389 2.9604818612910706 3.1770749098242872
v 0.0327762290835381 -0.0005769589915872 0.0112416697666049
vn 0.1692228360236389 3.1022425020573769 3.1787415148970499
v 0.0313038192689419 -0.0002335900062462 0.0111786704510450
vn 0.3087758809143826 3.0498531518019898 3.1340322822894140
v 0.0314112901687622 -0.0002506950113457 0.0111894598230720
vn 0.5948411049549253 3.0099725954616914 3.1383047299050979
v 0.0321148000657558 -0.0003994780126959 0.0112324301153421
vn -0.1161315313228331 3.1107395819829939 3.1291896620399102
v 0.0302845202386379 -0.0000895862031030 0.0110661303624511
vn -0.0383926348996514 3.1220284629672204 3.1720301750286493
v 0.0304543301463127 -0.0001091239973903 0.0110873496159911
vn 0.0651163565279670 3.0890270256526500 3.1349231977451675
v 0.0306637194007635 -0.0001332079991698 0.0111136399209499
vn -1.1705248825755423 3.0528824577419602 3.0332990677332217
v 0.0286231003701687 -0.0001252670044778 0.0108075700700283
vn -0.8157570829409966 3.1069239946262144 3.0554262873315361
v 0.0289882402867079 -0.0000681551973685 0.0108693800866604
vn -0.5245357867688307 3.1237156018197765 3.0833572521820267
v 0.0294035598635674 -0.0000459584989585 0.0109369102865458
vn -0.4136263528440882 3.1342811780958169 3.1594239573060712
v 0.0296605192124844 -0.0000517371991009 0.0109763704240322
vn -0.2986098613445310 3.1209769856786478 3.1111187854184101
v 0.0298312902450562 -0.0000555781007279 0.0110024800524116
vn -0.6062389503440674 3.1427641231460979 3.1547469267011987
v 0.0265166107565165 -0.0006654749740846 0.0104391500353813
vn -0.4951303672562232 3.1446041959232405 3.2308644526086110
v 0.0263739805668592 -0.0006686649867333 0.0104150697588921
vn -0.7886458329876618 3.1316506258655101 3.2456302570630049
v 0.0266622900962830 -0.0006622180226259 0.0104638300836086
vn -0.9121631591146739 3.1201062661033392 3.1497626502429021
v 0.0268301293253899 -0.0006424440070987 0.0104928603395820
vn -1.1487730682944373 3.0774497927832996 3.2686109964984569
v 0.0270543601363897 -0.0006160269840620 0.0105316601693630
vn -1.4832104726825057 2.9929792665003800 3.2442390169768052
v 0.0274397097527981 -0.0005214050179347 0.0105994902551174
vn -1.6016651259011665 2.9592073694440999 3.1479776154081716
v 0.0275972392410040 -0.0004657710087486 0.0106273200362921
vn -1.6321796583889920 2.9466715076400760 3.1652286882256293
v 0.0278360806405544 -0.0003814749943558 0.0106696402654052
vn -1.5045514637924406 2.9863265268499175 3.0724890398671030
v 0.0282007399946451 -0.0002455590001773 0.0107340803369880
vn -1.4004421318748459 3.0106902560682323 3.1516523441946349
v 0.0284435097128153 -0.0001764199987520 0.0107763400301337
vn 0.4224232283558186 3.0628362845708148 3.1851548385696162
v 0.0240523200482130 -0.0003325550060254 0.0101000601425767
vn 0.3068306480871145 3.1096429960707921 3.2231581476054605
v 0.0243310891091824 -0.0003968839882873 0.0101249795407057
vn 0.1817673563005647 3.0908434897141950 3.1744935122848981
v 0.0249569397419691 -0.0005138550186530 0.0102028800174594
vn 0.0481623462927996 3.1328524605829142 3.2267729037980484
v 0.0251697804778814 -0.0005536400130950 0.0102293398231268
vn -0.2218694031651736 3.1480941046222428 3.2339410488144322
v 0.0258349105715752 -0.0006391649949364 0.0103278104215860
vn -0.3383806798166324 3.1386526206273291 3.1594899896376019
v 0.0259706303477287 -0.0006465950282291 0.0103498101234436
vn 0.8423766736869613 3.0251984389734528 3.1974252580896660
v 0.0223522093147039 0.0001007120008580 0.0100069595500827
vn 0.7575657986560032 3.0688777738818160 3.2183013705777004
v 0.0226620994508266 0.0000124620000861 0.0100091602653265
vn 0.6402102705849630 3.0421736143749123 3.1945848446134635
v 0.0229993406683207 -0.0000755657019909 0.0100253801792860
vn 0.5492407077907853 3.0923372563965055 3.2199550990805816
v 0.0234625302255154 -0.0001964450057130 0.0100474301725626
vn 1.2626151757395585 3.0104458059270751 3.1995796754491752
v 0.0192682091146708 0.0010536309564486 0.0101218800991774
vn 1.1222122246367037 3.0296185538579139 3.2080633677373087
v 0.0205846391618252 0.0006273619947024 0.0100365802645683
vn 1.0206585205935812 3.0030510369437780 3.1949598966421915
v 0.0207848493009806 0.0005660980241373 0.0100302603095770
vn 0.9483135567757479 3.0521179416187327 3.2159247496460601
v 0.0216770693659782 0.0002930320042651 0.0100019499659538
vn 1.3134631163009090 2.9738260396084408 3.1832783060819541
v 0.0180638395249844 0.0014626380288973 0.0102364998310804
vn 1.3124533905363107 2.9727457760493210 3.1833276945674536
v 0.0184624101966619 0.0013272759970278 0.0101985903456807
vn 1.4389699187243139 2.9636474303631628 3.1632574976545316
v 0.0141855403780937 0.0028195378836244 0.0107129802927375
vn 1.4554131456791459 2.9627659823436434 3.1683909144297595
v 0.0145354801788926 0.0026969900354743 0.0106667801737785
vn 1.4559303810106126 2.9631950962501268 3.1669809542407830
v 0.0153508698567748 0.0024114251136780 0.0105593800544739
vn 1.4442848068236782 2.9698394203392717 3.1730350451321589
v 0.0157802700996399 0.0022600290831178 0.0105035295709968
vn 1.4191872631215738 2.9614933509592754 3.1736761792974315
v 0.0161579791456461 0.0021276469342411 0.0104582300409675
vn 1.3821806191328785 2.9888180667361195 3.1871668689772861
v 0.0177773199975491 0.0015599130420014 0.0102637996897101
vn 1.1956666405104612 2.9845154504398730 3.1637238133561487
v 0.0109542598947883 0.0038849709089845 0.0110944500193000
vn 1.2722806962802793 2.9929915839698511 3.1795328574346184
v 0.0113521199673414 0.0037598600611091 0.0110528999939561
vn 1.2729738508284605 2.9898271418320297 3.1794140605574048
v 0.0116593204438686 0.0036633610725403 0.0110208904370666
vn 1.3036174445664295 2.9677954646252029 3.1638901421577792
v 0.0119938803836703 0.0035580990370363 0.0109860301017761
vn 1.3878072020275303 2.9657546247792625 3.1623617465051028
v 0.0130690298974514 0.0032024378888309 0.0108571602031589
vn 1.4277161961130080 2.9689363784234732 3.1698189909540426
v 0.0138925304636359 0.0029200909193605 0.0107508301734924
vn 0.1616350266298847 3.1368334654428263 3.1459872173293872
v 0.0038819310721010 0.0053431391716003 0.0074999327771366
vn 0.2406117682556072 3.1318754408688942 3.1969690569861022
v 0.0039919610135257 0.0053346748463809 0.0074999327771366
vn 0.3153389697600522 3.1251800494389919 3.1487454626375264
v 0.0048914551734924 0.0052656531333923 0.0074999327771366
vn 0.3888581695501578 3.1169334939468385 3.1974386732276372
v 0.0050853490829468 0.0052413940429688 0.0074999327771366
vn 0.4578657684771282 3.1075642906266712 3.1525672803516041
v 0.0059314370155334 0.0051359529606998 0.0074999327771366
vn 0.5254129085885881 3.0968414121578207 3.1974351441431996
v 0.0061786770820618 0.0050939321517944 0.0074999327771366
vn 0.7169573026018941 3.0446684000567554 3.1667522640459955
v 0.0079999556764960 0.0046790242195129 0.0112498896196485
vn 0.8766430617566889 3.0109668535665159 3.1664327491691591
v 0.0089632272720337 0.0044462080113590 0.0112309399992228
vn 0.9899479421485818 3.0315101877975086 3.1914540325680147
v 0.0092926016077399 0.0043573970906436 0.0112131200730801
vn 0.9901261109262927 3.0302025759341928 3.1920572263030351
v 0.0094509720802307 0.0043147201649845 0.0112045397982001
vn 1.0517377405562758 2.9969008927549026 3.1670709402261279
v 0.0099453330039978 0.0041813850402832 0.0111775901168585
vn 1.0571086903530487 3.0243787749107214 3.1906127373532867
v 0.0332632586359978 -0.0007160729728639 0.0112121701240540
vn 1.1443601635470746 2.9444836862933204 3.1816392556576480
v 0.0337955914437771 -0.0008681130129844 0.0111799202859402
vn 1.3843018435729741 2.9594071240517814 3.1519408152774622
v 0.0343202315270901 -0.0010171530302614 0.0111035704612732
vn 1.5886669086712430 2.9551501758043144 3.1101573281489285
v 0.0347968302667141 -0.0011519190156832 0.0110023599117994
vn 1.8035523363753578 2.9503972545796411 3.0514353782891344
v 0.0352653190493584 -0.0012838840484619 0.0108684804290533
vn 2.3518744484059724 3.0009980608300735 2.7840590839231734
v 0.0429075285792351 -0.0034061069600284 0.0070606470108032
vn 2.2174157581970260 2.9811164446181722 2.8903926906985280
v 0.0361576601862907 -0.0015330909518525 0.0104999495670199
vn 2.0275287440536647 2.9460097043804949 2.9710259522786995
v 0.0357161089777946 -0.0014100669650361 0.0107027804479003
vn 4.5518550441919787 -0.0081482300001684 2.6818393662764533
v 0.0435484014451504 -0.0042514801025391 0.0067341919057071
vn 4.5053939887678816 -0.5756071990909519 2.6860841038095025
v 0.0435346290469170 -0.0044029350392520 0.0067411661148071
vn 4.5072555434578812 0.5562985306770445 2.6818728712875104
v 0.0435355901718140 -0.0040999050252140 0.0067406888119876
vn 4.3568141518108776 1.1059488504742563 2.6882325518896546
v 0.0434967204928398 -0.0039528012275696 0.0067604780197144
vn 4.1131665834855475 1.6142818316663581 2.6932031239264789
v 0.0434330701828003 -0.0038148760795593 0.0067929020151496
vn 3.7105598967614148 2.1370118540042013 2.6596861911019571
v 0.0433465801179409 -0.0036900041159242 0.0068370099179447
vn 3.1816193655399294 2.5921408908922241 2.6688510789138293
v 0.0431798584759235 -0.0035356280859560 0.0069219470024109
vn 2.6667053687313200 2.8766437507904987 2.7123549159374569
v 0.0430492684245110 -0.0034590358845890 0.0069885249249637
vn 0.8120616752499312 -3.1167227142089051 3.1889365594342092
v 0.0156874004751444 -0.0107635203748941 0.0105155697092414
vn 0.8409466023018346 -3.1115381539703955 3.1706177672869229
v 0.0153711400926113 -0.0108066201210022 0.0105570498853922
vn 0.5594453344941630 -3.0887324866860029 3.0988247596237182
v 0.0035583970602602 -0.0135792400687933 0.0112498896196485
vn 1.0889912574935590 -6.1771116856605239 0.1223154478953704
v 0.0034632680471987 -0.0136330695822835 0.0093308091163635
vn 0.7072567606973688 -3.0604740291130428 3.1953216308324208
v 0.0038943290710449 -0.0135014001280069 0.0112498896196485
vn 1.0639080330167956 -6.1850344345784851 0.0668955259949166
v 0.0033725500106812 -0.0136837298050523 0.0074999327771366
vn 1.0006309678332252 -3.0138169073683945 3.2090604142345436
v 0.0103390803560615 -0.0117635102942586 0.0111482096835971
vn 0.8401475412073849 -3.1113620983829455 3.1721728846074018
v 0.0145354196429253 -0.0109203401952982 0.0106669003143907
vn 0.8964758885326493 -3.0981196849678816 3.2057075276930993
v 0.0142614804208279 -0.0109575903043151 0.0107028996571898
vn 0.9373646051618304 -3.0919056634656319 3.1697252289396651
v 0.0140358200296760 -0.0109962802380323 0.0107320500537753
vn 0.9771480188520341 -3.0684314849296292 3.2071322835082166
v 0.0129356300458312 -0.0111846299842000 0.0108737898990512
vn 1.0066369577958649 -3.0737018562799929 3.1750955544864974
v 0.0127345295622945 -0.0112262899056077 0.0108972098678350
vn 1.0160059410420068 -3.0412743282383263 3.2076283348528571
v 0.0116322599351406 -0.0114549295976758 0.0110258404165506
vn 1.0299432825299175 -3.0542352931586318 3.1811506554920137
v 0.0113520603626966 -0.0115218097344041 0.0110523700714111
vn 0.5815751802711293 -3.1365800703265529 3.1813489293734154
v 0.0180638991296291 -0.0105298701673746 0.0102372104302049
vn 0.6544730710826601 -3.1439534585133817 3.2002932227285372
v 0.0173716507852077 -0.0105865001678467 0.0103088598698378
vn 0.7455408308450300 -3.1284710427455327 3.1892616585330988
v 0.0159658100455999 -0.0107308002188802 0.0104796802625060
vn 0.4062352446381037 -3.1607678994269803 3.1975054826291256
v 0.0200625602155924 -0.0103871803730726 0.0100650098174810
vn 0.3461347309225831 -3.1388414482660068 3.1909075267627793
v 0.0205847006291151 -0.0103573203086853 0.0100374203175306
vn 0.5310022141242736 -3.1687040939364040 3.1969868528706744
v 0.0187370106577873 -0.0104749202728271 0.0101675903424621
vn 0.9959835785435538 -3.0368613667311393 3.1896508411097035
v 0.0092925420030951 -0.0120387598872185 0.0112129403278232
vn 0.9331197770644319 -2.9919551277533012 3.2078194360050571
v 0.0090683689340949 -0.0120977098122239 0.0112268300727010
vn 0.8740292354985635 -3.0040885662590449 3.2010737201885275
v 0.0079457163810730 -0.0124109899625182 0.0112498896196485
vn 0.8371592793835285 -3.0276810645934704 3.1814323451782460
v 0.0061186552047729 -0.0129310395568609 0.0112498896196485
vn 0.8150826772363751 -3.0335091601779141 3.1969683157297322
v 0.0058218240737915 -0.0130107402801514 0.0112498896196485
vn 0.7619387371379398 -3.0474308064539581 3.1629682699402899
v 0.0046250820159912 -0.0133321201428771 0.0112498896196485
vn 0.8774470941059138 -2.9868313146666861 2.9061308872897440
v 0.0029475090559572 -0.0137621704488993 0.0074999327771366
vn -3.0794995004929451 0.5431507807075290 3.3647720184655543
v 0.0072217578999698 -0.0022654531057924 0.0112498896196485
vn -3.1269419056049319 0.0182312834850711 3.3650314331651709
v 0.0073095560073853 -0.0012954470003024 0.0112498896196485
vn -3.0856099694949726 -0.5072630786046310 3.3648167071996480
v 0.0072330827824771 -0.0003246290143579 0.0112498896196485
vn -3.0063654868740217 -0.8953285921114871 3.2806724509047243
v 0.0069947238080204 0.0006196629838087 0.0112498896196485
vn -3.0885153112629653 -0.5279792620597173 3.0416816165913230
v 0.0059431791305542 0.0037123560905457 0.0112498896196485
vn -2.9446147980326431 1.0523927311803298 3.3648088818108279
v 0.0069724321365356 -0.0032068490982056 0.0112498896196485
vn -2.7261709546121375 1.5317725756544553 3.3647572591691177
v 0.0065685510635376 -0.0040931100957096 0.0112498896196485
vn -2.5188815123226531 1.8695026235629508 3.2807355079517420
v 0.0060216779820621 -0.0048989648930728 0.0112498896196485
vn -3.1337972038913700 -0.0007242630279373 3.0564051413987947
v 0.0059283971786499 0.0038896200712770 0.0112498896196485
vn -3.0064775235109296 -0.9061280590138194 3.1207841046700251
v 0.0059829349629581 0.0035582180134952 0.0112498896196485
vn -2.9693830507624699 1.0037875886657894 3.0780602168714681
v 0.0059797759167850 0.0042003388516605 0.0112498896196485
vn -3.0932470113012922 0.5106991859716720 3.0780921031496438
v 0.0059419870376587 0.0040482277981937 0.0112498896196485
vn -0.3333489951192266 -3.1162949256658576 3.0677778660198909
v 0.0029470319859684 -0.0136109497398138 0.0112498896196485
vn 0.0747055239232713 3.1352032078770842 3.0720551104275455
v 0.0069600339047611 0.0048800110816956 0.0112498896196485
vn -0.8922875774090309 3.0050055094437829 3.0758895349582938
v 0.0066425800323486 0.0048390030860901 0.0112498896196485
vn -2.5194400318596060 1.8647908317508408 3.0859765049499819
v 0.0061248540878296 0.0044764280319214 0.0112498896196485
vn -2.7800353443359684 1.4525442960868054 3.1081439933779915
v 0.0060403938405216 0.0043396940454841 0.0112498896196485
vn -1.3646258062082766 -2.8222684331932992 3.1107772568327254
v 0.0022803540341556 -0.0134223103523254 0.0112498896196485
vn -0.3979703573887082 3.1095075841952537 3.0696784116353579
v 0.0067996378056705 0.0048721428029239 0.0112498896196485
vn -2.9088350080691678 1.1782770726784739 3.1321240772765329
v 0.0012790559558198 -0.0109319603070617 0.0112498896196485
vn -2.6970398949637189 1.5941356480340994 3.0468340753647487
v 0.0014514919603243 -0.0105674797669053 0.0112498896196485
vn -1.2853370165431568 2.8639449855926222 3.1437588102811840
v 0.0064929719083011 0.0047807688824832 0.0112498896196485
vn -1.6974003597693992 2.6308166030173830 3.0520126442391247
v 0.0064031481742859 0.0047347540967166 0.0112498896196485
vn -2.1641929444951504 2.2666705905385980 3.0826338510746507
v 0.0062309498898685 0.0045970082283020 0.0112498896196485
vn -3.0949745673873998 0.5323119889659034 3.2030126930197040
v 0.0011899470118806 -0.0112461997196078 0.0112498896196485
vn -3.1291454092597863 0.1630434504280361 3.0988640290270437
v 0.0011547800386325 -0.0114920698106289 0.0112498896196485
vn -3.0101235168278082 -0.8732531036840863 3.1264126160527934
v 0.0012237420305610 -0.0121592795476317 0.0112498896196485
vn -3.1142478820677191 -0.3702950353849137 3.1445707958756777
v 0.0011720060138032 -0.0118970796465874 0.0112498896196485
vn -0.8629773589020673 -3.0128122793340708 3.0854650409765982
v 0.0025854110717773 -0.0135400202125311 0.0112498896196485
vn 0.1677385871506555 -3.1305171486532029 3.0600029718588262
v 0.0032531020697206 -0.0136186396703124 0.0112498896196485
vn -2.4994206007031536 1.9017838930066659 3.1386595904746084
v 0.0015968680381775 -0.0103631000965834 0.0112498896196485
vn -3.0365503122909301 0.7873048317220133 3.1010461130254847
v 0.0012119410093874 -0.0111308600753546 0.0112498896196485
vn -2.8050336786834973 -1.3978987639263400 3.1285900847855772
v 0.0013643499696627 -0.0125194098800421 0.0112498896196485
vn -2.5386635857052249 -1.8413876285886346 3.1546403502358227
v 0.0015355939976871 -0.0127977095544338 0.0112498896196485
vn -2.2108261851769662 -2.2228355821411023 3.1337962104404560
v 0.0017476079519838 -0.0130476299673319 0.0112498896196485
vn -1.8151195845855819 -2.5563889946397143 3.1268957593453135
v 0.0019814369734377 -0.0132447397336364 0.0112498896196485
vn -3.0192156244749011 -0.8371222924508666 3.3186344700277712
v 0.0058841700665653 0.0036440489348024 0.0074999327771366
vn -3.0091946002480148 -0.8961393788987474 3.1120901121853835
v 0.0069327950477600 0.0005983519949950 0.0074999327771366
vn -6.0121082901974257 -1.8044506027611280 0.1170558034287230
v 0.0059322710148990 0.0036022660788149 0.0093275904655457
vn -2.5212458289929018 1.8712587491356065 3.1120119220232079
v 0.0059707760810852 -0.0048577780835330 0.0074999327771366
vn -2.7312059352447235 1.5347378075134617 3.0275165359842697
v 0.0065115690231323 -0.0040610427968204 0.0074999327771366
vn -2.9501283104425573 1.0543550137096631 3.0275171663579723
v 0.0069108600728214 -0.0031848540529609 0.0074999327771366
vn -3.0852743898128399 0.5440638702737721 3.0275183369524052
v 0.0071573848836124 -0.0022540090139955 0.0074999327771366
vn -3.1328166505140134 0.0182328518901300 3.0274719249954805
v 0.0072441101074219 -0.0012951489770785 0.0074999327771366
vn -3.0913679136799184 -0.5082648716783328 3.0274997273504307
v 0.0071685309521854 -0.0003352449857630 0.0074999327771366
vn -5.0335294518582456 3.7501120782600590 0.1193108963216226
v 0.0015119309537113 -0.0104147102683783 0.0093308091163635
vn -2.5144180579196047 1.8760726300649795 3.2793702091042802
v 0.0014313450083137 -0.0104634100571275 0.0074999327771366
vn -3.0683672305881093 0.5685746060057661 3.4364875904874395
v 0.0010209080064669 -0.0113463895395398 0.0074999327771366
vn -2.1648384693173179 -2.2561590794844477 3.4101921325430138
v 0.0015758869703859 -0.0131357898935676 0.0074999327771366
vn -2.4751753725724104 -1.8910615926217575 3.4813130864467414
v 0.0014163850573823 -0.0129634700715542 0.0074999327771366
vn -2.7754881307688319 -1.4232472520865227 3.4590960976393341
v 0.0011963839642704 -0.0126105500385165 0.0074999327771366
vn -2.9716944272695081 -0.9465151173774330 3.4618652745196172
v 0.0010750880464911 -0.0123167000710964 0.0074999327771366
vn -3.0870400160789302 -0.4637439525684682 3.4422593584251344
v 0.0010069010313600 -0.0120185604318976 0.0074999327771366
vn -3.1200594109353537 0.0381112577497505 3.4451541819036300
v 0.0009851070353761 -0.0117118302732706 0.0074999327771366
vn -2.7131071381170160 1.5530780232392631 3.3819166227029807
v 0.0012565850047395 -0.0107168499380350 0.0074999327771366
vn -3.1031640492493620 -0.3304775383992767 3.4094389479624909
v 0.0058333869092166 0.0038831830024719 0.0074999327771366
vn -3.1152559200037357 0.2444198058445784 3.3931343858406282
v 0.0058321948163211 0.0040423870086670 0.0074999327771366
vn 0.2976808694124565 -3.1192320666531321 -2.9610755524767312
v 0.0032045838888735 -0.0137096000835299 0.0074999327771366
vn -0.6919963051107410 -3.0496659029921060 3.3886198147473952
v 0.0025341510772705 -0.0136703802272677 0.0074999327771366
vn -1.6481863783565762 -2.6558031892366376 3.4132688458855660
v 0.0019149780273438 -0.0134119298309088 0.0074999327771366
vn -1.9291794299301688 -2.4668084868924280 3.3707897673113036
v 0.0018234839662910 -0.0133464299142361 0.0074999327771366
vn -3.0057485861900086 0.8251387181346963 3.4420573567701731
v 0.0058608651161194 0.0042176838032901 0.0074999327771366
vn -2.9299285450179768 1.0832704490473859 3.4078468100019670
v 0.0011098979739472 -0.0110282301902771 0.0074999327771366
vn 0.8691861904327561 -6.1230691167966924 0.5036316218962935
v 0.0030485389288515 -0.0137156797572970 0.0074999327771366
vn -0.2346786156839703 -3.1183250574023855 3.3801255529170344
v 0.0028384919278324 -0.0137163400650024 0.0074999327771366
vn -0.4687211537514910 -3.1049843071000263 3.2363394424639980
v 0.0027237529866397 -0.0136990500614047 0.0074999327771366
vn -0.9673525430677816 -2.9844677261179839 3.2976040996426326
v 0.0024057030677795 -0.0136316996067762 0.0074999327771366
vn -1.2495220008326089 -2.8629887715173536 3.4199998338774895
v 0.0021867749746889 -0.0135558797046542 0.0074999327771366
vn -2.2805698914844368 2.1338968901984892 3.4137828406353781
v 0.0060960049740970 0.0046491618268192 0.0074999327771366
vn -2.8284907313363385 1.3367739949033455 3.3764434250695325
v 0.0059413309209049 0.0044237370602787 0.0074999327771366
vn -2.5985529444707218 1.7351584531448565 3.4050523659593068
v 0.0059974188916385 0.0045242900960147 0.0074999327771366
vn -1.8909852009850130 2.4857911357605267 3.4124979517300602
v 0.0062279701232910 0.0047683110460639 0.0074999327771366
vn -1.4481827168176826 2.7676060796162818 3.4084462818179793
v 0.0063622589223087 0.0048536062240601 0.0074999327771366
vn -0.9630050792613485 2.9722091556030472 3.4003549056195315
v 0.0065264101140201 0.0049223890528083 0.0074999327771366
vn -0.4517852616973227 3.0921825096437572 3.3917435147482546
v 0.0066813230514526 0.0049583911895752 0.0074999327771366
vn 0.0709457174391715 3.1252136362620977 3.3793127476731963
v 0.0068573951721191 0.0049689412117004 0.0074999327771366
vn -5.0404066854657588 3.7102989726372018 0.2247434615779283
v 0.0060727000236511 0.0045202369801700 0.0093448748812079
vn 0.1860680515237863 6.2583637838193118 0.1416975988064981
v 0.0069075818173587 0.0049270391464233 0.0093321800231934
vn -0.8139315266149377 6.2072026726327865 0.1679310725637028
v 0.0067470069043338 0.0049188728444278 0.0093362331390381
vn -1.8022489406530107 5.9945067478104823 0.1910310256073869
v 0.0065897698514163 0.0048850770108402 0.0093396296724677
vn -3.6093118889823357 5.1139401311782358 0.2150696941667070
v 0.0063017010688782 0.0047445888631046 0.0093439808115363
vn -2.7381443979122633 5.6291577738368286 0.2032966929798058
v 0.0064401030540466 0.0048264260403812 0.0093421926721931
vn -4.3790024761422872 4.4719444860289110 0.2246432163890542
v 0.0061781997792423 0.0046416521072388 0.0093448748812079
vn -5.9561121560122867 1.9266038454599588 0.1998962226945733
v 0.0059265489690006 0.0042349100112915 0.0093421926721931
vn -5.5721972433940206 2.8508093124679612 0.2130821850188219
v 0.0059881210327148 0.0043835039250553 0.0093439808115363
vn -6.1885536299107979 0.9446034519231555 0.1880260621693716
v 0.0058894748799503 0.0040785069577396 0.0093396296724677
vn -6.2606932042796828 -0.0612209575997315 0.1689188454974184
v 0.0058780307881534 0.0039181108586490 0.0093362331390381
vn -6.1699619330610815 -1.0644193806729301 0.1413314964166102
v 0.0058923359028995 0.0037580130156130 0.0093321800231934
vn -3.6217779041419429 -5.1000170047764462 0.2969285627683957
v 0.0019104479579255 -0.0133028598502278 0.0093905320391059
vn 0.2290214504654763 -6.2561231691996895 0.1694409177367066
v 0.0031395549885929 -0.0136712100356817 0.0093461265787482
vn -0.7900309389157069 -6.2086080122527632 0.2158550206488471
v 0.0028138160705566 -0.0136561896651983 0.0093600740656257
vn -1.7864520354223585 -5.9969627216502728 0.2519567558184868
v 0.0024948120117188 -0.0135883595794439 0.0093723526224494
vn -2.7392557624296980 -5.6246797293136961 0.2808899575922774
v 0.0021908869966865 -0.0134695097804070 0.0093826046213508
vn -4.3966786990951077 -4.4482447297306944 0.3123549396792218
v 0.0016606450080872 -0.0130927497521043 0.0093958973884583
vn -5.0681885088991354 -3.6632731392341493 0.3256360121129422
v 0.0014483330305666 -0.0128449201583862 0.0093986392021179
vn -5.5933829784428575 -2.7966391845796670 0.3226118163070281
v 0.0012791750486940 -0.0125657897442579 0.0093986392021179
vn -5.9744199428101359 -1.8508180657558857 0.3134317669859428
v 0.0011575219687074 -0.0122629404067993 0.0093958973884583
vn -6.2541025871923477 0.1709440944463738 0.2694961651995131
v 0.0010685919551179 -0.0116186095401645 0.0093826046213508
vn -6.1976910333792237 -0.8461890211493094 0.2994471886178481
v 0.0010866520460695 -0.0119443498551846 0.0093905320391059
vn -6.1436548878250345 1.1888361445380742 0.2357496401076466
v 0.0011036989744753 -0.0112941795960069 0.0093723526224494
vn -5.8695600272517714 2.1714124605258780 0.2071007726951910
v 0.0011910200119019 -0.0109800100326538 0.0093600740656257
vn -5.4437776278837662 3.0913763837231261 0.1592702616560000
v 0.0013283489970490 -0.0106842499226332 0.0093461265787482
# 772 vertices, 0 vertices normals

f 1//1 2//2 4//4
f 4//4 2//2 3//3
f 16//16 5//5 3//3
f 3//3 5//5 4//4
f 6//6 7//7 8//8
f 8//8 7//7 9//9
f 8//8 9//9 10//10
f 10//10 9//9 11//11
f 10//10 11//11 12//12
f 12//12 11//11 13//13
f 13//13 11//11 14//14
f 13//13 14//14 15//15
f 15//15 14//14 5//5
f 15//15 5//5 16//16
f 17//17 18//18 19//19
f 19//19 18//18 20//20
f 21//21 18//18 6//6
f 6//6 18//18 17//17
f 6//6 17//17 7//7
f 22//22 23//23 24//24
f 25//25 26//26 27//27
f 27//27 26//26 28//28
f 27//27 28//28 29//29
f 29//29 28//28 30//30
f 29//29 30//30 31//31
f 24//24 23//23 32//32
f 32//32 23//23 33//33
f 23//23 34//34 33//33
f 33//33 34//34 35//35
f 35//35 34//34 36//36
f 35//35 36//36 37//37
f 37//37 36//36 38//38
f 37//37 38//38 40//40
f 40//40 38//38 39//39
f 40//40 39//39 41//41
f 40//40 41//41 42//42
f 43//43 44//44 45//45
f 45//45 44//44 46//46
f 45//45 46//46 47//47
f 47//47 46//46 48//48
f 47//47 48//48 49//49
f 49//49 48//48 50//50
f 50//50 48//48 52//52
f 50//50 52//52 51//51
f 51//51 52//52 53//53
f 53//53 52//52 22//22
f 53//53 22//22 24//24
f 54//54 55//55 56//56
f 56//56 55//55 57//57
f 56//56 57//57 58//58
f 58//58 57//57 59//59
f 58//58 59//59 60//60
f 60//60 59//59 61//61
f 60//60 61//61 62//62
f 62//62 61//61 63//63
f 62//62 63//63 64//64
f 64//64 63//63 65//65
f 64//64 65//65 66//66
f 66//66 65//65 31//31
f 66//66 31//31 67//67
f 67//67 31//31 30//30
f 42//42 41//41 68//68
f 68//68 41//41 25//25
f 25//25 41//41 26//26
f 44//44 43//43 69//69
f 44//44 69//69 70//70
f 70//70 69//69 71//71
f 70//70 71//71 72//72
f 72//72 71//71 73//73
f 72//72 73//73 74//74
f 74//74 73//73 75//75
f 74//74 75//75 76//76
f 76//76 75//75 77//77
f 76//76 77//77 78//78
f 77//77 79//79 78//78
f 78//78 79//79 80//80
f 80//80 79//79 81//81
f 80//80 81//81 82//82
f 82//82 81//81 83//83
f 82//82 83//83 84//84
f 84//84 83//83 85//85
f 84//84 85//85 86//86
f 86//86 85//85 87//87
f 86//86 87//87 88//88
f 88//88 87//87 89//89
f 88//88 89//89 90//90
f 90//90 89//89 91//91
f 90//90 91//91 92//92
f 92//92 91//91 93//93
f 92//92 93//93 94//94
f 94//94 93//93 95//95
f 94//94 95//95 96//96
f 95//95 97//97 96//96
f 96//96 97//97 98//98
f 101//101 102//102 103//103
f 103//103 102//102 104//104
f 103//103 104//104 105//105
f 105//105 104//104 106//106
f 105//105 106//106 107//107
f 108//108 109//109 110//110
f 110//110 109//109 111//111
f 110//110 111//111 112//112
f 103//103 113//113 101//101
f 101//101 113//113 109//109
f 101//101 109//109 114//114
f 114//114 109//109 108//108
f 111//111 115//115 112//112
f 112//112 115//115 116//116
f 116//116 115//115 117//117
f 118//118 119//119 120//120
f 120//120 121//121 118//118
f 118//118 121//121 122//122
f 118//118 122//122 117//117
f 117//117 122//122 123//123
f 117//117 123//123 116//116
f 119//119 118//118 124//124
f 124//124 118//118 125//125
f 124//124 125//125 126//126
f 126//126 125//125 127//127
f 126//126 127//127 128//128
f 128//128 127//127 129//129
f 128//128 129//129 130//130
f 130//130 129//129 131//131
f 130//130 131//131 132//132
f 133//133 134//134 136//136
f 133//133 136//136 135//135
f 135//135 136//136 131//131
f 131//131 136//136 137//137
f 131//131 137//137 132//132
f 134//134 133//133 138//138
f 138//138 133//133 139//139
f 138//138 139//139 140//140
f 140//140 139//139 141//141
f 140//140 141//141 142//142
f 142//142 141//141 143//143
f 142//142 143//143 144//144
f 145//145 148//148 146//146
f 144//144 143//143 146//146
f 146//146 143//143 147//147
f 146//146 147//147 145//145
f 148//148 145//145 149//149
f 148//148 149//149 150//150
f 150//150 149//149 151//151
f 150//150 151//151 152//152
f 153//153 156//156 154//154
f 152//152 151//151 154//154
f 154//154 151//151 155//155
f 154//154 155//155 153//153
f 156//156 157//157 158//158
f 158//158 157//157 159//159
f 156//156 153//153 160//160
f 156//156 160//160 157//157
f 159//159 157//157 161//161
f 161//161 157//157 162//162
f 162//162 157//157 163//163
f 162//162 163//163 164//164
f 164//164 163//163 166//166
f 166//166 163//163 165//165
f 166//166 165//165 167//167
f 166//166 167//167 168//168
f 168//168 167//167 169//169
f 168//168 169//169 170//170
f 170//170 169//169 171//171
f 170//170 171//171 172//172
f 173//173 174//174 175//175
f 175//175 174//174 172//172
f 175//175 172//172 176//176
f 176//176 172//172 171//171
f 99//99 100//100 177//177
f 177//177 100//100 178//178
f 177//177 178//178 173//173
f 173//173 178//178 174//174
f 179//179 180//180 99//99
f 99//99 180//180 100//100
f 182//182 181//181 183//183
f 183//183 181//181 184//184
f 183//183 184//184 185//185
f 185//185 184//184 186//186
f 185//185 186//186 187//187
f 187//187 186//186 188//188
f 187//187 188//188 189//189
f 189//189 188//188 190//190
f 189//189 190//190 179//179
f 179//179 190//190 191//191
f 179//179 191//191 180//180
f 181//181 182//182 192//192
f 192//192 182//182 193//193
f 193//193 182//182 194//194
f 193//193 194//194 196//196
f 196//196 194//194 195//195
f 196//196 195//195 197//197
f 196//196 197//197 198//198
f 98//98 97//97 199//199
f 199//199 97//97 200//200
f 199//199 200//200 201//201
f 201//201 200//200 202//202
f 202//202 200//200 203//203
f 202//202 203//203 204//204
f 204//204 203//203 205//205
f 204//204 205//205 206//206
f 206//206 205//205 207//207
f 206//206 207//207 208//208
f 209//209 210//210 211//211
f 211//211 210//210 212//212
f 106//106 211//211 107//107
f 107//107 211//211 212//212
f 107//107 212//212 213//213
f 213//213 212//212 208//208
f 213//213 208//208 214//214
f 214//214 208//208 207//207
f 215//215 216//216 197//197
f 197//197 216//216 217//217
f 218//218 219//219 197//197
f 219//219 220//220 197//197
f 197//197 220//220 221//221
f 197//197 221//221 198//198
f 217//217 222//222 197//197
f 197//197 222//222 223//223
f 197//197 223//223 218//218
f 235//235 233//233 224//224
f 216//216 215//215 225//225
f 216//216 225//225 226//226
f 226//226 225//225 227//227
f 226//226 227//227 228//228
f 228//228 227//227 229//229
f 228//228 229//229 231//231
f 230//230 231//231 229//229
f 224//224 233//233 232//232
f 232//232 233//233 234//234
f 232//232 234//234 230//230
f 230//230 234//234 231//231
f 235//235 224//224 236//236
f 235//235 236//236 238//238
f 238//238 236//236 237//237
f 238//238 237//237 240//240
f 240//240 237//237 239//239
f 240//240 239//239 1//1
f 1//1 239//239 2//2
f 241//241 242//242 243//243
f 244//244 245//245 246//246
f 246//246 245//245 247//247
f 246//246 247//247 248//248
f 244//244 246//246 249//249
f 249//249 246//246 250//250
f 249//249 250//250 251//251
f 251//251 250//250 252//252
f 252//252 250//250 253//253
f 252//252 253//253 254//254
f 255//255 256//256 248//248
f 248//248 256//256 246//246
f 257//257 258//258 259//259
f 259//259 258//258 260//260
f 259//259 260//260 261//261
f 261//261 260//260 256//256
f 261//261 256//256 262//262
f 262//262 256//256 255//255
f 263//263 264//264 265//265
f 265//265 264//264 266//266
f 265//265 266//266 257//257
f 257//257 266//266 267//267
f 257//257 267//267 258//258
f 268//268 269//269 270//270
f 270//270 269//269 271//271
f 270//270 271//271 272//272
f 272//272 271//271 273//273
f 272//272 273//273 274//274
f 274//274 273//273 275//275
f 274//274 275//275 263//263
f 263//263 275//275 276//276
f 263//263 276//276 264//264
f 277//277 284//284 268//268
f 268//268 284//284 278//278
f 268//268 278//278 269//269
f 280//280 279//279 281//281
f 280//280 281//281 282//282
f 282//282 281//281 283//283
f 282//282 283//283 277//277
f 277//277 283//283 284//284
f 241//241 243//243 285//285
f 55//55 54//54 286//286
f 286//286 54//54 287//287
f 286//286 287//287 288//288
f 289//289 290//290 291//291
f 291//291 290//290 292//292
f 291//291 292//292 293//293
f 293//293 292//292 279//279
f 293//293 279//279 294//294
f 294//294 279//279 280//280
f 287//287 285//285 288//288
f 288//288 285//285 243//243
f 288//288 243//243 289//289
f 288//288 289//289 295//295
f 295//295 289//289 291//291
f 296//296 297//297 322//322
f 279//279 298//298 299//299
f 299//299 300//300 279//279
f 279//279 300//300 301//301
f 279//279 301//301 106//106
f 301//301 302//302 106//106
f 106//106 302//302 303//303
f 106//106 303//303 304//304
f 304//304 305//305 106//106
f 106//106 305//305 306//306
f 106//106 306//306 307//307
f 106//106 307//307 211//211
f 292//292 290//290 297//297
f 321//321 327//327 322//322
f 211//211 307//307 309//309
f 290//290 289//289 297//297
f 297//297 289//289 243//243
f 297//297 243//243 242//242
f 242//242 312//312 297//297
f 297//297 312//312 322//322
f 308//308 314//314 313//313
f 314//314 315//315 322//322
f 309//309 316//316 211//211
f 211//211 316//316 317//317
f 298//298 279//279 297//297
f 297//297 279//279 292//292
f 323//323 319//319 318//318
f 315//315 320//320 322//322
f 322//322 320//320 321//321
f 209//209 330//330 311//311
f 314//314 322//322 313//313
f 323//323 318//318 324//324
f 323//323 324//324 325//325
f 325//325 326//326 323//323
f 314//314 308//308 318//318
f 314//314 318//318 319//319
f 322//322 327//327 296//296
f 211//211 317//317 328//328
f 211//211 328//328 329//329
f 330//330 209//209 211//211
f 330//330 211//211 329//329
f 311//311 330//330 331//331
f 311//311 331//331 310//310
f 332//332 223//223 222//222
f 217//217 333//333 222//222
f 222//222 333//333 334//334
f 222//222 334//334 332//332
f 335//335 219//219 218//218
f 223//223 332//332 218//218
f 218//218 332//332 336//336
f 218//218 336//336 335//335
f 337//337 221//221 220//220
f 219//219 335//335 220//220
f 220//220 335//335 338//338
f 220//220 338//338 337//337
f 221//221 337//337 198//198
f 198//198 337//337 339//339
f 198//198 339//339 196//196
f 196//196 339//339 340//340
f 181//181 192//192 341//341
f 341//341 192//192 193//193
f 341//341 193//193 340//340
f 340//340 193//193 196//196
f 100//100 180//180 342//342
f 180//180 191//191 342//342
f 342//342 191//191 190//190
f 342//342 190//190 188//188
f 188//188 186//186 342//342
f 342//342 186//186 184//184
f 342//342 184//184 341//341
f 341//341 184//184 181//181
f 162//162 343//343 161//161
f 161//161 343//343 344//344
f 161//161 344//344 159//159
f 162//162 164//164 343//343
f 343//343 164//164 166//166
f 166//166 168//168 343//343
f 343//343 168//168 170//170
f 343//343 170//170 172//172
f 172//172 174//174 343//343
f 343//343 174//174 178//178
f 343//343 178//178 342//342
f 342//342 178//178 100//100
f 148//148 150//150 345//345
f 345//345 150//150 152//152
f 152//152 154//154 345//345
f 345//345 154//154 156//156
f 345//345 156//156 346//346
f 346//346 156//156 344//344
f 344//344 156//156 158//158
f 344//344 158//158 159//159
f 148//148 345//345 347//347
f 148//148 347//347 146//146
f 146//146 347//347 348//348
f 146//146 348//348 144//144
f 136//136 134//134 253//253
f 253//253 134//134 138//138
f 253//253 138//138 254//254
f 254//254 138//138 140//140
f 254//254 140//140 348//348
f 348//348 140//140 142//142
f 348//348 142//142 144//144
f 136//136 253//253 250//250
f 136//136 250//250 246//246
f 132//132 137//137 256//256
f 256//256 137//137 136//136
f 256//256 136//136 246//246
f 260//260 128//128 256//256
f 256//256 128//128 130//130
f 256//256 130//130 132//132
f 258//258 267//267 120//120
f 120//120 119//119 258//258
f 258//258 119//119 124//124
f 258//258 124//124 260//260
f 260//260 124//124 126//126
f 260//260 126//126 128//128
f 267//267 266//266 120//120
f 120//120 266//266 264//264
f 120//120 264//264 121//121
f 121//121 264//264 276//276
f 121//121 276//276 122//122
f 271//271 110//110 273//273
f 273//273 110//110 112//112
f 273//273 112//112 275//275
f 275//275 112//112 116//116
f 275//275 116//116 276//276
f 276//276 116//116 123//123
f 276//276 123//123 122//122
f 284//284 102//102 101//101
f 271//271 269//269 110//110
f 110//110 269//269 278//278
f 110//110 278//278 108//108
f 108//108 278//278 284//284
f 108//108 284//284 114//114
f 114//114 284//284 101//101
f 102//102 284//284 283//283
f 102//102 283//283 104//104
f 104//104 283//283 281//281
f 104//104 281//281 106//106
f 106//106 281//281 279//279
f 11//11 9//9 217//217
f 217//217 9//9 7//7
f 1//1 4//4 217//217
f 217//217 4//4 5//5
f 217//217 5//5 14//14
f 217//217 14//14 11//11
f 20//20 333//333 19//19
f 19//19 333//333 217//217
f 19//19 217//217 17//17
f 17//17 217//217 7//7
f 1//1 217//217 240//240
f 240//240 217//217 216//216
f 240//240 216//216 226//226
f 226//226 228//228 240//240
f 240//240 228//228 231//231
f 240//240 231//231 234//234
f 234//234 233//233 240//240
f 240//240 233//233 235//235
f 240//240 235//235 238//238
f 304//304 303//303 349//349
f 349//349 303//303 350//350
f 349//349 350//350 351//351
f 350//350 303//303 352//352
f 352//352 303//303 302//302
f 352//352 302//302 353//353
f 353//353 302//302 301//301
f 353//353 301//301 354//354
f 354//354 301//301 300//300
f 354//354 300//300 355//355
f 355//355 300//300 299//299
f 355//355 299//299 356//356
f 356//356 299//299 298//298
f 356//356 298//298 357//357
f 357//357 298//298 297//297
f 358//358 357//357 359//359
f 359//359 357//357 297//297
f 359//359 297//297 296//296
f 80//80 360//360 361//361
f 98//98 362//362 363//363
f 80//80 361//361 78//78
f 98//98 363//363 96//96
f 361//361 364//364 78//78
f 78//78 364//364 365//365
f 78//78 365//365 76//76
f 76//76 365//365 366//366
f 76//76 366//366 74//74
f 66//66 67//67 367//367
f 367//367 67//67 30//30
f 368//368 56//56 369//369
f 369//369 56//56 58//58
f 370//370 371//371 358//358
f 358//358 371//371 372//372
f 358//358 372//372 357//357
f 46//46 373//373 48//48
f 23//23 22//22 367//367
f 367//367 22//22 52//52
f 367//367 52//52 373//373
f 373//373 52//52 48//48
f 58//58 60//60 369//369
f 369//369 60//60 62//62
f 369//369 62//62 367//367
f 367//367 62//62 64//64
f 367//367 64//64 66//66
f 56//56 374//374 375//375
f 372//372 376//376 357//357
f 357//357 376//376 377//377
f 357//357 377//377 356//356
f 356//356 377//377 378//378
f 356//356 378//378 355//355
f 355//355 378//378 379//379
f 355//355 379//379 354//354
f 206//206 208//208 380//380
f 30//30 28//28 367//367
f 367//367 28//28 26//26
f 26//26 41//41 367//367
f 367//367 41//41 39//39
f 406//406 381//381 56//56
f 56//56 381//381 374//374
f 375//375 382//382 56//56
f 354//354 379//379 353//353
f 353//353 379//379 383//383
f 353//353 383//383 352//352
f 352//352 383//383 384//384
f 352//352 384//384 350//350
f 350//350 384//384 385//385
f 350//350 385//385 351//351
f 351//351 385//385 386//386
f 351//351 386//386 387//387
f 363//363 388//388 96//96
f 96//96 388//388 389//389
f 96//96 389//389 94//94
f 94//94 389//389 390//390
f 94//94 390//390 92//92
f 92//92 390//390 391//391
f 92//92 391//391 90//90
f 90//90 391//391 392//392
f 90//90 392//392 88//88
f 88//88 392//392 393//393
f 88//88 393//393 86//86
f 86//86 393//393 394//394
f 86//86 394//394 84//84
f 84//84 394//394 395//395
f 84//84 395//395 82//82
f 82//82 395//395 396//396
f 82//82 396//396 80//80
f 80//80 396//396 397//397
f 80//80 397//397 360//360
f 46//46 44//44 373//373
f 373//373 44//44 70//70
f 373//373 70//70 366//366
f 366//366 70//70 72//72
f 366//366 72//72 74//74
f 39//39 38//38 367//367
f 367//367 38//38 36//36
f 367//367 36//36 34//34
f 382//382 398//398 56//56
f 56//56 398//398 399//399
f 399//399 400//400 56//56
f 56//56 400//400 54//54
f 54//54 400//400 401//401
f 285//285 287//287 402//402
f 402//402 287//287 411//411
f 367//367 34//34 23//23
f 370//370 358//358 368//368
f 368//368 358//358 403//403
f 403//403 404//404 368//368
f 404//404 405//405 368//368
f 368//368 405//405 406//406
f 368//368 406//406 56//56
f 401//401 407//407 54//54
f 54//54 407//407 408//408
f 408//408 409//409 54//54
f 54//54 409//409 410//410
f 54//54 410//410 287//287
f 287//287 410//410 411//411
f 362//362 98//98 412//412
f 412//412 98//98 199//199
f 412//412 199//199 413//413
f 199//199 201//201 413//413
f 413//413 201//201 202//202
f 413//413 202//202 380//380
f 380//380 202//202 204//204
f 380//380 204//204 206//206
f 415//415 380//380 414//414
f 414//414 380//380 417//417
f 380//380 415//415 387//387
f 387//387 415//415 351//351
f 423//423 416//416 380//380
f 416//416 417//417 380//380
f 208//208 212//212 418//418
f 208//208 419//419 420//420
f 420//420 421//421 208//208
f 421//421 422//422 208//208
f 208//208 422//422 380//380
f 380//380 422//422 423//423
f 424//424 425//425 208//208
f 208//208 425//425 419//419
f 208//208 418//418 424//424
f 384//384 426//426 385//385
f 385//385 426//426 427//427
f 385//385 427//427 386//386
f 386//386 427//427 428//428
f 386//386 428//428 387//387
f 387//387 428//428 429//429
f 387//387 429//429 380//380
f 380//380 429//429 430//430
f 380//380 430//430 413//413
f 413//413 430//430 431//431
f 413//413 431//431 412//412
f 412//412 431//431 432//432
f 412//412 432//432 362//362
f 362//362 432//432 433//433
f 362//362 433//433 363//363
f 363//363 433//433 434//434
f 363//363 434//434 388//388
f 388//388 434//434 435//435
f 388//388 435//435 389//389
f 389//389 435//435 436//436
f 389//389 436//436 390//390
f 390//390 436//436 437//437
f 390//390 437//437 391//391
f 391//391 437//437 438//438
f 391//391 438//438 392//392
f 392//392 438//438 439//439
f 392//392 439//439 393//393
f 393//393 439//439 440//440
f 393//393 440//440 394//394
f 394//394 440//440 441//441
f 394//394 441//441 395//395
f 395//395 441//441 442//442
f 395//395 442//442 396//396
f 396//396 442//442 443//443
f 396//396 443//443 397//397
f 397//397 443//443 444//444
f 397//397 444//444 360//360
f 360//360 444//444 445//445
f 360//360 445//445 361//361
f 361//361 445//445 446//446
f 361//361 446//446 364//364
f 364//364 446//446 447//447
f 364//364 447//447 365//365
f 365//365 447//447 448//448
f 365//365 448//448 366//366
f 366//366 448//448 449//449
f 366//366 449//449 373//373
f 373//373 449//449 450//450
f 373//373 450//450 367//367
f 367//367 450//450 451//451
f 367//367 451//451 369//369
f 369//369 451//451 452//452
f 369//369 452//452 368//368
f 368//368 452//452 453//453
f 368//368 453//453 370//370
f 370//370 453//453 454//454
f 370//370 454//454 371//371
f 371//371 454//454 455//455
f 371//371 455//455 372//372
f 372//372 455//455 456//456
f 372//372 456//456 376//376
f 376//376 456//456 457//457
f 376//376 457//457 377//377
f 377//377 457//457 458//458
f 377//377 458//458 378//378
f 378//378 458//458 459//459
f 378//378 459//459 379//379
f 379//379 459//459 460//460
f 379//379 460//460 383//383
f 383//383 460//460 461//461
f 383//383 461//461 384//384
f 384//384 461//461 426//426
f 305//305 304//304 349//349
f 309//309 307//307 462//462
f 462//462 307//307 463//463
f 463//463 307//307 306//306
f 309//309 464//464 316//316
f 316//316 464//464 465//465
f 316//316 465//465 317//317
f 329//329 328//328 466//466
f 466//466 328//328 467//467
f 467//467 328//328 317//317
f 468//468 330//330 329//329
f 468//468 329//329 469//469
f 470//470 331//331 330//330
f 471//471 310//310 472//472
f 472//472 310//310 331//331
f 210//210 209//209 471//471
f 471//471 209//209 311//311
f 471//471 311//311 310//310
f 472//472 424//424 418//418
f 472//472 418//418 471//471
f 471//471 418//418 210//210
f 210//210 418//418 212//212
f 425//425 424//424 470//470
f 470//470 424//424 472//472
f 470//470 472//472 331//331
f 330//330 468//468 470//470
f 470//470 468//468 425//425
f 469//469 420//420 419//419
f 469//469 419//419 468//468
f 468//468 419//419 425//425
f 421//421 420//420 466//466
f 466//466 420//420 469//469
f 466//466 469//469 329//329
f 467//467 422//422 421//421
f 467//467 421//421 466//466
f 423//423 422//422 465//465
f 465//465 422//422 467//467
f 465//465 467//467 317//317
f 464//464 416//416 465//465
f 465//465 416//416 423//423
f 417//417 416//416 462//462
f 462//462 416//416 464//464
f 462//462 464//464 309//309
f 415//415 414//414 463//463
f 463//463 414//414 417//417
f 463//463 417//417 462//462
f 306//306 305//305 463//463
f 463//463 305//305 473//473
f 463//463 473//473 415//415
f 305//305 349//349 473//473
f 473//473 349//349 351//351
f 473//473 351//351 415//415
f 358//358 359//359 403//403
f 403//403 359//359 474//474
f 403//403 474//474 404//404
f 406//406 405//405 475//475
f 475//475 405//405 404//404
f 475//475 404//404 476//476
f 406//406 477//477 478//478
f 406//406 478//478 381//381
f 374//374 479//479 480//480
f 374//374 480//480 375//375
f 481//481 482//482 398//398
f 398//398 382//382 481//481
f 483//483 400//400 399//399
f 483//483 399//399 398//398
f 400//400 483//483 401//401
f 401//401 483//483 484//484
f 401//401 484//484 485//485
f 401//401 485//485 407//407
f 486//486 408//408 485//485
f 485//485 408//408 407//407
f 487//487 410//410 486//486
f 486//486 410//410 409//409
f 486//486 409//409 408//408
f 285//285 402//402 487//487
f 402//402 411//411 487//487
f 487//487 411//411 410//410
f 285//285 487//487 241//241
f 241//241 487//487 312//312
f 241//241 312//312 242//242
f 486//486 322//322 487//487
f 487//487 322//322 312//312
f 322//322 486//486 313//313
f 313//313 486//486 485//485
f 313//313 485//485 308//308
f 308//308 485//485 484//484
f 324//324 483//483 482//482
f 482//482 483//483 398//398
f 324//324 318//318 483//483
f 483//483 318//318 484//484
f 484//484 318//318 308//308
f 480//480 326//326 481//481
f 480//480 481//481 375//375
f 375//375 481//481 382//382
f 326//326 325//325 481//481
f 481//481 325//325 482//482
f 482//482 325//325 324//324
f 478//478 319//319 479//479
f 478//478 479//479 381//381
f 381//381 479//479 374//374
f 319//319 323//323 479//479
f 479//479 323//323 480//480
f 480//480 323//323 326//326
f 475//475 315//315 477//477
f 475//475 477//477 406//406
f 315//315 314//314 477//477
f 477//477 314//314 478//478
f 478//478 314//314 319//319
f 315//315 475//475 320//320
f 320//320 475//475 476//476
f 320//320 476//476 321//321
f 404//404 474//474 476//476
f 476//476 474//474 321//321
f 296//296 327//327 359//359
f 359//359 327//327 474//474
f 474//474 327//327 321//321
f 488//488 489//489 490//490
f 490//490 489//489 491//491
f 490//490 491//491 492//492
f 492//492 491//491 493//493
f 248//248 247//247 348//348
f 494//494 488//488 20//20
f 20//20 488//488 490//490
f 20//20 490//490 333//333
f 333//333 490//490 495//495
f 333//333 495//495 261//261
f 496//496 497//497 491//491
f 491//491 497//497 498//498
f 491//491 498//498 493//493
f 248//248 348//348 255//255
f 255//255 348//348 347//347
f 255//255 347//347 345//345
f 499//499 500//500 501//501
f 247//247 245//245 348//348
f 348//348 245//245 244//244
f 348//348 244//244 249//249
f 501//501 500//500 21//21
f 502//502 503//503 491//491
f 491//491 503//503 504//504
f 491//491 504//504 496//496
f 345//345 346//346 255//255
f 255//255 346//346 344//344
f 255//255 344//344 343//343
f 494//494 20//20 500//500
f 500//500 20//20 18//18
f 500//500 18//18 21//21
f 249//249 251//251 348//348
f 348//348 251//251 252//252
f 348//348 252//252 254//254
f 499//499 501//501 505//505
f 505//505 501//501 506//506
f 505//505 506//506 507//507
f 343//343 342//342 255//255
f 255//255 342//342 341//341
f 255//255 341//341 340//340
f 340//340 339//339 255//255
f 255//255 339//339 337//337
f 255//255 337//337 338//338
f 508//508 509//509 507//507
f 507//507 509//509 510//510
f 507//507 510//510 511//511
f 511//511 512//512 507//507
f 507//507 512//512 513//513
f 507//507 513//513 505//505
f 338//338 335//335 255//255
f 255//255 335//335 336//336
f 255//255 336//336 332//332
f 261//261 262//262 333//333
f 333//333 262//262 255//255
f 333//333 255//255 334//334
f 334//334 255//255 332//332
f 514//514 515//515 507//507
f 507//507 515//515 516//516
f 507//507 516//516 508//508
f 518//518 506//506 501//501
f 501//501 21//21 6//6
f 518//518 501//501 519//519
f 519//519 501//501 6//6
f 519//519 6//6 520//520
f 520//520 6//6 8//8
f 520//520 8//8 521//521
f 521//521 8//8 10//10
f 521//521 10//10 522//522
f 522//522 10//10 12//12
f 522//522 12//12 13//13
f 522//522 13//13 523//523
f 523//523 13//13 15//15
f 523//523 15//15 16//16
f 523//523 16//16 524//524
f 3//3 517//517 16//16
f 16//16 517//517 524//524
f 2//2 525//525 3//3
f 3//3 525//525 517//517
f 526//526 527//527 43//43
f 61//61 528//528 63//63
f 63//63 528//528 529//529
f 63//63 529//529 65//65
f 65//65 529//529 31//31
f 42//42 530//530 40//40
f 40//40 530//530 531//531
f 40//40 531//531 37//37
f 37//37 531//531 532//532
f 37//37 532//532 35//35
f 35//35 532//532 533//533
f 35//35 533//533 33//33
f 533//533 534//534 33//33
f 33//33 534//534 32//32
f 32//32 534//534 535//535
f 32//32 535//535 24//24
f 24//24 535//535 536//536
f 24//24 536//536 53//53
f 53//53 536//536 537//537
f 53//53 537//537 51//51
f 51//51 537//537 50//50
f 50//50 537//537 538//538
f 50//50 538//538 49//49
f 49//49 538//538 47//47
f 47//47 538//538 526//526
f 47//47 526//526 45//45
f 45//45 526//526 43//43
f 55//55 539//539 57//57
f 57//57 539//539 540//540
f 57//57 540//540 59//59
f 59//59 540//540 541//541
f 59//59 541//541 61//61
f 61//61 541//541 542//542
f 61//61 542//542 528//528
f 529//529 543//543 31//31
f 31//31 543//543 544//544
f 31//31 544//544 29//29
f 29//29 544//544 545//545
f 29//29 545//545 27//27
f 27//27 545//545 546//546
f 27//27 546//546 25//25
f 25//25 546//546 547//547
f 25//25 547//547 68//68
f 68//68 547//547 42//42
f 42//42 547//547 530//530
f 548//548 77//77 75//75
f 548//548 75//75 549//549
f 549//549 75//75 73//73
f 549//549 73//73 550//550
f 550//550 73//73 71//71
f 550//550 71//71 551//551
f 551//551 71//71 69//69
f 551//551 69//69 552//552
f 552//552 69//69 43//43
f 552//552 43//43 527//527
f 79//79 77//77 553//553
f 553//553 77//77 548//548
f 554//554 95//95 93//93
f 554//554 93//93 555//555
f 555//555 93//93 91//91
f 555//555 91//91 556//556
f 556//556 91//91 89//89
f 556//556 89//89 557//557
f 557//557 89//89 87//87
f 557//557 87//87 558//558
f 558//558 87//87 85//85
f 558//558 85//85 559//559
f 559//559 85//85 83//83
f 559//559 83//83 560//560
f 560//560 83//83 81//81
f 560//560 81//81 561//561
f 561//561 81//81 79//79
f 561//561 79//79 553//553
f 97//97 95//95 562//562
f 562//562 95//95 554//554
f 563//563 564//564 565//565
f 563//563 565//565 566//566
f 195//195 570//570 197//197
f 197//197 570//570 567//567
f 182//182 568//568 569//569
f 182//182 569//569 194//194
f 194//194 569//569 570//570
f 194//194 570//570 195//195
f 187//187 571//571 185//185
f 185//185 571//571 572//572
f 185//185 572//572 183//183
f 183//183 572//572 573//573
f 183//183 573//573 182//182
f 182//182 573//573 568//568
f 574//574 575//575 99//99
f 99//99 575//575 179//179
f 179//179 575//575 576//576
f 179//179 576//576 189//189
f 189//189 576//576 577//577
f 189//189 577//577 187//187
f 187//187 577//577 578//578
f 187//187 578//578 571//571
f 173//173 588//588 177//177
f 177//177 588//588 574//574
f 177//177 574//574 99//99
f 163//163 157//157 579//579
f 579//579 157//157 580//580
f 579//579 581//581 163//163
f 163//163 581//581 582//582
f 163//163 582//582 165//165
f 165//165 582//582 583//583
f 165//165 583//583 167//167
f 167//167 583//583 169//169
f 169//169 583//583 584//584
f 169//169 584//584 171//171
f 171//171 584//584 585//585
f 171//171 585//585 176//176
f 176//176 585//585 586//586
f 176//176 586//586 175//175
f 175//175 586//586 587//587
f 175//175 587//587 173//173
f 173//173 587//587 588//588
f 145//145 589//589 149//149
f 149//149 589//589 590//590
f 149//149 590//590 151//151
f 151//151 590//590 591//591
f 151//151 591//591 155//155
f 155//155 591//591 592//592
f 155//155 592//592 153//153
f 153//153 592//592 593//593
f 153//153 593//593 160//160
f 160//160 593//593 157//157
f 157//157 593//593 594//594
f 157//157 594//594 580//580
f 139//139 595//595 141//141
f 141//141 595//595 596//596
f 141//141 596//596 143//143
f 143//143 596//596 597//597
f 143//143 597//597 147//147
f 147//147 597//597 598//598
f 147//147 598//598 145//145
f 145//145 598//598 589//589
f 135//135 131//131 599//599
f 599//599 600//600 135//135
f 135//135 600//600 133//133
f 133//133 600//600 601//601
f 133//133 601//601 139//139
f 139//139 601//601 602//602
f 139//139 602//602 595//595
f 129//129 603//603 131//131
f 131//131 603//603 604//604
f 131//131 604//604 599//599
f 605//605 606//606 118//118
f 118//118 606//606 607//607
f 118//118 607//607 125//125
f 125//125 607//607 608//608
f 125//125 608//608 127//127
f 127//127 608//608 609//609
f 127//127 609//609 129//129
f 129//129 609//609 610//610
f 129//129 610//610 603//603
f 109//109 611//611 111//111
f 111//111 611//611 612//612
f 111//111 612//612 115//115
f 115//115 612//612 613//613
f 115//115 613//613 614//614
f 115//115 614//614 117//117
f 117//117 614//614 615//615
f 117//117 615//615 118//118
f 118//118 615//615 616//616
f 118//118 616//616 605//605
f 97//97 562//562 200//200
f 200//200 562//562 617//617
f 200//200 617//617 618//618
f 200//200 618//618 203//203
f 203//203 618//618 619//619
f 203//203 619//619 205//205
f 205//205 619//619 620//620
f 205//205 620//620 207//207
f 207//207 620//620 621//621
f 207//207 621//621 214//214
f 214//214 621//621 622//622
f 214//214 622//622 213//213
f 213//213 622//622 566//566
f 213//213 566//566 107//107
f 107//107 566//566 565//565
f 107//107 565//565 105//105
f 565//565 623//623 105//105
f 105//105 623//623 624//624
f 105//105 624//624 103//103
f 103//103 624//624 625//625
f 103//103 625//625 113//113
f 113//113 625//625 626//626
f 113//113 626//626 109//109
f 109//109 626//626 627//627
f 109//109 627//627 611//611
f 567//567 628//628 197//197
f 197//197 628//628 629//629
f 629//629 630//630 197//197
f 197//197 630//630 631//631
f 197//197 631//631 632//632
f 633//633 215//215 634//634
f 634//634 215//215 197//197
f 634//634 197//197 635//635
f 635//635 197//197 632//632
f 636//636 637//637 237//237
f 237//237 637//637 239//239
f 636//636 237//237 638//638
f 638//638 237//237 236//236
f 638//638 236//236 224//224
f 638//638 224//224 639//639
f 639//639 224//224 232//232
f 639//639 232//232 640//640
f 640//640 232//232 230//230
f 640//640 230//230 641//641
f 641//641 230//230 229//229
f 641//641 229//229 227//227
f 641//641 227//227 642//642
f 642//642 227//227 225//225
f 642//642 225//225 643//643
f 643//643 225//225 215//215
f 643//643 215//215 633//633
f 239//239 637//637 2//2
f 2//2 637//637 525//525
f 644//644 645//645 257//257
f 646//646 647//647 648//648
f 648//648 647//647 649//649
f 268//268 650//650 277//277
f 277//277 650//650 282//282
f 651//651 263//263 645//645
f 645//645 263//263 265//265
f 645//645 265//265 257//257
f 651//651 652//652 263//263
f 263//263 652//652 653//653
f 263//263 653//653 274//274
f 274//274 653//653 654//654
f 274//274 654//654 272//272
f 272//272 654//654 655//655
f 272//272 655//655 270//270
f 270//270 655//655 656//656
f 270//270 656//656 268//268
f 268//268 656//656 657//657
f 268//268 657//657 650//650
f 261//261 658//658 259//259
f 259//259 658//658 659//659
f 259//259 659//659 257//257
f 257//257 659//659 660//660
f 257//257 660//660 644//644
f 661//661 503//503 662//662
f 662//662 503//503 502//502
f 261//261 495//495 658//658
f 658//658 495//495 490//490
f 658//658 490//490 492//492
f 658//658 492//492 663//663
f 663//663 492//492 493//493
f 663//663 493//493 498//498
f 498//498 497//497 663//663
f 663//663 497//497 496//496
f 663//663 496//496 661//661
f 661//661 496//496 504//504
f 661//661 504//504 503//503
f 650//650 664//664 282//282
f 282//282 664//664 665//665
f 282//282 665//665 280//280
f 280//280 665//665 666//666
f 280//280 666//666 294//294
f 294//294 666//666 293//293
f 293//293 666//666 667//667
f 293//293 667//667 291//291
f 291//291 667//667 668//668
f 291//291 668//668 295//295
f 295//295 668//668 669//669
f 295//295 669//669 288//288
f 288//288 669//669 648//648
f 288//288 648//648 649//649
f 288//288 649//649 286//286
f 286//286 649//649 734//734
f 286//286 734//734 670//670
f 286//286 670//670 55//55
f 55//55 670//670 539//539
f 671//671 666//666 672//672
f 672//672 666//666 623//623
f 672//672 623//623 673//673
f 673//673 623//623 674//674
f 679//679 675//675 623//623
f 671//671 676//676 666//666
f 666//666 676//676 677//677
f 666//666 677//677 678//678
f 623//623 675//675 680//680
f 623//623 680//680 674//674
f 681//681 682//682 623//623
f 623//623 682//682 679//679
f 623//623 685//685 692//692
f 686//686 687//687 623//623
f 623//623 687//687 681//681
f 623//623 692//692 693//693
f 623//623 693//693 694//694
f 678//678 695//695 696//696
f 697//697 678//678 698//698
f 688//688 699//699 678//678
f 678//678 699//699 683//683
f 683//683 700//700 678//678
f 678//678 700//700 646//646
f 646//646 648//648 678//678
f 678//678 648//648 669//669
f 678//678 669//669 668//668
f 668//668 667//667 678//678
f 678//678 667//667 666//666
f 689//689 623//623 684//684
f 684//684 623//623 565//565
f 684//684 565//565 564//564
f 689//689 685//685 623//623
f 694//694 686//686 623//623
f 701//701 691//691 690//690
f 701//701 690//690 678//678
f 678//678 690//690 702//702
f 678//678 702//702 695//695
f 696//696 698//698 678//678
f 678//678 703//703 704//704
f 678//678 704//704 705//705
f 705//705 706//706 678//678
f 678//678 706//706 688//688
f 697//697 703//703 678//678
f 596//596 595//595 491//491
f 626//626 625//625 650//650
f 491//491 595//595 502//502
f 502//502 595//595 602//602
f 502//502 602//602 662//662
f 602//602 601//601 662//662
f 662//662 601//601 600//600
f 662//662 600//600 661//661
f 661//661 600//600 663//663
f 599//599 658//658 600//600
f 600//600 658//658 663//663
f 659//659 609//609 660//660
f 660//660 609//609 608//608
f 608//608 607//607 660//660
f 660//660 607//607 606//606
f 660//660 606//606 644//644
f 599//599 604//604 658//658
f 658//658 604//604 603//603
f 658//658 603//603 659//659
f 659//659 603//603 610//610
f 659//659 610//610 609//609
f 612//612 657//657 656//656
f 616//616 652//652 605//605
f 605//605 652//652 651//651
f 605//605 651//651 606//606
f 606//606 651//651 645//645
f 606//606 645//645 644//644
f 656//656 655//655 612//612
f 612//612 655//655 654//654
f 612//612 654//654 613//613
f 613//613 654//654 653//653
f 613//613 653//653 614//614
f 614//614 653//653 652//652
f 614//614 652//652 615//615
f 615//615 652//652 616//616
f 626//626 650//650 627//627
f 657//657 612//612 650//650
f 650//650 612//612 611//611
f 650//650 611//611 627//627
f 623//623 666//666 665//665
f 623//623 665//665 624//624
f 624//624 665//665 664//664
f 624//624 664//664 625//625
f 625//625 664//664 650//650
f 488//488 589//589 489//489
f 489//489 589//589 598//598
f 489//489 598//598 491//491
f 491//491 598//598 597//597
f 491//491 597//597 596//596
f 500//500 594//594 494//494
f 494//494 594//594 593//593
f 494//494 593//593 488//488
f 488//488 593//593 592//592
f 592//592 591//591 488//488
f 488//488 591//591 590//590
f 488//488 590//590 589//589
f 584//584 499//499 585//585
f 585//585 499//499 586//586
f 584//584 583//583 499//499
f 499//499 583//583 582//582
f 582//582 581//581 499//499
f 499//499 581//581 579//579
f 499//499 579//579 500//500
f 500//500 579//579 580//580
f 500//500 580//580 594//594
f 513//513 573//573 572//572
f 572//572 571//571 513//513
f 513//513 571//571 578//578
f 513//513 578//578 577//577
f 577//577 576//576 513//513
f 513//513 576//576 575//575
f 575//575 574//574 513//513
f 513//513 574//574 588//588
f 513//513 588//588 505//505
f 505//505 588//588 499//499
f 499//499 588//588 587//587
f 499//499 587//587 586//586
f 512//512 570//570 569//569
f 512//512 569//569 513//513
f 513//513 569//569 568//568
f 513//513 568//568 573//573
f 510//510 567//567 511//511
f 511//511 567//567 570//570
f 511//511 570//570 512//512
f 507//507 634//634 514//514
f 514//514 634//634 635//635
f 514//514 635//635 515//515
f 515//515 635//635 632//632
f 515//515 632//632 516//516
f 516//516 632//632 631//631
f 516//516 631//631 508//508
f 508//508 631//631 630//630
f 508//508 630//630 509//509
f 509//509 630//630 629//629
f 509//509 629//629 510//510
f 510//510 629//629 628//628
f 510//510 628//628 567//567
f 633//633 634//634 637//637
f 519//519 520//520 634//634
f 634//634 520//520 521//521
f 634//634 521//521 522//522
f 507//507 506//506 634//634
f 634//634 506//506 518//518
f 634//634 518//518 519//519
f 522//522 523//523 634//634
f 634//634 523//523 524//524
f 634//634 524//524 517//517
f 634//634 517//517 525//525
f 634//634 525//525 637//637
f 639//639 640//640 637//637
f 637//637 640//640 641//641
f 641//641 642//642 637//637
f 637//637 642//642 643//643
f 637//637 643//643 633//633
f 636//636 638//638 637//637
f 637//637 638//638 639//639
f 707//707 708//708 709//709
f 709//709 708//708 674//674
f 709//709 674//674 680//680
f 710//710 678//678 711//711
f 711//711 678//678 677//677
f 711//711 677//677 712//712
f 712//712 677//677 676//676
f 712//712 676//676 713//713
f 713//713 676//676 671//671
f 713//713 671//671 714//714
f 714//714 671//671 672//672
f 714//714 672//672 715//715
f 715//715 672//672 673//673
f 715//715 673//673 708//708
f 708//708 673//673 674//674
f 701//701 678//678 716//716
f 716//716 678//678 710//710
f 716//716 710//710 717//717
f 429//429 428//428 707//707
f 717//717 710//710 457//457
f 707//707 428//428 708//708
f 708//708 428//428 427//427
f 708//708 427//427 715//715
f 715//715 427//427 426//426
f 715//715 426//426 714//714
f 714//714 426//426 461//461
f 714//714 461//461 713//713
f 713//713 461//461 460//460
f 713//713 460//460 712//712
f 712//712 460//460 459//459
f 712//712 459//459 711//711
f 711//711 459//459 710//710
f 710//710 459//459 458//458
f 710//710 458//458 457//457
f 554//554 435//435 562//562
f 562//562 435//435 434//434
f 542//542 541//541 452//452
f 545//545 544//544 451//451
f 548//548 549//549 449//449
f 449//449 549//549 550//550
f 452//452 541//541 453//453
f 545//545 451//451 546//546
f 450//450 537//537 451//451
f 533//533 532//532 451//451
f 526//526 538//538 450//450
f 450//450 538//538 537//537
f 446//446 553//553 447//447
f 447//447 553//553 548//548
f 447//447 548//548 448//448
f 448//448 548//548 449//449
f 434//434 433//433 562//562
f 562//562 433//433 432//432
f 562//562 432//432 617//617
f 617//617 432//432 431//431
f 617//617 431//431 618//618
f 622//622 621//621 430//430
f 430//430 621//621 620//620
f 430//430 620//620 431//431
f 431//431 620//620 619//619
f 431//431 619//619 618//618
f 724//724 718//718 454//454
f 454//454 718//718 733//733
f 719//719 720//720 540//540
f 721//721 722//722 540//540
f 722//722 723//723 540//540
f 540//540 723//723 724//724
f 541//541 540//540 453//453
f 453//453 540//540 724//724
f 453//453 724//724 454//454
f 544//544 543//543 451//451
f 451//451 543//543 529//529
f 451//451 529//529 452//452
f 452//452 529//529 528//528
f 452//452 528//528 542//542
f 532//532 531//531 451//451
f 451//451 531//531 530//530
f 530//530 547//547 451//451
f 451//451 547//547 546//546
f 550//550 551//551 449//449
f 449//449 551//551 552//552
f 449//449 552//552 450//450
f 450//450 552//552 527//527
f 450//450 527//527 526//526
f 430//430 707//707 726//726
f 457//457 456//456 717//717
f 717//717 456//456 455//455
f 717//717 455//455 725//725
f 725//725 455//455 454//454
f 540//540 720//720 721//721
f 537//537 536//536 451//451
f 451//451 536//536 535//535
f 446//446 445//445 553//553
f 553//553 445//445 444//444
f 553//553 444//444 561//561
f 561//561 444//444 443//443
f 561//561 443//443 560//560
f 560//560 443//443 442//442
f 560//560 442//442 559//559
f 559//559 442//442 441//441
f 559//559 441//441 558//558
f 558//558 441//441 440//440
f 558//558 440//440 557//557
f 557//557 440//440 439//439
f 557//557 439//439 556//556
f 556//556 439//439 438//438
f 556//556 438//438 555//555
f 555//555 438//438 437//437
f 555//555 437//437 554//554
f 554//554 437//437 436//436
f 554//554 436//436 435//435
f 429//429 707//707 430//430
f 430//430 726//726 727//727
f 734//734 649//649 728//728
f 539//539 738//738 540//540
f 540//540 738//738 730//730
f 730//730 731//731 540//540
f 540//540 731//731 719//719
f 535//535 534//534 451//451
f 451//451 534//534 533//533
f 430//430 727//727 732//732
f 454//454 733//733 725//725
f 670//670 734//734 735//735
f 670//670 735//735 539//539
f 539//539 735//735 736//736
f 539//539 736//736 729//729
f 729//729 737//737 539//539
f 539//539 737//737 738//738
f 430//430 732//732 740//740
f 430//430 740//740 741//741
f 430//430 741//741 622//622
f 622//622 741//741 739//739
f 622//622 739//739 742//742
f 742//742 743//743 622//622
f 622//622 743//743 744//744
f 622//622 744//744 745//745
f 745//745 746//746 622//622
f 622//622 746//746 566//566
f 687//687 686//686 747//747
f 684//684 564//564 563//563
f 689//689 748//748 749//749
f 689//689 749//749 685//685
f 750//750 692//692 685//685
f 750//750 685//685 749//749
f 751//751 693//693 752//752
f 752//752 693//693 692//692
f 753//753 694//694 751//751
f 751//751 694//694 693//693
f 747//747 686//686 753//753
f 753//753 686//686 694//694
f 682//682 681//681 754//754
f 754//754 681//681 755//755
f 755//755 681//681 687//687
f 682//682 756//756 679//679
f 679//679 756//756 757//757
f 758//758 675//675 679//679
f 709//709 680//680 758//758
f 758//758 680//680 675//675
f 707//707 709//709 758//758
f 707//707 758//758 726//726
f 679//679 757//757 758//758
f 758//758 757//757 726//726
f 756//756 727//727 757//757
f 757//757 727//727 726//726
f 682//682 754//754 756//756
f 756//756 754//754 732//732
f 756//756 732//732 727//727
f 755//755 740//740 754//754
f 754//754 740//740 732//732
f 687//687 747//747 755//755
f 755//755 747//747 741//741
f 755//755 741//741 740//740
f 753//753 739//739 747//747
f 747//747 739//739 741//741
f 739//739 753//753 742//742
f 742//742 753//753 751//751
f 742//742 751//751 743//743
f 743//743 751//751 752//752
f 692//692 750//750 752//752
f 752//752 750//750 744//744
f 752//752 744//744 743//743
f 748//748 746//746 745//745
f 748//748 745//745 749//749
f 749//749 745//745 750//750
f 750//750 745//745 744//744
f 566//566 746//746 563//563
f 563//563 746//746 748//748
f 563//563 748//748 684//684
f 684//684 748//748 689//689
f 719//719 731//731 759//759
f 728//728 760//760 734//734
f 734//734 760//760 735//735
f 735//735 760//760 761//761
f 735//735 761//761 736//736
f 736//736 761//761 729//729
f 729//729 761//761 762//762
f 763//763 738//738 762//762
f 762//762 738//738 737//737
f 762//762 737//737 729//729
f 731//731 730//730 759//759
f 759//759 730//730 763//763
f 763//763 730//730 738//738
f 719//719 764//764 720//720
f 720//720 764//764 765//765
f 766//766 721//721 765//765
f 765//765 721//721 720//720
f 723//723 722//722 767//767
f 767//767 722//722 766//766
f 766//766 722//722 721//721
f 768//768 724//724 769//769
f 769//769 724//724 723//723
f 733//733 718//718 770//770
f 770//770 718//718 724//724
f 733//733 771//771 772//772
f 733//733 772//772 725//725
f 716//716 717//717 725//725
f 691//691 716//716 772//772
f 772//772 716//716 725//725
f 716//716 691//691 701//701
f 770//770 695//695 771//771
f 770//770 771//771 733//733
f 695//695 702//702 771//771
f 771//771 702//702 690//690
f 771//771 690//690 772//772
f 772//772 690//690 691//691
f 724//724 768//768 770//770
f 770//770 768//768 696//696
f 770//770 696//696 695//695
f 769//769 698//698 768//768
f 768//768 698//698 696//696
f 723//723 767//767 769//769
f 769//769 767//767 697//697
f 769//769 697//697 698//698
f 766//766 703//703 767//767
f 767//767 703//703 697//697
f 703//703 766//766 704//704
f 704//704 766//766 765//765
f 704//704 765//765 705//705
f 705//705 765//765 764//764
f 719//719 759//759 764//764
f 764//764 759//759 706//706
f 764//764 706//706 705//705
f 763//763 688//688 759//759
f 759//759 688//688 706//706
f 688//688 763//763 699//699
f 699//699 763//763 762//762
f 699//699 762//762 683//683
f 683//683 762//762 761//761
f 646//646 760//760 647//647
f 647//647 760//760 728//728
f 647//647 728//728 649//649
f 646//646 700//700 760//760
f 760//760 700//700 761//761
f 761//761 700//700 683//683
# 1544 faces, 0 coords texture

# End of File
