####
#
# OBJ File Generated by Meshlab
#
####
# Object jaco_front_hatch_support_v2.obj
#
# Vertices: 2671
# Faces: 5378
#
####
vn -1.5707963267948988 4.7123889803846879 -1.5707963267948966
v 0.0014999795239419 0.0544992908835411 -0.0071264505386353
vn 3.0233967378201374 3.1306331934579257 -0.1852297213494701
v 0.0049999342299998 0.0544992908835411 -0.0141263566911221
vn -3.0233967378209536 3.1306331934579257 -0.1852297213494701
v 0.0014999795239419 0.0544992908835411 -0.0141263566911221
vn -3.0189678264803210 3.1297975318519033 0.1921362612916490
v 0.0000000005960383 0.0544992908835411 0.0563727281987667
vn -1.5707963267948986 1.5707963267948966 -1.5707963267948941
v 0.0000000005960383 0.0544992908835411 -0.0071264505386353
vn 0.0438477727251557 6.2541595653939712 0.3608646591834896
v 0.0049999342299998 0.0544992908835411 0.0563727281987667
vn 3.2273902158595646 -0.1346052105920367 -3.1358147092919886
v 0.0049999342299998 0.0338574200868607 -0.0126263760030270
vn 0.0692044790455852 0.1094168670412421 -6.2793697099082513
v 0.0049999342299998 0.0249996744096279 -0.0126263760030270
vn -3.2273902158595602 -0.1346052105920367 -3.1358147092919886
v 0.0014999795239419 0.0338574200868607 -0.0126263760030270
vn 1.3770161771657490 -1.5754176426699038 -5.4780860495213632
v 0.0279539171606302 0.0176308117806911 -0.0126263760030270
vn 1.7266755635023951 -1.1845788775605024 -5.4770837706262032
v 0.0268580820411444 0.0163938775658607 -0.0126263760030270
vn 1.9759303629950176 -0.7639765629656585 -5.4544280783772532
v 0.0260901115834713 0.0149306263774633 -0.0126263760030270
vn 2.1108621203755797 -0.2366475408458384 -5.4489715724814785
v 0.0256946347653866 0.0133261065930128 -0.0126263760030270
vn 2.0794011396217718 0.2435874274903861 -5.4772857804426582
v 0.0256946347653866 0.0116735687479377 -0.0126263760030270
vn 1.9529727175318574 0.7529824540341650 -5.4776156335457644
v 0.0260901115834713 0.0100690489634871 -0.0126263760030270
vn 0.9758732008640673 1.8528759906335059 -5.4769619041802518
v 0.0293139200657606 0.0064301146194339 -0.0126263760030270
vn 1.3770169033178481 -1.5754163599907667 -5.4780863227650833
v 0.0279539171606302 -0.0073688640259206 -0.0126263760030270
vn 1.3997791371254666 1.5503260293972023 -5.4806742152151635
v 0.0279539171606302 0.0073688612319529 -0.0126263760030270
vn -0.9669387531218988 -1.8556426403959316 -5.4768582431045658
v 0.0356851965188980 0.0185695588588715 -0.0126263760030270
vn 1.3770149313069471 -1.5754225715414938 -5.4780837452227029
v 0.0529535934329033 0.0176308117806911 -0.0126263760030270
vn -1.3770146972658135 -1.5754209188131973 -5.4780850175721669
v 0.0370451994240284 0.0176308117806911 -0.0126263760030270
vn -3.2273902158595620 0.1346052105920367 -3.1358147092919868
v 0.0014999795239419 -0.0338574200868607 -0.0126263760030270
vn 0.0698633431168486 -0.1098406113041560 -6.2793401970414466
v 0.0049999342299998 -0.0249996744096279 -0.0126263760030270
vn 1.7266675966976375 -1.1845735574666607 -5.4770918775355941
v 0.0518577471375465 0.0163938775658607 -0.0126263760030270
vn -1.7266654041286409 -1.1845718894553108 -5.4770943595901880
v 0.0381410457193851 0.0163938775658607 -0.0126263760030270
vn 1.7266801136441192 -1.1845805788152124 -5.4770797469657584
v 0.0268580820411444 -0.0086058042943478 -0.0126263760030270
vn 1.7135574362885917 1.1977646801892130 -5.4784816444465321
v 0.0268580820411444 0.0086058042943478 -0.0126263760030270
vn 0.9669396922565607 -1.8556426830099246 -5.4768578703009698
v 0.0543135963380337 0.0185695588588715 -0.0126263760030270
vn 0.5206266425960344 2.0612644193915362 -5.4473487917511720
v 0.0308590698987246 0.0058441162109375 -0.0126263760030270
vn 0.9669346464852111 -1.8556419326778131 -5.4768603276668610
v 0.0293139200657606 -0.0064301174134016 -0.0126263760030270
vn 1.9759340275558652 -0.7639731414034463 -5.4544263729666502
v 0.0510897859930992 0.0149306263774633 -0.0126263760030270
vn -1.9759306965738093 -0.7639693814451536 -5.4544303579200522
v 0.0389090068638325 0.0149306263774633 -0.0126263760030270
vn 1.9759290166811021 -0.7639778199986438 -5.4544287049214892
v 0.0260901115834713 -0.0100690489634871 -0.0126263760030270
vn 0.5177932429113439 -2.0251051367309918 -5.4795804514149244
v 0.0558587349951267 0.0191555600613356 -0.0126263760030270
vn -0.5177974222220381 -2.0251101820953892 -5.4795752269131990
v 0.0341400541365147 0.0191555600613356 -0.0126263760030270
vn -0.0000034723690568 2.1344525239894936 -5.4397042401243851
v 0.0324995778501034 0.0056449258700013 -0.0126263760030270
vn 0.5177940509358615 -2.0251110622892146 -5.4795754710694515
v 0.0308590698987246 -0.0058441190049052 -0.0126263760030270
vn 2.1108673495360506 -0.2366511703559136 -5.4489663270198641
v 0.0506943091750145 0.0133261065930128 -0.0126263760030270
vn -2.1108700516653673 -0.2366513394950738 -5.4489639181508318
v 0.0393044799566269 0.0133261065930128 -0.0126263760030270
vn 2.1108621203755797 -0.2366475408458384 -5.4489715724814785
v 0.0256946347653866 -0.0116735687479377 -0.0126263760030270
vn -0.0000018596499487 -2.0942217553062066 -5.4769201588169532
v 0.0324995778501034 -0.0056449277326465 -0.0126263760030270
vn -0.5206287747311883 2.0612631073077043 -5.4473495315165152
v 0.0341400541365147 0.0058441162109375 -0.0126263760030270
vn 3.2273902158595646 0.1346052105920367 -3.1358147092919886
v 0.0049999342299998 -0.0338574200868607 -0.0126263760030270
vn 2.0794011396217718 0.2435874274903861 -5.4772857804426582
v 0.0256946347653866 -0.0133261065930128 -0.0126263760030270
vn 2.0794043688269004 0.2435908677222671 -5.4772825651284887
v 0.0506943091750145 0.0116735687479377 -0.0126263760030270
vn -2.0794065418245853 0.2435906736228861 -5.4772807785750475
v 0.0393044799566269 0.0116735687479377 -0.0126263760030270
vn -0.5177989454320808 -2.0251129722307164 -5.4795726734735410
v 0.0341400541365147 -0.0058441190049052 -0.0126263760030270
vn -0.9758761430086890 1.8528756811051199 -5.4769609823107439
v 0.0356851965188980 0.0064301146194339 -0.0126263760030270
vn 1.9529786912459188 0.7529785620435097 -5.4776121558332322
v 0.0510897859930992 0.0100690489634871 -0.0126263760030270
vn -1.9529773138539914 0.7529749213368714 -5.4776143847517300
v 0.0389090068638325 0.0100690489634871 -0.0126263760030270
vn 1.9529732759266669 0.7529826714168619 -5.4776150454340540
v 0.0260901115834713 -0.0149306263774633 -0.0126263760030270
vn -0.9669367534174945 -1.8556427694385780 -5.4768588844004906
v 0.0356851965188980 -0.0064301174134016 -0.0126263760030270
vn 1.7135524838312022 1.1977618824747371 -5.4784860832262980
v 0.0518577471375465 0.0086058042943478 -0.0126263760030270
vn -1.7135524838312022 1.1977618824747371 -5.4784860832262998
v 0.0381410457193851 0.0086058042943478 -0.0126263760030270
vn 1.7135630627363918 1.1977680964464230 -5.4784758645795435
v 0.0268580820411444 -0.0163938663899899 -0.0126263760030270
vn -1.3770154234256924 -1.5754196361327131 -5.4780852908181457
v 0.0370451994240284 -0.0073688640259206 -0.0126263760030270
vn -1.3997759975911668 1.5503314264701324 -5.4806728485922500
v 0.0370451994240284 0.0073688612319529 -0.0126263760030270
vn 1.3997788792616594 1.5503327214417935 -5.4806701872647459
v 0.0529535934329033 0.0073688612319529 -0.0126263760030270
vn 1.3997787974258542 1.5503275013606006 -5.4806734692231904
v 0.0279539171606302 -0.0176308117806911 -0.0126263760030270
vn -1.7266688083589348 -1.1845796009816616 -5.4770883247908957
v 0.0631407201290131 0.0163938775658607 -0.0126263760030270
vn 2.5908971390833013 1.7501243400685678 -3.0730962649947497
v 0.0803527683019638 0.0249996744096279 -0.0126263760030270
vn -1.9759334840309351 -0.7639757581349774 -5.4544256957015849
v 0.0639086887240410 0.0149306263774633 -0.0126263760030270
vn -1.3770126679931902 -1.5754149708960647 -5.4780899937049021
v 0.0620448812842369 0.0176308117806911 -0.0126263760030270
vn -0.9669375088210933 -1.8556423152714232 -5.4768591086301690
v 0.0606848746538162 0.0185695588588715 -0.0126263760030270
vn -0.5177972230254368 -2.0251092354271920 -5.4795760822559121
v 0.0591397322714329 0.0191555600613356 -0.0126263760030270
vn -0.0000021432313711 -2.0942248634165987 -5.4769176425828574
v 0.0574992522597313 0.0193547476083040 -0.0126263760030270
vn 0.9758763146291090 1.8528777028664369 -5.4769593521500166
v 0.0543135963380337 0.0064301146194339 -0.0126263760030270
vn 1.3770156574674743 -1.5754212888635093 -5.4780840184670936
v 0.0529535934329033 -0.0073688640259206 -0.0126263760030270
vn 1.7266721468412738 -1.1845752587091647 -5.4770878539184134
v 0.0518577471375465 -0.0086058042943478 -0.0126263760030270
vn -1.7266699542647963 -1.1845735906976524 -5.4770903359879197
v 0.0381410457193851 -0.0086058042943478 -0.0126263760030270
vn 0.5206269534335303 2.0612613169524043 -5.4473513385818606
v 0.0558587349951267 0.0058441162109375 -0.0126263760030270
vn 0.9669376925479509 -1.8556428120534918 -5.4768585115988504
v 0.0543135963380337 -0.0064301174134016 -0.0126263760030270
vn 2.7556880596281270 1.5007543276561268 -3.0432582173269842
v 0.0824783518910408 0.0215168502181768 -0.0126263760030270
vn -2.1108631662062285 -0.2366482667456219 -5.4489705233934833
v 0.0643041655421257 0.0133261065930128 -0.0126263760030270
vn 1.9759326812528086 -0.7639743984354554 -5.4544269995092440
v 0.0510897859930992 -0.0100690489634871 -0.0126263760030270
vn -1.9759293502727813 -0.7639706384746281 -5.4544309844602594
v 0.0389090068638325 -0.0100690489634871 -0.0126263760030270
vn -0.0000036601978522 2.1344526454029467 -5.4397041671829340
v 0.0574992522597313 0.0056449258700013 -0.0126263760030270
vn 0.5177947660303601 -2.0251079268469390 -5.4795778980237593
v 0.0558587349951267 -0.0058441190049052 -0.0126263760030270
vn 2.1108673495360506 -0.2366511703559136 -5.4489663270198641
v 0.0506943091750145 -0.0116735687479377 -0.0126263760030270
vn -2.1108700516653673 -0.2366513394950738 -5.4489639181508318
v 0.0393044799566269 -0.0116735687479377 -0.0126263760030270
vn -0.5206283897425005 2.0612619958778056 -5.4473506062262533
v 0.0591397322714329 0.0058441162109375 -0.0126263760030270
vn -0.0000021432661568 -2.0942220084123373 -5.4769199808416493
v 0.0574992522597313 -0.0056449277326465 -0.0126263760030270
vn 2.0794043688269004 0.2435908677222671 -5.4772825651284887
v 0.0506943091750145 -0.0133261065930128 -0.0126263760030270
vn -2.0794065418245853 0.2435906736228861 -5.4772807785750475
v 0.0393044799566269 -0.0133261065930128 -0.0126263760030270
vn -0.5177987462264140 -2.0251120255609161 -5.4795735288215504
v 0.0591397322714329 -0.0058441190049052 -0.0126263760030270
vn -0.9758747780114351 1.8528759344021015 -5.4769614265486188
v 0.0606848746538162 0.0064301146194339 -0.0126263760030270
vn 1.9529792496381453 0.7529787794254613 -5.4776115677228967
v 0.0510897859930992 -0.0149306263774633 -0.0126263760030270
vn -1.9529778722430309 0.7529751387186058 -5.4776137966447163
v 0.0389090068638325 -0.0149306263774633 -0.0126263760030270
vn 2.8656991277002963 1.2785693817575317 -3.0370124152907412
v 0.0842774510383606 0.0178546868264675 -0.0126263760030270
vn -2.0793958032468649 0.2435910487812959 -5.4772902338530436
v 0.0643041655421257 0.0116735687479377 -0.0126263760030270
vn -0.9669355091203957 -1.8556424443152346 -5.4768597499227978
v 0.0606848746538162 -0.0064301174134016 -0.0126263760030270
vn 1.7135581102980755 1.1977652987046743 -5.4784803033869931
v 0.0518577471375465 -0.0163938663899899 -0.0126263760030270
vn -1.7135581102980755 1.1977652987046743 -5.4784803033869949
v 0.0381410457193851 -0.0163938663899899 -0.0126263760030270
vn -1.3770133941478278 -1.5754136882106997 -5.4780902669519476
v 0.0620448812842369 -0.0073688640259206 -0.0126263760030270
vn -1.3997744929530540 1.5503270938129159 -5.4806763871618873
v 0.0620448812842369 0.0073688612319529 -0.0126263760030270
vn -1.7135557001114126 1.1977644556505869 -5.4784828654170639
v 0.0631407201290131 0.0086058042943478 -0.0126263760030270
vn 1.3997785395519355 1.5503341934162393 -5.4806694412669490
v 0.0529535934329033 -0.0176308117806911 -0.0126263760030270
vn -1.3997756578856915 1.5503328984498641 -5.4806721025880156
v 0.0370451994240284 -0.0176308117806911 -0.0126263760030270
vn 2.9822447444725659 0.9796356498545939 -3.0738733107605123
v 0.0857350453734398 0.0140436980873346 -0.0126263760030270
vn -1.7266733584938683 -1.1845813022599865 -5.4770843011442842
v 0.0631407201290131 -0.0086058042943478 -0.0126263760030270
vn 0.9758801896206305 1.8528777825444336 -5.4769577291081433
v 0.0543135963380337 -0.0185695588588715 -0.0126263760030270
vn -0.9758800179943630 1.8528757607789841 -5.4769593592753969
v 0.0356851965188980 -0.0185695588588715 -0.0126263760030270
vn 0.5206255963901685 2.0612610527334505 -5.4473516821098249
v 0.0558587349951267 -0.0191555600613356 -0.0126263760030270
vn -0.5206274176447034 2.0612628430861788 -5.4473498750584506
v 0.0341400541365147 -0.0191555600613356 -0.0126263760030270
vn 3.0581151079482609 0.7059352676927889 -3.0559387395506263
v 0.0868390426039696 0.0101156681776047 -0.0126263760030270
vn -1.9529699907432403 0.7529763349018619 -5.4776200187786932
v 0.0639086887240410 0.0100690489634871 -0.0126263760030270
vn 3.1089549043958855 0.4284047957486146 -3.0506776448340438
v 0.0875801518559456 0.0061033237725496 -0.0126263760030270
vn 3.1350533934896130 0.1430988352889143 -3.0502583701202157
v 0.0879522785544395 0.0020401084329933 -0.0126263760030270
vn 3.1350533957225721 -0.1430988108938448 -3.0502583856896845
v 0.0879522785544395 -0.0020401105284691 -0.0126263760030270
vn 3.1089548736409194 -0.4284049501698882 -3.0506775281414567
v 0.0875801518559456 -0.0061033265665174 -0.0126263760030270
vn -1.9759321377171628 -0.7639770151703020 -5.4544263222478797
v 0.0639086887240410 -0.0100690489634871 -0.0126263760030270
vn 3.0580860851458662 -0.7060401088127067 -3.0558569350775104
v 0.0868390426039696 -0.0101156681776047 -0.0126263760030270
vn -2.1108631662062285 -0.2366482667456219 -5.4489705233934833
v 0.0643041655421257 -0.0116735687479377 -0.0126263760030270
vn 2.9823015190211697 -0.9794468831406182 -3.0736794397744189
v 0.0857350453734398 -0.0140436980873346 -0.0126263760030270
vn 2.8655888447144737 -1.2787822955968406 -3.0365648357238215
v 0.0842774510383606 -0.0178546868264675 -0.0126263760030270
vn -2.0793958032468649 0.2435910487812959 -5.4772902338530436
v 0.0643041655421257 -0.0133261065930128 -0.0126263760030270
vn 2.7557186599859067 -1.5006909566897555 -3.0432487734847706
v 0.0824783518910408 -0.0215168502181768 -0.0126263760030270
vn -1.9529705491279730 0.7529765522837580 -5.4776194306772243
v 0.0639086887240410 -0.0149306263774633 -0.0126263760030270
vn -0.5206270326680933 2.0612617316607724 -5.4473509497609411
v 0.0591397322714329 -0.0191555600613356 -0.0126263760030270
vn 2.5686891804816554 -1.7720901294512970 -3.0624805042929615
v 0.0803527683019638 -0.0249996744096279 -0.0126263760030270
vn -0.0000036601856813 2.1344575194258253 -5.4396997339485322
v 0.0574992522597313 -0.0193547476083040 -0.0126263760030270
vn -0.9758786529916744 1.8528760140735485 -5.4769598035198843
v 0.0606848746538162 -0.0185695588588715 -0.0126263760030270
vn -1.3997741532545604 1.5503285657861019 -5.4806756411606345
v 0.0620448812842369 -0.0176308117806911 -0.0126263760030270
vn -1.7135613265648040 1.1977678719044862 -5.4784770855554132
v 0.0631407201290131 -0.0163938663899899 -0.0126263760030270
vn -0.0000018596197827 -2.0942246103159778 -5.4769178205553457
v 0.0324995778501034 0.0193547476083040 -0.0126263760030270
vn 0.5177925277923234 -2.0251082721727438 -5.4795780244735157
v 0.0308590698987246 0.0191555600613356 -0.0126263760030270
vn 0.9669366461792734 -1.8556418036363229 -5.4768596863764873
v 0.0293139200657606 0.0185695588588715 -0.0126263760030270
vn -0.0000034723592111 2.1344573980146091 -5.4396998068891094
v 0.0324995778501034 -0.0193547476083040 -0.0126263760030270
vn 0.5206252855202080 2.0612641551673190 -5.4473491352945169
v 0.0308590698987246 -0.0191555600613356 -0.0126263760030270
vn 0.9758770758345392 1.8528760703090210 -5.4769602811561899
v 0.0293139200657606 -0.0185695588588715 -0.0126263760030270
vn -3.3097415211635246 -0.5239165997548531 3.0863435673427539
v 0.0000000005960383 0.0315392985939980 0.0075285034254193
vn -3.3832495339321236 0.3759099239413785 -3.0959497057554284
v 0.0000000005960383 0.0313128717243671 0.0049634804017842
vn -3.2256684687731498 -0.1319104465704173 3.1360441456267689
v 0.0000000005960383 0.0296983849257231 0.0073733613826334
vn -3.3832594644632010 1.1058978019510524 -2.9160231781262449
v 0.0000000005960383 0.0301425382494926 0.0046750241890550
vn -3.3832509010769827 -3.0280641974860552 -0.7463500873220745
v 0.0000000005960383 -0.0270608998835087 0.0011965645244345
vn -3.3832555654001517 3.1186865389935878 -0.0000005431343021
v 0.0000000005960383 0.0269156098365784 0.0000000047683084
vn -3.3832555654001464 -3.1186865389935878 -0.0000005431343021
v 0.0000000005960383 -0.0269156098365784 0.0000000047683084
vn -2.9030741605213364 -2.3116988534842475 2.0932325329591381
v 0.0000000005960383 -0.0528179444372654 0.0607350915670395
vn -3.3832539415882925 2.3343716900791343 -2.0680707093201427
v 0.0000000005960383 -0.0517418794333935 0.0596882961690426
vn -2.9040218366987336 -2.7508321155994588 1.4693519402350361
v 0.0000000005960383 -0.0537329316139221 0.0594346188008785
vn -2.9020427153386854 -1.7342156056587195 2.5918149749166144
v 0.0000000005960383 -0.0516145899891853 0.0617745071649551
vn -3.3832573374125432 1.7716118449830542 -2.5666310811039232
v 0.0000000005960383 -0.0508396588265896 0.0604875944554806
vn -3.3832509010769805 3.0280641974860547 -0.7463500873220744
v 0.0000000005960383 0.0270608998835087 0.0011965645244345
vn -3.3832486054950102 2.7614582906497409 -1.4493315897087622
v 0.0000000005960383 -0.0524265989661217 0.0586963072419167
vn -2.8996847685992013 -3.0257672260010775 0.7541821187471331
v 0.0000000005960383 -0.0543047934770584 0.0579508878290653
vn -3.3097410038476829 -1.0330497630673336 2.9551334713412971
v 0.0000000005960383 0.0333282873034477 0.0079895490780473
vn -3.3832532320825530 -0.3759155641854321 -3.0959483155735521
v 0.0000000005960383 0.0325182266533375 0.0049634804017842
vn -3.3832526878173637 3.0280634622135958 0.7463516568405748
v 0.0000000005960383 0.0270608998835087 -0.0011965584708378
vn -3.3832526878173663 -3.0280634622135958 0.7463516568405747
v 0.0000000005960383 -0.0270608998835087 -0.0011965584708378
vn -3.3832548092171377 -2.7614592668782381 1.4493272021567947
v 0.0000000005960383 -0.0274883229285479 -0.0023235809057951
vn -2.9010106469547590 -1.0529758718062330 2.9352531395269654
v 0.0000000005960383 -0.0501948669552803 0.0624906271696091
vn -3.3832495121269743 1.1058981173178930 -2.9160250738545423
v 0.0000000005960383 -0.0497723743319511 0.0610477440059185
vn -3.3832606219490886 3.0280616110470548 -0.7463528900156748
v 0.0000000005960383 -0.0528540238738060 0.0575692951679230
vn -3.0189678264803215 -3.1297975318519033 0.1921362612916490
v 0.0000000005960383 -0.0544992908835411 0.0563727281987667
vn -3.3097417807131819 -1.5130435738298638 2.7405663919184033
v 0.0000000005960383 0.0350148826837540 0.0087434910237789
vn -3.3832564844577586 -1.1059044410410923 -2.9160212637068752
v 0.0000000005960383 0.0336885415017605 0.0046750241890550
vn -2.8998979244535072 -0.3087615972064170 3.1029873966849695
v 0.0000000005960383 -0.0486437454819679 0.0628406256437302
vn -3.3832543891008848 0.3759173288139902 -3.0959478806313321
v 0.0000000005960383 -0.0486020483076572 0.0613362044095993
vn -3.3832548092171320 2.7614592668782385 1.4493272021567947
v 0.0000000005960383 0.0274883229285479 -0.0023235809057951
vn -3.3832473711108886 -2.3343758775464361 2.0680678586543606
v 0.0000000005960383 -0.0281730443239212 -0.0033155689015985
vn -3.3832483349115159 3.1186879079945937 0.0000000000000000
v 0.0000000005960383 -0.0529993101954460 0.0563727281987667
vn -3.3832474737059091 -1.7716151733962058 -2.5666310529375096
v 0.0000000005960383 0.0347558259963989 0.0041148667223752
vn -2.8987566536692460 0.4538834759512261 3.0850028990556835
v 0.0000000005960383 -0.0470540784299374 0.0628035366535187
vn -3.3832551287404860 -0.3759184568763743 -3.0959476025875716
v 0.0000000005960383 -0.0473966933786869 0.0613362044095993
vn -3.3832473711108921 2.3343758775464356 2.0680678586543602
v 0.0000000005960383 0.0281730443239212 -0.0033155689015985
vn -3.3832573340598557 3.0280634424540529 0.7463480610316927
v 0.0000000005960383 -0.0528540238738060 0.0551761612296104
vn -3.3097454905467605 -1.9503635166927871 2.4486902812873081
v 0.0000000005960383 0.0365515165030956 0.0097690671682358
vn -3.3832552467413226 -2.3343644823055154 -2.0680784725395633
v 0.0000000005960383 0.0356580466032028 0.0033155749551952
vn -3.3832487724873728 -1.1058992453802772 -2.9160247958107828
v 0.0000000005960383 -0.0462263710796833 0.0610477440059185
vn -2.8975732412174073 1.1893101766911323 2.8823856043121259
v 0.0000000005960383 -0.0455209687352180 0.0623815916478634
vn -3.3832605208069202 1.7716198905781022 2.5666247952300028
v 0.0000000005960383 0.0290752518922091 -0.0041148634627461
vn -3.3832605208069215 -1.7716198905781020 2.5666247952300023
v 0.0000000005960383 -0.0290752518922091 -0.0041148634627461
vn -3.3832526677959862 -1.1058981928765077 2.9160244061905249
v 0.0000000005960383 -0.0301425382494926 -0.0046750162728131
vn -3.3097334334113704 -2.3326599357403666 2.0877522656425209
v 0.0000000005960383 0.0378948301076889 0.0110373469069600
vn -3.3832529455489841 -2.7614567322670442 -1.4493327907368143
v 0.0000000005960383 0.0363427661359310 0.0023235918488353
vn -3.3832518933842439 2.7614601220567385 1.4493267607247802
v 0.0000000005960383 -0.0524265989661217 0.0540491379797459
vn -3.3832614363503657 -1.7716166643314413 -2.5666268115131112
v 0.0000000005960383 -0.0451590865850449 0.0604875944554806
vn -2.8976023705593947 1.8528904911834880 2.5078724352335344
v 0.0000000005960383 -0.0441361889243126 0.0616000294685364
vn -3.3832526677959844 1.1058981928765077 2.9160244061905249
v 0.0000000005960383 0.0301425382494926 -0.0046750162728131
vn -3.3832608817103837 2.3343635301530252 2.0680779383385333
v 0.0000000005960383 -0.0517418794333935 0.0530571490526199
vn -3.3097528681044075 -2.6491624824099294 1.6679130641256130
v 0.0000000005960383 0.0390069559216499 0.0125125469639897
vn -3.3832613719403768 -3.0280629448259395 -0.7463468852724598
v 0.0000000005960383 0.0367701947689056 0.0011965645244345
vn -3.3832529098350062 0.3759150727089157 3.0959484367113435
v 0.0000000005960383 0.0313128717243671 -0.0049634766764939
vn -3.3832529098349999 -0.3759150727089158 3.0959484367113439
v 0.0000000005960383 -0.0313128717243671 -0.0049634766764939
vn -3.3832498426504705 -2.3343765094275213 -2.0680664397293311
v 0.0000000005960383 -0.0442568734288216 0.0596882961690426
vn -2.8987916037079233 2.4064491376768529 1.9829949492442827
v 0.0000000005960383 -0.0429826006293297 0.0605056323111057
vn -3.3832486054950106 -2.7614582906497409 -1.4493315897087622
v 0.0000000005960383 -0.0435721538960934 0.0586963072419167
vn -2.8999485353094210 2.8160127230613887 1.3393908428425692
v 0.0000000005960383 -0.0421292632818222 0.0591639019548893
vn -3.3832606219490891 -3.0280616110470548 -0.7463528900156750
v 0.0000000005960383 -0.0431447289884090 0.0575692951679230
vn -3.3832432930109944 -3.1186888625900915 -0.0000005431076636
v 0.0000000005960383 0.0369154773652554 0.0000000047683084
vn -3.3832631586774964 -3.0280622095298657 0.7463484548347992
v 0.0000000005960383 0.0367701947689056 -0.0011965584708378
vn -3.3832492027801342 -2.7614579872119811 1.4493319245167782
v 0.0000000005960383 0.0363427661359310 -0.0023235809057951
vn -3.3832558160357218 -2.3343685784688475 2.0680736863952633
v 0.0000000005960383 0.0356580466032028 -0.0033155689015985
vn -3.3832526295032750 -1.7716124555311596 2.5666317427975045
v 0.0000000005960383 0.0347558259963989 -0.0041148634627461
vn -3.3832496877395744 -1.1059048320314906 2.9160224917401218
v 0.0000000005960383 0.0336885415017605 -0.0046750162728131
vn -3.3832566080330055 -0.3759207130208362 3.0959470464925420
v 0.0000000005960383 0.0325182266533375 -0.0049634766764939
vn -3.2218214975338411 -3.0857036930924862 0.5755727054738313
v 0.0000000005960383 0.0463092401623726 0.0415750890970230
vn -2.9010454389506299 3.0570459363595779 0.6155931370339157
v 0.0000000005960383 -0.0416272208094597 0.0576551184058189
vn -3.2256700608852240 -3.0270682392858408 0.8300785891405845
v 0.0000000005960383 0.0404195040464401 0.0159126333892345
vn -3.3097346271881580 -2.8909422197082413 1.2010262257516175
v 0.0000000005960383 0.0398564934730530 0.0141530763357878
vn -3.3832483349115154 -3.1186879079945937 0.0000000000000000
v 0.0000000005960383 -0.0429994426667690 0.0563727281987667
vn -1.5707963267949183 -1.5707963267948966 -1.5707963267948966
v 0.0000000005960383 -0.0544992908835411 -0.0071264505386353
vn -3.3832543891008848 0.3759173288139901 3.0959478806313321
v 0.0000000005960383 -0.0325182154774666 -0.0049634766764939
vn -2.9020903279327688 3.1151217890472442 -0.1451058695541066
v 0.0000000005960383 -0.0415065288543701 0.0560696013271809
vn -3.3832573340598557 -3.0280634424540525 0.7463480610316927
v 0.0000000005960383 -0.0431447289884090 0.0551761612296104
vn -2.9031039272339174 2.9867527378333190 -0.8971589803894956
v 0.0000000005960383 -0.0417744182050228 0.0545022226870060
vn -3.3832518933842435 -2.7614601220567385 1.4493267607247799
v 0.0000000005960383 -0.0435721538960934 0.0540491379797459
vn -2.9040585197231361 2.6796134001788916 -1.5955453165386086
v 0.0000000005960383 -0.0424148403108120 0.0530467927455902
vn -3.3832567827794700 -2.3343683495229213 2.0680736687883643
v 0.0000000005960383 -0.0442568734288216 0.0530571490526199
vn -3.1008612438506664 2.4393862141062788 -1.9786466109263525
v 0.0000000005960383 -0.0433894842863083 0.0517903901636600
vn -3.3832517595993195 -1.7716123107192461 2.5666320428854172
v 0.0000000005960383 -0.0451590865850449 0.0522578619420528
vn -3.2973712242037783 2.5589834617241469 -1.8044435178224674
v 0.0000000005960383 -0.0445763207972050 0.0503767356276512
vn -3.3832455074674308 -1.1059122050778485 2.9160205419685923
v 0.0000000005960383 -0.0462263710796833 0.0516977086663246
vn -3.2980066303698141 2.8242711967166123 -1.3518896672614624
v 0.0000000005960383 -0.0455100797116756 0.0487845391035080
vn -3.3832611303824751 -0.3759276102815403 3.0959453464321096
v 0.0000000005960383 -0.0473966933786869 0.0514092408120632
vn -3.3832603907259577 0.3759264821950260 3.0959456244889987
v 0.0000000005960383 -0.0486020483076572 0.0514092408120632
vn -3.2989372489212037 3.0107275575450521 -0.8598669028549378
v 0.0000000005960383 -0.0461644493043423 0.0470586195588112
vn -3.3832462471239473 1.1059110769913345 2.9160208200254818
v 0.0000000005960383 -0.0497723743319511 0.0516977086663246
vn -3.3004972015092964 3.1120161861057003 -0.3443824199032386
v 0.0000000005960383 -0.0465210191905499 0.0452475808560848
vn -3.3832476606684074 1.7716074913493509 2.5666363124355867
v 0.0000000005960383 -0.0508396588265896 0.0522578619420528
vn -3.3064283936477685 3.1253090234376053 0.1835337073688914
v 0.0000000005960383 -0.0465697459876537 0.0434024184942245
vn -3.2263954524577194 3.0861448931894251 0.5725095075483748
v 0.0000000005960383 -0.0463092401623726 0.0415750890970230
vn -3.2256700608852240 3.0270682392858408 0.8300785891405846
v 0.0000000005960383 -0.0404195040464401 0.0159126333892345
vn -3.3097346271881580 2.8909422197082408 1.2010262257516173
v 0.0000000005960383 -0.0398564934730530 0.0141530763357878
vn -3.3097528681044075 2.6491624824099294 1.6679130641256130
v 0.0000000005960383 -0.0390069559216499 0.0125125469639897
vn -3.3097417807131824 1.5130435738298638 2.7405663919184033
v 0.0000000005960383 -0.0350148826837540 0.0087434910237789
vn -3.3832552467413226 2.3343644823055154 -2.0680784725395633
v 0.0000000005960383 -0.0356580466032028 0.0033155749551952
vn -3.3097454905467605 1.9503635166927871 2.4486902812873081
v 0.0000000005960383 -0.0365515165030956 0.0097690671682358
vn -3.3832474737059091 1.7716151733962060 -2.5666310529375096
v 0.0000000005960383 -0.0347558259963989 0.0041148667223752
vn -3.3832529455489841 2.7614567322670442 -1.4493327907368143
v 0.0000000005960383 -0.0363427661359310 0.0023235918488353
vn -3.3097334334113704 2.3326599357403666 2.0877522656425214
v 0.0000000005960383 -0.0378948301076889 0.0110373469069600
vn -3.3097410038476824 1.0330497630673334 2.9551334713412971
v 0.0000000005960383 -0.0333282873034477 0.0079895490780473
vn -3.3832587033613333 1.1059010568749665 -2.9160220978235101
v 0.0000000005960383 -0.0336885415017605 0.0046750241890550
vn -3.3832613719403772 3.0280629448259386 -0.7463468852724598
v 0.0000000005960383 -0.0367701947689056 0.0011965645244345
vn -3.3097415211635250 0.5239165997548531 3.0863435673427539
v 0.0000000005960383 -0.0315392985939980 0.0075285034254193
vn -3.3832510131789779 0.3759121800193064 -3.0959491496901865
v 0.0000000005960383 -0.0325182154774666 0.0049634804017842
vn -3.3832432930109944 3.1186888625900919 -0.0000005431076637
v 0.0000000005960383 -0.0369154773652554 0.0000000047683084
vn -3.2256684687731498 0.1319104465704172 3.1360441456267685
v 0.0000000005960383 -0.0296983849257231 0.0073733613826334
vn -3.3832495339321236 -0.3759099239413784 -3.0959497057554279
v 0.0000000005960383 -0.0313128717243671 0.0049634804017842
vn -3.3832631586774964 3.0280622095298662 0.7463484548347992
v 0.0000000005960383 -0.0367701947689056 -0.0011965584708378
vn -3.3832594644632010 -1.1058978019510524 -2.9160231781262453
v 0.0000000005960383 -0.0301425382494926 0.0046750241890550
vn -3.3832492027801342 2.7614579872119807 1.4493319245167784
v 0.0000000005960383 -0.0363427661359310 -0.0023235809057951
vn -3.3832553650099255 -1.7716226084496352 -2.5666241053936809
v 0.0000000005960383 -0.0290752518922091 0.0041148667223752
vn -3.3832558160357218 2.3343685784688475 2.0680736863952633
v 0.0000000005960383 -0.0356580466032028 -0.0033155689015985
vn -3.3832468018172923 -2.3343717813867428 -2.0680726448167008
v 0.0000000005960383 -0.0281730443239212 0.0033155749551952
vn -3.3832526295032750 1.7716124555311594 2.5666317427975045
v 0.0000000005960383 -0.0347558259963989 -0.0041148634627461
vn -3.3832585519741327 -2.7614580119105314 -1.4493280683942897
v 0.0000000005960383 -0.0274883229285479 0.0023235918488353
vn -3.3832519066716946 1.1059014478246445 2.9160233258789119
v 0.0000000005960383 -0.0336885415017605 -0.0046750162728131
vn -2.8976023705593947 -1.8528904911834880 2.5078724352335344
v 0.0000000005960383 0.0441361889243126 0.0616000294685364
vn -3.3832498426504705 2.3343765094275213 -2.0680664397293311
v 0.0000000005960383 0.0442568734288216 0.0596882961690426
vn -2.8987916037079233 -2.4064491376768529 1.9829949492442824
v 0.0000000005960383 0.0429826006293297 0.0605056323111057
vn -3.3832614363503657 1.7716166643314413 -2.5666268115131117
v 0.0000000005960383 0.0451590865850449 0.0604875944554806
vn -2.8975732412174078 -1.1893101766911323 2.8823856043121259
v 0.0000000005960383 0.0455209687352180 0.0623815916478634
vn -3.3832486054950106 2.7614582906497409 -1.4493315897087622
v 0.0000000005960383 0.0435721538960934 0.0586963072419167
vn -2.8999485353094210 -2.8160127230613887 1.3393908428425692
v 0.0000000005960383 0.0421292632818222 0.0591639019548893
vn -3.3832487724873728 1.1058992453802770 -2.9160247958107819
v 0.0000000005960383 0.0462263710796833 0.0610477440059185
vn -2.8987566536692460 -0.4538834759512261 3.0850028990556835
v 0.0000000005960383 0.0470540784299374 0.0628035366535187
vn -3.3832606219490891 3.0280616110470548 -0.7463528900156748
v 0.0000000005960383 0.0431447289884090 0.0575692951679230
vn -2.9010454389506299 -3.0570459363595779 0.6155931370339158
v 0.0000000005960383 0.0416272208094597 0.0576551184058189
vn -3.3832551287404860 0.3759184568763743 -3.0959476025875721
v 0.0000000005960383 0.0473966933786869 0.0613362044095993
vn -2.8998979244535072 0.3087615972064171 3.1029873966849695
v 0.0000000005960383 0.0486437454819679 0.0628406256437302
vn -3.3832483349115154 3.1186879079945937 0.0000000000000000
v 0.0000000005960383 0.0429994426667690 0.0563727281987667
vn -2.9020903279327688 -3.1151217890472442 -0.1451058695541066
v 0.0000000005960383 0.0415065288543701 0.0560696013271809
vn -3.3832543891008848 -0.3759173288139901 -3.0959478806313321
v 0.0000000005960383 0.0486020483076572 0.0613362044095993
vn -2.9010106469547590 1.0529758718062330 2.9352531395269654
v 0.0000000005960383 0.0501948669552803 0.0624906271696091
vn -3.3832573340598557 3.0280634424540529 0.7463480610316927
v 0.0000000005960383 0.0431447289884090 0.0551761612296104
vn -2.9031039272339170 -2.9867527378333190 -0.8971589803894956
v 0.0000000005960383 0.0417744182050228 0.0545022226870060
vn -3.3832495121269748 -1.1058981173178930 -2.9160250738545423
v 0.0000000005960383 0.0497723743319511 0.0610477440059185
vn -3.3832518933842435 2.7614601220567385 1.4493267607247802
v 0.0000000005960383 0.0435721538960934 0.0540491379797459
vn -2.9040585197231361 -2.6796134001788916 -1.5955453165386086
v 0.0000000005960383 0.0424148403108120 0.0530467927455902
vn -2.9020427153386854 1.7342156056587195 2.5918149749166144
v 0.0000000005960383 0.0516145899891853 0.0617745071649551
vn -3.3832573374125432 -1.7716118449830542 -2.5666310811039228
v 0.0000000005960383 0.0508396588265896 0.0604875944554806
vn -3.3832567827794700 2.3343683495229204 2.0680736687883643
v 0.0000000005960383 0.0442568734288216 0.0530571490526199
vn -3.1075796529668609 -2.4423670295182331 -1.9751193860800416
v 0.0000000005960383 0.0433894842863083 0.0517903901636600
vn -2.9030741605213364 2.3116988534842475 2.0932325329591381
v 0.0000000005960383 0.0528179444372654 0.0607350915670395
vn -3.3832539415882930 -2.3343716900791343 -2.0680707093201427
v 0.0000000005960383 0.0517418794333935 0.0596882961690426
vn -3.3832517595993199 1.7716123107192465 2.5666320428854181
v 0.0000000005960383 0.0451590865850449 0.0522578619420528
vn -3.3064744303629583 -2.5568061389269383 -1.8066717338209504
v 0.0000000005960383 0.0445763207972050 0.0503767356276512
vn -2.9040218366987336 2.7508321155994588 1.4693519402350361
v 0.0000000005960383 0.0537329316139221 0.0594346188008785
vn -3.3832486054950097 -2.7614582906497409 -1.4493315897087622
v 0.0000000005960383 0.0524265989661217 0.0586963072419167
vn -3.3832455074674308 1.1059122050778485 2.9160205419685927
v 0.0000000005960383 0.0462263710796833 0.0516977086663246
vn -2.8996847685992018 3.0257672260010775 0.7541821187471331
v 0.0000000005960383 0.0543047934770584 0.0579508878290653
vn -3.3832606219490886 -3.0280616110470548 -0.7463528900156750
v 0.0000000005960383 0.0528540238738060 0.0575692951679230
vn -3.2995017415994345 -2.8233286897111176 -1.3536697562176925
v 0.0000000005960383 0.0455100797116756 0.0487845391035080
vn -3.3832611303824751 0.3759276102815402 3.0959453464321092
v 0.0000000005960383 0.0473966933786869 0.0514092408120632
vn -3.3832603907259577 -0.3759264821950261 3.0959456244889987
v 0.0000000005960383 0.0486020483076572 0.0514092408120632
vn -3.3832483349115159 -3.1186879079945937 0.0000000000000000
v 0.0000000005960383 0.0529993101954460 0.0563727281987667
vn -3.3832573340598557 -3.0280634424540525 0.7463480610316927
v 0.0000000005960383 0.0528540238738060 0.0551761612296104
vn -3.3832518933842439 -2.7614601220567385 1.4493267607247799
v 0.0000000005960383 0.0524265989661217 0.0540491379797459
vn -3.3832608817103837 -2.3343635301530252 2.0680779383385337
v 0.0000000005960383 0.0517418794333935 0.0530571490526199
vn -3.2977150385844807 -3.0108806378630413 -0.8595132220210815
v 0.0000000005960383 0.0461644493043423 0.0470586195588112
vn -3.3832462471239473 -1.1059110769913345 2.9160208200254818
v 0.0000000005960383 0.0497723743319511 0.0516977086663246
vn -3.3010627376815105 -3.1120432870701840 -0.3441143305251009
v 0.0000000005960383 0.0465210191905499 0.0452475808560848
vn -3.3832476606684074 -1.7716074913493509 2.5666363124355867
v 0.0000000005960383 0.0508396588265896 0.0522578619420528
vn -3.3018449749080681 -3.1257393103056859 0.1803349163197218
v 0.0000000005960383 0.0465697459876537 0.0434024184942245
vn -3.3832553650099255 1.7716226084496354 -2.5666241053936814
v 0.0000000005960383 0.0290752518922091 0.0041148667223752
vn -3.3832468018172923 2.3343717813867428 -2.0680726448167008
v 0.0000000005960383 0.0281730443239212 0.0033155749551952
vn -3.3832585519741327 2.7614580119105319 -1.4493280683942897
v 0.0000000005960383 0.0274883229285479 0.0023235918488353
vn 3.1091794760094080 2.5135350293418020 -1.8839198491368356
v 0.0049999342299998 -0.0424282960593700 -0.0174748040735722
vn -3.3131993313124157 2.3680096028859907 -2.0468636826553528
v 0.0014999795239419 -0.0414227508008480 -0.0160868894308805
vn 3.3131993313124157 2.3680096028859907 -2.0468636826553528
v 0.0049999342299998 -0.0414227508008480 -0.0160868894308805
vn -3.1091794760094080 2.5135350293418020 -1.8839198491368356
v 0.0014999795239419 -0.0424282960593700 -0.0174748040735722
vn -3.3131946884795207 1.9836995198047369 -2.4211692510641183
v 0.0014999795239419 -0.0401949696242809 -0.0148910759016871
vn 3.3131946884795207 1.9836995198047371 -2.4211692510641183
v 0.0049999342299998 -0.0401949696242809 -0.0148910759016871
vn 3.3131945289054188 1.5411226361383572 -2.7243467991469945
v 0.0049999342299998 -0.0387810170650482 -0.0139224790036678
vn -3.3131945289054192 1.5411226361383568 -2.7243467991469945
v 0.0014999795239419 -0.0387810170650482 -0.0139224790036678
vn 3.3131893930307905 1.0532832361544655 -2.9474943959008164
v 0.0049999342299998 -0.0372224375605583 -0.0132095580920577
vn -3.3131893930307870 1.0532832361544655 -2.9474943959008169
v 0.0014999795239419 -0.0372224375605583 -0.0132095580920577
vn 3.3132031911926036 0.5344905360450105 -3.0840617744907863
v 0.0049999342299998 -0.0355650112032890 -0.0127732437103987
vn -3.3132031911926085 0.5344905360450105 -3.0840617744907863
v 0.0014999795239419 -0.0355650112032890 -0.0127732437103987
vn -2.9052028862389392 2.2231019379387895 -2.1886489808861165
v 0.0014999795239419 -0.0433674752712250 -0.0186864379793406
vn 2.9052028862389392 2.2231019379387900 -2.1886489808861169
v 0.0049999342299998 -0.0433674752712250 -0.0186864379793406
vn -2.9051963068420368 1.6486985029730152 -2.6484244807743798
v 0.0014999795239419 -0.0445642918348312 -0.0196444243192673
vn 2.9051963068420368 1.6486985029730150 -2.6484244807743798
v 0.0049999342299998 -0.0445642918348312 -0.0196444243192673
vn -2.9051840657944394 0.9825635643909949 -2.9608974447360223
v 0.0014999795239419 -0.0459521934390068 -0.0202954765409231
vn 2.9051840657944394 0.9825635643909949 -2.9608974447360219
v 0.0049999342299998 -0.0459521934390068 -0.0202954765409231
vn -2.9051914825841272 0.2617660266990591 -3.1086704482335756
v 0.0014999795239419 -0.0474539622664452 -0.0206033531576395
vn 2.9051914825841272 0.2617660266990590 -3.1086704482335756
v 0.0049999342299998 -0.0474539622664452 -0.0206033531576395
vn -2.9051928492550720 -0.4735798217531511 -3.0835170082907575
v 0.0014999795239419 -0.0489860847592354 -0.0205509439110756
vn 2.9051928492550720 -0.4735798217531511 -3.0835170082907570
v 0.0049999342299998 -0.0489860847592354 -0.0205509439110756
vn -2.9051908383613867 -1.1825834074123469 -2.8868406863561695
v 0.0014999795239419 -0.0504633039236069 -0.0201411675661802
vn 2.9051908383613867 -1.1825834074123471 -2.8868406863561700
v 0.0049999342299998 -0.0504633039236069 -0.0201411675661802
vn -2.9051984599540508 -1.8257989117619644 -2.5295888611182487
v 0.0014999795239419 -0.0518034771084785 -0.0193968079984188
vn 2.9051984599540508 -1.8257989117619644 -2.5295888611182482
v 0.0049999342299998 -0.0518034771084785 -0.0193968079984188
vn -2.9051848750170324 -2.3674593358552016 -2.0316205513523711
v 0.0014999795239419 -0.0529320426285267 -0.0183592904359102
vn 2.9051848750170328 -2.3674593358552012 -2.0316205513523711
v 0.0049999342299998 -0.0529320426285267 -0.0183592904359102
vn -2.9052009540135622 -2.7774306589973854 -1.4206488972914333
v 0.0014999795239419 -0.0537862181663513 -0.0170863084495068
vn 2.9052009540135622 -2.7774306589973854 -1.4206488972914333
v 0.0049999342299998 -0.0537862181663513 -0.0170863084495068
vn -2.9051811571500608 -3.0329027640739543 -0.7306451246498226
v 0.0014999795239419 -0.0543185174465179 -0.0156486667692661
vn 2.9051811571500608 -3.0329027640739539 -0.7306451246498225
v 0.0049999342299998 -0.0543185174465179 -0.0156486667692661
vn -3.0233967378209536 -3.1306331934579257 -0.1852297213494701
v 0.0014999795239419 -0.0544992908835411 -0.0141263566911221
vn 3.0233967378201374 -3.1306331934579257 -0.1852297213494701
v 0.0049999342299998 -0.0544992908835411 -0.0141263566911221
vn -3.3132031911926085 -0.5344905360450105 -3.0840617744907863
v 0.0014999795239419 0.0355650112032890 -0.0127732437103987
vn 3.3132031911926036 -0.5344905360450105 -3.0840617744907863
v 0.0049999342299998 0.0355650112032890 -0.0127732437103987
vn -3.3131893930307870 -1.0532832361544655 -2.9474943959008169
v 0.0014999795239419 0.0372224375605583 -0.0132095580920577
vn 3.3131893930307901 -1.0532832361544655 -2.9474943959008164
v 0.0049999342299998 0.0372224375605583 -0.0132095580920577
vn -3.3131945289054192 -1.5411226361383572 -2.7243467991469945
v 0.0014999795239419 0.0387810170650482 -0.0139224790036678
vn 3.3131945289054192 -1.5411226361383570 -2.7243467991469945
v 0.0049999342299998 0.0387810170650482 -0.0139224790036678
vn -3.3131946884795207 -1.9836995198047371 -2.4211692510641183
v 0.0014999795239419 0.0401949696242809 -0.0148910759016871
vn 3.3131946884795207 -1.9836995198047371 -2.4211692510641183
v 0.0049999342299998 0.0401949696242809 -0.0148910759016871
vn -3.3131993313124157 -2.3680096028859907 -2.0468636826553528
v 0.0014999795239419 0.0414227508008480 -0.0160868894308805
vn 3.3131993313124157 -2.3680096028859907 -2.0468636826553528
v 0.0049999342299998 0.0414227508008480 -0.0160868894308805
vn -3.1091794760094080 -2.5135350293418020 -1.8839198491368356
v 0.0014999795239419 0.0424282960593700 -0.0174748040735722
vn 3.1091794760094080 -2.5135350293418020 -1.8839198491368356
v 0.0049999342299998 0.0424282960593700 -0.0174748040735722
vn -2.9051811571500608 3.0329027640739539 -0.7306451246498226
v 0.0014999795239419 0.0543185174465179 -0.0156486667692661
vn 2.9051811571500608 3.0329027640739543 -0.7306451246498226
v 0.0049999342299998 0.0543185174465179 -0.0156486667692661
vn -2.9052009540135622 2.7774306589973854 -1.4206488972914331
v 0.0014999795239419 0.0537862181663513 -0.0170863084495068
vn 2.9052009540135626 2.7774306589973854 -1.4206488972914333
v 0.0049999342299998 0.0537862181663513 -0.0170863084495068
vn -2.9051848750170328 2.3674593358552016 -2.0316205513523711
v 0.0014999795239419 0.0529320426285267 -0.0183592904359102
vn 2.9051848750170328 2.3674593358552016 -2.0316205513523711
v 0.0049999342299998 0.0529320426285267 -0.0183592904359102
vn -2.9051984599540508 1.8257989117619644 -2.5295888611182482
v 0.0014999795239419 0.0518034771084785 -0.0193968079984188
vn 2.9051984599540508 1.8257989117619644 -2.5295888611182487
v 0.0049999342299998 0.0518034771084785 -0.0193968079984188
vn -2.9051908383613867 1.1825834074123471 -2.8868406863561704
v 0.0014999795239419 0.0504633039236069 -0.0201411675661802
vn 2.9051908383613867 1.1825834074123469 -2.8868406863561695
v 0.0049999342299998 0.0504633039236069 -0.0201411675661802
vn -2.9051928492550720 0.4735798217531511 -3.0835170082907570
v 0.0014999795239419 0.0489860847592354 -0.0205509439110756
vn 2.9051928492550720 0.4735798217531511 -3.0835170082907570
v 0.0049999342299998 0.0489860847592354 -0.0205509439110756
vn -2.9051914825841272 -0.2617660266990590 -3.1086704482335756
v 0.0014999795239419 0.0474539622664452 -0.0206033531576395
vn 2.9051914825841272 -0.2617660266990590 -3.1086704482335756
v 0.0049999342299998 0.0474539622664452 -0.0206033531576395
vn -2.9051840657944394 -0.9825635643909949 -2.9608974447360223
v 0.0014999795239419 0.0459521934390068 -0.0202954765409231
vn 2.9051840657944394 -0.9825635643909949 -2.9608974447360219
v 0.0049999342299998 0.0459521934390068 -0.0202954765409231
vn 2.9051963068420368 -1.6486985029730150 -2.6484244807743798
v 0.0049999342299998 0.0445642918348312 -0.0196444243192673
vn -2.9051963068420368 -1.6486985029730152 -2.6484244807743798
v 0.0014999795239419 0.0445642918348312 -0.0196444243192673
vn 2.9052028862389392 -2.2231019379387900 -2.1886489808861169
v 0.0049999342299998 0.0433674752712250 -0.0186864379793406
vn -2.9052028862389392 -2.2231019379387895 -2.1886489808861165
v 0.0014999795239419 0.0433674752712250 -0.0186864379793406
vn -0.0012784716586745 -3.1146511825584002 5.4478815392274278
v 0.0099998703226447 0.0337319709360600 0.0019294848898426
vn 0.0433844659838493 -2.4956881154024999 5.7536074096343643
v 0.0107981096953154 0.0323750004172325 0.0012411348288879
vn 1.6834438612560123 -4.3988335755148205 2.6965568193827667
v 0.0240444578230381 0.0334828160703182 0.0017850118456408
vn -3.2429727159509159 -1.0737104164603197 3.1023105198316019
v 0.0406994521617889 0.0309868585318327 0.0007612482295372
vn 3.2303635383305247 -0.5543102741776641 3.0891606464196317
v 0.0492993406951427 0.0300346091389656 0.0005463730194606
vn 3.2433235702468934 -1.0973264448298201 3.1050852189947951
v 0.0492993406951427 0.0309868585318327 0.0007612482295372
vn 0.4627189919326285 -2.0936775366862754 5.8800093958318786
v 0.0109674474224448 0.0318577066063881 0.0010380694875494
vn 1.8974818786956797 -3.8004211254266469 2.9464907506098195
v 0.0214664824306965 0.0317237265408039 0.0009860493009910
vn 2.2503223107107289 -2.8360208331505663 3.6114231466855102
v 0.0510170683264732 0.0382176935672760 0.0070763221010566
vn 0.0203992061210603 -5.9545295547558492 1.4852388100152436
v 0.0340066365897655 0.0376245230436325 0.0058839241974056
vn 2.2340678608601303 -2.6711475377342797 3.9166115320057977
v 0.0521462336182594 0.0376857034862041 0.0059923361986876
vn -3.2303635383305247 -0.5543102741776642 3.0891606464196317
v 0.0406994521617889 0.0300346091389656 0.0005463730194606
vn -0.2415120598141184 -5.8507347952432811 1.6584675730432485
v 0.0346352010965347 0.0375997610390186 0.0058410782366991
vn 0.4168711218947214 -1.9634322416916858 5.9334124610918497
v 0.0109913079068065 0.0315638780593872 0.0009358103270642
vn 3.2303683993509118 -0.2782525215052067 3.1261392782486248
v 0.0492993406951427 0.0290670711547136 0.0004167664737906
vn -0.4982851842829180 -5.8005375850906642 1.6942634883719940
v 0.0352061428129673 0.0375259220600128 0.0057168886996806
vn 0.0425145340796985 -1.7268746093763154 6.0347647910820825
v 0.0109066283330321 0.0310962256044149 0.0007918798946775
vn 3.0597404900141072 -3.0281292571113720 0.8267501402592807
v 0.0049999342299998 0.0388129651546478 0.0089127244427800
vn 2.9789337381001966 -2.8971013324006076 1.1877656442245776
v 0.0049999342299998 0.0382686406373978 0.0071984366513789
vn 2.2188760995040591 -2.9953895657827325 3.2102819648679066
v 0.0491041503846645 0.0388129651546478 0.0089127244427800
vn -3.2303683993509118 -0.2782525215052066 3.1261392782486235
v 0.0406994521617889 0.0290670711547136 0.0004167664737906
vn 0.2745424122007052 -5.8749829247267744 1.6128296409801115
v 0.0334244668483734 0.0375948920845985 0.0058335401117802
vn -0.7913445083305499 -5.7075377469400195 1.7501622258665095
v 0.0358753539621830 0.0373738929629326 0.0054724914953113
vn 2.4554008017679121 -2.9838135971216180 2.6675649923821627
v 0.0532078295946121 0.0370380990207195 0.0049732006154954
vn 3.1859791930815495 -0.0696993214052090 3.1400455437352637
v 0.0492993406951427 0.0280918460339308 0.0003734511556104
vn 0.0092549851214468 -1.2133302006426800 6.1593647325196805
v 0.0105259232223034 0.0302406586706638 0.0005852823960595
vn 2.0933289226160730 -3.1400368704844985 3.1184477957342747
v 0.0193025078624487 0.0299977809190750 0.0005359513452277
vn -1.1078819514830784 -5.5487443914786461 1.8559995512786469
v 0.0365727357566357 0.0371346063911915 0.0051147388294339
vn -3.1859791930815495 -0.0696993214052090 3.1400455437352761
v 0.0406994521617889 0.0280918460339308 0.0003734511556104
vn 0.0085015505153886 -0.7196442341782754 6.2354985389019992
v 0.0099998703226447 0.0293024089187384 0.0004402646736708
vn 1.4837660203767400 -5.2846768075088670 1.9602567417702874
v 0.0526574291288853 0.0367596931755543 0.0046021030284464
vn -1.5181871552479191 -5.2765478376210329 2.0024775783190774
v 0.0374159850180149 0.0367167741060257 0.0045491107739508
vn 1.7596388526582212 -5.0330781727565697 2.1090193170952434
v 0.0521430522203445 0.0364377163350582 0.0042108423076570
vn -3.2292102873975259 -0.4245992155395308 3.1097250930660882
v 0.0065998882055283 0.0293024089187384 0.0004402646736708
vn -3.1809319495639565 -0.2293196534317765 3.1326523860419648
v 0.0065998882055283 0.0288997944444418 0.0004031634598505
vn 0.5575253823123576 -5.7906889542954136 1.7125206624495397
v 0.0328596532344818 0.0375157222151756 0.0056998520158231
vn 2.9803681452699520 -2.6646419313892653 1.6444214081892297
v 0.0049999342299998 0.0374522358179092 0.0055957734584808
vn 0.9144311311425068 -5.6570017964136881 1.7897382646528830
v 0.0318510271608829 0.0372468754649162 0.0052755712531507
vn 2.2437469452749195 -2.4558731112886836 3.2079365998965352
v 0.0172314662486315 0.0280918460339308 0.0003734511556104
vn -3.1805990911380477 -0.1168301548032433 3.1388616386268557
v 0.0065998882055283 0.0284960996359587 0.0003808820620179
vn -2.0242803689618505 -4.7643127221128045 2.2555769602262576
v 0.0385137200355530 0.0359113849699497 0.0036396377254277
vn 2.1393953196453759 -4.5960764969024499 2.3139852760177195
v 0.0512624233961105 0.0357043482363224 0.0034360263962299
vn -3.1599723775948450 -0.0288691774872979 3.1413273423636907
v 0.0065998882055283 0.0280918460339308 0.0003734511556104
vn 2.9800578266420885 -2.3604156600572526 2.0573436959405176
v 0.0049999342299998 0.0363855548202991 0.0041475803591311
vn 1.2506717363255755 -5.3593042884794784 2.0135897054578873
v 0.0291743297129869 0.0361917167901993 0.0039262007921934
vn -2.5240348647656696 -3.9711983097323200 2.5668860900187047
v 0.0395042188465595 0.0347964204847813 0.0026667572092265
vn 2.5540965070809181 -3.9372064183952493 2.5418682286803080
v 0.0505171343684196 0.0348191782832146 0.0026705032214522
vn 2.8924385646889856 -3.1125620543310712 2.7943466385166129
v 0.0498915612697601 0.0337290912866592 0.0019293859368190
vn -2.9149332502238385 -3.0139741637336832 2.8348419254116175
v 0.0402054078876972 0.0335213355720043 0.0018201293423772
vn -1.5170186543501933 -4.4435159531811097 2.5834521092029332
v 0.0065998882055283 0.0350971370935440 0.0028925763908774
vn 1.4700449604630001 -4.9177961049263912 2.3818410002745161
v 0.0265341345220804 0.0349184758961201 0.0027444004081190
vn 1.6517951156656379 -4.6958099648978502 -1.8691997536162892
v 0.0049999342299998 0.0350971370935440 0.0028925763908774
vn 3.1475168773566722 -2.0968606823167169 3.0303223507645005
v 0.0494558960199356 0.0324250459671021 0.0012646325631067
vn -3.1925720453486024 -1.8741877579146262 2.5200516874133188
v 0.0065998882055283 0.0346585512161255 0.0025486177764833
vn -3.1933044986684358 -1.7452468385517896 2.6109958803672058
v 0.0065998882055283 0.0342031046748161 0.0022273100912571
vn -3.1583450302213678 -2.0013072406560335 3.0435057549163425
v 0.0405704826116562 0.0323121100664139 0.0012205741368234
vn -3.2361562132879880 -1.5495445355492601 2.7288217991484061
v 0.0065998882055283 0.0337319709360600 0.0019294848898426
vn 1.5124436063337312 4.8151688626106948 2.4570886628074486
v 0.0258563831448555 -0.0345512591302395 0.0024675258900970
vn -1.5167764928054623 4.4421481192785990 2.5847143241604607
v 0.0065998882055283 -0.0350971370935440 0.0028925763908774
vn 1.2784541664833324 5.3250485554336207 2.0536147876862767
v 0.0288290362805128 -0.0360388420522213 0.0037628051359206
vn -3.1920977003576181 1.8751392957372803 2.5193532307827353
v 0.0065998882055283 -0.0346585512161255 0.0025486177764833
vn -3.1859791930815495 0.0696993214052090 3.1400455437352752
v 0.0406994521617889 -0.0280918460339308 0.0003734511556104
vn 3.2303683993509118 0.2782525215052066 3.1261392782486235
v 0.0492993406951427 -0.0290670711547136 0.0004167664737906
vn 3.1859791930815491 0.0696993214052090 3.1400455437352757
v 0.0492993406951427 -0.0280918460339308 0.0003734511556104
vn -2.0496807718047929 4.7226591459656113 2.2649776597413522
v 0.0385722480714321 -0.0358583629131317 0.0035868585109711
vn -1.5182607850287968 5.2763621949162669 2.0162658144598131
v 0.0375429019331932 -0.0366403758525848 0.0044527221471071
vn 1.7667483060055338 5.0392259945479774 2.1662735261035571
v 0.0518889352679253 -0.0362535379827023 0.0040016551502049
vn 2.5216711037470727 2.9659320832217793 2.7138484466880550
v 0.0532078295946121 -0.0370380990207195 0.0049732006154954
vn -3.2303683993509118 0.2782525215052067 3.1261392782486248
v 0.0406994521617889 -0.0290670711547136 0.0004167664737906
vn -0.9730822320195542 5.6263792221448341 1.8408048768639247
v 0.0363422967493534 -0.0372240059077740 0.0052447039633989
vn 3.2303635383305247 0.5543102741776642 3.0891606464196317
v 0.0492993406951427 -0.0300346091389656 0.0005463730194606
vn -3.2303635383305247 0.5543102741776641 3.0891606464196317
v 0.0406994521617889 -0.0300346091389656 0.0005463730194606
vn 2.9803820688470206 2.3604988908065065 2.0572620268973822
v 0.0049999342299998 -0.0363855548202991 0.0041475803591311
vn 1.6510371803459654 4.6948921877657606 -1.8705001328247783
v 0.0049999342299998 -0.0350971370935440 0.0028925763908774
vn -0.5356905897426489 5.8050223114981012 1.7118747972521522
v 0.0353014506399632 -0.0375085435807705 0.0056880423799157
vn 3.2300141021680782 1.0045923667116063 3.0949319956665979
v 0.0492993406951427 -0.0309868585318327 0.0007612482295372
vn -3.1599723775948450 0.0288691774872979 3.1413273423636907
v 0.0065998882055283 -0.0280918460339308 0.0003734511556104
vn -3.1805990911380477 0.1168301548032433 3.1388616386268557
v 0.0065998882055283 -0.0284960996359587 0.0003808820620179
vn 2.2451025922869636 2.4291030371796793 3.2087876721614892
v 0.0172314662486315 -0.0280918460339308 0.0003734511556104
vn 2.2503347485244789 2.7302933775271070 3.8144707344783919
v 0.0514759831130505 -0.0380192175507545 0.0066357688046992
vn -3.1809319495639561 0.2293196534317765 3.1326523860419648
v 0.0065998882055283 -0.0288997944444418 0.0004031634598505
vn -3.2430685714792533 1.0952126363817822 3.1032506018542669
v 0.0406994521617889 -0.0309868585318327 0.0007612482295372
vn -0.1780203456719559 5.9144169260909267 1.5756346720781000
v 0.0344766899943352 -0.0376114323735237 0.0058610141277313
vn -0.0047707254160473 0.7799428039570691 6.2252593710410782
v 0.0099998703226447 -0.0293024089187384 0.0004402646736708
vn 2.1171634242814084 3.0281816202082723 3.1313321538471528
v 0.0190393924713135 -0.0297699626535177 0.0004993306938559
vn 0.1304395470612116 5.9804479864693381 1.4336010089060629
v 0.0336906313896179 -0.0376149415969849 0.0058678877539933
vn -3.2292102873975259 0.4245992155395308 3.1097250930660882
v 0.0065998882055283 -0.0293024089187384 0.0004402646736708
vn 2.2411327415188982 2.9104635807215824 3.4443734797714622
v 0.0503127835690975 -0.0384786725044250 0.0077524301595986
vn 0.4146824607825620 5.8226152454981523 1.6755937408999104
v 0.0331144109368324 -0.0375576205551624 0.0057700569741428
vn 2.9804828489178568 2.6646087251282671 1.6444864186384187
v 0.0049999342299998 -0.0374522358179092 0.0055957734584808
vn 0.6909364397635431 5.7472677315714531 1.7175388705308530
v 0.0324633494019508 -0.0374303236603737 0.0055604199878871
vn 0.9921502621675872 5.6225641614687722 1.7826640956841548
v 0.0318510271608829 -0.0372468754649162 0.0052755712531507
vn 3.1739189573146391 1.7281949311278291 3.0506477044649705
v 0.0493797883391380 -0.0320212058722973 0.0011004966218024
vn -3.1421122146812435 2.1043681892900543 3.0299698013156240
v 0.0405459739267826 -0.0324321985244751 0.0012718765065074
vn 2.9800942132944148 2.8969161801850887 1.1883857940528750
v 0.0049999342299998 -0.0382686406373978 0.0071984366513789
vn 3.0608489164437103 3.0283460635117319 0.8260660263201596
v 0.0049999342299998 -0.0388129651546478 0.0089127244427800
vn 2.2028865541328533 3.0226578922442169 3.1210957199168230
v 0.0491041503846645 -0.0388129651546478 0.0089127244427800
vn 3.0297191468502902 2.5728272802179952 2.8984867812609698
v 0.0496088750660419 -0.0329927913844585 0.0015280421357602
vn 0.0473386871318570 1.4902293077511659 6.0921559671668906
v 0.0107981096953154 -0.0307996198534966 0.0007114937761799
vn 1.9435430401152756 3.6439718990083758 2.9854800252434557
v 0.0209219679236412 -0.0313117615878582 0.0008512052590959
vn 1.7405124378275139 4.2491704112269408 2.7594020724550754
v 0.0233825072646141 -0.0330591537058353 0.0015582467895001
vn 0.0421750931442945 2.2683288993272592 5.8528087691153265
v 0.0109066283330321 -0.0320900715887547 0.0011260084575042
vn 0.4634698237391949 1.8846345809530560 5.9503194287768686
v 0.0109674474224448 -0.0313345231115818 0.0008621723973192
vn 0.4148904305672279 2.0206899303425399 5.9141870546457502
v 0.0109913079068065 -0.0316304378211498 0.0009581908816472
vn -2.8698040704542680 3.1388420686838576 2.7995365823797895
v 0.0401129089295864 -0.0337378196418285 0.0019466656958684
vn 2.7653656132022677 3.4523970818243832 2.6903297044898187
v 0.0501118898391724 -0.0341695286333561 0.0022058251779526
vn 0.0081190727415809 2.7557309546999682 5.6404933615480726
v 0.0105259232223034 -0.0328966714441776 0.0014782338403165
vn -2.4950748105810208 4.0061947764605454 2.5433353794330422
v 0.0394413173198700 -0.0348858460783958 0.0027351465541869
vn 2.3564881457182394 4.2894102936655685 2.4319209852193922
v 0.0508050918579102 -0.0351992100477219 0.0029787491075695
vn 0.0135152703420401 3.1673651165059620 5.4206448721963660
v 0.0099998703226447 -0.0337319709360600 0.0019294848898426
vn -3.1920534270084824 1.7446449529157064 2.6114209262423378
v 0.0065998882055283 -0.0342031046748161 0.0022273100912571
vn -3.2361562132879884 1.5495445355492601 2.7288217991484061
v 0.0065998882055283 -0.0337319709360600 0.0019294848898426
vn 6.2679388199326187 0.3084954507282041 0.0152461588350118
v 0.0492993406951427 -0.0309868585318327 -0.0026265098713338
vn 3.0576138859220237 0.6444368771125815 3.3468779533275428
v 0.0494185388088226 -0.0321256518363953 -0.0026265098713338
vn 3.1311337718966188 0.1809391864539824 3.0282932254758519
v 0.0492993406951427 -0.0309868585318327 -0.0076264441013336
vn 3.0358930742368209 0.7235245738519145 2.9181141999801703
v 0.0494500361382961 -0.0322655290365219 -0.0076264441013336
vn 2.8580471660168758 1.2643806360001244 3.3411041492708207
v 0.0497709512710571 -0.0332150980830193 -0.0026265098713338
vn 2.7845399238432735 1.4103492234319008 2.9232849916575643
v 0.0498939119279385 -0.0334741361439228 -0.0076264441013336
vn 2.5341152977326677 1.8295250158830636 3.3372740355823463
v 0.0503412894904613 -0.0342079624533653 -0.0026265098713338
vn 2.3800773347381408 2.0197591172843272 2.9262970006921729
v 0.0506065748631954 -0.0345464423298836 -0.0076264441013336
vn 2.0998771764782367 2.3152344099647966 3.3353631056230451
v 0.0511048547923565 -0.0350612252950668 -0.0026265098713338
vn 1.8447529526186184 2.5182553550748072 2.9273484849293894
v 0.0515490397810936 -0.0354236625134945 -0.0076264441013336
vn 1.5742802071125950 2.7002670235593111 3.3353606793504924
v 0.0520285516977310 -0.0357378870248795 -0.0026265098713338
vn 1.2080737112662907 2.8783300700633982 2.9263292651809865
v 0.0526696257293224 -0.0360577329993248 -0.0076264441013336
vn 0.9802566321543642 2.9678268481342505 3.3372814542958942
v 0.0530723296105862 -0.0362086221575737 -0.0026265098713338
vn 0.5050680627171223 3.0801998069082499 2.9232682058499657
v 0.0539069175720215 -0.0364139042794704 -0.0076264441013336
vn 0.3437114121888512 3.1062737538709051 3.3411242825068426
v 0.0541909784078598 -0.0364530384540558 -0.0026265098713338
vn -0.2255998863681738 3.1127564556117746 2.9181298146981987
v 0.0551930926740170 -0.0364726670086384 -0.0076264441013336
vn -0.3075722886822551 3.1096145393988555 3.3468781642972800
v 0.0553359799087048 -0.0364605262875557 -0.0026265098713338
vn -0.8411379939141681 3.0161631891997032 2.9845590897270755
v 0.0564576983451843 -0.0362307801842690 -0.0076264441013336
vn -0.8476318858863785 3.0166524290495040 3.2853906237285351
v 0.0564576983451843 -0.0362307801842690 -0.0026265098713338
vn -2.7902291476794270 -1.4385418282334677 3.2195979891887099
v 0.0788062736392021 0.0173510555177927 -0.0026265098713338
vn -2.6718990612194773 -1.6477650292809112 3.2208028334010157
v 0.0773309245705605 0.0199658907949924 -0.0026265098713338
vn -2.6654244642888103 -1.6563317029716595 3.0541076909403939
v 0.0772676244378090 0.0200679991394281 -0.0076264441013336
vn -2.5353629399176336 -1.8512874816851284 3.2177428285492358
v 0.0756537243723869 0.0224560983479023 -0.0026265098713338
vn -2.4850665334170996 -1.9166151233256323 3.0589751476681535
v 0.0750760659575462 0.0232240669429302 -0.0076264441013336
vn -2.3786744909844169 -2.0489496804774672 3.2146291840060384
v 0.0737851560115814 0.0248061083257198 -0.0026265098713338
vn -2.2769410827572267 -2.1598095849713261 3.0601257549435683
v 0.0725769847631454 0.0261426903307438 -0.0076264441013336
vn -1.1750118238978473 2.9110859433730356 3.2186005632744825
v 0.0592823103070259 -0.0352130755782127 -0.0026265098713338
vn -1.2415978230103752 2.8822228342805234 3.0581388029178438
v 0.0600579567253590 -0.0348884277045727 -0.0076264441013336
vn -2.2062628887879177 -2.2334195170824973 3.2163277064193645
v 0.0717369094491005 0.0270012691617012 -0.0026265098713338
vn -2.0452255954813796 -2.3800967934420405 3.0539192948645351
v 0.0697959214448929 0.0287940148264170 -0.0076264441013336
vn -1.4048390016028427 2.8076087744796117 3.2147799884199078
v 0.0620177537202835 -0.0339755602180958 -0.0026265098713338
vn -1.5288093201595709 2.7408134135482269 3.0604608426982960
v 0.0635042786598206 -0.0331893488764763 -0.0076264441013336
vn -2.0214277578575519 -2.4016267344725106 3.2221108095476794
v 0.0695217549800873 0.0290278717875481 -0.0026265098713338
vn -1.6259750135878706 2.6855404112469632 3.2157971654722783
v 0.0646469742059708 -0.0325259380042553 -0.0026265098713338
vn -1.8001820434355997 2.5704633779056367 3.0545881333812051
v 0.0667613521218300 -0.0311509352177382 -0.0076264441013336
vn -1.8354041772808178 -2.5466424663763032 3.2219612693966093
v 0.0671535059809685 0.0308732688426971 -0.0026265098713338
vn -1.8001820434355997 -2.5704633779056367 3.0545881333812046
v 0.0667613521218300 0.0311509352177382 -0.0076264441013336
vn -1.8354041772808178 2.5466424663763032 3.2219612693966093
v 0.0671535059809685 -0.0308732688426971 -0.0026265098713338
vn -2.0452255954813796 2.3800967934420409 3.0539192948645306
v 0.0697959214448929 -0.0287940148264170 -0.0076264441013336
vn -1.6259750135878703 -2.6855404112469632 3.2157971654722783
v 0.0646469742059708 0.0325259380042553 -0.0026265098713338
vn -1.5288093201595709 -2.7408134135482269 3.0604608426982960
v 0.0635042786598206 0.0331893488764763 -0.0076264441013336
vn -2.0214277578575519 2.4016267344725106 3.2221108095476794
v 0.0695217549800873 -0.0290278717875481 -0.0026265098713338
vn -1.4048390016028427 -2.8076087744796121 3.2147799884199078
v 0.0620177537202835 0.0339755602180958 -0.0026265098713338
vn -1.2415978230103752 -2.8822228342805234 3.0581388029178438
v 0.0600579567253590 0.0348884277045727 -0.0076264441013336
vn -2.2062628887879177 2.2334195170824973 3.2163277064193641
v 0.0717369094491005 -0.0270012691617012 -0.0026265098713338
vn -2.2769410827572267 2.1598095849713261 3.0601257549435683
v 0.0725769847631454 -0.0261426903307438 -0.0076264441013336
vn -1.1750118238978473 -2.9110859433730356 3.2186005632744825
v 0.0592823103070259 0.0352130755782127 -0.0026265098713338
vn -0.8411379939141680 -3.0161631891997032 2.9845590897270755
v 0.0564576983451843 0.0362307801842690 -0.0076264441013336
vn -2.3786744909844169 2.0489496804774672 3.2146291840060384
v 0.0737851560115814 -0.0248061083257198 -0.0026265098713338
vn -2.4850665334170996 1.9166151233256323 3.0589751476681535
v 0.0750760659575462 -0.0232240669429302 -0.0076264441013336
vn -0.8476318858863785 -3.0166524290495040 3.2853906237285351
v 0.0564576983451843 0.0362307801842690 -0.0026265098713338
vn -2.5353629399176336 1.8512874816851284 3.2177428285492362
v 0.0756537243723869 -0.0224560983479023 -0.0026265098713338
vn -2.6654244642888103 1.6563317029716598 3.0541076909403939
v 0.0772676244378090 -0.0200679991394281 -0.0076264441013336
vn -2.6718990612194773 1.6477650292809112 3.2208028334010157
v 0.0773309245705605 -0.0199658907949924 -0.0026265098713338
vn -2.7902291476794270 1.4385418282334677 3.2195979891887099
v 0.0788062736392021 -0.0173510555177927 -0.0026265098713338
vn -2.8174805542914259 1.3821503806383102 3.0571349067322018
v 0.0791292712092400 -0.0167067442089319 -0.0076264441013336
vn -2.8967608079479623 1.2103461806935456 3.2150344060880638
v 0.0800705999135971 -0.0146278999745846 -0.0026265098713338
vn -2.9437735373505758 1.0879149441810121 3.0606457204014075
v 0.0806419402360916 -0.0131746688857675 -0.0076264441013336
vn -2.9846769337221088 0.9735331495726689 3.2153480594922370
v 0.0811159685254097 -0.0118134263902903 -0.0026265098713338
vn -3.0391564863960721 0.7821652962597982 3.0559430069812108
v 0.0817902237176895 -0.0095078907907009 -0.0076264441013336
vn -3.0527981036317891 0.7313507492103750 3.2207294084357168
v 0.0819359123706818 -0.0089252097532153 -0.0026265098713338
vn -3.1017349864001651 0.4765714019610924 3.0540398863316756
v 0.0825622975826263 -0.0057439026422799 -0.0076264441013336
vn -3.0993953067070104 0.4978479532641796 3.2212891961927435
v 0.0825252458453178 -0.0059812748804688 -0.0026265098713338
vn -3.1292116092754325 0.2521837817305324 3.2169794959706257
v 0.0828803256154060 -0.0030000021215528 -0.0026265098713338
vn -3.1342483988926073 0.1600416594325745 3.0596486683779571
v 0.0829503238201141 -0.0019211820326746 -0.0076264441013336
vn -3.1394736826726772 0.0000000032366147 3.2146101697502267
v 0.0829989463090897 -0.0000000011013557 -0.0026265098713338
vn -3.1342483942555202 -0.1600417070011857 3.0596486403993248
v 0.0829503238201141 0.0019211800536141 -0.0076264441013336
vn -3.1292116029080099 -0.2521838346317128 3.2169795379144261
v 0.0828803256154060 0.0030000000260770 -0.0026265098713338
vn -3.1017350368104211 -0.4765711798895392 3.0540401278674727
v 0.0825622975826263 0.0057438993826509 -0.0076264441013336
vn -3.0993953578323197 -0.4978477119645973 3.2212890205421223
v 0.0825252458453178 0.0059812720865011 -0.0026265098713338
vn -3.0527981616341013 -0.7313504567691662 3.2207296161640553
v 0.0819359123706818 0.0089252097532153 -0.0026265098713338
vn -3.0391565368149034 -0.7821650540512858 3.0559428662132881
v 0.0817902237176895 0.0095078907907009 -0.0076264441013336
vn -2.9846769337221093 -0.9735331495726689 3.2153480594922370
v 0.0811159685254097 0.0118134263902903 -0.0026265098713338
vn -2.9437735373505762 -1.0879149441810121 3.0606457204014079
v 0.0806419402360916 0.0131746688857675 -0.0076264441013336
vn -2.8967608079479623 -1.2103461806935456 3.2150344060880638
v 0.0800705999135971 0.0146278999745846 -0.0026265098713338
vn -2.8174805542914259 -1.3821503806383102 3.0571349067322018
v 0.0791292712092400 0.0167067442089319 -0.0076264441013336
vn -0.3075722886822551 -3.1096145393988555 3.3468781642972800
v 0.0553359799087048 0.0364605262875557 -0.0026265098713338
vn -0.2255998863681738 -3.1127564556117746 2.9181298146981973
v 0.0551930926740170 0.0364726670086384 -0.0076264441013336
vn 0.3437114121888512 -3.1062737538709051 3.3411242825068426
v 0.0541909784078598 0.0364530384540558 -0.0026265098713338
vn 0.5050680627171223 -3.0801998069082499 2.9232682058499657
v 0.0539069175720215 0.0364139042794704 -0.0076264441013336
vn 0.9802566321543643 -2.9678268481342505 3.3372814542958942
v 0.0530723296105862 0.0362086221575737 -0.0026265098713338
vn 1.2080737112662907 -2.8783300700633982 2.9263292651809860
v 0.0526696257293224 0.0360577329993248 -0.0076264441013336
vn 1.5742802071125950 -2.7002670235593111 3.3353606793504924
v 0.0520285516977310 0.0357378870248795 -0.0026265098713338
vn 1.8447529526186184 -2.5182553550748072 2.9273484849293898
v 0.0515490397810936 0.0354236625134945 -0.0076264441013336
vn 2.0998771764782367 -2.3152344099647966 3.3353631056230451
v 0.0511048547923565 0.0350612252950668 -0.0026265098713338
vn 2.3800773347381408 -2.0197591172843272 2.9262970006921747
v 0.0506065748631954 0.0345464423298836 -0.0076264441013336
vn 2.5341152977326677 -1.8295250158830636 3.3372740355823463
v 0.0503412894904613 0.0342079624533653 -0.0026265098713338
vn 2.7845383488151407 -1.4103534705539222 2.9232877253282172
v 0.0498939119279385 0.0334741361439228 -0.0076264441013336
vn 2.8580456790641957 -1.2643852078183013 3.3411009680460380
v 0.0497709512710571 0.0332150980830193 -0.0026265098713338
vn 3.0358915976367395 -0.7235275934230057 2.9181099981995602
v 0.0494500361382961 0.0322655402123928 -0.0076264441013336
vn 3.0576126333785836 -0.6444396986779233 3.3468818547505714
v 0.0494185388088226 0.0321256630122662 -0.0026265098713338
vn 3.1311339588456137 -0.1809375738831667 3.0282942741137728
v 0.0492993406951427 0.0309868585318327 -0.0076264441013336
vn 6.2674905411023225 -0.3133319878619779 0.0087720691554369
v 0.0492993406951427 0.0309868585318327 -0.0026265098713338
vn 0.8482351562849385 3.0164349322444126 3.2857988752568126
v 0.0335410945117474 -0.0362307801842690 -0.0026265098713338
vn 0.3075722818695805 3.1096145398662269 3.3468781361154631
v 0.0346628129482269 -0.0364605262875557 -0.0026265098713338
vn 0.8387339302470220 3.0170509016469338 2.9853537405807464
v 0.0335410945117474 -0.0362307801842690 -0.0076264441013336
vn 0.2256006992627609 3.1127562674965965 2.9181290297537656
v 0.0348056964576244 -0.0364726670086384 -0.0076264441013336
vn -0.3437127437999901 3.1062734665940677 3.3411254117736817
v 0.0358078144490719 -0.0364530384540558 -0.0026265098713338
vn -0.5050659758068009 3.0802004611517080 2.9232700033829144
v 0.0360918678343296 -0.0364139042794704 -0.0076264441013336
vn -0.9802571487718000 2.9678267960757410 3.3372806936221586
v 0.0369264595210552 -0.0362086221575737 -0.0026265098713338
vn -1.2080733268073487 2.8783296238111191 2.9263258346799690
v 0.0373291671276093 -0.0360577329993248 -0.0076264441013336
vn -1.5742872801223018 2.7002619537277717 3.3353649972541746
v 0.0379702374339104 -0.0357378870248795 -0.0026265098713338
vn -1.8447537631755244 2.5182552516580254 2.9273489684756075
v 0.0384497493505478 -0.0354236625134945 -0.0076264441013336
vn -2.0998742408771607 2.3152405651898760 3.3353450459231517
v 0.0388939231634140 -0.0350612252950668 -0.0026265098713338
vn -2.3800738139299153 2.0197624373319139 2.9262923153152460
v 0.0393922179937363 -0.0345464423298836 -0.0076264441013336
vn -2.5340918930976573 1.8295597301010349 3.3372675020568132
v 0.0396575033664703 -0.0342079624533653 -0.0026265098713338
vn -2.7845396497174706 1.4103499219534763 2.9232906714273810
v 0.0401048809289932 -0.0334741361439228 -0.0076264441013336
vn -2.8580305615156343 1.2644091930395891 3.3411358687185078
v 0.0402278676629066 -0.0332150980830193 -0.0026265098713338
vn -3.0358949116051885 0.7235268048010447 2.9181382998348337
v 0.0405487529933453 -0.0322655290365219 -0.0076264441013336
vn -3.0576147240019038 0.6444069475026655 3.3469183125448336
v 0.0405802838504314 -0.0321256518363953 -0.0026265098713338
vn -3.1311339840194674 0.1809372452664890 3.0282992052532696
v 0.0406994521617889 -0.0309868585318327 -0.0076264441013336
vn -6.2674976785310825 0.3132610762341859 0.0087677004753836
v 0.0406994521617889 -0.0309868585318327 -0.0026265098713338
vn 3.0164291882403367 0.8482591945229381 3.2857902339412051
v 0.0087686227634549 -0.0114583112299442 -0.0026265098713338
vn 2.9096766196175956 1.1783146105430293 3.2190440102247053
v 0.0097980285063386 -0.0143117140978575 -0.0026265098713338
vn 3.0170511413664762 0.8387303926466259 2.9853504528381740
v 0.0087686227634549 -0.0114583112299442 -0.0076264441013336
vn 2.8889941342514849 1.2263542958709577 3.0592566116097526
v 0.0100310593843460 -0.0148720163851976 -0.0076264441013336
vn 2.8057674765808676 1.4083680626152055 3.2147017980493144
v 0.0110517367720604 -0.0170739069581032 -0.0026265098713338
vn 2.7578225125357640 1.4985295877472204 3.0633402041453617
v 0.0116142891347408 -0.0181492939591408 -0.0076264441013336
vn 2.6832517273885448 1.6298398709445974 3.2133341123713164
v 0.0125217773020267 -0.0197273138910532 -0.0026265098713338
vn 2.6011025248766848 1.7565450414564292 3.0633658501743311
v 0.0135038243606687 -0.0212600547820330 -0.0076264441013336
vn 2.5431946745681255 1.8406493294586717 3.2147122558751908
v 0.0141987856477499 -0.0222549997270107 -0.0026265098713338
vn 2.4200341854447145 1.9984143013555142 3.0592385654979868
v 0.0156822558492422 -0.0241757761687040 -0.0076264441013336
vn 2.3869311212666373 2.0389224273680355 3.2190357947484891
v 0.0160720814019442 -0.0246408600360155 -0.0026265098713338
vn 2.2191748077431104 2.2191722610728584 3.0557149760097371
v 0.0181297045201063 -0.0268697105348110 -0.0076264441013336
vn 2.2196763192653615 2.2196665340033910 3.2214377476919696
v 0.0181297045201063 -0.0268697105348110 -0.0026265098713338
vn 2.0389202944425433 2.3869320926882143 3.2190503615226640
v 0.0203585252165794 -0.0289273243397474 -0.0026265098713338
vn 1.9984161293149589 2.4200332250311751 3.0592477827171454
v 0.0208236090838909 -0.0293171294033527 -0.0076264441013336
vn 1.8406430737048880 2.5431992390256193 3.2147094238123515
v 0.0227443948388100 -0.0308006107807159 -0.0026265098713338
vn 1.7565439755092960 2.6011023321812043 3.0633484874696943
v 0.0237393416464329 -0.0314955897629261 -0.0076264441013336
vn 1.6298421598282624 2.6832513817216954 3.2133135332583684
v 0.0252721030265093 -0.0324776172637939 -0.0026265098713338
vn 1.4985302409276358 2.7578223065710104 3.0633407020473995
v 0.0268501117825508 -0.0333851166069508 -0.0076264441013336
vn 1.4083780398289105 2.8057618580275987 3.2147131015326491
v 0.0279254782944918 -0.0339476689696312 -0.0026265098713338
vn 1.2263532629256937 2.8889946753310918 3.0592613890952784
v 0.0301273893564939 -0.0349683463573456 -0.0076264441013336
vn 1.1783109668270009 2.9096777727803129 3.2190513934680380
v 0.0306876804679632 -0.0352013818919659 -0.0026265098713338
vn 0.3133068976422176 -6.2674930344517303 0.0087751777864038
v 0.0140125378966331 -0.0042999461293221 -0.0026265098713338
vn 0.6444255396913051 -3.0576149898266030 3.3468906010072632
v 0.0128737334161997 -0.0044191367924213 -0.0026265098713338
vn 0.1809479940619081 -3.1311327435540477 3.0282901245099358
v 0.0140125378966331 -0.0042999461293221 -0.0076264441013336
vn 0.7235204808417228 -3.0358983896853511 2.9181438615193720
v 0.0127338748425245 -0.0044506508857012 -0.0076264441013336
vn 1.2643769339279474 -2.8580473434251177 3.3411182901468925
v 0.0117842964828014 -0.0047715432010591 -0.0026265098713338
vn 1.4103439045450608 -2.7845390810051658 2.9232729698026301
v 0.0115252705290914 -0.0048945094458759 -0.0076264441013336
vn 1.8295362317538535 -2.5341055510804398 3.3372885803004007
v 0.0107914200052619 -0.0053418907336891 -0.0026265098713338
vn 2.0197721936449882 -2.3800695958669977 2.9263180454784856
v 0.0104529540985823 -0.0056071942672133 -0.0076264441013336
vn 2.3152421605174256 -2.0998687890163694 3.3353687238612855
v 0.0099381646141410 -0.0061054592952132 -0.0026265098713338
vn 2.5182454439278010 -1.8447710447411985 2.9273676603477790
v 0.0095757413655519 -0.0065496498718858 -0.0076264441013336
vn 2.7002708142858101 -1.5742718374652953 3.3353675210933162
v 0.0092615066096187 -0.0070291543379426 -0.0026265098713338
vn 2.8783218252271809 -1.2080855992130433 2.9263105640594698
v 0.0089416559785604 -0.0076702265068889 -0.0076264441013336
vn 2.9678326466114546 -0.9802427731101365 3.3372700236313273
v 0.0087907779961824 -0.0080729378387332 -0.0026265098713338
vn 3.0802014290870425 -0.5050424094829279 2.9232501054402942
v 0.0085854893550277 -0.0089075136929750 -0.0076264441013336
vn 3.1062748616168201 -0.3437288402983393 3.3411066251481856
v 0.0085463672876358 -0.0091915745288134 -0.0026265098713338
vn 3.1127599228687561 0.2256073258603485 2.9181557510302807
v 0.0085267443209887 -0.0101937074214220 -0.0076264441013336
vn 3.1096105265082281 0.3075583023944030 3.3469166177094536
v 0.0085388589650393 -0.0103365760296583 -0.0026265098713338
vn -6.2674978445994771 -0.3132594892476800 0.0087666846518389
v 0.0406994521617889 0.0309868585318327 -0.0026265098713338
vn -3.0576134713356140 -0.6444097694718899 3.3469222137489312
v 0.0405802838504314 0.0321256630122662 -0.0026265098713338
vn -3.1311341709707241 -0.1809356326579458 3.0283002539037405
v 0.0406994521617889 0.0309868585318327 -0.0076264441013336
vn -3.0358934350568654 -0.7235298243230077 2.9181340980410253
v 0.0405487529933453 0.0322655402123928 -0.0076264441013336
vn -2.8580290745532015 -1.2644137649039728 3.3411326874598624
v 0.0402278676629066 0.0332150980830193 -0.0026265098713338
vn -2.7845380746999009 -1.4103541690427552 2.9232934050726334
v 0.0401048809289932 0.0334741361439228 -0.0076264441013336
vn -2.5340918930976573 -1.8295597301010349 3.3372675020568132
v 0.0396575033664703 0.0342079624533653 -0.0026265098713338
vn -2.3800738139299153 -2.0197624373319139 2.9262923153152491
v 0.0393922179937363 0.0345464423298836 -0.0076264441013336
vn -2.0998742408771607 -2.3152405651898764 3.3353450459231517
v 0.0388939231634140 0.0350612252950668 -0.0026265098713338
vn -1.8447537631755244 -2.5182552516580254 2.9273489684756071
v 0.0384497493505478 0.0354236625134945 -0.0076264441013336
vn -1.5742872801223018 -2.7002619537277717 3.3353649972541746
v 0.0379702374339104 0.0357378870248795 -0.0026265098713338
vn -1.2080733268073487 -2.8783296238111191 2.9263258346799681
v 0.0373291671276093 0.0360577329993248 -0.0076264441013336
vn -0.9802571487718000 -2.9678267960757410 3.3372806936221586
v 0.0369264595210552 0.0362086221575737 -0.0026265098713338
vn -0.5050659758068009 -3.0802004611517080 2.9232700033829144
v 0.0360918678343296 0.0364139042794704 -0.0076264441013336
vn -0.3437127437999901 -3.1062734665940677 3.3411254117736817
v 0.0358078144490719 0.0364530384540558 -0.0026265098713338
vn 0.2256006992627609 -3.1127562674965965 2.9181290297537630
v 0.0348056964576244 0.0364726670086384 -0.0076264441013336
vn 0.3075722818695805 -3.1096145398662269 3.3468781361154631
v 0.0346628129482269 0.0364605262875557 -0.0026265098713338
vn 0.8387339302470220 -3.0170509016469338 2.9853537405807442
v 0.0335410945117474 0.0362307801842690 -0.0076264441013336
vn 0.8482351562849385 -3.0164349322444126 3.2857988752568126
v 0.0335410945117474 0.0362307801842690 -0.0026265098713338
vn 3.0164291882403367 -0.8482591945229381 3.2857902339412051
v 0.0087686227634549 0.0114583112299442 -0.0026265098713338
vn 3.1096105265082281 -0.3075583023944030 3.3469166177094536
v 0.0085388589650393 0.0103365760296583 -0.0026265098713338
vn 3.0170511413664762 -0.8387303926466259 2.9853504528381745
v 0.0087686227634549 0.0114583112299442 -0.0076264441013336
vn 3.1127599228687561 -0.2256073258603485 2.9181557510302816
v 0.0085267443209887 0.0101937074214220 -0.0076264441013336
vn 3.1062749170174313 0.3437285834061810 3.3411064665606451
v 0.0085463672876358 0.0091915745288134 -0.0026265098713338
vn 3.0802016341114391 0.5050416864247295 2.9232505577785419
v 0.0085854893550277 0.0089075136929750 -0.0076264441013336
vn 2.9678331592974185 0.9802414858788159 3.3372694534339606
v 0.0087907779961824 0.0080729369074106 -0.0026265098713338
vn 2.8783222018854211 1.2080845504159676 2.9263102026186467
v 0.0089416559785604 0.0076702241785824 -0.0076264441013336
vn 2.7002712256924259 1.5742709330798696 3.3353681140250790
v 0.0092615066096187 0.0070291515439749 -0.0026265098713338
vn 2.5182458161405159 1.8447705556363478 2.9273677172595765
v 0.0095757413655519 0.0065496470779181 -0.0076264441013336
vn 2.3152415681429592 2.0998693221265623 3.3353691004605972
v 0.0099381646141410 0.0061054565012455 -0.0026265098713338
vn 2.0197722864100229 2.3800694231097439 2.9263173788621710
v 0.0104529540985823 0.0056071910075843 -0.0076264441013336
vn 1.8295368948831454 2.5341054241200656 3.3372865397248357
v 0.0107914200052619 0.0053418888710439 -0.0026265098713338
vn 1.4103436163211123 2.7845391334298606 2.9232723183855280
v 0.0115252705290914 0.0048945061862469 -0.0076264441013336
vn 1.2643782413045619 2.8580465767650169 3.3411193828583419
v 0.0117842964828014 0.0047715399414301 -0.0026265098713338
vn 0.7235200523361094 3.0358985675356873 2.9181443904642297
v 0.0127338748425245 0.0044506480917335 -0.0076264441013336
vn 0.6444249906592623 3.0576150291218824 3.3468911656754750
v 0.0128737334161997 0.0044191335327923 -0.0026265098713338
vn 0.1809479037163054 3.1311327538486466 3.0282902490066501
v 0.0140125378966331 0.0042999433353543 -0.0076264441013336
vn 0.3133062657491925 6.2674931005874033 0.0087747733134897
v 0.0140125378966331 0.0042999433353543 -0.0026265098713338
vn 1.1783109668270009 -2.9096777727803129 3.2190513934680380
v 0.0306876804679632 0.0352013818919659 -0.0026265098713338
vn 1.2263532629256937 -2.8889946753310918 3.0592613890952780
v 0.0301273893564939 0.0349683463573456 -0.0076264441013336
vn 1.4083742767428631 -2.8057639283932634 3.2147109210896194
v 0.0279254782944918 0.0339476689696312 -0.0026265098713338
vn 1.4985286494158239 -2.7578232553773416 3.0633435094643975
v 0.0268501117825508 0.0333851166069508 -0.0076264441013336
vn 1.6298417107913181 -2.6832511590525305 3.2133230254545739
v 0.0252721030265093 0.0324776284396648 -0.0026265098713338
vn 1.7565455444199636 -2.6011013613175811 3.0633512433609789
v 0.0237393416464329 0.0314955897629261 -0.0076264441013336
vn 1.8406464763907602 -2.5431969670181194 3.2147073467027201
v 0.0227443948388100 0.0308006107807159 -0.0026265098713338
vn 1.9984161293149589 -2.4200332250311751 3.0592477827171458
v 0.0208236090838909 0.0293171294033527 -0.0076264441013336
vn 2.0389202944425437 -2.3869320926882143 3.2190503615226636
v 0.0203585252165794 0.0289273243397474 -0.0026265098713338
vn 2.2191748077431104 -2.2191722610728579 3.0557149760097362
v 0.0181297045201063 0.0268697105348110 -0.0076264441013336
vn 2.2196763192653615 -2.2196665340033910 3.2214377476919696
v 0.0181297045201063 0.0268697105348110 -0.0026265098713338
vn 2.3869311212666373 -2.0389224273680355 3.2190357947484891
v 0.0160720814019442 0.0246408600360155 -0.0026265098713338
vn 2.4200341854447145 -1.9984143013555142 3.0592385654979837
v 0.0156822558492422 0.0241757761687040 -0.0076264441013336
vn 2.5431946745681255 -1.8406493294586714 3.2147122558751908
v 0.0141987856477499 0.0222549997270107 -0.0026265098713338
vn 2.6011025248766848 -1.7565450414564292 3.0633658501743253
v 0.0135038243606687 0.0212600547820330 -0.0076264441013336
vn 2.6832517273885443 -1.6298398709445974 3.2133341123713164
v 0.0125217773020267 0.0197273138910532 -0.0026265098713338
vn 2.7578225125357640 -1.4985295877472204 3.0633402041453595
v 0.0116142891347408 0.0181492939591408 -0.0076264441013336
vn 2.8057674765808676 -1.4083680626152055 3.2147017980493144
v 0.0110517367720604 0.0170739069581032 -0.0026265098713338
vn 2.8889941342514849 -1.2263542958709577 3.0592566116097526
v 0.0100310593843460 0.0148720163851976 -0.0076264441013336
vn 2.9096766196175956 -1.1783146105430293 3.2190440102247053
v 0.0097980285063386 0.0143117140978575 -0.0026265098713338
vn -2.9489333832078861 -1.0740545164531150 3.2251515744043884
v 0.0821320414543152 0.0134676648303866 0.0003734511556104
vn 2.8689005098620397 1.2727592805068753 3.0561564755223354
v 0.0841939672827721 0.0180450454354286 0.0003734511556104
vn -2.8314717835749930 -1.3537448608751164 3.2249321636953572
v 0.0806121006608009 0.0170864686369896 0.0003734511556104
vn 2.9771315726708258 0.9939924169025394 3.0640938397177964
v 0.0856840014457703 0.0141970952972770 0.0003734511556104
vn 1.4465947096070750 -2.9216010010916618 3.0866473531517915
v 0.0613785944879055 -0.0408756174147129 0.0003734511556104
vn 1.5314603580533968 -2.7398809185981170 3.0678268732631642
v 0.0650715380907059 -0.0390346050262451 0.0003734511556104
vn -1.2937480890421331 2.8845024931653414 3.2023841553348102
v 0.0613785944879055 -0.0359434522688389 0.0003734511556104
vn 2.7420875344199152 1.5264458535267953 3.0515566301181889
v 0.0823554247617722 0.0217391680926085 0.0003734511556104
vn -2.6815723397574707 -1.6313418150437786 3.2177019526224595
v 0.0787404775619507 0.0205365438014269 0.0003734511556104
vn -1.5778733357847088 2.7133603590460238 3.2179917566724745
v 0.0648650154471397 -0.0341404080390930 0.0003734511556104
vn -1.2963602247317330 -2.8815970727456293 3.2024335039144884
v 0.0613785944879055 0.0359434522688389 0.0003734511556104
vn 1.5324173296373904 2.7392605137034645 3.0634577891439734
v 0.0650715380907059 0.0390346050262451 0.0003734511556104
vn 1.4062384556103631 2.8955273612328840 3.0884774170670060
v 0.0613785944879055 0.0408756174147129 0.0003734511556104
vn 1.7767851567383688 -2.5872388797363337 3.0590080785413400
v 0.0685788691043854 -0.0368608422577381 0.0003734511556104
vn -1.5778733357847086 -2.7133603590460238 3.2179917566724749
v 0.0648650154471397 0.0341404080390930 0.0003734511556104
vn -1.8405952816263693 2.5425040769237772 3.2176763624567339
v 0.0681552663445473 -0.0320002622902393 0.0003734511556104
vn 2.5911052616006609 1.7708765059424079 3.0558008628346878
v 0.0801840126514435 0.0252479817718267 0.0003734511556104
vn -2.5055267600279927 -1.8905996520152288 3.2179222933809051
v 0.0765357315540314 0.0237838402390480 0.0003734511556104
vn 2.0077414086390966 -2.4121287641538176 3.0528973540832727
v 0.0718708187341690 -0.0343728512525558 0.0003734511556104
vn -2.0862405351222240 2.3446825190461080 3.2246593027840462
v 0.0712168365716934 -0.0295441355556250 0.0003734511556104
vn -1.8405952816263695 -2.5425040769237772 3.2176763624567344
v 0.0681552663445473 0.0320002622902393 0.0003734511556104
vn 1.7752321861678650 2.5882493988849231 3.0578258602980397
v 0.0685788691043854 0.0368608422577381 0.0003734511556104
vn 2.2177371266998875 -2.2206442276116793 3.0546361325301916
v 0.0749192386865616 -0.0315918587148190 0.0003734511556104
vn 2.4149641716510573 2.0045907848487827 3.0585181555433842
v 0.0776982009410858 0.0285415798425674 0.0003734511556104
vn -2.3030460710251828 -2.1320849526837122 3.2251492893416018
v 0.0740195661783218 0.0267962832003832 0.0003734511556104
vn -2.3030460710251828 2.1320849526837122 3.2251492893416014
v 0.0740195661783218 -0.0267962832003832 0.0003734511556104
vn 2.4153235813055289 -2.0041518221867327 3.0585445084022327
v 0.0776982009410858 -0.0285415798425674 0.0003734511556104
vn -2.0862405351222240 -2.3446825190461085 3.2246593027840462
v 0.0712168365716934 0.0295441355556250 0.0003734511556104
vn 2.0053845162814108 2.4143324652336942 3.0590174648401591
v 0.0718708187341690 0.0343728512525558 0.0003734511556104
vn -2.5055267600279922 1.8905996520152291 3.2179222933809046
v 0.0765357315540314 -0.0237838402390480 0.0003734511556104
vn 2.5908872554844162 -1.7711688786033366 3.0550029188466037
v 0.0801840126514435 -0.0252479817718267 0.0003734511556104
vn 2.2205974027852808 2.2179998676715664 3.0591878318235244
v 0.0749192386865616 0.0315918698906898 0.0003734511556104
vn -2.6815723397574711 1.6313418150437784 3.2177019526224595
v 0.0787404775619507 -0.0205365438014269 0.0003734511556104
vn 2.7420875344199152 -1.5264458535267953 3.0515566301181889
v 0.0823554247617722 -0.0217391680926085 0.0003734511556104
vn -2.8314717835749930 1.3537448608751164 3.2249321636953572
v 0.0806121006608009 -0.0170864686369896 0.0003734511556104
vn 2.8688581930334225 -1.2728670817371270 3.0563201998191336
v 0.0841939672827721 -0.0180450454354286 0.0003734511556104
vn -2.9489333832078861 1.0740545164531150 3.2251515744043884
v 0.0821320414543152 -0.0134676648303866 0.0003734511556104
vn 2.9771926614985471 -0.9938167613433653 3.0641478119674379
v 0.0856840014457703 -0.0141970952972770 0.0003734511556104
vn -3.0421738507029321 0.7728073448336792 3.2178619858885984
v 0.0832853466272354 -0.0097158914431930 0.0003734511556104
vn 3.0558096947443047 -0.7153140371312650 3.0541540855354197
v 0.0868127271533012 -0.0102281169965863 0.0003734511556104
vn -3.1040800149940986 0.4655851291427905 3.2177727687487776
v 0.0840605720877647 -0.0058681787922978 0.0003734511556104
vn 3.1082208161411433 -0.4332522048148495 3.0500302408511208
v 0.0875706598162651 -0.0061719571240246 0.0003734511556104
vn -3.1347775955403985 0.1515390040315243 3.2251398249152925
v 0.0844501182436943 -0.0019625194836408 0.0003734511556104
vn 3.1349197012107464 -0.1447169112070152 3.0496481477963830
v 0.0879512056708336 -0.0020631821826100 0.0003734511556104
vn 3.1349196965140451 0.1447169619895284 3.0496481195111200
v 0.0879512056708336 0.0020631800871342 0.0003734511556104
vn -3.1347775900970536 -0.1515390616033693 3.2251398860674683
v 0.0844501182436943 0.0019625176209956 0.0003734511556104
vn 3.1082208583756858 0.4332520103393862 3.0500304590489056
v 0.0875706598162651 0.0061719533987343 0.0003734511556104
vn -3.1040800403454818 -0.4655850256301380 3.2177726560878073
v 0.0840605720877647 0.0058681755326688 0.0003734511556104
vn 3.0558240673795911 0.7152627499647013 3.0542065815509045
v 0.0868127271533012 0.0102281169965863 0.0003734511556104
vn -3.0421739259621354 -0.7728069860351102 3.2178623656714103
v 0.0832853466272354 0.0097158914431930 0.0003734511556104
vn 2.3334657901984883 5.0979765178586547 -1.9334068589617162
v 0.0045999144203961 -0.0504771359264851 0.0573124140501022
vn 2.3334588084673022 5.4125465866883191 -0.6572060693667139
v 0.0045999144203961 -0.0506300218403339 0.0566921420395374
vn -3.3832451456842865 2.9160247437969309 -1.1059013189835791
v 0.0010999597143382 -0.0504771359264851 0.0573124140501022
vn -3.3832575697448704 3.0959466849644262 -0.3759221797762053
v 0.0010999597143382 -0.0506300218403339 0.0566921420395374
vn 2.3334529835556053 5.4125499930620755 0.6572048330036473
v 0.0045999144203961 -0.0506300218403339 0.0560533106327057
vn -3.3832504857409127 0.0000021920911070 3.1186875007659225
v 0.0010999597143382 -0.0479993745684624 0.0537227615714073
vn 2.3334860272812263 0.0000215403030365 5.4522708695394089
v 0.0045999144203961 -0.0479993745684624 0.0537227615714073
vn -3.3832554707475726 -0.7463464523794769 3.0280642023087783
v 0.0010999597143382 -0.0473651960492134 0.0537997633218765
vn -3.3832547786546683 3.0959477341911983 0.3759179229425196
v 0.0010999597143382 -0.0506300218403339 0.0560533106327057
vn 2.3334673458238475 5.0979782588771894 1.9334166369547816
v 0.0045999144203961 -0.0504771359264851 0.0554330311715603
vn 2.3334535412235384 -1.3048337784196806 5.2938675394417878
v 0.0045999144203961 -0.0473651960492134 0.0537997633218765
vn -3.3832636291250040 -1.4493378151986032 2.7614518106683565
v 0.0010999597143382 -0.0467678718268871 0.0540262982249260
vn -3.3832560667446345 2.9160198582691281 1.1059083698930017
v 0.0010999597143382 -0.0504771359264851 0.0554330311715603
vn 2.3334562249990345 -2.5338305162882042 4.8277679988642692
v 0.0045999144203961 -0.0467678718268871 0.0540262982249260
vn -3.3832447136850208 -2.0680850127330892 2.3343613524981279
v 0.0010999597143382 -0.0462421216070652 0.0543892048299313
vn 2.3334719143395981 4.4871280607264890 3.0972788463259873
v 0.0045999144203961 -0.0501802563667297 0.0548673793673515
vn -3.3832581058415778 2.5666179782394885 1.7716305715469816
v 0.0010999597143382 -0.0501802563667297 0.0548673793673515
vn 2.3334757685285066 -3.6155420725333540 4.0810754889933625
v 0.0045999144203961 -0.0462421216070652 0.0543892048299313
vn -3.3832390492670474 -2.5666195327204493 1.7716346709764546
v 0.0010999597143382 -0.0458184964954853 0.0548673793673515
vn 2.3334675060003782 3.6155477882486369 4.0810682142435430
v 0.0045999144203961 -0.0497566238045692 0.0543892048299313
vn -3.3832293587094169 2.0680844843683932 2.3343657044412933
v 0.0010999597143382 -0.0497566238045692 0.0543892048299313
vn 2.3334667792673569 -4.4871224665585547 3.0972747822671143
v 0.0045999144203961 -0.0458184964954853 0.0548673793673515
vn -3.3832777174131108 -2.9160165763407706 1.1059054627954228
v 0.0010999597143382 -0.0455216094851494 0.0554330311715603
vn 2.3334596743726110 2.5338270006075181 4.8277763968968896
v 0.0045999144203961 -0.0492308810353279 0.0540262982249260
vn -3.3832764578179466 1.4493372689198523 2.7614493540073175
v 0.0010999597143382 -0.0492308810353279 0.0540262982249260
vn 2.3334433127933041 1.3048031087885832 5.2938785339693544
v 0.0045999144203961 -0.0486335456371307 0.0537997633218765
vn -3.3832478616008617 0.7463395334461658 3.0280673914632072
v 0.0010999597143382 -0.0486335456371307 0.0537997633218765
vn 2.3334637307389370 -5.0979962949417317 1.9334173280311546
v 0.0045999144203961 -0.0455216094851494 0.0554330311715603
vn -3.3832434549093300 -3.0959519908922433 0.3759006524922790
v 0.0010999597143382 -0.0453687310218811 0.0560533106327057
vn 2.3334462559721705 -5.4125523658834975 0.6571761415086947
v 0.0045999144203961 -0.0453687310218811 0.0560533106327057
vn -3.3832462458790937 -3.0959509417589475 -0.3759049091541578
v 0.0010999597143382 -0.0453687310218811 0.0566921420395374
vn 2.3334507445377159 -5.4125498015176090 -0.6571795043543831
v 0.0045999144203961 -0.0453687310218811 0.0566921420395374
vn -3.3832667963572995 -2.9160214621634322 -1.1058984116142787
v 0.0010999597143382 -0.0455216094851494 0.0573124140501022
vn 2.3334563877553309 -5.0979973157613800 -1.9334136076982431
v 0.0045999144203961 -0.0455216094851494 0.0573124140501022
vn -3.3832471793530958 -2.5666254676764066 -1.7716233631334319
v 0.0010999597143382 -0.0458184964954853 0.0578780770301819
vn 2.3334627038499418 -4.4871432882526321 -3.0972588242860470
v 0.0045999144203961 -0.0458184964954853 0.0578780770301819
vn -3.3832447136850212 -2.0680850127330888 -2.3343613524981279
v 0.0010999597143382 -0.0462421216070652 0.0583562515676022
vn 2.3334803564525410 -3.6155515534962754 -4.0810620797580555
v 0.0045999144203961 -0.0462421216070652 0.0583562515676022
vn -3.3832581767270127 -1.4493458232380401 -2.7614487735985609
v 0.0010999597143382 -0.0467678718268871 0.0587191581726074
vn 2.3334646821057450 -2.5338334013037827 -4.8277550888013119
v 0.0045999144203961 -0.0467678718268871 0.0587191581726074
vn -3.3832667120042395 -0.7463454335943748 -3.0280622612465837
v 0.0010999597143382 -0.0473651960492134 0.0589456968009472
vn 2.3334491315696293 -1.3048116075777165 -5.2938834651245781
v 0.0045999144203961 -0.0473651960492134 0.0589456968009472
vn -3.3832389079575274 0.0000021919896771 -3.1186896928063153
v 0.0010999597143382 -0.0479993745684624 0.0590226948261261
vn 2.3334436304910424 -0.0000008180810344 -5.4523020517184015
v 0.0045999144203961 -0.0479993745684624 0.0590226948261261
vn 2.3334528044238052 1.3048013356547852 -5.2938777305202827
v 0.0045999144203961 -0.0486335456371307 0.0589456968009472
vn -3.3832591028472057 0.7463385144663258 -3.0280654505184117
v 0.0010999597143382 -0.0486335456371307 0.0589456968009472
vn 2.3334486803142300 2.5338606088953544 -4.8277653160392786
v 0.0045999144203961 -0.0492308810353279 0.0587191581726074
vn -3.3832710054963124 1.4493452768659822 -2.7614463170297308
v 0.0010999597143382 -0.0492308810353279 0.0587191581726074
vn 2.3334583450700466 3.6155385773913671 -4.0810863776584227
v 0.0045999144203961 -0.0497566238045692 0.0583562515676022
vn -3.3832293587094169 2.0680844843683932 -2.3343657044412933
v 0.0010999597143382 -0.0497566238045692 0.0583562515676022
vn 2.3334770266897058 4.4871429457976353 -3.0972582693091750
v 0.0045999144203961 -0.0501802563667297 0.0578780770301819
vn -3.3832662358117247 2.5666239129940629 -1.7716192638038728
v 0.0010999597143382 -0.0501802563667297 0.0578780770301819
vn 2.3334585639521244 5.0979993019751291 -1.9334033547178402
v 0.0045999144203961 0.0455216094851494 0.0573124140501022
vn 2.3334484116071419 5.4125512714125001 -0.6571832174512798
v 0.0045999144203961 0.0453687310218811 0.0566921420395374
vn -3.3832667963573000 2.9160214621634317 -1.1058984116142789
v 0.0010999597143382 0.0455216094851494 0.0573124140501022
vn -3.3832462458790937 3.0959509417589475 -0.3759049091541578
v 0.0010999597143382 0.0453687310218811 0.0566921420395374
vn 2.3334481714449695 5.4125511590070889 0.6571730928447274
v 0.0045999144203961 0.0453687310218811 0.0560533106327057
vn -3.3832504857409127 -0.0000021920911070 3.1186875007659225
v 0.0010999597143382 0.0479993745684624 0.0537227615714073
vn 2.3334850327670140 0.0000151779688488 5.4522716823992070
v 0.0045999144203961 0.0479993745684624 0.0537227615714073
vn -3.3832478616008617 -0.7463395334461658 3.0280673914632072
v 0.0010999597143382 0.0486335456371307 0.0537997633218765
vn -3.3832434549093300 3.0959519908922433 0.3759006524922790
v 0.0010999597143382 0.0453687310218811 0.0560533106327057
vn 2.3334606110952274 5.0979949718070250 1.9334280069582643
v 0.0045999144203961 0.0455216094851494 0.0554330311715603
vn 2.3334575753933344 -1.3048136907797412 5.2938639198359487
v 0.0045999144203961 0.0486335456371307 0.0537997633218765
vn -3.3832764578179466 -1.4493372689198523 2.7614493540073175
v 0.0010999597143382 0.0492308810353279 0.0540262982249260
vn -3.3832777174131108 2.9160165763407706 1.1059054627954228
v 0.0010999597143382 0.0455216094851494 0.0554330311715603
vn 2.3334513499083860 -2.5338480481371857 4.8277730338581852
v 0.0045999144203961 0.0492308810353279 0.0540262982249260
vn -3.3832293587094169 -2.0680844843683932 2.3343657044412933
v 0.0010999597143382 0.0497566238045692 0.0543892048299313
vn 2.3334587230514665 4.4871296062276427 3.0972760299448208
v 0.0045999144203961 0.0458184964954853 0.0548673793673515
vn -3.3832390492670474 2.5666195327204497 1.7716346709764546
v 0.0010999597143382 0.0458184964954853 0.0548673793673515
vn 2.3334583450700466 -3.6155385773913671 4.0810863776584219
v 0.0045999144203961 0.0497566238045692 0.0543892048299313
vn -3.3832581058415778 -2.5666179782394885 1.7716305715469816
v 0.0010999597143382 0.0501802563667297 0.0548673793673515
vn 2.3334803564525410 3.6155515534962754 4.0810620797580555
v 0.0045999144203961 0.0462421216070652 0.0543892048299313
vn -3.3832447136850208 2.0680850127330892 2.3343613524981279
v 0.0010999597143382 0.0462421216070652 0.0543892048299313
vn 2.3334735718620880 -4.4871284610413493 3.0972758815933830
v 0.0045999144203961 0.0501802563667297 0.0548673793673515
vn -3.3832560667446345 -2.9160198582691286 1.1059083698930015
v 0.0010999597143382 0.0504771359264851 0.0554330311715603
vn 2.3334669990887393 2.5338205047475859 4.8277633085052223
v 0.0045999144203961 0.0467678718268871 0.0540262982249260
vn -3.3832636291250040 1.4493378151986032 2.7614518106683565
v 0.0010999597143382 0.0467678718268871 0.0540262982249260
vn 2.3334440019943332 1.3048124707573978 5.2938808211642270
v 0.0045999144203961 0.0473651960492134 0.0537997633218765
vn -3.3832554707475726 0.7463464523794769 3.0280642023087783
v 0.0010999597143382 0.0473651960492134 0.0537997633218765
vn 2.3334709570472243 -5.0979735113291405 1.9334208318232553
v 0.0045999144203961 0.0504771359264851 0.0554330311715603
vn -3.3832547786546683 -3.0959477341911983 0.3759179229425196
v 0.0010999597143382 0.0506300218403339 0.0560533106327057
vn 2.3334566527382732 -5.4125476812680837 0.6571989931439538
v 0.0045999144203961 0.0506300218403339 0.0560533106327057
vn -3.3832575697448704 -3.0959466849644262 -0.3759221797762053
v 0.0010999597143382 0.0506300218403339 0.0566921420395374
vn 2.3334555567568591 -5.4125486354399852 -0.6572112447896320
v 0.0045999144203961 0.0506300218403339 0.0566921420395374
vn -3.3832451456842865 -2.9160247437969313 -1.1059013189835794
v 0.0010999597143382 0.0504771359264851 0.0573124140501022
vn 2.3334631222953650 -5.0979806023420329 -1.9334022382588956
v 0.0045999144203961 0.0504771359264851 0.0573124140501022
vn -3.3832662358117247 -2.5666239129940629 -1.7716192638038730
v 0.0010999597143382 0.0501802563667297 0.0578780770301819
vn 2.3334758950439793 -4.4871417424557869 -3.0972616408139348
v 0.0045999144203961 0.0501802563667297 0.0578780770301819
vn -3.3832293587094169 -2.0680844843683932 -2.3343657044412933
v 0.0010999597143382 0.0497566238045692 0.0583562515676022
vn 2.3334675060003782 -3.6155477882486369 -4.0810682142435439
v 0.0045999144203961 0.0497566238045692 0.0583562515676022
vn -3.3832710054963124 -1.4493452768659822 -2.7614463170297308
v 0.0010999597143382 0.0492308810353279 0.0587191581726074
vn 2.3334573573898982 -2.5338398970399263 -4.8277681774557575
v 0.0045999144203961 0.0492308810353279 0.0587191581726074
vn -3.3832591028472061 -0.7463385144663259 -3.0280654505184117
v 0.0010999597143382 0.0486335456371307 0.0589456968009472
vn 2.3334484423053068 -1.3048022452165766 -5.2938811781875073
v 0.0045999144203961 0.0486335456371307 0.0589456968009472
vn -3.3832389079575274 -0.0000021919896771 -3.1186896928063153
v 0.0010999597143382 0.0479993745684624 0.0590226948261261
vn 2.3334446249490814 -0.0000071801719738 -5.4523012389299517
v 0.0045999144203961 0.0479993745684624 0.0590226948261261
vn 2.3334487703842823 1.3048214238829097 -5.2938813496656794
v 0.0045999144203961 0.0473651960492134 0.0589456968009472
vn -3.3832667120042395 0.7463454335943747 -3.0280622612465837
v 0.0010999597143382 0.0473651960492134 0.0589456968009472
vn 2.3334535553654634 2.5338430771510292 -4.8277602808838918
v 0.0045999144203961 0.0467678718268871 0.0587191581726074
vn -3.3832581767270122 1.4493458232380401 -2.7614487735985609
v 0.0010999597143382 0.0467678718268871 0.0587191581726074
vn 2.3334757685285066 3.6155420725333540 -4.0810754889933625
v 0.0045999144203961 0.0462421216070652 0.0583562515676022
vn -3.3832447136850212 2.0680850127330892 -2.3343613524981279
v 0.0010999597143382 0.0462421216070652 0.0583562515676022
vn 2.3334702342022955 4.4871369516350583 -3.0972571698997613
v 0.0045999144203961 0.0458184964954853 0.0578780770301819
vn -3.3832471793530954 2.5666254676764062 -1.7716233631334317
v 0.0010999597143382 0.0458184964954853 0.0578780770301819
vn 0.0840766613689408 6.0890522717706261 1.5328290326811791
v 0.0049999342299998 -0.0404195040464401 0.0159126333892345
vn 2.2185269260542970 3.0663365708713459 2.9454234383153386
v 0.0150808542966843 -0.0463092401623726 0.0415750890970230
vn 3.2255448745713462 -3.1124237744735859 -0.4108585521734111
v 0.0049999342299998 -0.0544407330453396 0.0555021576583385
vn 3.1751661815041179 -3.0877115476888721 -0.5769409135913002
v 0.0049999342299998 -0.0543677732348442 0.0550717934966087
vn 3.0425283672959500 -3.1032453848340324 -0.4569443540358484
v 0.0079998951405287 -0.0543677732348442 0.0550717934966087
vn 3.2352327880999718 -3.1317737870682612 -0.2158911000524375
v 0.0049999342299998 -0.0544846318662167 0.0559364631772041
vn 2.9028222604618059 -3.1155860619669991 0.1488476720522841
v 0.0079998951405287 -0.0544943138957024 0.0566269941627979
vn 0.0438477727251557 -6.2541595653939703 0.3608646591834896
v 0.0049999342299998 -0.0544992908835411 0.0563727281987667
vn 2.8936706889479753 -3.0001680575189908 0.8487551165203057
v 0.0079998951405287 -0.0542465746402740 0.0581675432622433
vn 2.9074776277747012 -2.7062956801477744 1.5514045328722146
v 0.0079998951405287 -0.0536388345062733 0.0596046634018421
vn 2.9065020915126940 -2.2585159054943778 2.1516229364679522
v 0.0079998951405287 -0.0527061074972153 0.0608555413782597
vn 2.9054881576869747 -1.6806055724282261 2.6278140546353388
v 0.0079998951405287 -0.0515021421015263 0.0618480853736401
vn 2.9044059884503386 -1.0058712619994217 2.9525380937440282
v 0.0079998951405287 -0.0500963181257248 0.0625251084566116
vn 2.9033164226020913 -0.2732250960675324 3.1070951943822021
v 0.0079998951405287 -0.0485696569085121 0.0628475695848465
vn 2.9021297416483942 0.4751092382243424 3.0825824544871221
v 0.0079998951405287 -0.0470101386308670 0.0627969279885292
vn 2.9009447533509380 1.1960309042100243 2.8804369054568140
v 0.0079998951405287 -0.0455076284706593 0.0623760707676411
vn 2.9009787726916447 1.8473314273090209 2.5129262592669406
v 0.0079998951405287 -0.0441487058997154 0.0616092495620251
vn 2.9021909032155819 2.3930567140296550 2.0003411097552704
v 0.0079998951405287 -0.0430116839706898 0.0605406723916531
vn 2.9033272927122766 2.8009214610307853 1.3724136498901200
v 0.0079998951405287 -0.0421620793640614 0.0592319183051586
vn 2.9044679423948780 3.0473912641879108 0.6653662204735971
v 0.0079998951405287 -0.0416488796472549 0.0577583909034729
vn 2.9055158208125071 3.1182429299007497 -0.0800680034978321
v 0.0079998951405287 -0.0415016189217567 0.0562050119042397
vn 2.9065463002933178 3.0093948663464962 -0.8209420751029372
v 0.0079998951405287 -0.0417288169264793 0.0546612888574600
vn 2.9075071056783170 2.7270992864489747 -1.5145407618866755
v 0.0079998951405287 -0.0423173606395721 0.0532161965966225
vn 3.0068075191903181 2.4033835932958216 -2.0120500188365069
v 0.0079998951405287 -0.0432333461940289 0.0519530139863491
vn 3.1710031756142074 2.3077164261107379 -2.1342653232248638
v 0.0079999864101410 -0.0433895066380501 0.0517904162406921
vn 2.7761406771766417 3.1571743861157273 0.7509083538199389
v 0.0086799710988998 0.0529696606099606 0.0482436567544937
vn 2.5732446447200772 3.3684460423890674 1.0714453108933228
v 0.0092179896309972 0.0527720712125301 0.0473827533423901
vn 3.1464422662020786 3.0634929453590449 -0.6961092397740760
v 0.0049999342299998 0.0529696606099606 0.0482436642050743
vn 2.3078333483019788 3.1252008144037386 1.4260897785640245
v 0.0098642818629742 0.0525946393609047 0.0466095916926861
vn 2.2002809276052244 3.0789075747676709 1.5394731014665402
v 0.0105825932696462 0.0524302683770657 0.0458934344351292
vn 3.2022978503636197 3.0378466415222722 -0.7949857053124124
v 0.0049999342299998 0.0416241213679314 -0.0011904855491593
vn 2.1756522800659002 3.0619848793935698 1.5635554472607309
v 0.0460977517068386 0.0446052886545658 0.0117988660931587
vn 2.1279632945741760 3.1117656687186028 1.6070450236499749
v 0.0555614084005356 0.0425201877951622 0.0027137687429786
vn 1.8991174735063465 3.2101751681151547 1.7886814135122389
v 0.0568691901862621 0.0422601029276848 0.0015805434668437
vn 1.1296497218567405 5.9445442027501745 -0.8266662785892558
v 0.0595807023346424 0.0416241213679314 -0.0011904855491593
vn 1.5052422807150261 3.2032993102076914 2.0458409221134159
v 0.0576170422136784 0.0421518720686436 0.0011090105399489
vn 1.2300985822263195 3.2006083780026664 2.1393156251912560
v 0.0583805814385414 0.0420736409723759 0.0007680536364205
vn 3.0425283672959500 3.1032453848340320 -0.4569443540358484
v 0.0079998951405287 0.0543677732348442 0.0550717934966087
vn 3.1405955934427099 3.1168323088110337 -0.5805435820303793
v 0.0079998951405287 0.0537306703627110 0.0519530139863491
vn 3.1751661815041183 3.0877115476888717 -0.5769409135913002
v 0.0049999342299998 0.0543677732348442 0.0550717934966087
vn 3.1455851292555344 3.0767556469042407 -0.6349327944076204
v 0.0049999342299998 0.0530258305370808 0.0485026687383652
vn 3.1067025566606641 3.2097398107130934 -0.2106929401061148
v 0.0080869607627392 0.0533722564578056 0.0501984655857086
vn 3.0314464307603672 3.1745777954810857 0.1736216317231987
v 0.0082699721679091 0.0531903691589832 0.0493081100285053
vn 2.9005778511440807 3.1717736263104026 0.5148768911275081
v 0.0085558872669935 0.0530258417129517 0.0485026575624943
vn 3.2038177446246197 -2.4699168517920613 -2.2024098602794595
v 0.0079999864101410 0.0433895066380501 0.0517904162406921
vn 3.0067166635777469 -2.4165002800207795 -2.0061376431360185
v 0.0079998951405287 0.0432333461940289 0.0519530139863491
vn 2.9075071056783170 -2.7270992864489743 -1.5145407618866753
v 0.0079998951405287 0.0423173606395721 0.0532161965966225
vn 2.9065463002933178 -3.0093948663464962 -0.8209420751029372
v 0.0079998951405287 0.0417288169264793 0.0546612888574600
vn 2.9055158208125071 -3.1182429299007492 -0.0800680034978321
v 0.0079998951405287 0.0415016189217567 0.0562050119042397
vn 2.9044679423948780 -3.0473912641879104 0.6653662204735971
v 0.0079998951405287 0.0416488796472549 0.0577583909034729
vn 2.9033272927122762 -2.8009214610307853 1.3724136498901200
v 0.0079998951405287 0.0421620793640614 0.0592319183051586
vn 2.9021909032155819 -2.3930567140296550 2.0003411097552704
v 0.0079998951405287 0.0430116839706898 0.0605406723916531
vn 2.9009787726916443 -1.8473314273090209 2.5129262592669406
v 0.0079998951405287 0.0441487058997154 0.0616092495620251
vn 2.9009447533509380 -1.1960309042100243 2.8804369054568140
v 0.0079998951405287 0.0455076284706593 0.0623760707676411
vn 2.9021297416483942 -0.4751092382243424 3.0825824544871221
v 0.0079998951405287 0.0470101386308670 0.0627969279885292
vn 2.9033164226020922 0.2732250960675324 3.1070951943822021
v 0.0079998951405287 0.0485696569085121 0.0628475695848465
vn 2.9044059884503381 1.0058712619994217 2.9525380937440282
v 0.0079998951405287 0.0500963181257248 0.0625251084566116
vn 2.9054881576869755 1.6806055724282261 2.6278140546353388
v 0.0079998951405287 0.0515021421015263 0.0618480853736401
vn 2.9065020915126936 2.2585159054943778 2.1516229364679522
v 0.0079998951405287 0.0527061074972153 0.0608555413782597
vn 2.9074776277747016 2.7062956801477744 1.5514045328722146
v 0.0079998951405287 0.0536388345062733 0.0596046634018421
vn 2.8936706889479753 3.0001680575189908 0.8487551165203057
v 0.0079998951405287 0.0542465746402740 0.0581675432622433
vn 2.9028222604618050 3.1155860619669991 0.1488476720522841
v 0.0079998951405287 0.0544943138957024 0.0566269941627979
vn 3.2352327880999718 3.1317737870682612 -0.2158911000524375
v 0.0049999342299998 0.0544846318662167 0.0559364631772041
vn 3.2255448745713462 3.1124237744735859 -0.4108585521734111
v 0.0049999342299998 0.0544407330453396 0.0555021576583385
vn 0.0840766613689408 -6.0890522717706261 1.5328290326811793
v 0.0049999342299998 0.0404195040464401 0.0159126333892345
vn 2.2025264726819032 -3.0649632173779104 2.9542533774035982
v 0.0150808542966843 0.0463092401623726 0.0415750890970230
vn 2.9205785511868578 -3.2111894276210768 0.4556536534971669
v 0.0085558872669935 -0.0530258417129517 0.0485026575624943
vn 3.0638779649855818 -3.2616693599327409 0.0074863572705495
v 0.0081905368715525 -0.0532548576593399 0.0496238060295582
vn 3.1455858479441972 -3.0767557354276667 -0.6349323610692023
v 0.0049999342299998 -0.0530258305370808 0.0485026687383652
vn 3.1293235448050720 -3.1999449742706036 -0.4198649111450282
v 0.0080289784818888 -0.0534906536340714 0.0507780686020851
vn 3.1411516398173149 -3.1061604345193583 -0.5968572789383009
v 0.0079998951405287 -0.0537306703627110 0.0519530139863491
vn 3.2022978602680743 -3.0378466416266328 -0.7949857048577480
v 0.0049999342299998 -0.0416241213679314 -0.0011904855491593
vn 2.2271997696297117 -3.0995360809662698 1.5121203841645050
v 0.0105825932696462 -0.0524302683770657 0.0458934344351292
vn 3.1464414629195576 -3.0634929758545133 -0.6961091068984164
v 0.0049999342299998 -0.0529696606099606 0.0482436642050743
vn 2.4716051852419185 -3.2330462618184561 1.2177905947147756
v 0.0095262732356787 -0.0526816658675671 0.0469887815415859
vn 2.7372938608327746 -3.2072787819111475 0.8134041452127118
v 0.0086799710988998 -0.0529696606099606 0.0482436567544937
vn 2.1756525997649891 -3.0619845532297911 1.5635551403497154
v 0.0460977517068386 -0.0446052886545658 0.0117988660931587
vn 2.1525299825616511 -3.0864650589229909 1.5851719981257437
v 0.0555614084005356 -0.0425201877951622 0.0027137687429786
vn 1.1278367265231157 -5.9354228992311509 -0.8515890000907900
v 0.0595807023346424 -0.0416241213679314 -0.0011904855491593
vn 1.9977541398420202 -3.1828809104225679 1.7146268382910708
v 0.0564221739768982 -0.0423398315906525 0.0019279669504613
vn 1.6238749327001887 -3.2492433845056747 1.9714342562966889
v 0.0573692768812180 -0.0421841517090797 0.0012496567796916
vn 1.2605512011689368 -3.2514700166465094 2.1217890954496035
v 0.0583805814385414 -0.0420736409723759 0.0007680496782996
vn 2.3971103671188718 2.0265484682441306 3.2181921577327270
v 0.0148095879703760 -0.0254712682217360 0.0003734511556104
vn -1.5338075386979351 -1.5697218907496222 4.7704775848934053
v 0.0065998882055283 -0.0276318509131670 0.0003734511556104
vn -3.1317178508064583 -0.1758553273283548 3.2537808208233776
v 0.0406994521617889 -0.0097998734563589 0.0003734511556104
vn 2.5718434967851627 1.8000840983982731 3.2122088073453363
v 0.0126341162249446 -0.0226428154855967 0.0003734511556104
vn 2.7243000977717999 1.5598420257576144 3.2114276464354115
v 0.0107227303087711 -0.0196295641362667 0.0003734511556104
vn 1.7833546568843157 -4.6772374096266853 1.4221899655422481
v 0.0049999342299998 -0.0276318509131670 0.0003734511556104
vn 3.0926925408998569 0.4301123620055612 3.3433325707364943
v 0.0074372184462845 0.0100241089239717 0.0003734511556104
vn 1.7490167165366222 4.6803772351318855 1.3438450538969038
v 0.0049999342299998 0.0276318509131670 0.0003734511556104
vn 3.0926924903733766 -0.4301125601567365 3.3433326776503054
v 0.0074372184462845 -0.0100241089239717 0.0003734511556104
vn 2.9892143665464417 -0.9355189191140225 3.2881179470048014
v 0.0077525223605335 0.0131483795121312 0.0003734511556104
vn 3.1057269771294820 -0.3178257824053485 3.3495610623158250
v 0.0074074948206544 0.0116051593795419 0.0003734511556104
vn 2.8544885250166669 1.3060226074802650 3.2153270436408676
v 0.0090910987928510 -0.0164561271667480 0.0003734511556104
vn 2.7243000977717999 -1.5598420257576144 3.2114276464354115
v 0.0107227303087711 0.0196295641362667 0.0003734511556104
vn 2.8544889017282911 -1.3060216672260967 3.2153295841138472
v 0.0090910987928510 0.0164561271667480 0.0003734511556104
vn 2.9892147050072424 0.9355180686932481 3.2881170313028765
v 0.0077525223605335 -0.0131483795121312 0.0003734511556104
vn 3.1057269771294820 0.3178257824053485 3.3495610623158250
v 0.0074074948206544 -0.0116051593795419 0.0003734511556104
vn -1.5338075386979351 1.5697218907496222 4.7704775848934062
v 0.0065998882055283 0.0276318509131670 0.0003734511556104
vn 2.5718434967851627 -1.8000840983982729 3.2122088073453363
v 0.0126341162249446 0.0226428154855967 0.0003734511556104
vn 0.1776095801804800 -3.1314949947247444 3.2491727736493292
v 0.0140125378966331 -0.0042999461293221 0.0003734511556104
vn -0.1758716741268418 3.1317160090694727 3.2537912933601953
v 0.0351995229721069 0.0042999433353543 0.0003734511556104
vn 0.1776095801804800 3.1314949947247444 3.2491727736493292
v 0.0140125378966331 0.0042999433353543 0.0003734511556104
vn -0.1758722605919192 -3.1317159429912698 3.2537916690778550
v 0.0351995229721069 -0.0042999461293221 0.0003734511556104
vn -0.6946793546715299 -3.0435659999996734 3.3659968686260586
v 0.0364233776926994 -0.0044378405436873 0.0003734511556104
vn 2.3971103671188714 -2.0265484682441306 3.2181921577327266
v 0.0148095879703760 0.0254712682217360 0.0003734511556104
vn -0.6946787682064526 3.0435660660778776 3.3659972443437187
v 0.0364233776926994 0.0044378372840583 0.0003734511556104
vn -1.3545115361219073 -2.8126836711840406 3.3659809012531636
v 0.0375858433544636 -0.0048446101136506 0.0003734511556104
vn -1.3545128135219320 2.8126828685523977 3.3659818616776742
v 0.0375858433544636 0.0048446068540215 0.0003734511556104
vn -1.9464254735379738 -2.4407577249641648 3.3659996061539870
v 0.0386286787688732 -0.0054998565465212 0.0003734511556104
vn -1.9464255631122263 2.4407581101576588 3.3659975763108396
v 0.0386286787688732 0.0054998546838760 0.0003734511556104
vn -2.4407617992441422 -1.9464193405379611 3.3660032360505334
v 0.0394995473325253 -0.0063707255758345 0.0003734511556104
vn -2.4407609476322141 1.9464199932680799 3.3660047077838673
v 0.0394995473325253 0.0063707218505442 0.0003734511556104
vn 2.0531737810727755 -2.3518087307443727 3.3495944669293367
v 0.0096536213532090 -0.0059314710088074 0.0003734511556104
vn 2.0531741138906874 2.3518082647836369 3.3495951141061182
v 0.0096536213532090 0.0059314677491784 0.0003734511556104
vn 2.5481756950236054 -1.8027547532282493 3.3567513044780544
v 0.0085930880159140 -0.0071044345386326 0.0003734511556104
vn -2.8126791524718167 -1.3545288562313940 3.3659613187711774
v 0.0401547774672508 -0.0074135446920991 0.0003734511556104
vn -2.8126797478586631 1.3545275805080719 3.3659614159904558
v 0.0401547774672508 0.0074135418981314 0.0003734511556104
vn 2.5481765795204119 1.8027536045239914 3.3567509593310549
v 0.0085930880159140 0.0071044326759875 0.0003734511556104
vn 2.9011365573366863 -1.1532361111334797 3.3495713114264904
v 0.0078400447964668 -0.0084949480369687 0.0003734511556104
vn -3.0435599087349132 -0.6946852806052142 3.3660231347570857
v 0.0405615717172623 -0.0085760233923793 0.0003734511556104
vn -3.0435601827954857 0.6946844078322837 3.3660227198811947
v 0.0405615717172623 0.0085760224610567 0.0003734511556104
vn 1.4350585455563896 -2.7731506850469430 3.3433291116399304
v 0.0109614981338382 -0.0050426092930138 0.0003734511556104
vn 1.4350578971410397 2.7731510438729776 3.3433291830979184
v 0.0109614981338382 0.0050426064990461 0.0003734511556104
vn 2.9011368219737013 1.1532354897791848 3.3495712806527078
v 0.0078400447964668 0.0084949471056461 0.0003734511556104
vn 0.7341198876937154 3.0344020400698115 3.3495959883023696
v 0.0124424677342176 0.0044882795773447 0.0003734511556104
vn 0.7341196199628144 -3.0344021351210060 3.3495955880823609
v 0.0124424677342176 -0.0044882823713124 0.0003734511556104
vn -3.1317178656940277 0.1758551951837292 3.2537807361652940
v 0.0406994521617889 0.0097998734563589 0.0003734511556104
vn -1.5707963267948970 -4.7123889803846879 -1.5707963267948941
v 0.0014999795239419 -0.0544992908835411 -0.0071264505386353
vn 3.2809866347336225 -0.4375311198808786 -3.1032249814678932
v 0.0049999342299998 -0.0275525115430355 -0.0124472081661224
vn 5.4762569378151005 0.5009167779402972 2.0322959065640931
v 0.0049999342299998 -0.0487891063094139 -0.0173304248601198
vn 5.4762565972134656 0.9727178398803197 1.8533658684094882
v 0.0049999342299998 -0.0495329387485981 -0.0170483272522688
vn 3.1509783923562833 -3.0674014772512868 -0.6785778284973161
v 0.0049999342299998 -0.0529890805482864 0.0483298413455486
vn 3.1499185722047689 -3.0728226120745461 -0.6536068537226001
v 0.0049999342299998 -0.0530078038573265 0.0484161898493767
vn 5.4762216145417586 1.3880188744717059 -1.5667523820675049
v 0.0049999342299998 -0.0501876473426819 -0.0116563085466623
vn 5.4762587901696573 1.7225953925347770 -1.1890315432798964
v 0.0049999342299998 -0.0507151931524277 -0.0122517710551620
vn 5.4762467065187099 -0.0000031473243893 2.0931297244977509
v 0.0049999342299998 -0.0479993745684624 -0.0174263138324022
vn 5.4762343669066444 0.9727275492328751 -1.8533885860089023
v 0.0049999342299998 -0.0495329387485981 -0.0112043945118785
vn 5.4762232038138849 1.9571352309857963 -0.7422442447390123
v 0.0049999342299998 -0.0510848835110664 -0.0129561712965369
vn 5.4762552636953048 -0.5009128527184201 2.0322987327150717
v 0.0049999342299998 -0.0472096465528011 -0.0173304248601198
vn 5.4762357861025555 0.5009181728128538 -2.0323195967886267
v 0.0049999342299998 -0.0487891063094139 -0.0109222978353500
vn 5.4762637771512095 -0.9727090562416725 1.8533616014802341
v 0.0049999342299998 -0.0464658066630363 -0.0170483272522688
vn 5.4762437923487592 2.0778698036796936 -0.2523074155731474
v 0.0049999342299998 -0.0512752756476402 -0.0137285916134715
vn 5.4762413502408984 -2.0778731045104086 -0.2523041530805135
v 0.0049999342299998 -0.0447234772145748 -0.0137285916134715
vn 5.4762439155363101 -2.0778696142631250 0.2523076730966772
v 0.0049999342299998 -0.0447234772145748 -0.0145241217687726
vn 5.4762124572552597 -1.9571504935276196 0.7422386656604225
v 0.0049999342299998 -0.0449138693511486 -0.0152965411543846
vn 5.4762258352221611 0.0000019619759997 -2.0931528067722076
v 0.0049999342299998 -0.0479993745684624 -0.0108264088630676
vn 3.2626212229834337 -2.9489885775193159 -1.0662264236128469
v 0.0049999342299998 -0.0412814654409885 -0.0023544183932245
vn 5.4762401986626443 2.0778746381066466 0.2523027075826090
v 0.0049999342299998 -0.0512752756476402 -0.0145241217687726
vn 5.4762205404347188 -1.9571369985908007 -0.7422484521107000
v 0.0049999342299998 -0.0449138693511486 -0.0129561712965369
vn 5.4762505994831496 -1.7226101396702838 1.1890265018908901
v 0.0049999342299998 -0.0452835597097874 -0.0160009525716305
vn 5.4762287766359927 -0.5009179628384149 -2.0323279952957209
v 0.0049999342299998 -0.0472096465528011 -0.0109222978353500
vn 3.2622971248811048 -2.7980405242411930 -1.4157756719845094
v 0.0049999342299998 -0.0408003702759743 -0.0034682839177549
vn 5.4762186245357851 1.9571365028885883 0.7422550210318988
v 0.0049999342299998 -0.0510848835110664 -0.0152965411543846
vn 5.4762555758515905 -1.3879901459522226 1.5667271045972679
v 0.0049999342299998 -0.0458110943436623 -0.0165964141488075
vn 3.2798931365069106 -2.3351900171512692 -2.0901269669553431
v 0.0049999342299998 -0.0386190898716450 -0.0065375301055610
vn 5.4762380872220113 -1.7226221414189613 -1.1890335696175174
v 0.0049999342299998 -0.0452835597097874 -0.0122517710551620
vn 3.2804297833853382 -2.0206203986038145 -2.3955562336635792
v 0.0049999342299998 -0.0367832407355309 -0.0083204172551632
vn 5.4762433507105603 -0.9727251753653808 -1.8533785497833684
v 0.0049999342299998 -0.0464658066630363 -0.0112043945118785
vn 3.2708600346739032 -2.5973740830274639 -1.7554230635663250
v 0.0049999342299998 -0.0401879176497459 -0.0045156865380704
vn 5.4762756802556645 1.7225917798306978 1.1890032215757940
v 0.0049999342299998 -0.0507151931524277 -0.0160009525716305
vn 3.2804811578152648 -1.6661276708652011 -2.6543550110140721
v 0.0049999342299998 -0.0347163490951061 -0.0098293926566839
vn 5.4762406958180163 -1.3880032768913311 -1.5667372199618164
v 0.0049999342299998 -0.0458110943436623 -0.0116563085466623
vn 5.4762349186587524 1.3879969548138544 1.5667525391212853
v 0.0049999342299998 -0.0501876473426819 -0.0165964141488075
vn 3.2805515051611156 -1.2790847475404414 -2.8610326870181968
v 0.0049999342299998 -0.0324589349329472 -0.0110348667949438
vn 3.2806213125185302 -0.8668868729231853 -3.0116515003811615
v 0.0049999342299998 -0.0300552882254124 -0.0119132250547409
vn 5.4762253916750376 0.0000024235585895 -2.0931533304778842
v 0.0049999342299998 0.0479993745684624 -0.0108264088630676
vn 3.2624584761304094 2.9490296498511239 -1.0661312230423945
v 0.0049999342299998 0.0412814654409885 -0.0023544183932245
vn 5.4762124572552597 -1.9571504935276196 0.7422386656604225
v 0.0049999342299998 0.0510848835110664 -0.0152965411543846
vn 5.4762401986626443 2.0778746381066466 0.2523027075826090
v 0.0049999342299998 0.0447234772145748 -0.0145241217687726
vn 5.4762437923487592 2.0778698036796936 -0.2523074155731474
v 0.0049999342299998 0.0447234772145748 -0.0137285916134715
vn 5.4762396298571838 -1.3880037945213879 1.5667390480787264
v 0.0049999342299998 0.0501876473426819 -0.0165964141488075
vn 5.4762539051156898 -0.9727166244854922 1.8533700962034385
v 0.0049999342299998 0.0495329387485981 -0.0170483272522688
vn 5.4762344723436227 -0.5009215438564618 -2.0323203635278118
v 0.0049999342299998 0.0487891063094139 -0.0109222978353500
vn 5.4762728750541916 -1.7225801574351665 1.1890258904103101
v 0.0049999342299998 0.0507151931524277 -0.0160009525716305
vn 3.2799469905087388 0.4377194780718188 -3.1032450514542878
v 0.0049999342299998 0.0275525115430355 -0.0124472081661224
vn 3.1499185722047689 3.0728226120745461 -0.6536068537226001
v 0.0049999342299998 0.0530078038573265 0.0484161898493767
vn 3.1509783923562833 3.0674014772512868 -0.6785778284973161
v 0.0049999342299998 0.0529890805482864 0.0483298413455486
vn 5.4762134217247498 1.9571449940435159 0.7422499553549919
v 0.0049999342299998 0.0449138693511486 -0.0152965411543846
vn 5.4762370657371084 -0.9727286234527285 -1.8533844233931636
v 0.0049999342299998 0.0495329387485981 -0.0112043945118785
vn 5.4762564648542682 1.7226073980995316 1.1890182821844193
v 0.0049999342299998 0.0452835597097874 -0.0160009525716305
vn 5.4762174642813344 -1.3880123297306535 -1.5667647268506661
v 0.0049999342299998 0.0501876473426819 -0.0116563085466623
vn 5.4762581494935771 1.3879879021160388 1.5667250326046296
v 0.0049999342299998 0.0458110943436623 -0.0165964141488075
vn 5.4762628819572834 0.9727143918259623 1.8533599949154995
v 0.0049999342299998 0.0464658066630363 -0.0170483272522688
vn 3.2807296461269022 1.6662453348476793 -2.6542678098308765
v 0.0049999342299998 0.0347163490951061 -0.0098293926566839
vn 3.2803745357937926 1.2792165835241764 -2.8609819930795344
v 0.0049999342299998 0.0324589498341084 -0.0110348667949438
vn 3.2800489005180093 0.8669982155532997 -3.0116462826985484
v 0.0049999342299998 0.0300552882254124 -0.0119132250547409
vn 3.2809523352677346 2.0206313902779161 -2.3955156346681057
v 0.0049999342299998 0.0367832407355309 -0.0083204172551632
vn 3.2813799577809624 2.3355243361092857 -2.0896537025967570
v 0.0049999342299998 0.0386190898716450 -0.0065375301055610
vn 5.4762512422926459 0.5009131969957805 2.0323035382444696
v 0.0049999342299998 0.0472096465528011 -0.0173304248601198
vn 5.4762375609334946 1.3880052257278237 -1.5667404385630641
v 0.0049999342299998 0.0458110943436623 -0.0116563085466623
vn 3.2723698880184600 2.5970094213760855 -1.7558494785939720
v 0.0049999342299998 0.0401879176497459 -0.0045156865380704
vn 5.4762471500561780 -0.0000026857444064 2.0931292007934186
v 0.0049999342299998 0.0479993745684624 -0.0174263138324022
vn 5.4762365141980327 1.7226253749241247 -1.1890321546366498
v 0.0049999342299998 0.0452835597097874 -0.0122517710551620
vn 5.4762573032485209 -1.7226065229421730 -1.1890185087767748
v 0.0049999342299998 0.0507151931524277 -0.0122517710551620
vn 5.4762257433132779 -1.9571285073398452 -0.7422535177562413
v 0.0049999342299998 0.0510848835110664 -0.0129561712965369
vn 5.4762413502408984 -2.0778731045104086 -0.2523041530805135
v 0.0049999342299998 0.0512752756476402 -0.0137285916134715
vn 5.4762439155363101 -2.0778696142631250 0.2523076730966772
v 0.0049999342299998 0.0512752756476402 -0.0145241217687726
vn 5.4762442392336323 0.9727199809514591 -1.8533800911723270
v 0.0049999342299998 0.0464658066630363 -0.0112043945118785
vn 3.2624636795454798 2.7978941176056620 -1.4160509237696708
v 0.0049999342299998 0.0408003702759743 -0.0034682839177549
vn 5.4762232038138841 1.9571352309857963 -0.7422442447390123
v 0.0049999342299998 0.0449138693511486 -0.0129561712965369
vn 5.4762587930951394 -0.5009126313805535 2.0322946724003677
v 0.0049999342299998 0.0487891063094139 -0.0173304248601198
vn 5.4762322565816950 0.5009183941630191 -2.0323236571478382
v 0.0049999342299998 0.0472096465528011 -0.0109222978353500
vn 2.2286690505003959 3.1398651499459143 2.2230347805146566
v 0.0118318460881710 -0.0465682558715343 0.0446941293776035
vn 2.2957103678186632 3.1667547861073704 1.8014253157187470
v 0.0105825932696462 -0.0464299656450748 0.0458934344351292
vn 4.4620395562919999 -0.0063979348726338 4.4208339619381611
v 0.0105825932696462 -0.0473003461956978 0.0458934344351292
vn 2.2445437594389159 3.1143548634691194 2.6596534597200203
v 0.0130893997848034 -0.0465742833912373 0.0434868969023228
vn 3.1427350034572652 2.9840164754800025 2.3644061968641794
v 0.0543580837547779 -0.0374347306787968 0.0038689586799592
vn 2.5592569666118345 3.1392638921542622 2.3740400771299148
v 0.0555614084005356 -0.0376147739589214 0.0027137687429786
vn 3.3624563468937896 -3.0244973245312972 -0.7659203059212176
v 0.0079998951405287 -0.0438310131430626 0.0574283041059971
vn 3.3534424138014027 -3.1218340161738061 -0.0164288028372269
v 0.0079998951405287 -0.0436994321644306 0.0563727281987667
vn 3.3681606920735945 1.9161923855470109 -2.4615518729642529
v 0.0079998951405287 -0.0506404526531696 0.0597659870982170
vn 3.3695117448005796 2.4617591432824328 -1.9157269834295449
v 0.0079998951405287 -0.0513926297426224 0.0590138025581837
vn 3.3449931744411363 -3.0452187947707845 0.6955879856654368
v 0.0079998951405287 -0.0438072420656681 0.0554158985614777
vn 3.3669776455508664 1.2532699389167332 -2.8567456666801077
v 0.0079998951405287 -0.0497266463935375 0.0603105090558529
vn 3.3710112787151396 2.8566058970477322 -1.2526864456958324
v 0.0079998951405287 -0.0519371442496777 0.0580999851226807
vn 3.3465375191876285 -2.8137461991999411 1.3561782041053208
v 0.0079998951405287 -0.0441252589225769 0.0545070506632328
vn 3.3490768612687098 -2.4409603311469175 1.9485311829177343
v 0.0079998951405287 -0.0446375496685505 0.0536917522549629
vn 3.3629494800608284 -0.6921866997220768 3.0444160305861629
v 0.0079998951405287 -0.0470425486564636 0.0521805919706821
vn 3.3764679585526918 0.0173724506713046 3.1197783793336309
v 0.0079998951405287 -0.0479993745684624 0.0520727708935738
vn 3.3572940631380876 -1.3527412321187477 2.8143837707182673
v 0.0079998951405287 -0.0461337007582188 0.0524986088275909
vn 3.3726639008026891 3.0765709732733448 -0.5130184426607753
v 0.0079998951405287 -0.0522406697273254 0.0570804700255394
vn 3.3526887464083428 -1.9456421987600503 2.4428687448608146
v 0.0079998951405287 -0.0453183986246586 0.0530108921229839
vn 3.3658714248894377 0.5135967729006978 -3.0770988749787933
v 0.0079998951405287 -0.0487071163952351 0.0606140233576298
vn 3.3744478504561775 3.1081991861927154 0.2579908579807205
v 0.0079998951405287 -0.0522846281528473 0.0560176335275173
vn 3.3649532694783222 -0.2575151773435145 -3.1091015852535486
v 0.0079998951405287 -0.0476442910730839 0.0606579817831516
vn 3.3763877756126983 2.9495619013261387 1.0131295932525446
v 0.0079998951405287 -0.0520663335919380 0.0549765340983868
vn 3.3641781504386383 -1.0129255670691040 -2.9508024707149358
v 0.0079998951405287 -0.0466031841933727 0.0604396872222424
vn 3.3784678832681201 2.6103886095030493 1.7061709329131163
v 0.0079998951405287 -0.0515991412103176 0.0540208779275417
vn 3.3635263816568810 -1.7063618596093511 -2.6118863209926184
v 0.0079998951405287 -0.0456475280225277 0.0599724911153316
vn 3.3806906818206839 2.1114633003555969 2.2946856778180047
v 0.0079998951405287 -0.0509116500616074 0.0532091595232487
vn 3.3630237383637192 -2.2953635839039670 -2.1131041315571686
v 0.0079998951405287 -0.0448358096182346 0.0592849999666214
vn 3.3830645137644542 1.4833407744578062 2.7426575267766591
v 0.0079998951405287 -0.0500459186732769 0.0525910370051861
vn 3.3626943369715363 -2.7438970700377654 -1.4849588722059348
v 0.0079998951405287 -0.0442176871001720 0.0584192797541618
vn 3.3855678116019585 0.7645110435451273 3.0226699731489202
v 0.0079998951405287 -0.0490549542009830 0.0522043630480766
vn 3.3764679621919167 0.0173738057152246 3.1197783713786258
v 0.0079998951405287 0.0479993745684624 0.0520727708935738
vn 3.3855673845015359 0.7645117148755372 3.0226698889852730
v 0.0079998951405287 0.0469437986612320 0.0522043630480766
vn 3.3626943369715363 -2.7438970700377654 -1.4849588722059348
v 0.0079998951405287 0.0517810657620430 0.0584192797541618
vn 3.3624563468937891 -3.0244973245312972 -0.7659203059212176
v 0.0079998951405287 0.0521677397191525 0.0574283041059971
vn 3.3695038175020686 2.4617522096761641 -1.9157384984164501
v 0.0079998951405287 0.0446061231195927 0.0590138025581837
vn 3.3681606920735949 1.9161923855470109 -2.4615518729642529
v 0.0079998951405287 0.0453583002090454 0.0597659870982170
vn 3.3710367117580504 2.8566037115939773 -1.2526814983151700
v 0.0079998951405287 0.0440615974366665 0.0580999851226807
vn 3.3669756272676863 1.2532737543783870 -2.8567445110624270
v 0.0079998951405287 0.0462721064686775 0.0603105090558529
vn 3.3534424138014027 -3.1218340161738061 -0.0164288028372269
v 0.0079998951405287 0.0522993206977844 0.0563727281987667
vn 3.3726575117626214 3.0765746526117415 -0.5130059231653157
v 0.0079998951405287 0.0437580831348896 0.0570804700255394
vn 3.3658760478449667 0.5136013008763974 -3.0770973915183317
v 0.0079998951405287 0.0472916252911091 0.0606140233576298
vn 3.3449984923553306 -3.0452155191691945 0.6955974841626026
v 0.0079998951405287 0.0521915107965469 0.0554158985614777
vn 3.3465199485741808 -2.8137476491803768 1.3561810585597720
v 0.0079998951405287 0.0518734864890575 0.0545070506632328
vn 3.3629499199534059 -0.6921860224980758 3.0444161068507740
v 0.0079998951405287 0.0489562042057514 0.0521805919706821
vn 3.3572940631380881 -1.3527412321187477 2.8143837707182673
v 0.0079998951405287 0.0498650521039963 0.0524986088275909
vn 3.3526887464083428 -1.9456421987600503 2.4428687448608146
v 0.0079998951405287 0.0506803542375565 0.0530108921229839
vn 3.3490824610191749 -2.4409655000537915 1.9485230374950595
v 0.0079998951405287 0.0513612031936646 0.0536917522549629
vn 3.3744478504561779 3.1081991861927154 0.2579908579807205
v 0.0079998951405287 0.0437141247093678 0.0560176335275173
vn 3.3649543876331904 -0.2575187039621487 -3.1091010275755209
v 0.0079998951405287 0.0483544617891312 0.0606579817831516
vn 3.3763819182173260 2.9495660913333266 1.0131209567954413
v 0.0079998951405287 0.0439324192702770 0.0549765340983868
vn 3.3641715306798363 -1.0129260217263911 -2.9508032458694400
v 0.0079998951405287 0.0493955574929714 0.0604396872222424
vn 3.3784832348333769 2.6103866257418935 1.7061694857928231
v 0.0079998951405287 0.0443996042013168 0.0540208779275417
vn 3.3635201431637061 -1.7063548934120785 -2.6118917897719784
v 0.0079998951405287 0.0503512173891068 0.0599724911153316
vn 3.3806874854073263 2.1114589291114836 2.2946908188735380
v 0.0079998951405287 0.0450871028006077 0.0532091595232487
vn 3.3630273259740791 -2.2953586815728659 -2.1131083336979488
v 0.0079998951405287 0.0511629432439804 0.0592849999666214
vn 3.3830645137644546 1.4833407744578062 2.7426575267766591
v 0.0079998951405287 0.0459528341889381 0.0525910370051861
vn 2.2393993426713821 -3.1356935578246654 2.4158747680889823
v 0.0125863570719957 0.0465877838432789 0.0439698062837124
vn 4.3802658798666076 0.0000000000000000 4.5044487605591552
v 0.0105825932696462 0.0473003461956978 0.0458934344351292
vn 2.2502594049747597 -3.1402720493304730 1.9426917118736149
v 0.0105825932696462 0.0464299656450748 0.0458934344351292
vn 2.2281543379695590 -3.0993332547736427 2.7709322660344267
v 0.0138415796682239 0.0465143248438835 0.0427647940814495
vn 3.1427371485489397 -2.9840188019854748 2.3644041375776901
v 0.0543580837547779 0.0374347306787968 0.0038689586799592
vn 2.5323495722195193 -3.1582908915494938 2.4031059640202774
v 0.0555614084005356 0.0376147739589214 0.0027137687429786
vn 2.9012463648628439 0.7453163364834047 3.0284490485174929
v 0.0049999342299998 0.0469703301787376 0.0521977320313454
vn 5.4762275251271584 0.5009266887625771 2.0323285393675059
v 0.0049999342299998 0.0472694747149944 0.0534113980829716
vn 5.4762419187874052 0.9727207282071261 1.8533829261019419
v 0.0049999342299998 0.0465819835662842 0.0536721237003803
vn 2.9037442568645777 1.4485017349195148 2.7622980621553808
v 0.0049999342299998 0.0460010915994644 0.0525653064250946
vn 2.9251849194123416 -3.0982401726284308 -0.3762532347495003
v 0.0049999342299998 0.0522679723799229 0.0568910315632820
vn 5.4762549833808603 -1.9571040484807547 -0.7422244435724279
v 0.0049999342299998 0.0508511401712894 0.0574542544782162
vn 5.4762439616239602 -2.0778710304531547 -0.2523017363353741
v 0.0049999342299998 0.0510270968079567 0.0567403621971607
vn 2.9250619481131115 -2.9181252851946478 -1.1068612153863362
v 0.0049999342299998 0.0520198941230774 0.0578975044190884
vn 5.4762388870653353 -2.0778779998491594 0.2522945087204832
v 0.0049999342299998 0.0510270968079567 0.0560050942003727
vn 5.4762729088650834 1.3879794554606772 -1.5667098684530552
v 0.0049999342299998 0.0459768734872341 0.0586556605994701
vn 2.9189049124540212 2.0698757212781409 -2.3351166099895617
v 0.0049999342299998 0.0451479852199554 0.0595912858843803
vn 2.9175139465852049 2.5684946402253974 -1.7717812648917164
v 0.0049999342299998 0.0444605909287930 0.0588153749704361
vn 5.4762509163285138 1.7226108302371850 -1.1890272589093822
v 0.0049999342299998 0.0454893074929714 0.0581053048372269
vn 2.9159860128598796 2.9177636235881339 -1.1055172643984046
v 0.0049999342299998 0.0439788587391376 0.0578975044190884
vn 2.9033986773178184 0.0026618212822261 3.1190011178017820
v 0.0049999342299998 0.0479993745684624 0.0520727708935738
vn 5.4762910077368030 0.0000129455649312 2.0930777317659732
v 0.0049999342299998 0.0479993745684624 0.0533227548003197
vn 5.4762476529221100 0.9727260053283626 -1.8533727697894833
v 0.0049999342299998 0.0465819835662842 0.0590733326971531
vn 2.9201813533476519 1.4508915454212501 -2.7627504288755862
v 0.0049999342299998 0.0460010915994644 0.0601801387965679
vn 5.4762397885828635 1.9571200266001119 -0.7422292751602275
v 0.0049999342299998 0.0451476126909256 0.0574542544782162
vn 2.9142873692601974 3.0973966566160236 -0.3750677410660493
v 0.0049999342299998 0.0437307804822922 0.0568910315632820
vn 2.9262767276821564 -3.0982213400551823 0.3763593845258525
v 0.0049999342299998 0.0522679723799229 0.0558544211089611
vn 5.4762574499679646 -1.9570981070254314 0.7422306256276247
v 0.0049999342299998 0.0508511401712894 0.0552911907434464
vn 5.4762340003031591 0.5009214561308396 -2.0323206565901524
v 0.0049999342299998 0.0472694747149944 0.0593340620398521
vn 2.9212892972223927 0.7475045126578640 -3.0298067561272868
v 0.0049999342299998 0.0469703301787376 0.0605477243661880
vn 2.9099936963705080 -0.7445170613859765 3.0294500173784624
v 0.0049999342299998 0.0490284226834774 0.0521977320313454
vn 5.4762257402399843 -0.5009450109881077 2.0323264014732110
v 0.0049999342299998 0.0487292781472206 0.0534113980829716
vn 5.4762416022835527 2.0778741985100928 -0.2522986691780105
v 0.0049999342299998 0.0449716560542583 0.0567403621971607
vn 2.9124690392794310 3.0969805362562979 0.3771157604551506
v 0.0049999342299998 0.0437307804822922 0.0558544211089611
vn 2.9251967036662081 -2.9179223202905211 1.1071524925536942
v 0.0049999342299998 0.0520198941230774 0.0548479408025742
vn 5.4762561265828165 -1.7225979548280757 1.1890347956119589
v 0.0049999342299998 0.0505094453692436 0.0546401515603065
vn 2.9154085822409326 -1.4485083303871529 2.7634467456985270
v 0.0049999342299998 0.0499976612627506 0.0525653064250946
vn 5.4762368305504419 -0.9727328297359834 1.8533825692882908
v 0.0049999342299998 0.0494167581200600 0.0536721237003803
vn 5.4762380715431931 -0.0000027189007073 -2.0931395611236452
v 0.0049999342299998 0.0479993745684624 0.0594226866960526
vn 2.9222698710878454 0.0006250347102464 -3.1207442160907317
v 0.0049999342299998 0.0479993745684624 0.0606726706027985
vn 2.9230258544006613 -2.5678281918104200 1.7734618297527676
v 0.0049999342299998 0.0515381619334221 0.0539300777018070
vn 5.4762627155744852 -1.3879794616417784 1.5667259597624243
v 0.0049999342299998 0.0500218681991100 0.0540897957980633
vn 5.4762374972602821 2.0778798660266213 0.2522927019457863
v 0.0049999342299998 0.0449716560542583 0.0560050942003727
vn 2.9197808386263038 -2.0683349239595770 2.3364873136573276
v 0.0049999342299998 0.0508507676422596 0.0531541705131531
vn 5.4762423013588464 -0.5009207428401730 -2.0323109917056228
v 0.0049999342299998 0.0487292781472206 0.0593340620398521
vn 2.9230952514817901 -0.7463386365237830 -3.0302604083625067
v 0.0049999342299998 0.0490284226834774 0.0605477243661880
vn 5.4762464543421094 1.9571083026806662 0.7422367750129882
v 0.0049999342299998 0.0451476126909256 0.0552911907434464
vn 2.9105158960925257 2.9165602899413741 1.1072772427906483
v 0.0049999342299998 0.0439788587391376 0.0548479408025742
vn 5.4762284524243485 -0.9727294718983455 -1.8533956922959851
v 0.0049999342299998 0.0494167581200600 0.0590733326971531
vn 2.9237978981749371 -1.4499507795034807 -2.7636096611609249
v 0.0049999342299998 0.0499976612627506 0.0601801387965679
vn 5.4762532741325041 1.7226057009047351 1.1890303442464742
v 0.0049999342299998 0.0454893074929714 0.0546401515603065
vn 2.9084079062941215 2.5666498507573912 1.7729854668167535
v 0.0049999342299998 0.0444605909287930 0.0539300777018070
vn 5.4762560685443837 -1.3879945788784704 -1.5667230130266383
v 0.0049999342299998 0.0500218681991100 0.0586556605994701
vn 2.9243448151491203 -2.0692946710859141 -2.3362819029916047
v 0.0049999342299998 0.0508507676422596 0.0595912858843803
vn 2.9061580872960397 2.0676274571588906 2.3355480790917005
v 0.0049999342299998 0.0451479852199554 0.0531541705131531
vn 5.4762695799244021 1.3879904370426259 1.5667053711564558
v 0.0049999342299998 0.0459768734872341 0.0540897957980633
vn 2.9247738853909602 -2.5683648177417338 -1.7731144718084095
v 0.0049999342299998 0.0515381619334221 0.0588153749704361
vn 5.4762604349560400 -1.7225964599198105 -1.1890275034269207
v 0.0049999342299998 0.0505094453692436 0.0581053048372269
vn 2.9037442568645773 1.4485017349195148 2.7622980621553808
v 0.0049999342299998 -0.0499976612627506 0.0525653064250946
vn 5.4762307912959471 0.9727235999290946 1.8533954362417351
v 0.0049999342299998 -0.0494167581200600 0.0536721237003803
vn 5.4762560685443837 1.3879945788784704 1.5667230130266383
v 0.0049999342299998 -0.0500218681991100 0.0540897957980633
vn 2.9061580872960397 2.0676274571588906 2.3355480790917005
v 0.0049999342299998 -0.0508507676422596 0.0531541705131531
vn 2.9250619481131119 -2.9181252851946478 -1.1068612153863362
v 0.0049999342299998 -0.0439788587391376 0.0578975044190884
vn 2.9247738853909606 -2.5683648177417338 -1.7731144718084095
v 0.0049999342299998 -0.0444605909287930 0.0588153749704361
vn 5.4762413675693269 -1.9571157332112796 -0.7422353581803907
v 0.0049999342299998 -0.0451476126909256 0.0574542544782162
vn 5.4762399095607774 -2.0778764714402760 -0.2522964686286902
v 0.0049999342299998 -0.0449716560542583 0.0567403621971607
vn 5.4762627155744852 1.3879794616417784 -1.5667259597624243
v 0.0049999342299998 -0.0500218681991100 0.0586556605994701
vn 2.9189049124540212 2.0698757212781409 -2.3351166099895617
v 0.0049999342299998 -0.0508507676422596 0.0595912858843803
vn 2.9175094130812464 2.5684961636750772 -1.7717784147820439
v 0.0049999342299998 -0.0515381619334221 0.0588153749704361
vn 2.9012459290935886 0.7453156605292157 3.0284491305819556
v 0.0049999342299998 -0.0490284226834774 0.0521977320313454
vn 5.4762360882221630 0.5009327295884639 2.0323168923557251
v 0.0049999342299998 -0.0487292781472206 0.0534113980829716
vn 5.4762596138768895 1.7225986311764854 -1.1890260580508920
v 0.0049999342299998 -0.0505094453692436 0.0581053048372269
vn 2.9159800649680854 2.9177621346594966 -1.1055201301794273
v 0.0049999342299998 -0.0520198941230774 0.0578975044190884
vn 5.4762347475044635 0.9727382328602379 -1.8533827315489348
v 0.0049999342299998 -0.0494167581200600 0.0590733326971531
vn 2.9201813533476519 1.4508915454212501 -2.7627504288755862
v 0.0049999342299998 -0.0499976612627506 0.0601801387965679
vn 5.4762530476955495 1.9571047442125198 -0.7422290301540699
v 0.0049999342299998 -0.0508511401712894 0.0574542544782162
vn 2.9142873692601974 3.0973966566160236 -0.3750677410660493
v 0.0049999342299998 -0.0522679723799229 0.0568910315632820
vn 2.9251849194123425 -3.0982401726284308 -0.3762532347495003
v 0.0049999342299998 -0.0437307804822922 0.0568910315632820
vn 5.4762388870653353 -2.0778779998491594 0.2522945087204832
v 0.0049999342299998 -0.0449716560542583 0.0560050942003727
vn 5.4762391364725342 0.5009215941154234 -2.0323146161031302
v 0.0049999342299998 -0.0487292781472206 0.0593340620398521
vn 2.9212879533006886 0.7475034464546852 -3.0298068904425497
v 0.0049999342299998 -0.0490284226834774 0.0605477243661880
vn 5.4762416022835527 2.0778741985100928 -0.2522986691780105
v 0.0049999342299998 -0.0510270968079567 0.0567403621971607
vn 2.9124690392794310 3.0969805362562979 0.3771157604551506
v 0.0049999342299998 -0.0522679723799229 0.0558544211089611
vn 5.4762387930814436 -0.0000028849628071 -2.0931387123942460
v 0.0049999342299998 -0.0479993745684624 0.0594226866960526
vn 2.9222692576377822 0.0006239725888901 -3.1207441633634998
v 0.0049999342299998 -0.0479993745684624 0.0606726706027985
vn 2.9033986669933949 0.0026604604808589 3.1190011178189350
v 0.0049999342299998 -0.0479993745684624 0.0520727708935738
vn 5.4762902861481155 0.0000127794244036 2.0930785806042769
v 0.0049999342299998 -0.0479993745684624 0.0533227548003197
vn 5.4762415492731131 2.0778744251202226 0.2522979696459358
v 0.0049999342299998 -0.0510270968079567 0.0560050942003727
vn 2.9105129940221954 2.9165593018954756 1.1072791444156800
v 0.0049999342299998 -0.0520198941230774 0.0548479408025742
vn 5.4762337382925459 -0.5009147018222251 -2.0323226387861060
v 0.0049999342299998 -0.0472694747149944 0.0593340620398521
vn 2.9230975615220545 -0.7463379921473150 -3.0302607834878561
v 0.0049999342299998 -0.0469703301787376 0.0605477243661880
vn 2.9262767276821564 -3.0982213400551823 0.3763593845258525
v 0.0049999342299998 -0.0437307804822922 0.0558544211089611
vn 5.4762441909073161 -1.9571133893728225 0.7422308707334268
v 0.0049999342299998 -0.0451476126909256 0.0552911907434464
vn 2.9099941131175844 -0.7445177262096713 3.0294499354835245
v 0.0049999342299998 -0.0469703301787376 0.0521977320313454
vn 5.4762206036599608 -0.5009448735953639 2.0323324422203894
v 0.0049999342299998 -0.0472694747149944 0.0534113980829716
vn 2.9252003641839979 -2.9179233121146102 1.1071505522098508
v 0.0049999342299998 -0.0439788587391376 0.0548479408025742
vn 5.4762474289787200 -1.7226101538699743 1.1890359965338075
v 0.0049999342299998 -0.0454893074929714 0.0546401515603065
vn 5.4762600700531108 1.9570966180232670 0.7422258603992140
v 0.0049999342299998 -0.0508511401712894 0.0552911907434464
vn 5.4762395799729244 -0.9727266001046547 -1.8533831821428051
v 0.0049999342299998 -0.0465819835662842 0.0590733326971531
vn 2.9238021919866832 -1.4499508504372798 -2.7636099596537944
v 0.0049999342299998 -0.0460010915994644 0.0601801387965679
vn 2.9154085822409321 -1.4485083303871529 2.7634467456985270
v 0.0049999342299998 -0.0460010915994644 0.0525653064250946
vn 5.4762497358501339 -0.9727206023865751 1.8533726075354489
v 0.0049999342299998 -0.0465819835662842 0.0536721237003803
vn 2.9230290121224387 -2.5678271617797539 1.7734637389587280
v 0.0049999342299998 -0.0444605909287930 0.0539300777018070
vn 5.4762729088650826 -1.3879794554606772 1.5667098684530552
v 0.0049999342299998 -0.0459768734872341 0.0540897957980633
vn 2.9084039567471458 2.5666508473296563 1.7729835660628153
v 0.0049999342299998 -0.0515381619334221 0.0539300777018070
vn 5.4762573291922338 1.7225957290071956 1.1890355299945823
v 0.0049999342299998 -0.0505094453692436 0.0546401515603065
vn 2.9197808386263033 -2.0683349239595770 2.3364873136573276
v 0.0049999342299998 -0.0451479852199554 0.0531541705131531
vn 5.4762695799244021 -1.3879904370426259 -1.5667053711564558
v 0.0049999342299998 -0.0459768734872341 0.0586556605994701
vn 2.9243470095797446 -2.0692958154339269 -2.3362810944155745
v 0.0049999342299998 -0.0451479852199554 0.0595912858843803
vn 5.4762563798963102 -1.7226064318173500 -1.1890223176788126
v 0.0049999342299998 -0.0454893074929714 0.0581053048372269
vn 3.3639446073747372 0.2912927375064910 -3.1077141576980556
v 0.0049999342299998 0.0315129309892654 0.0042810551822186
vn 3.3097415211635246 -0.5239165997548531 3.0863435673427539
v 0.0049999342299998 0.0315392985939980 0.0075285034254193
vn 3.2256684687731472 -0.1319104465704172 3.1360441456267685
v 0.0049999342299998 0.0296983849257231 0.0073733613826334
vn 3.3618362737082816 0.9972052148314980 -2.9579431011349255
v 0.0049999342299998 0.0305407121777534 0.0040742321871221
vn 3.3097334334113704 2.3326599357403666 2.0877522656425209
v 0.0049999342299998 -0.0378948301076889 0.0110373469069600
vn 3.3097528681044075 2.6491624824099294 1.6679130641256128
v 0.0049999342299998 -0.0390069559216499 0.0125125469639897
vn 3.3566196116159235 -2.9646405995601834 -0.9784895341116485
v 0.0049999342299998 -0.0278320498764515 0.0013470565900207
vn 3.3097346271881576 2.8909422197082408 1.2010262257516173
v 0.0049999342299998 -0.0398564934730530 0.0141530763357878
vn 3.3559622695565094 2.9647068349021777 -0.9784661066667423
v 0.0049999342299998 0.0278320498764515 0.0013470565900207
vn 3.3663055850944583 -0.4301082320673904 -3.0913585586789933
v 0.0049999342299998 0.0325066708028316 0.0042591206729412
vn 3.3097454905467609 1.9503635166927871 2.4486902812873081
v 0.0049999342299998 -0.0365515165030956 0.0097690671682358
vn 3.3097410038476820 -1.0330497630673334 2.9551334713412971
v 0.0049999342299998 0.0333282873034477 0.0079895490780473
vn 3.3097417807131819 1.5130435738298638 2.7405663919184033
v 0.0049999342299998 -0.0350148826837540 0.0087434910237789
vn 3.3689065855953841 -1.1284052699734364 -2.9097795159727027
v 0.0049999342299998 0.0334688164293766 0.0040095965377986
vn 3.3097334334113704 -2.3326599357403666 2.0877522656425214
v 0.0049999342299998 0.0378948301076889 0.0110373469069600
vn 3.3097454905467609 -1.9503635166927871 2.4486902812873081
v 0.0049999342299998 0.0365515165030956 0.0097690671682358
vn 3.3097528681044075 -2.6491624824099298 1.6679130641256130
v 0.0049999342299998 0.0390069559216499 0.0125125469639897
vn 3.3097346271881576 -2.8909422197082408 1.2010262257516173
v 0.0049999342299998 0.0398564934730530 0.0141530763357878
vn 3.3097410038476820 1.0330497630673336 2.9551334713412976
v 0.0049999342299998 -0.0333282873034477 0.0079895490780473
vn 3.3097417807131819 -1.5130435738298638 2.7405663919184033
v 0.0049999342299998 0.0350148826837540 0.0087434910237789
vn 3.3719054979709457 1.7662022436166129 -2.5727461060012931
v 0.0049999342299998 -0.0343479663133621 0.0035458281636238
vn 3.3692132067055431 1.1283255132352124 -2.9097817837696462
v 0.0049999342299998 -0.0334688164293766 0.0040095965377986
vn 3.3717985502028225 -1.7662788134570240 -2.5727050286392008
v 0.0049999342299998 0.0343479663133621 0.0035458281636238
vn 3.3667751906259902 0.4300416190794014 -3.0913268833377323
v 0.0049999342299998 -0.0325066708028316 0.0042591206729412
vn 3.3097415211635246 0.5239165997548531 3.0863435673427539
v 0.0049999342299998 -0.0315392985939980 0.0075285034254193
vn 3.3645371924086560 -0.2913332094209933 -3.1076592881719769
v 0.0049999342299998 -0.0315129309892654 0.0042810551822186
vn 3.2256684687731472 0.1319104465704173 3.1360441456267685
v 0.0049999342299998 -0.0296983849257231 0.0073733613826334
vn 3.3625164152591127 -0.9972165948525922 -2.9578780575536650
v 0.0049999342299998 -0.0305407121777534 0.0040742321871221
vn 3.3607379574134706 -1.6498850344002789 -2.6499584959964482
v 0.0049999342299998 -0.0296419542282820 0.0036497076507658
vn 3.3591359233235014 -2.2144181268345808 -2.2003624460774787
v 0.0049999342299998 -0.0288646947592497 0.0030301555525512
vn 3.3577941745739022 -2.6606241865039464 -1.6330949306737983
v 0.0049999342299998 -0.0282504428178072 0.0022486869711429
vn 3.3600050424134764 1.6499059850629079 -2.6500186955215175
v 0.0049999342299998 0.0296419542282820 0.0036497076507658
vn 3.3583884429751887 2.2144657177810823 -2.2004041770871186
v 0.0049999342299998 0.0288646947592497 0.0030301555525512
vn 3.3570716217516567 2.6606884535748190 -1.6331068091946168
v 0.0049999342299998 0.0282504428178072 0.0022486869711429
vn 1.9269488078536605 3.2320886039790233 2.5086843900142233
v 0.0563664175570011 -0.0376144200563431 0.0019864831119776
vn 1.1337309876532378 3.2564630812680249 2.7761327710445944
v 0.0572246238589287 -0.0375026725232601 0.0013474184088409
vn 0.1944846377417597 3.2133600559918691 2.9971549132878197
v 0.0581477656960487 -0.0372468754649162 0.0008576863328926
vn 1.6875245746549692 -3.1113004659352925 3.0567805220178679
v 0.0598691813647747 -0.0415097214281559 0.0004398566088639
vn -0.4727676932616794 3.1525198657404552 3.0947312075159887
v 0.0589068830013275 -0.0369698479771614 0.0006092917756177
vn -0.8885563546037767 3.0955835977764936 3.1658081575949133
v 0.0597533062100410 -0.0366400144994259 0.0004539326182567
vn 2.9991249996189850 0.1138872552442118 5.4918984666415707
v 0.0576170720160007 0.0376147739589214 0.0011090945918113
vn 1.7729469400712707 -3.2591281319047276 2.5754154526456774
v 0.0566454343497753 0.0375909917056561 0.0017613461241126
vn 1.0832128375534875 -3.4324575705990448 2.7219530478123404
v 0.0573737658560276 0.0374707430601120 0.0012539327144623
vn 0.2348943330036994 -3.1307641968137969 2.9708291858931952
v 0.0581477656960487 0.0372468754649162 0.0008576863328926
vn 2.0380034148210631 0.0685630658541466 5.9370262995046126
v 0.0583806112408638 0.0374707430601120 0.0007679773261771
vn -0.4268558276829582 -3.1275648270097660 3.0894978962642390
v 0.0589083135128021 0.0369693972170353 0.0006084715714678
vn 2.0103139802508441 -0.0821845728719146 5.9288240501874858
v 0.0583806112408638 0.0376147739589214 0.0007679773261771
vn 0.7402092987802449 0.0407207001389972 6.2216826800160785
v 0.0597524233162403 0.0369693972170353 0.0004480770730879
vn -0.8898086972085324 -2.9766658238144168 3.1710799168334258
v 0.0597530640661716 0.0366402827203274 0.0004532498132903
vn 0.7304777353380554 0.0000000000000000 6.2246581569490163
v 0.0597524233162403 0.0374707430601120 0.0004480770730879
vn 0.8201265651488571 -0.0350376192759826 6.2058727784599554
v 0.0597524233162403 0.0376147739589214 0.0004480770730879
vn 1.4570019236869047 2.9333110550359147 3.0953193893433473
v 0.0598708912730217 0.0415091104805470 0.0004392270930111
vn 3.7323887282118822 0.0008993013479977 5.0320323010132633
v 0.0568691901862621 0.0414746105670929 0.0015805234434083
vn 3.7327380633587026 -0.0003521624711489 5.0317705426847459
v 0.0568691901862621 0.0421518720686436 0.0015805234434083
vn 2.9566641166686116 0.0001827075954514 5.5260380990029896
v 0.0576170720160007 0.0414746105670929 0.0011090945918113
vn 1.9949012409592333 -0.0003279486514180 5.9278475867466582
v 0.0583806112408638 0.0414746105670929 0.0007679773261771
vn 0.9125369983633669 -0.5147509858212399 6.1326549402127846
v 0.0597524233162403 0.0414746105670929 0.0004480770730879
vn 6.2267652382446856 0.0000000000000000 0.7054078218548999
v 0.0080623328685760 0.0525946393609047 0.0503975227475166
vn 6.2267652382446865 0.0000000000000000 0.7054078218549000
v 0.0080623328685760 0.0473003461956978 0.0503975227475166
vn 6.2316234768588625 0.0344520916886268 0.6769955120273121
v 0.0080623328685760 0.0529696606099606 0.0503975227475166
vn 6.2526396727009894 -0.1395549325536095 0.4897005471426185
v 0.0080623328685760 0.0531939864158630 0.0503975227475166
vn 6.0458101690514763 0.0000000000000000 1.6373235218745252
v 0.0082655791193247 0.0525946393609047 0.0493144057691097
vn 6.0458101690514763 0.0000000000000000 1.6373235218745255
v 0.0082655791193247 0.0473003461956978 0.0493144057691097
vn 6.0411612458252062 -0.0166000478328124 1.6542172636122126
v 0.0082655791193247 0.0529696606099606 0.0493144057691097
vn 5.7631128695601737 0.0180056876830386 2.4724726283300198
v 0.0085558872669935 0.0525946393609047 0.0485026575624943
vn 5.7556151819644832 0.0000000000000000 2.4874524242300944
v 0.0085558872669935 0.0473003461956978 0.0485026575624943
vn 5.7913366555403751 0.0000000000000000 2.4152796156203493
v 0.0085558872669935 0.0529696606099606 0.0485026575624943
vn 5.3696659271744700 -0.0692693296581331 3.2320024440302944
v 0.0088189467787743 0.0525946393609047 0.0479878671467304
vn 5.3784742448020104 0.0000000000000000 3.2206801982463271
v 0.0088189467787743 0.0473003461956978 0.0479878671467304
vn 4.8425360367980179 -0.3182573132223359 3.9440779783369999
v 0.0094394823536277 0.0525946393609047 0.0470937006175518
vn 4.9252265617368369 0.0015083116897854 3.8825705846724028
v 0.0094394823536277 0.0473003461956978 0.0470937006175518
vn 6.2206533656242069 0.0222293928551818 0.7475688359340634
v 0.0080623328685760 0.0458530336618423 0.0503975227475166
vn 3.2776285305882049 -2.6704172797333161 -1.5800268954763077
v 0.0080627007409930 0.0445584990084171 0.0503975637257099
vn 3.1393993252362753 -2.9392433939811227 -0.5974148011583162
v 0.0083499271422625 0.0453860498964787 0.0490349307656288
vn 6.2267533599340119 -0.0008957529008734 0.7056880138855407
v 0.0080623328685760 0.0463128983974457 0.0503975227475166
vn 6.0608848150740009 0.1105815744898640 1.5507765526475417
v 0.0082655791193247 0.0458530336618423 0.0493144057691097
vn 6.0458101690514763 0.0000000000000000 1.6373235218745252
v 0.0082655791193247 0.0463128983974457 0.0493144057691097
vn 5.6590052260984454 0.3405653392850106 2.6183112655739551
v 0.0085558872669935 0.0458530336618423 0.0485026575624943
vn 2.7915937545011831 -3.0087272613872096 0.5024579080993580
v 0.0088265137746930 0.0458530336618423 0.0479922145605087
vn 5.7556151819644841 0.0000000000000000 2.4874524242300948
v 0.0085558872669935 0.0463128983974457 0.0485026575624943
vn 5.3596829288702317 0.0587299690784027 3.2452099217606958
v 0.0088189467787743 0.0463128983974457 0.0479878671467304
vn 2.5266296019003547 -2.8407048604590099 1.0997909246489168
v 0.0094521166756749 0.0461533293128014 0.0471039675176144
vn 4.8834360177762921 0.3247992538761099 3.8849456321239368
v 0.0094394823536277 0.0463128983974457 0.0470937006175518
vn 2.3235392381477955 -3.0928530156006198 1.5366939654341489
v 0.0099957184866071 0.0463128983974457 0.0464842170476913
vn 4.5471411608161105 0.0147862356779646 4.3312585844980731
v 0.0099892197176814 0.0473003461956978 0.0464779138565063
vn 3.2282310263496781 2.4653673535929244 -1.9117149079915672
v 0.0080138118937612 -0.0440528802573681 0.0510576665401459
vn 3.2164214840464558 2.6993526417175415 -1.4511021557334325
v 0.0080777136608958 -0.0446451418101788 0.0502731464803219
vn 3.1450372273445635 2.9365961838646215 -0.7399369680934135
v 0.0082728099077940 -0.0452517420053482 0.0492885708808899
vn 2.9202773356720635 3.1363268932907324 0.2083808668142620
v 0.0086891259998083 -0.0457552038133144 0.0482360534369946
vn 2.5618373512436841 3.1958865699997858 1.1580324839220806
v 0.0094750048592687 -0.0461618192493916 0.0470751114189625
vn 1.4917935650000531 -5.1444651781143031 -1.9966425284348372
v 0.0645279288291931 -0.0393323898315430 -0.0056927609257400
vn 1.3827036779030775 -5.3534883977553829 -1.7919713198260265
v 0.0628602132201195 -0.0401879176497459 -0.0045156865380704
vn 1.6273892335834117 -4.8166123174624644 -2.2348264031062430
v 0.0661925822496414 -0.0383871309459209 -0.0067980773746967
vn 1.8024321264743328 -4.3423107300875134 -2.4971344714380486
v 0.0691310837864876 -0.0364752076566219 -0.0085799116641283
vn 1.9863449232698240 -3.8271930924692810 -2.7124890267106405
v 0.0719094574451447 -0.0343406759202480 -0.0100590391084552
vn 2.1396110680057565 -3.2920421650760230 -2.8854984211490513
v 0.0744128152728081 -0.0320891700685024 -0.0111979944631457
vn 2.2808744948288506 -2.7390992086333572 -3.0053656505903601
v 0.0766580477356911 -0.0297476649284363 -0.0120042245835066
vn 2.4040161367747439 -2.1809860861841233 -3.0635232566176480
v 0.0785702019929886 -0.0274553634226322 -0.0124638881534338
vn 2.4620544139450602 2.0587367573768636 -3.0868918065839708
v 0.0791364163160324 0.0267127323895693 -0.0125476568937302
vn 2.3618818334641616 2.4672088635146832 -3.0483034713752533
v 0.0778532326221466 0.0283510629087687 -0.0123205399140716
vn 2.2360008339362460 2.9458597442125289 -2.9691761148136644
v 0.0758561864495277 0.0306226219981909 -0.0117441779002547
vn 2.0934668292969207 3.4784995822673994 -2.8414490821491749
v 0.0736229941248894 0.0328369215130806 -0.0108618484809995
vn 1.9337024124371602 3.9867299897761859 -2.6638310776965359
v 0.0711545795202255 0.0349555835127831 -0.0096777528524399
vn 1.7605558186070802 4.4591782946321343 -2.4388192571355400
v 0.0685364156961441 0.0368894338607788 -0.0082370964810252
vn 1.5773268717645177 4.9032504119395401 -2.1615628311361337
v 0.0657065287232399 0.0386732891201973 -0.0064826067537069
vn 1.3823857734194511 5.2960072350604621 -1.8498596237497176
v 0.0628602132201195 0.0401879176497459 -0.0045156865380704
vn -2.8999221485020907 -3.0280622095298662 0.7463484548347992
v 0.0010999597143382 0.0367701947689056 -0.0011965584708378
vn -3.3788417324281488 -2.7637359925941869 1.4459230132535306
v 0.0010999597143382 0.0357251875102520 -0.0019940179772675
vn -3.3804066512090949 -3.0289182839525779 0.7441479839008969
v 0.0010999597143382 0.0360911116003990 -0.0010267036268488
vn -2.8999361043994520 -2.7614579872119807 1.4493319245167784
v 0.0010999597143382 0.0363427661359310 -0.0023235809057951
vn -3.3704113415793051 0.4082883667184044 -3.0930277975659513
v 0.0010999597143382 0.0313518941402435 0.0042628436349332
vn -3.3683867966162588 1.1351624289696511 -2.9061998097355008
v 0.0010999597143382 0.0303503461182117 0.0040049590170383
vn -2.8999258427163861 1.1058978019510524 -2.9160231781262453
v 0.0010999597143382 0.0301425382494926 0.0046750241890550
vn -3.3698165448563091 2.3234449581310304 2.0821297493567021
v 0.0010999597143382 0.0287129972130060 -0.0028693508356810
vn -2.8999247863726652 1.7716198905781022 2.5666247952300023
v 0.0010999597143382 0.0290752518922091 -0.0041148634627461
vn -2.8999379360686945 2.3343758775464361 2.0680678586543606
v 0.0010999597143382 0.0281730443239212 -0.0033155689015985
vn -3.3706106554931092 1.7590153056188509 2.5766465822882845
v 0.0010999597143382 0.0294907484203577 -0.0035510389134288
vn -2.8999326393836022 1.1058981928765077 2.9160244061905249
v 0.0010999597143382 0.0301425382494926 -0.0046750162728131
vn -2.8999357732474635 0.3759099239413784 -3.0959497057554279
v 0.0010999597143382 0.0313128717243671 0.0049634804017842
vn -3.3691438919880428 2.7534588327246903 1.4671287732375071
v 0.0010999597143382 0.0281205046921968 -0.0020216787233949
vn -2.8999304979624494 2.7614592668782381 1.4493272021567947
v 0.0010999597143382 0.0274883229285479 -0.0023235809057951
vn -3.3726911028391418 -0.3421328514174342 -3.1008471826888044
v 0.0010999597143382 0.0323860496282578 0.0042741270735860
vn -2.8999420141685919 -3.1186888625900919 -0.0000005431076637
v 0.0010999597143382 0.0369154773652554 0.0000000047683084
vn -3.3838881871702799 -3.1184355709137765 -0.0039574648766897
v 0.0010999597143382 0.0362154915928841 0.0000000047683084
vn -3.3714756314720464 1.0928455014685787 2.9220699737703688
v 0.0010999597143382 0.0304087754338980 -0.0040272977203131
vn -2.8999323973445867 0.3759150727089158 3.0959484367113435
v 0.0010999597143382 0.0313128717243671 -0.0049634766764939
vn -3.3685653468860708 3.0241834807049446 0.7672109806958894
v 0.0010999597143382 0.0277475491166115 -0.0010570492595434
vn -2.8999326193622199 3.0280634622135953 0.7463516568405747
v 0.0010999597143382 0.0270608998835087 -0.0011965584708378
vn -2.8999320750970332 -0.3759155641854321 -3.0959483155735521
v 0.0010999597143382 0.0325182266533375 0.0049634804017842
vn -3.3752430089928307 -1.0726711471820480 -2.9292167952576733
v 0.0010999597143382 0.0333929769694805 0.0040381615981460
vn -3.3724664660271975 0.3634865018492642 3.0984124860640407
v 0.0010999597143382 0.0314139612019062 -0.0042705885134637
vn -2.8999286991465807 -0.3759207130208362 3.0959470464925416
v 0.0010999597143382 0.0325182266533375 -0.0049634766764939
vn -3.3654418082561524 3.1201647759301752 0.0250518247481796
v 0.0010999597143382 0.0276157110929489 -0.0000312753363687
vn -2.8999297417794363 3.1186865389935878 -0.0000005431343021
v 0.0010999597143382 0.0269156098365784 0.0000000047683084
vn -2.8999239352392099 -3.0280629448259386 -0.7463468852724598
v 0.0010999597143382 0.0367701947689056 0.0011965645244345
vn -3.3867675509272583 -3.0240575379078405 -0.7593441780076224
v 0.0010999597143382 0.0360860824584961 0.0010469463886693
vn -3.3735443644106513 -0.3868802507895345 3.0954875978009548
v 0.0010999597143382 0.0324481800198555 -0.0042668273672462
vn -3.3628887508732079 3.0355169643885507 -0.7232598025674642
v 0.0010999597143382 0.0277326200157404 0.0009963106131181
vn -2.8999344061026058 3.0280641974860547 -0.7463500873220745
v 0.0010999597143382 0.0270608998835087 0.0011965645244345
vn -2.8999288227218276 -1.1059044410410923 -2.9160212637068752
v 0.0010999597143382 0.0336885415017605 0.0046750241890550
vn -3.3780383436225021 -1.7410312691777838 -2.5880948012156733
v 0.0010999597143382 0.0343144461512566 0.0035685854963958
vn -2.8999323616306030 -2.7614567322670442 -1.4493327907368143
v 0.0010999597143382 0.0363427661359310 0.0023235918488353
vn -3.3872973497864329 -2.7481347059716361 -1.4727510716589289
v 0.0010999597143382 0.0357056669890881 0.0020308785606176
vn -2.8999356194400123 -1.1059048320314906 2.9160224917401218
v 0.0010999597143382 0.0336885415017605 -0.0046750162728131
vn -2.8999378334736772 -1.7716151733962056 -2.5666310529375091
v 0.0010999597143382 0.0347558259963989 0.0041148667223752
vn -3.3835335631756926 -2.3107350421753408 -2.0941309711450771
v 0.0010999597143382 0.0350971370935440 0.0028925763908774
vn -3.3747074538557449 -1.1148015699697391 2.9134750171637394
v 0.0010999597143382 0.0334515646100044 -0.0040162317454815
vn -2.8999300604382636 -2.3343644823055159 -2.0680784725395633
v 0.0010999597143382 0.0356580466032028 0.0033155749551952
vn -3.3638832391014524 2.7749182575374238 -1.4271554946553142
v 0.0010999597143382 0.0280914939939976 0.0019662585109472
vn -2.8999267552054544 2.7614580119105314 -1.4493280683942897
v 0.0010999597143382 0.0274883229285479 0.0023235918488353
vn -2.8999326776763117 -1.7716124555311596 2.5666317427975045
v 0.0010999597143382 0.0347558259963989 -0.0041148634627461
vn -3.3759931550240601 -1.7781725678989340 2.5629162003551356
v 0.0010999597143382 0.0343661047518253 -0.0035333051346242
vn -3.3651247815483103 2.3537526279361130 -2.0484501310684817
v 0.0010999597143382 0.0286715887486935 0.0028224634006619
vn -2.8999385053622939 2.3343717813867428 -2.0680726448167008
v 0.0010999597143382 0.0281730443239212 0.0033155749551952
vn -2.8999294911438644 -2.3343685784688475 2.0680736863952633
v 0.0010999597143382 0.0356580466032028 -0.0033155689015985
vn -3.3773612776244382 -2.3386268268761548 2.0641084275559987
v 0.0010999597143382 0.0351388752460480 -0.0028459820896387
vn -3.3666268292983221 1.7964132096747916 -2.5511593002919195
v 0.0010999597143382 0.0294393468648195 0.0035153944045305
vn -2.8999299421696616 1.7716226084496352 -2.5666241053936814
v 0.0010999597143382 0.0290752518922091 0.0041148667223752
vn -2.8999326393836022 -1.1058981928765077 2.9160244061905249
v 0.0010999597143382 -0.0301425382494926 -0.0046750162728131
vn -2.8999323973445867 -0.3759150727089157 3.0959484367113435
v 0.0010999597143382 -0.0313128717243671 -0.0049634766764939
vn -2.8999309180787014 0.3759173288139902 3.0959478806313321
v 0.0010999597143382 -0.0325182154774666 -0.0049634766764939
vn -2.8999334005078916 1.1059014478246445 2.9160233258789119
v 0.0010999597143382 -0.0336885415017605 -0.0046750162728131
vn -2.8999420141685919 3.1186888625900915 -0.0000005431076636
v 0.0010999597143382 -0.0369154773652554 0.0000000047683084
vn -2.8999239352392099 3.0280629448259391 -0.7463468852724598
v 0.0010999597143382 -0.0367701947689056 0.0011965645244345
vn -2.8999326776763117 1.7716124555311594 2.5666317427975045
v 0.0010999597143382 -0.0347558259963989 -0.0041148634627461
vn -2.8999323616306025 2.7614567322670442 -1.4493327907368143
v 0.0010999597143382 -0.0363427661359310 0.0023235918488353
vn -2.8999294911438644 2.3343685784688475 2.0680736863952633
v 0.0010999597143382 -0.0356580466032028 -0.0033155689015985
vn -2.8999300604382632 2.3343644823055154 -2.0680784725395633
v 0.0010999597143382 -0.0356580466032028 0.0033155749551952
vn -2.8999361043994520 2.7614579872119811 1.4493319245167784
v 0.0010999597143382 -0.0363427661359310 -0.0023235809057951
vn -2.8999378334736776 1.7716151733962058 -2.5666310529375096
v 0.0010999597143382 -0.0347558259963989 0.0041148667223752
vn -2.8999221485020898 3.0280622095298662 0.7463484548347991
v 0.0010999597143382 -0.0367701947689056 -0.0011965584708378
vn -2.8999266038182530 1.1059010568749663 -2.9160220978235096
v 0.0010999597143382 -0.0336885415017605 0.0046750241890550
vn -2.8999342940006079 0.3759121800193064 -3.0959491496901865
v 0.0010999597143382 -0.0325182154774666 0.0049634804017842
vn -2.8999357732474635 -0.3759099239413785 -3.0959497057554284
v 0.0010999597143382 -0.0313128717243671 0.0049634804017842
vn -2.8999258427163861 -1.1058978019510524 -2.9160231781262453
v 0.0010999597143382 -0.0301425382494926 0.0046750241890550
vn -2.8999299421696612 -1.7716226084496354 -2.5666241053936809
v 0.0010999597143382 -0.0290752518922091 0.0041148667223752
vn -2.8999385053622939 -2.3343717813867428 -2.0680726448167008
v 0.0010999597143382 -0.0281730443239212 0.0033155749551952
vn -2.8999267552054544 -2.7614580119105314 -1.4493280683942895
v 0.0010999597143382 -0.0274883229285479 0.0023235918488353
vn -2.8999344061026053 -3.0280641974860547 -0.7463500873220745
v 0.0010999597143382 -0.0270608998835087 0.0011965645244345
vn -2.8999297417794363 -3.1186865389935878 -0.0000005431343021
v 0.0010999597143382 -0.0269156098365784 0.0000000047683084
vn -2.8999326193622199 -3.0280634622135958 0.7463516568405748
v 0.0010999597143382 -0.0270608998835087 -0.0011965584708378
vn -2.8999304979624494 -2.7614592668782385 1.4493272021567949
v 0.0010999597143382 -0.0274883229285479 -0.0023235809057951
vn -2.8999379360686950 -2.3343758775464356 2.0680678586543602
v 0.0010999597143382 -0.0281730443239212 -0.0033155689015985
vn -2.8999247863726652 -1.7716198905781020 2.5666247952300028
v 0.0010999597143382 -0.0290752518922091 -0.0041148634627461
vn -3.3944832038386630 -3.0306872073354030 0.7295569037039891
v 0.0010999597143382 -0.0277413781732321 -0.0010323995957151
vn -3.3707541606509239 -2.7598748675219151 1.4544388306461249
v 0.0010999597143382 -0.0281113535165787 -0.0020044017583132
vn -3.3772600341812913 2.3515364577956044 2.0491871607389633
v 0.0010999597143382 -0.0351569354534149 -0.0028254054486752
vn -3.3983401935128401 -3.1174687525085725 0.0244310361378275
v 0.0010999597143382 -0.0276156011968851 0.0000000047683084
vn -3.3726527963901964 0.3488646937626357 -3.1001739073250381
v 0.0010999597143382 -0.0323953703045845 0.0042730905115604
vn -3.3750571952783188 1.0769033645069088 -2.9277580704387480
v 0.0010999597143382 -0.0333988480269909 0.0040360093116760
vn -3.3762144270983998 1.7907823286095852 2.5539282712525884
v 0.0010999597143382 -0.0343837440013885 -0.0035210060887039
vn -3.3783535884537250 2.7746887186180631 1.4245755584042235
v 0.0010999597143382 -0.0357404872775078 -0.0019645155407488
vn -3.3629619458989382 -3.0307750516469447 -0.7431541859898253
v 0.0010999597143382 -0.0277392286807299 0.0010236727539450
vn -3.3752516528975414 1.1252215096972802 2.9092660899789258
v 0.0010999597143382 -0.0334661640226841 -0.0040106209926307
vn -3.3704981294251080 -0.3993276907573431 -3.0942625908379946
v 0.0010999597143382 -0.0313642919063568 0.0042644687928259
vn -3.3794932108812530 3.0354702138486340 0.7166867614085570
v 0.0010999597143382 -0.0361002683639526 -0.0009886947227642
vn -3.3743368958088267 0.3937936153964758 3.0944084908406371
v 0.0010999597143382 -0.0324578694999218 -0.0042656026780605
vn -3.3640219878652391 -2.7666081083382377 -1.4433314226706122
v 0.0010999597143382 -0.0281030051410198 0.0019884821958840
vn -3.3807346034903980 3.1186454580303433 -0.0330794477290415
v 0.0010999597143382 -0.0362152494490147 0.0000449642066087
vn -3.3685364946936014 -1.1246325582347789 -2.9103553545991003
v 0.0010999597143382 -0.0303649250417948 0.0040106265805662
vn -3.3735030559198611 -0.3607127463050623 3.0985083885338547
v 0.0010999597143382 -0.0314178392291069 -0.0042710425332189
vn -3.3652998874806617 -2.3433320508629807 -2.0604511936081567
v 0.0010999597143382 -0.0286860074847937 0.0028389431536198
vn -3.3668113067296876 -1.7853052551008157 -2.5590145979714620
v 0.0010999597143382 -0.0294547155499458 0.0035261670127511
vn -3.3820143706622252 3.0193676348051479 -0.7808833999828286
v 0.0010999597143382 -0.0360786840319633 0.0010759950382635
vn -3.3727197749638451 -1.0941527308093748 2.9213196615857346
v 0.0010999597143382 -0.0304069444537163 -0.0040266159921885
vn -3.3834047893844126 2.7434496486585100 -1.4829402419846016
v 0.0010999597143382 -0.0356985665857792 0.0020440774969757
vn -3.3719975799449204 -1.7635957290288333 2.5732055839113634
v 0.0010999597143382 -0.0294842962175608 -0.0035466218832880
vn -3.3815488671606113 2.3095151446738820 -2.0960539507101030
v 0.0010999597143382 -0.0350971370935440 0.0028925763908774
vn -3.3713537799657547 -2.3298844888231955 2.0745175566787646
v 0.0010999597143382 -0.0287038777023554 -0.0028591458685696
vn -3.3776628355771980 1.7429079603720126 -2.5869584442651736
v 0.0010999597143382 -0.0343170315027237 0.0035668467171490
vn -2.8999334137953423 -2.7614601220567385 1.4493267607247802
v 0.0010999597143382 0.0524265989661217 0.0540491379797459
vn -2.8999244254692025 -2.3343635301530252 2.0680779383385333
v 0.0010999597143382 0.0517418794333935 0.0530571490526199
vn -2.8999365346922126 1.1058992453802772 -2.9160247958107828
v 0.0010999597143382 0.0462263710796833 0.0610477440059185
vn -2.8999238708292205 1.7716166643314413 -2.5666268115131112
v 0.0010999597143382 0.0451590865850449 0.0604875944554806
vn -2.8999335475802672 1.7716123107192463 2.5666320428854172
v 0.0010999597143382 0.0451590865850449 0.0522578619420528
vn -2.8999285244001163 2.3343683495229213 2.0680736687883643
v 0.0010999597143382 0.0442568734288216 0.0530571490526199
vn -2.8999334137953423 2.7614601220567385 1.4493267607247799
v 0.0010999597143382 0.0435721538960934 0.0540491379797459
vn -2.8999397997121559 1.1059122050778485 2.9160205419685923
v 0.0010999597143382 0.0462263710796833 0.0516977086663246
vn -2.8999279731197309 -3.0280634424540529 0.7463480610316927
v 0.0010999597143382 0.0528540238738060 0.0551761612296104
vn -2.8999279731197309 3.0280634424540525 0.7463480610316927
v 0.0010999597143382 0.0431447289884090 0.0551761612296104
vn -2.8999241767971120 0.3759276102815403 3.0959453464321092
v 0.0010999597143382 0.0473966933786869 0.0514092408120632
vn -2.8999301784391003 0.3759184568763743 -3.0959476025875716
v 0.0010999597143382 0.0473966933786869 0.0613362044095993
vn -2.8999369722680708 3.1186879079945937 0.0000000000000000
v 0.0010999597143382 0.0429994426667690 0.0563727281987667
vn -2.8999369722680708 -3.1186879079945937 0.0000000000000000
v 0.0010999597143382 0.0529993101954460 0.0563727281987667
vn -2.8999249164536289 -0.3759264821950260 3.0959456244889982
v 0.0010999597143382 0.0486020483076572 0.0514092408120632
vn -2.8999309180787014 -0.3759173288139902 -3.0959478806313321
v 0.0010999597143382 0.0486020483076572 0.0613362044095993
vn -2.8999246852304976 3.0280616110470548 -0.7463528900156748
v 0.0010999597143382 0.0431447289884090 0.0575692951679230
vn -2.8999246852304976 -3.0280616110470544 -0.7463528900156748
v 0.0010999597143382 0.0528540238738060 0.0575692951679230
vn -2.8999357950526123 -1.1058981173178930 -2.9160250738545423
v 0.0010999597143382 0.0497723743319511 0.0610477440059185
vn -2.8999390600556390 -1.1059110769913345 2.9160208200254818
v 0.0010999597143382 0.0497723743319511 0.0516977086663246
vn -2.8999367016845765 -2.7614582906497409 -1.4493315897087620
v 0.0010999597143382 0.0524265989661217 0.0586963072419167
vn -2.8999367016845761 2.7614582906497409 -1.4493315897087622
v 0.0010999597143382 0.0435721538960934 0.0586963072419167
vn -2.8999279697670435 -1.7716118449830542 -2.5666310811039232
v 0.0010999597143382 0.0508396588265896 0.0604875944554806
vn -2.8999313655912928 -2.3343716900791343 -2.0680707093201427
v 0.0010999597143382 0.0517418794333935 0.0596882961690426
vn -2.8999376465111810 -1.7716074913493509 2.5666363124355867
v 0.0010999597143382 0.0508396588265896 0.0522578619420528
vn -2.8999354645291162 2.3343765094275213 -2.0680664397293311
v 0.0010999597143382 0.0442568734288216 0.0596882961690426
vn -2.8999334137953419 -2.7614601220567385 1.4493267607247802
v 0.0010999597143382 -0.0435721538960934 0.0540491379797459
vn -2.8999285244001163 -2.3343683495229208 2.0680736687883643
v 0.0010999597143382 -0.0442568734288216 0.0530571490526199
vn -2.8999357950526123 1.1058981173178932 -2.9160250738545428
v 0.0010999597143382 -0.0497723743319511 0.0610477440059185
vn -2.8999279697670435 1.7716118449830542 -2.5666310811039228
v 0.0010999597143382 -0.0508396588265896 0.0604875944554806
vn -2.8999376465111810 1.7716074913493509 2.5666363124355862
v 0.0010999597143382 -0.0508396588265896 0.0522578619420528
vn -2.8999244254692025 2.3343635301530252 2.0680779383385333
v 0.0010999597143382 -0.0517418794333935 0.0530571490526199
vn -2.8999334137953423 2.7614601220567385 1.4493267607247799
v 0.0010999597143382 -0.0524265989661217 0.0540491379797459
vn -2.8999390600556390 1.1059110769913345 2.9160208200254818
v 0.0010999597143382 -0.0497723743319511 0.0516977086663246
vn -2.8999279731197309 -3.0280634424540529 0.7463480610316927
v 0.0010999597143382 -0.0431447289884090 0.0551761612296104
vn -2.8999279731197305 3.0280634424540525 0.7463480610316927
v 0.0010999597143382 -0.0528540238738060 0.0551761612296104
vn -2.8999249164536289 0.3759264821950261 3.0959456244889987
v 0.0010999597143382 -0.0486020483076572 0.0514092408120632
vn -2.8999309180787018 0.3759173288139901 -3.0959478806313321
v 0.0010999597143382 -0.0486020483076572 0.0613362044095993
vn -2.8999369722680708 3.1186879079945937 0.0000000000000000
v 0.0010999597143382 -0.0529993101954460 0.0563727281987667
vn -2.8999369722680708 -3.1186879079945937 0.0000000000000000
v 0.0010999597143382 -0.0429994426667690 0.0563727281987667
vn -2.8999241767971120 -0.3759276102815402 3.0959453464321087
v 0.0010999597143382 -0.0473966933786869 0.0514092408120632
vn -2.8999301784391003 -0.3759184568763743 -3.0959476025875725
v 0.0010999597143382 -0.0473966933786869 0.0613362044095993
vn -2.8999246852304981 3.0280616110470548 -0.7463528900156748
v 0.0010999597143382 -0.0528540238738060 0.0575692951679230
vn -2.8999246852304976 -3.0280616110470544 -0.7463528900156748
v 0.0010999597143382 -0.0431447289884090 0.0575692951679230
vn -2.8999365346922126 -1.1058992453802770 -2.9160247958107823
v 0.0010999597143382 -0.0462263710796833 0.0610477440059185
vn -2.8999397997121559 -1.1059122050778485 2.9160205419685927
v 0.0010999597143382 -0.0462263710796833 0.0516977086663246
vn -2.8999367016845761 -2.7614582906497409 -1.4493315897087620
v 0.0010999597143382 -0.0435721538960934 0.0586963072419167
vn -2.8999367016845765 2.7614582906497409 -1.4493315897087622
v 0.0010999597143382 -0.0524265989661217 0.0586963072419167
vn -2.8999238708292205 -1.7716166643314413 -2.5666268115131117
v 0.0010999597143382 -0.0451590865850449 0.0604875944554806
vn -2.8999354645291162 -2.3343765094275213 -2.0680664397293311
v 0.0010999597143382 -0.0442568734288216 0.0596882961690426
vn -2.8999335475802672 -1.7716123107192465 2.5666320428854177
v 0.0010999597143382 -0.0451590865850449 0.0522578619420528
vn -2.8999313655912928 2.3343716900791343 -2.0680707093201427
v 0.0010999597143382 -0.0517418794333935 0.0596882961690426
vn -1.9699985430546261 -0.7491164125000040 5.4653904456268299
v 0.0608652606606483 -0.0112232742831111 -0.0076264441013336
vn -2.0922454817289182 -0.2546452041927057 5.4653514983699649
v 0.0610729381442070 -0.0120659125968814 -0.0076264441013336
vn -1.9782760237650958 0.7476942004712968 5.4584037164528203
v 0.0608652606606483 0.0112232742831111 -0.0076264441013336
vn -1.7415122213289651 1.1980612359331830 5.4591423865916626
v 0.0604619458317757 0.0104548344388604 -0.0076264441013336
vn 0.0048066067346549 2.0968345389896008 5.4731022487246310
v 0.0574992522597313 -0.0160997919738293 -0.0076264441013336
vn -2.1000711695027254 0.2541070488410831 5.4580316099332107
v 0.0610729381442070 -0.0129337627440691 -0.0076264441013336
vn -1.7327757564186583 -1.1997610434698855 5.4653873527640737
v 0.0604619458317757 0.0145448409020901 -0.0076264441013336
vn -1.9699982279411161 -0.7491160345205810 5.4653908407875686
v 0.0608652606606483 0.0137764010578394 -0.0076264441013336
vn -2.0922451554663994 -0.2546453339293050 5.4653517793690787
v 0.0610729381442070 0.0129337627440691 -0.0076264441013336
vn -0.5026801464364929 2.0428519447928375 5.4672127841586855
v 0.0583607517182827 -0.0159951820969582 -0.0076264441013336
vn -1.9782760237650958 0.7476942004712968 5.4584037164528221
v 0.0608652606606483 -0.0137764010578394 -0.0076264441013336
vn -2.1000712529654688 0.2541070838181964 5.4580315272114142
v 0.0610729381442070 0.0120659125968814 -0.0076264441013336
vn -0.9815623826083526 1.8661827721390278 5.4632535558218249
v 0.0591722317039967 -0.0156874451786280 -0.0076264441013336
vn 1.7379503892250219 -1.1886560035966374 5.4664390469359860
v 0.0545365214347839 0.0145448409020901 -0.0076264441013336
vn 1.4031409254573239 -1.5706021605929978 5.4661031150761179
v 0.0551120117306709 0.0151944430544972 -0.0076264441013336
vn 0.9863724167137349 -1.8613643117545013 5.4658036636729284
v 0.0558262616395950 0.0156874358654022 -0.0076264441013336
vn -1.7415132298293146 1.1980605854743998 5.4591420442444116
v 0.0604619458317757 -0.0145448409020901 -0.0076264441013336
vn -1.4027811056704595 1.5786000497290475 5.4606669147495950
v 0.0598864518105984 -0.0151944430544972 -0.0076264441013336
vn 1.7379505606066896 -1.1886629060437790 5.4664353894455555
v 0.0545365214347839 -0.0104548344388604 -0.0076264441013336
vn 1.3870443207664551 1.5748213616998810 5.4717817157550224
v 0.0551120117306709 0.0098052341490984 -0.0076264441013336
vn 1.7244826922041574 1.1988881101951945 5.4704017153005449
v 0.0545365214347839 0.0104548344388604 -0.0076264441013336
vn 1.9713449896413686 -0.7379768219452871 5.4668431065301482
v 0.0541332401335239 0.0137764010578394 -0.0076264441013336
vn 0.4978315111048280 2.0342247802110762 5.4753198675184338
v 0.0566377155482769 -0.0159951820969582 -0.0076264441013336
vn 0.9699961894464899 1.8586734317727021 5.4734153792221045
v 0.0558262616395950 -0.0156874451786280 -0.0076264441013336
vn 1.4031440915001068 -1.5706032494269953 5.4661007946473150
v 0.0551120117306709 -0.0098052341490984 -0.0076264441013336
vn 0.5118013648035260 -2.0437825971127106 5.4656259656844863
v 0.0566377155482769 0.0159951820969582 -0.0076264441013336
vn 1.3870478197211233 1.5748162813648268 5.4717832858792832
v 0.0551120117306709 -0.0151944430544972 -0.0076264441013336
vn 1.7244831944413002 1.1988876913650053 5.4704016146623271
v 0.0545365214347839 -0.0145448409020901 -0.0076264441013336
vn 1.9624576879605398 0.7527122870894397 5.4691471985180042
v 0.0541332401335239 -0.0137764010578394 -0.0076264441013336
vn 2.0866498791144843 0.2619001239390443 5.4682628633136661
v 0.0539255291223526 -0.0129337627440691 -0.0076264441013336
vn 2.0897505808348935 -0.2448414787284197 5.4674999120161161
v 0.0539255291223526 -0.0120659125968814 -0.0076264441013336
vn 0.9863743817853055 -1.8613587096569653 5.4658068920124361
v 0.0558262616395950 -0.0093122366815805 -0.0076264441013336
vn 0.9700039142831187 1.8586816885983815 5.4734062479530285
v 0.0558262616395950 0.0093122366815805 -0.0076264441013336
vn 2.0866498791144843 0.2619001239390443 5.4682628633136661
v 0.0539255291223526 0.0120659125968814 -0.0076264441013336
vn 2.0897505808348935 -0.2448414787284197 5.4674999120161161
v 0.0539255291223526 0.0129337627440691 -0.0076264441013336
vn 1.9713533989045950 -0.7379751126315344 5.4668364332016539
v 0.0541332401335239 -0.0112232742831111 -0.0076264441013336
vn 1.9624576879605398 0.7527122870894397 5.4691471985180042
v 0.0541332401335239 0.0112232742831111 -0.0076264441013336
vn 0.0070847106290572 -2.1071234182899210 5.4655117588252091
v 0.0574992522597313 0.0160997919738293 -0.0076264441013336
vn -1.4027796155162855 1.5786045812624308 5.4606645178583051
v 0.0598864518105984 0.0098052341490984 -0.0076264441013336
vn 0.5117905932722914 -2.0437811062812727 5.4656298702137978
v 0.0566377155482769 -0.0090044932439923 -0.0076264441013336
vn 0.4978358234163444 2.0342211557739893 5.4753215514815832
v 0.0566377155482769 0.0090044932439923 -0.0076264441013336
vn -0.4982561954550691 -2.0475768366724156 5.4654324851602230
v 0.0583607517182827 0.0159951820969582 -0.0076264441013336
vn 0.0070893056687153 -2.1071215023882792 5.4655135268364559
v 0.0574992522597313 -0.0088998842984438 -0.0076264441013336
vn 0.0048060167544116 2.0968352661159155 5.4731017059310938
v 0.0574992522597313 0.0088998842984438 -0.0076264441013336
vn -1.3944014181344904 -1.5802868944844828 5.4653975643523118
v 0.0598864518105984 -0.0098052341490984 -0.0076264441013336
vn -1.7327750502989128 -1.1997615785823266 5.4653875383675032
v 0.0604619458317757 -0.0104548344388604 -0.0076264441013336
vn -0.9747048452994507 -1.8684702175398384 5.4654250627193948
v 0.0591722317039967 0.0156874358654022 -0.0076264441013336
vn -1.3943933963921775 -1.5802838014354019 5.4654042192562411
v 0.0598864518105984 0.0151944430544972 -0.0076264441013336
vn -0.4982508029629448 -2.0475878492402630 5.4654239335423549
v 0.0583607517182827 -0.0090044932439923 -0.0076264441013336
vn -0.5026807855810995 2.0428483625006186 5.4672154740637993
v 0.0583607517182827 0.0090044932439923 -0.0076264441013336
vn -0.9747088478063262 -1.8684695020758373 5.4654236153700451
v 0.0591722317039967 -0.0093122366815805 -0.0076264441013336
vn -0.9815757265290115 1.8661977767821392 5.4632363654434446
v 0.0591722317039967 0.0093122366815805 -0.0076264441013336
vn -3.1317178508064583 -0.1758553273283547 3.0294044863562055
v 0.0406994521617889 -0.0097998734563589 -0.0076264441013336
vn -3.0435599087349137 -0.6946852806052141 2.9171621724225001
v 0.0405615717172623 -0.0085760233923793 -0.0076264441013336
vn -2.8126791524718171 -1.3545288562313940 2.9172239884084061
v 0.0401547774672508 -0.0074135446920991 -0.0076264441013336
vn -2.4407617992441422 -1.9464193405379608 2.9171820711290537
v 0.0394995473325253 -0.0063707255758345 -0.0076264441013336
vn -1.9464254735379738 -2.4407577249641648 2.9171857010255988
v 0.0386286787688732 -0.0054998565465212 -0.0076264441013336
vn -1.3545115361219073 -2.8126836711840406 2.9172044059264226
v 0.0375858433544636 -0.0048446101136506 -0.0076264441013336
vn -0.6946793546715301 -3.0435659999996747 2.9171884385535276
v 0.0364233776926994 -0.0044378405436873 -0.0076264441013336
vn -0.1758722605919192 -3.1317159429912680 3.0293936381017312
v 0.0351995229721069 -0.0042999461293221 -0.0076264441013336
vn -1.7327750502989128 -1.1997615785823266 5.4653875383675015
v 0.0354622714221478 -0.0104548344388604 -0.0076264441013336
vn 0.9699930853869854 1.8586667881885997 5.4734219271014624
v 0.0308265890926123 -0.0156874451786280 -0.0076264441013336
vn 1.3870432665057200 1.5748195100258695 5.4717839240156128
v 0.0301123391836882 -0.0151944430544972 -0.0076264441013336
vn 1.7379456506312416 -1.1886532542905508 5.4664437048838019
v 0.0295368451625109 -0.0104548344388604 -0.0076264441013336
vn 1.4031473706480775 -1.5706101497673060 5.4660942433054993
v 0.0301123391836882 -0.0098052341490984 -0.0076264441013336
vn 0.9863680275580544 -1.8613584424650291 5.4658098049324142
v 0.0308265890926123 -0.0093122366815805 -0.0076264441013336
vn -1.9699986063729185 -0.7491135308034629 5.4653911177547725
v 0.0358655862510204 -0.0112232742831111 -0.0076264441013336
vn -2.0922519923354432 -0.2546397929881278 5.4653464065212356
v 0.0360732600092888 -0.0120659125968814 -0.0076264441013336
vn -2.1000782419114423 0.2541013579578136 5.4580259956452970
v 0.0360732600092888 -0.0129337627440691 -0.0076264441013336
vn -1.9782761357819942 0.7476915892359652 5.4584042680947897
v 0.0358655862510204 -0.0137764010578394 -0.0076264441013336
vn -1.7415132298293146 1.1980605854743998 5.4591420442444107
v 0.0354622714221478 -0.0145448409020901 -0.0076264441013336
vn 1.9713216423197055 -0.7379555269044001 5.4668689949225149
v 0.0291335619986057 -0.0112232742831111 -0.0076264441013336
vn 0.4978308871027400 2.0342268738887808 5.4753183854051022
v 0.0316380485892296 -0.0159951820969582 -0.0076264441013336
vn 0.5117895952291859 -2.0437806300347212 5.4656306998995108
v 0.0316380485892296 -0.0090044932439923 -0.0076264441013336
vn 0.0048083137944908 2.0968344805049512 5.4731022601382762
v 0.0324995778501034 -0.0160997919738293 -0.0076264441013336
vn 2.0897704004002131 -0.2448375979855119 5.4674836681402343
v 0.0289258658885956 -0.0120659125968814 -0.0076264441013336
vn 0.0070908256401175 -2.1071205612715840 5.4655143012724148
v 0.0324995778501034 -0.0088998842984438 -0.0076264441013336
vn 2.0866767637520125 0.2619024892315187 5.4682387842544005
v 0.0289258658885956 -0.0129337627440691 -0.0076264441013336
vn -0.4982516307292300 -2.0475859937639473 5.4654253948221969
v 0.0333610773086548 -0.0090044932439923 -0.0076264441013336
vn -1.4027767408889400 1.5785980792310521 5.4606709885616036
v 0.0348867774009705 -0.0151944430544972 -0.0076264441013336
vn -0.9815608061684205 1.8661781587213802 5.4632579650072417
v 0.0341725572943687 -0.0156874451786280 -0.0076264441013336
vn -0.5026820760367514 2.0428538224141102 5.4672105723992424
v 0.0333610773086548 -0.0159951820969582 -0.0076264441013336
vn 1.9624375555343594 0.7526809174055559 5.4691736258625738
v 0.0291335619986057 -0.0137764010578394 -0.0076264441013336
vn -0.9747068108211661 -1.8684685599488624 5.4654252274799795
v 0.0341725572943687 -0.0093122366815805 -0.0076264441013336
vn 1.7244788600638634 1.1988913135049093 5.4704028762641990
v 0.0295368451625109 -0.0145448409020901 -0.0076264441013336
vn -1.3944014181344904 -1.5802868944844828 5.4653975643523109
v 0.0348867774009705 -0.0098052341490984 -0.0076264441013336
vn -0.1758716741268418 3.1317160090694718 3.0293940138193927
v 0.0351995229721069 0.0042999433353543 -0.0076264441013336
vn -0.6946787682064525 3.0435660660778776 2.9171880628358680
v 0.0364233776926994 0.0044378372840583 -0.0076264441013336
vn -1.3545128135219320 2.8126828685523972 2.9172034455019125
v 0.0375858433544636 0.0048446068540215 -0.0076264441013336
vn -1.9464255631122260 2.4407581101576583 2.9171877308687462
v 0.0386286787688732 0.0054998546838760 -0.0076264441013336
vn -2.4407609476322145 1.9464199932680808 2.9171805993957189
v 0.0394995473325253 0.0063707218505442 -0.0076264441013336
vn -2.8126797478586636 1.3545275805080719 2.9172238911891331
v 0.0401547774672508 0.0074135418981314 -0.0076264441013336
vn -3.0435601827954848 0.6946844078322836 2.9171625872983871
v 0.0405615717172623 0.0085760224610567 -0.0076264441013336
vn -3.1317178656940281 0.1758551951837292 3.0294045710142887
v 0.0406994521617889 0.0097998734563589 -0.0076264441013336
vn -1.8662584450739286 0.9815982960319272 5.4631822869623106
v 0.0356871560215950 0.0108268586918712 -0.0076264441013336
vn -1.5785705650219160 1.4027808426631125 5.4606833209269485
v 0.0351941846311092 0.0101126283407211 -0.0076264441013336
vn 1.1997584156545886 1.7327917039451939 5.4653755827092620
v 0.0304545555263758 0.0095371352508664 -0.0076264441013336
vn 1.5803467726844809 1.3944457140821220 5.4653305787048749
v 0.0298049729317427 0.0101126283407211 -0.0076264441013336
vn 1.1886847177560704 -1.7379411049675402 5.4664313123171464
v 0.0304545555263758 0.0154625391587615 -0.0076264441013336
vn 0.7379532344913891 -1.9712810179474010 5.4669024690064054
v 0.0312230139970779 0.0158658549189568 -0.0076264441013336
vn 1.8685278690034228 0.9747320157812318 5.4653667632156653
v 0.0293119680136442 0.0108268586918712 -0.0076264441013336
vn -2.0968925177163089 -0.0047897565573103 5.4730540228858269
v 0.0360995009541512 0.0124998372048140 -0.0076264441013336
vn -2.0427600308656073 0.5026428196087664 5.4672975387296923
v 0.0359949246048927 0.0116383088752627 -0.0076264441013336
vn 0.7491059935385574 1.9700171134091256 5.4653794596657779
v 0.0312230139970779 0.0091338232159615 -0.0076264441013336
vn -1.8587010075660952 -0.9700333823619268 5.4733808839599156
v 0.0356871560215950 0.0141728166490793 -0.0076264441013336
vn -2.0341864671872116 -0.4978262697238771 5.4753501293963858
v 0.0359949246048927 0.0133613664656878 -0.0076264441013336
vn 0.2448170625621064 -2.0897683388602086 5.4674881763322283
v 0.0320656523108482 0.0160735398530960 -0.0076264441013336
vn 2.0476305551386109 0.4982672868666380 5.4653826444807647
v 0.0290042329579592 0.0116383088752627 -0.0076264441013336
vn -0.2619051751342357 -2.0866376132085751 5.4682736419176674
v 0.0329335033893585 0.0160735398530960 -0.0076264441013336
vn 0.2546653015695509 2.0922058072914367 5.4653844211251057
v 0.0320656523108482 0.0089261317625642 -0.0076264441013336
vn 2.1071373417397727 -0.0070973285827295 5.4654979396031802
v 0.0288996137678623 0.0124998372048140 -0.0076264441013336
vn -0.2541189213306665 2.1000545180568002 5.4580442145062369
v 0.0329335033893585 0.0089261317625642 -0.0076264441013336
vn 2.0438055582086965 -0.5118143503705970 5.4656038393412851
v 0.0290042329579592 0.0133613664656878 -0.0076264441013336
vn -0.7526594185390509 -1.9623688644482109 5.4692374337582175
v 0.0337761119008064 0.0158658549189568 -0.0076264441013336
vn -1.1989159414056343 -1.7244856473288597 5.4703876513926479
v 0.0345445610582829 0.0154625391587615 -0.0076264441013336
vn -1.5747779027062769 -1.3870245454137249 5.4718219607197227
v 0.0351941846311092 0.0148870470002294 -0.0076264441013336
vn -0.7477224856430000 1.9783301037122987 5.4583496850220392
v 0.0337761119008064 0.0091338232159615 -0.0076264441013336
vn 1.8613622327637422 -0.9863618664000889 5.4658085106283769
v 0.0293119680136442 0.0141728166490793 -0.0076264441013336
vn -1.1980645329124140 1.7414988778654004 5.4591519333789851
v 0.0345445610582829 0.0095371352508664 -0.0076264441013336
vn 1.5706470291797650 -1.4032135126090262 5.4660303291823862
v 0.0298049729317427 0.0148870470002294 -0.0076264441013336
vn 1.1626201780608496 -5.7722353354691442 -1.2223754362511183
v 0.0605236552655697 -0.0412418842315674 -0.0024798857048154
vn 3.0905026075508717 3.7889293534286619 1.1240566161914787
v 0.0859196782112122 0.0134731447324157 -0.0082520702853799
vn 3.0440448271268710 3.7898345806604361 1.3197436382826084
v 0.0859078317880630 0.0135105242952704 -0.0083366623148322
vn 3.0862034759278330 3.7017675882143060 1.4892216575094950
v 0.0859002768993378 0.0135343940928578 -0.0083847353234887
vn 1.2630330243012846 -5.5599580067513550 -1.5668468821437140
v 0.0616425983607769 -0.0407566204667091 -0.0035664967726916
vn 3.0981691384439505 3.8579273009248580 0.9032535478610217
v 0.0859353318810463 0.0134235462173820 -0.0081136012449861
vn 3.0979640334638447 3.9089722521493817 0.6929148028882984
v 0.0859441533684731 0.0133955264464021 -0.0080117052420974
vn 3.0770847259731742 3.5725090247572502 1.7261784728665062
v 0.0858609899878502 0.0136573920026422 -0.0085855489596725
vn 3.1131503565131458 3.9445337895807198 0.4600314530224781
v 0.0859521180391312 0.0133701069280505 -0.0078843636438251
vn 3.0348640789793691 3.4553608296241043 1.9067405171876590
v 0.0858509242534637 0.0136886723339558 -0.0086278934031725
vn 3.0625320686614725 3.3509872005309740 2.0374603927927608
v 0.0858318135142326 0.0137479016557336 -0.0087010832503438
vn 3.0954931847905547 3.9639667706918185 0.2332201513866256
v 0.0859573036432266 0.0133535563945770 -0.0077356914989650
vn 3.0811527546665043 3.9645134346356254 0.0688710792928776
v 0.0859582573175430 0.0133505472913384 -0.0076692323200405
vn 3.0615158381714744 3.2034825885976703 2.2044362549610321
v 0.0857995077967644 0.0138474497944117 -0.0088073415681720
vn 3.1304851209714002 3.9612257461091716 -0.1441896838996877
v 0.0859582573175430 0.0133505072444677 -0.0075854975730181
vn 3.0544637964817145 3.0407839182145491 2.3644819966483097
v 0.0857757851481438 0.0139200193807483 -0.0088739721104503
vn 3.0672949342983586 2.8589834413135922 2.5146230166176524
v 0.0857393592596054 0.0140307378023863 -0.0089616933837533
vn 2.9623531340529441 1.6279454282689394 1.3997272931261224
v 0.0848561301827431 -0.0164631772786379 -0.0083886533975601
vn 2.9947874329843693 1.7045259948689973 1.2194346767722075
v 0.0848323777318001 -0.0165230147540569 -0.0082604466006160
vn 2.9663334703303561 1.7864590390913739 0.9973482903922932
v 0.0848128497600555 -0.0165720246732235 -0.0081265289336443
vn 2.9823425995967394 1.5337952627048468 1.5613354936892647
v 0.0848573222756386 -0.0164602063596249 -0.0083943372592330
vn 2.9799374283652620 1.8416117430199339 0.8069490874845191
v 0.0848067179322243 -0.0165873337537050 -0.0080756731331348
vn 3.0050559075959646 1.8896272218829016 0.5526075034385318
v 0.0847911834716797 -0.0166261941194534 -0.0079044317826629
vn 3.0375078457880229 2.6718437954776135 2.6523888530671895
v 0.0856979340314865 0.0141553059220314 -0.0090438183397055
vn 3.0123977187548441 1.3867601558552543 1.8023022318691335
v 0.0849036946892738 -0.0163426175713539 -0.0085850236937404
vn 3.0213972916047194 2.5302666328027357 2.7391870742599056
v 0.0856850296258926 0.0141939455643296 -0.0090661849826574
vn 2.9618488281896118 1.2708289580141519 1.9659168089054830
v 0.0849312245845795 -0.0162724070250988 -0.0086764832958579
vn 2.9728035799922172 1.1746428032567804 2.0795577939517851
v 0.0849382728338242 -0.0162543784826994 -0.0086979903280735
vn 3.0706915068979854 2.3602448209823783 2.8256205521157387
v 0.0856542065739632 0.0142856948077679 -0.0091138826683164
vn 2.9524398463764507 1.9189457758287358 0.3081934702814120
v 0.0847838893532753 -0.0166443940252066 -0.0077582593075931
vn 3.0721664440039165 3.9387888222712419 -0.6081501980245940
v 0.0859497338533401 0.0133777158334851 -0.0073243738152087
vn 3.1073268561902818 3.9012467715411860 -0.7979385711780274
v 0.0859404355287552 0.0134072862565517 -0.0071952743455768
vn 3.1039660204879862 3.9620358305577450 -0.4130768774713963
v 0.0859509930014610 0.0133736468851566 -0.0073470706120133
vn 3.0783909619309848 3.8412724666708220 -1.0221279999004083
v 0.0859253853559494 0.0134550947695971 -0.0070470753125846
vn 2.9472649902218140 1.9280939985855572 0.1564859473107931
v 0.0847832188010216 -0.0166460424661636 -0.0077354586683214
vn 3.0093901430174728 1.0042728677534352 2.2530145106546646
v 0.0849759355187416 -0.0161575786769390 -0.0088020237162709
vn 2.9561207318714406 1.8154019438243434 -0.0816262308099378
v 0.0847818180918694 -0.0166495237499475 -0.0076103308238089
vn 3.0878877027171856 3.7704089719952014 -1.2158177372708852
v 0.0859187692403793 0.0134760346263647 -0.0069939754903316
vn 2.9917877292553716 0.8207392587578957 2.4182961318886336
v 0.0850232616066933 -0.0160349514335394 -0.0089112017303705
vn 3.0437360153950976 2.1079196726642846 2.9381646230821898
v 0.0855823680758476 0.0144968619570136 -0.0091977668926120
vn 3.0181831357266224 1.9152258393400623 3.0071574464017790
v 0.0855758711695671 0.0145157417282462 -0.0092036798596382
vn 3.1154796814827450 3.6597976486899588 -1.4601000784760558
v 0.0858924537897110 0.0135589139536023 -0.0068225376307964
vn 2.9927900141398096 0.6525221512275833 2.5458722479799687
v 0.0850461795926094 -0.0159751623868942 -0.0089571261778474
vn 3.0515980921257597 1.7244646756943762 3.0530908031030037
v 0.0855243578553200 0.0146648893132806 -0.0092419814318419
vn 3.0014001541200019 0.4650486940346891 2.6651942292475539
v 0.0850934535264969 -0.0158511046320200 -0.0090397596359253
vn 2.9729186023550249 0.3201342379998577 2.7474527386267757
v 0.0851286500692368 -0.0157580450177193 -0.0090918671339750
vn 3.0160971980105074 1.4810385323100155 3.1089281386564154
v 0.0854715928435326 0.0148159675300121 -0.0092661511152983
vn 3.0168119737969996 0.1062061836836863 2.8465205017297599
v 0.0851425528526306 -0.0157210845500231 -0.0091104181483388
vn 3.0401853763276501 1.3199117839659651 3.1110457251497827
v 0.0854710489511490 0.0148175479844213 -0.0092663280665874
vn 3.0443318914069355 1.0703684973073553 3.1222085052187976
v 0.0853809043765068 0.0150715643540025 -0.0092747202143073
vn 3.0196166472729065 -0.1341218116369403 2.9494690548671398
v 0.0852296799421310 -0.0154872480779886 -0.0092026414349675
vn 3.0014516432017735 0.8182003321899536 3.1140054623687625
v 0.0853550210595131 0.0151435937732458 -0.0092700049281120
vn 2.9873901163239762 -0.2963679165161499 3.0114423379603936
v 0.0852419808506966 -0.0154538694769144 -0.0092125758528709
vn 3.0245899082764045 -0.5171771672400954 3.0619061866541406
v 0.0852855592966080 -0.0153351509943604 -0.0092418976128101
vn 3.0224467227266754 0.6569157116432023 3.0899817089155124
v 0.0853234604001045 0.0152309620752931 -0.0092600556090474
vn 3.0121515799611589 0.4347660640032880 3.0442831328330469
v 0.0852663367986679 0.0153877101838589 -0.0092301787808537
vn 3.0149834493311953 0.2173872451857854 2.9802203611461007
v 0.0852385014295578 0.0154633596539497 -0.0092099308967590
vn 3.0128738955116297 -0.7197540405096255 3.1004632935076231
v 0.0853416770696640 -0.0151806622743607 -0.0092664789408445
vn 3.0275608248990515 -0.9390738196115778 3.1205168301182287
v 0.0853587687015533 -0.0151332141831517 -0.0092710033059120
vn 3.0488802146550498 -1.2228759263643714 3.1200374019930068
v 0.0854349136352539 -0.0149198761209846 -0.0092743271961808
vn 3.0259370707231215 -0.0158579785751708 2.8831339137588547
v 0.0851739645004272 0.0156372077763081 -0.0091481572017074
vn 3.0130509583484493 -1.4129758427250987 3.1098533277321243
v 0.0854748263955116 -0.0148067176342010 -0.0092649469152093
vn 3.0267613100904818 -1.5883114557499671 3.0827017609546594
v 0.0854923501610756 -0.0147567680105567 -0.0092583168298006
vn 3.0463919507095616 -1.8219216607412041 3.0296609374050361
v 0.0855481922626495 -0.0145961502566934 -0.0092262849211693
vn 3.0495617689246091 -2.0594203340480934 2.9561784655716963
v 0.0855857282876968 -0.0144870225340128 -0.0091946385800838
vn 3.0647465907431131 -2.3053185981189364 2.8532120478832841
v 0.0856336057186127 -0.0143465241417289 -0.0091413781046867
vn 3.0018295180645369 -0.9834932382198199 2.2743165638154506
v 0.0849856361746788 0.0161324590444565 -0.0088259791955352
vn 2.9991345257365754 -0.7915891228625533 2.4406687950349504
v 0.0850208252668381 0.0160412918776274 -0.0089060459285975
vn 2.9779907825181060 -0.2562259655950599 2.7797395180126303
v 0.0851253420114517 0.0157667547464371 -0.0090871946886182
vn 2.9829223174169099 -0.3945188103224425 2.7063440114789330
v 0.0851179957389832 0.0157862752676010 -0.0090767992660403
vn 3.0156439638110211 -0.5698624055599671 2.5982717514140736
v 0.0850643813610077 0.0159275736659765 -0.0089908745139837
vn 2.9834328637681908 -1.1535553757934869 2.1023088904892235
v 0.0849409699440002 0.0162474382668734 -0.0087059941142797
vn 3.0291670320126594 -2.4855520807881657 2.7620567710740351
v 0.0856839045882225 -0.0141973160207272 -0.0090679815039039
vn 2.9690697323095692 -1.2708669435912572 1.9647626062325574
v 0.0849291905760765 0.0162775982171297 -0.0086701894178987
vn 3.0288965100879213 -2.6239856763840628 2.6838276835665953
v 0.0856882631778717 -0.0141842458397150 -0.0090606454759836
vn 3.0141722689572350 -1.3977875174144783 1.7862429238386934
v 0.0849007666110992 0.0163500476628542 -0.0085747428238392
vn 2.9897680265607174 0.4384364460191850 -2.6949932267238408
v 0.0851076766848564 -0.0158135648816824 -0.0061912932433188
vn 3.0049568692579003 0.2352509467819067 -2.8051607565617500
v 0.0851223245263100 -0.0157748460769653 -0.0061699957586825
vn 3.0215865091249996 0.6257051425231573 -2.5710397956564863
v 0.0850545465946198 -0.0159533433616161 -0.0062800333835185
vn 2.9822606950269286 0.8433651408312304 -2.4105535448968651
v 0.0850044637918472 -0.0160837601870298 -0.0063824681565166
vn 2.9973733989947595 0.9965850385105454 -2.2710271974383391
v 0.0849950686097145 -0.0161081012338400 -0.0064041195437312
vn 3.0307392463985199 1.1896282645591987 -2.0604469285432017
v 0.0849336311221123 -0.0162662286311388 -0.0065691228955984
vn 2.9694305800852128 1.3776243247843833 -1.8264929866468214
v 0.0848946645855904 -0.0163655765354633 -0.0067008850164711
vn 2.9645089897346923 1.4725311870813367 -1.6869136685831725
v 0.0848900228738785 -0.0163773372769356 -0.0067184506915510
vn 3.0259989087856014 1.5826917341254985 -1.4799466316155931
v 0.0848607569932938 -0.0164514966309071 -0.0068422174081206
vn 2.9868332199666274 1.7253798194910610 -1.1918965317667805
v 0.0848225578665733 -0.0165476556867361 -0.0070555470883846
vn 2.9602094789126476 1.7887658174010448 -0.9982494164429538
v 0.0848204493522644 -0.0165530052036047 -0.0070702950470150
vn 3.0033011121129514 1.8451674516618741 -0.7848608344483406
v 0.0848020464181900 -0.0165990237146616 -0.0072208894416690
vn 2.9552672895213128 1.8852268819250817 -0.5517310466270281
v 0.0847894474864006 -0.0166305229067802 -0.0073750852607191
vn 2.9734172531579697 1.9147822126092275 -0.3565032695173458
v 0.0847885832190514 -0.0166326351463795 -0.0073891836218536
vn 2.9900521369204793 -1.5547850829114853 1.5347716830443812
v 0.0848561897873878 0.0164630748331547 -0.0083884429186583
vn 3.0803285216481608 -2.8345809435752440 2.5322696064734918
v 0.0857309848070145 -0.0140560176223516 -0.0089798476547003
vn 2.9725644160254503 -1.6523600219139301 1.3449408205873428
v 0.0848496928811073 0.0164794642478228 -0.0083560599014163
vn 3.0598386256053884 -3.0371224155778958 2.3663231014452277
v 0.0857782661914825 -0.0139124989509583 -0.0088672880083323
vn 3.0576335583367231 -3.2005952314326427 2.2086040923303489
v 0.0857966989278793 -0.0138560598716140 -0.0088153975084424
vn 2.9995457248443027 -1.7376505667452555 1.1314626840292121
v 0.0848242715001106 0.0165434256196022 -0.0082088643684983
vn 3.0685638338620080 -3.3521294607055943 2.0340115751198042
v 0.0858331024646759 -0.0137439807876945 -0.0086964424699545
vn 2.9596834730899237 -1.8160711915774925 0.9083700754020809
v 0.0848060771822929 0.0165889747440815 -0.0080702472478151
vn 3.0410033027792003 -3.4671739139785362 1.8882408853296995
v 0.0858530253171921 -0.0136821614578366 -0.0086194928735495
vn 2.9870446243713009 -1.8594587229979842 0.7227183274235915
v 0.0848045200109482 0.0165928751230240 -0.0080560613423586
vn 3.0881498366000848 -3.5965475669959961 1.6842323550559182
v 0.0858652666211128 -0.0136440526694059 -0.0085668545216322
vn 3.0027316202856627 -1.9068535087825955 0.4444914462487073
v 0.0847863554954529 0.0166381727904081 -0.0078202122822404
vn 3.0786362503924747 -3.7328764105546175 1.4461616737242429
v 0.0859055444598198 -0.0135177141055465 -0.0083511481061578
vn 3.0654881688720756 -3.7411018975739214 1.2513451109348819
v 0.0859092175960541 -0.0135061843320727 -0.0083270575851202
vn 2.9470728701350524 -1.9257482434542637 0.2123920109202168
v 0.0847830995917320 0.0166463721543550 -0.0077297720126808
vn 2.9646647434274418 -1.9220523456866565 0.0430654702337580
v 0.0847819969058037 0.0166490934789181 -0.0076696835458279
vn 2.9411196151639349 -1.8117158479278730 -0.2048471495877268
v 0.0847830995917320 0.0166463050991297 -0.0075193089433014
vn 2.9895931769479502 -0.0419704269582251 -2.9123095793055516
v 0.0851714536547661 0.0156439263373613 -0.0061075277626514
vn 3.0078681248145918 -0.1864589040399296 -2.8288346568535117
v 0.0851656645536423 0.0156594775617123 -0.0061142109334469
vn 3.0246736750947179 0.1750612333397833 -2.9850457245187521
v 0.0852193459868431 0.0155152482911944 -0.0060591311194003
vn 2.9995493295407534 0.3686880636214828 -3.0464380195730585
v 0.0852737799286842 0.0153673104941845 -0.0060179140418768
vn 3.0073187468753670 0.5502614360063621 -3.0845478847548464
v 0.0852867215871811 0.0153319705277681 -0.0060102497227490
vn 3.0454191477206471 0.8166326832210129 -3.1178712045811463
v 0.0853467211127281 0.0151667129248381 -0.0059849554672837
vn 3.0746473155232299 1.1815891523310054 -3.1245205164121463
v 0.0854065567255020 0.0149998050183058 -0.0059764632023871
vn 3.0740610597201048 1.5499381276491944 -3.0879070356724978
v 0.0854969173669815 0.0147436689585447 -0.0059966244734824
vn 3.0113643128468426 1.7587240561082949 -3.0534119130982815
v 0.0855469405651093 0.0145997004583478 -0.0060258288867772
vn 3.0188536718963239 1.9097730004519058 -3.0090841683506384
v 0.0855518877506256 0.0145854409784079 -0.0060294498689473
vn 3.0838558761748773 2.1892339374272716 -2.9027926145346603
v 0.0856048613786697 0.0144311422482133 -0.0060775559395552
vn 3.0500555155731890 2.4394123595426933 -2.7877208894844427
v 0.0856759920716286 0.0142209054902196 -0.0061720865778625
vn 3.0351164911192074 2.6107063696567669 -2.6908134828887533
v 0.0856849104166031 0.0141942864283919 -0.0061866738833487
vn 3.0772238039951909 2.8232254680227840 -2.5412459886622241
v 0.0857313573360443 0.0140548273921013 -0.0062740291468799
vn 3.0491089265153510 3.0073533296584483 -2.3937991034339641
v 0.0857743248343468 0.0139245186001062 -0.0063749682158232
vn 3.0625722016140866 3.1719191870105385 -2.2369381284161824
v 0.0857872068881989 0.0138851497322321 -0.0064099337905645
vn 3.0964545432145396 3.3667658708856218 -2.0117970042085673
v 0.0858331993222237 0.0137436715885997 -0.0065569197759032
vn 3.0434975449650001 3.5004460288194750 -1.8338744397839930
v 0.0858650282025337 0.0136448228731751 -0.0066851573064923
vn 3.0417595949584637 3.5879720421003380 -1.7052720448067817
v 0.0858669728040695 0.0136387329548597 -0.0066939652897418
vn 2.9719266699572167 -1.9040821002410404 -0.4480860108042685
v 0.0847889333963394 0.0166318435221910 -0.0073844310827553
vn 2.9816135838666828 -1.8729512618422026 -0.6690030060447697
v 0.0847955718636513 0.0166152436286211 -0.0072913761250675
vn 2.9867070448148647 -1.8195546578417592 -0.8915405804440384
v 0.0848096534609795 0.0165800154209137 -0.0071520428173244
vn 2.9529957872845580 -1.7679563782466083 -1.0657111065292950
v 0.0848232582211494 0.0165459141135216 -0.0070502981543541
vn 2.9913881029624694 -1.6910678432868087 -1.2589083197768045
v 0.0848283171653748 0.0165332052856684 -0.0070172408595681
vn 3.0046684116614348 -1.5709644204197029 -1.5083428612723035
v 0.0848676562309265 0.0164340361952782 -0.0068109715357423
vn 2.9574012600773787 -1.4788935527164546 -1.6755479862115381
v 0.0848833769559860 0.0163942668586969 -0.0067446725443006
vn 2.9763198607231405 -1.3837739060554290 -1.8192427178329624
v 0.0848975107073784 0.0163583774119616 -0.0066902642138302
vn 3.0022276841541857 -1.2370680215063858 -2.0097640711768348
v 0.0849308297038078 0.0162734184414148 -0.0065774698741734
vn 2.9921478480445685 -1.0860390561493738 -2.1822394402381100
v 0.0849647372961044 0.0161863993853331 -0.0064800470136106
vn 2.9938686064475220 -0.9203306107155982 -2.3421414502166811
v 0.0849940627813339 0.0161107201129198 -0.0064066415652633
vn 2.9931045037974933 -0.7507238454784180 -2.4835703045441364
v 0.0850374847650528 0.0159979332238436 -0.0063127060420811
vn 2.9759225124136663 -0.6252434870103096 -2.5780791485132739
v 0.0850626081228256 0.0159321930259466 -0.0062651946209371
vn 3.0182942014883287 -0.4199446928786490 -2.7014794361689178
v 0.0850831493735313 0.0158782731741667 -0.0062297601252794
vn 3.1063013482107320 -3.8124168745165630 1.0442637197007731
v 0.0859253183007240 -0.0134553052484989 -0.0082065453752875
vn 3.0916427246543159 -3.8792732883595882 0.8269258279086074
v 0.0859405547380447 -0.0134069360792637 -0.0080567868426442
vn 3.1009609773090512 -3.9217127423190115 0.6260959862688592
v 0.0859448835253716 -0.0133931664749980 -0.0080020036548376
vn 3.1288589519121706 -3.9513944808013770 0.3645128980565120
v 0.0859548598527908 -0.0133613571524620 -0.0078196944668889
vn 3.0808809486073172 -3.9691927332968397 0.1403312668202841
v 0.0859582573175430 -0.0133504765108228 -0.0076685124076903
vn 3.0826667558750738 -3.9613690407412681 0.0022503527990989
v 0.0859583392739296 -0.0133502371609211 -0.0076580783352256
vn 3.1383426891738622 -3.9555696536867995 -0.2293055480544945
v 0.0859573334455490 -0.0133534260094166 -0.0075174970552325
vn 3.0600238365181465 -0.7143484554248292 -3.1044605052742273
v 0.0853129625320435 -0.0152598423883319 -0.0059972424060106
vn 3.1078485049238296 -1.1775914931388844 -3.1192072844433616
v 0.0854065567255020 -0.0149998050183058 -0.0059764632023871
vn 2.9925555478751225 -0.4115498329212263 -3.0578256622760902
v 0.0852622166275978 -0.0153988404199481 -0.0060255653224885
vn 2.9968057767764567 -0.2625764898309209 -3.0169457178834804
v 0.0852544903755188 -0.0154198994860053 -0.0060309446416795
vn 3.0462561202925440 -0.0561154585891591 -2.9389475922496109
v 0.0851969718933105 -0.0155755477026105 -0.0060801729559898
vn 3.0355338144203463 -3.5711168580365009 -1.7366611312134992
v 0.0858645290136337 -0.0136462729424238 -0.0066830283030868
vn 3.1132885530436742 -3.6394225191152607 -1.4997206494068158
v 0.0858868137001991 -0.0135766835883260 -0.0067917727865279
vn 3.0421836175925638 -3.4842252269094134 -1.8525498541374297
v 0.0858613252639771 -0.0136563330888748 -0.0066687385551631
vn 3.0868724595574837 -3.3635753043456011 -2.0173855863628254
v 0.0858324989676476 -0.0137458220124245 -0.0065540778450668
vn 3.0574949883509071 -3.1869198558112020 -2.2213254192185277
v 0.0857929736375809 -0.0138675393536687 -0.0064264242537320
vn 3.0447781022453646 -3.0374901488785460 -2.3691831947042785
v 0.0857779830694199 -0.0139133092015982 -0.0063848639838398
vn 3.0637015198208020 -2.8726633758363458 -2.5048115680122356
v 0.0857398658990860 -0.0140291275456548 -0.0062923054210842
vn 3.0276656395236432 -2.7039226966957401 -2.6314748052872470
v 0.0857051163911819 -0.0141338165849447 -0.0062219933606684
vn 3.0550936678634533 -2.5551032667483629 -2.7207378502896313
v 0.0856991559267044 -0.0141517361626029 -0.0062110996805131
vn 3.0630254699997317 -2.3270321380749293 -2.8437504352512182
v 0.0856255292892456 -0.0143704032525420 -0.0061013745144010
vn 3.0204765366483022 -2.1147051044862790 -2.9397293640386559
v 0.0856044739484787 -0.0144322523847222 -0.0060772886499763
vn 3.0379015994284240 -1.9609499728556041 -2.9925309391885335
v 0.0855765417218208 -0.0145138418301940 -0.0060497475787997
vn 1.2365783942680568 5.6029868974580523 -1.5087772588272383
v 0.0612538047134876 0.0409288890659809 -0.0032197181135416
vn 3.0245721321969494 -1.7582759242137249 -3.0505660075331242
v 0.0855259522795677 -0.0146603798493743 -0.0060117528773844
vn 1.1596677669537565 5.8152127616267792 -1.1341424774593898
v 0.0603495836257935 0.0413142330944538 -0.0022758753038943
vn 3.0585281280454417 -1.5403800991815004 -3.0917879645031325
v 0.0855080932378769 -0.0147116789594293 -0.0060018240474164
vn 3.0941101068629391 -3.9545448890080603 -0.4968574172350724
v 0.0859490334987640 -0.0133799463510513 -0.0073133991099894
vn 3.0768522029422498 -3.9277257047582852 -0.6830248363455946
v 0.0859471410512924 -0.0133859962224960 -0.0072836251929402
vn 3.1078884148053820 -3.8796658156442905 -0.8832987376354601
v 0.0859354808926582 -0.0134230656549335 -0.0071406713686883
vn 3.0652896932779785 -3.8177425040422421 -1.0957128509198024
v 0.0859199240803719 -0.0134723950177431 -0.0070023937150836
vn 3.0853197157754120 -3.7505633970186487 -1.2645876729097862
v 0.0859173908829689 -0.0134804053232074 -0.0069831414148211
vn 2.5178009234819667 -4.5940268706745151 0.5577407020419006
v 0.0809989720582962 -0.0133618563413620 -0.0078253280371428
vn 5.3968681794005757 -3.1169187990157088 0.3784699949229069
v 0.0806684941053391 -0.0139078395441175 -0.0077590332366526
vn 2.5269303778957850 -4.3120271265178163 1.6354949254298257
v 0.0809989720582962 -0.0134570449590683 -0.0082115354016423
vn 2.5267679687221412 -4.5781427596849120 -0.5559906969665097
v 0.0809989720582962 -0.0133618563413620 -0.0074275596998632
vn 5.3286027662355364 -2.6651010580559631 1.8395816215303296
v 0.0803380310535431 -0.0145471710711718 -0.0079388748854399
vn 5.4052326404215361 -2.9743521667201893 1.0978916283883455
v 0.0801727771759033 -0.0147426789626479 -0.0077239577658474
vn 5.3801817900624753 -2.6567444761406147 1.8207190504222401
v 0.0801727771759033 -0.0147734880447388 -0.0077826618216932
vn 5.3968665221002468 -2.5840217136246819 1.7836205292944161
v 0.0806684941053391 -0.0140945371240377 -0.0082513075321913
vn 5.3285987674366151 -3.2147208798403475 0.3903621794283498
v 0.0803380310535431 -0.0144538218155503 -0.0076927393674850
vn 5.4738131221018254 -3.0178079345812319 0.3289609088941084
v 0.0801727771759033 -0.0147268092259765 -0.0076595894061029
vn 5.4489631880401781 -2.9616366972392365 -0.5925788441261536
v 0.0801727771759033 -0.0147268092259765 -0.0075932983309031
vn 5.3371716593115703 -3.0166263905042889 -1.1394788192098406
v 0.0803380310535431 -0.0144855519756675 -0.0074314125813544
vn 2.5170739777876960 -4.3268880950345290 -1.6411789843069511
v 0.0809989720582962 -0.0134570449590683 -0.0070413532666862
vn 5.3968636769842631 -2.9357842133262180 -1.1133894966599809
v 0.0806684941053391 -0.0139712989330292 -0.0072363847866654
vn 2.5266922154450562 -3.7956307499961826 -2.6195059237410705
v 0.0809989720582962 -0.0136419031769037 -0.0066891512833536
vn 5.3357204437973582 3.2019830484136165 0.3793655364279115
v 0.0803380310535431 -0.0155457882210612 -0.0076927393674850
vn 5.3676496888724028 3.1690868953316165 -0.0078163656236428
v 0.0801727771759033 -0.0152727914974093 -0.0076595894061029
vn 5.3453053449885015 3.0095878854738261 -1.1159122040906815
v 0.0803380310535431 -0.0155140589922667 -0.0074314125813544
vn 5.3286100618825172 2.6650848279780321 1.8395375496319466
v 0.0803380310535431 -0.0154524492099881 -0.0079388748854399
vn 5.3637009848663544 3.0371777189134401 1.1516849053957767
v 0.0801727771759033 -0.0152569310739636 -0.0077239577658474
vn 4.2670145237551615 -0.1727455431818271 -0.2348870742623673
v 0.0800075531005859 -0.0149998050183058 -0.0076264441013336
vn 5.3752011041570888 2.6581013539030725 1.8347134646460868
v 0.0801727771759033 -0.0152261229231954 -0.0077826618216932
vn 5.3519031919829043 1.6713872069869296 2.7752533024221755
v 0.0803380310535431 -0.0152554018422961 -0.0081134373322129
vn 5.3636939444889755 2.1539402464096278 2.4313514782778842
v 0.0801727771759033 -0.0151821626350284 -0.0078322822228074
vn 2.5179478033367011 -3.0687642454138273 -3.4639470322993229
v 0.0809989720582962 -0.0139056695625186 -0.0063914167694747
vn 5.3968589722117688 -2.0820968453641653 -2.3501855546833621
v 0.0806684941053391 -0.0142703745514154 -0.0068030948750675
vn 2.5273531709783477 -2.1433621322587415 -4.0835043248301881
v 0.0809989720582962 -0.0142330247908831 -0.0061654611490667
vn 5.3752103913408638 1.5004742522671344 2.8600367971703777
v 0.0801727771759033 -0.0151276038959622 -0.0078699402511120
vn 2.5522751278321070 -0.0000913425817387 4.5615160581279444
v 0.0809989720582962 -0.0149998050183058 -0.0092764236032963
vn 5.3666169839845619 0.7768166675777655 3.1492588405049418
v 0.0803380310535431 -0.0151314241811633 -0.0081604570150375
vn 5.3786159869499759 1.4713845066602596 2.8079383853511288
v 0.0806684941053391 -0.0155109986662865 -0.0086004342883825
vn 5.3153872924389134 -2.1649837766406410 -2.4437594762929664
v 0.0803380310535431 -0.0146350897848606 -0.0072147673927248
vn 5.3686878104826574 -2.1398770970570831 2.4316596000301143
v 0.0801727771759033 -0.0148174474015832 -0.0078322822228074
vn 5.3914974919789369 -2.5819643577242224 1.4186762223146496
v 0.0800901576876640 -0.0148968873545527 -0.0077176215127110
vn 5.3805337631903196 -1.5027395056327832 2.8476809101326337
v 0.0801727771759033 -0.0148720070719719 -0.0078699402511120
vn 5.3663555967192371 -2.5374615317483071 -1.9754936968525267
v 0.0802553892135620 -0.0146910492330790 -0.0073529104702175
vn 2.5177194842765647 -1.1070850858583037 -4.4933691611134661
v 0.0809989720582962 -0.0146049400791526 -0.0060244095511734
vn 5.3968658533616738 -0.7514122060521893 -3.0485782870412663
v 0.0806684941053391 -0.0147365583106875 -0.0065584229305387
vn 2.5266904875842755 -0.0003626707074440 -4.6117722788149109
v 0.0809989720582962 -0.0149998050183058 -0.0059764632023871
vn 5.3429417319113570 -1.7579748895914271 -2.7562322101545993
v 0.0802553892135620 -0.0147654777392745 -0.0072869677096605
vn 5.3283517709480614 -0.7648238775648740 -3.1484405707194827
v 0.0803380310535431 -0.0148681867867708 -0.0070924321189523
vn 5.3476012150189902 0.7836557988873397 -3.1036669987640861
v 0.0803380310535431 -0.0151314241811633 -0.0070924321189523
vn 5.4049532145667349 0.5522483481222998 -3.0283279916453139
v 0.0801727771759033 -0.0150329545140266 -0.0073534524999559
vn 5.3345993901012134 2.1122060109695848 -2.4395702699768216
v 0.0803380310535431 -0.0153645211830735 -0.0072147673927248
vn 2.5187074980692423 1.1071521145830252 -4.4934378561742667
v 0.0809989720582962 -0.0153946699574590 -0.0060244095511734
vn 5.3968687829319997 0.7514087889396464 -3.0485744403566382
v 0.0806684941053391 -0.0152630517259240 -0.0065584229305387
vn 5.3325308569918075 1.9614204810159916 -2.0853631206836449
v 0.0800901576876640 -0.0151027236133814 -0.0075352662242949
vn 2.5285231769670120 2.1432297158302598 -4.0836581652349784
v 0.0809989720582962 -0.0157665945589542 -0.0061654611490667
vn 5.3647810016646797 2.7509685953262677 -1.6490394202896135
v 0.0802553892135620 -0.0153392814099789 -0.0073921219445765
vn 5.4112762190555141 -1.7498254518654328 -1.8656214741951289
v 0.0800901576876640 -0.0149086266756058 -0.0075235241092741
vn 5.5020795867629371 -0.5735482909794775 -2.8117024993034860
v 0.0801314860582352 -0.0149384457617998 -0.0074295355007052
vn 2.5192359851986921 3.0689409504743357 -3.4639351429037921
v 0.0809989720582962 -0.0160939414054155 -0.0063914167694747
vn 5.3968619859992746 2.0820933236825629 -2.3501837679473372
v 0.0806684941053391 -0.0157292354851961 -0.0068030948750675
vn 2.5288042201451124 3.7954100248718596 -2.6201200447060002
v 0.0809989720582962 -0.0163577068597078 -0.0066891512833536
vn 5.3968619473901587 2.9357847984563938 -1.1133902507162499
v 0.0806684941053391 -0.0160283129662275 -0.0072363847866654
vn 2.5198979002660282 4.3271472499547885 -1.6411360484821338
v 0.0809989720582962 -0.0165425650775433 -0.0070413532666862
vn 2.5292162397985964 4.5783522410005828 -0.5558913543645898
v 0.0809989720582962 -0.0166377536952496 -0.0074275596998632
vn 2.5196614035369742 4.5941372549577135 0.5580476183349637
v 0.0809989720582962 -0.0166377536952496 -0.0078253280371428
vn 5.3968660700421802 3.1169286985434081 0.3784542181080144
v 0.0806684941053391 -0.0160917714238167 -0.0077590332366526
vn 2.5289014396919107 4.3123092701999095 1.6352095191495644
v 0.0809989720582962 -0.0165425650775433 -0.0082115354016423
vn 2.5588664385147797 -1.0531012221696556 4.4277697802530422
v 0.0809989720582962 -0.0146049400791526 -0.0092284781858325
vn 5.3786161191793900 -1.4713978223256561 2.8079263425151328
v 0.0806684941053391 -0.0144886113703251 -0.0086004342883825
vn 2.5178130460537269 -2.1503566955118867 4.0978252801371990
v 0.0809989720582962 -0.0142330247908831 -0.0090874284505844
vn 2.5273159537876571 -3.0583218977871383 3.4519013143214932
v 0.0809989720582962 -0.0139056695625186 -0.0088614700362086
vn 5.3968577390254495 2.5840305651582591 1.7836150749687021
v 0.0806684941053391 -0.0159050822257996 -0.0082513075321913
vn 2.5197753303410821 3.8086204230859853 2.6291203933968612
v 0.0809989720582962 -0.0163577068597078 -0.0085637383162975
vn 2.5285472524273596 3.0581663475282856 3.4521780247127776
v 0.0809989720582962 -0.0160939414054155 -0.0088614700362086
vn 2.5178911528339216 2.1499989364338341 4.0979971754566424
v 0.0809989720582962 -0.0157665945589542 -0.0090874284505844
vn 2.5587555489088047 1.0533340398955680 4.4277068635565549
v 0.0809989720582962 -0.0153946699574590 -0.0092284781858325
vn 2.5176768437287147 -3.8086238001340549 2.6287971774039853
v 0.0809989720582962 -0.0136419031769037 -0.0085637383162975
vn 5.3666171389444601 -0.7768146266100752 3.1492596973537665
v 0.0803380310535431 -0.0148681867867708 -0.0081604570150375
vn 5.3518966294781869 -1.6714211709489455 2.7752354702335102
v 0.0803380310535431 -0.0147442081943154 -0.0081134373322129
vn 2.5197230311041712 -4.5941801992127935 0.5577592113111930
v 0.0809989720582962 0.0166377536952496 -0.0078253280371428
vn 5.3968675301442488 -3.1169189253791698 0.3784739798400960
v 0.0806684941053391 0.0160917714238167 -0.0077590332366526
vn 2.5291107825050059 -4.3122562562630335 1.6353945635410310
v 0.0809989720582962 0.0165425650775433 -0.0082115354016423
vn 2.5286776820325056 -4.5782849153069920 -0.5560585175638892
v 0.0809989720582962 0.0166377536952496 -0.0074275596998632
vn 5.3286029780480826 -2.6651004674154954 1.8395822224230616
v 0.0803380310535431 0.0154524389654398 -0.0079388748854399
vn 5.4052485722599020 -2.9743763893831918 1.0976725626718946
v 0.0801727771759033 0.0152569310739636 -0.0077239577658474
vn 5.3801775511985692 -2.6567485738025001 1.8207167495045229
v 0.0801727771759033 0.0152261229231954 -0.0077826618216932
vn 5.3968735889180355 -2.5840060268789231 1.7836203942620896
v 0.0806684941053391 0.0159050729125738 -0.0082513075321913
vn 5.3286121251648941 -3.2146988412932864 0.3903532568823120
v 0.0803380310535431 0.0155457882210612 -0.0076927393674850
vn 5.4738402060989317 -3.0178309384918465 0.3287679095813438
v 0.0801727771759033 0.0152727914974093 -0.0076595894061029
vn 5.4489707546011976 -2.9616682780251562 -0.5925366621769490
v 0.0801727771759033 0.0152727914974093 -0.0075932983309031
vn 5.3371820890695290 -3.0166059472183355 -1.1394650053714657
v 0.0803380310535431 0.0155140589922667 -0.0074314125813544
vn 2.5191422922350948 -4.3271319629284388 -1.6410380887679969
v 0.0809989720582962 0.0165425650775433 -0.0070413532666862
vn 5.3968675315772270 -2.9357691300751387 -1.1133965097191920
v 0.0806684941053391 0.0160283129662275 -0.0072363847866654
vn 2.5283965314397165 -3.7954974581110026 -2.6198783523143958
v 0.0809989720582962 0.0163577161729336 -0.0066891512833536
vn 5.3357047037271101 3.2019920147894263 0.3794194365735551
v 0.0803380310535431 0.0144538218155503 -0.0076927393674850
vn 5.3676288202495135 3.1690400943848243 -0.0076497137806405
v 0.0801727771759033 0.0147268092259765 -0.0076595894061029
vn 5.3452939009826270 3.0096042065541204 -1.1159342769214733
v 0.0803380310535431 0.0144855519756675 -0.0074314125813544
vn 5.3286045785435041 2.6650988936305864 1.8395808577351120
v 0.0803380310535431 0.0145471710711718 -0.0079388748854399
vn 5.3636784955502899 3.0371506319527941 1.1519140817626656
v 0.0801727771759033 0.0147426789626479 -0.0077239577658474
vn 4.2670243811840516 -0.1727504766755829 -0.2348881064794829
v 0.0800075531005859 0.0149998050183058 -0.0076264441013336
vn 5.3751786441862111 2.6581326796752749 1.8347361815081902
v 0.0801727771759033 0.0147734880447388 -0.0077826618216932
vn 5.3518973681016888 1.6714195784898966 2.7752352864325105
v 0.0803380310535431 0.0147442081943154 -0.0081134373322129
vn 5.3636838987679951 2.1539608398189003 2.4313487198360866
v 0.0801727771759033 0.0148174474015832 -0.0078322822228074
vn 2.5192978968724700 -3.0689287996507320 -3.4638895920989441
v 0.0809989720582962 0.0160939507186413 -0.0063914167694747
vn 5.3968687089532086 -2.0820782706543679 -2.3501964917388354
v 0.0806684941053391 0.0157292261719704 -0.0068030948750675
vn 2.5281645340700205 -2.1428916389275550 -4.0838235830030847
v 0.0809989720582962 0.0157665852457285 -0.0061654611490667
vn 5.3752108467683897 1.5004653913555324 2.8600431579551446
v 0.0801727771759033 0.0148720070719719 -0.0078699402511120
vn 2.5521801471180781 0.0000143556491024 4.5615100192469757
v 0.0809989720582962 0.0149998050183058 -0.0092764236032963
vn 5.3666171389444610 0.7768146266100753 3.1492596973537670
v 0.0803380310535431 0.0148681867867708 -0.0081604570150375
vn 5.3786158634013015 1.4713977264441438 2.8079269796627404
v 0.0806684941053391 0.0144886113703251 -0.0086004342883825
vn 5.3153807883202262 -2.1649955794574018 -2.4437592675239181
v 0.0803380310535431 0.0153645211830735 -0.0072147673927248
vn 5.3686839891239089 -2.1398811816249119 2.4316692721752977
v 0.0801727771759033 0.0151821626350284 -0.0078322822228074
vn 5.3914850941566401 -2.5819835941733471 1.4186493862731830
v 0.0800901576876640 0.0151027236133814 -0.0077176215127110
vn 5.3805320948457238 -1.5027477989424669 2.8476773272654698
v 0.0801727771759033 0.0151276038959622 -0.0078699402511120
vn 5.3663680631703787 -2.5374595801836533 -1.9754547651694065
v 0.0802553892135620 0.0153085608035326 -0.0073529104702175
vn 2.5185530089821015 -1.1076519624684957 -4.4932975358013145
v 0.0809989720582962 0.0153946699574590 -0.0060244095511734
vn 5.3968654012655488 -0.7514204754140875 -3.0485749458231055
v 0.0806684941053391 0.0152630517259240 -0.0065584229305387
vn 2.5275203186035218 0.0002733781310414 -4.6118308506535595
v 0.0809989720582962 0.0149998050183058 -0.0059764632023871
vn 5.3429447509035342 -1.7579735595994797 -2.7562282232497703
v 0.0802553892135620 0.0152341322973371 -0.0072869677096605
vn 5.3283520044556569 -0.7648250453176859 -3.1484395745794851
v 0.0803380310535431 0.0151314241811633 -0.0070924321189523
vn 5.3476011127994187 0.7836549789576499 -3.1036676479001981
v 0.0803380310535431 0.0148681867867708 -0.0070924321189523
vn 5.4049529870942337 0.5522520564182963 -3.0283267436887442
v 0.0801727771759033 0.0149666555225849 -0.0073534524999559
vn 5.3345993441955004 2.1122072625846435 -2.4395693891631156
v 0.0803380310535431 0.0146350897848606 -0.0072147673927248
vn 2.5181973602558014 1.1073491507823712 -4.4933433976686832
v 0.0809989720582962 0.0146049400791526 -0.0060244095511734
vn 5.3968669537519451 0.7514132625465318 -3.0485757243499232
v 0.0806684941053391 0.0147365583106875 -0.0065584229305387
vn 5.3325414988833977 1.9613817259630748 -2.0854347813918421
v 0.0800901576876640 0.0148968873545527 -0.0075352662242949
vn 2.5275414902545004 2.1433101104939722 -4.0835485472192783
v 0.0809989720582962 0.0142330247908831 -0.0061654611490667
vn 5.3647752229836829 2.7509638743359290 -1.6490830967786969
v 0.0802553892135620 0.0146603295579553 -0.0073921219445765
vn 5.4112594049193889 -1.7498583042575964 -1.8656098663516925
v 0.0800901576876640 0.0150909833610058 -0.0075235241092741
vn 5.5020798503580757 -0.5735477810922740 -2.8117020105278092
v 0.0801314860582352 0.0150611642748117 -0.0074295355007052
vn 2.5179918894132283 3.0688824724784673 -3.4638485676921595
v 0.0809989720582962 0.0139056695625186 -0.0063914167694747
vn 5.3968600240411506 2.0820941474644910 -2.3501850901489481
v 0.0806684941053391 0.0142703745514154 -0.0068030948750675
vn 2.5270358613015333 3.7954569462023064 -2.6198059668007896
v 0.0809989720582962 0.0136419031769037 -0.0066891512833536
vn 5.3968636848000049 2.9357842538764154 -1.1133893449614449
v 0.0806684941053391 0.0139712989330292 -0.0072363847866654
vn 2.5176644015911998 4.3269985489685538 -1.6410164703581722
v 0.0809989720582962 0.0134570449590683 -0.0070413532666862
vn 2.5268166892413206 4.5781661504765685 -0.5558407129990641
v 0.0809989720582962 0.0133618563413620 -0.0074275596998632
vn 2.5177464716221039 4.5940286105453572 0.5576799757204559
v 0.0809989720582962 0.0133618563413620 -0.0078253280371428
vn 5.3968678639263166 3.1169195120929585 0.3784694390412759
v 0.0806684941053391 0.0139078395441175 -0.0077590332366526
vn 2.5272057736551972 4.3121057168943038 1.6353471381705460
v 0.0809989720582962 0.0134570449590683 -0.0082115354016423
vn 2.5594908430926591 -1.0527652513956547 4.4279002333834860
v 0.0809989720582962 0.0153946699574590 -0.0092284781858325
vn 5.3786198420768994 -1.4713801493746166 2.8079379701457814
v 0.0806684941053391 0.0155109893530607 -0.0086004342883825
vn 2.5190377853734032 -2.1503586257266036 4.0979306764528722
v 0.0809989720582962 0.0157665852457285 -0.0090874284505844
vn 2.5288127435950005 -3.0582241023336896 3.4521080585468242
v 0.0809989720582962 0.0160939507186413 -0.0088614700362086
vn 5.3968658944890384 2.5840226647041216 1.7836213958018514
v 0.0806684941053391 0.0140945371240377 -0.0082513075321913
vn 2.5179900609007326 3.8085622100282546 2.6289284185368960
v 0.0809989720582962 0.0136419031769037 -0.0085637383162975
vn 2.5271909425490162 3.0581980032450953 3.4519960397399156
v 0.0809989720582962 0.0139056695625186 -0.0088614700362086
vn 2.5174289289170986 2.1503471497661963 4.0977974326392115
v 0.0809989720582962 0.0142330247908831 -0.0090874284505844
vn 2.5586998261829961 1.0532314197549129 4.4277250430835382
v 0.0809989720582962 0.0146049400791526 -0.0092284781858325
vn 2.5197440541515319 -3.8086507844553887 2.6289919758336953
v 0.0809989720582962 0.0163577161729336 -0.0085637383162975
vn 5.3666148781056862 -0.7768202519215146 3.1492611622877043
v 0.0803380310535431 0.0151314241811633 -0.0081604570150375
vn 5.3518918011260839 -1.6714270021777946 2.7752413912491689
v 0.0803380310535431 0.0152554018422961 -0.0081134373322129
vn 0.9564070796773463 -2.9852460246696717 3.0094334014755346
v 0.0318510271608829 0.0372468754649162 -0.0026265098713338
vn 1.2619920966708136 -2.8746422707194745 3.0684528711797325
v 0.0291209015995264 0.0361674316227436 -0.0026265098713338
vn 1.4718018384220040 -2.7731036441147774 3.0689736324912249
v 0.0264785047620535 0.0348881892859936 -0.0026265098713338
vn 1.6754214119956652 -2.6549934667260913 3.0674145819165326
v 0.0239384099841118 0.0334162265062332 -0.0026265098713338
vn 1.8651754809988681 -2.5253072496245821 3.0675253158833149
v 0.0215146709233522 0.0317596755921841 -0.0026265098713338
vn 2.0484136677226426 -2.3792171337445316 3.0703029889767217
v 0.0192206595093012 0.0299276821315289 -0.0026265098713338
vn 2.2238916259807291 -2.2158811241574350 3.0661296256004200
v 0.0170690473169088 0.0279303565621376 -0.0026265098713338
vn 2.3735267593786640 -2.0548453483200175 3.0660511571892046
v 0.0150717338547111 0.0257787443697453 -0.0026265098713338
vn 2.5209878873185150 -1.8714585965987252 3.0698401011703513
v 0.0132397273555398 0.0234847348183393 -0.0026265098713338
vn 2.6557125766894121 -1.6749896990298714 3.0707352572060107
v 0.0115831596776843 0.0210609864443541 -0.0026265098713338
vn 2.7752516438388519 -1.4683591133985323 3.0704043335559845
v 0.0101112285628915 0.0185208991169930 -0.0026265098713338
vn 2.8777427477497741 -1.2551368061324042 3.0679439876131638
v 0.0088319778442383 0.0158784948289394 -0.0026265098713338
vn 2.9850864219851676 -0.9568131451276405 3.0089131783345420
v 0.0077525223605335 0.0131483795121312 -0.0026265098713338
vn 3.0923502885274003 -0.4701982883927590 2.9565767464565504
v 0.0074468310922384 0.0119196958839893 -0.0026265098713338
vn 3.1260109198559292 0.1306215664340988 2.9660908926289986
v 0.0073799681849778 0.0106553118675947 -0.0026265098713338
vn 3.0430192993633991 0.7273406227453529 2.9660753151748946
v 0.0075543737038970 0.0094012394547462 -0.0026265098713338
vn 2.8466917066793878 1.2961805292340161 2.9566044709026631
v 0.0079637309536338 0.0082030827179551 -0.0026265098713338
vn 2.5529716246512471 1.8061519448294034 2.9505761168468414
v 0.0085930880159140 0.0071044326759875 -0.0026265098713338
vn 2.1698436596615749 2.2528885757213217 2.9565977572082938
v 0.0094195855781436 0.0061452519148588 -0.0026265098713338
vn 1.6987811573649938 2.6273823758623336 2.9660868041084227
v 0.0104131344705820 0.0053604310378432 -0.0026265098713338
vn 1.1637425710327138 2.9042604511367180 2.9661235612440535
v 0.0115376608446240 0.0047785211354494 -0.0026265098713338
vn 0.5859882806990595 3.0725128853617818 2.9565859786641542
v 0.0127521846443415 0.0044206846505404 -0.0026265098713338
vn -3.0711576588966958 -0.5911014452740623 2.9545862657967628
v 0.0405787229537964 0.0322472304105759 -0.0026265098713338
vn -2.9024831586955040 -1.1656716283313648 2.9589819731618365
v 0.0402208790183067 0.0334617532789707 -0.0026265098713338
vn -2.6292098247086098 -1.6945376418078224 2.9606085824617123
v 0.0396389737725258 0.0345862619578838 -0.0026265098713338
vn -2.2586512815229298 -2.1641613975105773 2.9623639163021949
v 0.0388541370630264 0.0355798304080963 -0.0026265098713338
vn -1.8064401971090218 -2.5537757230797182 2.9627773058830105
v 0.0378949455916882 0.0364063270390034 -0.0026265098713338
vn -1.2874447791058106 -2.8506929872861426 2.9610674649516775
v 0.0367963016033173 0.0370356887578964 -0.0026265098713338
vn -0.7246874503794235 -3.0427138524386561 2.9595002495699609
v 0.0355981662869453 0.0374450124800205 -0.0026265098713338
vn -0.1331665040987343 -3.1249943829159674 2.9595813665764643
v 0.0343440920114517 0.0376194231212139 -0.0026265098713338
vn 0.4650080188972380 -3.0927817722148712 2.9552179548852662
v 0.0330797098577023 0.0375525616109371 -0.0026265098713338
vn 2.8777421133710233 1.2551377806031985 3.0679388753638137
v 0.0088319778442383 -0.0158785041421652 -0.0026265098713338
vn 2.9850870956763265 0.9568114412521997 3.0089143447656985
v 0.0077525223605335 -0.0131483795121312 -0.0026265098713338
vn 2.7752510897710820 1.4683602520754686 3.0704047437616051
v 0.0101112285628915 -0.0185208991169930 -0.0026265098713338
vn 2.6557125766894121 1.6749896990298714 3.0707352572060107
v 0.0115831596776843 -0.0210609864443541 -0.0026265098713338
vn 2.5209878873185150 1.8714585965987252 3.0698401011703513
v 0.0132397273555398 -0.0234847348183393 -0.0026265098713338
vn 2.3735267593786640 2.0548453483200175 3.0660511571892046
v 0.0150717338547111 -0.0257787443697453 -0.0026265098713338
vn 2.2238916259807291 2.2158811241574350 3.0661296256004200
v 0.0170690473169088 -0.0279303565621376 -0.0026265098713338
vn 2.0507842403777956 2.3773700413368015 3.0753649074736495
v 0.0192206595093012 -0.0299276821315289 -0.0026265098713338
vn 1.8652142295506753 2.5256463143134269 3.0755993229243144
v 0.0215146709233522 -0.0317596681416035 -0.0026265098713338
vn 1.6733089794434060 2.6566390944725957 3.0758542282201979
v 0.0239384099841118 -0.0334162265062332 -0.0026265098713338
vn 1.4629309774457941 2.7776047723453301 3.0622017481718946
v 0.0264785047620535 -0.0348881892859936 -0.0026265098713338
vn 1.2648862296050840 2.8730277438116096 3.0595044971895327
v 0.0291209015995264 -0.0361674316227436 -0.0026265098713338
vn 0.9620194018798945 2.9835380691277127 3.0123079623814801
v 0.0318510271608829 -0.0372468754649162 -0.0026265098713338
vn 0.4621405496997659 3.0936163892430599 2.9613881153670860
v 0.0330797098577023 -0.0375525616109371 -0.0026265098713338
vn -0.1343293325682745 3.1249631503708191 2.9597338141450424
v 0.0343440920114517 -0.0376194231212139 -0.0026265098713338
vn -0.7230569532760124 3.0431709195674790 2.9602498891380078
v 0.0355981662869453 -0.0374450124800205 -0.0026265098713338
vn -1.2889645669657601 2.8500872590318913 2.9616671735421498
v 0.0367963016033173 -0.0370356887578964 -0.0026265098713338
vn -1.8063222225064894 2.5537869449265891 2.9620284293558132
v 0.0378949455916882 -0.0364063270390034 -0.0026265098713338
vn -2.2577582277372623 2.1652014468822891 2.9641824804356172
v 0.0388541370630264 -0.0355798304080963 -0.0026265098713338
vn -2.6281421203155926 1.6969739690026708 2.9673311083048755
v 0.0396389737725258 -0.0345862619578838 -0.0026265098713338
vn -2.9034413540129158 1.1647642909773570 2.9665825773424452
v 0.0402208790183067 -0.0334617532789707 -0.0026265098713338
vn -3.0718973249738815 0.5884466149615949 2.9573305228884301
v 0.0405787229537964 -0.0322472304105759 -0.0026265098713338
vn 0.5859872873957611 -3.0725131733152691 2.9565865751994389
v 0.0127521846443415 -0.0044206874445081 -0.0026265098713338
vn 1.1637428677679702 -2.9042600597918291 2.9661215377509289
v 0.0115376608446240 -0.0047785229980946 -0.0026265098713338
vn 1.6987824590206442 -2.6273816933502587 2.9660877276193709
v 0.0104131344705820 -0.0053604342974722 -0.0026265098713338
vn 2.1698429190909305 -2.2528894361638998 2.9565985117771780
v 0.0094195855781436 -0.0061452551744878 -0.0026265098713338
vn 2.5529706006903838 -1.8061533002124956 2.9505757622467899
v 0.0085930880159140 -0.0071044345386326 -0.0026265098713338
vn 2.8466913063883372 -1.2961813575163574 2.9566042938151176
v 0.0079637309536338 -0.0082030836492777 -0.0026265098713338
vn 3.0430191724976257 -0.7273409990395164 2.9660750356015924
v 0.0075543737038970 -0.0094012394547462 -0.0026265098713338
vn 3.1260109198559292 -0.1306215664340988 2.9660908926289986
v 0.0073799681849778 -0.0106553118675947 -0.0026265098713338
vn 3.0923502885274003 0.4701982883927590 2.9565767464565504
v 0.0074468310922384 -0.0119196958839893 -0.0026265098713338
vn -2.8484829432072258 -1.3189984518384756 3.0588947289008415
v 0.0807875394821167 0.0167158320546150 -0.0026265098713338
vn -2.7336775707690735 -1.5436698794191550 3.0623351021312519
v 0.0793480202555656 0.0195034164935350 -0.0026265098713338
vn -2.5983337490299796 -1.7621742962404094 3.0625954175830925
v 0.0776917934417725 0.0221679620444775 -0.0026265098713338
vn -0.9578989302508260 2.9854846575360714 3.0267165975639547
v 0.0581477656960487 -0.0372468754649162 -0.0026265098713338
vn -1.2813570411312838 2.8662001683432585 3.0781580155272099
v 0.0610624104738235 -0.0360858626663685 -0.0026265098713338
vn -2.4454731139121675 -1.9686244832215891 3.0622783591016369
v 0.0758293196558952 0.0246926490217447 -0.0026265098713338
vn -1.4933382869671643 2.7614725983727610 3.0622539707813741
v 0.0638756677508354 -0.0346972085535526 -0.0026265098713338
vn -2.2800485684586786 -2.1575449159905529 3.0592608241973291
v 0.0737723410129547 0.0270615592598915 -0.0026265098713338
vn -2.1163956142954734 -2.3183056754156905 3.0590107062971681
v 0.0715338513255119 0.0292597506195307 -0.0026265098713338
vn -1.7141151311997356 2.6302866612579727 3.0626126751903531
v 0.0665698647499084 -0.0330896489322186 -0.0026265098713338
vn -1.9235147943150688 -2.4811349057147032 3.0623639498832476
v 0.0691279619932175 0.0312733538448811 -0.0026265098713338
vn -1.7141151311997356 -2.6302866612579727 3.0626126751903531
v 0.0665698647499084 0.0330896489322186 -0.0026265098713338
vn -1.9235147943150688 2.4811349057147032 3.0623639498832476
v 0.0691279619932175 -0.0312733538448811 -0.0026265098713338
vn -2.1163956142954734 2.3183056754156905 3.0590107062971690
v 0.0715338513255119 -0.0292597506195307 -0.0026265098713338
vn -1.4933382869671643 -2.7614725983727610 3.0622539707813741
v 0.0638756677508354 0.0346972085535526 -0.0026265098713338
vn -2.2800485684586786 2.1575449159905529 3.0592608241973291
v 0.0737723410129547 -0.0270615592598915 -0.0026265098713338
vn -2.4454731139121675 1.9686244832215891 3.0622783591016374
v 0.0758293196558952 -0.0246926490217447 -0.0026265098713338
vn -1.2814038150738409 -2.8661809861230538 3.0782227583246335
v 0.0610624104738235 0.0360858626663685 -0.0026265098713338
vn -0.9592638574564818 -2.9851367937028765 3.0289565437919066
v 0.0581477656960487 0.0372468754649162 -0.0026265098713338
vn -2.5983337490299792 1.7621742962404094 3.0625954175830925
v 0.0776917934417725 -0.0221679620444775 -0.0026265098713338
vn -2.7336775707690735 1.5436698794191552 3.0623351021312519
v 0.0793480202555656 -0.0195034164935350 -0.0026265098713338
vn -2.8484829432072258 1.3189984518384756 3.0588947289008415
v 0.0807875394821167 -0.0167158320546150 -0.0026265098713338
vn -2.9370540240400196 1.1078327675052528 3.0589899040332273
v 0.0820013061165810 -0.0138228004798293 -0.0026265098713338
vn -3.0166965252516653 0.8691355108973930 3.0623118793286839
v 0.0829816311597824 -0.0108425589278340 -0.0026265098713338
vn -3.0777822205733281 0.6195570536351456 3.0625885512524174
v 0.0837223529815674 -0.0077939187176526 -0.0026265098713338
vn -3.1180297934964947 0.3657521389847412 3.0623245371228944
v 0.0842187479138374 -0.0046961070038378 -0.0026265098713338
vn -3.1369520849812038 0.1143094041863121 3.0586966641517832
v 0.0844677612185478 -0.0015686686383560 -0.0026265098713338
vn -3.1369520878525115 -0.1143093655315673 3.0586967093088866
v 0.0844677612185478 0.0015686656115577 -0.0026265098713338
vn -3.1180297844972831 -0.3657522055110412 3.0623245189151587
v 0.0842187479138374 0.0046961042098701 -0.0026265098713338
vn -3.0777823257860928 -0.6195566275589793 3.0625890036741881
v 0.0837223529815674 0.0077939154580235 -0.0026265098713338
vn -3.0166965959788583 -0.8691352251803498 3.0623117484913136
v 0.0829816311597824 0.0108425589278340 -0.0026265098713338
vn -2.9370540240400196 -1.1078327675052528 3.0589899040332273
v 0.0820013061165810 0.0138228004798293 -0.0026265098713338
vn 3.0718580391950185 0.5919392646700246 2.9672060107180047
v 0.0494200959801674 -0.0322472304105759 -0.0026265098713338
vn 2.9024538698205569 1.1674377034562720 2.9674444658603667
v 0.0497779138386250 -0.0334617532789707 -0.0026265098713338
vn 2.6282910473032821 1.6965838052789064 2.9659186151078254
v 0.0503598451614380 -0.0345862619578838 -0.0026265098713338
vn 2.2573665679221966 2.1654882822523547 2.9624326841113682
v 0.0511446557939053 -0.0355798304080963 -0.0026265098713338
vn 1.7999692490879180 2.5572984636723981 2.9499976050652026
v 0.0521038435399532 -0.0364063270390034 -0.0026265098713338
vn 1.2925065846495745 2.8473357025810380 2.9462043241708304
v 0.0532024875283241 -0.0370356887578964 -0.0026265098713338
vn 0.7251062773725223 3.0422578103928943 2.9535053691734627
v 0.0544006228446960 -0.0374450124800205 -0.0026265098713338
vn 0.1388926861495879 3.1249735893688482 2.9628350274672899
v 0.0556546971201897 -0.0376194231212139 -0.0026265098713338
vn -0.4630171098752775 3.0940347107117021 2.9698867765187029
v 0.0569190904498100 -0.0375525616109371 -0.0026265098713338
vn -0.4600616674706521 -3.0944610210126093 2.9698867949616101
v 0.0569190904498100 0.0375525616109371 -0.0026265098713338
vn 0.1372339046481408 -3.1249011426256619 2.9600201845823912
v 0.0556546971201897 0.0376194231212139 -0.0026265098713338
vn 0.7251062773725223 -3.0422578103928943 2.9535053691734627
v 0.0544006228446960 0.0374450124800205 -0.0026265098713338
vn 1.2854239059409283 -2.8513882081107518 2.9579108420215330
v 0.0532024875283241 0.0370356887578964 -0.0026265098713338
vn 1.8077540131740959 -2.5526560085310335 2.9610782555643578
v 0.0521038435399532 0.0364063270390034 -0.0026265098713338
vn 2.2577556795971723 -2.1647904092417698 2.9601409836935941
v 0.0511446557939053 0.0355798304080963 -0.0026265098713338
vn 2.6279748486936629 -1.6966430003267958 2.9620884051105016
v 0.0503598451614380 0.0345862619578838 -0.0026265098713338
vn 2.9029178819726140 -1.1652851078770692 2.9613694461936317
v 0.0497779138386250 0.0334617532789707 -0.0026265098713338
vn 3.0715575572822953 -0.5896245287651681 2.9551083723270533
v 0.0494200959801674 0.0322472304105759 -0.0026265098713338
vn 4.9815871750970242 -2.1984990634056087 2.3222054398634371
v 0.0295691359788179 -0.0112144239246845 -0.0080264406278729
vn 5.3690861444032505 -0.9077736636570534 2.3239904012042909
v 0.0293432492762804 -0.0119731444865465 -0.0080264406278729
vn 5.1143050067976956 -1.9113077027541121 -2.3038790046557125
v 0.0295075476169586 -0.0113651128485799 -0.0089714284986258
vn 5.4175188174201381 -0.6719131958612592 -2.3065357066931629
v 0.0293229483067989 -0.0121141225099564 -0.0089714284986258
vn 5.4278537994284868 0.4390900387510119 2.3257942150221602
v 0.0293105281889439 -0.0127640841528773 -0.0080264406278729
vn 5.4118808766010265 0.6537664643860165 -2.3191888970561556
v 0.0293229483067989 -0.0128855528309941 -0.0089714284986258
vn 5.1539736497458417 1.7596764151877158 2.3275377718302614
v 0.0294729769229889 -0.0135388635098934 -0.0080264406278729
vn 5.0918487065402145 1.9475932894269532 -2.3212208555446860
v 0.0295075476169586 -0.0136345624923706 -0.0089714284986258
vn 0.0282608881140352 5.4497994893310899 2.3305165441726166
v 0.0324995778501034 -0.0156997963786125 -0.0080264406278729
vn -1.1934937627224849 5.3147572170782587 2.3236018438571953
v 0.0332116372883320 -0.0156195675954223 -0.0080264406278729
vn 0.0055526244536172 5.4251935543575778 -2.3594362978240762
v 0.0324995778501034 -0.0156997963786125 -0.0089714284986258
vn -1.3033495749127937 5.2697742000130487 -2.3453751072290636
v 0.0332653746008873 -0.0156068177893758 -0.0089714284986258
vn 4.5638301723406220 2.9729883176704108 2.3292991394672820
v 0.0298206526786089 -0.0142500447109342 -0.0080264406278729
vn 4.4802158051137351 3.1132746296037297 -2.3179947489646149
v 0.0298660323023796 -0.0143176242709160 -0.0089714284986258
vn -2.3426717644047068 4.9157280219962329 2.3187366123058681
v 0.0338879786431789 -0.0153828999027610 -0.0080264406278729
vn -2.5343152164919585 4.8259887460946382 -2.3133026394880991
v 0.0339866504073143 -0.0153332604095340 -0.0089714284986258
vn 3.6932363994127204 4.0047372777168890 2.3310628227840215
v 0.0303322765976191 -0.0148541266098619 -0.0080264406278729
vn 3.6296236805568358 4.0734944180437136 -2.3211184316565210
v 0.0303775966167450 -0.0148950368165970 -0.0089714284986258
vn -3.3775717077327396 4.2710690525666495 2.3138134217905737
v 0.0344946905970573 -0.0150016648694873 -0.0080264406278729
vn -3.6338963036967984 4.0729763657278797 -2.2974719479293535
v 0.0346215218305588 -0.0148950368165970 -0.0089714284986258
vn 2.5952735702265102 4.7912843752726699 2.3326878044773549
v 0.0309765562415123 -0.0153141207993031 -0.0080264406278729
vn 2.5315085529064985 4.8250518545558041 -2.3337235654305259
v 0.0310124773532152 -0.0153332604095340 -0.0089714284986258
vn -4.2456240978747735 3.4106151092581611 2.3094058718081083
v 0.0350014083087444 -0.0144949816167355 -0.0080264406278729
vn -4.4848765371622070 3.1110594222780228 -2.2927128402234040
v 0.0351330861449242 -0.0143176242709160 -0.0089714284986258
vn 1.3369898572222638 5.2841345971674452 2.3341671738744463
v 0.0317140370607376 -0.0156018780544400 -0.0080264406278729
vn 1.3032312842765044 5.2681149287105944 -2.3607571276939630
v 0.0317337773740292 -0.0156068177893758 -0.0089714284986258
vn -4.9011047544563642 2.3760788412775264 2.3059050478656404
v 0.0353826209902763 -0.0138882491737604 -0.0080264406278729
vn -5.0959729940109266 1.9439697051493725 -2.2958212002089642
v 0.0354915708303452 -0.0136345624923706 -0.0089714284986258
vn -5.3091633096755668 1.2195394821254142 2.3036768180872680
v 0.0356192886829376 -0.0132118985056877 -0.0080264406278729
vn -5.4148900504759450 0.6491705120148258 -2.2951459287254781
v 0.0356761962175369 -0.0128855528309941 -0.0089714284986258
vn -5.4472908388033385 -0.0220244101417574 2.3070350095482421
v 0.0356995165348053 -0.0124998372048140 -0.0080264406278729
vn -5.4188473679580778 -0.6774705660207743 -2.2915673483447838
v 0.0356761962175369 -0.0121141225099564 -0.0089714284986258
vn -5.2806675829979355 -1.3352291044408351 2.3113863718287964
v 0.0356016196310520 -0.0117142973467708 -0.0080264406278729
vn -5.1137054296841775 -1.9174778722660131 -2.2914386241110472
v 0.0354915708303452 -0.0113651128485799 -0.0089714284986258
vn -4.7920492501714147 -2.5890111120953923 2.3116775957268771
v 0.0353138409554958 -0.0109768267720938 -0.0080264406278729
vn -4.4899541030688788 -3.0943714188422811 -2.3028040582946803
v 0.0351330861449242 -0.0106820510700345 -0.0089714284986258
vn -4.0109710257120312 -3.6847469952895762 2.3122003712577994
v 0.0348538495600224 -0.0103325657546520 -0.0080264406278729
vn -3.6057719620922346 -4.0933580668728640 -2.3004833683706396
v 0.0346215218305588 -0.0101046385243535 -0.0089714284986258
vn -2.9849957716196069 -4.5555155420737341 2.3129270366187860
v 0.0342497639358044 -0.0098209390416741 -0.0080264406278729
vn -2.5280565624869591 -4.8361759418599952 -2.2975499920646065
v 0.0339866504073143 -0.0096664167940617 -0.0089714284986258
vn -1.7767139271709240 -5.1482123707971432 2.3137944030839659
v 0.0335385911166668 -0.0094732614234090 -0.0080264406278729
vn -1.3201607394983044 -5.2952818855269577 -2.2987710189492989
v 0.0332653746008873 -0.0093928650021553 -0.0089714284986258
vn -0.4598047887479275 -5.4264810855071950 2.3148585433237057
v 0.0327638275921345 -0.0093108089640737 -0.0080264406278729
vn 0.0036616618072826 -5.4521178022991617 -2.3065996013860439
v 0.0324995778501034 -0.0092998798936605 -0.0089714284986258
vn 0.8853031561897613 -5.3732286471712163 2.3160887643388217
v 0.0319728851318359 -0.0093435235321522 -0.0080264406278729
vn 1.3271056520948477 -5.2932332890561016 -2.3011960604658022
v 0.0317337773740292 -0.0093928650021553 -0.0089714284986258
vn 2.1764564624344724 -4.9915859115582304 2.3174700388949785
v 0.0312141627073288 -0.0095694018527865 -0.0080264406278729
vn 2.5339926468402179 -4.8323267231231641 -2.3024227357161298
v 0.0310124773532152 -0.0096664167940617 -0.0089714284986258
vn 3.3347013004096890 -4.3047008685256234 2.3189824637671674
v 0.0305341128259897 -0.0099746221676469 -0.0080264406278729
vn 3.6102346923196782 -4.0881241425219796 -2.3078131228590775
v 0.0303775966167450 -0.0101046385243535 -0.0089714284986258
vn 4.2892753556847145 -3.3543554097961983 2.3205777791902809
v 0.0299743395298719 -0.0105343833565712 -0.0080264406278729
vn 4.4925361749295618 -3.0883733279583345 -2.3126307286471954
v 0.0298660323023796 -0.0106820510700345 -0.0089714284986258
vn 1.4917086052653152 4.1676664647069126 -4.4268655041228993
v 0.0306693706661463 -0.0178310293704271 -0.0114080617204309
vn 0.7170072510382450 4.3874564192246579 -4.4262054403585580
v 0.0314715430140495 -0.0186604075133801 -0.0120172239840031
vn 2.2024144032184370 3.8734721251169408 -4.3954918240109668
v 0.0301067586988211 -0.0169213395565748 -0.0107989097014070
vn 3.2689369391185394 3.0092607363199875 -4.3966158331576137
v 0.0288007743656635 -0.0159048326313496 -0.0107989097014070
vn 2.7316324832481031 3.5014796234491983 -4.3963922165408977
v 0.0297858025878668 -0.0159864816814661 -0.0101897371932864
vn 2.7005159553318494 3.4538916752575157 -4.4561377802590050
v 0.0290374923497438 -0.0169478990137577 -0.0114080617204309
vn 3.9943094072404444 -1.7766190020708361 -4.4726245429196201
v 0.0273377150297165 -0.0102356467396021 -0.0114080617204309
vn 3.7137879236558602 2.4309887005398805 -4.3984522074269794
v 0.0288007464259863 -0.0149164060130715 -0.0101897371932864
vn 3.6693402130639239 2.4070866644911195 -4.4512584287500516
v 0.0277807991951704 -0.0155827673152089 -0.0114080617204309
vn 4.0689001684420356 1.7848120674183627 -4.3966180029707571
v 0.0278955660760403 -0.0145193310454488 -0.0107989097014070
vn 2.1110068635644308 -3.9048475545129695 -4.3982490867263602
v 0.0303966961801052 -0.0086140800267458 -0.0101897371932864
vn 4.2451646525380813 1.0759844313997533 -4.4623023932208961
v 0.0270354375243187 -0.0138835404068232 -0.0114080617204309
vn 4.3086222681931572 1.0916652656849986 -4.3931031069699360
v 0.0282164830714464 -0.0135844629257917 -0.0101897371932864
vn 4.4279791199154852 0.3668916174581897 -4.3966054945072575
v 0.0274892933666706 -0.0129150021821260 -0.0107989097014070
vn 4.3546160570960399 -0.3316731598283368 -4.4772803895260935
v 0.0268822219222784 -0.0120343733578920 -0.0114080617204309
vn 3.2687459850476901 -3.0113307017192756 -4.3934168661140358
v 0.0292489510029554 -0.0095074223354459 -0.0101897371932864
vn 4.4226086675310947 -0.3722835706621372 -4.3987685450142404
v 0.0280963759869337 -0.0121349832043052 -0.0101897371932864
vn 4.3071914963355553 -1.0907368111707076 -4.3966206778020238
v 0.0276259817183018 -0.0112656727433205 -0.0107989097014070
vn 3.2204343816316570 -2.9685023501357661 -4.4617225371494893
v 0.0283525921404362 -0.0086822770535946 -0.0114080617204309
vn 4.0676461885830477 -1.7775456275453649 -4.3980262722262422
v 0.0284534301608801 -0.0107250399887562 -0.0101897371932864
vn 4.2762281514525942 -1.0265671273167241 -4.4692805536466178
v 0.0264078862965107 -0.0111210951581597 -0.0120172239840031
vn 0.7349921945980122 -4.3812781550402367 -4.3950671388076907
v 0.0317723490297794 -0.0081418212503195 -0.0101897371932864
vn 3.7196396665685985 -2.4301751418279820 -4.3966186527032143
v 0.0282907616347075 -0.0097500924021006 -0.0107989097014070
vn 2.7290456166449713 -3.5062711443637955 -4.3966134179037111
v 0.0294116679579020 -0.0085324849933386 -0.0107989097014070
vn 2.0850319776719508 -3.8614211216576342 -4.4513700683178365
v 0.0298168435692787 -0.0075426027178764 -0.0114080617204309
vn 1.4426979160955447 -4.2024175776478740 -4.3965958455632403
v 0.0308671481907368 -0.0077448044903576 -0.0107989097014070
vn -0.7350090196640129 -4.3812780473218913 -4.3950619772674377
v 0.0332267992198467 -0.0081418212503195 -0.0101897371932864
vn 0.7283194456603446 -4.3213440515783361 -4.4586674902705949
v 0.0315718203783035 -0.0069401217624545 -0.0114080617204309
vn -0.0000056242912779 -4.4431633734249862 -4.3965986469551535
v 0.0324995778501034 -0.0074724038131535 -0.0107989097014070
vn -0.7283357096841856 -4.3213391693948653 -4.4586672392846429
v 0.0334273278713226 -0.0069401217624545 -0.0114080617204309
vn -1.4426968697611826 -4.2024195069548629 -4.3965998954223657
v 0.0341319665312767 -0.0077448044903576 -0.0107989097014070
vn -2.1109801777160229 -3.9048559355821388 -4.3982626386259049
v 0.0346024222671986 -0.0086140800267458 -0.0101897371932864
vn -2.0850356050657455 -3.8614382483538559 -4.4513561325201323
v 0.0351822748780251 -0.0075426027178764 -0.0114080617204309
vn -3.2204598715686030 -2.9685084912590605 -4.4617040333948372
v 0.0366465225815773 -0.0086822770535946 -0.0114080617204309
vn -2.7290599297720548 -3.5062881708908331 -4.3965753888085963
v 0.0355874896049500 -0.0085324849933386 -0.0107989097014070
vn -3.2687586421129140 -3.0113004526907026 -4.3934125224305909
v 0.0357502065598965 -0.0095074223354459 -0.0101897371932864
vn -3.7196859450995206 -2.4301840037279785 -4.3965842079122028
v 0.0367083549499512 -0.0097500924021006 -0.0107989097014070
vn -4.0676410854156462 -1.7775269487026673 -4.3980427632324055
v 0.0365456938743591 -0.0107250399887562 -0.0101897371932864
vn -3.9943221628801457 -1.7766439561777028 -4.4726078092702135
v 0.0376613996922970 -0.0102356467396021 -0.0114080617204309
vn -4.3071866076866945 -1.0907385288378082 -4.3966072827594420
v 0.0373731628060341 -0.0112656727433205 -0.0107989097014070
vn -4.3546355370836949 -0.3316631971045652 -4.4772585837900607
v 0.0381169058382511 -0.0120343733578920 -0.0114080617204309
vn -4.4226012466391929 -0.3722657056628647 -4.3987845853833569
v 0.0369027405977249 -0.0121349832043052 -0.0101897371932864
vn -4.2451663341469166 1.0759860516019508 -4.4623037022457721
v 0.0379636771976948 -0.0138835404068232 -0.0114080617204309
vn -4.4279705135680034 0.3669204017061694 -4.3966144368458293
v 0.0375098250806332 -0.0129150021821260 -0.0107989097014070
vn -4.3086496493349236 1.0916489740164796 -4.3930871235438840
v 0.0367826335132122 -0.0135844629257917 -0.0101897371932864
vn -4.2762346855891264 -1.0265824735409141 -4.4692732901071590
v 0.0385912284255028 -0.0111210951581597 -0.0120172239840031
vn -3.6693583905095606 2.4070761973930956 -4.4512468674443646
v 0.0372183285653591 -0.0155827673152089 -0.0114080617204309
vn -4.0689413242067722 1.7847801354847008 -4.3966024354791298
v 0.0371035486459732 -0.0145193310454488 -0.0107989097014070
vn -3.7138014505077894 2.4309565873478118 -4.3984414167190531
v 0.0361984074115753 -0.0149164060130715 -0.0101897371932864
vn -3.2689434948004137 3.0092800478396748 -4.3965829675669843
v 0.0361983776092529 -0.0159048326313496 -0.0107989097014070
vn -2.7005172937588089 3.4539229689297413 -4.4561180680627093
v 0.0359616205096245 -0.0169478990137577 -0.0114080617204309
vn -2.7316081205882501 3.5014870495127823 -4.3964130980696581
v 0.0352133139967918 -0.0159864816814661 -0.0101897371932864
vn -0.7046282836525023 4.3807481829856787 -4.4351834163418564
v 0.0331265181303024 -0.0162570085376501 -0.0095805861055851
vn -1.5435765882773347 4.1316487558150508 -4.4479174471530891
v 0.0339341908693314 -0.0166787225753069 -0.0101897371932864
vn -1.4917149214797050 4.1676713900566025 -4.4268581632266022
v 0.0343297533690929 -0.0178310293704271 -0.0114080617204309
vn -2.2024344652881549 3.8734815524259756 -4.3954764175887862
v 0.0348923653364182 -0.0169213395565748 -0.0107989097014070
vn -0.7745253461112178 4.3699863874497140 -4.4356149168537424
v 0.0332267992198467 -0.0168578512966633 -0.0101897371932864
vn -0.7170084813852985 4.3874534934346778 -4.4262089849933428
v 0.0335275754332542 -0.0186604075133801 -0.0120172239840031
vn 0.7745296147235333 4.3699852399961090 -4.4356157916789067
v 0.0317723490297794 -0.0168578512966633 -0.0101897371932864
vn 0.5039450099729835 4.4008192670659305 -4.4439361434078855
v 0.0320340953767300 -0.0181171856820583 -0.0114080617204309
vn 1.5435559935053476 4.1316563240234325 -4.4479229625120018
v 0.0310649666935205 -0.0166787225753069 -0.0101897371932864
vn -0.5039489765614846 4.4008213075364182 -4.4439344802039242
v 0.0329650230705738 -0.0181171856820583 -0.0114080617204309
vn 0.7046409122272863 4.3807446034561028 -4.4351809855638091
v 0.0318726077675819 -0.0162570085376501 -0.0095805861055851
vn 4.9892327410781867 -2.1799841289516588 2.3233725398431844
v 0.0295691359788179 0.0137852411717176 -0.0080264406278729
vn 5.3713935580481023 -0.8889888765857269 2.3260569101841990
v 0.0293432492762804 0.0130265308544040 -0.0080264406278729
vn 5.1143029791961663 -1.9113121221860123 -2.3038873602104890
v 0.0295075476169586 0.0136345624923706 -0.0089714284986258
vn 5.4175188174201381 -0.6719131958612592 -2.3065357066931629
v 0.0293229483067989 0.0128855528309941 -0.0089714284986258
vn 5.4250762363758298 0.4562050243905348 2.3289082241684973
v 0.0293105281889439 0.0122355911880732 -0.0080264406278729
vn 5.4118808766010265 0.6537664643860165 -2.3191888970561556
v 0.0293229483067989 0.0121141225099564 -0.0089714284986258
vn 5.1470909879677311 1.7732715823707210 2.3319122730058384
v 0.0294729769229889 0.0114608118310571 -0.0080264406278729
vn 5.0918486269542660 1.9475930616390762 -2.3212210339678316
v 0.0295075476169586 0.0113651128485799 -0.0089714284986258
vn 0.0244387202909577 5.4431424398286490 2.3414522321654232
v 0.0324995778501034 0.0092998798936605 -0.0080264406278729
vn -1.2100512143513626 5.3081648830207424 2.3294562403351700
v 0.0332116372883320 0.0093801086768508 -0.0080264406278729
vn 0.0055580252199828 5.4251950321673625 -2.3594413052424388
v 0.0324995778501034 0.0092998798936605 -0.0089714284986258
vn -1.3033544216434190 5.2697688869977846 -2.3453532511658941
v 0.0332653746008873 0.0093928650021553 -0.0089714284986258
vn 4.5544554698198914 2.9817609531298008 2.3351564911833673
v 0.0298206526786089 0.0107496306300163 -0.0080264406278729
vn 4.4802154582644853 3.1132742790526464 -2.3179952955289105
v 0.0298660323023796 0.0106820510700345 -0.0089714284986258
vn -2.3652184591076182 4.9043363438248031 2.3210414585931094
v 0.0338879786431789 0.0096167754381895 -0.0080264406278729
vn -2.5342994813494713 4.8259987180423334 -2.3132994328393304
v 0.0339866504073143 0.0096664167940617 -0.0089714284986258
vn 3.6834488684739419 4.0078302630505451 2.3387748537742006
v 0.0303322765976191 0.0101455487310886 -0.0080264406278729
vn 3.6296179664255912 4.0735020132464994 -2.3211199699805625
v 0.0303775966167450 0.0101046385243535 -0.0089714284986258
vn -3.4004353120455142 4.2528905865470232 2.3143686308522655
v 0.0344946905970573 0.0099980104714632 -0.0080264406278729
vn -3.6338926735937798 4.0729825399532205 -2.2974705033469309
v 0.0346215218305588 0.0101046385243535 -0.0089714284986258
vn 2.5873567785492417 4.7886909559410018 2.3426516871104246
v 0.0309765562415123 0.0096855591982603 -0.0080264406278729
vn 2.5314989328307513 4.8250587298613024 -2.3337239862207309
v 0.0310124773532152 0.0096664167940617 -0.0089714284986258
vn -4.2638174145102292 3.3877519991778380 2.3088378322990595
v 0.0350014083087444 0.0105046937242150 -0.0080264406278729
vn -4.4848761903147905 3.1110590717296756 -2.2927133867704965
v 0.0351330861449242 0.0106820510700345 -0.0089714284986258
vn 1.3332934791810860 5.2767042272940703 2.3468241381116983
v 0.0317140370607376 0.0093977963551879 -0.0080264406278729
vn 1.3032265716805116 5.2681121488694354 -2.3607330217619280
v 0.0317337773740292 0.0093928650021553 -0.0089714284986258
vn -4.9125338763938835 2.3535648159796407 2.3035607970255163
v 0.0353826209902763 0.0111114261671901 -0.0080264406278729
vn -5.0959729144268504 1.9439694773676102 -2.2958213786236619
v 0.0354915708303452 0.0113651128485799 -0.0089714284986258
vn -5.3157192240560711 1.2029627862951180 2.2978773026215014
v 0.0356192886829376 0.0117877768352628 -0.0080264406278729
vn -5.4148900508522875 0.6491705229425228 -2.2951458532901454
v 0.0356761962175369 0.0121141225099564 -0.0089714284986258
vn -5.4539505946303581 -0.0258250825011699 2.2961027944469485
v 0.0356995165348053 0.0124998372048140 -0.0080264406278729
vn -5.4188473199304923 -0.6774707613439088 -2.2915677207201952
v 0.0356761962175369 0.0128855528309941 -0.0089714284986258
vn -5.2880683789240921 -1.3389480223008108 2.2987741259047092
v 0.0356016196310520 0.0132853770628572 -0.0080264406278729
vn -5.1137056222245594 -1.9174778967439363 -2.2914388627334255
v 0.0354915708303452 0.0136345624923706 -0.0089714284986258
vn -4.7946700063011862 -2.5969283118690445 2.3016749938819365
v 0.0353138409554958 0.0140228485688567 -0.0080264406278729
vn -4.4899539115059115 -3.0943691164767273 -2.3028056892065281
v 0.0351330861449242 0.0143176242709160 -0.0089714284986258
vn -4.0078719739894710 -3.6945746319954060 2.3044671851828022
v 0.0348538495600224 0.0146671095862985 -0.0080264406278729
vn -3.6057705219517935 -4.0933549962822351 -2.3004896196149307
v 0.0346215218305588 0.0148950368165970 -0.0089714284986258
vn -2.9762697290696254 -4.5649340074486604 2.3069927926348770
v 0.0342497639358044 0.0151787335053086 -0.0080264406278729
vn -2.5280466947589182 -4.8361816406754370 -2.2975673990229915
v 0.0339866504073143 0.0153332604095340 -0.0089714284986258
vn -1.7631214526198191 -5.1550834922593127 2.3094134085845912
v 0.0335385911166668 0.0155264083296061 -0.0080264406278729
vn -1.3201619044316160 -5.2952791052639219 -2.2987717985079792
v 0.0332653746008873 0.0156068075448275 -0.0089714284986258
vn -0.4427268282685268 -5.4292639213550329 2.3117358618519503
v 0.0327638275921345 0.0156888663768768 -0.0080264406278729
vn 0.0036559842451796 -5.4521219826270357 -2.3065946787090503
v 0.0324995778501034 0.0156997963786125 -0.0089714284986258
vn 0.9041069222601074 -5.3709395939344864 2.3140230108460091
v 0.0319728851318359 0.0156561564654112 -0.0080264406278729
vn 1.3271120890333477 -5.2932299670580578 -2.3011827600625416
v 0.0317337773740292 0.0156068075448275 -0.0089714284986258
vn 2.1949709549091798 -4.9839253674079291 2.3162869736053571
v 0.0312141627073288 0.0154302697628736 -0.0080264406278729
vn 2.5339795618760546 -4.8323346432700456 -2.3024337976127525
v 0.0310124773532152 0.0153332604095340 -0.0089714284986258
vn 3.3510600489042845 -4.2921747706721050 2.3185718186202195
v 0.0305341128259897 0.0150250550359488 -0.0080264406278729
vn 3.6102367379128402 -4.0881186148279260 -2.3078125454636069
v 0.0303775966167450 0.0148950368165970 -0.0089714284986258
vn 4.3018546208503681 -3.3380590285957807 2.3209067755936319
v 0.0299743395298719 0.0144652919843793 -0.0080264406278729
vn 4.4925382021757603 -3.0883668873459813 -2.3126385930413975
v 0.0298660323023796 0.0143176242709160 -0.0089714284986258
vn 1.4917054169003126 4.1676660468905613 -4.4268680128146087
v 0.0306693706661463 0.0071686492301524 -0.0114080617204309
vn 0.7170075527713924 4.3874481051611047 -4.4262126728006130
v 0.0314715430140495 0.0063392678275704 -0.0120172239840031
vn 2.2024122121952585 3.8734668597888842 -4.3954992782035571
v 0.0301067586988211 0.0080783404409885 -0.0107989097014070
vn 3.2689369641069508 3.0092586551416809 -4.3966192254946890
v 0.0288007743656635 0.0090948482975364 -0.0107989097014070
vn 2.7316345805897271 3.5014844407918497 -4.3963882468948405
v 0.0297858025878668 0.0090131983160973 -0.0101897371932864
vn 2.7005095992817161 3.4538824864996522 -4.4561458214851140
v 0.0290374923497438 0.0080517726019025 -0.0114080617204309
vn 3.9943082588385854 -1.7766174321457791 -4.4726262718528211
v 0.0273377150297165 0.0147640286013484 -0.0114080617204309
vn 3.7137869482179195 2.4309951052825953 -4.3984482173205715
v 0.0288007464259863 0.0100832683965564 -0.0101897371932864
vn 3.6693406123882042 2.4070841888660781 -4.4512610588915571
v 0.0277807991951704 0.0094169136136770 -0.0114080617204309
vn 4.0689007206721755 1.7848164135036695 -4.3966150781765032
v 0.0278955660760403 0.0104803442955017 -0.0107989097014070
vn 2.1109972287373595 -3.9048451782782614 -4.3982555618924737
v 0.0303966961801052 0.0163855981081724 -0.0101897371932864
vn 4.2451641995377694 1.0759860859184813 -4.4623021776480192
v 0.0270354375243187 0.0111161349341273 -0.0114080617204309
vn 4.3086224590287534 1.0916649268990966 -4.3931030614447524
v 0.0282164830714464 0.0114152124151587 -0.0101897371932864
vn 4.4279791163111097 0.3668915646511085 -4.3966054949213156
v 0.0274892933666706 0.0120846731588244 -0.0107989097014070
vn 4.3546159515511640 -0.3316732518650355 -4.4772804716440868
v 0.0268822219222784 0.0129653019830585 -0.0114080617204309
vn 3.2687478929705933 -3.0113281028627465 -4.3934152480319666
v 0.0292489510029554 0.0154922585934401 -0.0101897371932864
vn 4.4226086936801572 -0.3722839082099054 -4.3987684391452628
v 0.0280963759869337 0.0128646921366453 -0.0101897371932864
vn 4.3071912483027761 -1.0907367458510770 -4.3966210360498446
v 0.0276259817183018 0.0137340016663074 -0.0107989097014070
vn 3.2204363971442627 -2.9685017509823388 -4.4617224350543117
v 0.0283525921404362 0.0163173973560333 -0.0114080617204309
vn 4.0676485858345837 -1.7775431389668506 -4.3980256575672536
v 0.0284534301608801 0.0142746344208717 -0.0101897371932864
vn 4.2762281514525942 -1.0265671273167241 -4.4692805536466178
v 0.0264078862965107 0.0138785801827908 -0.0120172239840031
vn 0.7349842453213963 -4.3812713855571221 -4.3950779872881105
v 0.0317723490297794 0.0168578512966633 -0.0101897371932864
vn 3.7196449997570227 -2.4301729710658901 -4.3966162548373484
v 0.0282907616347075 0.0152495820075274 -0.0107989097014070
vn 2.7290508989709443 -3.5062744065954190 -4.3966059440979395
v 0.0294116679579020 0.0164671950042248 -0.0107989097014070
vn 2.0850373105042599 -3.8614246018350027 -4.4513653093972101
v 0.0298168435692787 0.0174570735543966 -0.0114080617204309
vn 1.4426923206908229 -4.2024169662045985 -4.3965955958134986
v 0.0308671481907368 0.0172548759728670 -0.0107989097014070
vn -0.7350010701749921 -4.3812712778826297 -4.3950728258917557
v 0.0332267992198467 0.0168578512966633 -0.0101897371932864
vn 0.7283169648208735 -4.3213465839039307 -4.4586656125006501
v 0.0315718203783035 0.0180595554411411 -0.0114080617204309
vn -0.0000056242119665 -4.4431558929633548 -4.3966061030010124
v 0.0324995778501034 0.0175272729247808 -0.0107989097014070
vn -0.7283332288711719 -4.3213417017351059 -4.4586653615162062
v 0.0334273278713226 0.0180595554411411 -0.0114080617204309
vn -1.4426912741434961 -4.2024188954073161 -4.3965996460059831
v 0.0341319665312767 0.0172548759728670 -0.0107989097014070
vn -2.1109705427812302 -3.9048535593032714 -4.3982691138051564
v 0.0346024222671986 0.0163855981081724 -0.0101897371932864
vn -2.0850409378848118 -3.8614417286404961 -4.4513513734493824
v 0.0351822748780251 0.0174570735543966 -0.0114080617204309
vn -2.7290652122106249 -3.5062914331668336 -4.3965679144047813
v 0.0355874896049500 0.0164671950042248 -0.0107989097014070
vn -3.2204618872166502 -2.9685078920543284 -4.4617039311258289
v 0.0366465225815773 0.0163173973560333 -0.0114080617204309
vn -3.2687605500525967 -3.0112978537981943 -4.3934109039469247
v 0.0357502065598965 0.0154922585934401 -0.0101897371932864
vn -3.7196912783534666 -2.4301818328629521 -4.3965818098829406
v 0.0367083549499512 0.0152495820075274 -0.0107989097014070
vn -4.0676434825961181 -1.7775244601406386 -4.3980421485762271
v 0.0365456938743591 0.0142746344208717 -0.0101897371932864
vn -3.9943210144543744 -1.7766423862438994 -4.4726095382271147
v 0.0376613996922970 0.0147640286013484 -0.0114080617204309
vn -4.3071863596392150 -1.0907384634756359 -4.3966076410613164
v 0.0373731628060341 0.0137340016663074 -0.0107989097014070
vn -4.3546354315467299 -0.3316632891432528 -4.4772586659017213
v 0.0381169058382511 0.0129653019830585 -0.0114080617204309
vn -4.4226012727800406 -0.3722660431966548 -4.3987844795326438
v 0.0369027405977249 0.0128646921366453 -0.0101897371932864
vn -4.2451658811600668 1.0759877061005925 -4.4623034866777944
v 0.0379636771976948 0.0111161349341273 -0.0114080617204309
vn -4.4279705099648821 0.3669203489090845 -4.3966144372599034
v 0.0375098250806332 0.0120846731588244 -0.0107989097014070
vn -4.3086498401582043 1.0916486352412118 -4.3930870780186515
v 0.0367826335132122 0.0114152124151587 -0.0101897371932864
vn -4.2762346855891264 -1.0265824735409141 -4.4692732901071590
v 0.0385912284255028 0.0138785801827908 -0.0120172239840031
vn -3.6693587898814979 2.4070737216396974 -4.4512494976578658
v 0.0372183285653591 0.0094169136136770 -0.0114080617204309
vn -4.0689418764694869 1.7847844814902301 -4.3965995107769134
v 0.0371035486459732 0.0104803442955017 -0.0107989097014070
vn -3.7138004749543279 2.4309629920606182 -4.3984374265293464
v 0.0361984074115753 0.0100832683965564 -0.0101897371932864
vn -3.2689435200085537 3.0092779665627143 -4.3965863602511783
v 0.0361983776092529 0.0090948482975364 -0.0107989097014070
vn -2.7005109376431244 3.4539137799515580 -4.4561261097884062
v 0.0359616205096245 0.0080517726019025 -0.0114080617204309
vn -2.7316102179199921 3.5014918668160373 -4.3964091283673863
v 0.0352133139967918 0.0090131983160973 -0.0101897371932864
vn -0.7046798261000582 4.3807214107156423 -4.4352068298247254
v 0.0331265181303024 0.0087426723912358 -0.0095805861055851
vn -1.5435893499639621 4.1316406584006868 -4.4479212540929538
v 0.0339341908693314 0.0083209546282887 -0.0101897371932864
vn -1.4917117331197274 4.1676709723153147 -4.4268606718625740
v 0.0343297533690929 0.0071686492301524 -0.0114080617204309
vn -2.2024322743209535 3.8734762870615285 -4.3954838717960154
v 0.0348923653364182 0.0080783404409885 -0.0107989097014070
vn -0.7745173132443661 4.3699798506574670 -4.4356187733484873
v 0.0332267992198467 0.0081418203189969 -0.0101897371932864
vn -0.7170087830087664 4.3874451793421141 -4.4262162174990261
v 0.0335275754332542 0.0063392678275704 -0.0120172239840031
vn 0.7745215812927100 4.3699787035702116 -4.4356196480080214
v 0.0317723490297794 0.0081418203189969 -0.0101897371932864
vn 0.5039641957872988 4.4008177137393218 -4.4439382445911066
v 0.0320340953767300 0.0068824947811663 -0.0114080617204309
vn 1.5435687553395854 4.1316482264217296 -4.4479267696477338
v 0.0310649666935205 0.0083209546282887 -0.0101897371932864
vn -0.5039681646697483 4.4008197541040524 -4.4439365812733502
v 0.0329650230705738 0.0068824947811663 -0.0114080617204309
vn 0.7046924491644748 4.3807178331821399 -4.4352043981796365
v 0.0318726077675819 0.0087426723912358 -0.0095805861055851
vn 4.9816073685856921 -2.1985239527010094 2.3222018641199185
v 0.0545688010752201 -0.0112144239246845 -0.0080264406278729
vn 5.3690931323395477 -0.9077615066661854 2.3240184753216688
v 0.0543429143726826 -0.0119731444865465 -0.0080264406278729
vn 5.1143037242020171 -1.9113036409968480 -2.3038551802450105
v 0.0545072220265865 -0.0113651128485799 -0.0089714284986258
vn 5.4175226163753312 -0.6719050730233854 -2.3065141106348501
v 0.0543226227164268 -0.0121141225099564 -0.0089714284986258
vn 5.4278236938767010 0.4390826297414969 2.3258215330944632
v 0.0543102025985718 -0.0127640841528773 -0.0080264406278729
vn 5.4118841415312460 0.6537600018608816 -2.3191788061367413
v 0.0543226227164268 -0.0128855528309941 -0.0089714284986258
vn 5.1539821871439608 1.7597074030484732 2.3275469357079714
v 0.0544726438820362 -0.0135388635098934 -0.0080264406278729
vn 5.0918458459889466 1.9475963735649777 -2.3212096697787783
v 0.0545072220265865 -0.0136345624923706 -0.0089714284986258
vn 0.0282556774706084 5.4497994224012887 2.3305177559639563
v 0.0574992522597313 -0.0156997963786125 -0.0080264406278729
vn -1.1934784408124024 5.3147556151257245 2.3236009990771698
v 0.0582113042473793 -0.0156195675954223 -0.0080264406278729
vn 0.0055512885575949 5.4251929379021968 -2.3594382472116178
v 0.0574992522597313 -0.0156997963786125 -0.0089714284986258
vn -1.3033445497184426 5.2697742217873689 -2.3453748913287980
v 0.0582650452852249 -0.0156068177893758 -0.0089714284986258
vn 4.5638295104414324 2.9729928638006951 2.3292886458831892
v 0.0548203289508820 -0.0142500447109342 -0.0080264406278729
vn 4.4802114141880693 3.1132687989578738 -2.3180045494837405
v 0.0548657067120075 -0.0143176242709160 -0.0089714284986258
vn -2.3426669602118046 4.9157341300990680 2.3187398282454561
v 0.0588876567780972 -0.0153828999027610 -0.0080264406278729
vn -2.5343111318892384 4.8259913896275508 -2.3132978173424217
v 0.0589863248169422 -0.0153332604095340 -0.0089714284986258
vn 3.6932505393630306 4.0047247487947315 2.3310640526871076
v 0.0553319491446018 -0.0148541266098619 -0.0080264406278729
vn 3.6296318079510161 4.0734841804966724 -2.3211139129210006
v 0.0553772710263729 -0.0148950368165970 -0.0089714284986258
vn -3.3775832486276069 4.2710676786918267 2.3138156552356017
v 0.0594943687319756 -0.0150016648694873 -0.0080264406278729
vn -3.6338965187066896 4.0729753321229856 -2.2974682691129291
v 0.0596211962401867 -0.0148950368165970 -0.0089714284986258
vn 2.5952869943658801 4.7912846318338413 2.3326829051779452
v 0.0559762232005596 -0.0153141207993031 -0.0080264406278729
vn 2.5315175636513394 4.8250503010386518 -2.3337279706535945
v 0.0560121424496174 -0.0153332604095340 -0.0089714284986258
vn -4.2456279324959443 3.4106106870212174 2.3094048136058807
v 0.0600010827183723 -0.0144949816167355 -0.0080264406278729
vn -4.4848741594912367 3.1110580348885990 -2.2927159341140166
v 0.0601327605545521 -0.0143176242709160 -0.0089714284986258
vn 1.3369874962807369 5.2841363067121030 2.3341709255021019
v 0.0567137040197849 -0.0156018780544400 -0.0080264406278729
vn 1.3032125460482407 5.2681153717579994 -2.3607502060689267
v 0.0567334555089474 -0.0156068177893758 -0.0089714284986258
vn -4.9011047544563642 2.3760788412775264 2.3059050478656404
v 0.0603822953999043 -0.0138882491737604 -0.0080264406278729
vn -5.0959722918001029 1.9439678861754310 -2.2958226867512348
v 0.0604912452399731 -0.0136345624923706 -0.0089714284986258
vn -5.3091546192676171 1.2195523421313605 2.3036810802159895
v 0.0606189630925655 -0.0132118985056877 -0.0080264406278729
vn -5.4148849141105773 0.6491785926491780 -2.2951450928454049
v 0.0606758706271648 -0.0128855528309941 -0.0089714284986258
vn -5.4472897113919281 -0.0220234880864229 2.3070508123235367
v 0.0606991946697235 -0.0124998372048140 -0.0080264406278729
vn -5.4188373958560954 -0.6774730866804551 -2.2915724055007418
v 0.0606758706271648 -0.0121141225099564 -0.0089714284986258
vn -5.2806598959021622 -1.3352404551446384 2.3113902133189717
v 0.0606012940406799 -0.0117142973467708 -0.0080264406278729
vn -5.1137007067136615 -1.9174810149307082 -2.2914425688017688
v 0.0604912452399731 -0.0113651128485799 -0.0089714284986258
vn -4.7920492501714147 -2.5890111120953923 2.3116775957268771
v 0.0603135153651237 -0.0109768267720938 -0.0080264406278729
vn -4.4899541030688788 -3.0943714188422811 -2.3028040582946803
v 0.0601327605545521 -0.0106820510700345 -0.0089714284986258
vn -4.0109710257120312 -3.6847469952895762 2.3122003712577994
v 0.0598535239696503 -0.0103325657546520 -0.0080264406278729
vn -3.6057719620922346 -4.0933580668728640 -2.3004833683706396
v 0.0596211962401867 -0.0101046385243535 -0.0089714284986258
vn -2.9849993041958101 -4.5555132709955846 2.3129262418034560
v 0.0592494383454323 -0.0098209390416741 -0.0080264406278729
vn -2.5280545270535026 -4.8361778138083391 -2.2975475083249361
v 0.0589863248169422 -0.0096664167940617 -0.0089714284986258
vn -1.7767171227020000 -5.1482144132416181 2.3137974748310786
v 0.0585382692515850 -0.0094732614234090 -0.0080264406278729
vn -1.3201560115195277 -5.2952824569391526 -2.2987663359586636
v 0.0582650452852249 -0.0093928650021553 -0.0089714284986258
vn -0.4598051223211301 -5.4264810505631136 2.3148588732571129
v 0.0577635020017624 -0.0093108089640737 -0.0080264406278729
vn 0.0036601841902197 -5.4521178844406331 -2.3065987560279519
v 0.0574992522597313 -0.0092998798936605 -0.0089714284986258
vn 0.8853091349896680 -5.3732295090716811 2.3160943951976023
v 0.0569725483655930 -0.0093435235321522 -0.0080264406278729
vn 1.3270941756578187 -5.2932354292252874 -2.3011858294372338
v 0.0567334555089474 -0.0093928650021553 -0.0089714284986258
vn 2.1764714047440781 -4.9915839381579099 2.3174706604624915
v 0.0562138296663761 -0.0095694018527865 -0.0080264406278729
vn 2.5340011900051129 -4.8323300049505562 -2.3024272218546598
v 0.0560121424496174 -0.0096664167940617 -0.0089714284986258
vn 3.3347086386712279 -4.3046888739062172 2.3189773891834102
v 0.0555337890982628 -0.0099746221676469 -0.0080264406278729
vn 3.6102413876155204 -4.0881134140512296 -2.3078177420593589
v 0.0553772710263729 -0.0101046385243535 -0.0089714284986258
vn 4.2892577158723411 -3.3543736921897329 2.3205705610044900
v 0.0549740158021450 -0.0105343833565712 -0.0080264406278729
vn 4.4925254846183211 -3.0883777602035773 -2.3126315366837642
v 0.0548657067120075 -0.0106820510700345 -0.0089714284986258
vn 1.4917090779576869 4.1676681844398811 -4.4268632969961317
v 0.0556690394878387 -0.0178310293704271 -0.0114080617204309
vn 0.7170020734175458 4.3874563087511005 -4.4262068209684209
v 0.0564712174236774 -0.0186604075133801 -0.0120172239840031
vn 2.2024190713040630 3.8734693984631816 -4.3954902336661688
v 0.0551064237952232 -0.0169213395565748 -0.0107989097014070
vn 3.2689340990043769 3.0092595603330361 -4.3966169668230002
v 0.0538004413247108 -0.0159048326313496 -0.0107989097014070
vn 2.7316274480484126 3.5014772147829127 -4.3964015520888191
v 0.0547854788601398 -0.0159864816814661 -0.0101897371932864
vn 2.7005190299841408 3.4539005616589513 -4.4561303531812362
v 0.0540371648967266 -0.0169478990137577 -0.0114080617204309
vn 3.9943055418950846 -1.7766199771239797 -4.4726286207190551
v 0.0523373894393444 -0.0102356467396021 -0.0114080617204309
vn 3.7137945259323404 2.4309806915727812 -4.3984457177989409
v 0.0538004115223885 -0.0149164060130715 -0.0101897371932864
vn 3.6693377852035676 2.4070750736212547 -4.4512632025095940
v 0.0527804642915726 -0.0155827673152089 -0.0114080617204309
vn 4.0689051383013428 1.7847977601267175 -4.3966244606590843
v 0.0528952442109585 -0.0145193310454488 -0.0107989097014070
vn 2.1109982479974754 -3.9048495616130880 -4.3982531237334861
v 0.0553963705897331 -0.0086140800267458 -0.0101897371932864
vn 4.2451613837111060 1.0759860577491305 -4.4623067110647003
v 0.0520351119339466 -0.0138835404068232 -0.0114080617204309
vn 4.3086283842956927 1.0916590376705111 -4.3931004276900634
v 0.0532161593437195 -0.0135844629257917 -0.0101897371932864
vn 4.4279660428178280 0.3668996609994594 -4.3966186822189171
v 0.0524889677762985 -0.0129150021821260 -0.0107989097014070
vn 4.3546084484270606 -0.3316746177886805 -4.4772828870005590
v 0.0518818870186806 -0.0120343733578920 -0.0114080617204309
vn 3.2687470956804243 -3.0113295411985224 -4.3934139535222672
v 0.0542486160993576 -0.0095074223354459 -0.0101897371932864
vn 4.4226095716919156 -0.3722740180254829 -4.3987706731436722
v 0.0530960522592068 -0.0121349832043052 -0.0101897371932864
vn 4.3071887378880636 -1.0907376766623249 -4.3966252686007410
v 0.0526256561279297 -0.0112656727433205 -0.0107989097014070
vn 3.2204362890088074 -2.9685034410239237 -4.4617213060556900
v 0.0533522665500641 -0.0086822770535946 -0.0114080617204309
vn 4.0676563538307384 -1.7775379636729616 -4.3980145342085990
v 0.0534530952572823 -0.0107250399887562 -0.0101897371932864
vn 4.2762341137890774 -1.0265815417306399 -4.4692729875542332
v 0.0514075607061386 -0.0111210951581597 -0.0120172239840031
vn 0.7349947530863721 -4.3812774221222099 -4.3950669395032396
v 0.0567720197141171 -0.0081418212503195 -0.0101897371932864
vn 3.7196537253309954 -2.4301802068707845 -4.3966076256278193
v 0.0532904379069805 -0.0097500924021006 -0.0107989097014070
vn 2.7290491046881238 -3.5062743891011277 -4.3966049898221673
v 0.0544113330543041 -0.0085324849933386 -0.0107989097014070
vn 2.0850327237834856 -3.8614254278039759 -4.4513665646049763
v 0.0548165179789066 -0.0075426027178764 -0.0114080617204309
vn 1.4426959543766145 -4.2024197115229374 -4.3965949994989506
v 0.0558668226003647 -0.0077448044903576 -0.0107989097014070
vn -0.7350093427352640 -4.3812774733994440 -4.3950624305078927
v 0.0582264736294746 -0.0081418212503195 -0.0101897371932864
vn 0.7283179703211770 -4.3213431465115448 -4.4586687999729273
v 0.0565714947879314 -0.0069401217624545 -0.0114080617204309
vn -0.0000058805146347 -4.4431635213378753 -4.3965985300732520
v 0.0574992522597313 -0.0074724038131535 -0.0107989097014070
vn -0.7283351195303276 -4.3213388073563115 -4.4586677631870915
v 0.0584270022809505 -0.0069401217624545 -0.0114080617204309
vn -1.4426968697611826 -4.2024195069548629 -4.3965998954223657
v 0.0591316409409046 -0.0077448044903576 -0.0107989097014070
vn -2.1109796379591161 -3.9048557675064726 -4.3982629854605397
v 0.0596020966768265 -0.0086140800267458 -0.0101897371932864
vn -2.0850334476341676 -3.8614370217481362 -4.4513585692993471
v 0.0601819492876530 -0.0075426027178764 -0.0114080617204309
vn -3.2204535449327860 -2.9685122661145802 -4.4617077299107315
v 0.0616461969912052 -0.0086822770535946 -0.0114080617204309
vn -2.7290599297720548 -3.5062881708908331 -4.3965753888085963
v 0.0605871640145779 -0.0085324849933386 -0.0107989097014070
vn -3.2687586421129140 -3.0113004526907026 -4.3934125224305909
v 0.0607498809695244 -0.0095074223354459 -0.0101897371932864
vn -3.7196669409231964 -2.4301939666375039 -4.3965981782307475
v 0.0617080293595791 -0.0097500924021006 -0.0107989097014070
vn -4.0676237139196463 -1.7775432746060587 -4.3980560385819398
v 0.0615453682839870 -0.0107250399887562 -0.0101897371932864
vn -3.9943128663868759 -1.7766510935233923 -4.4726085968912450
v 0.0626610890030861 -0.0102356467396021 -0.0114080617204309
vn -4.3071825054793180 -1.0907372166754541 -4.3966051276643272
v 0.0623728521168232 -0.0112656727433205 -0.0107989097014070
vn -4.3546453395719347 -0.3316478492542353 -4.4772552704184747
v 0.0631165802478790 -0.0120343733578920 -0.0114080617204309
vn -4.4225875139724309 -0.3722580574966432 -4.3987947424440987
v 0.0619024261832237 -0.0121349832043052 -0.0101897371932864
vn -4.2451702062761711 1.0759891631432819 -4.4623018288759040
v 0.0629633516073227 -0.0138835404068232 -0.0114080617204309
vn -4.4279810172838889 0.3669327898384694 -4.3966007753794747
v 0.0625095069408417 -0.0129150021821260 -0.0107989097014070
vn -4.3086383861570550 1.0916543129391134 -4.3931011651114300
v 0.0617823079228401 -0.0135844629257917 -0.0101897371932864
vn -4.2762328865163859 -1.0265670570580776 -4.4692767439011583
v 0.0635909140110016 -0.0111210951581597 -0.0120172239840031
vn -3.6693593512558103 2.4070802383206686 -4.4512454556837024
v 0.0622180029749870 -0.0155827673152089 -0.0114080617204309
vn -4.0689435737817679 1.7847827740145965 -4.3965952876490331
v 0.0621032305061817 -0.0145193310454488 -0.0107989097014070
vn -3.7137960028139041 2.4309574137906651 -4.3984444016135065
v 0.0611980855464935 -0.0149164060130715 -0.0101897371932864
vn -3.2689410764740288 3.0092836000356766 -4.3965837100352934
v 0.0611980520188808 -0.0159048326313496 -0.0107989097014070
vn -2.7005142240989088 3.4539185407242181 -4.4561225922087138
v 0.0609612986445427 -0.0169478990137577 -0.0114080617204309
vn -2.7316064019852804 3.5014894744998166 -4.3964126723774646
v 0.0602129884064198 -0.0159864816814661 -0.0101897371932864
vn -0.7046300724023742 4.3807469024792569 -4.4351842451947627
v 0.0581261925399303 -0.0162570085376501 -0.0095805861055851
vn -1.5435764485458758 4.1316485132124132 -4.4479177157967760
v 0.0589338652789593 -0.0166787225753069 -0.0101897371932864
vn -1.4917128370143611 4.1676710832134622 -4.4268594241486374
v 0.0593294277787209 -0.0178310293704271 -0.0114080617204309
vn -2.2024323309104594 3.8734807435516712 -4.3954784711666282
v 0.0598920397460461 -0.0169213395565748 -0.0107989097014070
vn -0.7745253461112178 4.3699863874497140 -4.4356149168537424
v 0.0582264736294746 -0.0168578512966633 -0.0101897371932864
vn -0.7170070890336092 4.3874530235440901 -4.4262097844529791
v 0.0585272498428822 -0.0186604075133801 -0.0120172239840031
vn 0.7745234216518759 4.3699887442659575 -4.4356136608924750
v 0.0567720197141171 -0.0168578512966633 -0.0101897371932864
vn 0.5039434255432158 4.4008199275819200 -4.4439357947406855
v 0.0570337697863579 -0.0181171856820583 -0.0114080617204309
vn 1.5435572288306083 4.1316550356912769 -4.4479226749744969
v 0.0560646317899227 -0.0166787225753069 -0.0101897371932864
vn -0.5039489765614846 4.4008213075364182 -4.4439344802039242
v 0.0579646974802017 -0.0181171856820583 -0.0114080617204309
vn 0.7046429353249598 4.3807415818577100 -4.4351824130543829
v 0.0568722710013390 -0.0162570085376501 -0.0095805861055851
vn 4.9816002640857784 -2.1985139847040540 2.3221979067528773
v 0.0545688010752201 0.0137852411717176 -0.0080264406278729
vn 5.3690919072059904 -0.9077668509721075 2.3240194317870380
v 0.0543429143726826 0.0130265308544040 -0.0080264406278729
vn 5.1143016966681776 -1.9113080604590886 -2.3038635358437438
v 0.0545072220265865 0.0136345624923706 -0.0089714284986258
vn 5.4175226163753312 -0.6719050730233854 -2.3065141106348501
v 0.0543226227164268 0.0128855528309941 -0.0089714284986258
vn 5.4278236938767010 0.4390826297414969 2.3258215330944632
v 0.0543102025985718 0.0122355911880732 -0.0080264406278729
vn 5.4118841415312460 0.6537600018608816 -2.3191788061367413
v 0.0543226227164268 0.0121141225099564 -0.0089714284986258
vn 5.1539821871439608 1.7597074030484732 2.3275469357079714
v 0.0544726438820362 0.0114608118310571 -0.0080264406278729
vn 5.0918457664036270 1.9475961457788136 -2.3212098481995600
v 0.0545072220265865 0.0113651128485799 -0.0089714284986258
vn 0.0282574580139829 5.4497985157424464 2.3305238701332458
v 0.0574992522597313 0.0092998798936605 -0.0080264406278729
vn -1.1934792475978715 5.3147523602039186 2.3236169676477134
v 0.0582113042473793 0.0093801086768508 -0.0080264406278729
vn 0.0055566892155229 5.4251944156339658 -2.3594432547602882
v 0.0574992522597313 0.0092998798936605 -0.0089714284986258
vn -1.3033493966142260 5.2697689086733899 -2.3453530352911294
v 0.0582650452852249 0.0093928650021553 -0.0089714284986258
vn 4.5638295104414324 2.9729928638006951 2.3292886458831892
v 0.0548203289508820 0.0107496306300163 -0.0080264406278729
vn 4.4802110673393010 3.1132684484075104 -2.3180050960435086
v 0.0548657067120075 0.0106820510700345 -0.0089714284986258
vn -2.3426704197390338 4.9157447562143215 2.3187384817501409
v 0.0588876567780972 0.0096167754381895 -0.0080264406278729
vn -2.5342953967671953 4.8260013615339750 -2.3132946107095069
v 0.0589863248169422 0.0096664167940617 -0.0089714284986258
vn 3.6932426583087477 4.0047371204812787 2.3310628206999526
v 0.0553319491446018 0.0101455487310886 -0.0080264406278729
vn 3.6296260938530938 4.0734917757297300 -2.3211154512724739
v 0.0553772710263729 0.0101046385243535 -0.0089714284986258
vn -3.3775828855102099 4.2710770799323443 2.3138093426010973
v 0.0594943687319756 0.0099980104714632 -0.0080264406278729
vn -3.6338928886027029 4.0729815063556298 -2.2974668245361825
v 0.0596211962401867 0.0101046385243535 -0.0089714284986258
vn 2.5952935346379573 4.7912838570695460 2.3326668714042107
v 0.0559762232005596 0.0096855591982603 -0.0080264406278729
vn 2.5315079436453285 4.8250571762563910 -2.3337283914126306
v 0.0560121424496174 0.0096664167940617 -0.0089714284986258
vn -4.2456279661944940 3.4106125786535113 2.3094034378073967
v 0.0600010827183723 0.0105046937242150 -0.0080264406278729
vn -4.4848738126440129 3.1110576843405391 -2.2927164806592981
v 0.0601327605545521 0.0106820510700345 -0.0089714284986258
vn 1.3369912936030433 5.2841394137425715 2.3341885083304623
v 0.0567137040197849 0.0093977963551879 -0.0080264406278729
vn 1.3032078339039561 5.2681125915296638 -2.3607261002357052
v 0.0567334555089474 0.0093928650021553 -0.0089714284986258
vn -4.9011047544563642 2.3760788412775264 2.3059050478656404
v 0.0603822953999043 0.0111114261671901 -0.0080264406278729
vn -5.0959722122162043 1.9439676583942977 -2.2958228651650634
v 0.0604912452399731 0.0113651128485799 -0.0089714284986258
vn -5.3091545563967220 1.2195526225259619 2.3036810255006488
v 0.0606189630925655 0.0117877768352628 -0.0080264406278729
vn -5.4148849144867448 0.6491786035773804 -2.2951450174065702
v 0.0606758706271648 0.0121141225099564 -0.0089714284986258
vn -5.4472897055774876 -0.0220228279898369 2.3070508590835752
v 0.0606991946697235 0.0124998372048140 -0.0080264406278729
vn -5.4188373478286840 -0.6774732820036314 -2.2915727778831441
v 0.0606758706271648 0.0128855528309941 -0.0089714284986258
vn -5.2806596421156833 -1.3352391414570453 2.3113900073681917
v 0.0606012940406799 0.0132853770628572 -0.0080264406278729
vn -5.1137008992555470 -1.9174810394089170 -2.2914428074227278
v 0.0604912452399731 0.0136345624923706 -0.0089714284986258
vn -4.7920495948259489 -2.5890104256507196 2.3116777396116484
v 0.0603135153651237 0.0140228485688567 -0.0080264406278729
vn -4.4899539115059115 -3.0943691164767273 -2.3028056892065281
v 0.0601327605545521 0.0143176242709160 -0.0089714284986258
vn -4.0109669634193299 -3.6847483413835382 2.3122036121913050
v 0.0598535239696503 0.0146671095862985 -0.0080264406278729
vn -3.6057705219517935 -4.0933549962822351 -2.3004896196149307
v 0.0596211962401867 0.0148950368165970 -0.0089714284986258
vn -2.9849861073175470 -4.5555175388492346 2.3129209317858410
v 0.0592494383454323 0.0151787335053086 -0.0080264406278729
vn -2.5280446593369716 -4.8361835126039674 -2.2975649153010194
v 0.0589863248169422 0.0153332604095340 -0.0089714284986258
vn -1.7767215270830652 -5.1482018162381467 2.3137918377573792
v 0.0585382692515850 0.0155264083296061 -0.0080264406278729
vn -1.3201571766128195 -5.2952796766106909 -2.2987671154908735
v 0.0582650452852249 0.0156068075448275 -0.0089714284986258
vn -0.4598334298436852 -5.4264763918853181 2.3148625070292077
v 0.0577635020017624 0.0156888663768768 -0.0080264406278729
vn 0.0036545065839099 -5.4521220647598927 -2.3065938333765619
v 0.0574992522597313 0.0156997963786125 -0.0089714284986258
vn 0.8853271125979920 -5.3732369993277826 2.3161063170215805
v 0.0569725483655930 0.0156561564654112 -0.0080264406278729
vn 1.3271006128888541 -5.2932321070487216 -2.3011725287815681
v 0.0567334555089474 0.0156068075448275 -0.0089714284986258
vn 2.1764718899156184 -4.9915797684709942 2.3174597367890413
v 0.0562138296663761 0.0154302697628736 -0.0080264406278729
vn 2.5339881051674213 -4.8323379248440368 -2.3024382836710862
v 0.0560121424496174 0.0153332604095340 -0.0089714284986258
vn 3.3347034290813382 -4.3046966711311523 2.3189785544632806
v 0.0555337890982628 0.0150250550359488 -0.0080264406278729
vn 3.6102434331991566 -4.0881078863308087 -2.3078171646570200
v 0.0553772710263729 0.0148950368165970 -0.0089714284986258
vn 4.2892690880144650 -3.3543581040841244 2.3205741600909358
v 0.0549740158021450 0.0144652919843793 -0.0080264406278729
vn 4.4925275119006551 -3.0883713195989140 -2.3126394011313698
v 0.0548657067120075 0.0143176242709160 -0.0089714284986258
vn 1.4917058895864896 4.1676677666337687 -4.4268658056946544
v 0.0556690394878387 0.0071686492301524 -0.0114080617204309
vn 0.7170023750949941 4.3874479946766698 -4.4262140534503613
v 0.0564712174236774 0.0063392678275704 -0.0120172239840031
vn 2.2024168802372390 3.8734641331041098 -4.3954976879687138
v 0.0551064237952232 0.0080783404409885 -0.0107989097014070
vn 3.2689341240219596 3.0092574791335971 -4.3966203592008863
v 0.0538004413247108 0.0090948482975364 -0.0107989097014070
vn 2.7316295453903998 3.5014820321028304 -4.3963975824303354
v 0.0547854788601398 0.0090131983160973 -0.0101897371932864
vn 2.7005126739144205 3.4538913728777549 -4.4561383945109023
v 0.0540371648967266 0.0080517726019025 -0.0114080617204309
vn 3.9943043934935893 -1.7766184072057891 -4.4726303496414133
v 0.0523373894393444 0.0147640286013484 -0.0114080617204309
vn 3.7137935504567521 2.4309870963085314 -4.3984417276598471
v 0.0538004115223885 0.0100832683965564 -0.0101897371932864
vn 3.6693381845611404 2.4070725979264207 -4.4512658327238617
v 0.0527804642915726 0.0094169136136770 -0.0114080617204309
vn 4.0689056905417553 1.7848021061696178 -4.3966215359361165
v 0.0528952442109585 0.0104803442955017 -0.0107989097014070
vn 2.1109886131749098 -3.9048471853647055 -4.3982595988855113
v 0.0553963705897331 0.0163855981081724 -0.0101897371932864
vn 4.2451609307200835 1.0759877122523362 -4.4623064954946861
v 0.0520351119339466 0.0111161349341273 -0.0114080617204309
vn 4.3086285751277256 1.0916586988876973 -4.3931003821647696
v 0.0532161593437195 0.0114152124151587 -0.0101897371932864
vn 4.4279660392135005 0.3668996081924570 -4.3966186826329903
v 0.0524889677762985 0.0120846731588244 -0.0107989097014070
vn 4.3546083428818427 -0.3316747098256742 -4.4772829691174971
v 0.0518818870186806 0.0129653019830585 -0.0114080617204309
vn 3.2687490036406679 -3.0113269423051241 -4.3934123353464170
v 0.0542486160993576 0.0154922585934401 -0.0101897371932864
vn 4.4226095978430724 -0.3722743555642810 -4.3987705672766264
v 0.0530960522592068 0.0128646921366453 -0.0101897371932864
vn 4.3071884898462116 -1.0907376113371097 -4.3966256268549833
v 0.0526256561279297 0.0137340016663074 -0.0107989097014070
vn 3.2204383045471543 -2.9685028418473269 -4.4617212039288532
v 0.0533522665500641 0.0163173973560333 -0.0114080617204309
vn 4.0676587510797804 -1.7775354750948089 -4.3980139195620076
v 0.0534530952572823 0.0142746344208717 -0.0101897371932864
vn 4.2762341137890774 -1.0265815417306399 -4.4692729875542332
v 0.0514075607061386 0.0138785801827908 -0.0120172239840031
vn 0.7349868037809444 -4.3812706526368137 -4.3950777880202043
v 0.0567720197141171 0.0168578512966633 -0.0101897371932864
vn 3.7196590585710418 -2.4301780360961049 -4.3966052276722811
v 0.0532904379069805 0.0152495820075274 -0.0107989097014070
vn 2.7290543870375035 -3.5062776513441793 -4.3965975158790549
v 0.0544113330543041 0.0164671950042248 -0.0107989097014070
vn 2.0850380566137847 -3.8614289080080435 -4.4513618056462603
v 0.0548165179789066 0.0174570735543966 -0.0114080617204309
vn 1.4426903589580431 -4.2024191000715874 -4.3965947497702631
v 0.0558668226003647 0.0172548759728670 -0.0107989097014070
vn -0.7350013932437212 -4.3812707039632395 -4.3950732791312817
v 0.0582264736294746 0.0168578512966633 -0.0101897371932864
vn 0.7283154894816779 -4.3213456788416158 -4.4586669221972759
v 0.0565714947879314 0.0180595554411411 -0.0114080617204309
vn -0.0000058804309997 -4.4431560408741468 -4.3966059861212354
v 0.0574992522597313 0.0175272729247808 -0.0107989097014070
vn -0.7283326387173028 -4.3213413396983436 -4.4586658854163730
v 0.0584270022809505 0.0180595554411411 -0.0114080617204309
vn -1.4426912741434961 -4.2024188954073161 -4.3965996460059831
v 0.0591316409409046 0.0172548759728670 -0.0107989097014070
vn -2.1109700030324539 -3.9048533912285905 -4.3982694606339567
v 0.0596020966768265 0.0163855981081724 -0.0101897371932864
vn -2.0850387804508870 -3.8614405020332065 -4.4513538102315087
v 0.0601819492876530 0.0174570735543966 -0.0114080617204309
vn -2.7290652122106249 -3.5062914331668336 -4.3965679144047813
v 0.0605871640145779 0.0164671950042248 -0.0107989097014070
vn -3.2204555605722276 -2.9685116669160831 -4.4617076276323511
v 0.0616461969912052 0.0163173973560333 -0.0114080617204309
vn -3.2687605500525967 -3.0112978537981943 -4.3934109039469247
v 0.0607498809695244 0.0154922585934401 -0.0101897371932864
vn -3.7196722741756787 -2.4301917957699577 -4.3965957801955788
v 0.0617080293595791 0.0152495820075274 -0.0107989097014070
vn -4.0676261110995418 -1.7775407860540728 -4.3980554239211536
v 0.0615453682839870 0.0142746344208717 -0.0101897371932864
vn -3.9943117179622369 -1.7766495235612230 -4.4726103258664134
v 0.0626610890030861 0.0147640286013484 -0.0114080617204309
vn -4.3071822574450467 -1.0907371513092268 -4.3966054859617225
v 0.0623728521168232 0.0137340016663074 -0.0107989097014070
vn -4.3546452340386157 -0.3316479412919046 -4.4772553525288963
v 0.0631165802478790 0.0129653019830585 -0.0114080617204309
vn -4.4225875401083981 -0.3722583950370263 -4.3987946365956763
v 0.0619024261832237 0.0128646921366453 -0.0101897371932864
vn -4.2451697532904529 1.0759908176441828 -4.4623016133093314
v 0.0629633516073227 0.0111161349341273 -0.0114080617204309
vn -4.4279810136810838 0.3669327370441327 -4.3966007757935452
v 0.0625095069408417 0.0120846731588244 -0.0107989097014070
vn -4.3086385769787281 1.0916539741648155 -4.3931011195862082
v 0.0617823079228401 0.0114152124151587 -0.0101897371932864
vn -4.2762328865163859 -1.0265670570580776 -4.4692767439011583
v 0.0635909140110016 0.0138785801827908 -0.0120172239840031
vn -3.6693597506164690 2.4070777625960855 -4.4512480858565961
v 0.0622180029749870 0.0094169136136770 -0.0114080617204309
vn -4.0689441260250376 1.7847871200394931 -4.3965923629128234
v 0.0621032305061817 0.0104803442955017 -0.0107989097014070
vn -3.7137950272603231 2.4309638185254596 -4.3984404113910145
v 0.0611980855464935 0.0100832683965564 -0.0101897371932864
vn -3.2689411016614462 3.0092815187984376 -4.3965871026668406
v 0.0611980520188808 0.0090948482975364 -0.0107989097014070
vn -2.7005078679907442 3.4539093517622459 -4.4561306338760422
v 0.0609612986445427 0.0080517726019025 -0.0114080617204309
vn -2.7316084993103464 3.5014942918070813 -4.3964087026694090
v 0.0602129884064198 0.0090131983160973 -0.0101897371932864
vn -0.7046816148324682 4.3807201302063747 -4.4352076586853455
v 0.0581261925399303 0.0087426723912358 -0.0095805861055851
vn -1.5435892102352917 4.1316404158023827 -4.4479215227307805
v 0.0589338652789593 0.0083209546282887 -0.0101897371932864
vn -1.4917096486681358 4.1676706654670586 -4.4268619327746777
v 0.0593294277787209 0.0071686492301524 -0.0114080617204309
vn -2.2024301399576585 3.8734754781878897 -4.3954859253451826
v 0.0598920397460461 0.0080783404409885 -0.0107989097014070
vn -0.7745173132443661 4.3699798506574670 -4.4356187733484873
v 0.0582264736294746 0.0081418203189969 -0.0101897371932864
vn -0.7170073906396128 4.3874447094473554 -4.4262170169703303
v 0.0585272498428822 0.0063392678275704 -0.0120172239840031
vn 0.7745153883654385 4.3699822078940445 -4.4356175172159915
v 0.0567720197141171 0.0081418203189969 -0.0101897371932864
vn 0.5039626113629939 4.4008183742471250 -4.4439378959240630
v 0.0570337697863579 0.0068824947811663 -0.0114080617204309
vn 1.5435699906122491 4.1316469381623904 -4.4479264820605513
v 0.0560646317899227 0.0083209546282887 -0.0101897371932864
vn -0.5039681646697483 4.4008197541040524 -4.4439365812733502
v 0.0579646974802017 0.0068824947811663 -0.0114080617204309
vn 0.7046944702926470 4.3807148122396260 -4.4352058253999536
v 0.0568722710013390 0.0087426723912358 -0.0095805861055851
vn -2.9041611156625948 3.0786819895314324 0.4950714397757754
v 0.0065998882055283 0.0276711694896221 -0.0006890503573231
vn -2.9086103031108017 2.8616590130405717 1.2400118143077439
v 0.0065998882055283 0.0279699955135584 -0.0017094268696383
vn -2.9079677013765326 2.4698572931037379 1.9042558444201214
v 0.0065998882055283 0.0285100489854813 -0.0026252816896886
vn -2.9072260300850541 1.9270415352890851 2.4520413559455605
v 0.0065998882055283 0.0292583201080561 -0.0033806310966611
vn -3.2825332306321875 -0.7812171654737547 3.0344610951444642
v 0.0065998882055283 0.0308000389486551 0.0007120278314687
vn -2.9063905678325037 1.2664135721740701 2.8498696658083116
v 0.0065998882055283 0.0301690585911274 -0.0039292848668993
vn -2.9054518823231223 0.5283854714246126 3.0734143795313162
v 0.0065998882055283 0.0311865750700235 -0.0042376988567412
vn -2.9044122457094290 -0.2419164286756021 3.1090182506647972
v 0.0065998882055283 0.0322486609220505 -0.0042870184406638
vn -2.9032753866129810 -0.9973783998851445 2.9545143188652720
v 0.0065998882055283 0.0332903638482094 -0.0040742303244770
vn -3.2862037656894039 -1.2108997965384454 2.8899348373960492
v 0.0065998882055283 0.0323746465146542 0.0012414478696883
vn -2.9020280493198007 -1.6918087768352075 2.6193575805301426
v 0.0065998882055283 0.0342480354011059 -0.0036123371683061
vn -2.9006923246697638 -2.2827451017072757 2.1240564485281137
v 0.0065998882055283 0.0350630842149258 -0.0029295869171619
vn -2.8992449037149863 -2.7340517102274200 1.4989065883375030
v 0.0065998882055283 0.0356856957077980 -0.0020677172578871
vn -2.8977170634846474 -3.0181401682628834 0.7821591853155827
v 0.0065998882055283 0.0360777899622917 -0.0010794299887493
vn -2.8960819628842929 -3.1176507263977382 0.0176675204603747
v 0.0065998882055283 0.0362154096364975 -0.0000251452038356
vn -2.8949539780593150 -3.0266782527739631 -0.7474291694949569
v 0.0065998882055283 0.0360901430249214 0.0010306806070730
vn -2.8942757671939727 -2.7506130397124773 -1.4673682234534275
v 0.0065998882055283 0.0357096269726753 0.0020234854891896
vn -2.8952908087248730 2.7504115068223820 -1.4679188964413927
v 0.0065998882055283 -0.0357096269726753 0.0020234854891896
vn -2.8971129711058765 3.0267968495412894 -0.7477342943936445
v 0.0065998882055283 -0.0360901430249214 0.0010306806070730
vn -2.8984041254712385 3.1178519521114785 0.0178456946692868
v 0.0065998882055283 -0.0362154096364975 -0.0000251452038356
vn -2.8996038743410528 3.0182588951016562 0.7823537482919806
v 0.0065998882055283 -0.0360777899622917 -0.0010794299887493
vn -3.2825095164449332 1.2106886925123352 2.8900703190711683
v 0.0065998882055283 -0.0323746465146542 0.0012414478696883
vn -2.9007337730530112 2.7340960119242759 1.4990937807692108
v 0.0065998882055283 -0.0356856957077980 -0.0020677172578871
vn -2.9018151504099219 2.2827280009755286 2.1242172593062056
v 0.0065998882055283 -0.0350630842149258 -0.0029295869171619
vn -2.9028201518198742 1.6917513051449178 2.6194763164797590
v 0.0065998882055283 -0.0342480354011059 -0.0036123371683061
vn -2.9037716545587346 0.9972942430201652 2.9545881519042196
v 0.0065998882055283 -0.0332903638482094 -0.0040742303244770
vn -3.2862486256936974 0.7809826273481203 3.0344754036576167
v 0.0065998882055283 -0.0308000389486551 0.0007120278314687
vn -2.9046543532910261 0.2418293849375950 3.1090469711972926
v 0.0065998882055283 -0.0322486497461796 -0.0042870184406638
vn -2.9054741825979127 -0.5284574445257371 3.0734052713726228
v 0.0065998882055283 -0.0311865750700235 -0.0042376988567412
vn -2.9062277065675732 -1.2664641847713698 2.8498336743456170
v 0.0065998882055283 -0.0301690585911274 -0.0039292848668993
vn -2.9069151427388649 -1.9270629512426609 2.4519932016792643
v 0.0065998882055283 -0.0292583201080561 -0.0033806310966611
vn -2.9075453683947470 -2.4698530899229949 1.9042058799411401
v 0.0065998882055283 -0.0285100489854813 -0.0026252816896886
vn -2.9081105585653977 -2.8616319564794739 1.2399733034537925
v 0.0065998882055283 -0.0279699955135584 -0.0017094268696383
vn -2.8954729153708181 -3.0786869215416650 0.4933788438776572
v 0.0065998882055283 -0.0276711694896221 -0.0006890503573231
vn -5.4763117080055332 0.5009011043252096 -2.0322374365813900
v 0.0014999795239419 -0.0487891063094139 -0.0109222978353500
vn -5.4763143011714730 0.9726889320972807 -1.8533087977324920
v 0.0014999795239419 -0.0495329387485981 -0.0112043945118785
vn -5.4762958609676602 -1.9570566447170976 0.7422247347043154
v 0.0014999795239419 0.0510848835110664 -0.0152965411543846
vn -5.4763174339746685 -2.0777898520735518 0.2522924124127121
v 0.0014999795239419 0.0512752756476402 -0.0145241217687726
vn -5.4763278342601760 1.7225398491908326 1.1889779843574872
v 0.0014999795239419 0.0452835597097874 -0.0160009525716305
vn -5.4763328105896738 1.3879335091724578 1.5666631745741555
v 0.0014999795239419 0.0458110943436623 -0.0165964141488075
vn -5.4763210274040990 -2.0777850176509607 -0.2522971202919866
v 0.0014999795239419 0.0512752756476402 -0.0137285916134715
vn -5.4763004401475177 -1.9570553725364972 -0.7422139584452254
v 0.0014999795239419 0.0510848835110664 -0.0129561712965369
vn -5.4763360245494237 -1.7225251022608445 -1.1889830250610371
v 0.0014999795239419 0.0507151931524277 -0.0122517710551620
vn -5.4763410115206961 0.9726693646636468 1.8532859747954724
v 0.0014999795239419 0.0464658066630363 -0.0170483272522688
vn -5.4763030712276919 -0.0000019619439538 -2.0930673983464807
v 0.0014999795239419 0.0479993745684624 -0.0108264088630676
vn -5.4763060125962388 0.5008975234735038 -2.0322450684357496
v 0.0014999795239419 0.0472096465528011 -0.0109222978353500
vn -5.4762988507414621 -1.3879622384423125 -1.5666884528772296
v 0.0014999795239419 0.0501876473426819 -0.0116563085466623
vn -5.4763116025347669 -0.9726878579365275 -1.8533129603229930
v 0.0014999795239419 0.0495329387485981 -0.0112043945118785
vn -5.4763130216701477 -0.5008977333475991 -2.0322366698233729
v 0.0014999795239419 0.0487891063094139 -0.0109222978353500
vn -5.4763026277124105 -0.0000024234932826 -2.0930679220529997
v 0.0014999795239419 -0.0479993745684624 -0.0108264088630676
vn -5.4762896941298900 1.9570706352076510 0.7422083797573724
v 0.0014999795239419 0.0449138693511486 -0.0152965411543846
vn -5.4763324984023658 0.5008924130927790 2.0322158051225014
v 0.0014999795239419 0.0472096465528011 -0.0173304248601198
vn -5.4763094922921072 -0.5008979547651242 -2.0322407302891965
v 0.0014999795239419 -0.0472096465528011 -0.0109222978353500
vn -5.4763211505814855 2.0777848282378462 0.2522973778039546
v 0.0014999795239419 0.0447234772145748 -0.0145241217687726
vn -5.4763168652665026 1.3879471581419673 1.5666751184006298
v 0.0014999795239419 -0.0501876473426819 -0.0165964141488075
vn -5.4763239416316525 0.0000031472430127 2.0930443153535920
v 0.0014999795239419 0.0479993745684624 -0.0174263138324022
vn -5.4763185854715646 2.0777883184765402 -0.2522938578800524
v 0.0014999795239419 0.0447234772145748 -0.0137285916134715
vn -5.4763501088471651 1.7225098667247809 1.1889773719758514
v 0.0014999795239419 -0.0507151931524277 -0.0160009525716305
vn -5.4762906585301421 -1.9570651358202735 0.7422196691917182
v 0.0014999795239419 -0.0449138693511486 -0.0152965411543846
vn -5.4763174339746676 -2.0777898520735518 0.2522924124127121
v 0.0014999795239419 -0.0447234772145748 -0.0145241217687726
vn -5.4763210274040990 -2.0777850176509607 -0.2522971202919866
v 0.0014999795239419 -0.0447234772145748 -0.0137285916134715
vn -5.4763311399468089 0.9726769328551521 1.8532944698778948
v 0.0014999795239419 -0.0495329387485981 -0.0170483272522688
vn -5.4762896941298900 1.9570706352076510 0.7422083797573724
v 0.0014999795239419 -0.0510848835110664 -0.0152965411543846
vn -5.4763341725125381 -0.5008963381677233 2.0322129788881558
v 0.0014999795239419 0.0487891063094139 -0.0173304248601198
vn -5.4763004401475177 -1.9570553725364972 -0.7422139584452254
v 0.0014999795239419 -0.0449138693511486 -0.0129561712965369
vn -5.4762977769595631 1.9570571401722594 -0.7422181657500598
v 0.0014999795239419 0.0449138693511486 -0.0129561712965369
vn -5.4763360276593787 0.5008921916875546 2.0322117447011978
v 0.0014999795239419 -0.0487891063094139 -0.0173304248601198
vn -5.4763137495618297 -1.7225550848811697 -1.1889836373188629
v 0.0014999795239419 -0.0452835597097874 -0.0122517710551620
vn -5.4763211505814855 2.0777848282378462 0.2522973778039546
v 0.0014999795239419 -0.0512752756476402 -0.0145241217687726
vn -5.4763338318513073 -0.9726781481878322 1.8532902421108024
v 0.0014999795239419 0.0495329387485981 -0.0170483272522688
vn -5.4763243851372776 0.0000026856962907 2.0930437916484186
v 0.0014999795239419 -0.0479993745684624 -0.0174263138324022
vn -5.4763147964619785 -1.3879485892980550 -1.5666765090277479
v 0.0014999795239419 -0.0458110943436623 -0.0116563085466623
vn -5.4763214744001321 -0.9726802897074137 -1.8533044651271751
v 0.0014999795239419 -0.0464658066630363 -0.0112043945118785
vn -5.4763153224728764 1.7225518514113998 -1.1889850522432019
v 0.0014999795239419 0.0452835597097874 -0.0122517710551620
vn -5.4763185854715646 2.0777883184765402 -0.2522938578800524
v 0.0014999795239419 -0.0512752756476402 -0.0137285916134715
vn -5.4763284772884191 -0.5008927573895481 2.0322206106549654
v 0.0014999795239419 -0.0472096465528011 -0.0173304248601198
vn -5.4763121544063118 -1.3879403186740773 1.5666886092428087
v 0.0014999795239419 0.0501876473426819 -0.0165964141488075
vn -5.4763179311214385 1.3879466404463945 -1.5666732904319944
v 0.0014999795239419 0.0458110943436623 -0.0116563085466623
vn -5.4763029794646032 1.9570486489730523 -0.7422232312312917
v 0.0014999795239419 -0.0510848835110664 -0.0129561712965369
vn -5.4763401163910412 -0.9726747001411775 1.8532843682886850
v 0.0014999795239419 -0.0464658066630363 -0.0170483272522688
vn -5.4763529138472373 -1.7225214887973956 1.1889547035998125
v 0.0014999795239419 0.0507151931524277 -0.0160009525716305
vn -5.4763205859408508 0.9726854840176271 -1.8533029237945469
v 0.0014999795239419 0.0464658066630363 -0.0112043945118785
vn -5.4763345377350481 1.7225362324555311 -1.1889699908710203
v 0.0014999795239419 -0.0507151931524277 -0.0122517710551620
vn -5.4763353840468882 -1.3879312653381175 1.5666611025733688
v 0.0014999795239419 -0.0458110943436623 -0.0165964141488075
vn -5.4762947007789942 1.3879556939238977 -1.5667007974736724
v 0.0014999795239419 -0.0501876473426819 -0.0116563085466623
vn -5.4763336992101941 -1.7225371075452633 1.1889697647398434
v 0.0014999795239419 -0.0452835597097874 -0.0160009525716305
vn -2.3335361149683811 3.6154958744090790 -4.0810628597872807
v 0.0018999682506546 -0.0499224141240120 -0.0119557045400143
vn 2.3334555193883446 4.4871411300940025 -3.0972670675360261
v 0.0045999144203961 -0.0503859966993332 -0.0124789876863360
vn -2.3335535676246195 4.4870832082275136 -3.0971978760111680
v 0.0018999682506546 -0.0503859966993332 -0.0124789876863360
vn 2.3334440589194498 5.0979985964033494 -1.9334238927526326
v 0.0045999144203961 -0.0507108941674232 -0.0130980201065540
vn -2.3335365988061243 5.0979159398592486 -1.9334092144754260
v 0.0018999682506546 -0.0507108941674232 -0.0130980201065540
vn 2.3334478574710564 5.4125537909263555 -0.6572169624827504
v 0.0045999144203961 -0.0508782006800175 -0.0137768015265465
vn -2.3335472126444898 5.4124670150624397 -0.6572012605538189
v 0.0018999682506546 -0.0508782006800175 -0.0137768015265465
vn 2.3334646152305902 -0.0000027826487883 5.4522969736012650
v 0.0045999144203961 -0.0479993745684624 -0.0170263200998306
vn 2.3334651463745226 -1.3048300134188970 5.2938548764919702
v 0.0045999144203961 -0.0473053678870201 -0.0169420503079891
vn -2.3335600216237267 0.0000054417973469 5.4522121498859288
v 0.0018999682506546 -0.0479993745684624 -0.0170263200998306
vn 2.3334498443200822 5.4125520383771750 0.6572026082604693
v 0.0045999144203961 -0.0508782006800175 -0.0144759118556976
vn -2.3335666613769632 -1.3048074070958107 5.2937679662580530
v 0.0018999682506546 -0.0473053678870201 -0.0169420503079891
vn -2.3335407721990657 5.4124705104065098 0.6572005704265012
v 0.0018999682506546 -0.0508782006800175 -0.0144759118556976
vn 2.3334741041918088 -2.5337864901820639 4.8277607134096652
v 0.0045999144203961 -0.0466516949236393 -0.0166941434144974
vn -2.3335713412529291 -2.5337532081639518 4.8276807002763258
v 0.0018999682506546 -0.0466516949236393 -0.0166941434144974
vn 2.3334353554363649 5.0980002040399643 1.9334583859806129
v 0.0045999144203961 -0.0507108941674232 -0.0151547025889158
vn -2.3335398076069063 5.0979241394856958 1.9333989966995075
v 0.0018999682506546 -0.0507108941674232 -0.0151547025889158
vn 2.3334733349963561 -3.6155147681782771 4.0811117730353157
v 0.0045999144203961 -0.0460763387382030 -0.0162970088422298
vn -2.3335658264328631 -3.6154597696811019 4.0810503415818484
v 0.0018999682506546 -0.0460763387382030 -0.0162970088422298
vn 2.3334671882301086 4.4871403170203452 3.0972410705979603
v 0.0045999144203961 -0.0503859966993332 -0.0157737247645855
vn -2.3335670383877902 4.4870472999617217 3.0972201395388361
v 0.0018999682506546 -0.0503859966993332 -0.0157737247645855
vn 2.3334650210303209 -4.4871503595546098 3.0972601083925695
v 0.0045999144203961 -0.0456127449870110 -0.0157737247645855
vn -2.3335530090478454 -4.4870896896767292 3.0972093091237296
v 0.0018999682506546 -0.0456127449870110 -0.0157737247645855
vn 2.3334633114728245 3.6155398059516242 4.0811120733482111
v 0.0045999144203961 -0.0499224141240120 -0.0162970088422298
vn -2.3335528782169499 3.6155015537155766 4.0810389873854334
v 0.0018999682506546 -0.0499224141240120 -0.0162970088422298
vn 2.3334306598528722 -5.0980163636834188 1.9334033437743319
v 0.0045999144203961 -0.0452878586947918 -0.0151547025889158
vn -2.3335253543965919 -5.0979313426251425 1.9333899581839935
v 0.0018999682506546 -0.0452878586947918 -0.0151547025889158
vn 2.3334649016846125 2.5337926685808179 4.8277693135254509
v 0.0045999144203961 -0.0493470579385757 -0.0166941434144974
vn -2.3335645979024600 2.5337478302018845 4.8276931068126929
v 0.0018999682506546 -0.0493470579385757 -0.0166941434144974
vn 2.3334707070297931 1.3048214910720499 5.2938492446479115
v 0.0045999144203961 -0.0486933775246143 -0.0169420503079891
vn -2.3335641810393737 1.3047964599761885 5.2937696700347736
v 0.0018999682506546 -0.0486933775246143 -0.0169420503079891
vn 2.3334447584478504 -5.4125552053802553 0.6572108543401001
v 0.0045999144203961 -0.0451205521821976 -0.0144759118556976
vn -2.3335458577524348 -5.4124673433009871 0.6571923244458892
v 0.0018999682506546 -0.0451205521821976 -0.0144759118556976
vn 2.3334511990800877 -5.4125517100958103 -0.6572115444989444
v 0.0045999144203961 -0.0451205521821976 -0.0137768015265465
vn -2.3335438712449630 -5.4124690959602946 -0.6572066784725661
v 0.0018999682506546 -0.0451205521821976 -0.0137768015265465
vn 2.3334345696888614 -5.0980066223697200 -1.9334012949768455
v 0.0045999144203961 -0.0452878586947918 -0.0130980201065540
vn -2.3335269387521200 -5.0979312758710513 -1.9333677327959389
v 0.0018999682506546 -0.0452878586947918 -0.0130980201065540
vn 2.3334473610287190 -4.4871730107174743 -3.0972630468523468
v 0.0045999144203961 -0.0456127449870110 -0.0124789876863360
vn -2.3335455276335546 -4.4871037591784901 -3.0972101040774103
v 0.0018999682506546 -0.0456127449870110 -0.0124789876863360
vn 2.3334466034065486 -3.6155289889675726 -4.0811288497321545
v 0.0045999144203961 -0.0460763387382030 -0.0119557045400143
vn -2.3335469061049561 -3.6154693863778316 -4.0810630081042181
v 0.0018999682506546 -0.0460763387382030 -0.0119557045400143
vn 2.3334509175145630 -2.5338018292439988 -4.8277776625263691
v 0.0045999144203961 -0.0466516949236393 -0.0115585690364242
vn -2.3335457148959167 -2.5337560036303359 -4.8277064767249414
v 0.0018999682506546 -0.0466516949236393 -0.0115585690364242
vn 2.3334426721917332 -1.3048261838666029 -5.2938768552177500
v 0.0045999144203961 -0.0473053678870201 -0.0113106630742550
vn -2.3335339245382842 -1.3048086879300582 -5.2937972874704693
v 0.0018999682506546 -0.0473053678870201 -0.0113106630742550
vn 2.3334363266008888 0.0000044213470769 -5.4523203923482573
v 0.0045999144203961 -0.0479993745684624 -0.0112263942137361
vn -2.3335329475618298 -0.0000017621262756 -5.4522345821837321
v 0.0018999682506546 -0.0479993745684624 -0.0112263942137361
vn 2.3334409329056798 1.3048159700889477 -5.2938777574682740
v 0.0045999144203961 -0.0486933775246143 -0.0113106630742550
vn -2.3335387439966571 1.3047994320974874 -5.2937924570303130
v 0.0018999682506546 -0.0486933775246143 -0.0113106630742550
vn 2.3334441825351879 2.5337966414527102 -4.8277899604743304
v 0.0045999144203961 -0.0493470579385757 -0.0115585690364242
vn -2.3335365035246256 2.5337619918848171 -4.8277151855295575
v 0.0018999682506546 -0.0493470579385757 -0.0115585690364242
vn 2.3334344216939158 3.6155693230336059 -4.0811179441064933
v 0.0045999144203961 -0.0499224141240120 -0.0119557045400143
vn -2.3335426170056972 3.6154724135859411 -4.0810649887349681
v 0.0018999682506546 0.0460763387382030 -0.0119557045400143
vn 2.3334495134158240 4.4871739735162803 -3.0972585693026877
v 0.0045999144203961 0.0456127449870110 -0.0124789876863360
vn -2.3335433753813937 4.4871027964450301 -3.0972145815992742
v 0.0018999682506546 0.0456127449870110 -0.0124789876863360
vn 2.3334309252788636 5.0980110483778764 -1.9333979862708757
v 0.0045999144203961 0.0452878586947918 -0.0130980201065540
vn -2.3335305829336335 5.0979268498261936 -1.9333710414172867
v 0.0018999682506546 0.0452878586947918 -0.0130980201065540
vn 2.3334478574710564 5.4125537909263555 -0.6572169624827504
v 0.0045999144203961 0.0451205521821976 -0.0137768015265465
vn -2.3335472126444898 5.4124670150624397 -0.6572012605538189
v 0.0018999682506546 0.0451205521821976 -0.0137768015265465
vn 2.3334640083407958 -0.0000054418761992 5.4522974673721860
v 0.0045999144203961 0.0479993745684624 -0.0170263200998306
vn 2.3334681684281016 -1.3048168779563343 5.2938525089651662
v 0.0045999144203961 0.0486933775246143 -0.0169420503079891
vn -2.3335606284754711 0.0000027826110309 5.4522116561042973
v 0.0018999682506546 0.0479993745684624 -0.0170263200998306
vn 2.3334498443200822 5.4125520383771750 0.6572026082604693
v 0.0045999144203961 0.0451205521821976 -0.0144759118556976
vn -2.3335667194819014 -1.3048010730087654 5.2937664056918692
v 0.0018999682506546 0.0486933775246143 -0.0169420503079891
vn -2.3335407721990657 5.4124705104065098 0.6572005704265012
v 0.0018999682506546 0.0451205521821976 -0.0144759118556976
vn 2.3334685853285091 -2.5337874791618904 4.8277686523255765
v 0.0045999144203961 0.0493470579385757 -0.0166941434144974
vn -2.3335609144895173 -2.5337530195971945 4.8276937680983814
v 0.0018999682506546 0.0493470579385757 -0.0166941434144974
vn 2.3334293404632294 5.0980111146080596 1.9334202117152417
v 0.0045999144203961 0.0452878586947918 -0.0151547025889158
vn -2.3335266737035112 5.0979365915900861 1.9333730904685731
v 0.0018999682506546 0.0452878586947918 -0.0151547025889158
vn 2.3334568643506968 -3.6155581294109025 4.0811028480046865
v 0.0045999144203961 0.0499224141240120 -0.0162970088422298
vn -2.3335593249348854 -3.6154832303913031 4.0810482124573211
v 0.0018999682506546 0.0499224141240120 -0.0162970088422298
vn 2.3334569952640702 4.4871599045271564 3.0972577749246386
v 0.0045999144203961 0.0456127449870110 -0.0157737247645855
vn -2.3335610343109110 4.4870801446467423 3.0972116424255263
v 0.0018999682506546 0.0456127449870110 -0.0157737247645855
vn 2.3334710264521425 -4.4871175157028702 3.0972686064773294
v 0.0045999144203961 0.0503859966993332 -0.0157737247645855
vn -2.3335632004064077 -4.4870701010480714 3.0971926041135420
v 0.0018999682506546 0.0503859966993332 -0.0157737247645855
vn 2.3334698135406517 3.6155163456442274 4.0811142032945575
v 0.0045999144203961 0.0460763387382030 -0.0162970088422298
vn -2.3335693476677801 3.6154581921693696 4.0810479112801401
v 0.0018999682506546 0.0460763387382030 -0.0162970088422298
vn 2.3334437936162979 -5.0980039114281297 1.9334292504222801
v 0.0045999144203961 0.0507108941674232 -0.0151547025889158
vn -2.3335313699560087 -5.0979204323803460 1.9334281319321054
v 0.0018999682506546 0.0507108941674232 -0.0151547025889158
vn 2.3334753290542993 2.5337928575134252 4.8277562460916474
v 0.0045999144203961 0.0466516949236393 -0.0166941434144974
vn -2.3335701164672358 2.5337468409394868 4.8276851675626524
v 0.0018999682506546 0.0466516949236393 -0.0166941434144974
vn 2.3334706487771859 1.3048278251483805 5.2938508050002460
v 0.0045999144203961 0.0473053678870201 -0.0169420503079891
vn -2.3335611593192871 1.3048095953737320 5.2937720378479636
v 0.0018999682506546 0.0473053678870201 -0.0169420503079891
vn 2.3334447584478504 -5.4125552053802553 0.6572108543401001
v 0.0045999144203961 0.0508782006800175 -0.0144759118556976
vn -2.3335458577524348 -5.4124673433009871 0.6571923244458892
v 0.0018999682506546 0.0508782006800175 -0.0144759118556976
vn 2.3334511990800877 -5.4125517100958103 -0.6572115444989444
v 0.0045999144203961 0.0508782006800175 -0.0137768015265465
vn -2.3335438712449630 -5.4124690959602946 -0.6572066784725661
v 0.0018999682506546 0.0508782006800175 -0.0137768015265465
vn 2.3334405849750848 -5.0979957120794985 -1.9334394685522551
v 0.0045999144203961 0.0507108941674232 -0.0130980201065540
vn -2.3335400725326743 -5.0979188240474205 -1.9333936388606856
v 0.0018999682506546 0.0507108941674232 -0.0130980201065540
vn 2.3334575548793941 -4.4871534236218480 -3.0972463419477996
v 0.0045999144203961 0.0503859966993332 -0.0124789876863360
vn -2.3335515322611737 -4.4870709149228718 -3.0972186013392893
v 0.0018999682506546 0.0503859966993332 -0.0124789876863360
vn 2.3334401007994070 -3.6155524493878750 -4.0811267199626133
v 0.0045999144203961 0.0499224141240120 -0.0119557045400143
vn -2.3335304362189335 -3.6155127479255027 -4.0810540841796392
v 0.0018999682506546 0.0499224141240120 -0.0119557045400143
vn 2.3334404897555441 -2.5338016403530030 -4.8277907299730636
v 0.0045999144203961 0.0493470579385757 -0.0115585690364242
vn -2.3335401960727480 -2.5337569930053121 -4.8277144159463097
v 0.0018999682506546 0.0493470579385757 -0.0115585690364242
vn 2.3334427305811092 -1.3048198497741872 -5.2938752948463961
v 0.0045999144203961 0.0486933775246143 -0.0113106630742550
vn -2.3335369464339326 -1.3047955524798078 -5.2937949196682172
v 0.0018999682506546 0.0486933775246143 -0.0113106630742550
vn 2.3334369334991396 0.0000017621495607 -5.4523198985812504
v 0.0045999144203961 0.0479993745684624 -0.0112263942137361
vn -2.3335323407016291 -0.0000044212826972 -5.4522350759614495
v 0.0018999682506546 0.0479993745684624 -0.0112263942137361
vn 2.3334379106765493 1.3048291056042063 -5.2938801249841250
v 0.0045999144203961 0.0473053678870201 -0.0113106630742550
vn -2.3335386857549416 1.3048057662006225 -5.2937940176155296
v 0.0018999682506546 0.0473053678870201 -0.0113106630742550
vn 2.3334497016568663 2.5337956523603209 -4.8277820215871081
v 0.0045999144203961 0.0466516949236393 -0.0115585690364242
vn -2.3335469306773851 2.5337621804099464 -4.8277021176945851
v 0.0018999682506546 0.0466516949236393 -0.0115585690364242
vn 2.3334508927747351 3.6155259617995532 -4.0811268691670239
v 0.0045999144203961 0.0460763387382030 -0.0119557045400143
# 2671 vertices, 0 vertices normals

f 1//1 2//2 3//3
f 4//4 1//1 5//5
f 6//6 1//1 4//4
f 6//6 2//2 1//1
f 7//7 8//8 9//9
f 10//10 11//11 8//8
f 11//11 12//12 8//8
f 12//12 13//13 8//8
f 13//13 14//14 8//8
f 14//14 15//15 8//8
f 16//16 17//17 18//18
f 19//19 20//20 21//21
f 8//8 22//22 9//9
f 23//23 22//22 8//8
f 21//21 24//24 25//25
f 20//20 24//24 21//21
f 18//18 26//26 27//27
f 17//17 26//26 18//18
f 19//19 28//28 20//20
f 29//29 30//30 16//16
f 16//16 30//30 17//17
f 25//25 31//31 32//32
f 24//24 31//31 25//25
f 15//15 33//33 8//8
f 27//27 33//33 15//15
f 8//8 33//33 23//23
f 26//26 33//33 27//27
f 19//19 34//34 28//28
f 35//35 34//34 19//19
f 36//36 37//37 29//29
f 29//29 37//37 30//30
f 32//32 38//38 39//39
f 31//31 38//38 32//32
f 33//33 40//40 23//23
f 36//36 41//41 37//37
f 42//42 41//41 36//36
f 23//23 43//43 22//22
f 40//40 44//44 23//23
f 39//39 45//45 46//46
f 38//38 45//45 39//39
f 42//42 47//47 41//41
f 48//48 47//47 42//42
f 46//46 49//49 50//50
f 45//45 49//49 46//46
f 44//44 51//51 23//23
f 48//48 52//52 47//47
f 49//49 53//53 50//50
f 50//50 53//53 54//54
f 51//51 55//55 23//23
f 48//48 56//56 52//52
f 57//57 56//56 48//48
f 53//53 58//58 54//54
f 54//54 58//58 57//57
f 57//57 58//58 56//56
f 55//55 59//59 23//23
f 60//60 61//61 62//62
f 63//63 61//61 60//60
f 64//64 61//61 63//63
f 65//65 61//61 64//64
f 66//66 61//61 65//65
f 67//67 68//68 58//58
f 58//58 68//68 56//56
f 56//56 69//69 70//70
f 68//68 69//69 56//56
f 71//71 72//72 67//67
f 67//67 72//72 68//68
f 61//61 73//73 62//62
f 62//62 73//73 74//74
f 70//70 75//75 76//76
f 69//69 75//75 70//70
f 77//77 78//78 71//71
f 71//71 78//78 72//72
f 76//76 79//79 80//80
f 75//75 79//79 76//76
f 81//81 82//82 77//77
f 77//77 82//82 78//78
f 80//80 83//83 84//84
f 79//79 83//83 80//80
f 81//81 85//85 82//82
f 86//86 85//85 81//81
f 84//84 87//87 88//88
f 83//83 87//87 84//84
f 73//73 89//89 74//74
f 74//74 89//89 90//90
f 86//86 91//91 85//85
f 88//88 92//92 93//93
f 87//87 92//92 88//88
f 86//86 94//94 91//91
f 95//95 94//94 86//86
f 96//96 94//94 95//95
f 93//93 97//97 98//98
f 92//92 97//97 93//93
f 89//89 99//99 90//90
f 96//96 100//100 94//94
f 98//98 101//101 102//102
f 97//97 101//101 98//98
f 102//102 103//103 104//104
f 101//101 103//103 102//102
f 99//99 105//105 90//90
f 90//90 105//105 106//106
f 105//105 107//107 106//106
f 106//106 107//107 96//96
f 107//107 108//108 96//96
f 96//96 109//109 100//100
f 108//108 109//109 96//96
f 109//109 110//110 100//100
f 100//100 110//110 111//111
f 111//111 112//112 113//113
f 110//110 112//112 111//111
f 112//112 114//114 113//113
f 113//113 115//115 116//116
f 114//114 115//115 113//113
f 116//116 117//117 118//118
f 115//115 117//117 116//116
f 119//119 120//120 121//121
f 122//122 120//120 119//119
f 123//123 120//120 122//122
f 124//124 120//120 123//123
f 118//118 120//120 124//124
f 117//117 120//120 118//118
f 8//8 61//61 125//125
f 8//8 125//125 126//126
f 8//8 126//126 127//127
f 8//8 127//127 10//10
f 125//125 61//61 35//35
f 35//35 61//61 34//34
f 34//34 61//61 66//66
f 120//120 23//23 121//121
f 121//121 23//23 103//103
f 103//103 23//23 128//128
f 103//103 128//128 104//104
f 128//128 23//23 129//129
f 129//129 23//23 130//130
f 130//130 23//23 59//59
f 131//131 132//132 133//133
f 133//133 132//132 134//134
f 135//135 136//136 137//137
f 138//138 139//139 140//140
f 141//141 142//142 138//138
f 143//143 136//136 135//135
f 138//138 142//142 139//139
f 140//140 144//144 145//145
f 146//146 147//147 131//131
f 131//131 147//147 132//132
f 139//139 144//144 140//140
f 136//136 148//148 137//137
f 137//137 148//148 149//149
f 149//149 148//148 150//150
f 151//151 152//152 141//141
f 141//141 152//152 142//142
f 145//145 153//153 154//154
f 155//155 156//156 146//146
f 144//144 153//153 145//145
f 146//146 156//156 147//147
f 157//157 158//158 151//151
f 148//148 159//159 150//150
f 151//151 158//158 152//152
f 150//150 159//159 160//160
f 153//153 161//161 154//154
f 155//155 162//162 156//156
f 163//163 164//164 157//157
f 159//159 165//165 160//160
f 157//157 164//164 158//158
f 161//161 166//166 154//154
f 167//167 168//168 155//155
f 155//155 168//168 162//162
f 163//163 169//169 164//164
f 170//170 169//169 163//163
f 160//160 171//171 172//172
f 172//172 171//171 173//173
f 165//165 171//171 160//160
f 174//174 175//175 167//167
f 167//167 175//175 168//168
f 166//166 176//176 154//154
f 170//170 177//177 169//169
f 178//178 177//177 170//170
f 171//171 179//179 173//173
f 176//176 180//180 154//154
f 181//181 182//182 174//174
f 174//174 182//182 175//175
f 173//173 183//183 184//184
f 178//178 185//185 177//177
f 179//179 183//183 173//173
f 178//178 186//186 185//185
f 186//186 187//187 185//185
f 186//186 188//188 187//187
f 188//188 189//189 187//187
f 182//182 5//5 190//190
f 190//190 5//5 191//191
f 191//191 5//5 192//192
f 192//192 5//5 193//193
f 193//193 5//5 194//194
f 194//194 5//5 195//195
f 195//195 5//5 196//196
f 196//196 5//5 183//183
f 4//4 5//5 197//197
f 188//188 198//198 189//189
f 199//199 5//5 200//200
f 189//189 198//198 201//201
f 200//200 5//5 181//181
f 197//197 5//5 199//199
f 181//181 5//5 182//182
f 5//5 202//202 183//183
f 183//183 202//202 184//184
f 184//184 202//202 203//203
f 198//198 204//204 201//201
f 201//201 204//204 205//205
f 205//205 206//206 207//207
f 204//204 206//206 205//205
f 207//207 208//208 209//209
f 206//206 208//208 207//207
f 209//209 210//210 211//211
f 208//208 210//210 209//209
f 211//211 212//212 213//213
f 210//210 212//212 211//211
f 212//212 214//214 213//213
f 213//213 214//214 215//215
f 215//215 214//214 216//216
f 214//214 217//217 216//216
f 216//216 217//217 218//218
f 217//217 219//219 218//218
f 218//218 219//219 220//220
f 219//219 221//221 220//220
f 220//220 221//221 180//180
f 180//180 222//222 154//154
f 221//221 222//222 180//180
f 223//223 202//202 222//222
f 224//224 202//202 223//223
f 225//225 202//202 224//224
f 222//222 202//202 154//154
f 226//226 227//227 228//228
f 226//226 229//229 227//227
f 228//228 230//230 231//231
f 227//227 230//230 228//228
f 232//232 233//233 226//226
f 226//226 233//233 229//229
f 231//231 234//234 225//225
f 225//225 234//234 202//202
f 230//230 234//234 231//231
f 235//235 236//236 232//232
f 232//232 236//236 233//233
f 234//234 237//237 202//202
f 238//238 239//239 235//235
f 235//235 239//239 236//236
f 237//237 240//240 202//202
f 238//238 241//241 239//239
f 240//240 242//242 202//202
f 238//238 243//243 241//241
f 242//242 244//244 202//202
f 238//238 245//245 243//243
f 244//244 246//246 202//202
f 238//238 247//247 245//245
f 246//246 248//248 202//202
f 248//248 203//203 202//202
f 249//249 250//250 251//251
f 249//249 252//252 250//250
f 253//253 252//252 249//249
f 250//250 254//254 251//251
f 251//251 254//254 255//255
f 253//253 256//256 252//252
f 257//257 256//256 253//253
f 254//254 258//258 255//255
f 255//255 258//258 259//259
f 257//257 260//260 256//256
f 261//261 260//260 257//257
f 258//258 262//262 259//259
f 259//259 262//262 263//263
f 261//261 264//264 260//260
f 261//261 265//265 264//264
f 263//263 266//266 267//267
f 262//262 266//266 263//263
f 265//265 268//268 264//264
f 267//267 269//269 270//270
f 266//266 269//269 267//267
f 265//265 271//271 268//268
f 271//271 272//272 268//268
f 269//269 273//273 270//270
f 273//273 274//274 270//270
f 272//272 275//275 276//276
f 271//271 275//275 272//272
f 273//273 277//277 274//274
f 277//277 278//278 274//274
f 276//276 279//279 280//280
f 275//275 279//279 276//276
f 277//277 281//281 278//278
f 280//280 282//282 283//283
f 279//279 282//282 280//280
f 281//281 284//284 278//278
f 285//285 284//284 281//281
f 285//285 286//286 284//284
f 282//282 4//4 283//283
f 283//283 4//4 287//287
f 287//287 4//4 288//288
f 4//4 289//289 288//288
f 4//4 290//290 289//289
f 286//286 291//291 284//284
f 292//292 291//291 286//286
f 292//292 293//293 291//291
f 294//294 293//293 292//292
f 294//294 295//295 293//293
f 290//290 295//295 294//294
f 4//4 197//197 290//290
f 290//290 197//197 295//295
f 133//133 296//296 297//297
f 238//238 298//298 247//247
f 133//133 298//298 238//238
f 297//297 298//298 133//133
f 133//133 134//134 296//296
f 298//298 143//143 247//247
f 247//247 143//143 135//135
f 299//299 300//300 301//301
f 302//302 300//300 299//299
f 301//301 303//303 304//304
f 300//300 303//303 301//301
f 305//305 306//306 307//307
f 304//304 306//306 305//305
f 303//303 306//306 304//304
f 307//307 308//308 309//309
f 306//306 308//308 307//307
f 309//309 310//310 43//43
f 308//308 310//310 309//309
f 310//310 22//22 43//43
f 311//311 302//302 299//299
f 311//311 299//299 312//312
f 313//313 312//312 314//314
f 313//313 311//311 312//312
f 315//315 314//314 316//316
f 315//315 313//313 314//314
f 317//317 316//316 318//318
f 317//317 315//315 316//316
f 319//319 318//318 320//320
f 319//319 317//317 318//318
f 321//321 320//320 322//322
f 321//321 319//319 320//320
f 323//323 322//322 324//324
f 323//323 321//321 322//322
f 325//325 324//324 326//326
f 325//325 323//323 324//324
f 327//327 326//326 328//328
f 327//327 325//325 326//326
f 329//329 328//328 330//330
f 329//329 327//327 328//328
f 331//331 330//330 332//332
f 331//331 329//329 330//330
f 7//7 333//333 334//334
f 9//9 333//333 7//7
f 334//334 335//335 336//336
f 333//333 335//335 334//334
f 336//336 337//337 338//338
f 335//335 337//337 336//336
f 338//338 339//339 340//340
f 337//337 339//339 338//338
f 340//340 341//341 342//342
f 339//339 341//341 340//340
f 342//342 343//343 344//344
f 341//341 343//343 342//342
f 345//345 3//3 2//2
f 345//345 2//2 346//346
f 347//347 346//346 348//348
f 347//347 345//345 346//346
f 349//349 348//348 350//350
f 349//349 347//347 348//348
f 351//351 350//350 352//352
f 351//351 349//349 350//350
f 353//353 352//352 354//354
f 353//353 351//351 352//352
f 355//355 354//354 356//356
f 355//355 353//353 354//354
f 357//357 356//356 358//358
f 357//357 355//355 356//356
f 359//359 358//358 360//360
f 359//359 360//360 361//361
f 359//359 357//357 358//358
f 362//362 361//361 363//363
f 362//362 359//359 361//361
f 364//364 362//362 363//363
f 343//343 363//363 344//344
f 343//343 364//364 363//363
f 365//365 366//366 367//367
f 368//368 369//369 370//370
f 366//366 371//371 372//372
f 373//373 374//374 375//375
f 368//368 376//376 369//369
f 374//374 377//377 375//375
f 371//371 378//378 372//372
f 376//376 379//379 369//369
f 377//377 380//380 375//375
f 378//378 381//381 372//372
f 382//382 383//383 384//384
f 376//376 385//385 379//379
f 384//384 383//383 373//373
f 374//374 383//383 386//386
f 373//373 383//383 374//374
f 375//375 387//387 388//388
f 380//380 387//387 375//375
f 385//385 389//389 379//379
f 381//381 390//390 391//391
f 387//387 392//392 388//388
f 385//385 393//393 389//389
f 390//390 394//394 391//391
f 395//395 396//396 397//397
f 388//388 396//396 395//395
f 392//392 396//396 388//388
f 398//398 399//399 394//394
f 400//400 401//401 402//402
f 399//399 403//403 394//394
f 386//386 401//401 400//400
f 383//383 401//401 386//386
f 399//399 404//404 403//403
f 397//397 405//405 406//406
f 404//404 407//407 403//403
f 396//396 405//405 397//397
f 403//403 391//391 394//394
f 391//391 372//372 381//381
f 372//372 367//367 366//366
f 402//402 408//408 409//409
f 401//401 408//408 402//402
f 406//406 410//410 411//411
f 405//405 410//410 406//406
f 410//410 412//412 411//411
f 410//410 413//413 412//412
f 408//408 414//414 409//409
f 409//409 414//414 415//415
f 408//408 416//416 414//414
f 413//413 417//417 412//412
f 414//414 418//418 415//415
f 418//418 419//419 415//415
f 415//415 419//419 367//367
f 413//413 420//420 417//417
f 419//419 365//365 367//367
f 419//419 421//421 365//365
f 420//420 370//370 417//417
f 420//420 368//368 370//370
f 422//422 423//423 424//424
f 425//425 423//423 422//422
f 426//426 427//427 428//428
f 429//429 430//430 431//431
f 431//431 430//430 432//432
f 426//426 433//433 427//427
f 430//430 434//434 432//432
f 433//433 435//435 427//427
f 433//433 436//436 435//435
f 423//423 437//437 424//424
f 438//438 437//437 423//423
f 434//434 439//439 432//432
f 436//436 440//440 435//435
f 441//441 442//442 443//443
f 439//439 444//444 432//432
f 442//442 445//445 443//443
f 436//436 446//446 440//440
f 439//439 447//447 444//444
f 443//443 448//448 449//449
f 447//447 450//450 444//444
f 445//445 448//448 443//443
f 445//445 451//451 448//448
f 450//450 452//452 444//444
f 453//453 454//454 450//450
f 455//455 454//454 453//453
f 456//456 454//454 455//455
f 446//446 457//457 440//440
f 437//437 454//454 456//456
f 446//446 458//458 457//457
f 454//454 459//459 450//450
f 450//450 459//459 452//452
f 452//452 460//460 461//461
f 458//458 462//462 457//457
f 459//459 460//460 452//452
f 449//449 463//463 464//464
f 456//456 424//424 437//437
f 465//465 464//464 466//466
f 448//448 463//463 449//449
f 463//463 467//467 464//464
f 467//467 468//468 464//464
f 468//468 466//466 464//464
f 462//462 469//469 470//470
f 458//458 469//469 462//462
f 466//466 471//471 465//465
f 469//469 472//472 470//470
f 470//470 472//472 473//473
f 471//471 474//474 465//465
f 474//474 422//422 465//465
f 474//474 475//475 422//422
f 476//476 475//475 474//474
f 472//472 429//429 473//473
f 473//473 429//429 431//431
f 475//475 425//425 422//422
f 477//477 478//478 479//479
f 479//479 478//478 480//480
f 480//480 481//481 482//482
f 478//478 481//481 480//480
f 482//482 483//483 484//484
f 481//481 483//483 482//482
f 484//484 485//485 486//486
f 483//483 485//485 484//484
f 486//486 487//487 488//488
f 485//485 487//487 486//486
f 488//488 489//489 490//490
f 487//487 489//489 488//488
f 490//490 491//491 492//492
f 489//489 491//491 490//490
f 492//492 493//493 494//494
f 491//491 493//493 492//492
f 493//493 495//495 494//494
f 496//496 497//497 498//498
f 498//498 499//499 500//500
f 497//497 499//499 498//498
f 500//500 501//501 502//502
f 499//499 501//501 500//500
f 495//495 503//503 494//494
f 494//494 503//503 504//504
f 502//502 505//505 506//506
f 501//501 505//505 502//502
f 504//504 507//507 508//508
f 503//503 507//507 504//504
f 505//505 509//509 506//506
f 508//508 510//510 511//511
f 507//507 510//510 508//508
f 506//506 512//512 513//513
f 509//509 512//512 506//506
f 511//511 514//514 515//515
f 510//510 514//514 511//511
f 513//513 516//516 517//517
f 512//512 516//516 513//513
f 514//514 518//518 515//515
f 517//517 519//519 520//520
f 516//516 519//519 517//517
f 515//515 521//521 522//522
f 518//518 521//521 515//515
f 520//520 523//523 524//524
f 519//519 523//523 520//520
f 522//522 525//525 526//526
f 521//521 525//525 522//522
f 523//523 527//527 524//524
f 526//526 528//528 529//529
f 525//525 528//528 526//526
f 528//528 530//530 529//529
f 529//529 531//531 532//532
f 530//530 531//531 529//529
f 532//532 533//533 534//534
f 531//531 533//533 532//532
f 533//533 535//535 534//534
f 534//534 535//535 536//536
f 535//535 537//537 536//536
f 536//536 537//537 538//538
f 537//537 539//539 538//538
f 538//538 540//540 541//541
f 539//539 540//540 538//538
f 541//541 542//542 543//543
f 540//540 542//542 541//541
f 542//542 544//544 543//543
f 543//543 544//544 545//545
f 544//544 546//546 545//545
f 545//545 547//547 548//548
f 546//546 547//547 545//545
f 548//548 549//549 550//550
f 547//547 549//549 548//548
f 550//550 551//551 552//552
f 549//549 551//551 550//550
f 552//552 496//496 498//498
f 551//551 496//496 552//552
f 527//527 553//553 524//524
f 524//524 553//553 554//554
f 554//554 555//555 556//556
f 553//553 555//555 554//554
f 556//556 557//557 558//558
f 555//555 557//557 556//556
f 558//558 559//559 560//560
f 557//557 559//559 558//558
f 560//560 561//561 562//562
f 559//559 561//561 560//560
f 562//562 563//563 564//564
f 561//561 563//563 562//562
f 564//564 565//565 566//566
f 563//563 565//565 564//564
f 566//566 567//567 568//568
f 565//565 567//567 566//566
f 567//567 569//569 568//568
f 570//570 571//571 572//572
f 572//572 571//571 573//573
f 573//573 574//574 575//575
f 571//571 574//574 573//573
f 575//575 576//576 577//577
f 574//574 576//576 575//575
f 577//577 578//578 579//579
f 576//576 578//578 577//577
f 579//579 580//580 581//581
f 578//578 580//580 579//579
f 581//581 582//582 583//583
f 580//580 582//582 581//581
f 583//583 584//584 585//585
f 582//582 584//584 583//583
f 585//585 586//586 587//587
f 584//584 586//586 585//585
f 586//586 588//588 587//587
f 589//589 590//590 591//591
f 591//591 590//590 592//592
f 592//592 593//593 594//594
f 590//590 593//593 592//592
f 594//594 595//595 596//596
f 593//593 595//595 594//594
f 596//596 597//597 598//598
f 595//595 597//597 596//596
f 598//598 599//599 600//600
f 597//597 599//599 598//598
f 599//599 601//601 600//600
f 600//600 602//602 603//603
f 601//601 602//602 600//600
f 603//603 604//604 605//605
f 602//602 604//604 603//603
f 605//605 606//606 607//607
f 604//604 606//606 605//605
f 607//607 608//608 609//609
f 606//606 608//608 607//607
f 609//609 610//610 572//572
f 608//608 610//610 609//609
f 610//610 570//570 572//572
f 611//611 612//612 613//613
f 613//613 612//612 614//614
f 614//614 615//615 616//616
f 612//612 615//615 614//614
f 616//616 617//617 618//618
f 615//615 617//617 616//616
f 618//618 619//619 620//620
f 617//617 619//619 618//618
f 620//620 621//621 622//622
f 619//619 621//621 620//620
f 622//622 623//623 624//624
f 621//621 623//623 622//622
f 624//624 625//625 626//626
f 623//623 625//625 624//624
f 626//626 627//627 591//591
f 625//625 627//627 626//626
f 627//627 589//589 591//591
f 628//628 629//629 630//630
f 630//630 629//629 631//631
f 631//631 632//632 633//633
f 629//629 632//632 631//631
f 633//633 634//634 635//635
f 632//632 634//634 633//633
f 635//635 636//636 637//637
f 634//634 636//636 635//635
f 637//637 638//638 639//639
f 636//636 638//638 637//637
f 639//639 640//640 641//641
f 638//638 640//640 639//639
f 641//641 642//642 643//643
f 640//640 642//642 641//641
f 643//643 644//644 645//645
f 642//642 644//644 643//643
f 644//644 646//646 645//645
f 647//647 648//648 649//649
f 649//649 648//648 650//650
f 650//650 651//651 652//652
f 648//648 651//651 650//650
f 652//652 653//653 654//654
f 651//651 653//653 652//652
f 654//654 655//655 656//656
f 653//653 655//655 654//654
f 656//656 657//657 658//658
f 655//655 657//657 656//656
f 658//658 659//659 660//660
f 657//657 659//659 658//658
f 660//660 661//661 662//662
f 659//659 661//661 660//660
f 662//662 663//663 664//664
f 661//661 663//663 662//662
f 663//663 665//665 664//664
f 646//646 666//666 645//645
f 645//645 666//666 667//667
f 667//667 668//668 669//669
f 666//666 668//668 667//667
f 669//669 670//670 671//671
f 668//668 670//670 669//669
f 671//671 672//672 673//673
f 670//670 672//672 671//671
f 673//673 674//674 675//675
f 672//672 674//674 673//673
f 674//674 676//676 675//675
f 675//675 677//677 678//678
f 676//676 677//677 675//675
f 678//678 679//679 680//680
f 677//677 679//679 678//678
f 680//680 681//681 682//682
f 679//679 681//681 680//680
f 682//682 683//683 684//684
f 681//681 683//683 682//682
f 684//684 685//685 649//649
f 683//683 685//685 684//684
f 685//685 647//647 649//649
f 686//686 687//687 688//688
f 689//689 687//687 686//686
f 690//690 691//691 692//692
f 688//688 693//693 694//694
f 691//691 695//695 692//692
f 687//687 693//693 688//688
f 696//696 697//697 698//698
f 691//691 699//699 695//695
f 700//700 697//697 696//696
f 699//699 701//701 695//695
f 694//694 702//702 703//703
f 699//699 704//704 701//701
f 693//693 702//702 694//694
f 704//704 705//705 701//701
f 706//706 707//707 700//700
f 704//704 708//708 705//705
f 700//700 707//707 697//697
f 703//703 709//709 710//710
f 708//708 711//711 705//705
f 702//702 709//709 703//703
f 708//708 712//712 711//711
f 713//713 714//714 706//706
f 706//706 714//714 707//707
f 712//712 715//715 711//711
f 712//712 716//716 715//715
f 710//710 717//717 713//713
f 709//709 717//717 710//710
f 716//716 718//718 715//715
f 713//713 717//717 714//714
f 716//716 719//719 718//718
f 719//719 720//720 718//718
f 719//719 721//721 720//720
f 721//721 722//722 720//720
f 721//721 723//723 722//722
f 723//723 724//724 722//722
f 723//723 725//725 724//724
f 725//725 726//726 724//724
f 725//725 727//727 726//726
f 727//727 728//728 726//726
f 727//727 729//729 728//728
f 728//728 730//730 731//731
f 729//729 730//730 728//728
f 730//730 732//732 731//731
f 731//731 732//732 733//733
f 732//732 734//734 733//733
f 733//733 734//734 735//735
f 735//735 689//689 686//686
f 734//734 689//689 735//735
f 736//736 737//737 738//738
f 738//738 737//737 739//739
f 737//737 740//740 739//739
f 741//741 742//742 743//743
f 739//739 740//740 744//744
f 740//740 745//745 744//744
f 743//743 746//746 747//747
f 744//744 745//745 748//748
f 742//742 746//746 743//743
f 747//747 749//749 750//750
f 745//745 751//751 748//748
f 748//748 751//751 752//752
f 746//746 749//749 747//747
f 750//750 753//753 754//754
f 751//751 755//755 752//752
f 752//752 755//755 756//756
f 749//749 753//753 750//750
f 754//754 757//757 758//758
f 756//756 759//759 760//760
f 753//753 757//757 754//754
f 755//755 759//759 756//756
f 760//760 761//761 762//762
f 758//758 763//763 764//764
f 757//757 763//763 758//758
f 759//759 761//761 760//760
f 762//762 742//742 741//741
f 761//761 742//742 762//762
f 764//764 765//765 766//766
f 763//763 765//765 764//764
f 766//766 767//767 768//768
f 765//765 767//767 766//766
f 768//768 769//769 770//770
f 767//767 769//769 768//768
f 770//770 771//771 772//772
f 769//769 771//771 770//770
f 772//772 773//773 774//774
f 771//771 773//773 772//772
f 773//773 775//775 774//774
f 774//774 775//775 776//776
f 775//775 777//777 776//776
f 776//776 777//777 778//778
f 777//777 779//779 778//778
f 779//779 780//780 778//778
f 778//778 780//780 781//781
f 780//780 782//782 781//781
f 781//781 782//782 783//783
f 782//782 784//784 783//783
f 783//783 784//784 785//785
f 784//784 786//786 785//785
f 785//785 786//786 787//787
f 786//786 736//736 787//787
f 787//787 736//736 738//738
f 788//788 789//789 790//790
f 790//790 789//789 791//791
f 789//789 792//792 791//791
f 793//793 794//794 795//795
f 791//791 792//792 796//796
f 792//792 797//797 796//796
f 795//795 798//798 799//799
f 796//796 797//797 800//800
f 794//794 798//798 795//795
f 799//799 801//801 802//802
f 797//797 803//803 800//800
f 800//800 803//803 804//804
f 798//798 801//801 799//799
f 802//802 805//805 806//806
f 803//803 807//807 804//804
f 804//804 807//807 808//808
f 801//801 805//805 802//802
f 806//806 809//809 810//810
f 808//808 811//811 812//812
f 805//805 809//809 806//806
f 807//807 811//811 808//808
f 812//812 813//813 814//814
f 810//810 815//815 816//816
f 809//809 815//815 810//810
f 811//811 813//813 812//812
f 814//814 794//794 793//793
f 813//813 794//794 814//814
f 816//816 817//817 818//818
f 815//815 817//817 816//816
f 818//818 819//819 820//820
f 817//817 819//819 818//818
f 820//820 821//821 822//822
f 819//819 821//821 820//820
f 822//822 823//823 824//824
f 821//821 823//823 822//822
f 824//824 825//825 826//826
f 823//823 825//825 824//824
f 825//825 827//827 826//826
f 826//826 827//827 828//828
f 827//827 829//829 828//828
f 828//828 829//829 830//830
f 829//829 831//831 830//830
f 831//831 832//832 830//830
f 830//830 832//832 833//833
f 832//832 834//834 833//833
f 833//833 834//834 835//835
f 834//834 836//836 835//835
f 835//835 836//836 837//837
f 836//836 838//838 837//837
f 837//837 838//838 839//839
f 838//838 788//788 839//839
f 839//839 788//788 790//790
f 222//222 840//840 223//223
f 841//841 840//840 222//222
f 840//840 461//461 460//460
f 841//841 461//461 840//840
f 842//842 843//843 844//844
f 845//845 844//844 846//846
f 845//845 842//842 844//844
f 847//847 845//845 846//846
f 848//848 847//847 846//846
f 145//145 154//154 847//847
f 145//145 847//847 848//848
f 140//140 848//848 849//849
f 140//140 145//145 848//848
f 138//138 849//849 850//850
f 138//138 140//140 849//849
f 141//141 850//850 851//851
f 141//141 138//138 850//850
f 151//151 851//851 852//852
f 151//151 141//141 851//851
f 157//157 852//852 853//853
f 157//157 151//151 852//852
f 163//163 853//853 854//854
f 163//163 157//157 853//853
f 170//170 855//855 856//856
f 170//170 854//854 855//855
f 170//170 163//163 854//854
f 178//178 856//856 857//857
f 178//178 170//170 856//856
f 186//186 857//857 858//858
f 186//186 178//178 857//857
f 188//188 858//858 859//859
f 188//188 186//186 858//858
f 198//198 188//188 859//859
f 198//198 859//859 860//860
f 204//204 198//198 860//860
f 204//204 860//860 861//861
f 206//206 204//204 861//861
f 206//206 861//861 862//862
f 208//208 206//206 862//862
f 208//208 862//862 863//863
f 210//210 863//863 864//864
f 210//210 208//208 863//863
f 865//865 866//866 867//867
f 866//866 868//868 867//867
f 868//868 869//869 867//867
f 869//869 870//870 867//867
f 869//869 871//871 870//870
f 871//871 872//872 870//870
f 873//873 874//874 872//872
f 875//875 874//874 873//873
f 876//876 874//874 875//875
f 872//872 874//874 870//870
f 877//877 878//878 879//879
f 878//878 880//880 879//879
f 878//878 881//881 880//880
f 881//881 882//882 880//880
f 882//882 883//883 880//880
f 274//274 884//884 885//885
f 270//270 885//885 886//886
f 270//270 274//274 885//885
f 267//267 886//886 887//887
f 267//267 270//270 886//886
f 263//263 887//887 888//888
f 263//263 267//267 887//887
f 259//259 888//888 889//889
f 259//259 263//263 888//888
f 255//255 889//889 890//890
f 255//255 259//259 889//889
f 251//251 890//890 891//891
f 251//251 255//255 890//890
f 249//249 891//891 892//892
f 249//249 251//251 891//891
f 253//253 893//893 894//894
f 253//253 892//892 893//893
f 253//253 249//249 892//892
f 257//257 894//894 895//895
f 257//257 253//253 894//894
f 261//261 895//895 896//896
f 261//261 257//257 895//895
f 265//265 896//896 897//897
f 265//265 261//261 896//896
f 271//271 897//897 898//898
f 271//271 265//265 897//897
f 275//275 898//898 899//899
f 275//275 271//271 898//898
f 279//279 275//275 899//899
f 279//279 899//899 900//900
f 282//282 279//279 900//900
f 6//6 282//282 900//900
f 6//6 900//900 901//901
f 902//902 6//6 901//901
f 877//877 902//902 901//901
f 903//903 902//902 877//877
f 879//879 903//903 877//877
f 4//4 282//282 6//6
f 904//904 197//197 199//199
f 904//904 905//905 197//197
f 382//382 384//384 904//904
f 904//904 384//384 905//905
f 906//906 907//907 908//908
f 907//907 909//909 908//908
f 909//909 910//910 908//908
f 910//910 843//843 908//908
f 910//910 844//844 843//843
f 911//911 912//912 913//913
f 912//912 914//914 913//913
f 914//914 915//915 913//913
f 911//911 916//916 912//912
f 911//911 917//917 916//916
f 918//918 919//919 911//911
f 911//911 919//919 917//917
f 918//918 920//920 919//919
f 918//918 921//921 920//920
f 441//441 922//922 923//923
f 428//428 924//924 426//426
f 443//443 922//922 441//441
f 922//922 925//925 923//923
f 923//923 926//926 927//927
f 925//925 926//926 923//923
f 928//928 929//929 930//930
f 931//931 929//929 932//932
f 932//932 929//929 928//928
f 926//926 933//933 927//927
f 934//934 929//929 935//935
f 935//935 929//929 931//931
f 930//930 929//929 927//927
f 933//933 936//936 927//927
f 936//936 937//937 927//927
f 934//934 938//938 929//929
f 937//937 930//930 927//927
f 934//934 939//939 938//938
f 940//940 941//941 942//942
f 943//943 941//941 940//940
f 944//944 941//941 943//943
f 939//939 945//945 938//938
f 938//938 945//945 407//407
f 944//944 946//946 941//941
f 947//947 948//948 944//944
f 944//944 948//948 946//946
f 949//949 950//950 947//947
f 947//947 950//950 948//948
f 945//945 403//403 407//407
f 951//951 952//952 949//949
f 949//949 952//952 950//950
f 953//953 954//954 955//955
f 956//956 957//957 951//951
f 955//955 958//958 959//959
f 951//951 957//957 952//952
f 960//960 961//961 956//956
f 954//954 958//958 955//955
f 962//962 963//963 953//953
f 953//953 963//963 954//954
f 956//956 961//961 957//957
f 958//958 964//964 959//959
f 940//940 965//965 966//966
f 966//966 965//965 962//962
f 967//967 389//389 393//393
f 962//962 965//965 963//963
f 428//428 389//389 924//924
f 924//924 389//389 960//960
f 960//960 389//389 961//961
f 959//959 928//928 930//930
f 961//961 389//389 967//967
f 964//964 928//928 959//959
f 940//940 942//942 965//965
f 968//968 847//847 154//154
f 968//968 154//154 202//202
f 332//332 968//968 331//331
f 332//332 847//847 968//968
f 847//847 332//332 845//845
f 845//845 332//332 842//842
f 43//43 23//23 969//969
f 322//322 970//970 971//971
f 322//322 971//971 324//324
f 332//332 911//911 913//913
f 332//332 913//913 972//972
f 332//332 972//972 973//973
f 332//332 973//973 908//908
f 332//332 908//908 843//843
f 332//332 843//843 842//842
f 974//974 911//911 332//332
f 975//975 974//974 332//332
f 320//320 976//976 970//970
f 977//977 911//911 974//974
f 320//320 970//970 322//322
f 978//978 975//975 332//332
f 318//318 979//979 976//976
f 980//980 911//911 977//977
f 318//318 976//976 320//320
f 316//316 981//981 979//979
f 982//982 978//978 332//332
f 316//316 979//979 318//318
f 301//301 983//983 984//984
f 301//301 984//984 985//985
f 986//986 987//987 911//911
f 986//986 911//911 980//980
f 988//988 332//332 330//330
f 988//988 982//982 332//332
f 304//304 989//989 983//983
f 304//304 983//983 301//301
f 299//299 985//985 990//990
f 299//299 301//301 985//985
f 991//991 987//987 986//986
f 991//991 992//992 987//987
f 993//993 988//988 330//330
f 314//314 994//994 981//981
f 314//314 981//981 316//316
f 993//993 330//330 328//328
f 305//305 995//995 996//996
f 305//305 996//996 989//989
f 305//305 997//997 995//995
f 305//305 989//989 304//304
f 998//998 999//999 992//992
f 998//998 992//992 991//991
f 312//312 990//990 994//994
f 312//312 299//299 990//990
f 1000//1000 993//993 328//328
f 312//312 994//994 314//314
f 326//326 1000//1000 328//328
f 307//307 1001//1001 997//997
f 307//307 997//997 305//305
f 1002//1002 999//999 998//998
f 1003//1003 1000//1000 326//326
f 309//309 1001//1001 307//307
f 43//43 1004//1004 1001//1001
f 43//43 1001//1001 309//309
f 324//324 971//971 1003//1003
f 324//324 1003//1003 326//326
f 1005//1005 1004//1004 43//43
f 995//995 1002//1002 996//996
f 995//995 999//999 1002//1002
f 969//969 1005//1005 43//43
f 1006//1006 870//870 1007//1007
f 348//348 346//346 1008//1008
f 1009//1009 1010//1010 342//342
f 352//352 1011//1011 1012//1012
f 352//352 1012//1012 354//354
f 1013//1013 870//870 1006//1006
f 350//350 1014//1014 1011//1011
f 350//350 1011//1011 352//352
f 350//350 348//348 1014//1014
f 8//8 7//7 1015//1015
f 2//2 6//6 902//902
f 2//2 902//902 903//903
f 2//2 903//903 879//879
f 2//2 879//879 880//880
f 2//2 880//880 1016//1016
f 2//2 1016//1016 1017//1017
f 1018//1018 1009//1009 342//342
f 2//2 1017//1017 867//867
f 1018//1018 342//342 344//344
f 1019//1019 870//870 1013//1013
f 1020//1020 1018//1018 344//344
f 1021//1021 870//870 1019//1019
f 363//363 1020//1020 344//344
f 1022//1022 1020//1020 363//363
f 361//361 1023//1023 1022//1022
f 361//361 1022//1022 363//363
f 7//7 1024//1024 1025//1025
f 7//7 1025//1025 1026//1026
f 7//7 1026//1026 1015//1015
f 334//334 1024//1024 7//7
f 336//336 1027//1027 1024//1024
f 336//336 1024//1024 334//334
f 338//338 1027//1027 336//336
f 338//338 1028//1028 1027//1027
f 360//360 1029//1029 1023//1023
f 360//360 1023//1023 361//361
f 1030//1030 1031//1031 1028//1028
f 358//358 1032//1032 1029//1029
f 358//358 1029//1029 360//360
f 1033//1033 1028//1028 338//338
f 1033//1033 1030//1030 1028//1028
f 2//2 1021//1021 1034//1034
f 2//2 1034//1034 1035//1035
f 2//2 1035//1035 1036//1036
f 2//2 1036//1036 1037//1037
f 1038//1038 1031//1031 1030//1030
f 2//2 867//867 870//870
f 2//2 870//870 1021//1021
f 1038//1038 1039//1039 1031//1031
f 1040//1040 1033//1033 338//338
f 356//356 1041//1041 1032//1032
f 1040//1040 338//338 340//340
f 356//356 1032//1032 358//358
f 1042//1042 1039//1039 1038//1038
f 346//346 1037//1037 1008//1008
f 1042//1042 1007//1007 1039//1039
f 346//346 2//2 1037//1037
f 1010//1010 1040//1040 340//340
f 1010//1010 340//340 342//342
f 354//354 1012//1012 1041//1041
f 354//354 1041//1041 356//356
f 348//348 1008//1008 1014//1014
f 1006//1006 1007//1007 1042//1042
f 1043//1043 1044//1044 1045//1045
f 1043//1043 1045//1045 912//912
f 1046//1046 1043//1043 912//912
f 841//841 1046//1046 912//912
f 916//916 841//841 912//912
f 461//461 841//841 916//916
f 452//452 461//461 916//916
f 917//917 444//444 452//452
f 917//917 452//452 916//916
f 1047//1047 432//432 444//444
f 1047//1047 444//444 917//917
f 1048//1048 1047//1047 917//917
f 859//859 1049//1049 1050//1050
f 859//859 858//858 1049//1049
f 1051//1051 851//851 850//850
f 1052//1052 850//850 849//849
f 860//860 859//859 1050//1050
f 1052//1052 1051//1051 850//850
f 860//860 1050//1050 1053//1053
f 1054//1054 852//852 851//851
f 1054//1054 851//851 1051//1051
f 1055//1055 849//849 848//848
f 861//861 1053//1053 1056//1056
f 861//861 860//860 1053//1053
f 1055//1055 1052//1052 849//849
f 862//862 1056//1056 1057//1057
f 862//862 861//861 1056//1056
f 863//863 862//862 1057//1057
f 863//863 1058//1058 1059//1059
f 863//863 1060//1060 1058//1058
f 1061//1061 848//848 846//846
f 863//863 1062//1062 1060//1060
f 863//863 1057//1057 1062//1062
f 1061//1061 1055//1055 848//848
f 910//910 863//863 1059//1059
f 1063//1063 853//853 852//852
f 1063//1063 852//852 1054//1054
f 1064//1064 846//846 844//844
f 1064//1064 1061//1061 846//846
f 1065//1065 854//854 853//853
f 1065//1065 853//853 1063//1063
f 1066//1066 1064//1064 844//844
f 1067//1067 855//855 854//854
f 1067//1067 854//854 1065//1065
f 1068//1068 844//844 910//910
f 1068//1068 1066//1066 844//844
f 1069//1069 856//856 855//855
f 1069//1069 855//855 1067//1067
f 1070//1070 1068//1068 910//910
f 1071//1071 856//856 1069//1069
f 857//857 856//856 1071//1071
f 1072//1072 1070//1070 910//910
f 1073//1073 857//857 1071//1071
f 858//858 857//857 1073//1073
f 1074//1074 1072//1072 910//910
f 1049//1049 858//858 1073//1073
f 1059//1059 1074//1074 910//910
f 1075//1075 1076//1076 885//885
f 900//900 1077//1077 1078//1078
f 900//900 899//899 1077//1077
f 1079//1079 891//891 890//890
f 1080//1080 892//892 891//891
f 1080//1080 891//891 1079//1079
f 1081//1081 890//890 889//889
f 1081//1081 1079//1079 890//890
f 1082//1082 893//893 892//892
f 1082//1082 892//892 1080//1080
f 901//901 1078//1078 1083//1083
f 901//901 900//900 1078//1078
f 1084//1084 889//889 888//888
f 1084//1084 1081//1081 889//889
f 1085//1085 894//894 893//893
f 877//877 901//901 1083//1083
f 877//877 1086//1086 1087//1087
f 1085//1085 893//893 1082//1082
f 877//877 1083//1083 1086//1086
f 878//878 1088//1088 1075//1075
f 878//878 1089//1089 1088//1088
f 878//878 1090//1090 1089//1089
f 878//878 1091//1091 1090//1090
f 878//878 1087//1087 1091//1091
f 878//878 877//877 1087//1087
f 885//885 878//878 1075//1075
f 1092//1092 888//888 887//887
f 1092//1092 1084//1084 888//888
f 1093//1093 895//895 894//894
f 1093//1093 894//894 1085//1085
f 1094//1094 1092//1092 887//887
f 1095//1095 896//896 895//895
f 1095//1095 895//895 1093//1093
f 886//886 1094//1094 887//887
f 897//897 896//896 1095//1095
f 1096//1096 1094//1094 886//886
f 1097//1097 897//897 1095//1095
f 885//885 1096//1096 886//886
f 898//898 897//897 1097//1097
f 1098//1098 1096//1096 885//885
f 1099//1099 898//898 1097//1097
f 1100//1100 1098//1098 885//885
f 899//899 1099//1099 1077//1077
f 899//899 898//898 1099//1099
f 1076//1076 1100//1100 885//885
f 1101//1101 1102//1102 1103//1103
f 869//869 1101//1101 1104//1104
f 869//869 1102//1102 1101//1101
f 905//905 869//869 1104//1104
f 871//871 905//905 384//384
f 871//871 869//869 905//905
f 1105//1105 375//375 388//388
f 872//872 1105//1105 1106//1106
f 872//872 384//384 373//373
f 872//872 373//373 375//375
f 872//872 871//871 384//384
f 872//872 375//375 1105//1105
f 1107//1107 1108//1108 1109//1109
f 1107//1107 1109//1109 1110//1110
f 1111//1111 1112//1112 1113//1113
f 1111//1111 1114//1114 1112//1112
f 1111//1111 1113//1113 1115//1115
f 1116//1116 1117//1117 1118//1118
f 1119//1119 1118//1118 1120//1120
f 1119//1119 1116//1116 1118//1118
f 1121//1121 1122//1122 1108//1108
f 1121//1121 1108//1108 1107//1107
f 1123//1123 1124//1124 1117//1117
f 1123//1123 1117//1117 1116//1116
f 1125//1125 1120//1120 1126//1126
f 1125//1125 1119//1119 1120//1120
f 1127//1127 1115//1115 1128//1128
f 1127//1127 1111//1111 1115//1115
f 1129//1129 1130//1130 1124//1124
f 1129//1129 1124//1124 1123//1123
f 1131//1131 1132//1132 1122//1122
f 1131//1131 1122//1122 1121//1121
f 1133//1133 1126//1126 1134//1134
f 1133//1133 1125//1125 1126//1126
f 1135//1135 1128//1128 1136//1136
f 1135//1135 1127//1127 1128//1128
f 1137//1137 1138//1138 1132//1132
f 1139//1139 1140//1140 1130//1130
f 1137//1137 1132//1132 1131//1131
f 1139//1139 1130//1130 1129//1129
f 1141//1141 1136//1136 1142//1142
f 1141//1141 1135//1135 1136//1136
f 1143//1143 1133//1133 1134//1134
f 1144//1144 1142//1142 1138//1138
f 1144//1144 1141//1141 1142//1142
f 1144//1144 1138//1138 1137//1137
f 1145//1145 1146//1146 1140//1140
f 1145//1145 1140//1140 1139//1139
f 1147//1147 1134//1134 1148//1148
f 1147//1147 1143//1143 1134//1134
f 1149//1149 1150//1150 1146//1146
f 1149//1149 1146//1146 1145//1145
f 1151//1151 1148//1148 1152//1152
f 1151//1151 1147//1147 1148//1148
f 1153//1153 1154//1154 1150//1150
f 1153//1153 1150//1150 1149//1149
f 1155//1155 1151//1151 1152//1152
f 1155//1155 1156//1156 1151//1151
f 1157//1157 1153//1153 1158//1158
f 1157//1157 1154//1154 1153//1153
f 1112//1112 1157//1157 1158//1158
f 1110//1110 1156//1156 1155//1155
f 1110//1110 1109//1109 1156//1156
f 1114//1114 1157//1157 1112//1112
f 1126//1126 1092//1092 1134//1134
f 1084//1084 1092//1092 1126//1126
f 1134//1134 1094//1094 1148//1148
f 1092//1092 1094//1094 1134//1134
f 1121//1121 1088//1088 1131//1131
f 1075//1075 1088//1088 1121//1121
f 1148//1148 1096//1096 1152//1152
f 1094//1094 1096//1096 1148//1148
f 1131//1131 1089//1089 1137//1137
f 1088//1088 1089//1089 1131//1131
f 1152//1152 1098//1098 1155//1155
f 1096//1096 1098//1098 1152//1152
f 1137//1137 1090//1090 1144//1144
f 1089//1089 1090//1090 1137//1137
f 1155//1155 1100//1100 1110//1110
f 1098//1098 1100//1100 1155//1155
f 1144//1144 1091//1091 1141//1141
f 1090//1090 1091//1091 1144//1144
f 1110//1110 1076//1076 1107//1107
f 1100//1100 1076//1076 1110//1110
f 1107//1107 1075//1075 1121//1121
f 1141//1141 1087//1087 1135//1135
f 1076//1076 1075//1075 1107//1107
f 1091//1091 1087//1087 1141//1141
f 1135//1135 1086//1086 1127//1127
f 1087//1087 1086//1086 1135//1135
f 1127//1127 1083//1083 1111//1111
f 1086//1086 1083//1083 1127//1127
f 1111//1111 1078//1078 1114//1114
f 1083//1083 1078//1078 1111//1111
f 1114//1114 1077//1077 1157//1157
f 1078//1078 1077//1077 1114//1114
f 1157//1157 1099//1099 1154//1154
f 1077//1077 1099//1099 1157//1157
f 1099//1099 1097//1097 1154//1154
f 1154//1154 1097//1097 1150//1150
f 1097//1097 1095//1095 1150//1150
f 1150//1150 1095//1095 1146//1146
f 1095//1095 1093//1093 1146//1146
f 1146//1146 1093//1093 1140//1140
f 1140//1140 1085//1085 1130//1130
f 1093//1093 1085//1085 1140//1140
f 1130//1130 1082//1082 1124//1124
f 1085//1085 1082//1082 1130//1130
f 1124//1124 1080//1080 1117//1117
f 1082//1082 1080//1080 1124//1124
f 1117//1117 1079//1079 1118//1118
f 1080//1080 1079//1079 1117//1117
f 1118//1118 1081//1081 1120//1120
f 1079//1079 1081//1081 1118//1118
f 1120//1120 1084//1084 1126//1126
f 1081//1081 1084//1084 1120//1120
f 1159//1159 1160//1160 1161//1161
f 1159//1159 1161//1161 1162//1162
f 1163//1163 1164//1164 1165//1165
f 1166//1166 1163//1163 1165//1165
f 1167//1167 1168//1168 1169//1169
f 1170//1170 1171//1171 1160//1160
f 1170//1170 1160//1160 1159//1159
f 1172//1172 1169//1169 1173//1173
f 1172//1172 1167//1167 1169//1169
f 1174//1174 1175//1175 1168//1168
f 1174//1174 1168//1168 1167//1167
f 1176//1176 1173//1173 1177//1177
f 1176//1176 1172//1172 1173//1173
f 1178//1178 1166//1166 1179//1179
f 1178//1178 1163//1163 1166//1166
f 1180//1180 1181//1181 1175//1175
f 1180//1180 1175//1175 1174//1174
f 1182//1182 1177//1177 1183//1183
f 1182//1182 1176//1176 1177//1177
f 1184//1184 1185//1185 1181//1181
f 1184//1184 1181//1181 1180//1180
f 1186//1186 1187//1187 1171//1171
f 1188//1188 1182//1182 1183//1183
f 1186//1186 1171//1171 1170//1170
f 1189//1189 1188//1188 1183//1183
f 1190//1190 1191//1191 1185//1185
f 1190//1190 1185//1185 1184//1184
f 1192//1192 1179//1179 1193//1193
f 1192//1192 1178//1178 1179//1179
f 1194//1194 1195//1195 1187//1187
f 1194//1194 1187//1187 1186//1186
f 1196//1196 1193//1193 1197//1197
f 1196//1196 1192//1192 1193//1193
f 1198//1198 1188//1188 1189//1189
f 1199//1199 1200//1200 1191//1191
f 1201//1201 1202//1202 1195//1195
f 1201//1201 1195//1195 1194//1194
f 1199//1199 1191//1191 1190//1190
f 1203//1203 1197//1197 1204//1204
f 1203//1203 1196//1196 1197//1197
f 1205//1205 1198//1198 1189//1189
f 1206//1206 1198//1198 1205//1205
f 1207//1207 1204//1204 1202//1202
f 1207//1207 1203//1203 1204//1204
f 1207//1207 1202//1202 1201//1201
f 1208//1208 1209//1209 1200//1200
f 1208//1208 1200//1200 1199//1199
f 1162//1162 1161//1161 1206//1206
f 1162//1162 1206//1206 1205//1205
f 1210//1210 1209//1209 1208//1208
f 1164//1164 1209//1209 1210//1210
f 1165//1165 1164//1164 1210//1210
f 1177//1177 1064//1064 1183//1183
f 1061//1061 1064//1064 1177//1177
f 1183//1183 1066//1066 1189//1189
f 1064//1064 1066//1066 1183//1183
f 1186//1186 1058//1058 1194//1194
f 1059//1059 1058//1058 1186//1186
f 1189//1189 1068//1068 1205//1205
f 1066//1066 1068//1068 1189//1189
f 1194//1194 1060//1060 1201//1201
f 1058//1058 1060//1060 1194//1194
f 1205//1205 1070//1070 1162//1162
f 1068//1068 1070//1070 1205//1205
f 1201//1201 1062//1062 1207//1207
f 1060//1060 1062//1062 1201//1201
f 1162//1162 1072//1072 1159//1159
f 1070//1070 1072//1072 1162//1162
f 1207//1207 1057//1057 1203//1203
f 1062//1062 1057//1057 1207//1207
f 1159//1159 1074//1074 1170//1170
f 1072//1072 1074//1074 1159//1159
f 1170//1170 1059//1059 1186//1186
f 1203//1203 1056//1056 1196//1196
f 1074//1074 1059//1059 1170//1170
f 1057//1057 1056//1056 1203//1203
f 1196//1196 1053//1053 1192//1192
f 1056//1056 1053//1053 1196//1196
f 1192//1192 1050//1050 1178//1178
f 1053//1053 1050//1050 1192//1192
f 1178//1178 1049//1049 1163//1163
f 1050//1050 1049//1049 1178//1178
f 1163//1163 1073//1073 1164//1164
f 1049//1049 1073//1073 1163//1163
f 1164//1164 1071//1071 1209//1209
f 1073//1073 1071//1071 1164//1164
f 1071//1071 1069//1069 1209//1209
f 1209//1209 1069//1069 1200//1200
f 1069//1069 1067//1067 1200//1200
f 1200//1200 1067//1067 1191//1191
f 1067//1067 1065//1065 1191//1191
f 1191//1191 1065//1065 1185//1185
f 1185//1185 1063//1063 1181//1181
f 1065//1065 1063//1063 1185//1185
f 1181//1181 1054//1054 1175//1175
f 1063//1063 1054//1054 1181//1181
f 1175//1175 1051//1051 1168//1168
f 1054//1054 1051//1051 1175//1175
f 1168//1168 1052//1052 1169//1169
f 1051//1051 1052//1052 1168//1168
f 1169//1169 1055//1055 1173//1173
f 1052//1052 1055//1055 1169//1169
f 1173//1173 1061//1061 1177//1177
f 1055//1055 1061//1061 1173//1173
f 1206//1206 755//755 751//751
f 1206//1206 1161//1161 755//755
f 1161//1161 759//759 755//755
f 1187//1187 746//746 742//742
f 1161//1161 1160//1160 759//759
f 1160//1160 761//761 759//759
f 1187//1187 1195//1195 746//746
f 1160//1160 1171//1171 761//761
f 1171//1171 742//742 761//761
f 1195//1195 749//749 746//746
f 1171//1171 1187//1187 742//742
f 1195//1195 1202//1202 749//749
f 1202//1202 753//753 749//749
f 1202//1202 1204//1204 753//753
f 1204//1204 757//757 753//753
f 1204//1204 1197//1197 757//757
f 1197//1197 763//763 757//757
f 1197//1197 1193//1193 763//763
f 1193//1193 765//765 763//763
f 1193//1193 1179//1179 765//765
f 1179//1179 767//767 765//765
f 1179//1179 1166//1166 767//767
f 1166//1166 769//769 767//767
f 1166//1166 1165//1165 769//769
f 1165//1165 771//771 769//769
f 1165//1165 1210//1210 771//771
f 1210//1210 773//773 771//771
f 1210//1210 1208//1208 773//773
f 1208//1208 775//775 773//773
f 1208//1208 1199//1199 775//775
f 1199//1199 777//777 775//775
f 1199//1199 1190//1190 777//777
f 1190//1190 779//779 777//777
f 1190//1190 1184//1184 779//779
f 1184//1184 780//780 779//779
f 1184//1184 1180//1180 780//780
f 1180//1180 782//782 780//780
f 1180//1180 1174//1174 782//782
f 1174//1174 784//784 782//782
f 1174//1174 1167//1167 784//784
f 1167//1167 786//786 784//784
f 1167//1167 1172//1172 786//786
f 1172//1172 736//736 786//786
f 1172//1172 1176//1176 736//736
f 1176//1176 737//737 736//736
f 1176//1176 1182//1182 737//737
f 1182//1182 740//740 737//737
f 1182//1182 1188//1188 740//740
f 1188//1188 745//745 740//740
f 1188//1188 1198//1198 745//745
f 1198//1198 751//751 745//745
f 1198//1198 1206//1206 751//751
f 1151//1151 807//807 803//803
f 1151//1151 1156//1156 807//807
f 1156//1156 811//811 807//807
f 1122//1122 798//798 794//794
f 1156//1156 1109//1109 811//811
f 1109//1109 813//813 811//811
f 1122//1122 1132//1132 798//798
f 1109//1109 1108//1108 813//813
f 1108//1108 794//794 813//813
f 1132//1132 801//801 798//798
f 1108//1108 1122//1122 794//794
f 1132//1132 1138//1138 801//801
f 1138//1138 805//805 801//801
f 1138//1138 1142//1142 805//805
f 1142//1142 809//809 805//805
f 1142//1142 1136//1136 809//809
f 1136//1136 815//815 809//809
f 1136//1136 1128//1128 815//815
f 1128//1128 817//817 815//815
f 1128//1128 1115//1115 817//817
f 1115//1115 819//819 817//817
f 1115//1115 1113//1113 819//819
f 1113//1113 821//821 819//819
f 1113//1113 1112//1112 821//821
f 1112//1112 823//823 821//821
f 1112//1112 1158//1158 823//823
f 1158//1158 825//825 823//823
f 1158//1158 1153//1153 825//825
f 1153//1153 827//827 825//825
f 1153//1153 1149//1149 827//827
f 1149//1149 829//829 827//827
f 1149//1149 1145//1145 829//829
f 1145//1145 831//831 829//829
f 1145//1145 1139//1139 831//831
f 1139//1139 832//832 831//831
f 1139//1139 1129//1129 832//832
f 1129//1129 834//834 832//832
f 1129//1129 1123//1123 834//834
f 1123//1123 836//836 834//834
f 1123//1123 1116//1116 836//836
f 1116//1116 838//838 836//836
f 1116//1116 1119//1119 838//838
f 1119//1119 788//788 838//838
f 1119//1119 1125//1125 788//788
f 1125//1125 789//789 788//788
f 1125//1125 1133//1133 789//789
f 1133//1133 792//792 789//789
f 1133//1133 1143//1143 792//792
f 1143//1143 797//797 792//792
f 1143//1143 1147//1147 797//797
f 1147//1147 803//803 797//797
f 1147//1147 1151//1151 803//803
f 1211//1211 1212//1212 1213//1213
f 1211//1211 1213//1213 1214//1214
f 460//460 1215//1215 1216//1216
f 929//929 1217//1217 927//927
f 460//460 1216//1216 1218//1218
f 460//460 1218//1218 840//840
f 929//929 1219//1219 1217//1217
f 1220//1220 1212//1212 1211//1211
f 1221//1221 1215//1215 460//460
f 1220//1220 1222//1222 1212//1212
f 459//459 1221//1221 460//460
f 1223//1223 1221//1221 459//459
f 1224//1224 1222//1222 1220//1220
f 454//454 1223//1223 459//459
f 382//382 1225//1225 1226//1226
f 382//382 1227//1227 1225//1225
f 382//382 1228//1228 1227//1227
f 382//382 904//904 1228//1228
f 1229//1229 1223//1223 454//454
f 437//437 1229//1229 454//454
f 383//383 382//382 1226//1226
f 383//383 1226//1226 1230//1230
f 401//401 383//383 1230//1230
f 401//401 1230//1230 1222//1222
f 1231//1231 437//437 438//438
f 408//408 401//401 1222//1222
f 1232//1232 1229//1229 437//437
f 408//408 1233//1233 416//416
f 1232//1232 437//437 1231//1231
f 408//408 1224//1224 1233//1233
f 408//408 1222//1222 1224//1224
f 1234//1234 1235//1235 1229//1229
f 1234//1234 1229//1229 1232//1232
f 1236//1236 1237//1237 1235//1235
f 1236//1236 1235//1235 1234//1234
f 1238//1238 1237//1237 1236//1236
f 1239//1239 1237//1237 1238//1238
f 1240//1240 1237//1237 1239//1239
f 1241//1241 1237//1237 1240//1240
f 1217//1217 1237//1237 1241//1241
f 1213//1213 1237//1237 1217//1217
f 1242//1242 1213//1213 1243//1243
f 1244//1244 1243//1243 1213//1213
f 1214//1214 1213//1213 1242//1242
f 1219//1219 1244//1244 1213//1213
f 1219//1219 1213//1213 1217//1217
f 1213//1213 1212//1212 133//133
f 133//133 1212//1212 131//131
f 131//131 1222//1222 146//146
f 1212//1212 1222//1222 131//131
f 146//146 1230//1230 155//155
f 1222//1222 1230//1230 146//146
f 155//155 1226//1226 167//167
f 1230//1230 1226//1226 155//155
f 167//167 1225//1225 174//174
f 1226//1226 1225//1225 167//167
f 174//174 1227//1227 181//181
f 1225//1225 1227//1227 174//174
f 181//181 1228//1228 200//200
f 1227//1227 1228//1228 181//181
f 200//200 904//904 199//199
f 1228//1228 904//904 200//200
f 840//840 1218//1218 223//223
f 223//223 1218//1218 224//224
f 224//224 1216//1216 225//225
f 1218//1218 1216//1216 224//224
f 225//225 1215//1215 231//231
f 1216//1216 1215//1215 225//225
f 231//231 1221//1221 228//228
f 1215//1215 1221//1221 231//231
f 228//228 1223//1223 226//226
f 1221//1221 1223//1223 228//228
f 226//226 1229//1229 232//232
f 1223//1223 1229//1229 226//226
f 232//232 1235//1235 235//235
f 1229//1229 1235//1235 232//232
f 235//235 1237//1237 238//238
f 1235//1235 1237//1237 235//235
f 1213//1213 133//133 1237//1237
f 1237//1237 133//133 238//238
f 1048//1048 917//917 919//919
f 1245//1245 919//919 920//920
f 1245//1245 1048//1048 919//919
f 1246//1246 920//920 921//921
f 1246//1246 1245//1245 920//920
f 1247//1247 921//921 1248//1248
f 1247//1247 1246//1246 921//921
f 1249//1249 1248//1248 690//690
f 1249//1249 1247//1247 1248//1248
f 1250//1250 1249//1249 690//690
f 692//692 1250//1250 690//690
f 1251//1251 1252//1252 1253//1253
f 1251//1251 1253//1253 1254//1254
f 1255//1255 1254//1254 1256//1256
f 1257//1257 1254//1254 1255//1255
f 1257//1257 1251//1251 1254//1254
f 1257//1257 1255//1255 1256//1256
f 1258//1258 1259//1259 696//696
f 1258//1258 1256//1256 1259//1259
f 1260//1260 1258//1258 696//696
f 1260//1260 1256//1256 1258//1258
f 1261//1261 696//696 698//698
f 1261//1261 698//698 1262//1262
f 1261//1261 1260//1260 696//696
f 1261//1261 1257//1257 1256//1256
f 1261//1261 1256//1256 1260//1260
f 1263//1263 1106//1106 1252//1252
f 1263//1263 872//872 1106//1106
f 1263//1263 1252//1252 1251//1251
f 1264//1264 873//873 872//872
f 1264//1264 875//875 873//873
f 1264//1264 872//872 1263//1263
f 1265//1265 876//876 875//875
f 1265//1265 1263//1263 1251//1251
f 1265//1265 875//875 1264//1264
f 1265//1265 1264//1264 1263//1263
f 1266//1266 876//876 1265//1265
f 1266//1266 1251//1251 1257//1257
f 1266//1266 1265//1265 1251//1251
f 1267//1267 1262//1262 876//876
f 1267//1267 1257//1257 1261//1261
f 1267//1267 1261//1261 1262//1262
f 1267//1267 1266//1266 1257//1257
f 1267//1267 876//876 1266//1266
f 1268//1268 878//878 1269//1269
f 1270//1270 878//878 1268//1268
f 1271//1271 881//881 878//878
f 1271//1271 1270//1270 881//881
f 1271//1271 878//878 1270//1270
f 1272//1272 1269//1269 1273//1273
f 1272//1272 1268//1268 1269//1269
f 1274//1274 882//882 881//881
f 1274//1274 883//883 882//882
f 1274//1274 881//881 1270//1270
f 1274//1274 1270//1270 1268//1268
f 1274//1274 1268//1268 1272//1272
f 1275//1275 1273//1273 1276//1276
f 1275//1275 1272//1272 1273//1273
f 1277//1277 865//865 883//883
f 1277//1277 1275//1275 865//865
f 1277//1277 883//883 1274//1274
f 1277//1277 1274//1274 1272//1272
f 1277//1277 1272//1272 1275//1275
f 1278//1278 866//866 865//865
f 1278//1278 1275//1275 1276//1276
f 1278//1278 865//865 1275//1275
f 1278//1278 1276//1276 1279//1279
f 1280//1280 868//868 866//866
f 1280//1280 1281//1281 868//868
f 1280//1280 1279//1279 1281//1281
f 1280//1280 866//866 1278//1278
f 1280//1280 1278//1278 1279//1279
f 1282//1282 884//884 1283//1283
f 1282//1282 1283//1283 1284//1284
f 1285//1285 885//885 884//884
f 1285//1285 884//884 1282//1282
f 1286//1286 1282//1282 1284//1284
f 1269//1269 878//878 885//885
f 1269//1269 885//885 1285//1285
f 1287//1287 1285//1285 1282//1282
f 1287//1287 1282//1282 1286//1286
f 1288//1288 1284//1284 1289//1289
f 1288//1288 1286//1286 1284//1284
f 1290//1290 1287//1287 1286//1286
f 1290//1290 1286//1286 1288//1288
f 1273//1273 1285//1285 1287//1287
f 1273//1273 1269//1269 1285//1285
f 1291//1291 1289//1289 1292//1292
f 1291//1291 1288//1288 1289//1289
f 1291//1291 1290//1290 1288//1288
f 1276//1276 1273//1273 1287//1287
f 1276//1276 1287//1287 1290//1290
f 1279//1279 1290//1290 1291//1291
f 1279//1279 1276//1276 1290//1290
f 1293//1293 1292//1292 1294//1294
f 1293//1293 1291//1291 1292//1292
f 1281//1281 1279//1279 1291//1291
f 1281//1281 1291//1291 1293//1293
f 1295//1295 869//869 868//868
f 1295//1295 1294//1294 1103//1103
f 1295//1295 1103//1103 1102//1102
f 1295//1295 1102//1102 869//869
f 1295//1295 1293//1293 1294//1294
f 1295//1295 868//868 1281//1281
f 1295//1295 1281//1281 1293//1293
f 864//864 863//863 910//910
f 1296//1296 864//864 910//910
f 1297//1297 910//910 909//909
f 1297//1297 1296//1296 910//910
f 1298//1298 909//909 907//907
f 1298//1298 1297//1297 909//909
f 1299//1299 907//907 906//906
f 1299//1299 906//906 915//915
f 1299//1299 1298//1298 907//907
f 1300//1300 915//915 914//914
f 1300//1300 1299//1299 915//915
f 1045//1045 914//914 912//912
f 1045//1045 1300//1300 914//914
f 1044//1044 1300//1300 1045//1045
f 841//841 222//222 1046//1046
f 1046//1046 221//221 1043//1043
f 222//222 221//221 1046//1046
f 1043//1043 219//219 1044//1044
f 221//221 219//219 1043//1043
f 1044//1044 217//217 1300//1300
f 1300//1300 217//217 1299//1299
f 219//219 217//217 1044//1044
f 1299//1299 214//214 1298//1298
f 217//217 214//214 1299//1299
f 1298//1298 212//212 1297//1297
f 1297//1297 212//212 1296//1296
f 214//214 212//212 1298//1298
f 1296//1296 210//210 864//864
f 212//212 210//210 1296//1296
f 913//913 915//915 906//906
f 972//972 913//913 906//906
f 973//973 972//972 906//906
f 908//908 973//973 906//906
f 274//274 1283//1283 884//884
f 1283//1283 278//278 1284//1284
f 274//274 278//278 1283//1283
f 1284//1284 284//284 1289//1289
f 278//278 284//284 1284//1284
f 1289//1289 291//291 1292//1292
f 1292//1292 291//291 1294//1294
f 284//284 291//291 1289//1289
f 1103//1103 293//293 1101//1101
f 1294//1294 293//293 1103//1103
f 291//291 293//293 1294//1294
f 1101//1101 295//295 1104//1104
f 293//293 295//295 1101//1101
f 1104//1104 197//197 905//905
f 295//295 197//197 1104//1104
f 1016//1016 880//880 883//883
f 1017//1017 1016//1016 883//883
f 867//867 883//883 865//865
f 867//867 1017//1017 883//883
f 1301//1301 1302//1302 999//999
f 1301//1301 999//999 995//995
f 1303//1303 995//995 997//997
f 1303//1303 1301//1301 995//995
f 1304//1304 997//997 1001//1001
f 1304//1304 1303//1303 997//997
f 1305//1305 1001//1001 1004//1004
f 1305//1305 1304//1304 1001//1001
f 1306//1306 1004//1004 1005//1005
f 1306//1306 1305//1305 1004//1004
f 1307//1307 1005//1005 969//969
f 1307//1307 1306//1306 1005//1005
f 1308//1308 969//969 23//23
f 1308//1308 1307//1307 969//969
f 120//120 1308//1308 23//23
f 1309//1309 8//8 1015//1015
f 1309//1309 61//61 8//8
f 1310//1310 1015//1015 1026//1026
f 1310//1310 1309//1309 1015//1015
f 1311//1311 1026//1026 1025//1025
f 1311//1311 1310//1310 1026//1026
f 1312//1312 1025//1025 1024//1024
f 1312//1312 1311//1311 1025//1025
f 1313//1313 1024//1024 1027//1027
f 1313//1313 1312//1312 1024//1024
f 1314//1314 1027//1027 1028//1028
f 1314//1314 1313//1313 1027//1027
f 1315//1315 1314//1314 1028//1028
f 1316//1316 1028//1028 1031//1031
f 1316//1316 1315//1315 1028//1028
f 1317//1317 1318//1318 1319//1319
f 1317//1317 1320//1320 1318//1318
f 1321//1321 1322//1322 1323//1323
f 1324//1324 1325//1325 1326//1326
f 1327//1327 1328//1328 1325//1325
f 1329//1329 1321//1321 1323//1323
f 1327//1327 1325//1325 1324//1324
f 1330//1330 1326//1326 1331//1331
f 1330//1330 1324//1324 1326//1326
f 1332//1332 1321//1321 1329//1329
f 1333//1333 1319//1319 1334//1334
f 1333//1333 1317//1317 1319//1319
f 1335//1335 1336//1336 1328//1328
f 1335//1335 1328//1328 1327//1327
f 1337//1337 1331//1331 1338//1338
f 1337//1337 1330//1330 1331//1331
f 1339//1339 1340//1340 1332//1332
f 1339//1339 1332//1332 1329//1329
f 1341//1341 1336//1336 1335//1335
f 1342//1342 1336//1336 1341//1341
f 1343//1343 1338//1338 1344//1344
f 1343//1343 1337//1337 1338//1338
f 1345//1345 1334//1334 1346//1346
f 1345//1345 1333//1333 1334//1334
f 1347//1347 1342//1342 1341//1341
f 1348//1348 1344//1344 1349//1349
f 1350//1350 1351//1351 1340//1340
f 1350//1350 1340//1340 1339//1339
f 1348//1348 1343//1343 1344//1344
f 1352//1352 1346//1346 1353//1353
f 1354//1354 1342//1342 1347//1347
f 1352//1352 1345//1345 1346//1346
f 1355//1355 1356//1356 1351//1351
f 1355//1355 1351//1351 1350//1350
f 1357//1357 1354//1354 1347//1347
f 1358//1358 1353//1353 1356//1356
f 1358//1358 1352//1352 1353//1353
f 1358//1358 1356//1356 1355//1355
f 1359//1359 1349//1349 1360//1360
f 1359//1359 1348//1348 1349//1349
f 1361//1361 1354//1354 1357//1357
f 1362//1362 1361//1361 1357//1357
f 1363//1363 1360//1360 1364//1364
f 1363//1363 1359//1359 1360//1360
f 1365//1365 1361//1361 1362//1362
f 1365//1365 1362//1362 1366//1366
f 1367//1367 1363//1363 1364//1364
f 1368//1368 1367//1367 1364//1364
f 1320//1320 1366//1366 1318//1318
f 1320//1320 1365//1365 1366//1366
f 1322//1322 1367//1367 1368//1368
f 1323//1323 1322//1322 1368//1368
f 1354//1354 196//196 1342//1342
f 195//195 196//196 1354//1354
f 1342//1342 183//183 1336//1336
f 196//196 183//183 1342//1342
f 1336//1336 179//179 1328//1328
f 1344//1344 143//143 1349//1349
f 183//183 179//179 1336//1336
f 136//136 143//143 1344//1344
f 1328//1328 171//171 1325//1325
f 1349//1349 298//298 1360//1360
f 179//179 171//171 1328//1328
f 143//143 298//298 1349//1349
f 1325//1325 165//165 1326//1326
f 171//171 165//165 1325//1325
f 1360//1360 297//297 1364//1364
f 298//298 297//297 1360//1360
f 1326//1326 159//159 1331//1331
f 165//165 159//159 1326//1326
f 1364//1364 296//296 1368//1368
f 297//297 296//296 1364//1364
f 1331//1331 148//148 1338//1338
f 159//159 148//148 1331//1331
f 1368//1368 134//134 1323//1323
f 296//296 134//134 1368//1368
f 1338//1338 136//136 1344//1344
f 148//148 136//136 1338//1338
f 1323//1323 132//132 1329//1329
f 134//134 132//132 1323//1323
f 1329//1329 147//147 1339//1339
f 132//132 147//147 1329//1329
f 1339//1339 156//156 1350//1350
f 147//147 156//156 1339//1339
f 1350//1350 162//162 1355//1355
f 156//156 162//162 1350//1350
f 1355//1355 168//168 1358//1358
f 162//162 168//168 1355//1355
f 168//168 175//175 1358//1358
f 1358//1358 175//175 1352//1352
f 175//175 182//182 1352//1352
f 1352//1352 182//182 1345//1345
f 182//182 190//190 1345//1345
f 1345//1345 190//190 1333//1333
f 190//190 191//191 1333//1333
f 1333//1333 191//191 1317//1317
f 1317//1317 192//192 1320//1320
f 191//191 192//192 1317//1317
f 1320//1320 193//193 1365//1365
f 192//192 193//193 1320//1320
f 1365//1365 194//194 1361//1361
f 193//193 194//194 1365//1365
f 1361//1361 195//195 1354//1354
f 194//194 195//195 1361//1361
f 1369//1369 184//184 1370//1370
f 173//173 184//184 1369//1369
f 1370//1370 203//203 1371//1371
f 184//184 203//203 1370//1370
f 1371//1371 248//248 1372//1372
f 1373//1373 234//234 1374//1374
f 203//203 248//248 1371//1371
f 237//237 234//234 1373//1373
f 1372//1372 246//246 1375//1375
f 1374//1374 230//230 1376//1376
f 248//248 246//246 1372//1372
f 234//234 230//230 1374//1374
f 1375//1375 244//244 1377//1377
f 246//246 244//244 1375//1375
f 1376//1376 227//227 1378//1378
f 230//230 227//227 1376//1376
f 1377//1377 242//242 1379//1379
f 244//244 242//242 1377//1377
f 1378//1378 229//229 1380//1380
f 227//227 229//229 1378//1378
f 1379//1379 240//240 1381//1381
f 242//242 240//240 1379//1379
f 1380//1380 233//233 1382//1382
f 229//229 233//233 1380//1380
f 1381//1381 237//237 1373//1373
f 240//240 237//237 1381//1381
f 1382//1382 236//236 1383//1383
f 233//233 236//236 1382//1382
f 1383//1383 239//239 1384//1384
f 236//236 239//239 1383//1383
f 1384//1384 241//241 1385//1385
f 239//239 241//241 1384//1384
f 1385//1385 243//243 1386//1386
f 241//241 243//243 1385//1385
f 1386//1386 245//245 1387//1387
f 243//243 245//245 1386//1386
f 245//245 247//247 1387//1387
f 1387//1387 247//247 1388//1388
f 247//247 135//135 1388//1388
f 1388//1388 135//135 1389//1389
f 135//135 137//137 1389//1389
f 1389//1389 137//137 1390//1390
f 137//137 149//149 1390//1390
f 1390//1390 149//149 1391//1391
f 1391//1391 150//150 1392//1392
f 149//149 150//150 1391//1391
f 1392//1392 160//160 1393//1393
f 150//150 160//160 1392//1392
f 1393//1393 172//172 1394//1394
f 160//160 172//172 1393//1393
f 1394//1394 173//173 1369//1369
f 172//172 173//173 1394//1394
f 1395//1395 1392//1392 1396//1396
f 1391//1391 1392//1392 1395//1395
f 1397//1397 1377//1377 1379//1379
f 1398//1398 1391//1391 1395//1395
f 1383//1383 1399//1399 1400//1400
f 1383//1383 1400//1400 1382//1382
f 1401//1401 1375//1375 1377//1377
f 1401//1401 1377//1377 1397//1397
f 1402//1402 1379//1379 1381//1381
f 1402//1402 1397//1397 1379//1379
f 1390//1390 1391//1391 1398//1398
f 1403//1403 1390//1390 1398//1398
f 1404//1404 1372//1372 1375//1375
f 1404//1404 1375//1375 1401//1401
f 1384//1384 1405//1405 1399//1399
f 1406//1406 1402//1402 1381//1381
f 1384//1384 1399//1399 1383//1383
f 1373//1373 1406//1406 1381//1381
f 1407//1407 1371//1371 1372//1372
f 1407//1407 1372//1372 1404//1404
f 1389//1389 1403//1403 1408//1408
f 1389//1389 1390//1390 1403//1403
f 1409//1409 1406//1406 1373//1373
f 1385//1385 1410//1410 1405//1405
f 1411//1411 1370//1370 1371//1371
f 1385//1385 1405//1405 1384//1384
f 1411//1411 1371//1371 1407//1407
f 1388//1388 1408//1408 1412//1412
f 1374//1374 1409//1409 1373//1373
f 1388//1388 1389//1389 1408//1408
f 1386//1386 1413//1413 1410//1410
f 1386//1386 1410//1410 1385//1385
f 1414//1414 1409//1409 1374//1374
f 1387//1387 1412//1412 1413//1413
f 1387//1387 1388//1388 1412//1412
f 1387//1387 1413//1413 1386//1386
f 1415//1415 1369//1369 1370//1370
f 1415//1415 1370//1370 1411//1411
f 1376//1376 1414//1414 1374//1374
f 1416//1416 1414//1414 1376//1376
f 1417//1417 1394//1394 1369//1369
f 1417//1417 1369//1369 1415//1415
f 1378//1378 1416//1416 1376//1376
f 1418//1418 1416//1416 1378//1378
f 1419//1419 1394//1394 1417//1417
f 1393//1393 1394//1394 1419//1419
f 1380//1380 1420//1420 1418//1418
f 1380//1380 1418//1418 1378//1378
f 1396//1396 1393//1393 1419//1419
f 1392//1392 1393//1393 1396//1396
f 1382//1382 1420//1420 1380//1380
f 1382//1382 1400//1400 1420//1420
f 1421//1421 1422//1422 806//806
f 1421//1421 806//806 810//810
f 1423//1423 835//835 1424//1424
f 1423//1423 833//833 835//835
f 808//808 1425//1425 1426//1426
f 804//804 1426//1426 1427//1427
f 804//804 808//808 1426//1426
f 812//812 1428//1428 1425//1425
f 1429//1429 1421//1421 810//810
f 1429//1429 810//810 816//816
f 812//812 1425//1425 808//808
f 800//800 1427//1427 1430//1430
f 800//800 804//804 1427//1427
f 814//814 1431//1431 1428//1428
f 1432//1432 830//830 833//833
f 1432//1432 833//833 1423//1423
f 814//814 1428//1428 812//812
f 796//796 1430//1430 1433//1433
f 796//796 800//800 1430//1430
f 1434//1434 1429//1429 816//816
f 1434//1434 816//816 818//818
f 793//793 1435//1435 1431//1431
f 1436//1436 830//830 1432//1432
f 1436//1436 828//828 830//830
f 793//793 1431//1431 814//814
f 791//791 1433//1433 1437//1437
f 1438//1438 1434//1434 818//818
f 1438//1438 818//818 820//820
f 791//791 796//796 1433//1433
f 1439//1439 828//828 1436//1436
f 1439//1439 826//826 828//828
f 795//795 1440//1440 1435//1435
f 1441//1441 820//820 822//822
f 795//795 1435//1435 793//793
f 1441//1441 1438//1438 820//820
f 790//790 1437//1437 1442//1442
f 1443//1443 824//824 826//826
f 1443//1443 826//826 1439//1439
f 790//790 791//791 1437//1437
f 1444//1444 824//824 1443//1443
f 1444//1444 822//822 824//824
f 1444//1444 1441//1441 822//822
f 799//799 1445//1445 1440//1440
f 799//799 1440//1440 795//795
f 839//839 790//790 1442//1442
f 1446//1446 839//839 1442//1442
f 802//802 1445//1445 799//799
f 837//837 839//839 1446//1446
f 1422//1422 1445//1445 802//802
f 806//806 1422//1422 802//802
f 1424//1424 835//835 837//837
f 1424//1424 837//837 1446//1446
f 1440//1440 286//286 1435//1435
f 292//292 286//286 1440//1440
f 1435//1435 285//285 1431//1431
f 286//286 285//285 1435//1435
f 1431//1431 281//281 1428//1428
f 1433//1433 258//258 1437//1437
f 285//285 281//281 1431//1431
f 262//262 258//258 1433//1433
f 1428//1428 277//277 1425//1425
f 1437//1437 254//254 1442//1442
f 281//281 277//277 1428//1428
f 258//258 254//254 1437//1437
f 1425//1425 273//273 1426//1426
f 277//277 273//273 1425//1425
f 1442//1442 250//250 1446//1446
f 254//254 250//250 1442//1442
f 1426//1426 269//269 1427//1427
f 273//273 269//269 1426//1426
f 1446//1446 252//252 1424//1424
f 250//250 252//252 1446//1446
f 1427//1427 266//266 1430//1430
f 269//269 266//266 1427//1427
f 1424//1424 256//256 1423//1423
f 252//252 256//256 1424//1424
f 1430//1430 262//262 1433//1433
f 266//266 262//262 1430//1430
f 1423//1423 260//260 1432//1432
f 256//256 260//260 1423//1423
f 1432//1432 264//264 1436//1436
f 260//260 264//264 1432//1432
f 1436//1436 268//268 1439//1439
f 264//264 268//268 1436//1436
f 1439//1439 272//272 1443//1443
f 268//268 272//272 1439//1439
f 1443//1443 276//276 1444//1444
f 272//272 276//276 1443//1443
f 276//276 280//280 1444//1444
f 1444//1444 280//280 1441//1441
f 280//280 283//283 1441//1441
f 1441//1441 283//283 1438//1438
f 283//283 287//287 1438//1438
f 1438//1438 287//287 1434//1434
f 287//287 288//288 1434//1434
f 1434//1434 288//288 1429//1429
f 1429//1429 289//289 1421//1421
f 288//288 289//289 1429//1429
f 1421//1421 290//290 1422//1422
f 289//289 290//290 1421//1421
f 1422//1422 294//294 1445//1445
f 290//290 294//294 1422//1422
f 1445//1445 292//292 1440//1440
f 294//294 292//292 1445//1445
f 1447//1447 1448//1448 754//754
f 1447//1447 754//754 758//758
f 1449//1449 783//783 1450//1450
f 1449//1449 781//781 783//783
f 756//756 1451//1451 1452//1452
f 752//752 1452//1452 1453//1453
f 752//752 756//756 1452//1452
f 760//760 1454//1454 1451//1451
f 1455//1455 1447//1447 758//758
f 1455//1455 758//758 764//764
f 760//760 1451//1451 756//756
f 748//748 1453//1453 1456//1456
f 748//748 752//752 1453//1453
f 762//762 1457//1457 1454//1454
f 1458//1458 778//778 781//781
f 1458//1458 781//781 1449//1449
f 762//762 1454//1454 760//760
f 744//744 1456//1456 1459//1459
f 744//744 748//748 1456//1456
f 1460//1460 1455//1455 764//764
f 1460//1460 764//764 766//766
f 741//741 1461//1461 1457//1457
f 1462//1462 778//778 1458//1458
f 1462//1462 776//776 778//778
f 741//741 1457//1457 762//762
f 739//739 1459//1459 1463//1463
f 1464//1464 1460//1460 766//766
f 1464//1464 766//766 768//768
f 739//739 744//744 1459//1459
f 1465//1465 776//776 1462//1462
f 1465//1465 774//774 776//776
f 743//743 1466//1466 1461//1461
f 1467//1467 768//768 770//770
f 743//743 1461//1461 741//741
f 1467//1467 1464//1464 768//768
f 738//738 1463//1463 1468//1468
f 1469//1469 772//772 774//774
f 1469//1469 774//774 1465//1465
f 738//738 739//739 1463//1463
f 1470//1470 772//772 1469//1469
f 1470//1470 770//770 772//772
f 1470//1470 1467//1467 770//770
f 747//747 1471//1471 1466//1466
f 747//747 1466//1466 743//743
f 787//787 738//738 1468//1468
f 1472//1472 787//787 1468//1468
f 750//750 1471//1471 747//747
f 785//785 787//787 1472//1472
f 1448//1448 1471//1471 750//750
f 754//754 1448//1448 750//750
f 1450//1450 783//783 785//785
f 1450//1450 785//785 1472//1472
f 1466//1466 215//215 1461//1461
f 213//213 215//215 1466//1466
f 1461//1461 216//216 1457//1457
f 215//215 216//216 1461//1461
f 1457//1457 218//218 1454//1454
f 1459//1459 153//153 1463//1463
f 216//216 218//218 1457//1457
f 161//161 153//153 1459//1459
f 1454//1454 220//220 1451//1451
f 1463//1463 144//144 1468//1468
f 218//218 220//220 1454//1454
f 153//153 144//144 1463//1463
f 1451//1451 180//180 1452//1452
f 220//220 180//180 1451//1451
f 1468//1468 139//139 1472//1472
f 144//144 139//139 1468//1468
f 1452//1452 176//176 1453//1453
f 180//180 176//176 1452//1452
f 1472//1472 142//142 1450//1450
f 139//139 142//142 1472//1472
f 1453//1453 166//166 1456//1456
f 176//176 166//166 1453//1453
f 1450//1450 152//152 1449//1449
f 142//142 152//152 1450//1450
f 1456//1456 161//161 1459//1459
f 166//166 161//161 1456//1456
f 1449//1449 158//158 1458//1458
f 152//152 158//158 1449//1449
f 1458//1458 164//164 1462//1462
f 158//158 164//164 1458//1458
f 1462//1462 169//169 1465//1465
f 164//164 169//169 1462//1462
f 1465//1465 177//177 1469//1469
f 169//169 177//177 1465//1465
f 1469//1469 185//185 1470//1470
f 177//177 185//185 1469//1469
f 185//185 187//187 1470//1470
f 1470//1470 187//187 1467//1467
f 187//187 189//189 1467//1467
f 1467//1467 189//189 1464//1464
f 189//189 201//201 1464//1464
f 1464//1464 201//201 1460//1460
f 201//201 205//205 1460//1460
f 1460//1460 205//205 1455//1455
f 1455//1455 207//207 1447//1447
f 205//205 207//207 1455//1455
f 1447//1447 209//209 1448//1448
f 207//207 209//209 1447//1447
f 1448//1448 211//211 1471//1471
f 209//209 211//211 1448//1448
f 1471//1471 213//213 1466//1466
f 211//211 213//213 1471//1471
f 477//477 435//435 440//440
f 477//477 427//427 435//435
f 479//479 428//428 477//477
f 477//477 428//428 427//427
f 479//479 568//568 428//428
f 569//569 389//389 568//568
f 568//568 389//389 428//428
f 569//569 379//379 389//389
f 569//569 369//369 379//379
f 569//569 370//370 369//369
f 492//492 480//480 484//484
f 492//492 488//488 490//490
f 492//492 479//479 480//480
f 564//564 560//560 562//562
f 494//494 479//479 492//492
f 534//534 1473//1473 1474//1474
f 558//558 560//560 564//564
f 548//548 1475//1475 1476//1476
f 534//534 536//536 1473//1473
f 566//566 558//558 564//564
f 548//548 550//550 1475//1475
f 504//504 479//479 494//494
f 554//554 558//558 566//566
f 504//504 1477//1477 479//479
f 532//532 1474//1474 1478//1478
f 554//554 566//566 568//568
f 554//554 556//556 558//558
f 500//500 1479//1479 1480//1480
f 532//532 534//534 1474//1474
f 524//524 554//554 568//568
f 500//500 502//502 1479//1479
f 508//508 1477//1477 504//504
f 520//520 524//524 568//568
f 498//498 1480//1480 1481//1481
f 508//508 1482//1482 1477//1477
f 529//529 532//532 1478//1478
f 498//498 500//500 1480//1480
f 529//529 1478//1478 1483//1483
f 552//552 1481//1481 1484//1484
f 552//552 498//498 1481//1481
f 511//511 1485//1485 1482//1482
f 1486//1486 1487//1487 568//568
f 511//511 1482//1482 508//508
f 1488//1488 568//568 1487//1487
f 526//526 529//529 1483//1483
f 526//526 1483//1483 1489//1489
f 545//545 548//548 1476//1476
f 515//515 1490//1490 1485//1485
f 515//515 1485//1485 511//511
f 1491//1491 1492//1492 1493//1493
f 1494//1494 1486//1486 568//568
f 522//522 526//526 1489//1489
f 479//479 1477//1477 1495//1495
f 522//522 1489//1489 1490//1490
f 479//479 1495//1495 1496//1496
f 522//522 1490//1490 515//515
f 1491//1491 1497//1497 1492//1492
f 1498//1498 568//568 1488//1488
f 479//479 1496//1496 1499//1499
f 479//479 1499//1499 1500//1500
f 479//479 1500//1500 1501//1501
f 479//479 1501//1501 1502//1502
f 479//479 1502//1502 1503//1503
f 1504//1504 1505//1505 1492//1492
f 479//479 1506//1506 568//568
f 1507//1507 1494//1494 568//568
f 1504//1504 1492//1492 1497//1497
f 479//479 1503//1503 1506//1506
f 1508//1508 1493//1493 1509//1509
f 1510//1510 520//520 568//568
f 543//543 545//545 1476//1476
f 1510//1510 568//568 1498//1498
f 543//543 1476//1476 1511//1511
f 1508//1508 1491//1491 1493//1493
f 1510//1510 517//517 520//520
f 1512//1512 1513//1513 1505//1505
f 1506//1506 1507//1507 568//568
f 1512//1512 1505//1505 1504//1504
f 1503//1503 1509//1509 1506//1506
f 1514//1514 517//517 1510//1510
f 1514//1514 513//513 517//517
f 1503//1503 1508//1508 1509//1509
f 541//541 543//543 1511//1511
f 1515//1515 1516//1516 1513//1513
f 541//541 1511//1511 1517//1517
f 541//541 1517//1517 1518//1518
f 1519//1519 513//513 1514//1514
f 1519//1519 506//506 513//513
f 1515//1515 1513//1513 1512//1512
f 484//484 480//480 482//482
f 1520//1520 506//506 1519//1519
f 1521//1521 1522//1522 1516//1516
f 1521//1521 1516//1516 1515//1515
f 550//550 1484//1484 1475//1475
f 538//538 541//541 1518//1518
f 550//550 552//552 1484//1484
f 502//502 1520//1520 1479//1479
f 502//502 506//506 1520//1520
f 1523//1523 1524//1524 1522//1522
f 488//488 484//484 486//486
f 1523//1523 1522//1522 1521//1521
f 536//536 538//538 1518//1518
f 536//536 1518//1518 1473//1473
f 1517//1517 1511//1511 1524//1524
f 1517//1517 1524//1524 1523//1523
f 492//492 484//484 488//488
f 446//446 436//436 588//588
f 436//436 433//433 588//588
f 588//588 426//426 587//587
f 433//433 426//426 588//588
f 426//426 1525//1525 587//587
f 426//426 924//924 1525//1525
f 924//924 960//960 1525//1525
f 1525//1525 960//960 1526//1526
f 1526//1526 956//956 1527//1527
f 960//960 956//956 1526//1526
f 1527//1527 951//951 1528//1528
f 956//956 951//951 1527//1527
f 1528//1528 949//949 1529//1529
f 951//951 949//949 1528//1528
f 1529//1529 947//947 1530//1530
f 949//949 947//947 1529//1529
f 1530//1530 944//944 1531//1531
f 947//947 944//944 1530//1530
f 1531//1531 943//943 1532//1532
f 944//944 943//943 1531//1531
f 1532//1532 611//611 613//613
f 943//943 611//611 1532//1532
f 943//943 940//940 611//611
f 1527//1527 1528//1528 1533//1533
f 616//616 618//618 620//620
f 613//613 620//620 622//622
f 613//613 614//614 616//616
f 613//613 616//616 620//620
f 626//626 622//622 624//624
f 1526//1526 1527//1527 1533//1533
f 626//626 613//613 622//622
f 591//591 613//613 626//626
f 592//592 613//613 591//591
f 603//603 1534//1534 1535//1535
f 1536//1536 1537//1537 613//613
f 603//603 1535//1535 600//600
f 1538//1538 1532//1532 613//613
f 1538//1538 613//613 1537//1537
f 1525//1525 1533//1533 1539//1539
f 1525//1525 1539//1539 1540//1540
f 1525//1525 1540//1540 1541//1541
f 1525//1525 1541//1541 1542//1542
f 1525//1525 1542//1542 1543//1543
f 1525//1525 1526//1526 1533//1533
f 1544//1544 1536//1536 613//613
f 605//605 1545//1545 1534//1534
f 1546//1546 1532//1532 1538//1538
f 605//605 1534//1534 603//603
f 607//607 1547//1547 1545//1545
f 1548//1548 1544//1544 613//613
f 607//607 1545//1545 605//605
f 1548//1548 592//592 594//594
f 1548//1548 613//613 592//592
f 1549//1549 1532//1532 1546//1546
f 609//609 1547//1547 607//607
f 1550//1550 594//594 596//596
f 1550//1550 1548//1548 594//594
f 1551//1551 1532//1532 1549//1549
f 587//587 1543//1543 1552//1552
f 587//587 1552//1552 1553//1553
f 587//587 1553//1553 1554//1554
f 587//587 1554//1554 1547//1547
f 587//587 609//609 572//572
f 587//587 572//572 573//573
f 587//587 1547//1547 609//609
f 1555//1555 596//596 598//598
f 587//587 1525//1525 1543//1543
f 1555//1555 1550//1550 596//596
f 1556//1556 1532//1532 1551//1551
f 585//585 587//587 573//573
f 1556//1556 1531//1531 1532//1532
f 1556//1556 1530//1530 1531//1531
f 577//577 573//573 575//575
f 1557//1557 1555//1555 598//598
f 1558//1558 1530//1530 1556//1556
f 1558//1558 1529//1529 1530//1530
f 581//581 583//583 585//585
f 600//600 1557//1557 598//598
f 581//581 577//577 579//579
f 581//581 573//573 577//577
f 581//581 585//585 573//573
f 1535//1535 1557//1557 600//600
f 1528//1528 1529//1529 1558//1558
f 1533//1533 1528//1528 1558//1558
f 665//665 1559//1559 664//664
f 942//942 941//941 665//665
f 665//665 941//941 1559//1559
f 941//941 946//946 1559//1559
f 1559//1559 946//946 1560//1560
f 1560//1560 948//948 1561//1561
f 946//946 948//948 1560//1560
f 1561//1561 950//950 1562//1562
f 948//948 950//950 1561//1561
f 1562//1562 952//952 1563//1563
f 950//950 952//952 1562//1562
f 1564//1564 957//957 1565//1565
f 1563//1563 957//957 1564//1564
f 952//952 957//957 1563//1563
f 1565//1565 961//961 1566//1566
f 957//957 961//961 1565//1565
f 961//961 967//967 1566//1566
f 1566//1566 393//393 630//630
f 967//967 393//393 1566//1566
f 630//630 393//393 628//628
f 393//393 385//385 628//628
f 385//385 376//376 628//628
f 376//376 368//368 628//628
f 1564//1564 1567//1567 1568//1568
f 1564//1564 1568//1568 1563//1563
f 662//662 658//658 660//660
f 664//664 656//656 658//658
f 664//664 658//658 662//662
f 650//650 654//654 656//656
f 650//650 652//652 654//654
f 650//650 656//656 664//664
f 1565//1565 1567//1567 1564//1564
f 649//649 650//650 664//664
f 684//684 649//649 664//664
f 1569//1569 664//664 1559//1559
f 1569//1569 1570//1570 664//664
f 673//673 675//675 1571//1571
f 673//673 1571//1571 1572//1572
f 1573//1573 664//664 1570//1570
f 1566//1566 1574//1574 1575//1575
f 1566//1566 1575//1575 1567//1567
f 1576//1576 1569//1569 1559//1559
f 1566//1566 1577//1577 1578//1578
f 1566//1566 1578//1578 1574//1574
f 1566//1566 1567//1567 1565//1565
f 671//671 1572//1572 1579//1579
f 1580//1580 664//664 1573//1573
f 671//671 673//673 1572//1572
f 669//669 1579//1579 1581//1581
f 1582//1582 1576//1576 1559//1559
f 669//669 671//671 1579//1579
f 1583//1583 664//664 1580//1580
f 667//667 669//669 1581//1581
f 1583//1583 682//682 684//684
f 1583//1583 684//684 664//664
f 1584//1584 1582//1582 1559//1559
f 1585//1585 680//680 682//682
f 630//630 1581//1581 1586//1586
f 1585//1585 682//682 1583//1583
f 630//630 1586//1586 1587//1587
f 630//630 1587//1587 1588//1588
f 630//630 1588//1588 1577//1577
f 630//630 1577//1577 1566//1566
f 630//630 645//645 667//667
f 630//630 667//667 1581//1581
f 641//641 643//643 645//645
f 1589//1589 1584//1584 1559//1559
f 631//631 645//645 630//630
f 1590//1590 678//678 680//680
f 639//639 641//641 645//645
f 1590//1590 680//680 1585//1585
f 633//633 645//645 631//631
f 637//637 639//639 645//645
f 1591//1591 1589//1589 1559//1559
f 1591//1591 1560//1560 1561//1561
f 1591//1591 1559//1559 1560//1560
f 635//635 637//637 645//645
f 635//635 645//645 633//633
f 1562//1562 1591//1591 1561//1561
f 1592//1592 678//678 1590//1590
f 675//675 678//678 1592//1592
f 1568//1568 1591//1591 1562//1562
f 1563//1563 1568//1568 1562//1562
f 1571//1571 675//675 1592//1592
f 730//730 108//108 107//107
f 730//730 729//729 108//108
f 732//732 107//107 105//105
f 732//732 730//730 107//107
f 1248//1248 921//921 918//918
f 1248//1248 918//918 1593//1593
f 1594//1594 105//105 99//99
f 1595//1595 1594//1594 99//99
f 1596//1596 1595//1595 99//99
f 690//690 1248//1248 1593//1593
f 690//690 1593//1593 1597//1597
f 690//690 1597//1597 1302//1302
f 1598//1598 105//105 1594//1594
f 1599//1599 105//105 1598//1598
f 1600//1600 1596//1596 99//99
f 691//691 690//690 1302//1302
f 691//691 1301//1301 1303//1303
f 691//691 1302//1302 1301//1301
f 1601//1601 105//105 1599//1599
f 1602//1602 1600//1600 99//99
f 699//699 691//691 1303//1303
f 699//699 1303//1303 1304//1304
f 1603//1603 1602//1602 99//99
f 704//704 699//699 1304//1304
f 704//704 1304//1304 1305//1305
f 1604//1604 105//105 1601//1601
f 708//708 704//704 1305//1305
f 708//708 1306//1306 1307//1307
f 708//708 1305//1305 1306//1306
f 1605//1605 105//105 1604//1604
f 1606//1606 1603//1603 99//99
f 712//712 708//708 1307//1307
f 712//712 1307//1307 1308//1308
f 716//716 712//712 1308//1308
f 716//716 1308//1308 120//120
f 1607//1607 105//105 1605//1605
f 1608//1608 1606//1606 99//99
f 719//719 120//120 117//117
f 1609//1609 1608//1608 99//99
f 719//719 716//716 120//120
f 1610//1610 1611//1611 115//115
f 1612//1612 115//115 1611//1611
f 1613//1613 1610//1610 115//115
f 1614//1614 115//115 1612//1612
f 1615//1615 115//115 1614//1614
f 1616//1616 1609//1609 99//99
f 1617//1617 1613//1613 115//115
f 1618//1618 1616//1616 99//99
f 1619//1619 1617//1617 115//115
f 1620//1620 1619//1619 115//115
f 1621//1621 1618//1618 99//99
f 1622//1622 115//115 1615//1615
f 734//734 1623//1623 1624//1624
f 734//734 1625//1625 1623//1623
f 734//734 1607//1607 1625//1625
f 734//734 732//732 105//105
f 734//734 105//105 1607//1607
f 1626//1626 734//734 1624//1624
f 1627//1627 115//115 1622//1622
f 1628//1628 1620//1620 115//115
f 1629//1629 117//117 115//115
f 1630//1630 734//734 1626//1626
f 1629//1629 115//115 1627//1627
f 1631//1631 1628//1628 115//115
f 1632//1632 1621//1621 99//99
f 1633//1633 1632//1632 99//99
f 1634//1634 734//734 1630//1630
f 1635//1635 1631//1631 115//115
f 1636//1636 1633//1633 99//99
f 1637//1637 1635//1635 115//115
f 1638//1638 1637//1637 115//115
f 1639//1639 1636//1636 99//99
f 1640//1640 1638//1638 115//115
f 1641//1641 1639//1639 99//99
f 1642//1642 1641//1641 99//99
f 114//114 1640//1640 115//115
f 1643//1643 1640//1640 114//114
f 1644//1644 1642//1642 99//99
f 1645//1645 1643//1643 114//114
f 1646//1646 1645//1645 114//114
f 1647//1647 1644//1644 99//99
f 1648//1648 1647//1647 99//99
f 1649//1649 1648//1648 99//99
f 1650//1650 1646//1646 114//114
f 1651//1651 1650//1650 114//114
f 1652//1652 1651//1651 114//114
f 1653//1653 1649//1649 99//99
f 1654//1654 1652//1652 114//114
f 1655//1655 1654//1654 114//114
f 1656//1656 1655//1655 114//114
f 1657//1657 1656//1656 114//114
f 1658//1658 1657//1657 114//114
f 89//89 1659//1659 1660//1660
f 89//89 1653//1653 99//99
f 89//89 1661//1661 1653//1653
f 89//89 1662//1662 1661//1661
f 89//89 1663//1663 1662//1662
f 89//89 1660//1660 1663//1663
f 1664//1664 1659//1659 89//89
f 1665//1665 1658//1658 114//114
f 1666//1666 1664//1664 89//89
f 1667//1667 1665//1665 114//114
f 1668//1668 1666//1666 89//89
f 721//721 1669//1669 1670//1670
f 721//721 117//117 1629//1629
f 721//721 1671//1671 1669//1669
f 721//721 1672//1672 1671//1671
f 721//721 1673//1673 1672//1672
f 721//721 1674//1674 1673//1673
f 721//721 1675//1675 1674//1674
f 721//721 1676//1676 1675//1675
f 721//721 1677//1677 1676//1676
f 721//721 1678//1678 1677//1677
f 721//721 1679//1679 1678//1678
f 721//721 1680//1680 1679//1679
f 721//721 1681//1681 1680//1680
f 721//721 1682//1682 1681//1681
f 721//721 1629//1629 1682//1682
f 1683//1683 1668//1668 89//89
f 721//721 719//719 117//117
f 1684//1684 1667//1667 114//114
f 1685//1685 1683//1683 89//89
f 1686//1686 1684//1684 114//114
f 1687//1687 1686//1686 114//114
f 1688//1688 1685//1685 89//89
f 1689//1689 1687//1687 114//114
f 1690//1690 1688//1688 89//89
f 1691//1691 1689//1689 114//114
f 1692//1692 1690//1690 89//89
f 1693//1693 1691//1691 114//114
f 1694//1694 1692//1692 89//89
f 1695//1695 1693//1693 114//114
f 1696//1696 1695//1695 114//114
f 1697//1697 1694//1694 89//89
f 1698//1698 1697//1697 89//89
f 1699//1699 1698//1698 89//89
f 689//689 734//734 1634//1634
f 689//689 1700//1700 1701//1701
f 689//689 1702//1702 1700//1700
f 689//689 1703//1703 1702//1702
f 689//689 1704//1704 1703//1703
f 689//689 1705//1705 1704//1704
f 689//689 1706//1706 1705//1705
f 689//689 1707//1707 1706//1706
f 689//689 1708//1708 1707//1707
f 689//689 1709//1709 1708//1708
f 689//689 1710//1710 1709//1709
f 689//689 1711//1711 1710//1710
f 689//689 1712//1712 1711//1711
f 689//689 1713//1713 1712//1712
f 689//689 1714//1714 1713//1713
f 689//689 1715//1715 1714//1714
f 689//689 1716//1716 1715//1715
f 689//689 1717//1717 1716//1716
f 689//689 1718//1718 1717//1717
f 689//689 1634//1634 1718//1718
f 73//73 1699//1699 89//89
f 687//687 689//689 1701//1701
f 687//687 1719//1719 1699//1699
f 687//687 1720//1720 1719//1719
f 687//687 1721//1721 1720//1720
f 687//687 1722//1722 1721//1721
f 687//687 1723//1723 1722//1722
f 687//687 1724//1724 1723//1723
f 687//687 1725//1725 1724//1724
f 687//687 1726//1726 1725//1725
f 687//687 1727//1727 1726//1726
f 687//687 1728//1728 1727//1727
f 687//687 1729//1729 1728//1728
f 687//687 1730//1730 1729//1729
f 687//687 1731//1731 1730//1730
f 687//687 1732//1732 1731//1731
f 687//687 1701//1701 1732//1732
f 687//687 1699//1699 73//73
f 693//693 687//687 73//73
f 693//693 73//73 61//61
f 702//702 61//61 1309//1309
f 702//702 693//693 61//61
f 709//709 1310//1310 1311//1311
f 709//709 1309//1309 1310//1310
f 709//709 702//702 1309//1309
f 112//112 1696//1696 114//114
f 717//717 1311//1311 1312//1312
f 717//717 709//709 1311//1311
f 112//112 1733//1733 1696//1696
f 112//112 1734//1734 1733//1733
f 112//112 1735//1735 1734//1734
f 112//112 1736//1736 1735//1735
f 112//112 1737//1737 1736//1736
f 714//714 1312//1312 1313//1313
f 112//112 1738//1738 1737//1737
f 112//112 1739//1739 1738//1738
f 714//714 717//717 1312//1312
f 707//707 1313//1313 1314//1314
f 723//723 1740//1740 1741//1741
f 707//707 714//714 1313//1313
f 723//723 1742//1742 1740//1740
f 723//723 1743//1743 1742//1742
f 723//723 1744//1744 1743//1743
f 723//723 1670//1670 1744//1744
f 1315//1315 707//707 1314//1314
f 723//723 721//721 1670//1670
f 697//697 707//707 1315//1315
f 723//723 1745//1745 1746//1746
f 723//723 1747//1747 1745//1745
f 1316//1316 697//697 1315//1315
f 723//723 1748//1748 1747//1747
f 723//723 1749//1749 1748//1748
f 723//723 1750//1750 1749//1749
f 723//723 1751//1751 1750//1750
f 723//723 1752//1752 1751//1751
f 723//723 1753//1753 1752//1752
f 723//723 1754//1754 1753//1753
f 723//723 1755//1755 1754//1754
f 723//723 1756//1756 1755//1755
f 698//698 1316//1316 1757//1757
f 723//723 1758//1758 1756//1756
f 698//698 1757//1757 1759//1759
f 723//723 1760//1760 1758//1758
f 723//723 1741//1741 1760//1760
f 698//698 697//697 1316//1316
f 1262//1262 1759//1759 874//874
f 725//725 1739//1739 112//112
f 1262//1262 698//698 1759//1759
f 725//725 1761//1761 1739//1739
f 725//725 1762//1762 1761//1761
f 725//725 1763//1763 1762//1762
f 725//725 1764//1764 1763//1763
f 725//725 1765//1765 1764//1764
f 725//725 1746//1746 1765//1765
f 876//876 1262//1262 874//874
f 725//725 723//723 1746//1746
f 727//727 112//112 110//110
f 727//727 725//725 112//112
f 729//729 109//109 108//108
f 729//729 110//110 109//109
f 729//729 727//727 110//110
f 1766//1766 1767//1767 1768//1768
f 1769//1769 1767//1767 1766//1766
f 1770//1770 1771//1771 1772//1772
f 1768//1768 1767//1767 1773//1773
f 1774//1774 1771//1771 1770//1770
f 1770//1770 1767//1767 1774//1774
f 1773//1773 1767//1767 1770//1770
f 1774//1774 1775//1775 1771//1771
f 1774//1774 1776//1776 1775//1775
f 1777//1777 1776//1776 1774//1774
f 1778//1778 1779//1779 1769//1769
f 1780//1780 1779//1779 1778//1778
f 1774//1774 1779//1779 1777//1777
f 1781//1781 1782//1782 1783//1783
f 1769//1769 1779//1779 1767//1767
f 1767//1767 1779//1779 1774//1774
f 1784//1784 1785//1785 1781//1781
f 1782//1782 1785//1785 1786//1786
f 1781//1781 1785//1785 1782//1782
f 1784//1784 1787//1787 1785//1785
f 1785//1785 1787//1787 1786//1786
f 1788//1788 1789//1789 1784//1784
f 1784//1784 1789//1789 1787//1787
f 1787//1787 1789//1789 1786//1786
f 1790//1790 1791//1791 1780//1780
f 1792//1792 1791//1791 1790//1790
f 1789//1789 1793//1793 1786//1786
f 1788//1788 1793//1793 1789//1789
f 1794//1794 1795//1795 1796//1796
f 1777//1777 1791//1791 1797//1797
f 1786//1786 1795//1795 1794//1794
f 1793//1793 1795//1795 1786//1786
f 1788//1788 1795//1795 1793//1793
f 1780//1780 1791//1791 1779//1779
f 1796//1796 1795//1795 1788//1788
f 1779//1779 1791//1791 1777//1777
f 1798//1798 1799//1799 1800//1800
f 1800//1800 1799//1799 1786//1786
f 1772//1772 1799//1799 1798//1798
f 1771//1771 1799//1799 1772//1772
f 1776//1776 1799//1799 1775//1775
f 1775//1775 1799//1799 1771//1771
f 1777//1777 1801//1801 1776//1776
f 1797//1797 1801//1801 1777//1777
f 1802//1802 1803//1803 1792//1792
f 1804//1804 1803//1803 1802//1802
f 1797//1797 1805//1805 1801//1801
f 1792//1792 1803//1803 1791//1791
f 1806//1806 1805//1805 1797//1797
f 1797//1797 1803//1803 1806//1806
f 1791//1791 1803//1803 1797//1797
f 1807//1807 1808//1808 1806//1806
f 1809//1809 1808//1808 1807//1807
f 1810//1810 1811//1811 1804//1804
f 1786//1786 1812//1812 1782//1782
f 1813//1813 1811//1811 1810//1810
f 1809//1809 1812//1812 1808//1808
f 1804//1804 1811//1811 1803//1803
f 1783//1783 1814//1814 1809//1809
f 1809//1809 1814//1814 1812//1812
f 1806//1806 1811//1811 1807//1807
f 1782//1782 1814//1814 1783//1783
f 1803//1803 1811//1811 1806//1806
f 1812//1812 1814//1814 1782//1782
f 1799//1799 1815//1815 1786//1786
f 1801//1801 1815//1815 1776//1776
f 1786//1786 1815//1815 1812//1812
f 1776//1776 1815//1815 1799//1799
f 1805//1805 1815//1815 1801//1801
f 1805//1805 1816//1816 1815//1815
f 1806//1806 1816//1816 1805//1805
f 1808//1808 1816//1816 1806//1806
f 1815//1815 1816//1816 1812//1812
f 1817//1817 1818//1818 1813//1813
f 1812//1812 1816//1816 1808//1808
f 1819//1819 1818//1818 1817//1817
f 1813//1813 1818//1818 1811//1811
f 1807//1807 1818//1818 1809//1809
f 1811//1811 1818//1818 1807//1807
f 1818//1818 1820//1820 1809//1809
f 1809//1809 1820//1820 1783//1783
f 1821//1821 1820//1820 1819//1819
f 1822//1822 1820//1820 1821//1821
f 1819//1819 1820//1820 1818//1818
f 1823//1823 1824//1824 1822//1822
f 1825//1825 1824//1824 1823//1823
f 1820//1820 1824//1824 1783//1783
f 1822//1822 1824//1824 1820//1820
f 1783//1783 1824//1824 1781//1781
f 1826//1826 1827//1827 1794//1794
f 1828//1828 1827//1827 1826//1826
f 1829//1829 1827//1827 1828//1828
f 1781//1781 1830//1830 1784//1784
f 1824//1824 1830//1830 1781//1781
f 1825//1825 1830//1830 1824//1824
f 1831//1831 1830//1830 1825//1825
f 1832//1832 1830//1830 1831//1831
f 1784//1784 1796//1796 1788//1788
f 1832//1832 1796//1796 1830//1830
f 1833//1833 1796//1796 1832//1832
f 1834//1834 1796//1796 1833//1833
f 1794//1794 1796//1796 1834//1834
f 1830//1830 1796//1796 1784//1784
f 1835//1835 1773//1773 1829//1829
f 1768//1768 1773//1773 1835//1835
f 1794//1794 1836//1836 1786//1786
f 1837//1837 1773//1773 1770//1770
f 1786//1786 1836//1836 1800//1800
f 1837//1837 1836//1836 1827//1827
f 1800//1800 1836//1836 1837//1837
f 1827//1827 1773//1773 1837//1837
f 1827//1827 1836//1836 1794//1794
f 1829//1829 1773//1773 1827//1827
f 1770//1770 1798//1798 1837//1837
f 1837//1837 1798//1798 1800//1800
f 1770//1770 1772//1772 1798//1798
f 1741//1741 1804//1804 1760//1760
f 1672//1672 1817//1817 1671//1671
f 1673//1673 1817//1817 1672//1672
f 1674//1674 1817//1817 1673//1673
f 1819//1819 1817//1817 1674//1674
f 1804//1804 1802//1802 1760//1760
f 1756//1756 1802//1802 1755//1755
f 1758//1758 1802//1802 1756//1756
f 1760//1760 1802//1802 1758//1758
f 1802//1802 1792//1792 1755//1755
f 1752//1752 1792//1792 1751//1751
f 1753//1753 1792//1792 1752//1752
f 1754//1754 1792//1792 1753//1753
f 1755//1755 1792//1792 1754//1754
f 1670//1670 1813//1813 1744//1744
f 1669//1669 1813//1813 1670//1670
f 1671//1671 1813//1813 1669//1669
f 1817//1817 1813//1813 1671//1671
f 1792//1792 1790//1790 1751//1751
f 1749//1749 1790//1790 1748//1748
f 1750//1750 1790//1790 1749//1749
f 1742//1742 1810//1810 1740//1740
f 1751//1751 1790//1790 1750//1750
f 1743//1743 1810//1810 1742//1742
f 1744//1744 1810//1810 1743//1743
f 1813//1813 1810//1810 1744//1744
f 1740//1740 1804//1804 1741//1741
f 1810//1810 1804//1804 1740//1740
f 1790//1790 1780//1780 1748//1748
f 1745//1745 1780//1780 1746//1746
f 1747//1747 1780//1780 1745//1745
f 1748//1748 1780//1780 1747//1747
f 1780//1780 1778//1778 1746//1746
f 1763//1763 1778//1778 1762//1762
f 1764//1764 1778//1778 1763//1763
f 1765//1765 1778//1778 1764//1764
f 1746//1746 1778//1778 1765//1765
f 1778//1778 1769//1769 1762//1762
f 1739//1739 1769//1769 1738//1738
f 1761//1761 1769//1769 1739//1739
f 1762//1762 1769//1769 1761//1761
f 1769//1769 1766//1766 1738//1738
f 1736//1736 1766//1766 1735//1735
f 1737//1737 1766//1766 1736//1736
f 1738//1738 1766//1766 1737//1737
f 1696//1696 1768//1768 1695//1695
f 1733//1733 1768//1768 1696//1696
f 1734//1734 1768//1768 1733//1733
f 1735//1735 1768//1768 1734//1734
f 1766//1766 1768//1768 1735//1735
f 1691//1691 1835//1835 1689//1689
f 1693//1693 1835//1835 1691//1691
f 1695//1695 1835//1835 1693//1693
f 1768//1768 1835//1835 1695//1695
f 1686//1686 1829//1829 1684//1684
f 1687//1687 1829//1829 1686//1686
f 1689//1689 1829//1829 1687//1687
f 1835//1835 1829//1829 1689//1689
f 1658//1658 1828//1828 1657//1657
f 1665//1665 1828//1828 1658//1658
f 1667//1667 1828//1828 1665//1665
f 1684//1684 1828//1828 1667//1667
f 1829//1829 1828//1828 1684//1684
f 1828//1828 1826//1826 1657//1657
f 1655//1655 1826//1826 1654//1654
f 1656//1656 1826//1826 1655//1655
f 1657//1657 1826//1826 1656//1656
f 1826//1826 1794//1794 1654//1654
f 1651//1651 1794//1794 1650//1650
f 1652//1652 1794//1794 1651//1651
f 1654//1654 1794//1794 1652//1652
f 1794//1794 1834//1834 1650//1650
f 1645//1645 1834//1834 1643//1643
f 1646//1646 1834//1834 1645//1645
f 1650//1650 1834//1834 1646//1646
f 1834//1834 1833//1833 1643//1643
f 1637//1637 1833//1833 1635//1635
f 1638//1638 1833//1833 1637//1637
f 1640//1640 1833//1833 1638//1638
f 1643//1643 1833//1833 1640//1640
f 1628//1628 1832//1832 1620//1620
f 1631//1631 1832//1832 1628//1628
f 1635//1635 1832//1832 1631//1631
f 1833//1833 1832//1832 1635//1635
f 1613//1613 1831//1831 1610//1610
f 1617//1617 1831//1831 1613//1613
f 1619//1619 1831//1831 1617//1617
f 1620//1620 1831//1831 1619//1619
f 1832//1832 1831//1831 1620//1620
f 1612//1612 1825//1825 1614//1614
f 1611//1611 1825//1825 1612//1612
f 1610//1610 1825//1825 1611//1611
f 1831//1831 1825//1825 1610//1610
f 1627//1627 1823//1823 1629//1629
f 1622//1622 1823//1823 1627//1627
f 1615//1615 1823//1823 1622//1622
f 1614//1614 1823//1823 1615//1615
f 1825//1825 1823//1823 1614//1614
f 1681//1681 1822//1822 1680//1680
f 1682//1682 1822//1822 1681//1681
f 1629//1629 1822//1822 1682//1682
f 1823//1823 1822//1822 1629//1629
f 1678//1678 1821//1821 1677//1677
f 1679//1679 1821//1821 1678//1678
f 1680//1680 1821//1821 1679//1679
f 1822//1822 1821//1821 1680//1680
f 1821//1821 1819//1819 1677//1677
f 1675//1675 1819//1819 1674//1674
f 1676//1676 1819//1819 1675//1675
f 1677//1677 1819//1819 1676//1676
f 1838//1838 1839//1839 1840//1840
f 1841//1841 1839//1839 1838//1838
f 1842//1842 1843//1843 1844//1844
f 1840//1840 1839//1839 1845//1845
f 1846//1846 1843//1843 1842//1842
f 1842//1842 1839//1839 1846//1846
f 1845//1845 1839//1839 1842//1842
f 1846//1846 1847//1847 1843//1843
f 1846//1846 1848//1848 1847//1847
f 1849//1849 1848//1848 1846//1846
f 1850//1850 1851//1851 1841//1841
f 1852//1852 1851//1851 1850//1850
f 1846//1846 1851//1851 1849//1849
f 1853//1853 1854//1854 1855//1855
f 1841//1841 1851//1851 1839//1839
f 1839//1839 1851//1851 1846//1846
f 1856//1856 1857//1857 1853//1853
f 1854//1854 1857//1857 1858//1858
f 1853//1853 1857//1857 1854//1854
f 1856//1856 1859//1859 1857//1857
f 1857//1857 1859//1859 1858//1858
f 1860//1860 1861//1861 1856//1856
f 1856//1856 1861//1861 1859//1859
f 1859//1859 1861//1861 1858//1858
f 1862//1862 1863//1863 1852//1852
f 1864//1864 1863//1863 1862//1862
f 1861//1861 1865//1865 1858//1858
f 1860//1860 1865//1865 1861//1861
f 1866//1866 1867//1867 1868//1868
f 1849//1849 1863//1863 1869//1869
f 1858//1858 1867//1867 1866//1866
f 1865//1865 1867//1867 1858//1858
f 1860//1860 1867//1867 1865//1865
f 1852//1852 1863//1863 1851//1851
f 1868//1868 1867//1867 1860//1860
f 1851//1851 1863//1863 1849//1849
f 1870//1870 1871//1871 1872//1872
f 1872//1872 1871//1871 1858//1858
f 1844//1844 1871//1871 1870//1870
f 1843//1843 1871//1871 1844//1844
f 1848//1848 1871//1871 1847//1847
f 1847//1847 1871//1871 1843//1843
f 1849//1849 1873//1873 1848//1848
f 1869//1869 1873//1873 1849//1849
f 1874//1874 1875//1875 1864//1864
f 1876//1876 1875//1875 1874//1874
f 1869//1869 1877//1877 1873//1873
f 1864//1864 1875//1875 1863//1863
f 1878//1878 1877//1877 1869//1869
f 1869//1869 1875//1875 1878//1878
f 1863//1863 1875//1875 1869//1869
f 1879//1879 1880//1880 1878//1878
f 1881//1881 1880//1880 1879//1879
f 1882//1882 1883//1883 1876//1876
f 1858//1858 1884//1884 1854//1854
f 1885//1885 1883//1883 1882//1882
f 1881//1881 1884//1884 1880//1880
f 1876//1876 1883//1883 1875//1875
f 1855//1855 1886//1886 1881//1881
f 1881//1881 1886//1886 1884//1884
f 1878//1878 1883//1883 1879//1879
f 1854//1854 1886//1886 1855//1855
f 1875//1875 1883//1883 1878//1878
f 1884//1884 1886//1886 1854//1854
f 1871//1871 1887//1887 1858//1858
f 1873//1873 1887//1887 1848//1848
f 1858//1858 1887//1887 1884//1884
f 1848//1848 1887//1887 1871//1871
f 1877//1877 1887//1887 1873//1873
f 1877//1877 1888//1888 1887//1887
f 1878//1878 1888//1888 1877//1877
f 1880//1880 1888//1888 1878//1878
f 1887//1887 1888//1888 1884//1884
f 1889//1889 1890//1890 1885//1885
f 1884//1884 1888//1888 1880//1880
f 1891//1891 1890//1890 1889//1889
f 1885//1885 1890//1890 1883//1883
f 1879//1879 1890//1890 1881//1881
f 1883//1883 1890//1890 1879//1879
f 1890//1890 1892//1892 1881//1881
f 1881//1881 1892//1892 1855//1855
f 1893//1893 1892//1892 1891//1891
f 1894//1894 1892//1892 1893//1893
f 1891//1891 1892//1892 1890//1890
f 1895//1895 1896//1896 1894//1894
f 1897//1897 1896//1896 1895//1895
f 1892//1892 1896//1896 1855//1855
f 1894//1894 1896//1896 1892//1892
f 1855//1855 1896//1896 1853//1853
f 1898//1898 1899//1899 1866//1866
f 1900//1900 1899//1899 1898//1898
f 1901//1901 1899//1899 1900//1900
f 1853//1853 1902//1902 1856//1856
f 1896//1896 1902//1902 1853//1853
f 1897//1897 1902//1902 1896//1896
f 1903//1903 1902//1902 1897//1897
f 1904//1904 1902//1902 1903//1903
f 1856//1856 1868//1868 1860//1860
f 1904//1904 1868//1868 1902//1902
f 1905//1905 1868//1868 1904//1904
f 1906//1906 1868//1868 1905//1905
f 1866//1866 1868//1868 1906//1906
f 1902//1902 1868//1868 1856//1856
f 1907//1907 1845//1845 1901//1901
f 1840//1840 1845//1845 1907//1907
f 1866//1866 1908//1908 1858//1858
f 1909//1909 1845//1845 1842//1842
f 1858//1858 1908//1908 1872//1872
f 1909//1909 1908//1908 1899//1899
f 1872//1872 1908//1908 1909//1909
f 1899//1899 1845//1845 1909//1909
f 1899//1899 1908//1908 1866//1866
f 1901//1901 1845//1845 1899//1899
f 1842//1842 1870//1870 1909//1909
f 1909//1909 1870//1870 1872//1872
f 1842//1842 1844//1844 1870//1870
f 1630//1630 1893//1893 1634//1634
f 1626//1626 1893//1893 1630//1630
f 1624//1624 1893//1893 1626//1626
f 1894//1894 1893//1893 1624//1624
f 1893//1893 1891//1891 1634//1634
f 1717//1717 1891//1891 1716//1716
f 1718//1718 1891//1891 1717//1717
f 1634//1634 1891//1891 1718//1718
f 1706//1706 1876//1876 1705//1705
f 1891//1891 1889//1889 1716//1716
f 1714//1714 1889//1889 1713//1713
f 1715//1715 1889//1889 1714//1714
f 1716//1716 1889//1889 1715//1715
f 1876//1876 1874//1874 1705//1705
f 1702//1702 1874//1874 1700//1700
f 1703//1703 1874//1874 1702//1702
f 1704//1704 1874//1874 1703//1703
f 1705//1705 1874//1874 1704//1704
f 1711//1711 1885//1885 1710//1710
f 1712//1712 1885//1885 1711//1711
f 1713//1713 1885//1885 1712//1712
f 1889//1889 1885//1885 1713//1713
f 1708//1708 1882//1882 1707//1707
f 1709//1709 1882//1882 1708//1708
f 1710//1710 1882//1882 1709//1709
f 1885//1885 1882//1882 1710//1710
f 1707//1707 1876//1876 1706//1706
f 1882//1882 1876//1876 1707//1707
f 1874//1874 1864//1864 1700//1700
f 1732//1732 1864//1864 1731//1731
f 1701//1701 1864//1864 1732//1732
f 1700//1700 1864//1864 1701//1701
f 1864//1864 1862//1862 1731//1731
f 1728//1728 1862//1862 1727//1727
f 1729//1729 1862//1862 1728//1728
f 1730//1730 1862//1862 1729//1729
f 1731//1731 1862//1862 1730//1730
f 1862//1862 1852//1852 1727//1727
f 1725//1725 1852//1852 1724//1724
f 1726//1726 1852//1852 1725//1725
f 1727//1727 1852//1852 1726//1726
f 1852//1852 1850//1850 1724//1724
f 1721//1721 1850//1850 1720//1720
f 1722//1722 1850//1850 1721//1721
f 1723//1723 1850//1850 1722//1722
f 1724//1724 1850//1850 1723//1723
f 1850//1850 1841//1841 1720//1720
f 1699//1699 1841//1841 1698//1698
f 1719//1719 1841//1841 1699//1699
f 1720//1720 1841//1841 1719//1719
f 1841//1841 1838//1838 1698//1698
f 1694//1694 1838//1838 1692//1692
f 1697//1697 1838//1838 1694//1694
f 1698//1698 1838//1838 1697//1697
f 1685//1685 1840//1840 1683//1683
f 1688//1688 1840//1840 1685//1685
f 1690//1690 1840//1840 1688//1688
f 1692//1692 1840//1840 1690//1690
f 1838//1838 1840//1840 1692//1692
f 1840//1840 1907//1907 1683//1683
f 1666//1666 1907//1907 1664//1664
f 1668//1668 1907//1907 1666//1666
f 1683//1683 1907//1907 1668//1668
f 1907//1907 1901//1901 1664//1664
f 1660//1660 1901//1901 1663//1663
f 1659//1659 1901//1901 1660//1660
f 1664//1664 1901//1901 1659//1659
f 1661//1661 1900//1900 1653//1653
f 1662//1662 1900//1900 1661//1661
f 1663//1663 1900//1900 1662//1662
f 1901//1901 1900//1900 1663//1663
f 1900//1900 1898//1898 1653//1653
f 1648//1648 1898//1898 1647//1647
f 1649//1649 1898//1898 1648//1648
f 1653//1653 1898//1898 1649//1649
f 1642//1642 1866//1866 1641//1641
f 1644//1644 1866//1866 1642//1642
f 1647//1647 1866//1866 1644//1644
f 1898//1898 1866//1866 1647//1647
f 1866//1866 1906//1906 1641//1641
f 1633//1633 1906//1906 1632//1632
f 1636//1636 1906//1906 1633//1633
f 1639//1639 1906//1906 1636//1636
f 1641//1641 1906//1906 1639//1639
f 1906//1906 1905//1905 1632//1632
f 1616//1616 1905//1905 1609//1609
f 1618//1618 1905//1905 1616//1616
f 1621//1621 1905//1905 1618//1618
f 1632//1632 1905//1905 1621//1621
f 1606//1606 1904//1904 1603//1603
f 1608//1608 1904//1904 1606//1606
f 1609//1609 1904//1904 1608//1608
f 1905//1905 1904//1904 1609//1609
f 1600//1600 1903//1903 1596//1596
f 1602//1602 1903//1903 1600//1600
f 1603//1603 1903//1903 1602//1602
f 1904//1904 1903//1903 1603//1603
f 1598//1598 1897//1897 1599//1599
f 1594//1594 1897//1897 1598//1598
f 1595//1595 1897//1897 1594//1594
f 1596//1596 1897//1897 1595//1595
f 1903//1903 1897//1897 1596//1596
f 1605//1605 1895//1895 1607//1607
f 1604//1604 1895//1895 1605//1605
f 1601//1601 1895//1895 1604//1604
f 1599//1599 1895//1895 1601//1601
f 1897//1897 1895//1895 1599//1599
f 1623//1623 1894//1894 1624//1624
f 1625//1625 1894//1894 1623//1623
f 1607//1607 1894//1894 1625//1625
f 1895//1895 1894//1894 1607//1607
f 918//918 911//911 987//987
f 1593//1593 987//987 992//992
f 1593//1593 918//918 987//987
f 1597//1597 992//992 999//999
f 1597//1597 1593//1593 992//992
f 1302//1302 1597//1597 999//999
f 1316//1316 1031//1031 1039//1039
f 1757//1757 1039//1039 1007//1007
f 1757//1757 1316//1316 1039//1039
f 1759//1759 1757//1757 1007//1007
f 874//874 1007//1007 870//870
f 874//874 1759//1759 1007//1007
f 402//402 409//409 1910//1910
f 1910//1910 409//409 1911//1911
f 1911//1911 415//415 1912//1912
f 409//409 415//415 1911//1911
f 1912//1912 367//367 1913//1913
f 415//415 367//367 1912//1912
f 1913//1913 372//372 1914//1914
f 367//367 372//372 1913//1913
f 1914//1914 391//391 1915//1915
f 372//372 391//391 1914//1914
f 1915//1915 403//403 1916//1916
f 391//391 403//403 1915//1915
f 403//403 1917//1917 1916//1916
f 403//403 945//945 1917//1917
f 945//945 1918//1918 1917//1917
f 1918//1918 939//939 1919//1919
f 945//945 939//939 1918//1918
f 1919//1919 934//934 1920//1920
f 939//939 934//934 1919//1919
f 1920//1920 935//935 1921//1921
f 934//934 935//935 1920//1920
f 1921//1921 931//931 1922//1922
f 935//935 931//931 1921//1921
f 1922//1922 931//931 1923//1923
f 1923//1923 932//932 1924//1924
f 931//931 932//932 1923//1923
f 1924//1924 928//928 1925//1925
f 932//932 928//928 1924//1924
f 1925//1925 964//964 1926//1926
f 928//928 964//964 1925//1925
f 1927//1927 958//958 1928//1928
f 1926//1926 958//958 1927//1927
f 964//964 958//958 1926//1926
f 1928//1928 954//954 1929//1929
f 958//958 954//954 1928//1928
f 1929//1929 963//963 1930//1930
f 954//954 963//963 1929//1929
f 1930//1930 965//965 1931//1931
f 963//963 965//965 1930//1930
f 1931//1931 942//942 665//665
f 965//965 942//942 1931//1931
f 368//368 1932//1932 628//628
f 368//368 420//420 1932//1932
f 420//420 1933//1933 1932//1932
f 420//420 413//413 1933//1933
f 413//413 1934//1934 1933//1933
f 1934//1934 410//410 1935//1935
f 413//413 410//410 1934//1934
f 1935//1935 405//405 1936//1936
f 410//410 405//405 1935//1935
f 1936//1936 396//396 1937//1937
f 405//405 396//396 1936//1936
f 1937//1937 392//392 1938//1938
f 396//396 392//392 1937//1937
f 392//392 387//387 1938//1938
f 1938//1938 380//380 1939//1939
f 387//387 380//380 1938//1938
f 380//380 377//377 1939//1939
f 377//377 374//374 1939//1939
f 1939//1939 386//386 1940//1940
f 374//374 386//386 1939//1939
f 386//386 400//400 1940//1940
f 1940//1940 402//402 1910//1910
f 400//400 402//402 1940//1940
f 1910//1910 1911//1911 666//666
f 646//646 1910//1910 666//666
f 1940//1940 1910//1910 646//646
f 657//657 1928//1928 1929//1929
f 659//659 657//657 1929//1929
f 655//655 1927//1927 1928//1928
f 1939//1939 646//646 644//644
f 655//655 1928//1928 657//657
f 1939//1939 1940//1940 646//646
f 1930//1930 659//659 1929//1929
f 1932//1932 629//629 628//628
f 661//661 659//659 1930//1930
f 653//653 1926//1926 1927//1927
f 1938//1938 644//644 642//642
f 653//653 1927//1927 655//655
f 1938//1938 1939//1939 644//644
f 1931//1931 661//661 1930//1930
f 632//632 629//629 1932//1932
f 663//663 661//661 1931//1931
f 1933//1933 632//632 1932//1932
f 651//651 1925//1925 1926//1926
f 651//651 1926//1926 653//653
f 1937//1937 642//642 640//640
f 1937//1937 1938//1938 642//642
f 665//665 663//663 1931//1931
f 648//648 1924//1924 1925//1925
f 634//634 632//632 1933//1933
f 648//648 1925//1925 651//651
f 1934//1934 636//636 634//634
f 1934//1934 634//634 1933//1933
f 647//647 1923//1923 1924//1924
f 647//647 1924//1924 648//648
f 1936//1936 640//640 638//638
f 1936//1936 1937//1937 640//640
f 1922//1922 1923//1923 647//647
f 1935//1935 638//638 636//636
f 1935//1935 1936//1936 638//638
f 1935//1935 636//636 1934//1934
f 685//685 1922//1922 647//647
f 1921//1921 1922//1922 685//685
f 683//683 1921//1921 685//685
f 1920//1920 1921//1921 683//683
f 681//681 1920//1920 683//683
f 1919//1919 1920//1920 681//681
f 679//679 1919//1919 681//681
f 1918//1918 1919//1919 679//679
f 677//677 1918//1918 679//679
f 1917//1917 1918//1918 677//677
f 676//676 1917//1917 677//677
f 1916//1916 1917//1917 676//676
f 1915//1915 1916//1916 676//676
f 674//674 1915//1915 676//676
f 1914//1914 1915//1915 674//674
f 672//672 1914//1914 674//674
f 1913//1913 1914//1914 672//672
f 670//670 1913//1913 672//672
f 1912//1912 1913//1913 670//670
f 668//668 1912//1912 670//670
f 1911//1911 1912//1912 668//668
f 666//666 1911//1911 668//668
f 936//936 1941//1941 1942//1942
f 936//936 933//933 1941//1941
f 933//933 1943//1943 1941//1941
f 1943//1943 926//926 1944//1944
f 933//933 926//926 1943//1943
f 1944//1944 925//925 1945//1945
f 926//926 925//925 1944//1944
f 1945//1945 922//922 1946//1946
f 925//925 922//922 1945//1945
f 1946//1946 443//443 1947//1947
f 922//922 443//443 1946//1946
f 443//443 1948//1948 1947//1947
f 443//443 449//449 1948//1948
f 1948//1948 464//464 1949//1949
f 449//449 464//464 1948//1948
f 1949//1949 465//465 1950//1950
f 464//464 465//465 1949//1949
f 1950//1950 422//422 1951//1951
f 465//465 422//422 1950//1950
f 422//422 1952//1952 1951//1951
f 1952//1952 424//424 1953//1953
f 422//422 424//424 1952//1952
f 424//424 456//456 1953//1953
f 456//456 455//455 1953//1953
f 1953//1953 455//455 1954//1954
f 455//455 453//453 1954//1954
f 1954//1954 450//450 1955//1955
f 453//453 450//450 1954//1954
f 450//450 447//447 1955//1955
f 1955//1955 439//439 1956//1956
f 447//447 439//439 1955//1955
f 1956//1956 434//434 1957//1957
f 439//439 434//434 1956//1956
f 1957//1957 430//430 1958//1958
f 434//434 430//430 1957//1957
f 1958//1958 429//429 1959//1959
f 430//430 429//429 1958//1958
f 1959//1959 472//472 1960//1960
f 429//429 472//472 1959//1959
f 1960//1960 469//469 1961//1961
f 472//472 469//469 1960//1960
f 1961//1961 458//458 1962//1962
f 469//469 458//458 1961//1961
f 1962//1962 446//446 588//588
f 458//458 446//446 1962//1962
f 611//611 940//940 1963//1963
f 1963//1963 966//966 1964//1964
f 940//940 966//966 1963//1963
f 1964//1964 962//962 1965//1965
f 966//966 962//962 1964//1964
f 1965//1965 953//953 1966//1966
f 962//962 953//953 1965//1965
f 1967//1967 955//955 1968//1968
f 1966//1966 955//955 1967//1967
f 953//953 955//955 1966//1966
f 1968//1968 959//959 1969//1969
f 955//955 959//959 1968//1968
f 1969//1969 930//930 1970//1970
f 959//959 930//930 1969//1969
f 1970//1970 937//937 1971//1971
f 930//930 937//937 1970//1970
f 1971//1971 936//936 1942//1942
f 937//937 936//936 1971//1971
f 1953//1953 610//610 1952//1952
f 570//570 610//610 1953//1953
f 1954//1954 570//570 1953//1953
f 619//619 1965//1965 1966//1966
f 617//617 1965//1965 619//619
f 1955//1955 571//571 570//570
f 621//621 1966//1966 1967//1967
f 1955//1955 570//570 1954//1954
f 621//621 619//619 1966//1966
f 1964//1964 1965//1965 617//617
f 1962//1962 588//588 586//586
f 615//615 1964//1964 617//617
f 623//623 1967//1967 1968//1968
f 1956//1956 574//574 571//571
f 1956//1956 571//571 1955//1955
f 623//623 621//621 1967//1967
f 1963//1963 1964//1964 615//615
f 584//584 1962//1962 586//586
f 612//612 1963//1963 615//615
f 625//625 1968//1968 1969//1969
f 1961//1961 1962//1962 584//584
f 625//625 623//623 1968//1968
f 1957//1957 576//576 574//574
f 1957//1957 574//574 1956//1956
f 611//611 1963//1963 612//612
f 627//627 1969//1969 1970//1970
f 582//582 1961//1961 584//584
f 627//627 625//625 1969//1969
f 1960//1960 582//582 580//580
f 589//589 1970//1970 1971//1971
f 1960//1960 1961//1961 582//582
f 589//589 627//627 1970//1970
f 1958//1958 578//578 576//576
f 1942//1942 589//589 1971//1971
f 1958//1958 576//576 1957//1957
f 1959//1959 580//580 578//578
f 1959//1959 578//578 1958//1958
f 1959//1959 1960//1960 580//580
f 590//590 589//589 1942//1942
f 1941//1941 590//590 1942//1942
f 593//593 590//590 1941//1941
f 1943//1943 593//593 1941//1941
f 595//595 593//593 1943//1943
f 1944//1944 595//595 1943//1943
f 597//597 595//595 1944//1944
f 1945//1945 597//597 1944//1944
f 599//599 597//597 1945//1945
f 1946//1946 599//599 1945//1945
f 601//601 599//599 1946//1946
f 1947//1947 601//601 1946//1946
f 1948//1948 601//601 1947//1947
f 602//602 601//601 1948//1948
f 1949//1949 602//602 1948//1948
f 604//604 602//602 1949//1949
f 1950//1950 604//604 1949//1949
f 606//606 604//604 1950//1950
f 1951//1951 606//606 1950//1950
f 608//608 606//606 1951//1951
f 1952//1952 608//608 1951//1951
f 610//610 608//608 1952//1952
f 1972//1972 688//688 1973//1973
f 686//686 688//688 1972//1972
f 1973//1973 694//694 1974//1974
f 688//688 694//694 1973//1973
f 1247//1247 1249//1249 1975//1975
f 1975//1975 1250//1250 1976//1976
f 1249//1249 1250//1250 1975//1975
f 1974//1974 703//703 1977//1977
f 694//694 703//703 1974//1974
f 1976//1976 692//692 1978//1978
f 1250//1250 692//692 1976//1976
f 1979//1979 710//710 1980//1980
f 1977//1977 710//710 1979//1979
f 703//703 710//710 1977//1977
f 1978//1978 695//695 1981//1981
f 692//692 695//695 1978//1978
f 1980//1980 713//713 1982//1982
f 710//710 713//713 1980//1980
f 1982//1982 706//706 1983//1983
f 713//713 706//706 1982//1982
f 1981//1981 701//701 1984//1984
f 695//695 701//701 1981//1981
f 1984//1984 705//705 1985//1985
f 1983//1983 700//700 1986//1986
f 701//701 705//705 1984//1984
f 706//706 700//700 1983//1983
f 1987//1987 711//711 1988//1988
f 1985//1985 711//711 1987//1987
f 1986//1986 696//696 1989//1989
f 705//705 711//711 1985//1985
f 700//700 696//696 1986//1986
f 1989//1989 1259//1259 1990//1990
f 1988//1988 715//715 1991//1991
f 711//711 715//715 1988//1988
f 696//696 1259//1259 1989//1989
f 1259//1259 1256//1256 1990//1990
f 715//715 718//718 1991//1991
f 1256//1256 1254//1254 1990//1990
f 1991//1991 718//718 1992//1992
f 718//718 720//720 1992//1992
f 1992//1992 720//720 1993//1993
f 720//720 722//722 1993//1993
f 1994//1994 722//722 1995//1995
f 1993//1993 722//722 1994//1994
f 722//722 724//724 1995//1995
f 1995//1995 724//724 1996//1996
f 724//724 726//726 1996//1996
f 1996//1996 726//726 1997//1997
f 1998//1998 728//728 1999//1999
f 1997//1997 728//728 1998//1998
f 726//726 728//728 1997//1997
f 1999//1999 731//731 2000//2000
f 728//728 731//731 1999//1999
f 2000//2000 733//733 2001//2001
f 731//731 733//733 2000//2000
f 2001//2001 735//735 2002//2002
f 733//733 735//735 2001//2001
f 2003//2003 686//686 1972//1972
f 2002//2002 686//686 2003//2003
f 735//735 686//686 2002//2002
f 440//440 457//457 477//477
f 477//477 457//457 2004//2004
f 2004//2004 462//462 2005//2005
f 457//457 462//462 2004//2004
f 2005//2005 470//470 2006//2006
f 462//462 470//470 2005//2005
f 2006//2006 473//473 2007//2007
f 470//470 473//473 2006//2006
f 2008//2008 431//431 2009//2009
f 2007//2007 431//431 2008//2008
f 473//473 431//431 2007//2007
f 431//431 432//432 2009//2009
f 2009//2009 1047//1047 2010//2010
f 432//432 1047//1047 2009//2009
f 2010//2010 1048//1048 2011//2011
f 1047//1047 1048//1048 2010//2010
f 2011//2011 1245//1245 2012//2012
f 1048//1048 1245//1245 2011//2011
f 2012//2012 1246//1246 1975//1975
f 1245//1245 1246//1246 2012//2012
f 1246//1246 1247//1247 1975//1975
f 1254//1254 1253//1253 1990//1990
f 1990//1990 1253//1253 2013//2013
f 2013//2013 1252//1252 2014//2014
f 1253//1253 1252//1252 2013//2013
f 2014//2014 1106//1106 2015//2015
f 1252//1252 1106//1106 2014//2014
f 2015//2015 1105//1105 2016//2016
f 1106//1106 1105//1105 2015//2015
f 1105//1105 388//388 2016//2016
f 2016//2016 395//395 2017//2017
f 388//388 395//395 2016//2016
f 395//395 397//397 2017//2017
f 2017//2017 406//406 2018//2018
f 397//397 406//406 2017//2017
f 2018//2018 411//411 2019//2019
f 406//406 411//411 2018//2018
f 2019//2019 412//412 2020//2020
f 411//411 412//412 2019//2019
f 2020//2020 417//417 2021//2021
f 412//412 417//417 2020//2020
f 2021//2021 370//370 569//569
f 417//417 370//370 2021//2021
f 485//485 2006//2006 2007//2007
f 483//483 2006//2006 485//485
f 487//487 485//485 2007//2007
f 487//487 2007//2007 2008//2008
f 2005//2005 2006//2006 483//483
f 481//481 2005//2005 483//483
f 489//489 2008//2008 2009//2009
f 489//489 487//487 2008//2008
f 2004//2004 2005//2005 481//481
f 478//478 2004//2004 481//481
f 491//491 2009//2009 2010//2010
f 491//491 489//489 2009//2009
f 477//477 2004//2004 478//478
f 493//493 2010//2010 2011//2011
f 493//493 491//491 2010//2010
f 495//495 2011//2011 2012//2012
f 495//495 493//493 2011//2011
f 1975//1975 495//495 2012//2012
f 503//503 495//495 1975//1975
f 1976//1976 503//503 1975//1975
f 507//507 503//503 1976//1976
f 1978//1978 507//507 1976//1976
f 510//510 507//507 1978//1978
f 1981//1981 510//510 1978//1978
f 514//514 510//510 1981//1981
f 1984//1984 514//514 1981//1981
f 518//518 514//514 1984//1984
f 1985//1985 518//518 1984//1984
f 521//521 518//518 1985//1985
f 1987//1987 521//521 1985//1985
f 525//525 521//521 1987//1987
f 1988//1988 525//525 1987//1987
f 528//528 525//525 1988//1988
f 1991//1991 528//528 1988//1988
f 530//530 528//528 1991//1991
f 1992//1992 530//530 1991//1991
f 531//531 530//530 1992//1992
f 1993//1993 531//531 1992//1992
f 533//533 531//531 1993//1993
f 1994//1994 533//533 1993//1993
f 535//535 533//533 1994//1994
f 1995//1995 535//535 1994//1994
f 537//537 535//535 1995//1995
f 1996//1996 537//537 1995//1995
f 539//539 537//537 1996//1996
f 1997//1997 539//539 1996//1996
f 540//540 539//539 1997//1997
f 2021//2021 569//569 567//567
f 1998//1998 540//540 1997//1997
f 565//565 2021//2021 567//567
f 542//542 540//540 1998//1998
f 2020//2020 2021//2021 565//565
f 563//563 2020//2020 565//565
f 2019//2019 2020//2020 563//563
f 1999//1999 542//542 1998//1998
f 1999//1999 544//544 542//542
f 561//561 2019//2019 563//563
f 2018//2018 2019//2019 561//561
f 559//559 2018//2018 561//561
f 2017//2017 2018//2018 559//559
f 2000//2000 544//544 1999//1999
f 2000//2000 546//546 544//544
f 557//557 2017//2017 559//559
f 2016//2016 2017//2017 557//557
f 555//555 2016//2016 557//557
f 2001//2001 546//546 2000//2000
f 2001//2001 547//547 546//546
f 2015//2015 2016//2016 555//555
f 2015//2015 555//555 553//553
f 2014//2014 2015//2015 553//553
f 2014//2014 553//553 527//527
f 2002//2002 547//547 2001//2001
f 2002//2002 549//549 547//547
f 2013//2013 2014//2014 527//527
f 1990//1990 2013//2013 527//527
f 1990//1990 527//527 523//523
f 2003//2003 549//549 2002//2002
f 2003//2003 551//551 549//549
f 1989//1989 1990//1990 523//523
f 1989//1989 523//523 519//519
f 1972//1972 551//551 2003//2003
f 1972//1972 496//496 551//551
f 1986//1986 519//519 516//516
f 1986//1986 1989//1989 519//519
f 1973//1973 497//497 496//496
f 1973//1973 496//496 1972//1972
f 1983//1983 1986//1986 516//516
f 1983//1983 516//516 512//512
f 1974//1974 499//499 497//497
f 1974//1974 497//497 1973//1973
f 1982//1982 512//512 509//509
f 1982//1982 1983//1983 512//512
f 1977//1977 501//501 499//499
f 1977//1977 499//499 1974//1974
f 1980//1980 509//509 505//505
f 1980//1980 1982//1982 509//509
f 1979//1979 505//505 501//501
f 1979//1979 501//501 1977//1977
f 1979//1979 1980//1980 505//505
f 2022//2022 2023//2023 2024//2024
f 2025//2025 2026//2026 2027//2027
f 2023//2023 2026//2026 2025//2025
f 2027//2027 2028//2028 2029//2029
f 2026//2026 2028//2028 2027//2027
f 2030//2030 2031//2031 2032//2032
f 2032//2032 2031//2031 2033//2033
f 2029//2029 2034//2034 2035//2035
f 2028//2028 2034//2034 2029//2029
f 2033//2033 2036//2036 2037//2037
f 2031//2031 2036//2036 2033//2033
f 2035//2035 2038//2038 2039//2039
f 2034//2034 2038//2038 2035//2035
f 2037//2037 2040//2040 2041//2041
f 2036//2036 2040//2040 2037//2037
f 2039//2039 2042//2042 2043//2043
f 2038//2038 2042//2042 2039//2039
f 2041//2041 2044//2044 2045//2045
f 2040//2040 2044//2044 2041//2041
f 2043//2043 2046//2046 2047//2047
f 2042//2042 2046//2046 2043//2043
f 2047//2047 2030//2030 2032//2032
f 2045//2045 2048//2048 2049//2049
f 2044//2044 2048//2048 2045//2045
f 2046//2046 2030//2030 2047//2047
f 2049//2049 2050//2050 2051//2051
f 2048//2048 2050//2050 2049//2049
f 2051//2051 2052//2052 2053//2053
f 2050//2050 2052//2052 2051//2051
f 2053//2053 2054//2054 2055//2055
f 2052//2052 2054//2054 2053//2053
f 2055//2055 2056//2056 2057//2057
f 2054//2054 2056//2056 2055//2055
f 2057//2057 2058//2058 2059//2059
f 2056//2056 2058//2058 2057//2057
f 2058//2058 2060//2060 2059//2059
f 2059//2059 2060//2060 2061//2061
f 2060//2060 2062//2062 2061//2061
f 2061//2061 2062//2062 2063//2063
f 2062//2062 2064//2064 2063//2063
f 2063//2063 2064//2064 2065//2065
f 2064//2064 2066//2066 2065//2065
f 2065//2065 2066//2066 2067//2067
f 2066//2066 2068//2068 2067//2067
f 2067//2067 2068//2068 2069//2069
f 2068//2068 2070//2070 2069//2069
f 2069//2069 2070//2070 2071//2071
f 2071//2071 2072//2072 2073//2073
f 2070//2070 2072//2072 2071//2071
f 2073//2073 2022//2022 2024//2024
f 2072//2072 2022//2022 2073//2073
f 2024//2024 2023//2023 2025//2025
f 2074//2074 2075//2075 129//129
f 129//129 2075//2075 128//128
f 2076//2076 2077//2077 2078//2078
f 2079//2079 2077//2077 2076//2076
f 26//26 2080//2080 33//33
f 2078//2078 2077//2077 2081//2081
f 2082//2082 2077//2077 2079//2079
f 2077//2077 2083//2083 2081//2081
f 2071//2071 2084//2084 2069//2069
f 2082//2082 2083//2083 2077//2077
f 2069//2069 2084//2084 2067//2067
f 2085//2085 2083//2083 2082//2082
f 2081//2081 2083//2083 2086//2086
f 2083//2083 2087//2087 2086//2086
f 2085//2085 2087//2087 2083//2083
f 2088//2088 2087//2087 2085//2085
f 2089//2089 2084//2084 2071//2071
f 2086//2086 2087//2087 2090//2090
f 2087//2087 2091//2091 2090//2090
f 17//17 2092//2092 26//26
f 2088//2088 2091//2091 2087//2087
f 2090//2090 2091//2091 2093//2093
f 2080//2080 2091//2091 2088//2088
f 40//40 2094//2094 2088//2088
f 26//26 2092//2092 2080//2080
f 33//33 2094//2094 40//40
f 2084//2084 2095//2095 2067//2067
f 2080//2080 2094//2094 33//33
f 2067//2067 2095//2095 2065//2065
f 2088//2088 2094//2094 2080//2080
f 2091//2091 2096//2096 2093//2093
f 2080//2080 2096//2096 2091//2091
f 2092//2092 2096//2096 2080//2080
f 2093//2093 2096//2096 2089//2089
f 2092//2092 2097//2097 2096//2096
f 37//37 2098//2098 30//30
f 2096//2096 2097//2097 2089//2089
f 30//30 2098//2098 17//17
f 2089//2089 2097//2097 2084//2084
f 2098//2098 2097//2097 2092//2092
f 17//17 2098//2098 2092//2092
f 2084//2084 2099//2099 2095//2095
f 2095//2095 2100//2100 2065//2065
f 2097//2097 2099//2099 2084//2084
f 2065//2065 2100//2100 2063//2063
f 2098//2098 2099//2099 2097//2097
f 2101//2101 2099//2099 2098//2098
f 2101//2101 2102//2102 2099//2099
f 2103//2103 2102//2102 2101//2101
f 2095//2095 2102//2102 2100//2100
f 2099//2099 2102//2102 2095//2095
f 2100//2100 2104//2104 2105//2105
f 37//37 2101//2101 2098//2098
f 2103//2103 2104//2104 2102//2102
f 2102//2102 2104//2104 2100//2100
f 41//41 2101//2101 37//37
f 2106//2106 2104//2104 2103//2103
f 2107//2107 2108//2108 2106//2106
f 2105//2105 2108//2108 2109//2109
f 2106//2106 2108//2108 2104//2104
f 2063//2063 2105//2105 2061//2061
f 2104//2104 2108//2108 2105//2105
f 2061//2061 2105//2105 2059//2059
f 2107//2107 2110//2110 2108//2108
f 2108//2108 2110//2110 2109//2109
f 2109//2109 2110//2110 2111//2111
f 2112//2112 2110//2110 2107//2107
f 2110//2110 2113//2113 2111//2111
f 2100//2100 2105//2105 2063//2063
f 2112//2112 2113//2113 2110//2110
f 2114//2114 2113//2113 2112//2112
f 2111//2111 2113//2113 2115//2115
f 41//41 2103//2103 2101//2101
f 2116//2116 2117//2117 2114//2114
f 2114//2114 2117//2117 2113//2113
f 47//47 2103//2103 41//41
f 2113//2113 2117//2117 2115//2115
f 2115//2115 2117//2117 2118//2118
f 2059//2059 2109//2109 2057//2057
f 80//80 2119//2119 76//76
f 2112//2112 2119//2119 2114//2114
f 2114//2114 2119//2119 80//80
f 76//76 2119//2119 2112//2112
f 2105//2105 2109//2109 2059//2059
f 2120//2120 2121//2121 2116//2116
f 2117//2117 2121//2121 2118//2118
f 2116//2116 2121//2121 2117//2117
f 2118//2118 2121//2121 2122//2122
f 56//56 2106//2106 52//52
f 2120//2120 2123//2123 2121//2121
f 52//52 2106//2106 47//47
f 2121//2121 2123//2123 2122//2122
f 47//47 2106//2106 2103//2103
f 2124//2124 2123//2123 2120//2120
f 2122//2122 2123//2123 2125//2125
f 2109//2109 2111//2111 2057//2057
f 2057//2057 2111//2111 2055//2055
f 2033//2033 2126//2126 2032//2032
f 2127//2127 2126//2126 2033//2033
f 2128//2128 2129//2129 2124//2124
f 2125//2125 2129//2129 2127//2127
f 2123//2123 2129//2129 2125//2125
f 2124//2124 2129//2129 2123//2123
f 2127//2127 2129//2129 2128//2128
f 70//70 2107//2107 56//56
f 2126//2126 2130//2130 2032//2032
f 56//56 2107//2107 2106//2106
f 2127//2127 2130//2130 2126//2126
f 2128//2128 2130//2130 2127//2127
f 2055//2055 2115//2115 2053//2053
f 104//104 2131//2131 2128//2128
f 2053//2053 2115//2115 2051//2051
f 128//128 2131//2131 104//104
f 2132//2132 2133//2133 2074//2074
f 2032//2032 2133//2133 2132//2132
f 2047//2047 2134//2134 2043//2043
f 2074//2074 2133//2133 2075//2075
f 2111//2111 2115//2115 2055//2055
f 2075//2075 2133//2133 128//128
f 128//128 2133//2133 2032//2032
f 2032//2032 2135//2135 128//128
f 2128//2128 2135//2135 2130//2130
f 76//76 2112//2112 70//70
f 2130//2130 2135//2135 2032//2032
f 128//128 2135//2135 2131//2131
f 2043//2043 2078//2078 2039//2039
f 2131//2131 2135//2135 2128//2128
f 70//70 2112//2112 2107//2107
f 2051//2051 2118//2118 2049//2049
f 2134//2134 2078//2078 2043//2043
f 2115//2115 2118//2118 2051//2051
f 130//130 2074//2074 129//129
f 84//84 2114//2114 80//80
f 2039//2039 2081//2081 2035//2035
f 2035//2035 2081//2081 2029//2029
f 2049//2049 2122//2122 2045//2045
f 2045//2045 2122//2122 2041//2041
f 2078//2078 2081//2081 2039//2039
f 2118//2118 2122//2122 2049//2049
f 130//130 2079//2079 2074//2074
f 59//59 2079//2079 130//130
f 88//88 2116//2116 84//84
f 84//84 2116//2116 2114//2114
f 2029//2029 2086//2086 2027//2027
f 2041//2041 2125//2125 2037//2037
f 2081//2081 2086//2086 2029//2029
f 59//59 2082//2082 2079//2079
f 2122//2122 2125//2125 2041//2041
f 98//98 2120//2120 93//93
f 51//51 2082//2082 55//55
f 93//93 2120//2120 88//88
f 55//55 2082//2082 59//59
f 88//88 2120//2120 2116//2116
f 2027//2027 2090//2090 2025//2025
f 2037//2037 2127//2127 2033//2033
f 2025//2025 2090//2090 2024//2024
f 2125//2125 2127//2127 2037//2037
f 2086//2086 2090//2090 2027//2027
f 44//44 2085//2085 51//51
f 51//51 2085//2085 2082//2082
f 102//102 2124//2124 98//98
f 98//98 2124//2124 2120//2120
f 2024//2024 2093//2093 2073//2073
f 102//102 2128//2128 2124//2124
f 104//104 2128//2128 102//102
f 2090//2090 2093//2093 2024//2024
f 2032//2032 2136//2136 2047//2047
f 40//40 2088//2088 44//44
f 2047//2047 2136//2136 2134//2134
f 44//44 2088//2088 2085//2085
f 2136//2136 2132//2132 2134//2134
f 2134//2134 2132//2132 2074//2074
f 2032//2032 2132//2132 2136//2136
f 2073//2073 2089//2089 2071//2071
f 2134//2134 2076//2076 2078//2078
f 2093//2093 2089//2089 2073//2073
f 2079//2079 2076//2076 2074//2074
f 2074//2074 2076//2076 2134//2134
f 1557//1557 2038//2038 2034//2034
f 1557//1557 1535//1535 2038//2038
f 1535//1535 2042//2042 2038//2038
f 1547//1547 2031//2031 2030//2030
f 1535//1535 1534//1534 2042//2042
f 1534//1534 2046//2046 2042//2042
f 1547//1547 1554//1554 2031//2031
f 1534//1534 1545//1545 2046//2046
f 1545//1545 2030//2030 2046//2046
f 1554//1554 2036//2036 2031//2031
f 1545//1545 1547//1547 2030//2030
f 1554//1554 1553//1553 2036//2036
f 1553//1553 2040//2040 2036//2036
f 1553//1553 1552//1552 2040//2040
f 1552//1552 2044//2044 2040//2040
f 2044//2044 1543//1543 2048//2048
f 1552//1552 1543//1543 2044//2044
f 2048//2048 1542//1542 2050//2050
f 1543//1543 1542//1542 2048//2048
f 2050//2050 1541//1541 2052//2052
f 1542//1542 1541//1541 2050//2050
f 2052//2052 1540//1540 2054//2054
f 1541//1541 1540//1540 2052//2052
f 2054//2054 1539//1539 2056//2056
f 1540//1540 1539//1539 2054//2054
f 2056//2056 1533//1533 2058//2058
f 1539//1539 1533//1533 2056//2056
f 2058//2058 1558//1558 2060//2060
f 1533//1533 1558//1558 2058//2058
f 1558//1558 1556//1556 2060//2060
f 2060//2060 1556//1556 2062//2062
f 1556//1556 1551//1551 2062//2062
f 2062//2062 1551//1551 2064//2064
f 1551//1551 1549//1549 2064//2064
f 2064//2064 1549//1549 2066//2066
f 1549//1549 1546//1546 2066//2066
f 1546//1546 2068//2068 2066//2066
f 1546//1546 1538//1538 2068//2068
f 1538//1538 2070//2070 2068//2068
f 1538//1538 1537//1537 2070//2070
f 1537//1537 2072//2072 2070//2070
f 1537//1537 1536//1536 2072//2072
f 1536//1536 2022//2022 2072//2072
f 1536//1536 1544//1544 2022//2022
f 1544//1544 2023//2023 2022//2022
f 1544//1544 1548//1548 2023//2023
f 1548//1548 2026//2026 2023//2023
f 1548//1548 1550//1550 2026//2026
f 1550//1550 2028//2028 2026//2026
f 1550//1550 1555//1555 2028//2028
f 1555//1555 2034//2034 2028//2028
f 1555//1555 1557//1557 2034//2034
f 2137//2137 2138//2138 2139//2139
f 2140//2140 2141//2141 2142//2142
f 2138//2138 2141//2141 2140//2140
f 2142//2142 2143//2143 2144//2144
f 2141//2141 2143//2143 2142//2142
f 2145//2145 2146//2146 2147//2147
f 2147//2147 2146//2146 2148//2148
f 2144//2144 2149//2149 2150//2150
f 2143//2143 2149//2149 2144//2144
f 2148//2148 2151//2151 2152//2152
f 2146//2146 2151//2151 2148//2148
f 2150//2150 2153//2153 2154//2154
f 2149//2149 2153//2153 2150//2150
f 2152//2152 2155//2155 2156//2156
f 2151//2151 2155//2155 2152//2152
f 2154//2154 2157//2157 2158//2158
f 2153//2153 2157//2157 2154//2154
f 2156//2156 2159//2159 2160//2160
f 2155//2155 2159//2159 2156//2156
f 2158//2158 2161//2161 2162//2162
f 2157//2157 2161//2161 2158//2158
f 2162//2162 2145//2145 2147//2147
f 2160//2160 2163//2163 2164//2164
f 2159//2159 2163//2163 2160//2160
f 2161//2161 2145//2145 2162//2162
f 2164//2164 2165//2165 2166//2166
f 2163//2163 2165//2165 2164//2164
f 2166//2166 2167//2167 2168//2168
f 2165//2165 2167//2167 2166//2166
f 2168//2168 2169//2169 2170//2170
f 2167//2167 2169//2169 2168//2168
f 2170//2170 2171//2171 2172//2172
f 2169//2169 2171//2171 2170//2170
f 2172//2172 2173//2173 2174//2174
f 2171//2171 2173//2173 2172//2172
f 2173//2173 2175//2175 2174//2174
f 2174//2174 2175//2175 2176//2176
f 2175//2175 2177//2177 2176//2176
f 2176//2176 2177//2177 2178//2178
f 2177//2177 2179//2179 2178//2178
f 2178//2178 2179//2179 2180//2180
f 2179//2179 2181//2181 2180//2180
f 2180//2180 2181//2181 2182//2182
f 2181//2181 2183//2183 2182//2182
f 2182//2182 2183//2183 2184//2184
f 2183//2183 2185//2185 2184//2184
f 2184//2184 2185//2185 2186//2186
f 2186//2186 2187//2187 2188//2188
f 2185//2185 2187//2187 2186//2186
f 2188//2188 2137//2137 2139//2139
f 2187//2187 2137//2137 2188//2188
f 2139//2139 2138//2138 2140//2140
f 2189//2189 2190//2190 29//29
f 29//29 2190//2190 36//36
f 2191//2191 2192//2192 2193//2193
f 2194//2194 2192//2192 2191//2191
f 11//11 2195//2195 12//12
f 2193//2193 2192//2192 2196//2196
f 2197//2197 2192//2192 2194//2194
f 2192//2192 2198//2198 2196//2196
f 2186//2186 2199//2199 2184//2184
f 2197//2197 2198//2198 2192//2192
f 2184//2184 2199//2199 2182//2182
f 2200//2200 2198//2198 2197//2197
f 2196//2196 2198//2198 2201//2201
f 2198//2198 2202//2202 2201//2201
f 2200//2200 2202//2202 2198//2198
f 2203//2203 2202//2202 2200//2200
f 2204//2204 2199//2199 2186//2186
f 2201//2201 2202//2202 2205//2205
f 2202//2202 2206//2206 2205//2205
f 10//10 2207//2207 11//11
f 2203//2203 2206//2206 2202//2202
f 2205//2205 2206//2206 2208//2208
f 2195//2195 2206//2206 2203//2203
f 13//13 2209//2209 2203//2203
f 11//11 2207//2207 2195//2195
f 12//12 2209//2209 13//13
f 2199//2199 2210//2210 2182//2182
f 2195//2195 2209//2209 12//12
f 2182//2182 2210//2210 2180//2180
f 2203//2203 2209//2209 2195//2195
f 2206//2206 2211//2211 2208//2208
f 2195//2195 2211//2211 2206//2206
f 2207//2207 2211//2211 2195//2195
f 2208//2208 2211//2211 2204//2204
f 2207//2207 2212//2212 2211//2211
f 126//126 2213//2213 127//127
f 2211//2211 2212//2212 2204//2204
f 127//127 2213//2213 10//10
f 2204//2204 2212//2212 2199//2199
f 2213//2213 2212//2212 2207//2207
f 10//10 2213//2213 2207//2207
f 2199//2199 2214//2214 2210//2210
f 2210//2210 2215//2215 2180//2180
f 2212//2212 2214//2214 2199//2199
f 2180//2180 2215//2215 2178//2178
f 2213//2213 2214//2214 2212//2212
f 2216//2216 2214//2214 2213//2213
f 2216//2216 2217//2217 2214//2214
f 2218//2218 2217//2217 2216//2216
f 2210//2210 2217//2217 2215//2215
f 2214//2214 2217//2217 2210//2210
f 2215//2215 2219//2219 2220//2220
f 126//126 2216//2216 2213//2213
f 2218//2218 2219//2219 2217//2217
f 2217//2217 2219//2219 2215//2215
f 125//125 2216//2216 126//126
f 2221//2221 2219//2219 2218//2218
f 2219//2219 2222//2222 2220//2220
f 2223//2223 2222//2222 2221//2221
f 2220//2220 2222//2222 2224//2224
f 2178//2178 2220//2220 2176//2176
f 2221//2221 2222//2222 2219//2219
f 2176//2176 2220//2220 2174//2174
f 2223//2223 2225//2225 2222//2222
f 2222//2222 2225//2225 2224//2224
f 2224//2224 2225//2225 2226//2226
f 2227//2227 2225//2225 2223//2223
f 2225//2225 2228//2228 2226//2226
f 2215//2215 2220//2220 2178//2178
f 2227//2227 2228//2228 2225//2225
f 2229//2229 2228//2228 2227//2227
f 2226//2226 2228//2228 2230//2230
f 125//125 2218//2218 2216//2216
f 2231//2231 2232//2232 2229//2229
f 2229//2229 2232//2232 2228//2228
f 35//35 2218//2218 125//125
f 2228//2228 2232//2232 2230//2230
f 2230//2230 2232//2232 2233//2233
f 2174//2174 2224//2224 2172//2172
f 39//39 2234//2234 32//32
f 2227//2227 2234//2234 2229//2229
f 2229//2229 2234//2234 39//39
f 32//32 2234//2234 2227//2227
f 2220//2220 2224//2224 2174//2174
f 2235//2235 2236//2236 2231//2231
f 2232//2232 2236//2236 2233//2233
f 2231//2231 2236//2236 2232//2232
f 2233//2233 2236//2236 2237//2237
f 21//21 2221//2221 19//19
f 2235//2235 2238//2238 2236//2236
f 19//19 2221//2221 35//35
f 2236//2236 2238//2238 2237//2237
f 35//35 2221//2221 2218//2218
f 2239//2239 2238//2238 2235//2235
f 2237//2237 2238//2238 2240//2240
f 2224//2224 2226//2226 2172//2172
f 2172//2172 2226//2226 2170//2170
f 2148//2148 2241//2241 2147//2147
f 2242//2242 2241//2241 2148//2148
f 2243//2243 2244//2244 2239//2239
f 2240//2240 2244//2244 2242//2242
f 2238//2238 2244//2244 2240//2240
f 2239//2239 2244//2244 2238//2238
f 2242//2242 2244//2244 2243//2243
f 25//25 2223//2223 21//21
f 2241//2241 2245//2245 2147//2147
f 21//21 2223//2223 2221//2221
f 2242//2242 2245//2245 2241//2241
f 2243//2243 2245//2245 2242//2242
f 2170//2170 2230//2230 2168//2168
f 42//42 2246//2246 2243//2243
f 2168//2168 2230//2230 2166//2166
f 36//36 2246//2246 42//42
f 2247//2247 2248//2248 2189//2189
f 2147//2147 2248//2248 2247//2247
f 2162//2162 2249//2249 2158//2158
f 2189//2189 2248//2248 2190//2190
f 2226//2226 2230//2230 2170//2170
f 2190//2190 2248//2248 36//36
f 36//36 2248//2248 2147//2147
f 2147//2147 2250//2250 36//36
f 2243//2243 2250//2250 2245//2245
f 32//32 2227//2227 25//25
f 2245//2245 2250//2250 2147//2147
f 36//36 2250//2250 2246//2246
f 2158//2158 2193//2193 2154//2154
f 2246//2246 2250//2250 2243//2243
f 25//25 2227//2227 2223//2223
f 2166//2166 2233//2233 2164//2164
f 2249//2249 2193//2193 2158//2158
f 2230//2230 2233//2233 2166//2166
f 16//16 2189//2189 29//29
f 46//46 2229//2229 39//39
f 2154//2154 2196//2196 2150//2150
f 2150//2150 2196//2196 2144//2144
f 2164//2164 2237//2237 2160//2160
f 2160//2160 2237//2237 2156//2156
f 2193//2193 2196//2196 2154//2154
f 2233//2233 2237//2237 2164//2164
f 16//16 2194//2194 2189//2189
f 18//18 2194//2194 16//16
f 50//50 2231//2231 46//46
f 46//46 2231//2231 2229//2229
f 2144//2144 2201//2201 2142//2142
f 2156//2156 2240//2240 2152//2152
f 2196//2196 2201//2201 2144//2144
f 18//18 2197//2197 2194//2194
f 2237//2237 2240//2240 2156//2156
f 57//57 2235//2235 54//54
f 15//15 2197//2197 27//27
f 54//54 2235//2235 50//50
f 27//27 2197//2197 18//18
f 50//50 2235//2235 2231//2231
f 2142//2142 2205//2205 2140//2140
f 2152//2152 2242//2242 2148//2148
f 2140//2140 2205//2205 2139//2139
f 2240//2240 2242//2242 2152//2152
f 2201//2201 2205//2205 2142//2142
f 14//14 2200//2200 15//15
f 15//15 2200//2200 2197//2197
f 48//48 2239//2239 57//57
f 57//57 2239//2239 2235//2235
f 2139//2139 2208//2208 2188//2188
f 48//48 2243//2243 2239//2239
f 42//42 2243//2243 48//48
f 2205//2205 2208//2208 2139//2139
f 2147//2147 2251//2251 2162//2162
f 13//13 2203//2203 14//14
f 2162//2162 2251//2251 2249//2249
f 14//14 2203//2203 2200//2200
f 2251//2251 2247//2247 2249//2249
f 2249//2249 2247//2247 2189//2189
f 2147//2147 2247//2247 2251//2251
f 2188//2188 2204//2204 2186//2186
f 2249//2249 2191//2191 2193//2193
f 2208//2208 2204//2204 2188//2188
f 2194//2194 2191//2191 2189//2189
f 2189//2189 2191//2191 2249//2249
f 2145//2145 1584//1584 2146//2146
f 1584//1584 1589//1589 2146//2146
f 2146//2146 1589//1589 2151//2151
f 1574//1574 1578//1578 2167//2167
f 2167//2167 1578//1578 2169//2169
f 1589//1589 1591//1591 2151//2151
f 2151//2151 1591//1591 2155//2155
f 2169//2169 1577//1577 2171//2171
f 1591//1591 1568//1568 2155//2155
f 2155//2155 1568//1568 2159//2159
f 1578//1578 1577//1577 2169//2169
f 2159//2159 1567//1567 2163//2163
f 2171//2171 1588//1588 2173//2173
f 1568//1568 1567//1567 2159//2159
f 1577//1577 1588//1588 2171//2171
f 2163//2163 1575//1575 2165//2165
f 1567//1567 1575//1575 2163//2163
f 2173//2173 1587//1587 2175//2175
f 1588//1588 1587//1587 2173//2173
f 2165//2165 1574//1574 2167//2167
f 1575//1575 1574//1574 2165//2165
f 2175//2175 1586//1586 2177//2177
f 1587//1587 1586//1586 2175//2175
f 2177//2177 1581//1581 2179//2179
f 1586//1586 1581//1581 2177//2177
f 2179//2179 1579//1579 2181//2181
f 1581//1581 1579//1579 2179//2179
f 2181//2181 1572//1572 2183//2183
f 1579//1579 1572//1572 2181//2181
f 2183//2183 1571//1571 2185//2185
f 1572//1572 1571//1571 2183//2183
f 2185//2185 1592//1592 2187//2187
f 1571//1571 1592//1592 2185//2185
f 2187//2187 1590//1590 2137//2137
f 1592//1592 1590//1590 2187//2187
f 1590//1590 1585//1585 2137//2137
f 2137//2137 1585//1585 2138//2138
f 1585//1585 1583//1583 2138//2138
f 2138//2138 1583//1583 2141//2141
f 1583//1583 1580//1580 2141//2141
f 2141//2141 1580//1580 2143//2143
f 1580//1580 1573//1573 2143//2143
f 2143//2143 1573//1573 2149//2149
f 1573//1573 1570//1570 2149//2149
f 2149//2149 1570//1570 2153//2153
f 1570//1570 1569//1569 2153//2153
f 2153//2153 1569//1569 2157//2157
f 1569//1569 1576//1576 2157//2157
f 2157//2157 1576//1576 2161//2161
f 1576//1576 1582//1582 2161//2161
f 2161//2161 1582//1582 2145//2145
f 1582//1582 1584//1584 2145//2145
f 2252//2252 2253//2253 2254//2254
f 2255//2255 2256//2256 2257//2257
f 2253//2253 2256//2256 2255//2255
f 2257//2257 2258//2258 2259//2259
f 2256//2256 2258//2258 2257//2257
f 2260//2260 2261//2261 2262//2262
f 2262//2262 2261//2261 2263//2263
f 2259//2259 2264//2264 2265//2265
f 2258//2258 2264//2264 2259//2259
f 2263//2263 2266//2266 2267//2267
f 2261//2261 2266//2266 2263//2263
f 2265//2265 2268//2268 2269//2269
f 2264//2264 2268//2268 2265//2265
f 2267//2267 2270//2270 2271//2271
f 2266//2266 2270//2270 2267//2267
f 2269//2269 2272//2272 2273//2273
f 2268//2268 2272//2272 2269//2269
f 2271//2271 2274//2274 2275//2275
f 2270//2270 2274//2274 2271//2271
f 2273//2273 2276//2276 2277//2277
f 2272//2272 2276//2276 2273//2273
f 2277//2277 2260//2260 2262//2262
f 2275//2275 2278//2278 2279//2279
f 2274//2274 2278//2278 2275//2275
f 2276//2276 2260//2260 2277//2277
f 2279//2279 2280//2280 2281//2281
f 2278//2278 2280//2280 2279//2279
f 2281//2281 2282//2282 2283//2283
f 2280//2280 2282//2282 2281//2281
f 2283//2283 2284//2284 2285//2285
f 2282//2282 2284//2284 2283//2283
f 2285//2285 2286//2286 2287//2287
f 2284//2284 2286//2286 2285//2285
f 2287//2287 2288//2288 2289//2289
f 2286//2286 2288//2288 2287//2287
f 2288//2288 2290//2290 2289//2289
f 2289//2289 2290//2290 2291//2291
f 2290//2290 2292//2292 2291//2291
f 2291//2291 2292//2292 2293//2293
f 2292//2292 2294//2294 2293//2293
f 2293//2293 2294//2294 2295//2295
f 2294//2294 2296//2296 2295//2295
f 2295//2295 2296//2296 2297//2297
f 2296//2296 2298//2298 2297//2297
f 2297//2297 2298//2298 2299//2299
f 2298//2298 2300//2300 2299//2299
f 2299//2299 2300//2300 2301//2301
f 2301//2301 2302//2302 2303//2303
f 2300//2300 2302//2302 2301//2301
f 2303//2303 2252//2252 2254//2254
f 2302//2302 2252//2252 2303//2303
f 2254//2254 2253//2253 2255//2255
f 2304//2304 2305//2305 103//103
f 103//103 2305//2305 121//121
f 2306//2306 2307//2307 2308//2308
f 2309//2309 2307//2307 2306//2306
f 69//69 2310//2310 75//75
f 2308//2308 2307//2307 2311//2311
f 2312//2312 2307//2307 2309//2309
f 2307//2307 2313//2313 2311//2311
f 2301//2301 2314//2314 2299//2299
f 2312//2312 2313//2313 2307//2307
f 2299//2299 2314//2314 2297//2297
f 2315//2315 2313//2313 2312//2312
f 2311//2311 2313//2313 2316//2316
f 2313//2313 2317//2317 2316//2316
f 2315//2315 2317//2317 2313//2313
f 2318//2318 2317//2317 2315//2315
f 2319//2319 2314//2314 2301//2301
f 2316//2316 2317//2317 2320//2320
f 2317//2317 2321//2321 2320//2320
f 68//68 2322//2322 69//69
f 2318//2318 2321//2321 2317//2317
f 2320//2320 2321//2321 2323//2323
f 2310//2310 2321//2321 2318//2318
f 79//79 2324//2324 2318//2318
f 69//69 2322//2322 2310//2310
f 75//75 2324//2324 79//79
f 2314//2314 2325//2325 2297//2297
f 2310//2310 2324//2324 75//75
f 2297//2297 2325//2325 2295//2295
f 2318//2318 2324//2324 2310//2310
f 2321//2321 2326//2326 2323//2323
f 2310//2310 2326//2326 2321//2321
f 2322//2322 2326//2326 2310//2310
f 2323//2323 2326//2326 2319//2319
f 2322//2322 2327//2327 2326//2326
f 78//78 2328//2328 72//72
f 2326//2326 2327//2327 2319//2319
f 72//72 2328//2328 68//68
f 2319//2319 2327//2327 2314//2314
f 2328//2328 2327//2327 2322//2322
f 68//68 2328//2328 2322//2322
f 2314//2314 2329//2329 2325//2325
f 2325//2325 2330//2330 2295//2295
f 2327//2327 2329//2329 2314//2314
f 2295//2295 2330//2330 2293//2293
f 2328//2328 2329//2329 2327//2327
f 2331//2331 2329//2329 2328//2328
f 2331//2331 2332//2332 2329//2329
f 2333//2333 2332//2332 2331//2331
f 2325//2325 2332//2332 2330//2330
f 2329//2329 2332//2332 2325//2325
f 2330//2330 2334//2334 2335//2335
f 78//78 2331//2331 2328//2328
f 2333//2333 2334//2334 2332//2332
f 2332//2332 2334//2334 2330//2330
f 82//82 2331//2331 78//78
f 2336//2336 2334//2334 2333//2333
f 2337//2337 2338//2338 2336//2336
f 2335//2335 2338//2338 2339//2339
f 2336//2336 2338//2338 2334//2334
f 2293//2293 2335//2335 2291//2291
f 2334//2334 2338//2338 2335//2335
f 2291//2291 2335//2335 2289//2289
f 2337//2337 2340//2340 2338//2338
f 2338//2338 2340//2340 2339//2339
f 2339//2339 2340//2340 2341//2341
f 2342//2342 2340//2340 2337//2337
f 2340//2340 2343//2343 2341//2341
f 2330//2330 2335//2335 2293//2293
f 2342//2342 2343//2343 2340//2340
f 2344//2344 2343//2343 2342//2342
f 2341//2341 2343//2343 2345//2345
f 82//82 2333//2333 2331//2331
f 2346//2346 2347//2347 2344//2344
f 2344//2344 2347//2347 2343//2343
f 85//85 2333//2333 82//82
f 2343//2343 2347//2347 2345//2345
f 2345//2345 2347//2347 2348//2348
f 2289//2289 2339//2339 2287//2287
f 113//113 2349//2349 111//111
f 2342//2342 2349//2349 2344//2344
f 2344//2344 2349//2349 113//113
f 111//111 2349//2349 2342//2342
f 2335//2335 2339//2339 2289//2289
f 2350//2350 2351//2351 2346//2346
f 2347//2347 2351//2351 2348//2348
f 2346//2346 2351//2351 2347//2347
f 2348//2348 2351//2351 2352//2352
f 94//94 2336//2336 91//91
f 2350//2350 2353//2353 2351//2351
f 91//91 2336//2336 85//85
f 2351//2351 2353//2353 2352//2352
f 85//85 2336//2336 2333//2333
f 2354//2354 2353//2353 2350//2350
f 2352//2352 2353//2353 2355//2355
f 2339//2339 2341//2341 2287//2287
f 2287//2287 2341//2341 2285//2285
f 2263//2263 2356//2356 2262//2262
f 2357//2357 2356//2356 2263//2263
f 2358//2358 2359//2359 2354//2354
f 2355//2355 2359//2359 2357//2357
f 2353//2353 2359//2359 2355//2355
f 2354//2354 2359//2359 2353//2353
f 2357//2357 2359//2359 2358//2358
f 100//100 2337//2337 94//94
f 2356//2356 2360//2360 2262//2262
f 94//94 2337//2337 2336//2336
f 2357//2357 2360//2360 2356//2356
f 2358//2358 2360//2360 2357//2357
f 2285//2285 2345//2345 2283//2283
f 119//119 2361//2361 2358//2358
f 2283//2283 2345//2345 2281//2281
f 121//121 2361//2361 119//119
f 2362//2362 2363//2363 2304//2304
f 2262//2262 2363//2363 2362//2362
f 2277//2277 2364//2364 2273//2273
f 2304//2304 2363//2363 2305//2305
f 2341//2341 2345//2345 2285//2285
f 2305//2305 2363//2363 121//121
f 121//121 2363//2363 2262//2262
f 2262//2262 2365//2365 121//121
f 2358//2358 2365//2365 2360//2360
f 111//111 2342//2342 100//100
f 2360//2360 2365//2365 2262//2262
f 121//121 2365//2365 2361//2361
f 2273//2273 2308//2308 2269//2269
f 2361//2361 2365//2365 2358//2358
f 100//100 2342//2342 2337//2337
f 2281//2281 2348//2348 2279//2279
f 2364//2364 2308//2308 2273//2273
f 2345//2345 2348//2348 2281//2281
f 101//101 2304//2304 103//103
f 116//116 2344//2344 113//113
f 2269//2269 2311//2311 2265//2265
f 2265//2265 2311//2311 2259//2259
f 2279//2279 2352//2352 2275//2275
f 2275//2275 2352//2352 2271//2271
f 2308//2308 2311//2311 2269//2269
f 2348//2348 2352//2352 2279//2279
f 101//101 2309//2309 2304//2304
f 97//97 2309//2309 101//101
f 118//118 2346//2346 116//116
f 116//116 2346//2346 2344//2344
f 2259//2259 2316//2316 2257//2257
f 2271//2271 2355//2355 2267//2267
f 2311//2311 2316//2316 2259//2259
f 97//97 2312//2312 2309//2309
f 2352//2352 2355//2355 2271//2271
f 123//123 2350//2350 124//124
f 87//87 2312//2312 92//92
f 124//124 2350//2350 118//118
f 92//92 2312//2312 97//97
f 118//118 2350//2350 2346//2346
f 2257//2257 2320//2320 2255//2255
f 2267//2267 2357//2357 2263//2263
f 2255//2255 2320//2320 2254//2254
f 2355//2355 2357//2357 2267//2267
f 2316//2316 2320//2320 2257//2257
f 83//83 2315//2315 87//87
f 87//87 2315//2315 2312//2312
f 122//122 2354//2354 123//123
f 123//123 2354//2354 2350//2350
f 2254//2254 2323//2323 2303//2303
f 122//122 2358//2358 2354//2354
f 119//119 2358//2358 122//122
f 2320//2320 2323//2323 2254//2254
f 2262//2262 2366//2366 2277//2277
f 79//79 2318//2318 83//83
f 2277//2277 2366//2366 2364//2364
f 83//83 2318//2318 2315//2315
f 2366//2366 2362//2362 2364//2364
f 2364//2364 2362//2362 2304//2304
f 2262//2262 2362//2362 2366//2366
f 2303//2303 2319//2319 2301//2301
f 2364//2364 2306//2306 2308//2308
f 2323//2323 2319//2319 2303//2303
f 2309//2309 2306//2306 2304//2304
f 2304//2304 2306//2306 2364//2364
f 1500//1500 2268//2268 2264//2264
f 1500//1500 1499//1499 2268//2268
f 1499//1499 2272//2272 2268//2268
f 1477//1477 2261//2261 2260//2260
f 1499//1499 1496//1496 2272//2272
f 1496//1496 2276//2276 2272//2272
f 1477//1477 1482//1482 2261//2261
f 1496//1496 1495//1495 2276//2276
f 1495//1495 2260//2260 2276//2276
f 1482//1482 2266//2266 2261//2261
f 1495//1495 1477//1477 2260//2260
f 1482//1482 1485//1485 2266//2266
f 1485//1485 2270//2270 2266//2266
f 1485//1485 1490//1490 2270//2270
f 1490//1490 2274//2274 2270//2270
f 2274//2274 1489//1489 2278//2278
f 1490//1490 1489//1489 2274//2274
f 2278//2278 1483//1483 2280//2280
f 1489//1489 1483//1483 2278//2278
f 2280//2280 1478//1478 2282//2282
f 1483//1483 1478//1478 2280//2280
f 2282//2282 1474//1474 2284//2284
f 1478//1478 1474//1474 2282//2282
f 2284//2284 1473//1473 2286//2286
f 1474//1474 1473//1473 2284//2284
f 2286//2286 1518//1518 2288//2288
f 1473//1473 1518//1518 2286//2286
f 2288//2288 1517//1517 2290//2290
f 1518//1518 1517//1517 2288//2288
f 1517//1517 1523//1523 2290//2290
f 2290//2290 1523//1523 2292//2292
f 1523//1523 1521//1521 2292//2292
f 2292//2292 1521//1521 2294//2294
f 1521//1521 1515//1515 2294//2294
f 2294//2294 1515//1515 2296//2296
f 1515//1515 1512//1512 2296//2296
f 1512//1512 2298//2298 2296//2296
f 1512//1512 1504//1504 2298//2298
f 1504//1504 2300//2300 2298//2298
f 1504//1504 1497//1497 2300//2300
f 1497//1497 2302//2302 2300//2300
f 1497//1497 1491//1491 2302//2302
f 1491//1491 2252//2252 2302//2302
f 1491//1491 1508//1508 2252//2252
f 1508//1508 2253//2253 2252//2252
f 1508//1508 1503//1503 2253//2253
f 1503//1503 2256//2256 2253//2253
f 1503//1503 1502//1502 2256//2256
f 1502//1502 2258//2258 2256//2256
f 1502//1502 1501//1501 2258//2258
f 1501//1501 2264//2264 2258//2258
f 1501//1501 1500//1500 2264//2264
f 2367//2367 2368//2368 2369//2369
f 2370//2370 2371//2371 2372//2372
f 2368//2368 2371//2371 2370//2370
f 2372//2372 2373//2373 2374//2374
f 2371//2371 2373//2373 2372//2372
f 2375//2375 2376//2376 2377//2377
f 2377//2377 2376//2376 2378//2378
f 2374//2374 2379//2379 2380//2380
f 2373//2373 2379//2379 2374//2374
f 2378//2378 2381//2381 2382//2382
f 2376//2376 2381//2381 2378//2378
f 2380//2380 2383//2383 2384//2384
f 2379//2379 2383//2383 2380//2380
f 2382//2382 2385//2385 2386//2386
f 2381//2381 2385//2385 2382//2382
f 2384//2384 2387//2387 2388//2388
f 2383//2383 2387//2387 2384//2384
f 2386//2386 2389//2389 2390//2390
f 2385//2385 2389//2389 2386//2386
f 2388//2388 2391//2391 2392//2392
f 2387//2387 2391//2391 2388//2388
f 2392//2392 2375//2375 2377//2377
f 2390//2390 2393//2393 2394//2394
f 2389//2389 2393//2393 2390//2390
f 2391//2391 2375//2375 2392//2392
f 2394//2394 2395//2395 2396//2396
f 2393//2393 2395//2395 2394//2394
f 2396//2396 2397//2397 2398//2398
f 2395//2395 2397//2397 2396//2396
f 2398//2398 2399//2399 2400//2400
f 2397//2397 2399//2399 2398//2398
f 2400//2400 2401//2401 2402//2402
f 2399//2399 2401//2401 2400//2400
f 2402//2402 2403//2403 2404//2404
f 2401//2401 2403//2403 2402//2402
f 2403//2403 2405//2405 2404//2404
f 2404//2404 2405//2405 2406//2406
f 2405//2405 2407//2407 2406//2406
f 2406//2406 2407//2407 2408//2408
f 2407//2407 2409//2409 2408//2408
f 2408//2408 2409//2409 2410//2410
f 2409//2409 2411//2411 2410//2410
f 2410//2410 2411//2411 2412//2412
f 2411//2411 2413//2413 2412//2412
f 2412//2412 2413//2413 2414//2414
f 2413//2413 2415//2415 2414//2414
f 2414//2414 2415//2415 2416//2416
f 2416//2416 2417//2417 2418//2418
f 2415//2415 2417//2417 2416//2416
f 2418//2418 2367//2367 2369//2369
f 2417//2417 2367//2367 2418//2418
f 2369//2369 2368//2368 2370//2370
f 2419//2419 2420//2420 71//71
f 71//71 2420//2420 77//77
f 2421//2421 2422//2422 2423//2423
f 2424//2424 2422//2422 2421//2421
f 24//24 2425//2425 31//31
f 2423//2423 2422//2422 2426//2426
f 2427//2427 2422//2422 2424//2424
f 2422//2422 2428//2428 2426//2426
f 2416//2416 2429//2429 2414//2414
f 2427//2427 2428//2428 2422//2422
f 2414//2414 2429//2429 2412//2412
f 2430//2430 2428//2428 2427//2427
f 2426//2426 2428//2428 2431//2431
f 2428//2428 2432//2432 2431//2431
f 2430//2430 2432//2432 2428//2428
f 2433//2433 2432//2432 2430//2430
f 2434//2434 2429//2429 2416//2416
f 2431//2431 2432//2432 2435//2435
f 2432//2432 2436//2436 2435//2435
f 20//20 2437//2437 24//24
f 2433//2433 2436//2436 2432//2432
f 2435//2435 2436//2436 2438//2438
f 2425//2425 2436//2436 2433//2433
f 38//38 2439//2439 2433//2433
f 24//24 2437//2437 2425//2425
f 31//31 2439//2439 38//38
f 2429//2429 2440//2440 2412//2412
f 2425//2425 2439//2439 31//31
f 2412//2412 2440//2440 2410//2410
f 2433//2433 2439//2439 2425//2425
f 2436//2436 2441//2441 2438//2438
f 2425//2425 2441//2441 2436//2436
f 2437//2437 2441//2441 2425//2425
f 2438//2438 2441//2441 2434//2434
f 2437//2437 2442//2442 2441//2441
f 34//34 2443//2443 28//28
f 2441//2441 2442//2442 2434//2434
f 28//28 2443//2443 20//20
f 2434//2434 2442//2442 2429//2429
f 2443//2443 2442//2442 2437//2437
f 20//20 2443//2443 2437//2437
f 2429//2429 2444//2444 2440//2440
f 2440//2440 2445//2445 2410//2410
f 2442//2442 2444//2444 2429//2429
f 2410//2410 2445//2445 2408//2408
f 2443//2443 2444//2444 2442//2442
f 2446//2446 2444//2444 2443//2443
f 2446//2446 2447//2447 2444//2444
f 2448//2448 2447//2447 2446//2446
f 2440//2440 2447//2447 2445//2445
f 2444//2444 2447//2447 2440//2440
f 2445//2445 2449//2449 2450//2450
f 34//34 2446//2446 2443//2443
f 2448//2448 2449//2449 2447//2447
f 2447//2447 2449//2449 2445//2445
f 66//66 2446//2446 34//34
f 2451//2451 2449//2449 2448//2448
f 2449//2449 2452//2452 2450//2450
f 2453//2453 2452//2452 2451//2451
f 2450//2450 2452//2452 2454//2454
f 2408//2408 2450//2450 2406//2406
f 2451//2451 2452//2452 2449//2449
f 2406//2406 2450//2450 2404//2404
f 2453//2453 2455//2455 2452//2452
f 2452//2452 2455//2455 2454//2454
f 2454//2454 2455//2455 2456//2456
f 2457//2457 2455//2455 2453//2453
f 2455//2455 2458//2458 2456//2456
f 2445//2445 2450//2450 2408//2408
f 2457//2457 2458//2458 2455//2455
f 2459//2459 2458//2458 2457//2457
f 2456//2456 2458//2458 2460//2460
f 66//66 2448//2448 2446//2446
f 2461//2461 2462//2462 2459//2459
f 2459//2459 2462//2462 2458//2458
f 65//65 2448//2448 66//66
f 2458//2458 2462//2462 2460//2460
f 2460//2460 2462//2462 2463//2463
f 2404//2404 2454//2454 2402//2402
f 74//74 2464//2464 62//62
f 2457//2457 2464//2464 2459//2459
f 2459//2459 2464//2464 74//74
f 62//62 2464//2464 2457//2457
f 2450//2450 2454//2454 2404//2404
f 2465//2465 2466//2466 2461//2461
f 2462//2462 2466//2466 2463//2463
f 2461//2461 2466//2466 2462//2462
f 2463//2463 2466//2466 2467//2467
f 63//63 2451//2451 64//64
f 2465//2465 2468//2468 2466//2466
f 64//64 2451//2451 65//65
f 2466//2466 2468//2468 2467//2467
f 65//65 2451//2451 2448//2448
f 2469//2469 2468//2468 2465//2465
f 2467//2467 2468//2468 2470//2470
f 2454//2454 2456//2456 2402//2402
f 2402//2402 2456//2456 2400//2400
f 2378//2378 2471//2471 2377//2377
f 2472//2472 2471//2471 2378//2378
f 2473//2473 2474//2474 2469//2469
f 2470//2470 2474//2474 2472//2472
f 2468//2468 2474//2474 2470//2470
f 2469//2469 2474//2474 2468//2468
f 2472//2472 2474//2474 2473//2473
f 60//60 2453//2453 63//63
f 2471//2471 2475//2475 2377//2377
f 63//63 2453//2453 2451//2451
f 2472//2472 2475//2475 2471//2471
f 2473//2473 2475//2475 2472//2472
f 2400//2400 2460//2460 2398//2398
f 81//81 2476//2476 2473//2473
f 2398//2398 2460//2460 2396//2396
f 77//77 2476//2476 81//81
f 2477//2477 2478//2478 2419//2419
f 2377//2377 2478//2478 2477//2477
f 2392//2392 2479//2479 2388//2388
f 2419//2419 2478//2478 2420//2420
f 2456//2456 2460//2460 2400//2400
f 2420//2420 2478//2478 77//77
f 77//77 2478//2478 2377//2377
f 2377//2377 2480//2480 77//77
f 2473//2473 2480//2480 2475//2475
f 62//62 2457//2457 60//60
f 2475//2475 2480//2480 2377//2377
f 77//77 2480//2480 2476//2476
f 2388//2388 2423//2423 2384//2384
f 2476//2476 2480//2480 2473//2473
f 60//60 2457//2457 2453//2453
f 2396//2396 2463//2463 2394//2394
f 2479//2479 2423//2423 2388//2388
f 2460//2460 2463//2463 2396//2396
f 67//67 2419//2419 71//71
f 90//90 2459//2459 74//74
f 2384//2384 2426//2426 2380//2380
f 2380//2380 2426//2426 2374//2374
f 2394//2394 2467//2467 2390//2390
f 2390//2390 2467//2467 2386//2386
f 2423//2423 2426//2426 2384//2384
f 2463//2463 2467//2467 2394//2394
f 67//67 2424//2424 2419//2419
f 58//58 2424//2424 67//67
f 106//106 2461//2461 90//90
f 90//90 2461//2461 2459//2459
f 2374//2374 2431//2431 2372//2372
f 2386//2386 2470//2470 2382//2382
f 2426//2426 2431//2431 2374//2374
f 58//58 2427//2427 2424//2424
f 2467//2467 2470//2470 2386//2386
f 95//95 2465//2465 96//96
f 49//49 2427//2427 53//53
f 96//96 2465//2465 106//106
f 53//53 2427//2427 58//58
f 106//106 2465//2465 2461//2461
f 2372//2372 2435//2435 2370//2370
f 2382//2382 2472//2472 2378//2378
f 2370//2370 2435//2435 2369//2369
f 2470//2470 2472//2472 2382//2382
f 2431//2431 2435//2435 2372//2372
f 45//45 2430//2430 49//49
f 49//49 2430//2430 2427//2427
f 86//86 2469//2469 95//95
f 95//95 2469//2469 2465//2465
f 2369//2369 2438//2438 2418//2418
f 86//86 2473//2473 2469//2469
f 81//81 2473//2473 86//86
f 2435//2435 2438//2438 2369//2369
f 2377//2377 2481//2481 2392//2392
f 38//38 2433//2433 45//45
f 2392//2392 2481//2481 2479//2479
f 45//45 2433//2433 2430//2430
f 2481//2481 2477//2477 2479//2479
f 2479//2479 2477//2477 2419//2419
f 2377//2377 2477//2477 2481//2481
f 2418//2418 2434//2434 2416//2416
f 2479//2479 2421//2421 2423//2423
f 2438//2438 2434//2434 2418//2418
f 2424//2424 2421//2421 2419//2419
f 2419//2419 2421//2421 2479//2479
f 1493//1493 2383//2383 2379//2379
f 1493//1493 1492//1492 2383//2383
f 1492//1492 2387//2387 2383//2383
f 1516//1516 2376//2376 2375//2375
f 1492//1492 1505//1505 2387//2387
f 1505//1505 2391//2391 2387//2387
f 1516//1516 1522//1522 2376//2376
f 1505//1505 1513//1513 2391//2391
f 1513//1513 2375//2375 2391//2391
f 1522//1522 2381//2381 2376//2376
f 1513//1513 1516//1516 2375//2375
f 1522//1522 1524//1524 2381//2381
f 1524//1524 2385//2385 2381//2381
f 1524//1524 1511//1511 2385//2385
f 1511//1511 2389//2389 2385//2385
f 2389//2389 1476//1476 2393//2393
f 1511//1511 1476//1476 2389//2389
f 2393//2393 1475//1475 2395//2395
f 1476//1476 1475//1475 2393//2393
f 2395//2395 1484//1484 2397//2397
f 1475//1475 1484//1484 2395//2395
f 2397//2397 1481//1481 2399//2399
f 1484//1484 1481//1481 2397//2397
f 2399//2399 1480//1480 2401//2401
f 1481//1481 1480//1480 2399//2399
f 2401//2401 1479//1479 2403//2403
f 1480//1480 1479//1479 2401//2401
f 2403//2403 1520//1520 2405//2405
f 1479//1479 1520//1520 2403//2403
f 1520//1520 1519//1519 2405//2405
f 2405//2405 1519//1519 2407//2407
f 1519//1519 1514//1514 2407//2407
f 2407//2407 1514//1514 2409//2409
f 1514//1514 1510//1510 2409//2409
f 2409//2409 1510//1510 2411//2411
f 1510//1510 1498//1498 2411//2411
f 1498//1498 2413//2413 2411//2411
f 1498//1498 1488//1488 2413//2413
f 1488//1488 2415//2415 2413//2413
f 1488//1488 1487//1487 2415//2415
f 1487//1487 2417//2417 2415//2415
f 1487//1487 1486//1486 2417//2417
f 1486//1486 2367//2367 2417//2417
f 1486//1486 1494//1494 2367//2367
f 1494//1494 2368//2368 2367//2367
f 1494//1494 1507//1507 2368//2368
f 1507//1507 2371//2371 2368//2368
f 1507//1507 1506//1506 2371//2371
f 1506//1506 2373//2373 2371//2371
f 1506//1506 1509//1509 2373//2373
f 1509//1509 2379//2379 2373//2373
f 1509//1509 1493//1493 2379//2379
f 407//407 2482//2482 938//938
f 404//404 2482//2482 407//407
f 399//399 2483//2483 2482//2482
f 399//399 2482//2482 404//404
f 398//398 2484//2484 2483//2483
f 398//398 2485//2485 2484//2484
f 398//398 2483//2483 399//399
f 2486//2486 2487//2487 2485//2485
f 2486//2486 2488//2488 2487//2487
f 2486//2486 2489//2489 2488//2488
f 2486//2486 2490//2490 2489//2489
f 2486//2486 2485//2485 398//398
f 2491//2491 2492//2492 2490//2490
f 2491//2491 2493//2493 2492//2492
f 2491//2491 2490//2490 2486//2486
f 2494//2494 2493//2493 2491//2491
f 2495//2495 2494//2494 2491//2491
f 421//421 2495//2495 2491//2491
f 2496//2496 2495//2495 421//421
f 2497//2497 421//421 419//419
f 2497//2497 2496//2496 421//421
f 2498//2498 419//419 418//418
f 2498//2498 2497//2497 419//419
f 414//414 2498//2498 418//418
f 1244//1244 1363//1363 1243//1243
f 1359//1359 1363//1363 1244//1244
f 416//416 2498//2498 414//414
f 1243//1243 1367//1367 1242//1242
f 1363//1363 1367//1367 1243//1243
f 1356//1356 1353//1353 416//416
f 416//416 1353//1353 2498//2498
f 1242//1242 1322//1322 1214//1214
f 1367//1367 1322//1322 1242//1242
f 2498//2498 1346//1346 2497//2497
f 1353//1353 1346//1346 2498//2498
f 1214//1214 1321//1321 1211//1211
f 1322//1322 1321//1321 1214//1214
f 2497//2497 1334//1334 2496//2496
f 1346//1346 1334//1334 2497//2497
f 1211//1211 1332//1332 1220//1220
f 1321//1321 1332//1332 1211//1211
f 2496//2496 1319//1319 2495//2495
f 1334//1334 1319//1319 2496//2496
f 1220//1220 1340//1340 1224//1224
f 1332//1332 1340//1340 1220//1220
f 2495//2495 1318//1318 2494//2494
f 1319//1319 1318//1318 2495//2495
f 1224//1224 1351//1351 1233//1233
f 2494//2494 1366//1366 2493//2493
f 1340//1340 1351//1351 1224//1224
f 1318//1318 1366//1366 2494//2494
f 1233//1233 1356//1356 416//416
f 1351//1351 1356//1356 1233//1233
f 2493//2493 1362//1362 2492//2492
f 1366//1366 1362//1362 2493//2493
f 2492//2492 1357//1357 2490//2490
f 1362//1362 1357//1357 2492//2492
f 2490//2490 1347//1347 2489//2489
f 1357//1357 1347//1347 2490//2490
f 1347//1347 1341//1341 2489//2489
f 2489//2489 1341//1341 2488//2488
f 1341//1341 1335//1335 2488//2488
f 2488//2488 1335//1335 2487//2487
f 2487//2487 1327//1327 2485//2485
f 1335//1335 1327//1327 2487//2487
f 2485//2485 1324//1324 2484//2484
f 1327//1327 1324//1324 2485//2485
f 1324//1324 1330//1330 2484//2484
f 2484//2484 1330//1330 2483//2483
f 1330//1330 1337//1337 2483//2483
f 2483//2483 1337//1337 2482//2482
f 2482//2482 929//929 938//938
f 1337//1337 1343//1343 2482//2482
f 2482//2482 1343//1343 929//929
f 1343//1343 1348//1348 929//929
f 929//929 1348//1348 1219//1219
f 1219//1219 1359//1359 1244//1244
f 1348//1348 1359//1359 1219//1219
f 425//425 2499//2499 423//423
f 475//475 2500//2500 2499//2499
f 475//475 2499//2499 425//425
f 476//476 2501//2501 2500//2500
f 476//476 2502//2502 2501//2501
f 476//476 2500//2500 475//475
f 2503//2503 2504//2504 2502//2502
f 2503//2503 2505//2505 2504//2504
f 2503//2503 2506//2506 2505//2505
f 2503//2503 2507//2507 2506//2506
f 2503//2503 2502//2502 476//476
f 2508//2508 2509//2509 2507//2507
f 2508//2508 2510//2510 2509//2509
f 2508//2508 2511//2511 2510//2510
f 2508//2508 2512//2512 2511//2511
f 2508//2508 2507//2507 2503//2503
f 451//451 2513//2513 2512//2512
f 451//451 2514//2514 2513//2513
f 451//451 2512//2512 2508//2508
f 445//445 2514//2514 451//451
f 2515//2515 2514//2514 445//445
f 442//442 2515//2515 445//445
f 441//441 2515//2515 442//442
f 923//923 2515//2515 441//441
f 2506//2506 1401//1401 2505//2505
f 1404//1404 1401//1401 2506//2506
f 2505//2505 1397//1397 2504//2504
f 438//438 1418//1418 1231//1231
f 1401//1401 1397//1397 2505//2505
f 2504//2504 1402//1402 2502//2502
f 1397//1397 1402//1402 2504//2504
f 1231//1231 1420//1420 1232//1232
f 1418//1418 1420//1420 1231//1231
f 2502//2502 1406//1406 2501//2501
f 1402//1402 1406//1406 2502//2502
f 1232//1232 1400//1400 1234//1234
f 1420//1420 1400//1400 1232//1232
f 2501//2501 1409//1409 2500//2500
f 1406//1406 1409//1409 2501//2501
f 1234//1234 1399//1399 1236//1236
f 1400//1400 1399//1399 1234//1234
f 2500//2500 1414//1414 2499//2499
f 1409//1409 1414//1414 2500//2500
f 1236//1236 1405//1405 1238//1238
f 1399//1399 1405//1405 1236//1236
f 2499//2499 438//438 423//423
f 1238//1238 1410//1410 1239//1239
f 1414//1414 1416//1416 2499//2499
f 1405//1405 1410//1410 1238//1238
f 2499//2499 1416//1416 438//438
f 1416//1416 1418//1418 438//438
f 1239//1239 1413//1413 1240//1240
f 1410//1410 1413//1413 1239//1239
f 1240//1240 1412//1412 1241//1241
f 1413//1413 1412//1412 1240//1240
f 1241//1241 1408//1408 1217//1217
f 1412//1412 1408//1408 1241//1241
f 927//927 2515//2515 923//923
f 1217//1217 1403//1403 927//927
f 1408//1408 1403//1403 1217//1217
f 1403//1403 1398//1398 927//927
f 1398//1398 1395//1395 927//927
f 2515//2515 1395//1395 2514//2514
f 927//927 1395//1395 2515//2515
f 1395//1395 1396//1396 2514//2514
f 2514//2514 1396//1396 2513//2513
f 1396//1396 1419//1419 2513//2513
f 2513//2513 1419//1419 2512//2512
f 1419//1419 1417//1417 2512//2512
f 2512//2512 1417//1417 2511//2511
f 1417//1417 1415//1415 2511//2511
f 2511//2511 1415//1415 2510//2510
f 1415//1415 1411//1411 2510//2510
f 2510//2510 1411//1411 2509//2509
f 1411//1411 1407//1407 2509//2509
f 2509//2509 1407//1407 2507//2507
f 2507//2507 1404//1404 2506//2506
f 1407//1407 1404//1404 2507//2507
f 467//467 466//466 468//468
f 463//463 466//466 467//467
f 2503//2503 471//471 466//466
f 2503//2503 474//474 471//471
f 2503//2503 476//476 474//474
f 2503//2503 466//466 463//463
f 2508//2508 463//463 448//448
f 2508//2508 2503//2503 463//463
f 451//451 2508//2508 448//448
f 371//371 381//381 378//378
f 366//366 381//381 371//371
f 2486//2486 390//390 381//381
f 2486//2486 394//394 390//390
f 2486//2486 398//398 394//394
f 2486//2486 381//381 366//366
f 2491//2491 366//366 365//365
f 2491//2491 2486//2486 366//366
f 421//421 2491//2491 365//365
f 5//5 968//968 202//202
f 1//1 968//968 5//5
f 2516//2516 2517//2517 968//968
f 345//345 2518//2518 2519//2519
f 2520//2520 2521//2521 364//364
f 2520//2520 364//364 343//343
f 345//345 347//347 2518//2518
f 3//3 2519//2519 2522//2522
f 3//3 2522//2522 2523//2523
f 3//3 2523//2523 2524//2524
f 2525//2525 362//362 2521//2521
f 3//3 345//345 2519//2519
f 2525//2525 359//359 362//362
f 1//1 2526//2526 2527//2527
f 1//1 2524//2524 2528//2528
f 1//1 2528//2528 2529//2529
f 1//1 2529//2529 2530//2530
f 2531//2531 2516//2516 968//968
f 1//1 2530//2530 2526//2526
f 1//1 2527//2527 9//9
f 1//1 3//3 2524//2524
f 2532//2532 343//343 341//341
f 968//968 1//1 9//9
f 2532//2532 2520//2520 343//343
f 968//968 9//9 22//22
f 2533//2533 359//359 2525//2525
f 2533//2533 357//357 359//359
f 2534//2534 2531//2531 968//968
f 2535//2535 2532//2532 341//341
f 2536//2536 323//323 325//325
f 2537//2537 357//357 2533//2533
f 2537//2537 355//355 357//357
f 2538//2538 2535//2535 341//341
f 2539//2539 325//325 327//327
f 2539//2539 2536//2536 325//325
f 300//300 2540//2540 2541//2541
f 300//300 2541//2541 2542//2542
f 2543//2543 323//323 2536//2536
f 2538//2538 341//341 339//339
f 2543//2543 321//321 323//323
f 300//300 302//302 2540//2540
f 2544//2544 2539//2539 327//327
f 2545//2545 355//355 2537//2537
f 2545//2545 353//353 355//355
f 2544//2544 327//327 329//329
f 303//303 2542//2542 2546//2546
f 2547//2547 2538//2538 339//339
f 303//303 300//300 2542//2542
f 2548//2548 321//321 2543//2543
f 2547//2547 339//339 337//337
f 2548//2548 319//319 321//321
f 306//306 2546//2546 2549//2549
f 306//306 303//303 2546//2546
f 2550//2550 2544//2544 329//329
f 2550//2550 329//329 331//331
f 2551//2551 353//353 2545//2545
f 2552//2552 319//319 2548//2548
f 2551//2551 351//351 353//353
f 308//308 2549//2549 2553//2553
f 308//308 2553//2553 2554//2554
f 2552//2552 317//317 319//319
f 2555//2555 2547//2547 337//337
f 308//308 306//306 2549//2549
f 2556//2556 2550//2550 331//331
f 2555//2555 337//337 335//335
f 2557//2557 317//317 2552//2552
f 310//310 308//308 2554//2554
f 310//310 2554//2554 2534//2534
f 2558//2558 351//351 2551//2551
f 2557//2557 315//315 317//317
f 2559//2559 2555//2555 335//335
f 22//22 2534//2534 968//968
f 22//22 310//310 2534//2534
f 2560//2560 2556//2556 331//331
f 349//349 351//351 2558//2558
f 2561//2561 315//315 2557//2557
f 2562//2562 349//349 2558//2558
f 2563//2563 2559//2559 335//335
f 2561//2561 313//313 315//315
f 2563//2563 335//335 333//333
f 2564//2564 2560//2560 331//331
f 2565//2565 313//313 2561//2561
f 2527//2527 2563//2563 333//333
f 2527//2527 333//333 9//9
f 311//311 313//313 2565//2565
f 347//347 2562//2562 2518//2518
f 347//347 349//349 2562//2562
f 968//968 2564//2564 331//331
f 968//968 2566//2566 2564//2564
f 2567//2567 311//311 2565//2565
f 2517//2517 2566//2566 968//968
f 2521//2521 362//362 364//364
f 302//302 311//311 2567//2567
f 302//302 2567//2567 2540//2540
f 2568//2568 2569//2569 2570//2570
f 2569//2569 2571//2571 2570//2570
f 2570//2570 2571//2571 2572//2572
f 2571//2571 2573//2573 2572//2572
f 2572//2572 2573//2573 2574//2574
f 2575//2575 2576//2576 2577//2577
f 2573//2573 2578//2578 2574//2574
f 2577//2577 2576//2576 2579//2579
f 2574//2574 2578//2578 2580//2580
f 2579//2579 2581//2581 2582//2582
f 2576//2576 2581//2581 2579//2579
f 2578//2578 2583//2583 2580//2580
f 2580//2580 2583//2583 2584//2584
f 2582//2582 2585//2585 2586//2586
f 2581//2581 2585//2585 2582//2582
f 2584//2584 2587//2587 2588//2588
f 2583//2583 2587//2587 2584//2584
f 2586//2586 2589//2589 2590//2590
f 2588//2588 2591//2591 2592//2592
f 2585//2585 2589//2589 2586//2586
f 2587//2587 2591//2591 2588//2588
f 2590//2590 2593//2593 2594//2594
f 2592//2592 2595//2595 2596//2596
f 2589//2589 2593//2593 2590//2590
f 2591//2591 2595//2595 2592//2592
f 2596//2596 2597//2597 2598//2598
f 2595//2595 2597//2597 2596//2596
f 2594//2594 2599//2599 2600//2600
f 2598//2598 2575//2575 2577//2577
f 2593//2593 2599//2599 2594//2594
f 2597//2597 2575//2575 2598//2598
f 2600//2600 2601//2601 2602//2602
f 2599//2599 2601//2601 2600//2600
f 2602//2602 2603//2603 2604//2604
f 2601//2601 2603//2603 2602//2602
f 2604//2604 2605//2605 2606//2606
f 2603//2603 2605//2605 2604//2604
f 2606//2606 2607//2607 2608//2608
f 2605//2605 2607//2607 2606//2606
f 2607//2607 2609//2609 2608//2608
f 2608//2608 2609//2609 2610//2610
f 2609//2609 2611//2611 2610//2610
f 2610//2610 2611//2611 2612//2612
f 2611//2611 2613//2613 2612//2612
f 2612//2612 2613//2613 2614//2614
f 2613//2613 2615//2615 2614//2614
f 2614//2614 2615//2615 2616//2616
f 2615//2615 2617//2617 2616//2616
f 2616//2616 2617//2617 2618//2618
f 2617//2617 2619//2619 2618//2618
f 2618//2618 2619//2619 2568//2568
f 2619//2619 2569//2569 2568//2568
f 2564//2564 2568//2568 2570//2570
f 2564//2564 2566//2566 2568//2568
f 2566//2566 2618//2618 2568//2568
f 2531//2531 2612//2612 2614//2614
f 2566//2566 2517//2517 2618//2618
f 2517//2517 2616//2616 2618//2618
f 2531//2531 2534//2534 2612//2612
f 2517//2517 2516//2516 2616//2616
f 2516//2516 2614//2614 2616//2616
f 2534//2534 2610//2610 2612//2612
f 2516//2516 2531//2531 2614//2614
f 2534//2534 2554//2554 2610//2610
f 2554//2554 2608//2608 2610//2610
f 2554//2554 2553//2553 2608//2608
f 2553//2553 2606//2606 2608//2608
f 2553//2553 2549//2549 2606//2606
f 2549//2549 2604//2604 2606//2606
f 2549//2549 2546//2546 2604//2604
f 2546//2546 2602//2602 2604//2604
f 2546//2546 2542//2542 2602//2602
f 2542//2542 2600//2600 2602//2602
f 2542//2542 2541//2541 2600//2600
f 2541//2541 2594//2594 2600//2600
f 2541//2541 2540//2540 2594//2594
f 2540//2540 2590//2590 2594//2594
f 2540//2540 2567//2567 2590//2590
f 2567//2567 2586//2586 2590//2590
f 2567//2567 2565//2565 2586//2586
f 2565//2565 2582//2582 2586//2586
f 2565//2565 2561//2561 2582//2582
f 2561//2561 2579//2579 2582//2582
f 2561//2561 2557//2557 2579//2579
f 2557//2557 2577//2577 2579//2579
f 2557//2557 2552//2552 2577//2577
f 2552//2552 2598//2598 2577//2577
f 2552//2552 2548//2548 2598//2598
f 2548//2548 2596//2596 2598//2598
f 2548//2548 2543//2543 2596//2596
f 2543//2543 2592//2592 2596//2596
f 2543//2543 2536//2536 2592//2592
f 2536//2536 2588//2588 2592//2592
f 2536//2536 2539//2539 2588//2588
f 2539//2539 2584//2584 2588//2588
f 2539//2539 2544//2544 2584//2584
f 2544//2544 2580//2580 2584//2584
f 2544//2544 2550//2550 2580//2580
f 2550//2550 2574//2574 2580//2580
f 2550//2550 2556//2556 2574//2574
f 2556//2556 2572//2572 2574//2574
f 2556//2556 2560//2560 2572//2572
f 2560//2560 2570//2570 2572//2572
f 2560//2560 2564//2564 2570//2570
f 1000//1000 2591//2591 2587//2587
f 1000//1000 1003//1003 2591//2591
f 1003//1003 2595//2595 2591//2591
f 976//976 2576//2576 2575//2575
f 1003//1003 971//971 2595//2595
f 971//971 2597//2597 2595//2595
f 976//976 979//979 2576//2576
f 971//971 970//970 2597//2597
f 970//970 2575//2575 2597//2597
f 979//979 2581//2581 2576//2576
f 970//970 976//976 2575//2575
f 979//979 981//981 2581//2581
f 981//981 2585//2585 2581//2581
f 981//981 994//994 2585//2585
f 994//994 2589//2589 2585//2585
f 994//994 990//990 2589//2589
f 990//990 2593//2593 2589//2589
f 990//990 985//985 2593//2593
f 985//985 2599//2599 2593//2593
f 985//985 984//984 2599//2599
f 984//984 2601//2601 2599//2599
f 984//984 983//983 2601//2601
f 983//983 2603//2603 2601//2601
f 983//983 989//989 2603//2603
f 989//989 2605//2605 2603//2603
f 989//989 996//996 2605//2605
f 996//996 2607//2607 2605//2605
f 996//996 1002//1002 2607//2607
f 1002//1002 2609//2609 2607//2607
f 1002//1002 998//998 2609//2609
f 998//998 2611//2611 2609//2609
f 998//998 991//991 2611//2611
f 991//991 2613//2613 2611//2611
f 991//991 986//986 2613//2613
f 986//986 2615//2615 2613//2613
f 986//986 980//980 2615//2615
f 980//980 2617//2617 2615//2615
f 980//980 977//977 2617//2617
f 977//977 2619//2619 2617//2617
f 977//977 974//974 2619//2619
f 974//974 2569//2569 2619//2619
f 974//974 975//975 2569//2569
f 975//975 2571//2571 2569//2569
f 975//975 978//978 2571//2571
f 978//978 2573//2573 2571//2571
f 978//978 982//982 2573//2573
f 982//982 2578//2578 2573//2573
f 982//982 988//988 2578//2578
f 988//988 2583//2583 2578//2578
f 988//988 993//993 2583//2583
f 993//993 2587//2587 2583//2583
f 993//993 1000//1000 2587//2587
f 2620//2620 2621//2621 2622//2622
f 2621//2621 2623//2623 2622//2622
f 2622//2622 2623//2623 2624//2624
f 2623//2623 2625//2625 2624//2624
f 2624//2624 2625//2625 2626//2626
f 2627//2627 2628//2628 2629//2629
f 2625//2625 2630//2630 2626//2626
f 2629//2629 2628//2628 2631//2631
f 2626//2626 2630//2630 2632//2632
f 2631//2631 2633//2633 2634//2634
f 2628//2628 2633//2633 2631//2631
f 2630//2630 2635//2635 2632//2632
f 2632//2632 2635//2635 2636//2636
f 2634//2634 2637//2637 2638//2638
f 2633//2633 2637//2637 2634//2634
f 2636//2636 2639//2639 2640//2640
f 2635//2635 2639//2639 2636//2636
f 2638//2638 2641//2641 2642//2642
f 2640//2640 2643//2643 2644//2644
f 2637//2637 2641//2641 2638//2638
f 2639//2639 2643//2643 2640//2640
f 2642//2642 2645//2645 2646//2646
f 2644//2644 2647//2647 2648//2648
f 2641//2641 2645//2645 2642//2642
f 2643//2643 2647//2647 2644//2644
f 2648//2648 2649//2649 2650//2650
f 2647//2647 2649//2649 2648//2648
f 2646//2646 2651//2651 2652//2652
f 2650//2650 2627//2627 2629//2629
f 2645//2645 2651//2651 2646//2646
f 2649//2649 2627//2627 2650//2650
f 2652//2652 2653//2653 2654//2654
f 2651//2651 2653//2653 2652//2652
f 2654//2654 2655//2655 2656//2656
f 2653//2653 2655//2655 2654//2654
f 2656//2656 2657//2657 2658//2658
f 2655//2655 2657//2657 2656//2656
f 2658//2658 2659//2659 2660//2660
f 2657//2657 2659//2659 2658//2658
f 2659//2659 2661//2661 2660//2660
f 2660//2660 2661//2661 2662//2662
f 2661//2661 2663//2663 2662//2662
f 2662//2662 2663//2663 2664//2664
f 2663//2663 2665//2665 2664//2664
f 2664//2664 2665//2665 2666//2666
f 2665//2665 2667//2667 2666//2666
f 2666//2666 2667//2667 2668//2668
f 2667//2667 2669//2669 2668//2668
f 2668//2668 2669//2669 2670//2670
f 2669//2669 2671//2671 2670//2670
f 2670//2670 2671//2671 2620//2620
f 2671//2671 2621//2621 2620//2620
f 2555//2555 2620//2620 2622//2622
f 2555//2555 2559//2559 2620//2620
f 2559//2559 2670//2670 2620//2620
f 2526//2526 2664//2664 2666//2666
f 2559//2559 2563//2563 2670//2670
f 2563//2563 2668//2668 2670//2670
f 2526//2526 2530//2530 2664//2664
f 2563//2563 2527//2527 2668//2668
f 2527//2527 2666//2666 2668//2668
f 2530//2530 2662//2662 2664//2664
f 2527//2527 2526//2526 2666//2666
f 2530//2530 2529//2529 2662//2662
f 2529//2529 2660//2660 2662//2662
f 2529//2529 2528//2528 2660//2660
f 2528//2528 2658//2658 2660//2660
f 2528//2528 2524//2524 2658//2658
f 2524//2524 2656//2656 2658//2658
f 2524//2524 2523//2523 2656//2656
f 2523//2523 2654//2654 2656//2656
f 2523//2523 2522//2522 2654//2654
f 2522//2522 2652//2652 2654//2654
f 2522//2522 2519//2519 2652//2652
f 2519//2519 2646//2646 2652//2652
f 2519//2519 2518//2518 2646//2646
f 2518//2518 2642//2642 2646//2646
f 2518//2518 2562//2562 2642//2642
f 2562//2562 2638//2638 2642//2642
f 2562//2562 2558//2558 2638//2638
f 2558//2558 2634//2634 2638//2638
f 2558//2558 2551//2551 2634//2634
f 2551//2551 2631//2631 2634//2634
f 2551//2551 2545//2545 2631//2631
f 2545//2545 2629//2629 2631//2631
f 2545//2545 2537//2537 2629//2629
f 2537//2537 2650//2650 2629//2629
f 2537//2537 2533//2533 2650//2650
f 2533//2533 2648//2648 2650//2650
f 2533//2533 2525//2525 2648//2648
f 2525//2525 2644//2644 2648//2648
f 2525//2525 2521//2521 2644//2644
f 2521//2521 2640//2640 2644//2644
f 2521//2521 2520//2520 2640//2640
f 2520//2520 2636//2636 2640//2640
f 2520//2520 2532//2532 2636//2636
f 2532//2532 2632//2632 2636//2636
f 2532//2532 2535//2535 2632//2632
f 2535//2535 2626//2626 2632//2632
f 2535//2535 2538//2538 2626//2626
f 2538//2538 2624//2624 2626//2626
f 2538//2538 2547//2547 2624//2624
f 2547//2547 2622//2622 2624//2624
f 2547//2547 2555//2555 2622//2622
f 1020//1020 2643//2643 2639//2639
f 1020//1020 1022//1022 2643//2643
f 1022//1022 2647//2647 2643//2643
f 1032//1032 2628//2628 2627//2627
f 1022//1022 1023//1023 2647//2647
f 1023//1023 2649//2649 2647//2647
f 1032//1032 1041//1041 2628//2628
f 1023//1023 1029//1029 2649//2649
f 1029//1029 2627//2627 2649//2649
f 1041//1041 2633//2633 2628//2628
f 1029//1029 1032//1032 2627//2627
f 1041//1041 1012//1012 2633//2633
f 1012//1012 2637//2637 2633//2633
f 1012//1012 1011//1011 2637//2637
f 1011//1011 2641//2641 2637//2637
f 1011//1011 1014//1014 2641//2641
f 1014//1014 2645//2645 2641//2641
f 1014//1014 1008//1008 2645//2645
f 1008//1008 2651//2651 2645//2645
f 1008//1008 1037//1037 2651//2651
f 1037//1037 2653//2653 2651//2651
f 1037//1037 1036//1036 2653//2653
f 1036//1036 2655//2655 2653//2653
f 1036//1036 1035//1035 2655//2655
f 1035//1035 2657//2657 2655//2655
f 1035//1035 1034//1034 2657//2657
f 1034//1034 2659//2659 2657//2657
f 1034//1034 1021//1021 2659//2659
f 1021//1021 2661//2661 2659//2659
f 1021//1021 1019//1019 2661//2661
f 1019//1019 2663//2663 2661//2661
f 1019//1019 1013//1013 2663//2663
f 1013//1013 2665//2665 2663//2663
f 1013//1013 1006//1006 2665//2665
f 1006//1006 2667//2667 2665//2665
f 1006//1006 1042//1042 2667//2667
f 1042//1042 2669//2669 2667//2667
f 1042//1042 1038//1038 2669//2669
f 1038//1038 2671//2671 2669//2669
f 1038//1038 1030//1030 2671//2671
f 1030//1030 2621//2621 2671//2671
f 1030//1030 1033//1033 2621//2621
f 1033//1033 2623//2623 2621//2621
f 1033//1033 1040//1040 2623//2623
f 1040//1040 2625//2625 2623//2623
f 1040//1040 1010//1010 2625//2625
f 1010//1010 2630//2630 2625//2625
f 1010//1010 1009//1009 2630//2630
f 1009//1009 2635//2635 2630//2630
f 1009//1009 1018//1018 2635//2635
f 1018//1018 2639//2639 2635//2635
f 1018//1018 1020//1020 2639//2639
# 5378 faces, 0 coords texture

# End of File
