####
#
# OBJ File Generated by Meshlab
#
####
# Object jaco_mounting_block.obj
#
# Vertices: 1170
# Faces: 2348
#
####
vn 1.8533280176114433 0.9727093803673439 -5.4762919578128608
v 0.0098435003310442 -0.0138939889147878 -0.0000004044424031
vn -3.1317149399694140 -0.1758811624867131 -3.0293879351189821
v 0.0046999212354422 -0.0149998050183058 -0.0000004044424031
vn 2.0322155370327404 0.5008891087963724 -5.4763307931644256
v 0.0095870345830917 -0.0132177779451013 -0.0000004044424031
vn 3.1317122987156449 0.1759046016310097 -3.0293729188561671
v 0.0199997406452894 0.0169997792690992 -0.0000004044424031
vn 0.1758884286758009 3.1317141212127502 -3.0293832800453995
v 0.0169997792690992 0.0199997406452894 -0.0000004044424031
vn 1.3544949258142704 2.8126861191534474 -2.9171759691906214
v 0.0183014012873173 0.0197026543319225 -0.0000004044424031
vn 2.4407665586743401 1.9464051487380187 -2.9171529213388556
v 0.0193452388048172 0.0188702251762152 -0.0000004044424031
vn 2.8126953500954803 1.3545027563108809 -2.9172425803730859
v 0.0197026245296001 0.0183014106005430 -0.0000004044424031
vn 3.0435546096687851 0.6947338318494526 -2.9171942276061018
v 0.0199245121330023 0.0176673308014870 -0.0000004044424031
vn -1.5667221372709559 -1.3879564653109544 -5.4762789287553977
v 0.0147453183308244 0.0144891822710633 -0.0000004044424031
vn -1.1889861846473750 -1.7225476498990449 -5.4763185403121675
v 0.0142040057107806 -0.0100309196859598 -0.0000004044424031
vn -0.7422052387287532 1.9570353592762229 -5.4763189059457300
v 0.0135636338964105 0.0096948258578777 -0.0000004044424031
vn -1.1889948733109796 1.7225236554911838 -5.4763312752573521
v 0.0142040057107806 0.0100309196859598 -0.0000004044424031
vn -1.5666980848374168 1.3879748353325601 -5.4762839053551939
v 0.0147453183308244 0.0105104930698872 -0.0000004044424031
vn -2.0322302895911326 -0.5009415226479250 -5.4763092797819874
v 0.0154126100242138 0.0132177779451013 -0.0000004044424031
vn -1.8533355194610910 -0.9727115822782717 -5.4762853600876564
v 0.0151561424136162 0.0138939889147878 -0.0000004044424031
vn -0.7422063730386190 -1.9570332069424945 -5.4763202904553303
v 0.0135636338964105 -0.0096948258578777 -0.0000004044424031
vn 1.5666577148764191 1.3879560562304383 -5.4763217862796800
v 0.0102543272078037 -0.0144891822710633 -0.0000004044424031
vn -2.4407350761052191 -1.9464580234271760 -2.9172004107269904
v 0.0057907570153475 -0.0181172154843807 -0.0000004044424031
vn -2.8126763475579670 -1.3545112673255999 -2.9171662264465339
v 0.0051950612105429 -0.0171691980212927 -0.0000004044424031
vn -2.0930336656333526 0.0000015371057704 -5.4763306404958474
v 0.0154997985810041 0.0124998372048140 -0.0000004044424031
vn -1.5667230857405765 -1.3879571495485989 -5.4762778986430209
v 0.0147453183308244 -0.0105104930698872 -0.0000004044424031
vn -1.9464335532311177 -2.4407550651715093 -2.9172025204627019
v 0.0065824645571411 -0.0189089141786098 -0.0000004044424031
vn -2.0322346229656079 0.5009363409665872 -5.4763067542101194
v 0.0154126100242138 0.0117818973958492 -0.0000004044424031
vn -1.8533339396566015 -0.9727114810519328 -5.4762865955564539
v 0.0151561424136162 -0.0111056854948401 -0.0000004044424031
vn 1.5666665367198649 -1.3879468630007032 -5.4763213503890373
v 0.0102543272078037 0.0144891822710633 -0.0000004044424031
vn -2.8126763475579661 1.3545112673255997 -2.9171662264465339
v 0.0051950612105429 0.0171691980212927 -0.0000004044424031
vn -2.4407350761052200 1.9464580234271764 -2.9172004107269904
v 0.0057907570153475 0.0181172154843807 -0.0000004044424031
vn -1.8533486659568705 0.9727118949874048 -5.4762752180850898
v 0.0151561424136162 0.0111056854948401 -0.0000004044424031
vn -1.9464335532311172 2.4407550651715089 -2.9172025204627019
v 0.0065824645571411 0.0189089141786098 -0.0000004044424031
vn -1.3545205386695132 2.8126764608064798 -2.9171896776674169
v 0.0075304810889065 0.0195045974105597 -0.0000004044424031
vn 1.1890035174115698 -1.7225831218786947 -5.4762846932420128
v 0.0107956696301699 0.0149687556549907 -0.0000004044424031
vn -0.6946754163043865 3.0435677676834834 -2.9171932544173220
v 0.0085872607305646 0.0198743809014559 -0.0000004044424031
vn -0.1758739026937395 3.1317157579711541 -3.0293925860924533
v 0.0096998559311032 0.0199997406452894 -0.0000004044424031
vn -1.3545205386695134 -2.8126764608064798 -2.9171896776674169
v 0.0075304810889065 -0.0195045974105597 -0.0000004044424031
vn 1.8533216115394571 -0.9727168906167569 -5.4762938340286178
v 0.0098435003310442 0.0138939889147878 -0.0000004044424031
vn -3.1317149399694149 0.1758811624867132 -3.0293879351189821
v 0.0046999212354422 0.0149998050183058 -0.0000004044424031
vn -3.0435744127995159 0.6946613472573894 -2.9172122909910563
v 0.0048252851702273 0.0161123909056187 -0.0000004044424031
vn 1.1889989096230738 1.7225738427846751 -5.4762935101569745
v 0.0107956696301699 -0.0149687556549907 -0.0000004044424031
vn 0.7422153422978626 -1.9570607253824470 -5.4762947053095381
v 0.0114360414445400 0.0153048513457179 -0.0000004044424031
vn 2.0322203518988831 -0.5008883048102268 -5.4763269390369356
v 0.0095870345830917 0.0132177779451013 -0.0000004044424031
vn 0.2522992397391174 -2.0777759318113209 -5.4763288208293410
v 0.0121382120996714 0.0154779292643070 -0.0000004044424031
vn 2.0930835448591818 0.0000017752724948 -5.4762913083056546
v 0.0094998767599463 0.0124998372048140 -0.0000004044424031
vn -0.6946754163043865 -3.0435677676834834 -2.9171932544173220
v 0.0085872607305646 -0.0198743809014559 -0.0000004044424031
vn 1.5666674748819751 -1.3879484695038489 -5.4763198011164560
v 0.0102543272078037 -0.0105104930698872 -0.0000004044424031
vn 1.5666586633184547 1.3879567404825983 -5.4763207562270839
v 0.0102543272078037 0.0105104930698872 -0.0000004044424031
vn -0.2522884641809778 -2.0777843834886456 -5.4763231523068070
v 0.0128614325076342 0.0154779292643070 -0.0000004044424031
vn 2.0322159497222714 0.5008889157604008 -5.4763305141479224
v 0.0095870345830917 0.0117818973958492 -0.0000004044424031
vn 1.1890024944341162 -1.7225847384978805 -5.4762838779391565
v 0.0107956696301699 -0.0100309196859598 -0.0000004044424031
vn 1.1889973670340035 1.7225754021628703 -5.4762929891665264
v 0.0107956696301699 0.0100309196859598 -0.0000004044424031
vn -0.7422105347534470 -1.9570287812437170 -5.4763228117020759
v 0.0135636338964105 0.0153048513457179 -0.0000004044424031
vn 0.6946668299369424 3.0435742180903378 -2.9172181489798095
v 0.0176673103123903 0.0199245214462280 -0.0000004044424031
vn -0.1758739026937395 -3.1317157579711541 -3.0293925860924533
v 0.0096998559311032 -0.0199997406452894 -0.0000004044424031
vn 0.7422280538471637 1.9570581616869742 -5.4762928905769499
v 0.0114360414445400 -0.0153048513457179 -0.0000004044424031
vn 0.2522924754805874 2.0777833977848088 -5.4763231493576718
v 0.0121382120996714 -0.0154779292643070 -0.0000004044424031
vn 1.8533208306332769 -0.9727161979156875 -5.4762946975951410
v 0.0098435003310442 -0.0111056854948401 -0.0000004044424031
vn 1.8533264378074124 0.9727092791408957 -5.4762931932719994
v 0.0098435003310442 0.0111056854948401 -0.0000004044424031
vn -0.2522898919549550 2.0777828076060336 -5.4763243494218754
v 0.0128614325076342 -0.0154779292643070 -0.0000004044424031
vn -1.1889877271493914 -1.7225460905263008 -5.4763190613296899
v 0.0142040057107806 0.0149687556549907 -0.0000004044424031
vn 0.1758884286758012 -3.1317141212127524 -3.0293832800453986
v 0.0169997792690992 -0.0199997406452894 -0.0000004044424031
vn 0.7422129506800536 -1.9570663510623945 -5.4762906795303037
v 0.0114360414445400 -0.0096948258578777 -0.0000004044424031
vn -0.7422076301823755 1.9570297335972118 -5.4763229316589888
v 0.0135636338964105 -0.0153048513457179 -0.0000004044424031
vn 0.7422238917585162 1.9570625872951704 -5.4762903694601279
v 0.0114360414445400 0.0096948258578777 -0.0000004044424031
vn -1.1889958961928879 1.7225220389415083 -5.4763320905118853
v 0.0142040057107806 -0.0149687556549907 -0.0000004044424031
vn 0.2522918132776987 2.0777944142891345 -5.4763135212419263
v 0.0121382120996714 0.0095217507332563 -0.0000004044424031
vn -1.5666971466587998 1.3879732287999018 -5.4762854547114568
v 0.0147453183308244 -0.0144891822710633 -0.0000004044424031
vn 3.1317122987156538 -0.1759046016310105 -3.0293729188561693
v 0.0199997406452894 -0.0169997792690992 -0.0000004044424031
vn -2.0930336772851366 0.0000012150541391 -5.4763306304777437
v 0.0154997985810041 -0.0124998372048140 -0.0000004044424031
vn -2.0322307022991679 -0.5009413296828141 -5.4763090007317503
v 0.0154126100242138 -0.0117818973958492 -0.0000004044424031
vn 2.0322205427822819 -0.5008882469929807 -5.4763268173651865
v 0.0095870345830917 -0.0117818973958492 -0.0000004044424031
vn -1.8533494468509517 0.9727125876843966 -5.4762743545182584
v 0.0151561424136162 -0.0138939889147878 -0.0000004044424031
vn -2.0322344320691874 0.5009363987211033 -5.4763068759085547
v 0.0154126100242138 -0.0132177779451013 -0.0000004044424031
vn 0.2522971341912328 -2.0777885414360235 -5.4763179825574069
v 0.0121382120996714 -0.0095217507332563 -0.0000004044424031
vn 0.6946668299369421 -3.0435742180903356 -2.9172181489798095
v 0.0176673103123903 -0.0199245214462280 -0.0000004044424031
vn 3.0435546096687780 -0.6947338318494518 -2.9171942276060996
v 0.0199245121330023 -0.0176673308014870 -0.0000004044424031
vn 1.9464263708800000 2.4407613181265457 -2.9172048555334165
v 0.0188702046871185 0.0193452499806881 -0.0000004044424031
vn 1.3544949258142731 -2.8126861191534518 -2.9171759691906223
v 0.0183014012873173 -0.0197026543319225 -0.0000004044424031
vn 2.0930835332135773 0.0000014533189246 -5.4762913183192570
v 0.0094998767599463 -0.0124998372048140 -0.0000004044424031
vn 2.4407665586743379 -1.9464051487380167 -2.9171529213388556
v 0.0193452388048172 -0.0188702251762152 -0.0000004044424031
vn 2.8126953500954830 -1.3545027563108829 -2.9172425803730868
v 0.0197026245296001 -0.0183014106005430 -0.0000004044424031
vn 1.9464263708799976 -2.4407613181265413 -2.9172048555334160
v 0.0188702046871185 -0.0193452499806881 -0.0000004044424031
vn -0.2522878020264515 -2.0777953999491370 -5.4763135242079857
v 0.0128614325076342 -0.0095217507332563 -0.0000004044424031
vn -0.2522877864498542 2.0777954171414250 -5.4763135111477741
v 0.0128614325076342 0.0095217507332563 -0.0000004044424031
vn -3.0435744127995159 -0.6946613472573893 -2.9172122909910563
v 0.0048252851702273 -0.0161123909056187 -0.0000004044424031
vn 2.8126753081666434 1.3545146105968877 -2.9171691494204346
v -0.0051950924098492 -0.0075304829515517 -0.0000004044424031
vn -1.5667225912815494 -1.3879582993825108 -5.4762776505921931
v -0.0102543570101261 -0.0105104930698872 -0.0000004044424031
vn 2.4407562762240049 1.9464366490831011 -2.9172188804918782
v -0.0057907877489924 -0.0065824654884636 -0.0000004044424031
vn -0.1758806748293735 -3.1317149949175835 -3.0293882475358624
v -0.0169997792690992 -0.0199997406452894 -0.0000004044424031
vn -2.8126885609103258 -1.3545221571009698 -2.9172556657156714
v -0.0197026543319225 -0.0183014106005430 -0.0000004044424031
vn -3.1317224741380016 -0.1758142850081870 -3.0294307799646658
v -0.0199997406452894 -0.0169997792690992 -0.0000004044424031
vn -0.6946577184003672 -3.0435755668474291 -2.9172140972038085
v -0.0176673401147127 -0.0199245214462280 -0.0000004044424031
vn -1.3544955301768402 -2.8126853613591387 -2.9171735782808086
v -0.0183014329522848 -0.0197026543319225 -0.0000004044424031
vn 1.5666582093347505 1.3879549063988585 -5.4763220343300478
v -0.0147453481331468 -0.0144891822710633 -0.0000004044424031
vn 1.1889989096230738 1.7225738427846751 -5.4762935101569736
v -0.0142040057107806 -0.0149687556549907 -0.0000004044424031
vn 0.7422280538471637 1.9570581616869742 -5.4762928905769499
v -0.0135636338964105 -0.0153048513457179 -0.0000004044424031
vn 0.2522924754805874 2.0777833977848088 -5.4763231493576718
v -0.0128614632412791 -0.0154779292643070 -0.0000004044424031
vn 1.5666679828724865 -1.3879461049847350 -5.4763207330242567
v -0.0147453481331468 -0.0105104930698872 -0.0000004044424031
vn -3.0435620403585508 0.6946626302925404 -2.9171453337269098
v -0.0198744125664234 -0.0085872840136290 -0.0000004044424031
vn -2.8126792087948256 1.3545295508419861 -2.9172259908586970
v -0.0195045974105597 -0.0075304829515517 -0.0000004044424031
vn -2.4407536850986946 1.9464270548989728 -2.9171733488969775
v -0.0189089346677065 -0.0065824654884636 -0.0000004044424031
vn -1.9464264626470971 2.4407603702817844 -2.9172009671047947
v -0.0181172247976065 -0.0057907677255571 -0.0000004044424031
vn 1.1890024944341162 -1.7225847384978805 -5.4762838779391529
v -0.0142040057107806 -0.0100309196859598 -0.0000004044424031
vn -1.3545136131182407 2.8126802217419451 -2.9171918587349261
v -0.0171692073345184 -0.0051950886845589 -0.0000004044424031
vn -0.6946713594451472 3.0435687280952912 -2.9171934454511437
v -0.0161124002188444 -0.0048252972774208 -0.0000004044424031
vn -0.1758719673593898 3.1317159760303968 -3.0293938259605557
v -0.0149998050183058 -0.0046999389305711 -0.0000004044424031
vn 3.0435730719379328 0.6946652224916542 -2.9172097609103287
v -0.0048253154382110 -0.0085872840136290 -0.0000004044424031
vn 1.8533248973212193 -0.9727185473086736 -5.4762906415151944
v -0.0151561731472611 -0.0111056854948401 -0.0000004044424031
vn -3.1317206018427015 0.1758309069498969 -3.0294201311894438
v -0.0199997406452894 -0.0096998736262321 -0.0000004044424031
vn -1.8533288996124735 -0.9727102469179034 -5.4762909470716519
v -0.0098435310646892 -0.0111056854948401 -0.0000004044424031
vn 0.7422129506800536 -1.9570663510623945 -5.4762906795303037
v -0.0135636338964105 -0.0096948258578777 -0.0000004044424031
vn 2.0322224750921447 -0.5008907755309466 -5.4763245987120621
v -0.0154126398265362 -0.0117818973958492 -0.0000004044424031
vn 0.2522971341912328 -2.0777885414360231 -5.4763179825574078
v -0.0128614632412791 -0.0095217507332563 -0.0000004044424031
vn 2.0930825802683861 0.0000020071000106 -5.4762920299851698
v -0.0154997985810041 -0.0124998372048140 -0.0000004044424031
vn -0.2522863579147084 -2.0777970819342224 -5.4763122272387177
v -0.0121382428333163 -0.0095217507332563 -0.0000004044424031
vn 0.1758718219874605 3.1317159924097386 -3.0293939190927865
v -0.0096998875960708 -0.0046999389305711 -0.0000004044424031
vn 3.1317149328039058 0.1758812260795078 -3.0293878943783534
v -0.0046999510377645 -0.0096998736262321 -0.0000004044424031
vn -2.0930346302654641 0.0000017688095368 -5.4763299188493022
v -0.0094998767599463 -0.0124998372048140 -0.0000004044424031
vn -2.0322296667522997 -0.5009390552687117 -5.4763104185115736
v -0.0095870643854141 -0.0117818973958492 -0.0000004044424031
vn 0.1758737573202510 -3.1317157743508535 -3.0293926792256949
v -0.0096998875960708 -0.0199997406452894 -0.0000004044424031
vn -0.2522897285655462 2.0777830760355749 -5.4763241262700157
v -0.0121382428333163 -0.0154779292643070 -0.0000004044424031
vn -0.7422067002297102 1.9570365150796427 -5.4763174405803756
v -0.0114360414445400 -0.0153048513457179 -0.0000004044424031
vn -1.1889999871289212 1.7225224894182840 -5.4763297735961620
v -0.0107956696301699 -0.0149687556549907 -0.0000004044424031
vn 2.0322165726186103 0.5008913831660448 -5.4763293754206916
v -0.0154126398265362 -0.0132177779451013 -0.0000004044424031
vn 3.1317148672789474 -0.1758818076023686 -3.0293875218266586
v -0.0046999510377645 -0.0149998050183058 -0.0000004044424031
vn -1.8533453800737372 0.9727102383470265 -5.4762784107066746
v -0.0098435310646892 -0.0138939889147878 -0.0000004044424031
vn -2.0322324998096426 0.5009338701254470 -5.4763090946048329
v -0.0095870643854141 -0.0132177779451013 -0.0000004044424031
vn -0.7422091871858745 -1.9570370221649751 -5.4763160425080351
v -0.0114360414445400 -0.0096948258578777 -0.0000004044424031
vn -3.0435579959059660 -0.6946629160167186 -2.9171232811550096
v -0.0199245512485504 -0.0176673308014870 -0.0000004044424031
vn 3.0435739327952946 -0.6946631564601822 -2.9172119191467978
v -0.0048253154382110 -0.0161123909056187 -0.0000004044424031
vn 0.6946618291485815 -3.0435724874816792 -2.9172022273320866
v -0.0085872914642096 -0.0198743809014559 -0.0000004044424031
vn 1.8533330576467004 0.9727106145069883 -5.4762876063068244
v -0.0151561731472611 -0.0138939889147878 -0.0000004044424031
vn 1.3545070968871975 -2.8126811642249776 -2.9171806116194103
v -0.0075304810889065 -0.0195045974105597 -0.0000004044424031
vn -1.5666966386305781 1.3879755933072793 -5.4762845228004062
v -0.0102543570101261 -0.0144891822710633 -0.0000004044424031
vn 2.8126762345489635 -1.3545119630425551 -2.9171673637356603
v -0.0051950924098492 -0.0171691980212927 -0.0000004044424031
vn -1.1889861846473750 -1.7225476498990449 -5.4763185403121684
v -0.0107956696301699 -0.0100309196859598 -0.0000004044424031
vn 0.6946697884401055 3.0435692433225823 -2.9171943138632819
v -0.0085872914642096 -0.0048252972774208 -0.0000004044424031
vn 1.3545127760925000 2.8126803507430709 -2.9171904546389249
v -0.0075304810889065 -0.0051950886845589 -0.0000004044424031
vn 1.9464502436261402 2.4407368079336904 -2.9171805291274602
v -0.0065824645571411 -0.0057907677255571 -0.0000004044424031
vn 2.4407569295192024 -1.9464359957702293 -2.9172194686721600
v -0.0057907877489924 -0.0181172154843807 -0.0000004044424031
vn 1.9464551123403493 -2.4407335058847437 -2.9171831103649808
v -0.0065824645571411 -0.0189089141786098 -0.0000004044424031
vn -1.9464283329327103 -2.4407600852799627 -2.9172063307287659
v -0.0188702344894409 -0.0193452499806881 -0.0000004044424031
vn -2.4407665586743401 -1.9464051487380187 -2.9171529213388556
v -0.0193452686071396 -0.0188702251762152 -0.0000004044424031
vn -5.4763755151792965 -1.7224883446225434 -1.1889597928428506
v -0.0199997406452894 0.0032918921206146 0.0242715477943420
vn -5.4763498177075283 -1.3879309351779596 -1.5666416323790640
v -0.0199997406452894 0.0026524565182626 0.0249933078885078
vn -5.2985505015562637 0.2889447831058281 2.1579249435079846
v -0.0199997406452894 0.0169997792690992 0.0439990237355232
vn -5.4763714573818580 -0.9726613917512943 -1.8532516439079556
v -0.0199997406452894 0.0018588688690215 0.0255410913378000
vn -5.4763588594478110 -1.9569960673439182 -0.7421858702915981
v -0.0199997406452894 0.0037400166038424 0.0234177093952894
vn -5.4763717068018494 -0.5008798978746685 -2.0321740219706959
v -0.0199997406452894 0.0009572500712238 0.0258830282837152
vn -5.4763612087654181 -2.0777425821235407 -0.2522836540008150
v -0.0199997406452894 0.0039707832038403 0.0224814526736736
vn -5.4763594266851765 -0.0000030421462716 -2.0930053845699077
v -0.0199997406452894 -0.0000000001192074 0.0259992554783821
vn -5.2985505015562691 -0.2889447831058284 2.1579249435079828
v -0.0199997406452894 -0.0169997792690992 0.0439990237355232
vn -5.4763692821700403 0.5008832381324271 -2.0321761106780083
v -0.0199997406452894 -0.0009572503622621 0.0258830282837152
vn -5.4763752289936924 0.9726648462395205 -1.8532448575629261
v -0.0199997406452894 -0.0018588688690215 0.0255410913378000
vn -5.4763496602681787 1.3879223484413135 -1.5666494854120345
v -0.0199997406452894 -0.0026524565182626 0.0249933078885078
vn -5.4763734497506329 1.7224954336898206 -1.1889537725551382
v -0.0199997406452894 -0.0032918921206146 0.0242715477943420
vn -5.4763606994047462 1.9569927104473432 -0.7421887795788916
v -0.0199997406452894 -0.0037400166038424 0.0234177093952894
vn -5.4763628895361354 2.0777406184134897 -0.2522839662543517
v -0.0199997406452894 -0.0039707841351628 0.0224814526736736
vn -6.2733132554324911 -0.1758309069498969 -0.1121725224003487
v -0.0199997406452894 0.0096998736262321 0.0079994918778539
vn -5.4763656382073300 -0.0000024000996485 2.0929970549937202
v -0.0199997406452894 -0.0000000001192074 0.0179993603378534
vn -5.4763493262490162 -0.5008931645877995 2.0321971663203282
v -0.0199997406452894 0.0009572500712238 0.0181155987083912
vn -5.4763583179253681 -0.9726664920624641 1.8532656632423667
v -0.0199997406452894 0.0018588688690215 0.0184575337916613
vn -5.4763633271443588 -1.3879165356698919 1.5666335677393088
v -0.0199997406452894 0.0026524565182626 0.0190053079277277
vn -5.4763647403760594 -1.7225010101935956 1.1889636075066752
v -0.0199997406452894 0.0032918921206146 0.0197270773351192
vn -5.4763641698946808 -1.9569889315200786 0.7421862458815248
v -0.0199997406452894 0.0037400166038424 0.0205809045583010
vn -5.4763585194793922 -2.0777461263890293 0.2522804303382217
v -0.0199997406452894 0.0039707832038403 0.0215171743184328
vn -3.1317224741380052 0.1758142850081874 -3.0294307799646658
v -0.0199997406452894 0.0169997792690992 -0.0000004044424031
vn -3.1317206018427015 -0.1758309069498969 -3.0294201311894442
v -0.0199997406452894 0.0096998736262321 -0.0000004044424031
vn -6.2733132554324946 0.1758309069498969 -0.1121725224003367
v -0.0199997406452894 -0.0096998736262321 0.0079994918778539
vn -5.4763591265634552 2.0777455884849640 0.2522794118688126
v -0.0199997406452894 -0.0039707841351628 0.0215171743184328
vn -5.4763623680787497 1.9569902915676720 0.7421887218872021
v -0.0199997406452894 -0.0037400166038424 0.0205809045583010
vn -5.4763633942427168 1.7225027825553496 1.1889638096719652
v -0.0199997406452894 -0.0032918921206146 0.0197270773351192
vn -5.4763647471446726 1.3879119271419065 1.5666354330574759
v -0.0199997406452894 -0.0026524565182626 0.0190053079277277
vn -5.4763615501969651 0.9726666933750487 1.8532612963367561
v -0.0199997406452894 -0.0018588688690215 0.0184575337916613
vn -5.4763485338635487 0.5008970051519960 2.0321971666751191
v -0.0199997406452894 -0.0009572503622621 0.0181155987083912
vn 0.1758737573202510 6.2733084279406395 -0.1121999743640973
v -0.0096998875960708 0.0199997406452894 0.0079994918778539
vn 0.5009065983206784 5.4762943848217054 2.0322566030822453
v -0.0009572629351169 0.0199997406452894 0.0181155987083912
vn -0.0000066058901946 5.4763131575141966 2.0930550650315629
v 0.0000000000000000 0.0199997406452894 0.0179993603378534
vn -0.1758739026937396 6.2733084115609499 -0.1122000674973428
v 0.0096998559311032 0.0199997406452894 0.0079994918778539
vn -0.2890450768695508 5.2985273734181568 2.1578943908433206
v -0.0169997792690992 0.0199997406452894 0.0439990237355232
vn 2.0777783613815002 5.4763296915984094 -0.2522799836416212
v -0.0039708041585982 0.0199997406452894 0.0224814526736736
vn -0.1758806748293731 3.1317149949175809 -3.0293882475358624
v -0.0169997792690992 0.0199997406452894 -0.0000004044424031
vn -1.7225037071773328 5.4763476947097072 -1.1889891536141968
v 0.0032918881624937 0.0199997406452894 0.0242715477943420
vn -1.3879892271539140 5.4762765493758927 -1.5667002247724500
v 0.0026524316053838 0.0199997406452894 0.0249933078885078
vn 0.2890586217744466 5.2985231100446990 2.1578921936951088
v 0.0169997792690992 0.0199997406452894 0.0439990237355232
vn 0.1758737573202511 3.1317157743508544 -3.0293926792256953
v -0.0096998875960708 0.0199997406452894 -0.0000004044424031
vn -0.9726861242129443 5.4763254429001789 -1.8532951494494931
v 0.0018588628154248 0.0199997406452894 0.0255410913378000
vn -1.9570637943641391 5.4762996590332795 -0.7421931971583138
v 0.0037400024011731 0.0199997406452894 0.0234177093952894
vn -0.5008936280517426 5.4763158241295686 -2.0322347092498614
v 0.0009572324343026 0.0199997406452894 0.0258830282837152
vn -2.0777665169030985 5.4763386617595105 -0.2522906580229046
v 0.0039707734249532 0.0199997406452894 0.0224814526736736
vn -0.0000067110534159 5.4763071675573283 -2.0930631353240785
v 0.0000000000000000 0.0199997406452894 0.0259992554783821
vn 0.5008911423475679 5.4763143225270801 -2.0322369404123273
v -0.0009572629351169 0.0199997406452894 0.0258830282837152
vn 0.9726945612907827 5.4763323313023076 -1.8532816372738203
v -0.0018588928505778 0.0199997406452894 0.0255410913378000
vn 1.3879706725021050 5.4762707127199794 -1.5667257137501600
v -0.0026524616405368 0.0199997406452894 0.0249933078885078
vn 1.7225245992219400 5.4763440526199476 -1.1889662861986687
v -0.0032919191289693 0.0199997406452894 0.0242715477943420
vn 1.9570531075984792 5.4763015036078597 -0.7422155857154411
v -0.0037400333676487 0.0199997406452894 0.0234177093952894
vn -0.5009055537528713 5.4762923960700816 2.0322594437005552
v 0.0009572324343026 0.0199997406452894 0.0181155987083912
vn -0.9726961571258033 5.4763154348485763 1.8533024457142639
v 0.0018588628154248 0.0199997406452894 0.0184575337916613
vn -1.3879648027752916 5.4762857036639252 1.5667078434379056
v 0.0026524316053838 0.0199997406452894 0.0190053079277277
vn -1.7225302120360353 5.4763355880458358 1.1889756588677383
v 0.0032918881624937 0.0199997406452894 0.0197270773351192
vn -1.9570505568476333 5.4763031675651641 0.7422156021743480
v 0.0037400024011731 0.0199997406452894 0.0205809045583010
vn -2.0777821267672860 5.4763268862528705 0.2522761732279721
v 0.0039707734249532 0.0199997406452894 0.0215171743184328
vn 2.0777724144025624 5.4763341498134954 0.2522856180890721
v -0.0039708041585982 0.0199997406452894 0.0215171743184328
vn 1.9570564977332086 5.4763046212473068 0.7421954351245680
v -0.0037400333676487 0.0199997406452894 0.0205809045583010
vn 1.7225175910553017 5.4763360858326688 1.1889928247658712
v -0.0032919191289693 0.0199997406452894 0.0197270773351192
vn 1.3879708381210438 5.4762901283365011 1.5666955248548622
v -0.0026524616405368 0.0199997406452894 0.0190053079277277
vn 0.9726913105711510 5.4763152336983847 1.8533052639026359
v -0.0018588928505778 0.0199997406452894 0.0184575337916613
vn -2.2538345364880588 -2.2538172941989254 4.6499209491789477
v 0.0024869667831808 0.0024869877379388 0.0196809973567724
vn -3.6156216184047518 2.3294788278771650 4.0813722330664381
v 0.0022545785177499 0.0193997472524643 0.0194544121623039
vn -1.5350607877979023 -1.5350537263515749 5.6142020637101036
v 0.0018228213302791 0.0018228354165331 0.0191292949020863
vn 3.6156159239580949 2.3294767579553870 -4.0813978334107359
v -0.0022546097170562 0.0193997472524643 0.0245442148298025
vn 2.5334353264531648 2.3304826219229406 -4.8281556306678572
v -0.0015800574328750 0.0193997472524643 0.0250098183751106
vn 1.5350696307473408 -1.5350633548008046 -5.6141868319893122
v -0.0018228522967547 0.0018228354165331 0.0248693209141493
vn -4.4873652248650062 2.3293327184364530 3.0973748865662607
v 0.0027980895247310 0.0193997472524643 0.0200679134577513
vn 0.6732768022208406 -0.6732885476671155 -6.1708175826949638
v -0.0009491758537479 0.0009491533855908 0.0252640955150127
vn -2.5334557447735135 2.3304807880798082 4.8281563632911082
v 0.0015800273977220 0.0193997472524643 0.0189887974411249
vn -0.6733044781964896 -0.6733013772524793 6.1708100202355318
v 0.0009491454111412 0.0009491533855908 0.0187345296144485
vn -0.0000012886625458 -0.0000022855782283 6.2672768654171938
v 0.0000000000000000 -0.0000000001192074 0.0185993518680334
vn -0.0010355313136979 2.3319542741859354 5.4523556554872661
v 0.0000000000000000 0.0193997472524643 0.0185993518680334
vn 0.4196371389347055 -0.4196375373707515 6.2399931771697661
v -0.0006006391486153 0.0006006367038935 0.0186528321355581
vn 1.3040820247067719 2.3324022063643501 -5.2940586126403302
v -0.0008136795950122 0.0193997472524643 0.0253004655241966
vn -0.0000012867787093 0.0000022956062085 -6.2672802637056222
v 0.0000000000000000 -0.0000000001192074 0.0253992639482021
vn -1.3040966773425136 2.3323794668069642 5.2940735661742542
v 0.0008136491524056 0.0193997472524643 0.0186981502920389
vn 0.0010037629540518 2.3319582889598900 -5.4523515106121145
v 0.0000000000000000 0.0193997472524643 0.0253992639482021
vn 1.3045565979297287 2.3298444512488623 5.2941609035852419
v -0.0008136795950122 0.0193997472524643 0.0186981502920389
vn 0.9947373987798956 -0.9947437861171085 6.0138958319938993
v -0.0011823886306956 0.0011823796667159 0.0188115686178207
vn -0.4196128314424000 -0.4196164468557406 -6.2399985308359271
v 0.0006006391486153 0.0006006367038935 0.0253457948565483
vn -1.3045576049341698 2.3298578707611197 -5.2941440822705284
v 0.0008136491524056 0.0193997472524643 0.0253004655241966
vn 2.5339278211002894 2.3293777909177074 4.8280009193282964
v -0.0015800574328750 0.0193997472524643 0.0189887974411249
vn 1.6099052666311218 -1.6099279418697061 5.5160022631027275
v -0.0018653317820281 0.0018653097795323 0.0191567149013281
vn -0.9948128234443818 -0.9947763282985909 -6.0138598899949294
v 0.0011823576642200 0.0011823796667159 0.0251870471984148
vn -2.5338952695734442 2.3293916015808804 -4.8279973935398788
v 0.0015800273977220 0.0193997472524643 0.0250098183751106
vn -1.6099032167655034 -1.6099278072523624 -5.5160031800554146
v 0.0018653018632904 0.0018653097795323 0.0248419009149075
vn 3.6159552216913298 2.3298301719385495 4.0810449959031585
v -0.0022546097170562 0.0193997472524643 0.0194544121623039
vn 2.1539857274399261 -2.1539906370844375 4.7625332117701031
v -0.0023940419778228 0.0023940177634358 0.0195850990712643
vn -3.6159679406152758 2.3298322726765983 -4.0810487854676190
v 0.0022545785177499 0.0193997472524643 0.0245442148298025
vn -2.1539839952724038 -2.1539894001158122 -4.7625325441662065
v 0.0023940119426697 0.0023940177634358 0.0244135167449713
vn 2.5372999474799918 -2.5373208908746241 3.9756123166161808
v -0.0027286636177450 0.0027286366093904 0.0199709460139275
vn 4.4870431036717351 2.3296081958732016 3.0977993928813543
v -0.0027981207240373 0.0193997472524643 0.0200679134577513
vn 2.8299569414803654 -2.8299134809215767 3.1588919385413456
v -0.0030016999226063 0.0030016840901226 0.0204025693237782
vn -4.4870443816448509 2.3296079929056912 -3.0977856137649527
v 0.0027980895247310 0.0193997472524643 0.0239307023584843
vn -2.5372911845671395 -2.5373071324142233 -3.9756283921782476
v 0.0027286324184388 0.0027286366093904 0.0240276716649532
vn -2.8299596321981033 -2.8299210851013719 -3.1589164601959214
v 0.0030016698874533 0.0030016840901226 0.0235960558056831
vn 3.0592919653659019 -3.0593327475207226 2.2538456106502398
v -0.0032070202287287 0.0032069974113256 0.0208702124655247
vn 5.0983438212009800 2.3293142268599194 1.9332250361841909
v -0.0031790356151760 0.0193997472524643 0.0207936633378267
vn 3.2115270489612588 -3.2114809780355298 1.2814294503766146
v -0.0033399527892470 0.0033399446401745 0.0213633347302675
vn -5.0983471289444733 2.3293146103464277 -1.9332201969246743
v 0.0031790058128536 0.0193997472524643 0.0232049524784088
vn -3.0592877433234373 -3.0593241443658581 -2.2538230022634096
v 0.0032069892622530 0.0032069974113256 0.0231284033507109
vn -3.2115311482233722 -3.2114890624166059 -1.2814426409547330
v 0.0033399227540940 0.0033399446401745 0.0226352903991938
vn 5.4127513457027154 2.3294650427464658 0.6573456291425929
v -0.0033751702867448 0.0193997472524643 0.0215894822031260
vn 3.2860682756653405 -3.2860850143064857 0.2306304653474798
v -0.0033975387923419 0.0033975269179791 0.0218708086758852
vn -5.4127503141763160 2.3294650734879028 -0.6573406540654320
v 0.0033751393202692 0.0193997472524643 0.0224091317504644
vn -3.2860678023378784 -3.2860807722364425 -0.2306178343161624
v 0.0033975078258663 0.0033975269179791 0.0221278052777052
vn 3.2672562808794172 -3.2672168229970824 -0.9275805491484581
v -0.0033715993631631 0.0033715912140906 0.0224375724792480
vn 5.4126781313001935 2.3299265575816737 -0.6575878617306041
v -0.0033751702867448 0.0193997472524643 0.0224091317504644
vn 3.1080516404174259 -3.1080925088825984 -2.1820311040575504
v -0.0032328069210052 0.0032327829394490 0.0230523142963648
vn -3.2672550948694208 -3.2672168591910111 0.9275801321972020
v 0.0033715693280101 0.0033715912140906 0.0215610545128584
vn -5.4126802554767091 2.3299236860774162 0.6575889215406177
v 0.0033751393202692 0.0193997472524643 0.0215894822031260
vn -3.1080507499256864 -3.1080924757485553 2.1820351402601141
v 0.0032327771186829 0.0032327829394490 0.0209463126957417
vn 5.0983285979508732 2.3299809380130330 -1.9331241083947897
v -0.0031790356151760 0.0193997472524643 0.0232049524784088
vn 2.7762390736286386 -2.7762415715468407 -3.4601655972655792
v -0.0029486306011677 0.0029486166313291 0.0236920472234488
vn -5.0983305618760024 2.3299807923714440 1.9331249280361718
v 0.0031790058128536 0.0193997472524643 0.0207936633378267
vn -2.7762376228981336 -2.7762422741697383 3.4601566352995956
v 0.0029486005660146 0.0029486166313291 0.0203065816313028
vn 4.4873765137351800 2.3293375058738515 -3.0973417179149711
v -0.0027981207240373 0.0193997472524643 0.0239307023584843
vn 2.2538202230070312 -2.2538032795368190 -4.6499508768332554
v -0.0024869977496564 0.0024869877379388 0.0243176277726889
vn 5.4762955111493596 -1.7225645642940002 1.1890064547268562
v 0.0199997406452894 0.0032918921206146 0.0197270773351192
vn 5.4762968640179652 -1.3879617081112794 1.5666916243469351
v 0.0199997406452894 0.0026524565182626 0.0190053079277277
vn 5.4762937141842860 -0.9727014581837413 1.8533277642081645
v 0.0199997406452894 0.0018588688690215 0.0184575337916613
vn 5.4762945792488908 -1.9570605136313677 0.7422148296222852
v 0.0199997406452894 0.0037400166038424 0.0205809045583010
vn 5.4762806082305291 -0.5009148766237432 2.0322701360065190
v 0.0199997406452894 0.0009572500712238 0.0181155987083912
vn 5.4762892994070054 -2.0778224245159556 0.2522878222845174
v 0.0199997406452894 0.0039707832038403 0.0215171743184328
vn 5.4762977586663668 0.0000023824784062 2.0930721215097647
v 0.0199997406452894 -0.0000000001192074 0.0179993603378534
vn 5.4762933805754841 -2.0778170322227392 -0.2522927709128245
v 0.0199997406452894 0.0039707832038403 0.0224814526736736
vn 5.4762814726482034 0.5009112029969197 2.0322699939927995
v 0.0199997406452894 -0.0009572503622621 0.0181155987083912
vn 5.4762903726634624 0.9727015274667623 1.8533321442582584
v 0.0199997406452894 -0.0018588688690215 0.0184575337916613
vn 5.4762954439325293 1.3879663166909428 1.5666897589723328
v 0.0199997406452894 -0.0026524565182626 0.0190053079277277
vn 5.4762968573633950 1.7225627919307143 1.1890062525770926
v 0.0199997406452894 -0.0032918921206146 0.0197270773351192
vn 5.4762958745949968 1.9570592844622743 0.7422139239966600
v 0.0199997406452894 -0.0037400166038424 0.0205809045583010
vn 5.4762922620128034 2.0778187588459351 0.2522897230997741
v 0.0199997406452894 -0.0039707841351628 0.0215171743184328
vn 5.4762952694286611 2.0778147923371284 -0.2522933409911244
v 0.0199997406452894 -0.0039707841351628 0.0224814526736736
vn 5.2985277451484514 0.2890714599895702 2.1578756859496200
v 0.0199997406452894 0.0169997792690992 0.0439990237355232
vn 5.4762915400513830 0.0000030245367479 -2.0930804589610226
v 0.0199997406452894 -0.0000000001192074 0.0259992554783821
vn 5.4763013691005789 -0.5009011307520176 -2.0322490612307806
v 0.0199997406452894 0.0009572500712238 0.0258830282837152
vn 5.4763074084737502 -0.9726995849764459 -1.8533113197963191
v 0.0199997406452894 0.0018588688690215 0.0255410913378000
vn 5.4762817764681362 -1.3879721292061975 -1.5667056764820995
v 0.0199997406452894 0.0026524565182626 0.0249933078885078
vn 5.4763055671289456 -1.7225572156017268 -1.1889964176555805
v 0.0199997406452894 0.0032918921206146 0.0242715477943420
vn 5.4762932284690038 -1.9570627418148929 -0.7422143420496689
v 0.0199997406452894 0.0037400166038424 0.0234177093952894
vn 5.2985277451484487 -0.2890714599895694 2.1578756859496213
v 0.0199997406452894 -0.0169997792690992 0.0439990237355232
vn 5.4762908818144975 1.9570662295819132 -0.7422130031275366
v 0.0199997406452894 -0.0037400166038424 0.0234177093952894
vn 5.4763076326814195 1.7225501264611380 -1.1890024380699205
v 0.0199997406452894 -0.0032918921206146 0.0242715477943420
vn 5.4762819339169209 1.3879807160848507 -1.5666978233245072
v 0.0199997406452894 -0.0026524565182626 0.0249933078885078
vn 5.4763035275807459 0.9726964010251646 -1.8533181193142028
v 0.0199997406452894 -0.0018588688690215 0.0255410913378000
vn 5.4763038658613254 0.5008979574482975 -2.0322468308696773
v 0.0199997406452894 -0.0009572503622621 0.0258830282837152
vn -1.3545136131182407 -2.8126802217419451 -2.9171918587349261
v -0.0171692073345184 0.0051950886845589 -0.0000004044424031
vn -1.9464264626470973 -2.4407603702817844 -2.9172009671047947
v -0.0181172247976065 0.0057907677255571 -0.0000004044424031
vn 1.1889973670340035 1.7225754021628703 -5.4762929891665282
v -0.0142040057107806 0.0100309196859598 -0.0000004044424031
vn 2.8126762345489631 1.3545119630425551 -2.9171673637356599
v -0.0051950924098492 0.0171691980212927 -0.0000004044424031
vn -1.5667216428128767 -1.3879576151442556 -5.4762786807047945
v -0.0102543570101261 0.0144891822710633 -0.0000004044424031
vn 2.4407569295192020 1.9464359957702293 -2.9172194686721600
v -0.0057907877489924 0.0181172154843807 -0.0000004044424031
vn -1.8533304794165173 -0.9727103481447953 -5.4762897116091462
v -0.0098435310646892 0.0138939889147878 -0.0000004044424031
vn -2.8126885609103298 1.3545221571009720 -2.9172556657156719
v -0.0197026543319225 0.0183014106005430 -0.0000004044424031
vn -2.4407665586743388 1.9464051487380183 -2.9171529213388556
v -0.0193452686071396 0.0188702251762152 -0.0000004044424031
vn -1.9464283329327090 2.4407600852799618 -2.9172063307287659
v -0.0188702344894409 0.0193452499806881 -0.0000004044424031
vn -1.3544955301768389 2.8126853613591347 -2.9171735782808086
v -0.0183014329522848 0.0197026543319225 -0.0000004044424031
vn -0.6946577184003691 3.0435755668474358 -2.9172140972038085
v -0.0176673401147127 0.0199245214462280 -0.0000004044424031
vn -3.0435579959059615 0.6946629160167178 -2.9171232811550096
v -0.0199245512485504 0.0176673308014870 -0.0000004044424031
vn -0.6946713594451472 -3.0435687280952912 -2.9171934454511437
v -0.0161124002188444 0.0048252972774208 -0.0000004044424031
vn 1.5666670447083269 -1.3879444984866542 -5.4763222822930828
v -0.0147453481331468 0.0144891822710633 -0.0000004044424031
vn 1.1890035174115698 -1.7225831218786947 -5.4762846932420119
v -0.0142040057107806 0.0149687556549907 -0.0000004044424031
vn 3.0435739327952946 0.6946631564601821 -2.9172119191467978
v -0.0048253154382110 0.0161123909056187 -0.0000004044424031
vn 1.8533256782271752 -0.9727192400142277 -5.4762897779429611
v -0.0151561731472611 0.0138939889147878 -0.0000004044424031
vn 0.7422153422978626 -1.9570607253824470 -5.4762947053095381
v -0.0135636338964105 0.0153048513457179 -0.0000004044424031
vn 2.0322222842078563 -0.5008908333467411 -5.4763247203848895
v -0.0154126398265362 0.0132177779451013 -0.0000004044424031
vn -0.1758719673593898 -3.1317159760303968 -3.0293938259605557
v -0.0149998050183058 0.0046999389305711 -0.0000004044424031
vn 0.7422238917585162 1.9570625872951704 -5.4762903694601279
v -0.0135636338964105 0.0096948258578777 -0.0000004044424031
vn 0.2522918132776987 2.0777944142891345 -5.4763135212419254
v -0.0128614632412791 0.0095217507332563 -0.0000004044424031
vn -0.2522876230604362 2.0777956855688391 -5.4763132879952217
v -0.0121382428333163 0.0095217507332563 -0.0000004044424031
vn 0.2522992397391174 -2.0777759318113209 -5.4763288208293401
v -0.0128614632412791 0.0154779292643070 -0.0000004044424031
vn 3.1317148672789474 0.1758818076023686 -3.0293875218266586
v -0.0046999510377645 0.0149998050183058 -0.0000004044424031
vn -2.0930346186134114 0.0000020908583448 -5.4763299288675942
v -0.0094998767599463 0.0124998372048140 -0.0000004044424031
vn -2.0322292540457734 -0.5009392482346964 -5.4763106975604359
v -0.0095870643854141 0.0132177779451013 -0.0000004044424031
vn 2.0930825919137215 0.0000023290564046 -5.4762920199717531
v -0.0154997985810041 0.0124998372048140 -0.0000004044424031
vn 3.1317149328039058 -0.1758812260795078 -3.0293878943783534
v -0.0046999510377645 0.0096998736262321 -0.0000004044424031
vn -1.8533445991794308 0.9727095456545196 -5.4762792742677977
v -0.0098435310646892 0.0111056854948401 -0.0000004044424031
vn -2.0322326907051735 0.5009338123694793 -5.4763089729074759
v -0.0095870643854141 0.0117818973958492 -0.0000004044424031
vn -0.2522870200691945 -2.0777860654772446 -5.4763218553478978
v -0.0121382428333163 0.0154779292643070 -0.0000004044424031
vn 0.1758718219874605 -3.1317159924097386 -3.0293939190927865
v -0.0096998875960708 0.0046999389305711 -0.0000004044424031
vn -0.7422043087701498 1.9570421407573777 -5.4763134148442694
v -0.0114360414445400 0.0096948258578777 -0.0000004044424031
vn 2.0322169853096503 0.5008911901309470 -5.4763290964028153
v -0.0154126398265362 0.0117818973958492 -0.0000004044424031
vn -1.1889989642305649 1.7225241059686174 -5.4763289583501429
v -0.0107956696301699 0.0100309196859598 -0.0000004044424031
vn 3.0435730719379328 -0.6946652224916542 -2.9172097609103287
v -0.0048253154382110 0.0085872840136290 -0.0000004044424031
vn -1.5666975768071452 1.3879771998450023 -5.4762829734403846
v -0.0102543570101261 0.0105104930698872 -0.0000004044424031
vn 0.6946697884401055 -3.0435692433225823 -2.9171943138632819
v -0.0085872914642096 0.0048252972774208 -0.0000004044424031
vn 2.8126753081666434 -1.3545146105968877 -2.9171691494204346
v -0.0051950924098492 0.0075304829515517 -0.0000004044424031
vn -0.7422133489414464 -1.9570325964863691 -5.4763185637334484
v -0.0114360414445400 0.0153048513457179 -0.0000004044424031
vn 1.8533314778422239 0.9727105132810929 -5.4762888417722522
v -0.0151561731472611 0.0111056854948401 -0.0000004044424031
vn 1.3545127760925000 -2.8126803507430709 -2.9171904546389249
v -0.0075304810889065 0.0051950886845589 -0.0000004044424031
vn -3.0435620403585508 -0.6946626302925404 -2.9171453337269098
v -0.0198744125664234 0.0085872840136290 -0.0000004044424031
vn 2.4407562762240054 -1.9464366490831018 -2.9172188804918782
v -0.0057907877489924 0.0065824654884636 -0.0000004044424031
vn -1.1889877271493914 -1.7225460905263008 -5.4763190613296899
v -0.0107956696301699 0.0149687556549907 -0.0000004044424031
vn 0.6946618291485815 3.0435724874816783 -2.9172022273320866
v -0.0085872914642096 0.0198743809014559 -0.0000004044424031
vn 1.3545070968871973 2.8126811642249772 -2.9171806116194103
v -0.0075304810889065 0.0195045974105597 -0.0000004044424031
vn 1.9464502436261395 -2.4407368079336895 -2.9171805291274602
v -0.0065824645571411 0.0057907677255571 -0.0000004044424031
vn 1.5666591577777340 1.3879555906504080 -5.4763210042776711
v -0.0147453481331468 0.0105104930698872 -0.0000004044424031
vn -2.4407536850986942 -1.9464270548989731 -2.9171733488969775
v -0.0189089346677065 0.0065824654884636 -0.0000004044424031
vn -2.8126792087948256 -1.3545295508419861 -2.9172259908586970
v -0.0195045974105597 0.0075304829515517 -0.0000004044424031
vn 1.9464551123403493 2.4407335058847437 -2.9171831103649808
v -0.0065824645571411 0.0189089141786098 -0.0000004044424031
vn 0.5283796262602816 2.2671286876026726 5.2414244156632179
v 0.0172222759574652 0.0179746970534325 0.0459989979863167
vn 1.4062721702976941 1.8961401845695351 5.1991497672961371
v 0.0176232419908047 0.0177815984934568 0.0459989979863167
vn 1.1557068283102343 2.1794504391221134 5.0761903991224946
v 0.0174336433410645 0.0179007370024920 0.0459989979863167
vn 0.1266266821345928 2.2704080462126246 5.3070621614647955
v 0.0169997792690992 0.0179997663944960 0.0459989979863167
vn 1.8961181573655566 1.4063873721538558 5.1990748251543817
v 0.0177815984934568 0.0176232606172562 0.0459989979863167
vn 2.2704259715048067 0.1266796846193325 5.3070384619872772
v 0.0179997663944960 0.0169997792690992 0.0459989979863167
vn 2.2671177202327479 0.5283864143738756 5.2414408330085669
v 0.0179746858775616 0.0172222964465618 0.0459989979863167
vn 2.1794946594889799 1.1556562725248858 5.0761697241136705
v 0.0179007370024920 0.0174336526542902 0.0459989979863167
vn -0.1266130739934452 2.2704049325748752 5.3070667712098683
v -0.0169997792690992 0.0179997663944960 0.0459989979863167
vn 2.2704259715048054 -0.1266796846193325 5.3070384619872737
v 0.0179997663944960 -0.0169997792690992 0.0459989979863167
vn -1.4064073917047448 1.8961135985171920 5.1990650547957973
v -0.0176232811063528 0.0177815984934568 0.0459989979863167
vn -0.5283707904592816 2.2671508316974704 5.2414015069188729
v -0.0172223057597876 0.0179746970534325 0.0459989979863167
vn -1.1556921523512909 2.1794787968577869 5.0761686488672044
v -0.0174336750060320 0.0179007370024920 0.0459989979863167
vn 1.8961181573655566 -1.4063873721538558 5.1990748251543817
v 0.0177815984934568 -0.0176232606172562 0.0459989979863167
vn 2.1794946594889799 -1.1556562725248858 5.0761697241136687
v 0.0179007370024920 -0.0174336526542902 0.0459989979863167
vn 2.2671177202327479 -0.5283864143738756 5.2414408330085678
v 0.0179746858775616 -0.0172222964465618 0.0459989979863167
vn 1.4062721702976941 -1.8961401845695351 5.1991497672961344
v 0.0176232419908047 -0.0177815984934568 0.0459989979863167
vn -2.2672355842787599 0.5284192819493067 5.2412799815037268
v -0.0179747175425291 0.0172222964465618 0.0459989979863167
vn -1.8961411578255483 1.4062676151911129 5.1991514486213664
v -0.0177815984934568 0.0176232606172562 0.0459989979863167
vn -2.1793754969261903 1.1557209541478655 5.0762789368419652
v -0.0179007370024920 0.0174336526542902 0.0459989979863167
vn -2.2703794366772510 0.1265219207229984 5.3071022438621522
v -0.0179997663944960 0.0169997792690992 0.0459989979863167
vn 0.1266266821345928 -2.2704080462126233 5.3070621614647955
v 0.0169997792690992 -0.0179997663944960 0.0459989979863167
vn 0.5283796262602816 -2.2671286876026726 5.2414244156632179
v 0.0172222759574652 -0.0179746970534325 0.0459989979863167
vn 1.1557068283102343 -2.1794504391221134 5.0761903991224955
v 0.0174336433410645 -0.0179007370024920 0.0459989979863167
vn -2.2703794366772527 -0.1265219207229984 5.3071022438621522
v -0.0179997663944960 -0.0169997792690992 0.0459989979863167
vn -0.1266130739934452 -2.2704049325748765 5.3070667712098683
v -0.0169997792690992 -0.0179997663944960 0.0459989979863167
vn -1.8961411578255483 -1.4062676151911129 5.1991514486213664
v -0.0177815984934568 -0.0176232606172562 0.0459989979863167
vn -2.2672355842787599 -0.5284192819493067 5.2412799815037268
v -0.0179747175425291 -0.0172222964465618 0.0459989979863167
vn -2.1793754969261903 -1.1557209541478655 5.0762789368419643
v -0.0179007370024920 -0.0174336526542902 0.0459989979863167
vn -1.4064073917047448 -1.8961135985171920 5.1990650547957973
v -0.0176232811063528 -0.0177815984934568 0.0459989979863167
vn -1.1556921523512909 -2.1794787968577869 5.0761686488672044
v -0.0174336750060320 -0.0179007370024920 0.0459989979863167
vn -0.5283707904592816 -2.2671508316974704 5.2414015069188729
v -0.0172223057597876 -0.0179746970534325 0.0459989979863167
vn -0.2890450768695504 -5.2985273734181533 2.1578943908433192
v -0.0169997792690992 -0.0199997406452894 0.0439990237355232
vn 0.1758737573202511 -6.2733084279406395 -0.1121999743640973
v -0.0096998875960708 -0.0199997406452894 0.0079994918778539
vn -1.3879706151552849 -5.4762720358135724 -1.5667237613042284
v 0.0026524316053838 -0.0199997406452894 0.0249933078885078
vn -1.7225246356132478 -5.4763442973462544 -1.1889658242396115
v 0.0032918881624937 -0.0199997406452894 0.0242715477943420
vn 0.2890586217744464 -5.2985231100446981 2.1578921936951101
v 0.0169997792690992 -0.0199997406452894 0.0439990237355232
vn -0.9726943629680138 -5.4763324082958684 -1.8532816307418329
v 0.0018588628154248 -0.0199997406452894 0.0255410913378000
vn -1.9570541749689978 -5.4763001091271173 -0.7422170781724371
v 0.0037400024011731 -0.0199997406452894 0.0234177093952894
vn -0.5008955541825814 -5.4763123226490764 -2.0322384495883385
v 0.0009572324343026 -0.0199997406452894 0.0258830282837152
vn -2.0777785097177883 -5.4763296303888982 -0.2522794650939762
v 0.0039707734249532 -0.0199997406452894 0.0224814526736736
vn -0.0000011809109975 -5.4763069422723740 -2.0930633986479688
v 0.0000000000000000 -0.0199997406452894 0.0259992554783821
vn 0.5008895851807952 -5.4763176004144096 -2.0322333782799649
v -0.0009572629351169 -0.0199997406452894 0.0258830282837152
vn 0.9726861312815511 -5.4763250940058574 -1.8532956152787277
v -0.0018588928505778 -0.0199997406452894 0.0255410913378000
vn 1.3879898465141283 -5.4762751977947444 -1.5667017238258465
v -0.0026524616405368 -0.0199997406452894 0.0249933078885078
vn 1.7225031532696093 -5.4763482068878560 -1.1889888079069175
v -0.0032919191289693 -0.0199997406452894 0.0242715477943420
vn 1.9570622435518215 -5.4763010181439817 -0.7421930960259669
v -0.0037400333676487 -0.0199997406452894 0.0234177093952894
vn 2.0777670951264522 -5.4763381758216969 -0.2522904984692847
v -0.0039708041585982 -0.0199997406452894 0.0224814526736736
vn -2.0777718361831199 -5.4763346357507023 0.2522857776410866
v 0.0039707734249532 -0.0199997406452894 0.0215171743184328
vn -0.1758739026937396 -6.2733084115609490 -0.1122000674973428
v 0.0096998559311032 -0.0199997406452894 0.0079994918778539
vn -1.9570580485399631 -5.4763032621449010 0.7421955362616373
v 0.0037400024011731 -0.0199997406452894 0.0205809045583010
vn -1.7225181449577287 -5.4763355736478845 1.1889931704782108
v 0.0032918881624937 -0.0199997406452894 0.0197270773351192
vn -1.3879702187840892 -5.4762914798786699 1.5666940258105102
v 0.0026524316053838 -0.0199997406452894 0.0190053079277277
vn -0.9726913035023008 -5.4763155825973016 1.8533047980706294
v 0.0018588628154248 -0.0199997406452894 0.0184575337916613
vn -0.5009106416468898 -5.4762926083331802 2.0322579341235123
v 0.0009572324343026 -0.0199997406452894 0.0181155987083912
vn -0.0000041028791236 -5.4763113572301831 2.0930571692501077
v 0.0000000000000000 -0.0199997406452894 0.0179993603378534
vn 0.5009044425212599 -5.4762923705066306 2.0322595592253627
v -0.0009572629351169 -0.0199997406452894 0.0181155987083912
vn 0.9726963554483931 -5.4763153578546557 1.8533024522456798
v -0.0018588928505778 -0.0199997406452894 0.0184575337916613
vn 1.3879648601327432 -5.4762843806018333 1.5667097958616476
v -0.0026524616405368 -0.0199997406452894 0.0190053079277277
vn 1.7225301756451676 -5.4763353433165749 1.1889761208295158
v -0.0032919191289693 -0.0199997406452894 0.0197270773351192
vn 1.9570494894787809 -5.4763045620381323 0.7422141097246612
v -0.0037400333676487 -0.0199997406452894 0.0205809045583010
vn 2.0777819784419940 -5.4763269474529181 0.2522766917759249
v -0.0039708041585982 -0.0199997406452894 0.0215171743184328
vn -3.1080514569360052 3.1080931826784863 -2.1820312975839080
v 0.0032327771186829 -0.0032327829394490 0.0230523142963648
vn -3.2672565355426326 3.2672182999274311 -0.9275774488668684
v 0.0033715693280101 -0.0033715912140906 0.0224375724792480
vn -5.4126778545305525 -2.3299264222395015 -0.6575839380547279
v 0.0033751393202692 -0.0193997472524643 0.0224091317504644
vn -3.2860670227166748 3.2860820910244675 0.2306267459644228
v 0.0033975078258663 -0.0033975269179791 0.0218708086758852
vn -5.4127515660048848 -2.3294641087421106 0.6573428626665148
v 0.0033751393202692 -0.0193997472524643 0.0215894822031260
vn 0.0010069894310851 -2.3319565721973490 5.4523536024506765
v 0.0000000000000000 -0.0193997472524643 0.0185993518680334
vn 1.3040886827931251 -2.3323843104298336 5.2940742339522702
v -0.0008136795950122 -0.0193997472524643 0.0186981502920389
vn -3.2115298790625695 3.2114836562166587 1.2814314643025797
v 0.0033399227540940 -0.0033399455714971 0.0213633347302675
vn -5.0983460492060422 -2.3293138349937652 1.9332250670074089
v 0.0031790058128536 -0.0193997472524643 0.0207936633378267
vn 0.6732918317826569 0.6733035978632722 6.1708118316771969
v -0.0009491758537479 -0.0009491535602137 0.0187345296144485
vn 2.5334547018528841 -2.3304799576882704 4.8281570063281096
v -0.0015800574328750 -0.0193997472524643 0.0189887974411249
vn -3.0592913835973552 3.0593289524249578 2.2538457052157748
v 0.0032069892622530 -0.0032069974113256 0.0208702124655247
vn -2.8299549275295806 2.8299163809443675 3.1588947353740977
v 0.0030016698874533 -0.0030016840901226 0.0204025693237782
vn -4.4870401789333325 -2.3296081718621116 3.0978019017362666
v 0.0027980895247310 -0.0193997472524643 0.0200679134577513
vn 1.5350597070217584 1.5350538498160069 5.6142024506966202
v -0.0018228522967547 -0.0018228354165331 0.0191292949020863
vn 3.6156206042726313 -2.3294779137574855 4.0813748978783382
v -0.0022546097170562 -0.0193997472524643 0.0194544121623039
vn -2.5373022308056767 2.5373181786664007 3.9756099762540313
v 0.0027286324184388 -0.0027286366093904 0.0199709460139275
vn 2.2538361044933484 2.2538168061635915 4.6499212517983466
v -0.0024869977496564 -0.0024869886692613 0.0196809973567724
vn 4.4873671555683634 -2.3293337560812208 3.0973722883789514
v -0.0027981207240373 -0.0193997472524643 0.0200679134577513
vn -2.1539864592023044 2.1539918640430455 4.7625324123471273
v 0.0023940119426697 -0.0023940177634358 0.0195850990712643
vn -3.6159554709920965 -2.3298309250823239 4.0810430645985454
v 0.0022545785177499 -0.0193997472524643 0.0194544121623039
vn 2.7762385577393287 2.7762431714784634 3.4601524119174467
v -0.0029486306011677 -0.0029486166313291 0.0203065816313028
vn 5.0983291254719152 -2.3299811189783126 1.9331229310072784
v -0.0031790356151760 -0.0193997472524643 0.0207936633378267
vn 3.1080509334088502 3.1080918019520372 2.1820349467331894
v -0.0032328069210052 -0.0032327829394490 0.0209463126957417
vn 5.4126805322570899 -2.3299238213975242 0.6575928452497718
v -0.0033751702867448 -0.0193997472524643 0.0215894822031260
vn -1.6099037890371926 1.6099283795251773 5.5160029940492716
v 0.0018653018632904 -0.0018653097795323 0.0191567149013281
vn -2.5339294634793985 -2.3293782037199593 4.8280003189116441
v 0.0015800273977220 -0.0193997472524643 0.0189887974411249
vn 3.2672548402015158 3.2672153822209697 0.9275832325314209
v -0.0033715993631631 -0.0033715912140906 0.0215610545128584
vn -0.9947734053029490 0.9947371799364337 6.0138859778223566
v 0.0011823576642200 -0.0011823796667159 0.0188115686178207
vn -1.3045677975822154 -2.3298419159370263 5.2941573182693729
v 0.0008136491524056 -0.0193997472524643 0.0186981502920389
vn -0.4196411822034226 0.4196448138103004 6.2399920743783026
v 0.0006006391486153 -0.0006006368785165 0.0186528321355581
vn 3.2860655827639658 3.2860844196759738 -0.2306151713986953
v -0.0033975387923419 -0.0033975269179791 0.0221278052777052
vn 5.4127500939125808 -2.3294660072677047 -0.6573434203958348
v -0.0033751702867448 -0.0193997472524643 0.0224091317504644
vn 3.2115352592987008 3.2114850497076359 -1.2814427388128660
v -0.0033399527892470 -0.0033399455714971 0.0226352903991938
vn 5.0983449009056958 -2.3293150019941180 -1.9332201662436115
v -0.0031790356151760 -0.0193997472524643 0.0232049524784088
vn 3.0592850036146841 3.0593269529630458 -2.2538265667026129
v -0.0032070202287287 -0.0032069974113256 0.0231284033507109
vn 2.8299616462183343 2.8299181850887831 -3.1589136633409027
v -0.0030016999226063 -0.0030016840901226 0.0235960558056831
vn 4.4870473063941168 -2.3296080169219389 -3.0977831049091904
v -0.0027981207240373 -0.0193997472524643 0.0239307023584843
vn 2.5372889012341440 2.5373098446239171 -3.9756307325483426
v -0.0027286636177450 -0.0027286366093904 0.0240276716649532
vn 2.1539832635105793 2.1539881731578423 -4.7625333435864414
v -0.0023940419778228 -0.0023940177634358 0.0244135167449713
vn 3.6159676913383612 -2.3298315194814765 -4.0810507167477494
v -0.0022546097170562 -0.0193997472524643 0.0245442148298025
vn 1.6099046943597273 1.6099273695969285 -5.5160024491087825
v -0.0018653317820281 -0.0018653097795323 0.0248419009149075
vn 2.5338936272078838 -2.3293911887710337 -4.8279979939239404
v -0.0015800574328750 -0.0193997472524643 0.0250098183751106
vn 0.9947767187792224 0.9947833745139385 -6.0138696253776658
v -0.0011823886306956 -0.0011823796667159 0.0251870471984148
vn 1.3045464053857114 -2.3298604061816288 -5.2941476674508579
v -0.0008136795950122 -0.0193997472524643 0.0253004655241966
vn 0.4196088521363047 0.4196092664014062 -6.2399996172599748
v -0.0006006391486153 -0.0006006368785165 0.0253457948565483
vn -0.0010281888509504 -2.3319588250526326 -5.4523512293380936
v 0.0000000000000000 -0.0193997472524643 0.0253992639482021
vn -1.3040934568445535 -2.3324001966539942 -5.2940546935129014
v 0.0008136491524056 -0.0193997472524643 0.0253004655241966
vn -0.6732895156878096 0.6732864348814190 -6.1708157419038949
v 0.0009491454111412 -0.0009491535602137 0.0252640955150127
vn -2.5334363693846931 -2.3304834522902755 -4.8281549876476637
v 0.0015800273977220 -0.0193997472524643 0.0250098183751106
vn -1.5350698054938852 1.5350631625810178 -5.6141866454287745
v 0.0018228213302791 -0.0018228354165331 0.0248693209141493
vn -3.6156169380064762 -2.3294776718867642 -4.0813951687289824
v 0.0022545785177499 -0.0193997472524643 0.0245442148298025
vn -2.2538210869208712 2.2538014897215364 -4.6499521052536865
v 0.0024869667831808 -0.0024869886692613 0.0243176277726889
vn -4.4873745831315688 -2.3293364679968214 -3.0973443159877347
v 0.0027980895247310 -0.0193997472524643 0.0239307023584843
vn -2.7762367765763787 2.7762435438059230 -3.4601659319143923
v 0.0029486005660146 -0.0029486166313291 0.0236920472234488
vn -5.0983300343554747 -2.3299806113986823 -1.9331261054308735
v 0.0031790058128536 -0.0193997472524643 0.0232049524784088
vn 5.0969112425157759 1.1677267464049466 2.0990949857475880
v 0.0199245121330023 0.0176673308014870 0.0439990237355232
vn 4.6984927415668851 2.2794450412325444 2.1048484801766909
v 0.0197026245296001 0.0183014106005430 0.0439990237355232
vn 4.0854821282176621 3.2368551208618519 2.1139427319773549
v 0.0193452388048172 0.0188702251762152 0.0439990237355232
vn 3.2368758678857974 4.0854937081676370 2.1139851173287654
v 0.0188702046871185 0.0193452499806881 0.0439990237355232
vn 2.2793784539313431 4.6983607709596722 2.1049013114310320
v 0.0183014012873173 0.0197026543319225 0.0439990237355232
vn 1.1676180563018661 5.0969018898077252 2.0991542307247895
v 0.0176673103123903 0.0199245214462280 0.0439990237355232
vn -5.0968250204140437 1.1675726238433679 2.0991172379833891
v -0.0199245512485504 0.0176673308014870 0.0439990237355232
vn -4.6984798150215505 2.2794746957841179 2.1048632847784123
v -0.0197026543319225 0.0183014106005430 0.0439990237355232
vn -4.0854628423690311 3.2368444781613155 2.1139625328985425
v -0.0193452686071396 0.0188702251762152 0.0439990237355232
vn -3.2368733279792909 4.0854752333514703 2.1140015209436127
v -0.0188702344894409 0.0193452499806881 0.0439990237355232
vn -2.2793780403601587 4.6983549007099334 2.1049033496820626
v -0.0183014329522848 0.0197026543319225 0.0439990237355232
vn -1.1676036719038774 5.0969027476728659 2.0991514071273336
v -0.0176673401147127 0.0199245214462280 0.0439990237355232
vn 5.0969112425157830 -1.1677267464049472 2.0990949857475880
v 0.0199245121330023 -0.0176673308014870 0.0439990237355232
vn 4.6984927415668833 -2.2794450412325427 2.1048484801766909
v 0.0197026245296001 -0.0183014106005430 0.0439990237355232
vn 4.0854821282176648 -3.2368551208618537 2.1139427319773549
v 0.0193452388048172 -0.0188702251762152 0.0439990237355232
vn 3.2368758678858001 -4.0854937081676415 2.1139851173287654
v 0.0188702046871185 -0.0193452499806881 0.0439990237355232
vn 2.2793784539313400 -4.6983607709596678 2.1049013114310320
v 0.0183014012873173 -0.0197026543319225 0.0439990237355232
vn 1.1676180563018663 -5.0969018898077270 2.0991542307247895
v 0.0176673103123903 -0.0199245214462280 0.0439990237355232
vn -5.0968250204140393 -1.1675726238433670 2.0991172379833891
v -0.0199245512485504 -0.0176673308014870 0.0439990237355232
vn -4.6984798150215550 -2.2794746957841201 2.1048632847784123
v -0.0197026543319225 -0.0183014106005430 0.0439990237355232
vn -4.0854628423690302 -3.2368444781613150 2.1139625328985425
v -0.0193452686071396 -0.0188702251762152 0.0439990237355232
vn -3.2368733279792901 -4.0854752333514686 2.1140015209436127
v -0.0188702344894409 -0.0193452499806881 0.0439990237355232
vn -2.2793780403601578 -4.6983549007099290 2.1049033496820626
v -0.0183014329522848 -0.0197026543319225 0.0439990237355232
vn -1.1676036719038794 -5.0969027476728730 2.0991514071273336
v -0.0176673401147127 -0.0199245214462280 0.0439990237355232
vn -3.0998457696786890 3.0998703161692429 4.4244134574518013
v -0.0184139814227819 0.0184139702469110 0.0449990108609200
vn -3.9950137384744373 1.8656302955871977 4.4306740366789343
v -0.0188475362956524 0.0177651382982731 0.0449990108609200
vn -1.8656378871276129 3.9950251375909742 4.4306713771626267
v -0.0177651494741440 0.0188475139439106 0.0449990108609200
vn -4.2730018219366439 1.0081865357770279 4.4548959563432042
v -0.0184709504246712 0.0172924157232046 0.0454990044236183
vn -4.3444820902936021 0.8939424036605195 4.4254240087441090
v -0.0194517169147730 0.0174875035881996 0.0444990172982216
vn -1.0082981588216822 4.2730077460106255 4.4548924642348497
v -0.0172924045473337 0.0184709392488003 0.0454990044236183
vn -0.8940187000837526 4.3444861827136485 4.4254051055729144
v -0.0174875035881996 0.0194517076015472 0.0444990172982216
vn -3.9719022658838252 1.8931501545060483 4.4518625962224192
v -0.0194939151406288 0.0181580837816000 0.0442490205168724
vn -1.8931076291774009 3.9718631060755829 4.4519196200206901
v -0.0181580949574709 0.0194938965141773 0.0442490205168724
vn -3.0998457696786894 -3.0998703161692429 4.4244134574518013
v -0.0184139814227819 -0.0184139702469110 0.0449990108609200
vn -1.8656378871276129 -3.9950251375909742 4.4306713771626267
v -0.0177651494741440 -0.0188475139439106 0.0449990108609200
vn -3.9950137384744373 -1.8656302955871977 4.4306740366789343
v -0.0188475362956524 -0.0177651382982731 0.0449990108609200
vn -1.0082981588216822 -4.2730077460106255 4.4548924642348506
v -0.0172924045473337 -0.0184709392488003 0.0454990044236183
vn -0.8940187000837525 -4.3444861827136485 4.4254051055729144
v -0.0174875035881996 -0.0194517076015472 0.0444990172982216
vn -4.2730018219366448 -1.0081865357770279 4.4548959563432033
v -0.0184709504246712 -0.0172924157232046 0.0454990044236183
vn -4.3444820902936021 -0.8939424036605195 4.4254240087441090
v -0.0194517169147730 -0.0174875035881996 0.0444990172982216
vn -1.8931076291774009 -3.9718631060755829 4.4519196200206910
v -0.0181580949574709 -0.0194938965141773 0.0442490205168724
vn -3.9719022658838252 -1.8931501545060483 4.4518625962224192
v -0.0194939151406288 -0.0181580837816000 0.0442490205168724
vn 3.0998458750840863 3.0998480026243125 4.4244060232614419
v 0.0184139814227819 0.0184139702469110 0.0449990108609200
vn 1.8656254336623024 3.9950433565292967 4.4306693772430696
v 0.0177651196718216 0.0188475139439106 0.0449990108609200
vn 3.9950149990474433 1.8656439666755340 4.4306924985944498
v 0.0188475046306849 0.0177651382982731 0.0449990108609200
vn 1.0083424663840714 4.2729903592958900 4.4548880591180451
v 0.0172924045473337 0.0184709392488003 0.0454990044236183
vn 0.8940304476618407 4.3444867506706490 4.4254039988034242
v 0.0174874719232321 0.0194517076015472 0.0444990172982216
vn 4.2729328510129108 1.0086269538081836 4.4549392805626775
v 0.0184709206223488 0.0172924157232046 0.0454990044236183
vn 4.3444785502903898 0.8940670404613125 4.4253881044276593
v 0.0194517169147730 0.0174875035881996 0.0444990172982216
vn 1.8930998794521010 3.9718793632773348 4.4519099175054855
v 0.0181580651551485 0.0194938965141773 0.0442490205168724
vn 3.9719412009692761 1.8931747032682038 4.4518216393467656
v 0.0194938872009516 0.0181580837816000 0.0442490205168724
vn 3.0998458750840863 -3.0998480026243125 4.4244060232614419
v 0.0184139814227819 -0.0184139702469110 0.0449990108609200
vn 3.9950149990474433 -1.8656439666755340 4.4306924985944498
v 0.0188475046306849 -0.0177651382982731 0.0449990108609200
vn 1.8656254336623024 -3.9950433565292967 4.4306693772430696
v 0.0177651196718216 -0.0188475139439106 0.0449990108609200
vn 4.2729328510129108 -1.0086269538081836 4.4549392805626766
v 0.0184709206223488 -0.0172924157232046 0.0454990044236183
vn 4.3444785502903898 -0.8940670404613125 4.4253881044276584
v 0.0194517169147730 -0.0174875035881996 0.0444990172982216
vn 1.0083424663840714 -4.2729903592958900 4.4548880591180451
v 0.0172924045473337 -0.0184709392488003 0.0454990044236183
vn 0.8940304476618407 -4.3444867506706490 4.4254039988034242
v 0.0174874719232321 -0.0194517076015472 0.0444990172982216
vn 3.9719412009692761 -1.8931747032682038 4.4518216393467673
v 0.0194938872009516 -0.0181580837816000 0.0442490205168724
vn 1.8930998794521008 -3.9718793632773339 4.4519099175054864
v 0.0181580651551485 -0.0194938965141773 0.0442490205168724
vn 2.3298247210179230 1.3045628862166827 5.2941759977434506
v 0.0193997379392385 -0.0008136628312059 0.0186981502920389
vn 2.3319353200601318 -0.0010159717161952 5.4523727366155077
v 0.0193997379392385 -0.0000000001192074 0.0185993518680334
vn 2.3323633880260761 -1.3041042302910457 5.2940883586940330
v 0.0193997379392385 0.0008136624819599 0.0186981502920389
vn 2.3319398741060096 0.0010244021653386 -5.4523683068720734
v 0.0193997379392385 -0.0000000001192074 0.0253992639482021
vn 2.3323795665734313 1.3040934124395835 -5.2940753255281052
v 0.0193997379392385 -0.0008136628312059 0.0253004655241966
vn 2.3304582651295451 -2.5334669114188415 4.8281735355809516
v 0.0193997379392385 0.0015800385735929 0.0189887974411249
vn 2.3304708003777082 2.5334334682468427 -4.8281702643415683
v 0.0193997379392385 -0.0015800385735929 0.0250098183751106
vn 2.3294619854119887 -3.6156159020413714 4.0813865694711389
v 0.0193997379392385 0.0022545875981450 0.0194544121623039
vn 2.3294625315868336 3.6156280840729691 -4.0813926287335285
v 0.0193997379392385 -0.0022545875981450 0.0245442148298025
vn 2.3293083797243761 -4.4873922347865776 3.0973973054788244
v 0.0193997379392385 0.0027981086168438 0.0200679134577513
vn 2.3293072923407232 4.4873967015448963 -3.0973807512417513
v 0.0193997379392385 -0.0027981086168438 0.0239307023584843
vn 2.3299492447468859 -5.0983323710224422 1.9331387893365406
v 0.0193997379392385 0.0031790137290955 0.0207936633378267
vn 2.3299498260489169 5.0983334962116498 -1.9331338384797052
v 0.0193997379392385 -0.0031790137290955 0.0232049524784088
vn 2.3298824199104033 -5.4127243196282864 0.6576538314719256
v 0.0193997379392385 0.0033751660957932 0.0215894822031260
vn 2.3298848220770463 5.4127216742681021 -0.6576521183328681
v 0.0193997379392385 -0.0033751660957932 0.0224091317504644
vn 2.3294340072225825 -5.4127875532900935 -0.6573886163324822
v 0.0193997379392385 0.0033751660957932 0.0224091317504644
vn 2.3294330643933336 5.4127882882196303 0.6573933557183957
v 0.0193997379392385 -0.0033751660957932 0.0215894822031260
vn 2.3292795014568579 -5.0983385136060191 -1.9332686526926888
v 0.0193997379392385 0.0031790137290955 0.0232049524784088
vn 2.3292798472357159 5.0983385011558031 1.9332679234483594
v 0.0193997379392385 -0.0031790137290955 0.0207936633378267
vn 2.3295875097696825 -4.4870941740677432 -3.0977707344611769
v 0.0193997379392385 0.0027981086168438 0.0239307023584843
vn 2.3295829153425309 4.4870850518734544 3.0978010696945462
v 0.0193997379392385 -0.0027981086168438 0.0200679134577513
vn 2.3298249791163905 -3.6159307406299108 -4.0810817570885263
v 0.0193997379392385 0.0022545875981450 0.0245442148298025
vn 2.3298253979818564 3.6159351609124615 4.0810591288523534
v 0.0193997379392385 -0.0022545875981450 0.0194544121623039
vn 2.3293637831640011 -2.5339236870908057 -4.8280103208298524
v 0.0193997379392385 0.0015800385735929 0.0250098183751106
vn 2.3293602790282106 2.5339438309265470 4.8280113212500266
v 0.0193997379392385 -0.0015800385735929 0.0189887974411249
vn 2.3298452074541101 -1.3045603298662762 -5.2941569270246998
v 0.0193997379392385 0.0008136624819599 0.0253004655241966
vn -2.3296718998005663 4.4870324575594349 -3.0977281343038277
v -0.0193997789174318 -0.0027981086168438 0.0239307023584843
vn -2.3293642511238399 5.0982678105564156 -1.9332425894953515
v -0.0193997789174318 -0.0031790137290955 0.0232049524784088
vn -2.3295202129623647 5.4127114398930551 -0.6573793440781901
v -0.0193997789174318 -0.0033751660957932 0.0224091317504644
vn -2.3299682691199779 5.4126484789193103 0.6576452994227063
v -0.0193997789174318 -0.0033751660957932 0.0215894822031260
vn -2.3320197148491917 0.0010158860391475 5.4522977421142640
v -0.0193997789174318 -0.0000000001192074 0.0185993518680334
vn -2.3299090431387781 -1.3045445754706864 5.2941032271671107
v -0.0193997789174318 0.0008136624819599 0.0186981502920389
vn -2.3294447282458117 -2.5339086270194220 4.8279451470288866
v -0.0193997789174318 0.0015800385735929 0.0189887974411249
vn -2.3300336350379944 5.0982622532991497 1.9331121973236225
v -0.0193997789174318 -0.0031790137290955 0.0207936633378267
vn -2.3299097875909016 -3.6158854323706415 4.0810029973171540
v -0.0193997789174318 0.0022545875981450 0.0194544121623039
vn -2.3296673058964026 -4.4870233359260467 3.0977584694855920
v -0.0193997789174318 0.0027981086168438 0.0200679134577513
vn -2.3293927058206272 4.4873305459152277 3.0973546745659077
v -0.0193997789174318 -0.0027981086168438 0.0200679134577513
vn -2.3295463101800875 3.6155661463976876 4.0813304685101093
v -0.0193997789174318 -0.0022545875981450 0.0194544121623039
vn -2.3293638792364231 -5.0982689688289389 1.9332408025273198
v -0.0193997789174318 0.0031790137290955 0.0207936633378267
vn -2.3305425734158138 2.5334323980331273 4.8281069369858303
v -0.0193997789174318 -0.0015800385735929 0.0189887974411249
vn -2.3295156398235912 -5.4127155135038763 0.6573845496092197
v -0.0193997789174318 0.0033751660957932 0.0215894822031260
vn -2.3324478271681959 1.3040866858928239 5.2940155111525717
v -0.0193997789174318 -0.0008136628312059 0.0186981502920389
vn -2.3299677533498704 -5.4126486269229748 -0.6576425716930513
v -0.0193997789174318 0.0033751660957932 0.0224091317504644
vn -2.3300342162674585 -5.0982633784779443 -1.9331072465234262
v -0.0193997789174318 0.0031790137290955 0.0232049524784088
vn -2.3293917469361212 -4.4873349577320889 -3.0973381821280603
v -0.0193997789174318 0.0027981086168438 0.0239307023584843
vn -2.3295469869794259 -3.6155783835963513 -4.0813364667102769
v -0.0193997789174318 0.0022545875981450 0.0245442148298025
vn -2.3305552713247932 -2.5333982821054954 -4.8281040603778198
v -0.0193997789174318 0.0015800385735929 0.0250098183751106
vn -2.3324639041689448 -1.3040750646822923 -5.2940025495987539
v -0.0193997789174318 0.0008136624819599 0.0253004655241966
vn -2.3320242622465188 -0.0010244833905574 -5.4522933196180361
v -0.0193997789174318 -0.0000000001192074 0.0253992639482021
vn -2.3299296699382381 1.3045427445897662 -5.2940840744181390
v -0.0193997789174318 -0.0008136628312059 0.0253004655241966
vn -2.3294481146622852 2.5338891910674444 -4.8279436926005470
v -0.0193997789174318 -0.0015800385735929 0.0250098183751106
vn -2.3299093695967534 3.6158810126601795 -4.0810256259414137
v -0.0193997789174318 -0.0022545875981450 0.0245442148298025
vn -3.0910719378793150 0.8914388151229746 -5.3754724088336250
v -0.0104770632460713 -0.0129984011873603 0.0202496908605099
vn -3.1713590291789107 0.5419820824434043 -5.3850856090947667
v -0.0108453491702676 -0.0127007244154811 0.0205000489950180
vn -4.6349358780135788 -0.0000003721782588 -2.5059924214126550
v -0.0099998703226447 -0.0124998372048140 0.0199993345886469
vn -1.8223899833004833 2.6400818969083648 -5.3569674833924958
v -0.0120264543220401 -0.0131856482475996 0.0210007615387440
vn -2.4372381081060772 2.1590864236744363 -5.3594146755990701
v -0.0121879819780588 -0.0127761345356703 0.0212511178106070
vn -2.8853886237768807 1.6711502605854391 -5.2924425493399108
v -0.0117619968950748 -0.0128871025517583 0.0210007615387440
vn -3.1623161275365406 0.7574661355838701 -5.3733813539179263
v -0.0116907386109233 -0.0126992650330067 0.0210007615387440
vn -3.0820973675086289 1.1429305307672515 -5.3476945251161681
v -0.0117094079032540 -0.0127637246623635 0.0210007615387440
vn -0.5577306855909886 4.5934521532360888 -2.5105167772225032
v -0.0121985115110874 -0.0149815753102303 0.0199993345886469
vn -0.3821474160976369 3.1471446874557505 -5.3840331885406760
v -0.0122989397495985 -0.0141543364152312 0.0205000489950180
vn -1.6351750862342043 4.3115522806027027 -2.5197365487605001
v -0.0116133391857147 -0.0148373469710350 0.0199993345886469
vn -2.8551581020756789 1.5649334313563643 -5.3382469248057065
v -0.0110241165384650 -0.0132743678987026 0.0205000489950180
vn 0.5558101908450498 4.5776016018962746 -2.5197611145263359
v -0.0128011936321855 -0.0149815753102303 0.0199993345886469
vn -1.8009305615042919 2.6090545782085446 -5.3840360415817230
v -0.0115530695766211 -0.0138714602217078 0.0205000489950180
vn -1.8207464683684556 2.6565262918853598 -5.3802748499909097
v -0.0122631508857012 -0.0128427427262068 0.0212511178106070
vn 3.1741843208834539 0.6254039421658429 -5.3688605923144825
v -0.0129462117329240 -0.0126226563006639 0.0212232973426580
vn 2.9190062832328807 1.3850205434395868 -5.3750271223295893
v -0.0131387198343873 -0.0127720339223742 0.0210842099040747
vn 3.1957611835001583 0.6049325866562513 -5.3501546315627575
v -0.0133089674636722 -0.0126992650330067 0.0210007615387440
vn 2.8739788931801904 1.5089149764200303 -5.3366903219162110
v -0.0136066637933254 -0.0130807301029563 0.0207504034042358
vn 2.3533075602656375 2.2149178018836557 -5.3559749308595368
v -0.0131236100569367 -0.0130524300038815 0.0210007615387440
vn -0.3933587536420526 3.1894073527761457 -5.3544065574282440
v -0.0123994089663029 -0.0133270872756839 0.0210007615387440
vn -1.1445951749695391 3.0119675905543035 -5.3781468614473074
v -0.0123520987108350 -0.0128894224762917 0.0212511178106070
vn 1.6408308432351757 4.3264566453764939 -2.5105043847168771
v -0.0133863668888807 -0.0148373469710350 0.0199993345886469
vn 1.1242205566732739 2.9642388492831779 -5.3840317333425185
v -0.0130908600986004 -0.0140581773594022 0.0205000489950180
vn -0.3764439199010308 3.2149271429063386 -5.3688613017431557
v -0.0124496379867196 -0.0129134617745876 0.0212511178106070
vn 2.6195033230966049 3.7949415062322513 -2.5197692583393057
v -0.0139199886471033 -0.0145572703331709 0.0199993345886469
vn 3.2327432628840720 -0.2984318155694521 -5.3593644938177718
v -0.0130482008680701 -0.0124107189476490 0.0211676694452763
vn 3.2177538072990526 -0.2168392749832587 -5.3682661211258891
v -0.0129134720191360 -0.0124496184289455 0.0212511178106070
vn -2.3751960555356164 2.2008898224469995 -5.3497635304329352
v -0.0115642091259360 -0.0133287273347378 0.0207504034042358
vn 3.1136907887634862 -0.7706866377894778 -5.3570410086769042
v -0.0133089674636722 -0.0123004093766212 0.0210007615387440
vn 3.0265145203685435 -1.1706473418544390 -5.3619514862720177
v -0.0129609508439898 -0.0123458998277783 0.0212093871086836
vn 2.4273735192414074 -2.1253930343722591 -5.3475609450569754
v -0.0131236100569367 -0.0119472453370690 0.0210007615387440
vn -4.4927483246284350 1.1074394631524971 -2.5105067039667057
v -0.0100725293159485 -0.0130981206893921 0.0199993345886469
vn -3.8816008516027201 2.1141709123017183 -2.6150847793791967
v -0.0102862464264035 -0.0136616323143244 0.0199993345886469
vn -3.4584082814338863 3.0031217823961396 -2.5338624313304257
v -0.0106285819783807 -0.0141576258465648 0.0199993345886469
vn 3.4634807295497660 3.0683994436260327 -2.5105252641483906
v -0.0143710933625698 -0.0141576258465648 0.0199993345886469
vn 2.3729758251691786 2.1022918018505252 -5.3840328424408703
v -0.0137473512440920 -0.0136050228029490 0.0205000489950180
vn 4.0830139535268071 2.1429764621286149 -2.5197550953617656
v -0.0147134587168694 -0.0136616323143244 0.0199993345886469
vn 0.6268613759368818 3.1882293336005021 -5.3528942529452204
v -0.0126109765842557 -0.0130441598594189 0.0211676694452763
vn 2.6602070219416691 -1.8720141306927438 -5.3592368786966214
v -0.0128986025229096 -0.0121830925345421 0.0211954768747091
vn 1.1427593841363917 3.0132644212120989 -5.3498742481840482
v -0.0127953337505460 -0.0132790068164468 0.0210007615387440
vn 0.2792175325874048 3.2531530604067180 -5.3575910208467619
v -0.0125500671565533 -0.0129134617745876 0.0212511178106070
vn -1.1457944632769115 3.0212615994411109 -5.3452487551630865
v -0.0120566030964255 -0.0136685920879245 0.0207504034042358
vn 0.5326456658821468 -3.1988286684175637 -5.3639699153454909
v -0.0126109765842557 -0.0119555154815316 0.0211676694452763
vn 1.1078065703587785 -2.9031334896430780 -5.4078996196145894
v -0.0126189161092043 -0.0122488802298903 0.0213345680385828
vn 1.1420938581562141 -3.0122782593138284 -5.3507585873245942
v -0.0127953337505460 -0.0117206685245037 0.0210007615387440
vn -0.2365845833365041 -3.1633083171779548 -5.3961182994634322
v -0.0124496379867196 -0.0120862135663629 0.0212511178106070
vn 1.6437699560255936 2.7954596637027347 -5.3565409611541579
v -0.0127776339650154 -0.0129809519276023 0.0211676694452763
vn 2.0890187817371428 -2.5558940751195189 -5.3272277175383769
v -0.0129809118807316 -0.0119990035891533 0.0210842099040747
vn 1.7814598936439903 -2.4008443115536240 -5.4663117425851979
v -0.0126379858702421 -0.0123438993468881 0.0213762950152159
vn -2.4324127811919323 -2.1586126506312064 -5.3615843526990856
v -0.0121879819780588 -0.0122235408052802 0.0212511178106070
vn -2.2940089292413406 -2.2529423166847322 -5.3862214579805725
v -0.0123439300805330 -0.0123616894707084 0.0213762950152159
vn -1.8353858311223921 -2.6575203986935048 -5.3752964269099461
v -0.0122631508857012 -0.0121569326147437 0.0212511178106070
vn 4.4927125387535725 1.1073139221236392 -2.5104868505541158
v -0.0149271758273244 -0.0130981206893921 0.0199993345886469
vn 3.0781285586731633 0.7586873397666293 -5.3840359161386608
v -0.0141180772334337 -0.0128986928611994 0.0205000489950180
vn 0.3895231454108997 3.2076696073577855 -5.3452348210027134
v -0.0126505354419351 -0.0137407109141350 0.0207504034042358
vn 4.6112677787613041 -0.0000004333637314 -2.5197863135276259
v -0.0149998050183058 -0.0124998372048140 0.0199993345886469
vn 1.8355511892682612 2.6592707672645219 -5.3452410201101985
v -0.0132099082693458 -0.0135285547003150 0.0207504034042358
vn -2.8555841659795660 -1.5030853876079957 -5.3775148238857300
v -0.0121309123933315 -0.0123062003403902 0.0212511178106070
vn -2.6633199806433803 -1.8390688424208164 -5.3817943190967776
v -0.0123283900320530 -0.0123814893886447 0.0213762950152159
vn 0.2701481239258383 -0.1042449225802654 -4.2719398883183812
v -0.0124998372048140 -0.0124998372048140 0.0215014647692442
vn -2.9079220461073940 -1.4144215752751619 -5.3792172355535524
v -0.0123153897002339 -0.0124030187726021 0.0213762950152159
vn -2.7689206694964317 -1.8988024840637698 -5.2476803126470690
v -0.0120953023433685 -0.0124001186341047 0.0212511178106070
vn 3.0781286933674856 -0.7586874189391289 -5.3840358354541777
v -0.0141180772334337 -0.0121009824797511 0.0205000489950180
vn 3.2312447843319991 -0.0000005588182552 -5.3452559199200387
v -0.0137498211115599 -0.0124998372048140 0.0207504034042358
vn -3.1623151683367086 -0.7574718822895254 -5.3733808238383691
v -0.0116907386109233 -0.0123004093766212 0.0210007615387440
vn -3.1713587805921275 -0.5419822033251018 -5.3850857887476735
v -0.0108453491702676 -0.0122989509254694 0.0205000489950180
vn -2.8551572561629155 -1.5649330227247231 -5.3382475947598440
v -0.0110241165384650 -0.0117253074422479 0.0205000489950180
vn -3.0821018557905187 -1.1429341515879405 -5.3476915947292145
v -0.0117094079032540 -0.0122359506785870 0.0210007615387440
vn 4.4927125558600824 -1.1073143614040855 -2.5104869944602033
v -0.0149271758273244 -0.0119015546515584 0.0199993345886469
vn -3.0910716473042452 -0.8914392556861817 -5.3754724123047319
v -0.0104770632460713 -0.0120012732222676 0.0202496908605099
vn 4.0830151573214550 -2.1429750145392621 -2.5197558712936328
v -0.0147134587168694 -0.0113380430266261 0.0199993345886469
vn 2.3729756319821016 -2.1022910099702545 -5.3840332979168597
v -0.0137473512440920 -0.0113946525380015 0.0205000489950180
vn 2.8611236357776031 -1.5016389668460903 -5.3452261070205820
v -0.0136066637933254 -0.0119189452379942 0.0207504034042358
vn -0.1870884021716543 3.1445127324468629 -5.3636124232994371
v -0.0125054577365518 -0.0126386154443026 0.0214180145412683
vn -1.7980265967439577 2.6092252376665743 -5.3930571312682254
v -0.0123616894707084 -0.0126557759940624 0.0213762950152159
vn -0.3933587536420526 -3.1894073527761457 -5.3544065574282431
v -0.0123994089663029 -0.0116725880652666 0.0210007615387440
vn 1.8177216255038324 2.3411766005689074 -5.3656983007303891
v -0.0125425877049565 -0.0125948265194893 0.0214388743042946
vn 1.8355511892682612 -2.6592707672645215 -5.3452410201101985
v -0.0132099082693458 -0.0114711206406355 0.0207504034042358
vn 3.4634809421449937 -3.0683970728631826 -2.5105250497440812
v -0.0143710933625698 -0.0108420485630631 0.0199993345886469
vn 2.6194999968517960 -3.7949418251571849 -2.5197686006539062
v -0.0139199886471033 -0.0104424040764570 0.0199993345886469
vn 2.4160085942907403 1.7874533724393937 -5.4450115513759636
v -0.0126557759940624 -0.0126379858702421 0.0213762950152159
vn 1.1242199865510445 -2.9642386653026001 -5.3840320067381375
v -0.0130908600986004 -0.0109414979815483 0.0205000489950180
vn -1.8223899833004833 -2.6400818969083644 -5.3569674833924950
v -0.0120264543220401 -0.0118140270933509 0.0210007615387440
vn -1.1497621628052723 -3.0370060982627582 -5.3641864276911440
v -0.0123520987108350 -0.0121102528646588 0.0212511178106070
vn 3.0016344055825770 0.8470533736661312 -5.4114143647095094
v -0.0127982040867209 -0.0125928064808249 0.0213137064129114
vn -0.5664411563964408 -2.9213342944784593 -5.3484425044861839
v -0.0124571183696389 -0.0124048488214612 0.0214388743042946
vn -0.3821474160976369 -3.1471446874557500 -5.3840331885406760
v -0.0122989397495985 -0.0108453389257193 0.0205000489950180
vn 0.3895231454108997 -3.2076696073577855 -5.3452348210027143
v -0.0126505354419351 -0.0112589644268155 0.0207504034042358
vn -2.8853923826616739 -1.6711560728007042 -5.2924390999381163
v -0.0117619968950748 -0.0121125727891922 0.0210007615387440
vn 1.6408282582856186 -4.3264585823373274 -2.5105054420885740
v -0.0133863668888807 -0.0101623283699155 0.0199993345886469
vn 0.5558101908450498 -4.5776016018962746 -2.5197611145263359
v -0.0128011936321855 -0.0100181000307202 0.0199993345886469
vn 2.3457092614190267 -1.0378816827739537 -5.3543517689699254
v -0.0125948367640376 -0.0124570876359940 0.0214388743042946
vn -1.1457944632769115 -3.0212615994411105 -5.3452487551630856
v -0.0120566030964255 -0.0113310832530260 0.0207504034042358
vn -1.8009298513123648 -2.6090542051753212 -5.3840365146704370
v -0.0115530695766211 -0.0111282151192427 0.0205000489950180
vn -2.3751960555356164 -2.2008898224469995 -5.3497635304329361
v -0.0115642091259360 -0.0116709480062127 0.0207504034042358
vn -0.5577306855909886 -4.5934521532360888 -2.5105167772225032
v -0.0121985115110874 -0.0100181000307202 0.0199993345886469
vn -1.6351726200822927 -4.3115538713628512 -2.5197377582510283
v -0.0116133391857147 -0.0101623283699155 0.0199993345886469
vn -3.4584084788684666 -3.0031201444790727 -2.5338619603904715
v -0.0106285819783807 -0.0108420485630631 0.0199993345886469
vn -3.8816037470268752 -2.1141700975154221 -2.6150847637014123
v -0.0102862464264035 -0.0113380430266261 0.0199993345886469
vn -4.4927489769204243 -1.1074398568657364 -2.5105065130118760
v -0.0100725293159485 -0.0119015546515584 0.0199993345886469
vn -2.6285235648861796 -3.8081526150188658 -2.5105415900198293
v -0.0110797155648470 -0.0104424040764570 0.0199993345886469
vn -2.8556188642111713 1.5030562722822887 -5.3775157860548610
v -0.0121309123933315 -0.0126934656873345 0.0212511178106070
vn -2.9079308300274791 1.4144334532713749 -5.3792084073343034
v -0.0123153897002339 -0.0125966565683484 0.0213762950152159
vn -2.8194000112901270 1.7792713950033752 -5.2816410385639045
v -0.0120953023433685 -0.0125995567068458 0.0212511178106070
vn -2.6633355539637869 1.8390664945554915 -5.3817869187659255
v -0.0123283900320530 -0.0126181859523058 0.0213762950152159
vn -2.6285272663486596 3.8081524124332624 -2.5105420715462428
v -0.0110797155648470 -0.0145572703331709 0.0199993345886469
vn -2.4210934596786293 2.1449213259836375 -5.3832034195878578
v -0.0123439300805330 -0.0126379858702421 0.0213762950152159
vn 1.9334349416456946 5.0979222379435818 -2.3335329751246539
v -0.0133863668888807 -0.0148373469710350 0.0004995890194550
vn 0.6571735712489506 5.4124605353938007 -2.3335520151628781
v -0.0128011936321855 -0.0149815753102303 0.0004995890194550
vn -0.6571797316920738 5.4124628139637601 -2.3335486713082005
v -0.0121985115110874 -0.0149815753102303 0.0004995890194550
vn -1.9334000763193444 5.0979122731972319 -2.3335559083652742
v -0.0116133391857147 -0.0148373469710350 0.0004995890194550
vn -5.4522354200647083 0.0000023711189839 -2.3335616381175743
v -0.0099998703226447 -0.0124998372048140 0.0004995890194550
vn -5.2937703162300185 -1.3048947502877182 -2.3335302012197512
v -0.0100725293159485 -0.0119015546515584 0.0004995890194550
vn -3.0971900853999212 4.4870970259954071 -2.3335220352853758
v -0.0110797155648470 -0.0145572703331709 0.0004995890194550
vn -4.8277448668370333 -2.5337348035937666 -2.3334928344850523
v -0.0102862464264035 -0.0113380430266261 0.0004995890194550
vn -4.0810813444864351 3.6155318622374129 -2.3335301123764958
v -0.0106285819783807 -0.0141576258465648 0.0004995890194550
vn -4.0811086159346832 -3.6154930790323840 -2.3335372491291926
v -0.0106285819783807 -0.0108420485630631 0.0004995890194550
vn -3.0971516392744531 -4.4871111141925777 -2.3335355089975218
v -0.0110797155648470 -0.0104424040764570 0.0004995890194550
vn -4.8277376932125664 2.5337210490074566 -2.3335089163889302
v -0.0102862464264035 -0.0136616323143244 0.0004995890194550
vn -5.2937708941290689 1.3048854354420203 -2.3335323469013574
v -0.0100725293159485 -0.0130981206893921 0.0004995890194550
vn -1.9334068967378200 -5.0979163671506038 -2.3335477105135842
v -0.0116133391857147 -0.0101623283699155 0.0004995890194550
vn -0.6571759602868303 -5.4124708071277388 -2.3335404716474817
v -0.0121985115110874 -0.0100181000307202 0.0004995890194550
vn 0.6571841527003158 -5.4124747616773483 -2.3335342590576769
v -0.0128011936321855 -0.0100181000307202 0.0004995890194550
vn 1.9334146561746643 -5.0979355870386476 -2.3335259338356553
v -0.0133863668888807 -0.0101623283699155 0.0004995890194550
vn 3.0972500357952821 -4.4870832845436750 -2.3335201467849900
v -0.0139199886471033 -0.0104424040764570 0.0004995890194550
vn 4.0810430310074794 -3.6155008204665178 -2.3335349041060689
v -0.0143710933625698 -0.0108420485630631 0.0004995890194550
vn 4.8276954963332805 -2.5338238663442909 -2.3335246618049110
v -0.0147134587168694 -0.0113380430266261 0.0004995890194550
vn 5.2938118021604810 -1.3047609659013732 -2.3335552137400661
v -0.0149271758273244 -0.0119015546515584 0.0004995890194550
vn 5.4522158855180187 0.0000027267655388 -2.3335155666068856
v -0.0149998050183058 -0.0124998372048140 0.0004995890194550
vn 5.2938165896157603 1.3047645535909616 -2.3335486988754051
v -0.0149271758273244 -0.0130981206893921 0.0004995890194550
vn 4.8277004027703754 2.5338111397702958 -2.3335272571206147
v -0.0147134587168694 -0.0136616323143244 0.0004995890194550
vn 4.0810277751400221 3.6155161651833323 -2.3335356716999227
v -0.0143710933625698 -0.0141576258465648 0.0004995890194550
vn 3.0972598718852655 4.4870866580204636 -2.3335089434935599
v -0.0139199886471033 -0.0145572703331709 0.0004995890194550
vn -3.0910704225043100 0.8914370680053569 -5.3754733112306408
v 0.0145226120948792 0.0120012732222676 0.0202496908605099
vn -3.1713576623580169 0.5419841566002701 -5.3850867649777721
v 0.0141543252393603 0.0122989509254694 0.0205000489950180
vn -4.6349352239678598 0.0000003721781537 -2.5059928012555512
v 0.0149998050183058 0.0124998372048140 0.0199993345886469
vn -1.8223885953796677 2.6400820719597213 -5.3569677056566869
v 0.0129732210189104 0.0118140270933509 0.0210007615387440
vn -2.4371993490270398 2.1591471995513047 -5.3594130070747346
v 0.0128116933628917 0.0122235408052802 0.0212511178106070
vn -2.8854026097717296 1.6711461710536342 -5.2924349456768951
v 0.0132376784458756 0.0121125727891922 0.0210007615387440
vn -3.1623128797638298 0.7574816616118312 -5.3733794792418834
v 0.0133089367300272 0.0123004093766212 0.0210007615387440
vn -3.0821029119018468 1.1429450199153672 -5.3476899765560386
v 0.0132902665063739 0.0122359506785870 0.0210007615387440
vn -0.5577379179541205 4.5934490836141677 -2.5105142053373397
v 0.0128011628985405 0.0100181000307202 0.0199993345886469
vn -0.3821483780159036 3.1471461262087450 -5.3840321361129986
v 0.0127007346600294 0.0108453389257193 0.0205000489950180
vn -1.6351673777029245 4.3115653747823126 -2.5197447695338600
v 0.0133863268420100 0.0101623283699155 0.0199993345886469
vn -2.8551570275833300 1.5649307417462923 -5.3382481508575461
v 0.0139755588024855 0.0117253074422479 0.0205000489950180
vn 0.5558101996522101 4.5776016350871496 -2.5197610952129699
v 0.0121984817087650 0.0100181000307202 0.0199993345886469
vn -1.8009287426734888 2.6090570642159387 -5.3840352068347723
v 0.0134466057643294 0.0111282151192427 0.0205000489950180
vn -1.8207402755164903 2.6565299438964343 -5.3802746100570289
v 0.0127365244552493 0.0121569326147437 0.0212511178106070
vn 3.1741841463571205 0.6254039192069905 -5.3688607019983285
v 0.0120534636080265 0.0123770190402865 0.0212232973426580
vn 2.9190208734483480 1.3850156656428736 -5.3750216257517049
v 0.0118609555065632 0.0122276414185762 0.0210842099040747
vn 3.1957597708203886 0.6049354719254989 -5.3501548419322837
v 0.0116907078772783 0.0123004093766212 0.0210007615387440
vn 2.8739789211046087 1.5089156216679136 -5.3366901964817552
v 0.0113930115476251 0.0119189452379942 0.0207504034042358
vn 2.3533245262242168 2.2149230958109065 -5.3559663721327837
v 0.0118760652840137 0.0119472453370690 0.0210007615387440
vn -0.3933581327869016 3.1894083510775788 -5.3544062577207461
v 0.0126002654433250 0.0116725880652666 0.0210007615387440
vn -1.1445926120324825 3.0119705408052302 -5.3781465159503004
v 0.0126475756987929 0.0121102528646588 0.0212511178106070
vn 1.6408282582856186 4.3264585823373274 -2.5105054420885740
v 0.0116133084520698 0.0101623283699155 0.0199993345886469
vn 1.1242201331559247 2.9642386315663751 -5.3840320139084001
v 0.0119088152423501 0.0109414979815483 0.0205000489950180
vn -0.3764482535902962 3.2149261334179546 -5.3688613399606240
v 0.0125500373542309 0.0120862135663629 0.0212511178106070
vn 2.6194999968517960 3.7949418251571849 -2.5197686006539062
v 0.0110796866938472 0.0104424040764570 0.0199993345886469
vn 3.2327485065126771 -0.2984184635293915 -5.3593633158036358
v 0.0119514744728804 0.0125889563933015 0.0211676694452763
vn 3.2177556775393357 -0.2168255736911423 -5.3682668562431637
v 0.0120862033218145 0.0125500569120049 0.0212511178106070
vn -2.3751966110184415 2.2008883085642075 -5.3497637344441973
v 0.0134354662150145 0.0116709480062127 0.0207504034042358
vn 3.1136934928486486 -0.7706842237887719 -5.3570401740516900
v 0.0116907078772783 0.0126992650330067 0.0210007615387440
vn 3.0265154780775507 -1.1706379723243336 -5.3619508872520480
v 0.0120387235656381 0.0126537755131721 0.0212093871086836
vn 2.4273743442107030 -2.1253931383938256 -5.3475604681088225
v 0.0118760652840137 0.0130524300038815 0.0210007615387440
vn -4.4927489769204243 1.1074398568657364 -2.5105065130118760
v 0.0149271460250020 0.0119015546515584 0.0199993345886469
vn -3.8816037470268729 2.1141700975154207 -2.6150847637014123
v 0.0147134289145470 0.0113380430266261 0.0199993345886469
vn -3.4584084788684688 3.0031201444790745 -2.5338619603904715
v 0.0143710933625698 0.0108420485630631 0.0199993345886469
vn 3.4634809421449937 3.0683970728631826 -2.5105250497440812
v 0.0106285819783807 0.0108420485630631 0.0199993345886469
vn 2.3729756319821016 2.1022910099702545 -5.3840332979168597
v 0.0112523240968585 0.0113946525380015 0.0205000489950180
vn 4.0830151573214550 2.1429750145392621 -2.5197558712936328
v 0.0102862166240811 0.0113380430266261 0.0199993345886469
vn 0.6268255216189049 3.1882506047445616 -5.3528889547592682
v 0.0123886894434690 0.0119555154815316 0.0211676694452763
vn 2.6602014711292425 -1.8720206306528322 -5.3592380370330668
v 0.0121010728180408 0.0128165828064084 0.0211954768747091
vn 1.1427595635232568 3.0132859393616456 -5.3498634433125378
v 0.0122043415904045 0.0117206685245037 0.0210007615387440
vn 0.2791499265882009 3.2531651998356117 -5.3575914186853923
v 0.0124496081843972 0.0120862135663629 0.0212511178106070
vn -1.1457942421937559 3.0212618737213650 -5.3452485894369151
v 0.0129430722445250 0.0113310832530260 0.0207504034042358
vn 0.5326827376826694 -3.1988165219477165 -5.3639695916235617
v 0.0123886894434690 0.0130441598594189 0.0211676694452763
vn 1.1078067362220190 -2.9031315800133402 -5.4079007146438833
v 0.0123807592317462 0.0127507951110601 0.0213345680385828
vn 1.1420964770833983 -3.0122800864684791 -5.3507572044611731
v 0.0122043415904045 0.0132790068164468 0.0210007615387440
vn -0.2365925025990009 -3.1633070067370905 -5.3961187317642016
v 0.0125500373542309 0.0129134617745876 0.0212511178106070
vn 1.6437612971545525 2.7954776951088052 -5.3565236023394363
v 0.0122220413759351 0.0120187141001225 0.0211676694452763
vn 2.0890187817371428 -2.5558940751195189 -5.3272277175383769
v 0.0120187634602189 0.0130006717517972 0.0210842099040747
vn 1.7814598936439903 -2.4008443115536240 -5.4663117425851979
v 0.0123616894707084 0.0126557759940624 0.0213762950152159
vn -2.4324515402709697 -2.1585518747543375 -5.3615860212234212
v 0.0128116933628917 0.0127761345356703 0.0212511178106070
vn -2.2940072440881014 -2.2529375345817626 -5.3862240173024567
v 0.0126557452604175 0.0126379858702421 0.0213762950152159
vn -1.8353800730104843 -2.6575242707156521 -5.3752959728276277
v 0.0127365244552493 0.0128427427262068 0.0212511178106070
vn 4.4927125558600824 1.1073143614040855 -2.5104869944602033
v 0.0100724995136261 0.0119015546515584 0.0199993345886469
vn 3.0781286933674852 0.7586874189391289 -5.3840358354541777
v 0.0108815981075168 0.0121009824797511 0.0205000489950180
vn 0.3895230107529401 3.2076695018306154 -5.3452348886198289
v 0.0123491398990154 0.0112589644268155 0.0207504034042358
vn 4.6112677787613041 0.0000004333637314 -2.5197863135276259
v 0.0099998703226447 0.0124998372048140 0.0199993345886469
vn 1.8355511892682612 2.6592707672645219 -5.3452410201101985
v 0.0117897670716047 0.0114711206406355 0.0207504034042358
vn -2.8556245008709698 -1.5030437305761537 -5.3775153187321116
v 0.0128687629476190 0.0126934656873345 0.0212511178106070
vn -2.6633321087716038 -1.8390639623037419 -5.3817893768429945
v 0.0126712853088975 0.0126181859523058 0.0213762950152159
vn 0.2701188158248450 -0.1042598845937328 -4.2719779545673111
v 0.0124998372048140 0.0124998372048140 0.0215014647692442
vn -2.9079364069027962 -1.4144067461241638 -5.3792108145884274
v 0.0126842856407166 0.0125966565683484 0.0213762950152159
vn -2.7954126094324558 -1.8370558867114539 -5.2658929563237420
v 0.0129043720662594 0.0125995567068458 0.0212511178106070
vn 3.0781285586731633 -0.7586873397666294 -5.3840359161386608
v 0.0108815981075168 0.0128986928611994 0.0205000489950180
vn 3.2312447843319991 0.0000005588182552 -5.3452559199200387
v 0.0112498542293906 0.0124998372048140 0.0207504034042358
vn -3.1623138390490761 -0.7574759145318757 -5.3733800094183586
v 0.0133089367300272 0.0126992650330067 0.0210007615387440
vn -3.1713579109435512 -0.5419840356928939 -5.3850865853282333
v 0.0141543252393603 0.0127007244154811 0.0205000489950180
vn -2.8551578734954655 -1.5649311503783876 -5.3382474809036120
v 0.0139755588024855 0.0132743678987026 0.0205000489950180
vn -3.0820984237579947 -1.1429413988674262 -5.3476929069576098
v 0.0132902665063739 0.0127637246623635 0.0210007615387440
vn 4.4927125387535725 -1.1073139221236392 -2.5104868505541158
v 0.0100724995136261 0.0130981206893921 0.0199993345886469
vn -3.0910707130758528 -0.8914366274388238 -5.3754733077623698
v 0.0145226120948792 0.0129984011873603 0.0202496908605099
vn 4.0830139535268071 -2.1429764621286149 -2.5197550953617656
v 0.0102862166240811 0.0136616323143244 0.0199993345886469
vn 2.3729758251691790 -2.1022918018505252 -5.3840328424408703
v 0.0112523240968585 0.0136050228029490 0.0205000489950180
vn 2.8611234457324550 -1.5016382222419657 -5.3452263394229966
v 0.0113930115476251 0.0130807301029563 0.0207504034042358
vn -0.1871598760398144 3.1445304180337397 -5.3636120029713457
v 0.0124942176043987 0.0123610598966479 0.0214180145412683
vn -1.7980263597166768 2.6092272144701387 -5.3930561114231308
v 0.0126379858702421 0.0123438993468881 0.0213762950152159
vn -0.3933581327869016 -3.1894083510775788 -5.3544062577207452
v 0.0126002654433250 0.0133270872756839 0.0210007615387440
vn 1.8176836446753102 2.3410871127896451 -5.3657101813327479
v 0.0124570783227682 0.0124048488214612 0.0214388743042946
vn 1.8355511892682612 -2.6592707672645215 -5.3452410201101985
v 0.0117897670716047 0.0135285547003150 0.0207504034042358
vn 3.4634807295497660 -3.0683994436260327 -2.5105252641483906
v 0.0106285819783807 0.0141576258465648 0.0199993345886469
vn 2.6195033230966049 -3.7949415062322513 -2.5197692583393057
v 0.0110796866938472 0.0145572703331709 0.0199993345886469
vn 2.4160678276143188 1.7873521753190991 -5.4450019705564214
v 0.0123438900336623 0.0123616894707084 0.0213762950152159
vn 1.1242207032781546 -2.9642388155469535 -5.3840317405127811
v 0.0119088152423501 0.0140581773594022 0.0205000489950180
vn -1.8223885953796677 -2.6400820719597209 -5.3569677056566860
v 0.0129732210189104 0.0131856482475996 0.0210007615387440
vn -1.1497596177290836 -3.0370096230639980 -5.3641857524807559
v 0.0126475756987929 0.0128894224762917 0.0212511178106070
vn 3.0016944784738353 0.8469437069860117 -5.4114137326434832
v 0.0122014712542295 0.0124068688601255 0.0213137064129114
vn -0.5664546061721889 -2.9213114085155518 -5.3484483788563040
v 0.0125425569713116 0.0125948265194893 0.0214388743042946
vn -0.3821483780159035 -3.1471461262087450 -5.3840321361129986
v 0.0127007346600294 0.0141543364152312 0.0205000489950180
vn 0.3895230107529402 -3.2076695018306154 -5.3452348886198289
v 0.0123491398990154 0.0137407109141350 0.0207504034042358
vn -2.8853988509259390 -1.6711403589511709 -5.2924383950169780
v 0.0132376784458756 0.0128871025517583 0.0210007615387440
vn 1.6408308432351757 -4.3264566453764939 -2.5105043847168771
v 0.0116133084520698 0.0148373469710350 0.0199993345886469
vn 0.5558101996522101 -4.5776016350871505 -2.5197610952129699
v 0.0121984817087650 0.0149815753102303 0.0199993345886469
vn 2.3457266091467486 -1.0379606347280501 -5.3543540447159899
v 0.0124048385769129 0.0125425877049565 0.0214388743042946
vn -1.1457942421937557 -3.0212618737213650 -5.3452485894369142
v 0.0129430722445250 0.0136685920879245 0.0207504034042358
vn -1.8009294528662598 -2.6090574372533579 -5.3840347337433503
v 0.0134466057643294 0.0138714602217078 0.0205000489950180
vn -2.3751966110184419 -2.2008883085642070 -5.3497637344441982
v 0.0134354662150145 0.0133287273347378 0.0207504034042358
vn -0.5577379179541205 -4.5934490836141677 -2.5105142053373397
v 0.0128011628985405 0.0149815753102303 0.0199993345886469
vn -1.6351698438413800 -4.3115637840570225 -2.5197435600548452
v 0.0133863268420100 0.0148373469710350 0.0199993345886469
vn -3.4584082814338872 -3.0031217823961400 -2.5338624313304257
v 0.0143710933625698 0.0141576258465648 0.0199993345886469
vn -3.8816008516027196 -2.1141709123017174 -2.6150847793791967
v 0.0147134289145470 0.0136616323143244 0.0199993345886469
vn -4.4927483246284359 -1.1074394631524971 -2.5105067039667057
v 0.0149271460250020 0.0130981206893921 0.0199993345886469
vn -2.6285111926672831 -3.8081578032403312 -2.5105365220760474
v 0.0139199597761035 0.0145572703331709 0.0199993345886469
vn -2.8555898022197574 1.5030728470253356 -5.3775143562579872
v 0.0128687629476190 0.0123062003403902 0.0212511178106070
vn -2.9079276230870854 1.4143948679099629 -5.3792196428575858
v 0.0126842856407166 0.0124030187726021 0.0213762950152159
vn -2.7424691178820892 1.9584514453522215 -5.2286928618625526
v 0.0129043720662594 0.0124001186341047 0.0212511178106070
vn -2.6633165354393205 1.8390663101615023 -5.3817967771881090
v 0.0126712853088975 0.0123814893886447 0.0213762950152159
vn -2.6285074912346902 3.8081580057945432 -2.5105360405563975
v 0.0139199597761035 0.0104424040764570 0.0199993345886469
vn -2.4210933305444229 2.1449208025574520 -5.3832036751090779
v 0.0126557452604175 0.0123616894707084 0.0213762950152159
vn 1.9334306737160949 5.0979291241335787 -2.3335263719195987
v 0.0116133084520698 0.0101623283699155 0.0004995890194550
vn 0.6571746414512821 5.4124706311565509 -2.3335405918838021
v 0.0121984817087650 0.0100181000307202 0.0004995890194550
vn -0.6571849790872726 5.4124702383454046 -2.3335421820855351
v 0.0128011628985405 0.0100181000307202 0.0004995890194550
vn -1.9333864467681192 5.0979133271705930 -2.3335518461296818
v 0.0133863268420100 0.0101623283699155 0.0004995890194550
vn -5.4522359169141668 0.0000025655324040 -2.3335610384065610
v 0.0149998050183058 0.0124998372048140 0.0004995890194550
vn -5.2937727809195296 -1.3048958647457596 -2.3335272852200859
v 0.0149271460250020 0.0130981206893921 0.0004995890194550
vn -3.0971723998371492 4.4871137271747026 -2.3335237748791551
v 0.0139199597761035 0.0104424040764570 0.0004995890194550
vn -4.8277478316885603 -2.5337363936959307 -2.3334897700462007
v 0.0147134289145470 0.0136616323143244 0.0004995890194550
vn -4.0810843779457935 3.6155310872269459 -2.3335287253704644
v 0.0143710933625698 0.0108420485630631 0.0004995890194550
vn -4.0811059463196528 -3.6154937354360079 -2.3335384023415453
v 0.0143710933625698 0.0141576258465648 0.0004995890194550
vn -3.0971407733953193 -4.4871145020959204 -2.3335435805313480
v 0.0139199597761035 0.0145572703331709 0.0004995890194550
vn -4.8277407559252712 2.5337199063642237 -2.3335058794239658
v 0.0147134289145470 0.0113380430266261 0.0004995890194550
vn -5.2937720169507418 1.3048870162541437 -2.3335306043915751
v 0.0149271460250020 0.0119015546515584 0.0004995890194550
vn -1.9333938384049869 -5.0979069976612337 -2.3335564840342635
v 0.0133863268420100 0.0148373469710350 0.0004995890194550
vn -0.6571839367140885 -5.4124601546824396 -2.3335535868407775
v 0.0128011628985405 0.0149815753102303 0.0004995890194550
vn 0.6571856626177199 -5.4124657864378634 -2.3335439644514735
v 0.0121984817087650 0.0149815753102303 0.0004995890194550
vn 1.9334178346830604 -5.0979310063415850 -2.3335304014354463
v 0.0116133084520698 0.0148373469710350 0.0004995890194550
vn 3.0972521636983754 -4.4870793787626715 -2.3335214593259881
v 0.0110796866938472 0.0145572703331709 0.0004995890194550
vn 4.0810399975344174 -3.6155015954771801 -2.3335362908599127
v 0.0106285819783807 0.0141576258465648 0.0004995890194550
vn 4.8276924335653453 -2.5338250091196546 -2.3335276987106446
v 0.0102862166240811 0.0136616323143244 0.0004995890194550
vn 5.2938106792553530 -1.3047593852735859 -2.3335569562221599
v 0.0100724995136261 0.0130981206893921 0.0004995890194550
vn 5.4522153886609548 0.0000029207944146 -2.3335161662819064
v 0.0099998703226447 0.0124998372048140 0.0004995890194550
vn 5.2938141249929505 1.3047634390103369 -2.3335516149735223
v 0.0100724995136261 0.0119015546515584 0.0004995890194550
vn 4.8276974380153401 2.5338095496500292 -2.3335303215276566
v 0.0102862166240811 0.0113380430266261 0.0004995890194550
vn 4.0810304448366361 3.6155155088551698 -2.3335345186135306
v 0.0106285819783807 0.0108420485630631 0.0004995890194550
vn 3.0972574550077985 4.4870911838164416 -2.3335072131693657
v 0.0110796866938472 0.0104424040764570 0.0004995890194550
vn -3.0910707130758528 0.8914366274388238 -5.3754733077623698
v 0.0145226120948792 -0.0129984011873603 0.0202496908605099
vn -3.1713579109435512 0.5419840356928939 -5.3850865853282341
v 0.0141543252393603 -0.0127007244154811 0.0205000489950180
vn -4.6349352239678598 -0.0000003721781537 -2.5059928012555508
v 0.0149998050183058 -0.0124998372048140 0.0199993345886469
vn -1.8223885953796677 2.6400820719597213 -5.3569677056566869
v 0.0129732210189104 -0.0131856482475996 0.0210007615387440
vn -2.4372381081060772 2.1590864236744363 -5.3594146755990701
v 0.0128116933628917 -0.0127761345356703 0.0212511178106070
vn -2.8853988509259394 1.6711403589511709 -5.2924383950169789
v 0.0132376784458756 -0.0128871025517583 0.0210007615387440
vn -3.1623138390490766 0.7574759145318757 -5.3733800094183586
v 0.0133089367300272 -0.0126992650330067 0.0210007615387440
vn -3.0820984237579947 1.1429413988674262 -5.3476929069576098
v 0.0132902665063739 -0.0127637246623635 0.0210007615387440
vn -0.5577379179541205 4.5934490836141677 -2.5105142053373397
v 0.0128011628985405 -0.0149815753102303 0.0199993345886469
vn -0.3821483780159036 3.1471461262087450 -5.3840321361129986
v 0.0127007346600294 -0.0141543364152312 0.0205000489950180
vn -1.6351698438413800 4.3115637840570225 -2.5197435600548452
v 0.0133863268420100 -0.0148373469710350 0.0199993345886469
vn -2.8551578734954655 1.5649311503783876 -5.3382474809036120
v 0.0139755588024855 -0.0132743678987026 0.0205000489950180
vn 0.5558101996522101 4.5776016350871496 -2.5197610952129699
v 0.0121984817087650 -0.0149815753102303 0.0199993345886469
vn -1.8009294528662596 2.6090574372533579 -5.3840347337433503
v 0.0134466057643294 -0.0138714602217078 0.0205000489950180
vn -1.8207402755164903 2.6565299438964343 -5.3802746100570289
v 0.0127365244552493 -0.0128427427262068 0.0212511178106070
vn 3.1741843208834539 0.6254039421658429 -5.3688605923144825
v 0.0120534636080265 -0.0126226563006639 0.0212232973426580
vn 2.9190224386002988 1.3850132047233232 -5.3750212018766623
v 0.0118609555065632 -0.0127720339223742 0.0210842099040747
vn 3.1957611835001583 0.6049325866562513 -5.3501546315627575
v 0.0116907078772783 -0.0126992650330067 0.0210007615387440
vn 2.8739788931801904 1.5089149764200303 -5.3366903219162110
v 0.0113930115476251 -0.0130807301029563 0.0207504034042358
vn 2.3533112119437076 2.2149225283824046 -5.3559715751369845
v 0.0118760652840137 -0.0130524300038815 0.0210007615387440
vn -0.3933581327869016 3.1894083510775788 -5.3544062577207461
v 0.0126002654433250 -0.0133270872756839 0.0210007615387440
vn -1.1445926120324825 3.0119705408052302 -5.3781465159503004
v 0.0126475756987929 -0.0128894224762917 0.0212511178106070
vn 1.6408308432351757 4.3264566453764939 -2.5105043847168771
v 0.0116133084520698 -0.0148373469710350 0.0199993345886469
vn 1.1242207032781544 2.9642388155469535 -5.3840317405127811
v 0.0119088152423501 -0.0140581773594022 0.0205000489950180
vn -0.3764482535902962 3.2149261334179546 -5.3688613399606240
v 0.0125500373542309 -0.0129134617745876 0.0212511178106070
vn 2.6195033230966049 3.7949415062322513 -2.5197692583393057
v 0.0110796866938472 -0.0145572703331709 0.0199993345886469
vn 3.2327482470999520 -0.2984173135395937 -5.3593636126504558
v 0.0119514744728804 -0.0124107189476490 0.0211676694452763
vn 3.2177556775393357 -0.2168255736911423 -5.3682668562431637
v 0.0120862033218145 -0.0124496184289455 0.0212511178106070
vn -2.3751966110184415 2.2008883085642075 -5.3497637344441973
v 0.0134354662150145 -0.0133287273347378 0.0207504034042358
vn 3.1136923244979080 -0.7706862114516778 -5.3570402759015101
v 0.0116907078772783 -0.0123004093766212 0.0210007615387440
vn 3.0265148991990558 -1.1706377754175517 -5.3619512773318725
v 0.0120387235656381 -0.0123458998277783 0.0212093871086836
vn 2.4273737108784008 -2.1253941544045207 -5.3475605080450590
v 0.0118760652840137 -0.0119472453370690 0.0210007615387440
vn -4.4927483246284350 1.1074394631524971 -2.5105067039667057
v 0.0149271460250020 -0.0130981206893921 0.0199993345886469
vn -3.8816008516027201 2.1141709123017183 -2.6150847793791967
v 0.0147134289145470 -0.0136616323143244 0.0199993345886469
vn -3.4584082814338863 3.0031217823961396 -2.5338624313304257
v 0.0143710933625698 -0.0141576258465648 0.0199993345886469
vn 3.4634807295497660 3.0683994436260327 -2.5105252641483906
v 0.0106285819783807 -0.0141576258465648 0.0199993345886469
vn 2.3729758251691786 2.1022918018505252 -5.3840328424408703
v 0.0112523240968585 -0.0136050228029490 0.0205000489950180
vn 4.0830139535268071 2.1429764621286149 -2.5197550953617656
v 0.0102862166240811 -0.0136616323143244 0.0199993345886469
vn 0.6268879231150416 3.1882243705596922 -5.3528907587727090
v 0.0123886894434690 -0.0130441598594189 0.0211676694452763
vn 2.6602014711292425 -1.8720206306528322 -5.3592380370330668
v 0.0121010728180408 -0.0121830925345421 0.0211954768747091
vn 1.1427624560008383 3.0132673694835641 -5.3498721622771663
v 0.0122043415904045 -0.0132790068164468 0.0210007615387440
vn 0.2791499265882009 3.2531651998356117 -5.3575914186853923
v 0.0124496081843972 -0.0129134617745876 0.0212511178106070
vn -1.1457942421937559 3.0212618737213650 -5.3452485894369151
v 0.0129430722445250 -0.0136685920879245 0.0207504034042358
vn 0.5326827376826694 -3.1988165219477165 -5.3639695916235617
v 0.0123886894434690 -0.0119555154815316 0.0211676694452763
vn 1.1078067362220190 -2.9031315800133402 -5.4079007146438833
v 0.0123807592317462 -0.0122488802298903 0.0213345680385828
vn 1.1420964770833983 -3.0122800864684791 -5.3507572044611731
v 0.0122043415904045 -0.0117206685245037 0.0210007615387440
vn -0.2365925025990009 -3.1633070067370905 -5.3961187317642016
v 0.0125500373542309 -0.0120862135663629 0.0212511178106070
vn 1.6437862737780273 2.7954771759413641 -5.3565317518134439
v 0.0122220413759351 -0.0129809519276023 0.0211676694452763
vn 2.0890187817371428 -2.5558940751195189 -5.3272277175383769
v 0.0120187634602189 -0.0119990035891533 0.0210842099040747
vn 1.7814598936439903 -2.4008443115536240 -5.4663117425851979
v 0.0123616894707084 -0.0123438993468881 0.0213762950152159
vn -2.4324127811919323 -2.1586126506312064 -5.3615843526990856
v 0.0128116933628917 -0.0122235408052802 0.0212511178106070
vn -2.2940080733135018 -2.2529396979749716 -5.3862228297901247
v 0.0126557452604175 -0.0123616894707084 0.0213762950152159
vn -1.8353800730104843 -2.6575242707156521 -5.3752959728276277
v 0.0127365244552493 -0.0121569326147437 0.0212511178106070
vn 4.4927125387535725 1.1073139221236392 -2.5104868505541158
v 0.0100724995136261 -0.0130981206893921 0.0199993345886469
vn 3.0781285586731633 0.7586873397666293 -5.3840359161386608
v 0.0108815981075168 -0.0128986928611994 0.0205000489950180
vn 0.3895230107529401 3.2076695018306154 -5.3452348886198289
v 0.0123491398990154 -0.0137407109141350 0.0207504034042358
vn 4.6112677787613041 -0.0000004333637314 -2.5197863135276259
v 0.0099998703226447 -0.0124998372048140 0.0199993345886469
vn 1.8355511892682612 2.6592707672645219 -5.3452410201101985
v 0.0117897670716047 -0.0135285547003150 0.0207504034042358
vn -2.8555898022197579 -1.5030728470253356 -5.3775143562579872
v 0.0128687629476190 -0.0123062003403902 0.0212511178106070
vn -2.6633165354393205 -1.8390663101615023 -5.3817967771881090
v 0.0126712853088975 -0.0123814893886447 0.0213762950152159
vn 0.2701185261920370 -0.1042771142096370 -4.2719748068159422
v 0.0124998372048140 -0.0124998372048140 0.0215014647692442
vn -2.9079276230870854 -1.4143948679099629 -5.3792196428575858
v 0.0126842856407166 -0.0124030187726021 0.0213762950152159
vn -2.7424691178820892 -1.9584514453522215 -5.2286928618625526
v 0.0129043720662594 -0.0124001186341047 0.0212511178106070
vn 3.0781286933674856 -0.7586874189391289 -5.3840358354541777
v 0.0108815981075168 -0.0121009824797511 0.0205000489950180
vn 3.2312447843319991 -0.0000005588182552 -5.3452559199200387
v 0.0112498542293906 -0.0124998372048140 0.0207504034042358
vn -3.1623128797638298 -0.7574816616118311 -5.3733794792418843
v 0.0133089367300272 -0.0123004093766212 0.0210007615387440
vn -3.1713576623580164 -0.5419841566002702 -5.3850867649777721
v 0.0141543252393603 -0.0122989509254694 0.0205000489950180
vn -2.8551570275833300 -1.5649307417462923 -5.3382481508575461
v 0.0139755588024855 -0.0117253074422479 0.0205000489950180
vn -3.0821029119018468 -1.1429450199153672 -5.3476899765560404
v 0.0132902665063739 -0.0122359506785870 0.0210007615387440
vn 4.4927125558600824 -1.1073143614040855 -2.5104869944602033
v 0.0100724995136261 -0.0119015546515584 0.0199993345886469
vn -3.0910704225043100 -0.8914370680053569 -5.3754733112306408
v 0.0145226120948792 -0.0120012732222676 0.0202496908605099
vn 4.0830151573214550 -2.1429750145392621 -2.5197558712936328
v 0.0102862166240811 -0.0113380430266261 0.0199993345886469
vn 2.3729756319821016 -2.1022910099702545 -5.3840332979168597
v 0.0112523240968585 -0.0113946525380015 0.0205000489950180
vn 2.8611236357776031 -1.5016389668460903 -5.3452261070205820
v 0.0113930115476251 -0.0119189452379942 0.0207504034042358
vn -0.1871636284791043 3.1445238897165630 -5.3636149976796670
v 0.0124942176043987 -0.0126386154443026 0.0214180145412683
vn -1.7980250352535012 2.6092242878537011 -5.3930578269536271
v 0.0126379858702421 -0.0126557759940624 0.0213762950152159
vn -0.3933581327869016 -3.1894083510775788 -5.3544062577207452
v 0.0126002654433250 -0.0116725880652666 0.0210007615387440
vn 1.8176757869803244 2.3410872223470407 -5.3657105907403722
v 0.0124570783227682 -0.0125948265194893 0.0214388743042946
vn 1.8355511892682612 -2.6592707672645215 -5.3452410201101985
v 0.0117897670716047 -0.0114711206406355 0.0207504034042358
vn 3.4634809421449937 -3.0683970728631826 -2.5105250497440812
v 0.0106285819783807 -0.0108420485630631 0.0199993345886469
vn 2.6194999968517960 -3.7949418251571849 -2.5197686006539062
v 0.0110796866938472 -0.0104424040764570 0.0199993345886469
vn 2.4160468566826823 1.7873857907475492 -5.4449937326931819
v 0.0123438900336623 -0.0126379858702421 0.0213762950152159
vn 1.1242201331559252 -2.9642386315663751 -5.3840320139084001
v 0.0119088152423501 -0.0109414979815483 0.0205000489950180
vn -1.8223885953796677 -2.6400820719597209 -5.3569677056566860
v 0.0129732210189104 -0.0118140270933509 0.0210007615387440
vn -1.1497596177290836 -3.0370096230639980 -5.3641857524807559
v 0.0126475756987929 -0.0121102528646588 0.0212511178106070
vn 3.0016944784738353 0.8469437069860117 -5.4114137326434832
v 0.0122014712542295 -0.0125928064808249 0.0213137064129114
vn -0.5664486748656337 -2.9213267246976331 -5.3484438546741808
v 0.0125425569713116 -0.0124048488214612 0.0214388743042946
vn -0.3821483780159035 -3.1471461262087450 -5.3840321361129986
v 0.0127007346600294 -0.0108453389257193 0.0205000489950180
vn 0.3895230107529402 -3.2076695018306154 -5.3452348886198289
v 0.0123491398990154 -0.0112589644268155 0.0207504034042358
vn -2.8854026097717300 -1.6711461710536342 -5.2924349456768951
v 0.0132376784458756 -0.0121125727891922 0.0210007615387440
vn 1.6408282582856186 -4.3264585823373274 -2.5105054420885740
v 0.0116133084520698 -0.0101623283699155 0.0199993345886469
vn 0.5558101996522101 -4.5776016350871505 -2.5197610952129699
v 0.0121984817087650 -0.0100181000307202 0.0199993345886469
vn 2.3457295631333364 -1.0379600974736447 -5.3543530189265889
v 0.0124048385769129 -0.0124570876359940 0.0214388743042946
vn -1.1457942421937557 -3.0212618737213650 -5.3452485894369142
v 0.0129430722445250 -0.0113310832530260 0.0207504034042358
vn -1.8009287426734888 -2.6090570642159387 -5.3840352068347723
v 0.0134466057643294 -0.0111282151192427 0.0205000489950180
vn -2.3751966110184419 -2.2008883085642070 -5.3497637344441982
v 0.0134354662150145 -0.0116709480062127 0.0207504034042358
vn -0.5577379179541205 -4.5934490836141677 -2.5105142053373397
v 0.0128011628985405 -0.0100181000307202 0.0199993345886469
vn -1.6351673777029248 -4.3115653747823126 -2.5197447695338600
v 0.0133863268420100 -0.0101623283699155 0.0199993345886469
vn -3.4584084788684666 -3.0031201444790727 -2.5338619603904715
v 0.0143710933625698 -0.0108420485630631 0.0199993345886469
vn -3.8816037470268752 -2.1141700975154221 -2.6150847637014123
v 0.0147134289145470 -0.0113380430266261 0.0199993345886469
vn -4.4927489769204243 -1.1074398568657364 -2.5105065130118760
v 0.0149271460250020 -0.0119015546515584 0.0199993345886469
vn -2.6285074912346902 -3.8081580057945437 -2.5105360405563975
v 0.0139199597761035 -0.0104424040764570 0.0199993345886469
vn -2.8556245008709698 1.5030437305761537 -5.3775153187321116
v 0.0128687629476190 -0.0126934656873345 0.0212511178106070
vn -2.9079364069027962 1.4144067461241638 -5.3792108145884274
v 0.0126842856407166 -0.0125966565683484 0.0213762950152159
vn -2.7954126094324558 1.8370558867114537 -5.2658929563237420
v 0.0129043720662594 -0.0125995567068458 0.0212511178106070
vn -2.6633321087716038 1.8390639623037419 -5.3817893768429954
v 0.0126712853088975 -0.0126181859523058 0.0213762950152159
vn -2.6285111926672831 3.8081578032403307 -2.5105365220760474
v 0.0139199597761035 -0.0145572703331709 0.0199993345886469
vn -2.4210906430334092 2.1449186384718630 -5.3832056597605025
v 0.0126557452604175 -0.0126379858702421 0.0213762950152159
vn 1.9334349416456946 5.0979222379435818 -2.3335329751246539
v 0.0116133084520698 -0.0148373469710350 0.0004995890194550
vn 0.6571735712489506 5.4124605353938007 -2.3335520151628781
v 0.0121984817087650 -0.0149815753102303 0.0004995890194550
vn -0.6571864889823611 5.4124612630664979 -2.3335518875009518
v 0.0128011628985405 -0.0149815753102303 0.0004995890194550
vn -1.9333896251356777 5.0979087464963841 -2.3335563136879793
v 0.0133863268420100 -0.0148373469710350 0.0004995890194550
vn -5.4522359051313005 0.0000015442135801 -2.3335610526291672
v 0.0149998050183058 -0.0124998372048140 0.0004995890194550
vn -5.2937725161206188 -1.3048960315295901 -2.3335274151913414
v 0.0149271460250020 -0.0119015546515584 0.0004995890194550
vn -3.0971745277316916 4.4871098214097298 -2.3335250873947020
v 0.0139199597761035 -0.0145572703331709 0.0004995890194550
vn -4.8277481094847250 -2.5337346880280327 -2.3334897294914185
v 0.0147134289145470 -0.0113380430266261 0.0004995890194550
vn -4.0810828557566641 3.6155313692840068 -2.3335291415145782
v 0.0143710933625698 -0.0141576258465648 0.0004995890194550
vn -4.0811086159346832 -3.6154930790323840 -2.3335372491291926
v 0.0143710933625698 -0.0108420485630631 0.0004995890194550
vn -3.0971383565417958 -4.4871190279331019 -2.3335418502417249
v 0.0139199597761035 -0.0104424040764570 0.0004995890194550
vn -4.8277402443955957 2.5337229985131540 -2.3335053921179534
v 0.0147134289145470 -0.0136616323143244 0.0004995890194550
vn -5.2937721679496352 1.3048865378791492 -2.3335306977914341
v 0.0149271460250020 -0.0130981206893921 0.0004995890194550
vn -1.9333895705660933 -5.0979138839373661 -2.3335498807983805
v 0.0133863268420100 -0.0101623283699155 0.0004995890194550
vn -0.6571850069315233 -5.4124702504373596 -2.3335421635463485
v 0.0128011628985405 -0.0100181000307202 0.0004995890194550
vn 0.6571841527003158 -5.4124747616773483 -2.3335342590576769
v 0.0121984817087650 -0.0100181000307202 0.0004995890194550
vn 1.9334146561746643 -5.0979355870386476 -2.3335259338356553
v 0.0116133084520698 -0.0101623283699155 0.0004995890194550
vn 3.0972500357952821 -4.4870832845436750 -2.3335201467849900
v 0.0110796866938472 -0.0104424040764570 0.0004995890194550
vn 4.0810415198395020 -3.6155013133595877 -2.3335358748545660
v 0.0106285819783807 -0.0108420485630631 0.0004995890194550
vn 4.8276929452091837 -2.5338219168425473 -2.3335281860880799
v 0.0102862166240811 -0.0113380430266261 0.0004995890194550
vn 5.2938105283319663 -1.3047598634701054 -2.3335568628666796
v 0.0100724995136261 -0.0119015546515584 0.0004995890194550
vn 5.4522154004372956 0.0000018998943025 -2.3335161520690306
v 0.0099998703226447 -0.0124998372048140 0.0004995890194550
vn 5.2938143897070136 1.3047632724095410 -2.3335514849662431
v 0.0100724995136261 -0.0130981206893921 0.0004995890194550
vn 4.8276971601261200 2.5338112553365955 -2.3335303621079055
v 0.0102862166240811 -0.0136616323143244 0.0004995890194550
vn 4.0810277751400221 3.6155161651833323 -2.3335356716999227
v 0.0106285819783807 -0.0141576258465648 0.0004995890194550
vn 3.0972598718852655 4.4870866580204636 -2.3335089434935599
v 0.0110796866938472 -0.0145572703331709 0.0004995890194550
vn -3.0910716473042452 0.8914392556861814 -5.3754724123047319
v -0.0104770632460713 0.0120012732222676 0.0202496908605099
vn -3.1713587805921271 0.5419822033251018 -5.3850857887476726
v -0.0108453491702676 0.0122989509254694 0.0205000489950180
vn -4.6349358780135779 0.0000003721782588 -2.5059924214126550
v -0.0099998703226447 0.0124998372048140 0.0199993345886469
vn -1.8223899833004833 2.6400818969083648 -5.3569674833924958
v -0.0120264543220401 0.0118140270933509 0.0210007615387440
vn -2.4371993490270398 2.1591471995513047 -5.3594130070747346
v -0.0121879819780588 0.0122235408052802 0.0212511178106070
vn -2.8853923826616743 1.6711560728007042 -5.2924390999381155
v -0.0117619968950748 0.0121125727891922 0.0210007615387440
vn -3.1623151683367086 0.7574718822895257 -5.3733808238383691
v -0.0116907386109233 0.0123004093766212 0.0210007615387440
vn -3.0821018557905187 1.1429341515879408 -5.3476915947292145
v -0.0117094079032540 0.0122359506785870 0.0210007615387440
vn -0.5577306855909886 4.5934521532360888 -2.5105167772225032
v -0.0121985115110874 0.0100181000307202 0.0199993345886469
vn -0.3821474160976369 3.1471446874557505 -5.3840331885406760
v -0.0122989397495985 0.0108453389257193 0.0205000489950180
vn -1.6351726200822927 4.3115538713628521 -2.5197377582510283
v -0.0116133391857147 0.0101623283699155 0.0199993345886469
vn -2.8551572561629155 1.5649330227247231 -5.3382475947598440
v -0.0110241165384650 0.0117253074422479 0.0205000489950180
vn 0.5558101908450498 4.5776016018962746 -2.5197611145263359
v -0.0128011936321855 0.0100181000307202 0.0199993345886469
vn -1.8009298513123648 2.6090542051753212 -5.3840365146704361
v -0.0115530695766211 0.0111282151192427 0.0205000489950180
vn -1.8207464683684556 2.6565262918853598 -5.3802748499909097
v -0.0122631508857012 0.0121569326147437 0.0212511178106070
vn 3.1741841463571205 0.6254039192069905 -5.3688607019983285
v -0.0129462117329240 0.0123770190402865 0.0212232973426580
vn 2.9190047180809304 1.3850230043591372 -5.3750275462046329
v -0.0131387198343873 0.0122276414185762 0.0210842099040747
vn 3.1957597708203886 0.6049354719254989 -5.3501548419322837
v -0.0133089674636722 0.0123004093766212 0.0210007615387440
vn 2.8739789211046087 1.5089156216679136 -5.3366901964817552
v -0.0136066637933254 0.0119189452379942 0.0207504034042358
vn 2.3533208744044245 2.2149183692444550 -5.3559697279495921
v -0.0131236100569367 0.0119472453370690 0.0210007615387440
vn -0.3933587536420526 3.1894073527761457 -5.3544065574282440
v -0.0123994089663029 0.0116725880652666 0.0210007615387440
vn -1.1445951749695391 3.0119675905543035 -5.3781468614473074
v -0.0123520987108350 0.0121102528646588 0.0212511178106070
vn 1.6408282582856186 4.3264585823373274 -2.5105054420885740
v -0.0133863668888807 0.0101623283699155 0.0199993345886469
vn 1.1242199865510445 2.9642386653026005 -5.3840320067381366
v -0.0130908600986004 0.0109414979815483 0.0205000489950180
vn -0.3764439199010308 3.2149271429063386 -5.3688613017431557
v -0.0124496379867196 0.0120862135663629 0.0212511178106070
vn 2.6194999968517960 3.7949418251571849 -2.5197686006539062
v -0.0139199886471033 0.0104424040764570 0.0199993345886469
vn 3.2327435223048360 -0.2984329656051895 -5.3593641969548269
v -0.0130482008680701 0.0125889563933015 0.0211676694452763
vn 3.2177538072990526 -0.2168392749832587 -5.3682661211258891
v -0.0129134720191360 0.0125500569120049 0.0212511178106070
vn -2.3751960555356164 2.2008898224469995 -5.3497635304329352
v -0.0115642091259360 0.0116709480062127 0.0207504034042358
vn 3.1136919571149981 -0.7706846501299924 -5.3570409068270939
v -0.0133089674636722 0.0126992650330067 0.0210007615387440
vn 3.0265150992510694 -1.1706475387592998 -5.3619510961915573
v -0.0129609508439898 0.0126537755131721 0.0212093871086836
vn 2.4273741525733303 -2.1253920183614436 -5.3475609051207362
v -0.0131236100569367 0.0130524300038815 0.0210007615387440
vn -4.4927489769204243 1.1074398568657364 -2.5105065130118760
v -0.0100725293159485 0.0119015546515584 0.0199993345886469
vn -3.8816037470268729 2.1141700975154207 -2.6150847637014123
v -0.0102862464264035 0.0113380430266261 0.0199993345886469
vn -3.4584084788684688 3.0031201444790745 -2.5338619603904715
v -0.0106285819783807 0.0108420485630631 0.0199993345886469
vn 3.4634809421449937 3.0683970728631826 -2.5105250497440812
v -0.0143710933625698 0.0108420485630631 0.0199993345886469
vn 2.3729756319821016 2.1022910099702545 -5.3840332979168597
v -0.0137473512440920 0.0113946525380015 0.0205000489950180
vn 4.0830151573214550 2.1429750145392621 -2.5197558712936328
v -0.0147134587168694 0.0113380430266261 0.0199993345886469
vn 0.6267989777857675 3.1882555665306374 -5.3528924481892792
v -0.0126109765842557 0.0119555154815316 0.0211676694452763
vn 2.6602070219416691 -1.8720141306927438 -5.3592368786966214
v -0.0128986025229096 0.0128165828064084 0.0211954768747091
vn 1.1427564917834212 3.0132829913486714 -5.3498655290656245
v -0.0127953337505460 0.0117206685245037 0.0210007615387440
vn 0.2792175325874048 3.2531530604067180 -5.3575910208467619
v -0.0125500671565533 0.0120862135663629 0.0212511178106070
vn -1.1457944632769115 3.0212615994411109 -5.3452487551630865
v -0.0120566030964255 0.0113310832530260 0.0207504034042358
vn 0.5326456658821468 -3.1988286684175637 -5.3639699153454909
v -0.0126109765842557 0.0130441598594189 0.0211676694452763
vn 1.1078065703587785 -2.9031334896430780 -5.4078996196145894
v -0.0126189161092043 0.0127507951110601 0.0213345680385828
vn 1.1420938581562141 -3.0122782593138284 -5.3507585873245942
v -0.0127953337505460 0.0132790068164468 0.0210007615387440
vn -0.2365845833365041 -3.1633083171779548 -5.3961182994634322
v -0.0124496379867196 0.0129134617745876 0.0212511178106070
vn 1.6437449822627799 2.7954601817344926 -5.3565328101409486
v -0.0127776339650154 0.0120187141001225 0.0211676694452763
vn 2.0890187817371428 -2.5558940751195189 -5.3272277175383769
v -0.0129809118807316 0.0130006717517972 0.0210842099040747
vn 1.7814598936439903 -2.4008443115536240 -5.4663117425851979
v -0.0126379858702421 0.0126557759940624 0.0213762950152159
vn -2.4324515402709697 -2.1585518747543375 -5.3615860212234212
v -0.0121879819780588 0.0127761345356703 0.0212511178106070
vn -2.2940081000124390 -2.2529401532807394 -5.3862226455022961
v -0.0123439300805330 0.0126379858702421 0.0213762950152159
vn -1.8353858311223921 -2.6575203986935048 -5.3752964269099461
v -0.0122631508857012 0.0128427427262068 0.0212511178106070
vn 4.4927125558600824 1.1073143614040855 -2.5104869944602033
v -0.0149271758273244 0.0119015546515584 0.0199993345886469
vn 3.0781286933674852 0.7586874189391289 -5.3840358354541777
v -0.0141180772334337 0.0121009824797511 0.0205000489950180
vn 0.3895231454108997 3.2076696073577855 -5.3452348210027134
v -0.0126505354419351 0.0112589644268155 0.0207504034042358
vn 4.6112677787613041 0.0000004333637314 -2.5197863135276259
v -0.0149998050183058 0.0124998372048140 0.0199993345886469
vn 1.8355511892682612 2.6592707672645219 -5.3452410201101985
v -0.0132099082693458 0.0114711206406355 0.0207504034042358
vn -2.8556188642111713 -1.5030562722822884 -5.3775157860548610
v -0.0121309123933315 0.0126934656873345 0.0212511178106070
vn -2.6633355539637864 -1.8390664945554915 -5.3817869187659246
v -0.0123283900320530 0.0126181859523058 0.0213762950152159
vn 0.2701484141006720 -0.1042276929148409 -4.2719430353718764
v -0.0124998372048140 0.0124998372048140 0.0215014647692442
vn -2.9079308300274791 -1.4144334532713749 -5.3792084073343034
v -0.0123153897002339 0.0125966565683484 0.0213762950152159
vn -2.8194000112901270 -1.7792713950033754 -5.2816410385639045
v -0.0120953023433685 0.0125995567068458 0.0212511178106070
vn 3.0781285586731633 -0.7586873397666294 -5.3840359161386608
v -0.0141180772334337 0.0128986928611994 0.0205000489950180
vn 3.2312447843319991 0.0000005588182552 -5.3452559199200387
v -0.0137498211115599 0.0124998372048140 0.0207504034042358
vn -3.1623161275365406 -0.7574661355838702 -5.3733813539179272
v -0.0116907386109233 0.0126992650330067 0.0210007615387440
vn -3.1713590291789107 -0.5419820824434043 -5.3850856090947667
v -0.0108453491702676 0.0127007244154811 0.0205000489950180
vn -2.8551581020756789 -1.5649334313563643 -5.3382469248057065
v -0.0110241165384650 0.0132743678987026 0.0205000489950180
vn -3.0820973675086289 -1.1429305307672515 -5.3476945251161681
v -0.0117094079032540 0.0127637246623635 0.0210007615387440
vn 4.4927125387535725 -1.1073139221236392 -2.5104868505541158
v -0.0149271758273244 0.0130981206893921 0.0199993345886469
vn -3.0910719378793146 -0.8914388151229747 -5.3754724088336250
v -0.0104770632460713 0.0129984011873603 0.0202496908605099
vn 4.0830139535268071 -2.1429764621286149 -2.5197550953617656
v -0.0147134587168694 0.0136616323143244 0.0199993345886469
vn 2.3729758251691790 -2.1022918018505252 -5.3840328424408703
v -0.0137473512440920 0.0136050228029490 0.0205000489950180
vn 2.8611234457324550 -1.5016382222419657 -5.3452263394229966
v -0.0136066637933254 0.0130807301029563 0.0207504034042358
vn -0.1870846495630573 3.1445192604316250 -5.3636094287761109
v -0.0125054577365518 0.0123610598966479 0.0214180145412683
vn -1.7980279212099435 2.6092281642949238 -5.3930554157273614
v -0.0123616894707084 0.0123438993468881 0.0213762950152159
vn -0.3933587536420526 -3.1894073527761457 -5.3544065574282431
v -0.0123994089663029 0.0133270872756839 0.0210007615387440
vn 1.8177294856346236 2.3411764916034006 -5.3656978902835881
v -0.0125425877049565 0.0124048488214612 0.0214388743042946
vn 1.8355511892682612 -2.6592707672645215 -5.3452410201101985
v -0.0132099082693458 0.0135285547003150 0.0207504034042358
vn 3.4634807295497660 -3.0683994436260327 -2.5105252641483906
v -0.0143710933625698 0.0141576258465648 0.0199993345886469
vn 2.6195033230966049 -3.7949415062322513 -2.5197692583393057
v -0.0139199886471033 0.0145572703331709 0.0199993345886469
vn 2.4160295648644037 1.7874197569421955 -5.4450197889178211
v -0.0126557759940624 0.0123616894707084 0.0213762950152159
vn 1.1242205566732739 -2.9642388492831779 -5.3840317333425185
v -0.0130908600986004 0.0140581773594022 0.0205000489950180
vn -1.8223899833004833 -2.6400818969083644 -5.3569674833924950
v -0.0120264543220401 0.0131856482475996 0.0210007615387440
vn -1.1497621628052723 -3.0370060982627582 -5.3641864276911440
v -0.0123520987108350 0.0128894224762917 0.0212511178106070
vn 3.0016344055825770 0.8470533736661312 -5.4114143647095094
v -0.0127982040867209 0.0124068688601255 0.0213137064129114
vn -0.5664470877460452 -2.9213189782931437 -5.3484470287201873
v -0.0124571183696389 0.0125948265194893 0.0214388743042946
vn -0.3821474160976369 -3.1471446874557500 -5.3840331885406760
v -0.0122989397495985 0.0141543364152312 0.0205000489950180
vn 0.3895231454108997 -3.2076696073577855 -5.3452348210027143
v -0.0126505354419351 0.0137407109141350 0.0207504034042358
vn -2.8853886237768802 -1.6711502605854391 -5.2924425493399108
v -0.0117619968950748 0.0128871025517583 0.0210007615387440
vn 1.6408308432351757 -4.3264566453764939 -2.5105043847168771
v -0.0133863668888807 0.0148373469710350 0.0199993345886469
vn 0.5558101908450498 -4.5776016018962746 -2.5197611145263359
v -0.0128011936321855 0.0149815753102303 0.0199993345886469
vn 2.3457063076623803 -1.0378822201435118 -5.3543527946554255
v -0.0125948367640376 0.0125425877049565 0.0214388743042946
vn -1.1457944632769115 -3.0212615994411105 -5.3452487551630856
v -0.0120566030964255 0.0136685920879245 0.0207504034042358
vn -1.8009305615042919 -2.6090545782085446 -5.3840360415817230
v -0.0115530695766211 0.0138714602217078 0.0205000489950180
vn -2.3751960555356164 -2.2008898224469995 -5.3497635304329361
v -0.0115642091259360 0.0133287273347378 0.0207504034042358
vn -0.5577306855909886 -4.5934521532360888 -2.5105167772225032
v -0.0121985115110874 0.0149815753102303 0.0199993345886469
vn -1.6351750862342043 -4.3115522806027027 -2.5197365487605001
v -0.0116133391857147 0.0148373469710350 0.0199993345886469
vn -3.4584082814338872 -3.0031217823961400 -2.5338624313304257
v -0.0106285819783807 0.0141576258465648 0.0199993345886469
vn -3.8816008516027196 -2.1141709123017174 -2.6150847793791967
v -0.0102862464264035 0.0136616323143244 0.0199993345886469
vn -4.4927483246284359 -1.1074394631524971 -2.5105067039667057
v -0.0100725293159485 0.0130981206893921 0.0199993345886469
vn -2.6285272663486592 -3.8081524124332624 -2.5105420715462428
v -0.0110797155648470 0.0145572703331709 0.0199993345886469
vn -2.8555841659795655 1.5030853876079955 -5.3775148238857291
v -0.0121309123933315 0.0123062003403902 0.0212511178106070
vn -2.9079220461073940 1.4144215752751619 -5.3792172355535524
v -0.0123153897002339 0.0124030187726021 0.0213762950152159
vn -2.7689206694964321 1.8988024840637698 -5.2476803126470690
v -0.0120953023433685 0.0124001186341047 0.0212511178106070
vn -2.6633199806433803 1.8390688424208166 -5.3817943190967785
v -0.0123283900320530 0.0123814893886447 0.0213762950152159
vn -2.6285235648861800 3.8081526150188658 -2.5105415900198293
v -0.0110797155648470 0.0104424040764570 0.0199993345886469
vn -2.4210961472009300 2.1449234900789924 -5.3832014349212773
v -0.0123439300805330 0.0123616894707084 0.0213762950152159
vn 1.9334306737160949 5.0979291241335787 -2.3335263719195987
v -0.0133863668888807 0.0101623283699155 0.0004995890194550
vn 0.6571746414512821 5.4124706311565509 -2.3335405918838021
v -0.0128011936321855 0.0100181000307202 0.0004995890194550
vn -0.6571782217957252 5.4124717892414171 -2.3335389658939731
v -0.0121985115110874 0.0100181000307202 0.0004995890194550
vn -1.9333968978987863 5.0979168539016353 -2.3335514407822555
v -0.0116133391857147 0.0101623283699155 0.0004995890194550
vn -5.4522354318479573 0.0000033924372760 -2.3335616238943828
v -0.0099998703226447 0.0124998372048140 0.0004995890194550
vn -5.2937705810288982 -1.3048945835031507 -2.3335300712496805
v -0.0100725293159485 0.0130981206893921 0.0004995890194550
vn -3.0971879575029138 4.4871009317892669 -2.3335207227935144
v -0.0110797155648470 0.0104424040764570 0.0004995890194550
vn -4.8277445890403028 -2.5337365092626243 -2.3334928750422117
v -0.0102862464264035 0.0136616323143244 0.0004995890194550
vn -4.0810828666761703 3.6155315801813979 -2.3335296962318806
v -0.0106285819783807 0.0108420485630631 0.0004995890194550
vn -4.0811059463196528 -3.6154937354360079 -2.3335384023415453
v -0.0106285819783807 0.0141576258465648 0.0004995890194550
vn -3.0971540561339750 -4.4871065883282970 -2.3335372392710063
v -0.0110797155648470 0.0145572703331709 0.0004995890194550
vn -4.8277382047413084 2.5337179568601553 -2.3335094036904747
v -0.0102862464264035 0.0113380430266261 0.0004995890194550
vn -5.2937707431307297 1.3048859138167039 -2.3335322535009451
v -0.0100725293159485 0.0119015546515584 0.0004995890194550
vn -1.9334111646300314 -5.0979094808838799 -2.3335543137485586
v -0.0116133391857147 0.0148373469710350 0.0004995890194550
vn -0.6571748900807833 -5.4124607113654353 -2.3335518949314800
v -0.0121985115110874 0.0149815753102303 0.0004995890194550
vn 0.6571856626177199 -5.4124657864378634 -2.3335439644514735
v -0.0128011936321855 0.0149815753102303 0.0004995890194550
vn 1.9334178346830604 -5.0979310063415850 -2.3335304014354463
v -0.0133863668888807 0.0148373469710350 0.0004995890194550
vn 3.0972521636983754 -4.4870793787626715 -2.3335214593259881
v -0.0139199886471033 0.0145572703331709 0.0004995890194550
vn 4.0810415087029996 -3.6155011025851560 -2.3335353201109141
v -0.0143710933625698 0.0141576258465648 0.0004995890194550
vn 4.8276949846885060 -2.5338269586230275 -2.3335241744230082
v -0.0147134587168694 0.0136616323143244 0.0004995890194550
vn 5.2938119530844228 -1.3047604877045427 -2.3335553070949926
v -0.0149271758273244 0.0130981206893921 0.0004995890194550
vn 5.4522158737420625 0.0000037476661826 -2.3335155808191761
v -0.0149998050183058 0.0124998372048140 0.0004995890194550
vn 5.2938163249016643 1.3047647201910202 -2.3335488288838686
v -0.0149271758273244 0.0119015546515584 0.0004995890194550
vn 4.8277006806590306 2.5338094340846902 -2.3335272165427421
v -0.0147134587168694 0.0113380430266261 0.0004995890194550
vn 4.0810304448366361 3.6155155088551698 -2.3335345186135306
v -0.0143710933625698 0.0108420485630631 0.0004995890194550
vn 3.0972574550077985 4.4870911838164416 -2.3335072131693657
v -0.0139199886471033 0.0104424040764570 0.0004995890194550
vn -3.1317149399694140 0.1758811624867131 -3.2537973720606104
v 0.0046999212354422 0.0149998050183058 0.0079994918778539
vn -3.1317149399694149 -0.1758811624867132 -3.2537973720606108
v 0.0046999212354422 -0.0149998050183058 0.0079994918778539
vn 3.1317148672789483 -0.1758818076023687 -3.2537977853529281
v -0.0046999510377645 -0.0149998050183058 0.0079994918778539
vn 3.1317149328039058 0.1758812260795078 -3.2537974128012328
v -0.0046999510377645 -0.0096998736262321 0.0079994918778539
vn 0.1758718219874605 3.1317159924097391 -3.2537913880867988
v -0.0096998875960708 -0.0046999389305711 0.0079994918778539
vn -0.1758719673593898 3.1317159760303968 -3.2537914812190296
v -0.0149998050183058 -0.0046999389305711 0.0079994918778539
vn -0.1758719673593898 -3.1317159760303968 -3.2537914812190287
v -0.0149998050183058 0.0046999389305711 0.0079994918778539
vn 0.1758718219874605 -3.1317159924097391 -3.2537913880867988
v -0.0096998875960708 0.0046999389305711 0.0079994918778539
vn 3.1317148672789483 0.1758818076023687 -3.2537977853529281
v -0.0046999510377645 0.0149998050183058 0.0079994918778539
vn 3.1317149328039058 -0.1758812260795078 -3.2537974128012328
v -0.0046999510377645 0.0096998736262321 0.0079994918778539
vn -3.0435744127995159 -0.6946613472573894 -3.3659730161885304
v 0.0048252851702273 -0.0161123909056187 0.0079994918778539
vn 3.0435739327952946 -0.6946631564601823 -3.3659733880327876
v -0.0048253154382110 -0.0161123909056187 0.0079994918778539
vn -0.6946713594451471 3.0435687280952912 -3.3659918617284426
v -0.0161124002188444 -0.0048252972774208 0.0079994918778539
vn -1.3545136131182409 2.8126802217419460 -3.3659934484446605
v -0.0171692073345184 -0.0051950886845589 0.0079994918778539
vn -1.3545136131182409 -2.8126802217419460 -3.3659934484446605
v -0.0171692073345184 0.0051950886845589 0.0079994918778539
vn -0.6946713594451471 -3.0435687280952912 -3.3659918617284426
v -0.0161124002188444 0.0048252972774208 0.0079994918778539
vn -2.8126763475579661 -1.3545112673255997 -3.3660190807330537
v 0.0051950612105429 -0.0171691980212927 0.0079994918778539
vn 2.8126762345489631 -1.3545119630425551 -3.3660179434439255
v -0.0051950924098492 -0.0171691980212927 0.0079994918778539
vn -3.0435620403585495 0.6946626302925399 -3.3660399734526778
v -0.0198744125664234 -0.0085872840136290 0.0079994918778539
vn -2.8126792087948265 -1.3545295508419866 -3.3659593163208896
v -0.0195045974105597 0.0075304829515517 0.0079994918778539
vn -2.8126792087948265 1.3545295508419866 -3.3659593163208892
v -0.0195045974105597 -0.0075304829515517 0.0079994918778539
vn -3.0435620403585495 -0.6946626302925399 -3.3660399734526671
v -0.0198744125664234 0.0085872840136290 0.0079994918778539
vn -2.4407350761052200 -1.9464580234271764 -3.3659848964525949
v 0.0057907570153475 -0.0181172154843807 0.0079994918778539
vn 2.4407569295192020 -1.9464359957702293 -3.3659658385074254
v -0.0057907877489924 -0.0181172154843807 0.0079994918778539
vn -3.0435744127995159 0.6946613472573893 -3.3659730161885304
v 0.0048252851702273 0.0161123909056187 0.0079994918778539
vn 2.8126762345489631 1.3545119630425551 -3.3660179434439268
v -0.0051950924098492 0.0171691980212927 0.0079994918778539
vn -2.8126763475579670 1.3545112673255999 -3.3660190807330537
v 0.0051950612105429 0.0171691980212927 0.0079994918778539
vn -1.9464335532311172 -2.4407550651715089 -3.3659827867168834
v 0.0065824645571411 -0.0189089141786098 0.0079994918778539
vn 1.9464551123403493 -2.4407335058847437 -3.3660021968146063
v -0.0065824645571411 -0.0189089141786098 0.0079994918778539
vn 3.0435739327952946 0.6946631564601822 -3.3659733880327884
v -0.0048253154382110 0.0161123909056187 0.0079994918778539
vn -0.6946754163043859 3.0435677676834816 -3.3659920527622660
v 0.0085872607305646 0.0198743809014559 0.0079994918778539
vn -1.3545205386695138 2.8126764608064811 -3.3659956295121698
v 0.0075304810889065 0.0195045974105597 0.0079994918778539
vn 1.3545070968871975 2.8126811642249776 -3.3660046955601772
v -0.0075304810889065 0.0195045974105597 0.0079994918778539
vn -1.3545205386695138 -2.8126764608064807 -3.3659956295121702
v 0.0075304810889065 -0.0195045974105597 0.0079994918778539
vn 1.3545070968871973 -2.8126811642249772 -3.3660046955601772
v -0.0075304810889065 -0.0195045974105597 0.0079994918778539
vn 0.6946618291485815 3.0435724874816792 -3.3659830798475037
v -0.0085872914642096 0.0198743809014559 0.0079994918778539
vn 0.6946618291485815 -3.0435724874816783 -3.3659830798475037
v -0.0085872914642096 -0.0198743809014559 0.0079994918778539
vn -0.6946754163043859 -3.0435677676834816 -3.3659920527622660
v 0.0085872607305646 -0.0198743809014559 0.0079994918778539
vn 2.8126753081666438 -1.3545146105968879 -3.3660161577591516
v -0.0051950924098492 0.0075304829515517 0.0079994918778539
vn 3.0435730719379324 -0.6946652224916540 -3.3659755462692584
v -0.0048253154382110 0.0085872840136290 0.0079994918778539
vn 0.6946697884401054 -3.0435692433225823 -3.3659909933163048
v -0.0085872914642096 0.0048252972774208 0.0079994918778539
vn 0.6946697884401054 3.0435692433225823 -3.3659909933163052
v -0.0085872914642096 -0.0048252972774208 0.0079994918778539
vn 1.3545127760924995 -2.8126803507430704 -3.3659948525406627
v -0.0075304810889065 0.0051950886845589 0.0079994918778539
vn 1.3545127760924995 2.8126803507430704 -3.3659948525406618
v -0.0075304810889065 -0.0051950886845589 0.0079994918778539
vn 1.9464502436261402 2.4407368079336909 -3.3660047780521269
v -0.0065824645571411 -0.0057907677255571 0.0079994918778539
vn 1.9464502436261406 -2.4407368079336913 -3.3660047780521261
v -0.0065824645571411 0.0057907677255571 0.0079994918778539
vn 2.4407562762240049 -1.9464366490831011 -3.3659664266877090
v -0.0057907877489924 0.0065824654884636 0.0079994918778539
vn 2.4407562762240058 1.9464366490831018 -3.3659664266877085
v -0.0057907877489924 -0.0065824654884636 0.0079994918778539
vn 2.8126753081666438 1.3545146105968879 -3.3660161577591525
v -0.0051950924098492 -0.0075304829515517 0.0079994918778539
vn -2.4407536850986946 1.9464270548989733 -3.3660119582826096
v -0.0189089346677065 -0.0065824654884636 0.0079994918778539
vn -2.4407536850986951 -1.9464270548989733 -3.3660119582826091
v -0.0189089346677065 0.0065824654884636 0.0079994918778539
vn -1.9464264626470968 -2.4407603702817839 -3.3659843400747924
v -0.0181172247976065 0.0057907677255571 0.0079994918778539
vn -1.9464264626470971 2.4407603702817839 -3.3659843400747920
v -0.0181172247976065 -0.0057907677255571 0.0079994918778539
vn -2.4407350761052191 1.9464580234271760 -3.3659848964525954
v 0.0057907570153475 0.0181172154843807 0.0079994918778539
vn 2.4407569295192024 1.9464359957702293 -3.3659658385074263
v -0.0057907877489924 0.0181172154843807 0.0079994918778539
vn 1.9464551123403493 2.4407335058847437 -3.3660021968146050
v -0.0065824645571411 0.0189089141786098 0.0079994918778539
vn -1.9464335532311177 2.4407550651715089 -3.3659827867168843
v 0.0065824645571411 0.0189089141786098 0.0079994918778539
vn 3.0435730719379324 0.6946652224916540 -3.3659755462692584
v -0.0048253154382110 -0.0085872840136290 0.0079994918778539
# 1170 vertices, 0 vertices normals

f 1//1 2//2 3//3
f 4//4 5//5 6//6
f 4//4 7//7 8//8
f 4//4 8//8 9//9
f 4//4 10//10 5//5
f 4//4 6//6 7//7
f 11//11 12//12 13//13
f 11//11 13//13 14//14
f 4//4 15//15 16//16
f 11//11 17//17 12//12
f 4//4 16//16 10//10
f 18//18 19//19 20//20
f 18//18 20//20 1//1
f 21//21 15//15 4//4
f 22//22 11//11 14//14
f 23//23 19//19 18//18
f 24//24 21//21 4//4
f 25//25 22//22 14//14
f 26//26 27//27 28//28
f 25//25 14//14 29//29
f 26//26 28//28 30//30
f 26//26 30//30 31//31
f 29//29 24//24 4//4
f 32//32 26//26 31//31
f 32//32 31//31 33//33
f 32//32 33//33 34//34
f 35//35 23//23 18//18
f 36//36 37//37 38//38
f 35//35 18//18 39//39
f 36//36 38//38 27//27
f 36//36 27//27 26//26
f 40//40 32//32 34//34
f 41//41 37//37 36//36
f 42//42 40//40 34//34
f 43//43 37//37 41//41
f 44//44 35//35 39//39
f 45//45 2//2 37//37
f 45//45 37//37 46//46
f 47//47 42//42 34//34
f 47//47 34//34 5//5
f 48//48 37//37 43//43
f 49//49 45//45 46//46
f 49//49 46//46 50//50
f 51//51 47//47 5//5
f 6//6 5//5 52//52
f 53//53 44//44 39//39
f 53//53 39//39 54//54
f 53//53 54//54 55//55
f 56//56 2//2 45//45
f 57//57 37//37 48//48
f 53//53 55//55 58//58
f 59//59 51//51 5//5
f 60//60 53//53 58//58
f 61//61 49//49 50//50
f 60//60 58//58 62//62
f 61//61 50//50 63//63
f 60//60 62//62 64//64
f 61//61 63//63 65//65
f 60//60 64//64 66//66
f 67//67 25//25 29//29
f 67//67 60//60 66//66
f 67//67 68//68 69//69
f 67//67 69//69 25//25
f 46//46 37//37 57//57
f 70//70 2//2 56//56
f 67//67 29//29 4//4
f 67//67 66//66 71//71
f 67//67 71//71 72//72
f 67//67 72//72 68//68
f 10//10 59//59 5//5
f 73//73 61//61 65//65
f 74//74 67//67 75//75
f 74//74 60//60 67//67
f 7//7 6//6 76//76
f 77//77 74//74 75//75
f 78//78 2//2 70//70
f 79//79 75//75 80//80
f 81//81 77//77 75//75
f 81//81 75//75 79//79
f 82//82 73//73 65//65
f 82//82 65//65 83//83
f 82//82 83//83 12//12
f 3//3 2//2 78//78
f 17//17 82//82 12//12
f 1//1 20//20 84//84
f 1//1 84//84 2//2
f 85//85 86//86 87//87
f 88//88 89//89 90//90
f 88//88 91//91 92//92
f 88//88 90//90 93//93
f 88//88 92//92 89//89
f 88//88 93//93 94//94
f 88//88 94//94 95//95
f 88//88 95//95 96//96
f 97//97 98//98 99//99
f 97//97 99//99 100//100
f 97//97 100//100 101//101
f 102//102 101//101 103//103
f 102//102 103//103 104//104
f 102//102 104//104 105//105
f 102//102 97//97 101//101
f 106//106 86//86 85//85
f 107//107 108//108 98//98
f 106//106 109//109 86//86
f 107//107 98//98 97//97
f 110//110 102//102 105//105
f 111//111 108//108 107//107
f 112//112 110//110 105//105
f 113//113 108//108 111//111
f 114//114 105//105 115//115
f 116//116 117//117 118//118
f 116//116 118//118 109//109
f 116//116 109//109 106//106
f 114//114 112//112 105//105
f 119//119 88//88 96//96
f 119//119 96//96 120//120
f 119//119 120//120 121//121
f 119//119 121//121 122//122
f 123//123 90//90 108//108
f 123//123 108//108 113//113
f 124//124 117//117 116//116
f 124//124 125//125 126//126
f 124//124 126//126 117//117
f 127//127 114//114 115//115
f 89//89 128//128 90//90
f 129//129 125//125 124//124
f 130//130 119//119 122//122
f 131//131 90//90 123//123
f 132//132 122//122 133//133
f 132//132 130//130 122//122
f 134//134 133//133 125//125
f 135//135 127//127 115//115
f 134//134 125//125 129//129
f 135//135 115//115 136//136
f 135//135 136//136 137//137
f 135//135 137//137 138//138
f 139//139 133//133 134//134
f 140//140 132//132 133//133
f 140//140 133//133 139//139
f 93//93 90//90 131//131
f 86//86 135//135 138//138
f 141//141 142//142 89//89
f 87//87 86//86 138//138
f 92//92 141//141 89//89
f 143//143 144//144 145//145
f 146//146 145//145 144//144
f 147//147 143//143 145//145
f 148//148 145//145 146//146
f 149//149 147//147 145//145
f 150//150 151//151 145//145
f 150//150 145//145 148//148
f 152//152 151//151 150//150
f 153//153 151//151 152//152
f 154//154 151//151 153//153
f 155//155 151//151 154//154
f 156//156 151//151 155//155
f 157//157 151//151 156//156
f 158//158 159//159 160//160
f 158//158 160//160 161//161
f 158//158 161//161 162//162
f 158//158 162//162 163//163
f 158//158 163//163 164//164
f 158//158 164//164 165//165
f 158//158 165//165 149//149
f 158//158 149//149 145//145
f 166//166 158//158 145//145
f 167//167 158//158 166//166
f 168//168 157//157 169//169
f 168//168 169//169 170//170
f 168//168 170//170 171//171
f 168//168 171//171 172//172
f 168//168 172//172 173//173
f 168//168 173//173 174//174
f 168//168 174//174 159//159
f 168//168 159//159 158//158
f 168//168 151//151 157//157
f 90//90 151//151 168//168
f 90//90 168//168 108//108
f 175//175 176//176 177//177
f 175//175 177//177 178//178
f 175//175 179//179 180//180
f 181//181 179//179 175//175
f 182//182 183//183 184//184
f 181//181 175//175 185//185
f 186//186 184//184 183//183
f 187//187 182//182 184//184
f 188//188 184//184 186//186
f 189//189 187//187 184//184
f 190//190 179//179 184//184
f 190//190 184//184 188//188
f 191//191 179//179 190//190
f 192//192 179//179 191//191
f 193//193 179//179 192//192
f 194//194 179//179 193//193
f 195//195 179//179 194//194
f 180//180 179//179 195//195
f 178//178 177//177 196//196
f 178//178 196//196 197//197
f 178//178 197//197 198//198
f 178//178 198//198 199//199
f 178//178 199//199 200//200
f 178//178 200//200 201//201
f 178//178 201//201 189//189
f 178//178 189//189 184//184
f 5//5 178//178 184//184
f 34//34 178//178 5//5
f 175//175 180//180 202//202
f 175//175 202//202 203//203
f 175//175 203//203 204//204
f 175//175 204//204 205//205
f 175//175 205//205 206//206
f 175//175 206//206 176//176
f 207//207 208//208 209//209
f 210//210 211//211 212//212
f 213//213 208//208 207//207
f 212//212 211//211 214//214
f 209//209 215//215 216//216
f 208//208 215//215 209//209
f 217//217 218//218 219//219
f 211//211 220//220 214//214
f 214//214 220//220 221//221
f 216//216 222//222 217//217
f 215//215 222//222 216//216
f 220//220 223//223 221//221
f 219//219 224//224 225//225
f 218//218 224//224 219//219
f 222//222 218//218 217//217
f 221//221 223//223 226//226
f 223//223 227//227 226//226
f 225//225 228//228 229//229
f 226//226 227//227 230//230
f 224//224 228//228 225//225
f 227//227 231//231 230//230
f 230//230 231//231 232//232
f 229//229 233//233 234//234
f 228//228 233//233 229//229
f 231//231 235//235 232//232
f 232//232 235//235 236//236
f 237//237 238//238 239//239
f 234//234 238//238 237//237
f 233//233 238//238 234//234
f 235//235 240//240 236//236
f 241//241 240//240 242//242
f 236//236 240//240 241//241
f 243//243 244//244 245//245
f 239//239 244//244 243//243
f 238//238 244//244 239//239
f 240//240 246//246 242//242
f 247//247 246//246 248//248
f 242//242 246//246 247//247
f 245//245 249//249 250//250
f 244//244 249//249 245//245
f 248//248 251//251 252//252
f 246//246 251//251 248//248
f 253//253 254//254 255//255
f 250//250 254//254 253//253
f 249//249 254//254 250//250
f 256//256 257//257 258//258
f 252//252 257//257 256//256
f 251//251 257//257 252//252
f 254//254 259//259 255//255
f 255//255 259//259 260//260
f 258//258 261//261 262//262
f 257//257 261//261 258//258
f 259//259 263//263 260//260
f 260//260 263//263 264//264
f 263//263 210//210 264//264
f 264//264 210//210 212//212
f 262//262 213//213 207//207
f 261//261 213//213 262//262
f 265//265 266//266 4//4
f 267//267 4//4 266//266
f 268//268 265//265 4//4
f 269//269 4//4 267//267
f 270//270 268//268 4//4
f 271//271 67//67 4//4
f 271//271 4//4 269//269
f 272//272 270//270 4//4
f 273//273 67//67 271//271
f 274//274 67//67 273//273
f 275//275 67//67 274//274
f 276//276 67//67 275//275
f 277//277 67//67 276//276
f 278//278 67//67 277//277
f 279//279 67//67 278//278
f 280//280 281//281 282//282
f 280//280 282//282 283//283
f 280//280 283//283 284//284
f 280//280 284//284 285//285
f 280//280 285//285 286//286
f 280//280 286//286 272//272
f 280//280 272//272 4//4
f 287//287 279//279 288//288
f 287//287 288//288 289//289
f 287//287 289//289 290//290
f 287//287 290//290 291//291
f 287//287 291//291 292//292
f 287//287 292//292 281//281
f 287//287 281//281 280//280
f 287//287 67//67 279//279
f 293//293 294//294 295//295
f 296//296 297//297 298//298
f 296//296 299//299 297//297
f 300//300 301//301 302//302
f 300//300 302//302 303//303
f 181//181 303//303 304//304
f 181//181 300//300 303//303
f 166//166 305//305 300//300
f 166//166 300//300 181//181
f 306//306 293//293 295//295
f 307//307 166//166 181//181
f 308//308 307//307 181//181
f 309//309 299//299 296//296
f 310//310 166//166 307//307
f 311//311 308//308 181//181
f 312//312 167//167 166//166
f 312//312 166//166 310//310
f 313//313 306//306 295//295
f 313//313 295//295 314//314
f 313//313 314//314 315//315
f 313//313 315//315 316//316
f 317//317 181//181 185//185
f 318//318 299//299 309//309
f 318//318 319//319 320//320
f 318//318 320//320 299//299
f 317//317 311//311 181//181
f 321//321 167//167 312//312
f 322//322 319//319 318//318
f 322//322 323//323 324//324
f 325//325 317//317 185//185
f 322//322 324//324 319//319
f 326//326 313//313 316//316
f 326//326 316//316 327//327
f 328//328 167//167 321//321
f 326//326 327//327 329//329
f 330//330 331//331 323//323
f 330//330 323//323 322//322
f 332//332 326//326 329//329
f 333//333 331//331 330//330
f 334//334 325//325 185//185
f 335//335 167//167 328//328
f 336//336 332//332 329//329
f 335//335 337//337 167//167
f 338//338 331//331 333//333
f 339//339 185//185 340//340
f 339//339 340//340 341//341
f 342//342 329//329 331//331
f 342//342 336//336 329//329
f 342//342 331//331 338//338
f 339//339 334//334 185//185
f 343//343 337//337 335//335
f 343//343 344//344 345//345
f 343//343 345//345 337//337
f 297//297 341//341 346//346
f 297//297 339//339 341//341
f 294//294 344//344 343//343
f 294//294 343//343 295//295
f 298//298 297//297 346//346
f 347//347 348//348 349//349
f 350//350 351//351 348//348
f 350//350 348//348 347//347
f 352//352 353//353 354//354
f 352//352 354//354 351//351
f 352//352 351//351 350//350
f 355//355 352//352 350//350
f 356//356 352//352 355//355
f 357//357 355//355 358//358
f 357//357 358//358 359//359
f 360//360 361//361 362//362
f 360//360 362//362 356//356
f 363//363 360//360 356//356
f 364//364 365//365 366//366
f 367//367 357//357 365//365
f 367//367 356//356 355//355
f 367//367 355//355 357//357
f 367//367 365//365 364//364
f 368//368 369//369 370//370
f 368//368 370//370 363//363
f 368//368 363//363 356//356
f 371//371 356//356 367//367
f 372//372 368//368 356//356
f 372//372 356//356 371//371
f 373//373 371//371 374//374
f 373//373 374//374 375//375
f 376//376 377//377 378//378
f 376//376 378//378 372//372
f 376//376 372//372 371//371
f 376//376 371//371 373//373
f 379//379 88//88 380//380
f 380//380 88//88 119//119
f 381//381 382//382 383//383
f 383//383 384//384 381//381
f 382//382 385//385 383//383
f 383//383 386//386 384//384
f 385//385 387//387 383//383
f 379//379 388//388 383//383
f 383//383 388//388 386//386
f 379//379 389//389 388//388
f 379//379 390//390 389//389
f 379//379 391//391 390//390
f 379//379 392//392 391//391
f 379//379 393//393 392//392
f 379//379 394//394 393//393
f 395//395 396//396 387//387
f 397//397 396//396 395//395
f 398//398 396//396 397//397
f 399//399 396//396 398//398
f 400//400 396//396 399//399
f 401//401 396//396 400//400
f 402//402 396//396 401//401
f 387//387 396//396 383//383
f 396//396 60//60 383//383
f 396//396 53//53 60//60
f 403//403 380//380 402//402
f 404//404 380//380 403//403
f 405//405 380//380 404//404
f 406//406 380//380 405//405
f 407//407 380//380 406//406
f 408//408 380//380 407//407
f 394//394 380//380 408//408
f 402//402 380//380 396//396
f 379//379 380//380 394//394
f 409//409 410//410 411//411
f 411//411 412//412 413//413
f 414//414 217//217 415//415
f 410//410 412//412 411//411
f 413//413 416//416 417//417
f 412//412 416//416 413//413
f 415//415 418//418 419//419
f 217//217 418//418 415//415
f 416//416 420//420 417//417
f 417//417 421//421 422//422
f 419//419 423//423 424//424
f 420//420 421//421 417//417
f 418//418 423//423 419//419
f 421//421 425//425 422//422
f 424//424 426//426 427//427
f 423//423 426//426 424//424
f 422//422 428//428 429//429
f 427//427 430//430 431//431
f 425//425 428//428 422//422
f 426//426 430//430 427//427
f 431//431 432//432 433//433
f 429//429 434//434 435//435
f 430//430 432//432 431//431
f 428//428 434//434 429//429
f 432//432 436//436 433//433
f 435//435 437//437 438//438
f 434//434 437//437 435//435
f 438//438 439//439 414//414
f 437//437 439//439 438//438
f 433//433 440//440 441//441
f 436//436 440//440 433//433
f 439//439 217//217 414//414
f 441//441 442//442 443//443
f 440//440 442//442 441//441
f 442//442 444//444 443//443
f 444//444 445//445 443//443
f 443//443 445//445 446//446
f 445//445 447//447 446//446
f 447//447 448//448 446//446
f 446//446 448//448 449//449
f 448//448 450//450 449//449
f 449//449 450//450 451//451
f 450//450 452//452 451//451
f 451//451 452//452 453//453
f 452//452 454//454 453//453
f 453//453 454//454 455//455
f 454//454 221//221 455//455
f 455//455 221//221 456//456
f 221//221 457//457 456//456
f 456//456 457//457 458//458
f 457//457 459//459 458//458
f 458//458 459//459 460//460
f 459//459 461//461 460//460
f 460//460 461//461 462//462
f 461//461 463//463 462//462
f 462//462 463//463 464//464
f 463//463 409//409 464//464
f 464//464 409//409 411//411
f 406//406 405//405 424//424
f 405//405 419//419 424//424
f 405//405 404//404 419//419
f 402//402 438//438 414//414
f 404//404 415//415 419//419
f 404//404 403//403 415//415
f 402//402 401//401 438//438
f 415//415 402//402 414//414
f 401//401 435//435 438//438
f 403//403 402//402 415//415
f 401//401 400//400 435//435
f 400//400 429//429 435//435
f 400//400 399//399 429//429
f 399//399 422//422 429//429
f 399//399 398//398 422//422
f 398//398 417//417 422//422
f 398//398 397//397 417//417
f 397//397 413//413 417//417
f 397//397 395//395 413//413
f 395//395 411//411 413//413
f 395//395 387//387 411//411
f 387//387 464//464 411//411
f 387//387 385//385 464//464
f 385//385 462//462 464//464
f 385//385 382//382 462//462
f 382//382 460//460 462//462
f 382//382 381//381 460//460
f 381//381 458//458 460//460
f 381//381 384//384 458//458
f 384//384 456//456 458//458
f 384//384 386//386 456//456
f 386//386 455//455 456//456
f 386//386 388//388 455//455
f 388//388 453//453 455//455
f 388//388 389//389 453//453
f 389//389 451//451 453//453
f 389//389 390//390 451//451
f 390//390 449//449 451//451
f 390//390 391//391 449//449
f 391//391 446//446 449//449
f 391//391 392//392 446//446
f 392//392 443//443 446//446
f 392//392 393//393 443//443
f 393//393 441//441 443//443
f 393//393 394//394 441//441
f 394//394 433//433 441//441
f 394//394 408//408 433//433
f 408//408 431//431 433//433
f 408//408 407//407 431//431
f 407//407 427//427 431//431
f 407//407 406//406 427//427
f 406//406 424//424 427//427
f 199//199 198//198 208//208
f 198//198 215//215 208//208
f 198//198 197//197 215//215
f 177//177 224//224 218//218
f 197//197 222//222 215//215
f 197//197 196//196 222//222
f 177//177 176//176 224//224
f 196//196 218//218 222//222
f 176//176 228//228 224//224
f 196//196 177//177 218//218
f 176//176 206//206 228//228
f 206//206 233//233 228//228
f 206//206 205//205 233//233
f 205//205 238//238 233//233
f 205//205 204//204 238//238
f 204//204 244//244 238//238
f 204//204 203//203 244//244
f 203//203 249//249 244//244
f 203//203 202//202 249//249
f 202//202 254//254 249//249
f 202//202 180//180 254//254
f 180//180 259//259 254//254
f 180//180 195//195 259//259
f 195//195 263//263 259//259
f 195//195 194//194 263//263
f 194//194 210//210 263//263
f 194//194 193//193 210//210
f 193//193 211//211 210//210
f 193//193 192//192 211//211
f 192//192 220//220 211//211
f 192//192 191//191 220//220
f 191//191 223//223 220//220
f 191//191 190//190 223//223
f 190//190 227//227 223//223
f 190//190 188//188 227//227
f 188//188 231//231 227//227
f 188//188 186//186 231//231
f 186//186 235//235 231//231
f 186//186 183//183 235//235
f 183//183 240//240 235//235
f 183//183 182//182 240//240
f 182//182 246//246 240//240
f 182//182 187//187 246//246
f 187//187 251//251 246//246
f 187//187 189//189 251//251
f 189//189 257//257 251//251
f 189//189 201//201 257//257
f 201//201 261//261 257//257
f 201//201 200//200 261//261
f 200//200 213//213 261//261
f 200//200 199//199 213//213
f 199//199 208//208 213//213
f 465//465 280//280 4//4
f 465//465 4//4 9//9
f 466//466 9//9 8//8
f 466//466 465//465 9//9
f 467//467 8//8 7//7
f 467//467 466//466 8//8
f 468//468 7//7 76//76
f 468//468 467//467 7//7
f 469//469 76//76 6//6
f 469//469 468//468 76//76
f 470//470 6//6 52//52
f 470//470 469//469 6//6
f 184//184 52//52 5//5
f 184//184 470//470 52//52
f 305//305 166//166 145//145
f 305//305 145//145 471//471
f 300//300 471//471 472//472
f 300//300 305//305 471//471
f 301//301 472//472 473//473
f 301//301 300//300 472//472
f 302//302 473//473 474//474
f 302//302 301//301 473//473
f 303//303 474//474 475//475
f 303//303 302//302 474//474
f 304//304 475//475 476//476
f 304//304 303//303 475//475
f 181//181 476//476 179//179
f 181//181 304//304 476//476
f 75//75 67//67 287//287
f 75//75 287//287 477//477
f 80//80 477//477 478//478
f 80//80 75//75 477//477
f 79//79 478//478 479//479
f 79//79 479//479 480//480
f 79//79 80//80 478//478
f 81//81 79//79 480//480
f 77//77 480//480 481//481
f 77//77 481//481 482//482
f 77//77 81//81 480//480
f 74//74 77//77 482//482
f 60//60 482//482 383//383
f 60//60 74//74 482//482
f 483//483 151//151 90//90
f 483//483 90//90 128//128
f 484//484 128//128 89//89
f 484//484 483//483 128//128
f 485//485 89//89 142//142
f 485//485 484//484 89//89
f 486//486 141//141 92//92
f 486//486 142//142 141//141
f 486//486 485//485 142//142
f 487//487 486//486 92//92
f 488//488 92//92 91//91
f 488//488 487//487 92//92
f 379//379 91//91 88//88
f 379//379 488//488 91//91
f 489//489 474//474 473//473
f 489//489 365//365 357//357
f 489//489 490//490 365//365
f 491//491 489//489 357//357
f 492//492 366//366 365//365
f 492//492 364//364 366//366
f 492//492 367//367 364//364
f 492//492 365//365 490//490
f 493//493 471//471 145//145
f 493//493 145//145 367//367
f 493//493 492//492 490//490
f 493//493 367//367 492//492
f 494//494 358//358 355//355
f 494//494 359//359 358//358
f 494//494 357//357 359//359
f 494//494 491//491 357//357
f 495//495 355//355 179//179
f 495//495 179//179 476//476
f 495//495 494//494 355//355
f 495//495 491//491 494//494
f 496//496 472//472 471//471
f 496//496 473//473 472//472
f 496//496 489//489 473//473
f 496//496 493//493 490//490
f 496//496 490//490 489//489
f 496//496 471//471 493//493
f 497//497 475//475 474//474
f 497//497 476//476 475//475
f 497//497 474//474 489//489
f 497//497 491//491 495//495
f 497//497 495//495 476//476
f 497//497 489//489 491//491
f 145//145 371//371 367//367
f 145//145 151//151 371//371
f 350//350 179//179 355//355
f 184//184 179//179 350//350
f 498//498 485//485 486//486
f 498//498 376//376 373//373
f 498//498 499//499 376//376
f 500//500 498//498 373//373
f 501//501 377//377 376//376
f 501//501 378//378 377//377
f 501//501 372//372 378//378
f 501//501 376//376 499//499
f 502//502 488//488 379//379
f 502//502 379//379 372//372
f 502//502 501//501 499//499
f 502//502 372//372 501//501
f 503//503 374//374 371//371
f 503//503 375//375 374//374
f 503//503 373//373 375//375
f 503//503 500//500 373//373
f 504//504 371//371 151//151
f 504//504 151//151 483//483
f 504//504 503//503 371//371
f 504//504 500//500 503//503
f 505//505 487//487 488//488
f 505//505 486//486 487//487
f 505//505 498//498 486//486
f 505//505 502//502 499//499
f 505//505 499//499 498//498
f 505//505 488//488 502//502
f 506//506 484//484 485//485
f 506//506 483//483 484//484
f 506//506 485//485 498//498
f 506//506 500//500 504//504
f 506//506 504//504 483//483
f 506//506 498//498 500//500
f 507//507 348//348 351//351
f 507//507 467//467 468//468
f 507//507 508//508 348//348
f 509//509 507//507 351//351
f 510//510 349//349 348//348
f 510//510 347//347 349//349
f 510//510 350//350 347//347
f 510//510 348//348 508//508
f 511//511 184//184 350//350
f 511//511 470//470 184//184
f 511//511 350//350 510//510
f 511//511 510//510 508//508
f 512//512 353//353 352//352
f 512//512 354//354 353//353
f 512//512 351//351 354//354
f 512//512 509//509 351//351
f 513//513 352//352 280//280
f 513//513 280//280 465//465
f 513//513 512//512 352//352
f 513//513 509//509 512//512
f 514//514 469//469 470//470
f 514//514 468//468 469//469
f 514//514 511//511 508//508
f 514//514 508//508 507//507
f 514//514 507//507 468//468
f 514//514 470//470 511//511
f 515//515 466//466 467//467
f 515//515 465//465 466//466
f 515//515 513//513 465//465
f 515//515 467//467 507//507
f 515//515 509//509 513//513
f 515//515 507//507 509//509
f 383//383 372//372 379//379
f 368//368 372//372 383//383
f 352//352 287//287 280//280
f 352//352 356//356 287//287
f 516//516 480//480 479//479
f 516//516 360//360 363//363
f 516//516 517//517 360//360
f 518//518 516//516 363//363
f 519//519 361//361 360//360
f 519//519 362//362 361//361
f 519//519 356//356 362//362
f 519//519 360//360 517//517
f 520//520 477//477 287//287
f 520//520 287//287 356//356
f 520//520 519//519 517//517
f 520//520 356//356 519//519
f 521//521 369//369 368//368
f 521//521 370//370 369//369
f 521//521 363//363 370//370
f 521//521 518//518 363//363
f 522//522 368//368 383//383
f 522//522 383//383 482//482
f 522//522 521//521 368//368
f 522//522 518//518 521//521
f 523//523 478//478 477//477
f 523//523 479//479 478//478
f 523//523 516//516 479//479
f 523//523 520//520 517//517
f 523//523 517//517 516//516
f 523//523 477//477 520//520
f 524//524 481//481 480//480
f 524//524 482//482 481//481
f 524//524 480//480 516//516
f 524//524 518//518 522//522
f 524//524 522//522 482//482
f 524//524 516//516 518//518
f 525//525 526//526 439//439
f 439//439 526//526 217//217
f 526//526 527//527 217//217
f 217//217 527//527 216//216
f 528//528 529//529 221//221
f 221//221 529//529 457//457
f 527//527 530//530 216//216
f 216//216 530//530 209//209
f 457//457 531//531 459//459
f 529//529 531//531 457//457
f 530//530 532//532 209//209
f 209//209 532//532 207//207
f 459//459 533//533 461//461
f 531//531 533//533 459//459
f 532//532 534//534 207//207
f 207//207 534//534 262//262
f 461//461 535//535 463//463
f 533//533 535//535 461//461
f 534//534 536//536 262//262
f 262//262 536//536 258//258
f 463//463 537//537 409//409
f 535//535 537//537 463//463
f 536//536 538//538 258//258
f 258//258 538//538 256//256
f 409//409 539//539 410//410
f 256//256 538//538 252//252
f 410//410 539//539 412//412
f 537//537 539//539 409//409
f 252//252 540//540 248//248
f 412//412 541//541 416//416
f 538//538 540//540 252//252
f 539//539 541//541 412//412
f 248//248 542//542 247//247
f 416//416 543//543 420//420
f 247//247 542//542 242//242
f 420//420 543//543 421//421
f 540//540 542//542 248//248
f 541//541 543//543 416//416
f 242//242 544//544 241//241
f 543//543 545//545 421//421
f 241//241 544//544 236//236
f 421//421 545//545 425//425
f 542//542 544//544 242//242
f 425//425 545//545 428//428
f 236//236 546//546 232//232
f 545//545 547//547 428//428
f 544//544 546//546 236//236
f 428//428 547//547 434//434
f 232//232 548//548 230//230
f 547//547 549//549 434//434
f 546//546 548//548 232//232
f 434//434 549//549 437//437
f 230//230 550//550 226//226
f 548//548 550//550 230//230
f 549//549 525//525 437//437
f 226//226 528//528 221//221
f 437//437 525//525 439//439
f 550//550 528//528 226//226
f 551//551 445//445 552//552
f 447//447 445//445 551//551
f 445//445 444//444 552//552
f 552//552 442//442 553//553
f 444//444 442//442 552//552
f 553//553 440//440 554//554
f 555//555 219//219 556//556
f 442//442 440//440 553//553
f 217//217 219//219 555//555
f 440//440 436//436 554//554
f 556//556 225//225 557//557
f 219//219 225//225 556//556
f 554//554 432//432 558//558
f 436//436 432//432 554//554
f 557//557 229//229 559//559
f 225//225 229//229 557//557
f 559//559 234//234 560//560
f 229//229 234//234 559//559
f 558//558 430//430 561//561
f 432//432 430//430 558//558
f 234//234 237//237 560//560
f 561//561 426//426 562//562
f 430//430 426//426 561//561
f 560//560 239//239 563//563
f 237//237 239//239 560//560
f 562//562 423//423 564//564
f 239//239 243//243 563//563
f 426//426 423//423 562//562
f 563//563 245//245 565//565
f 564//564 418//418 566//566
f 243//243 245//245 563//563
f 423//423 418//418 564//564
f 565//565 250//250 567//567
f 566//566 217//217 555//555
f 245//245 250//250 565//565
f 418//418 217//217 566//566
f 250//250 253//253 567//567
f 253//253 255//255 567//567
f 567//567 255//255 568//568
f 255//255 260//260 568//568
f 568//568 260//260 569//569
f 260//260 264//264 569//569
f 569//569 264//264 570//570
f 264//264 212//212 570//570
f 570//570 212//212 571//571
f 571//571 214//214 572//572
f 212//212 214//214 571//571
f 572//572 221//221 573//573
f 214//214 221//221 572//572
f 573//573 454//454 574//574
f 221//221 454//454 573//573
f 574//574 452//452 575//575
f 454//454 452//452 574//574
f 575//575 450//450 576//576
f 452//452 450//450 575//575
f 576//576 448//448 551//551
f 450//450 448//448 576//576
f 448//448 447//447 551//551
f 163//163 162//162 559//559
f 162//162 557//557 559//559
f 162//162 161//161 557//557
f 159//159 566//566 555//555
f 161//161 556//556 557//557
f 161//161 160//160 556//556
f 159//159 174//174 566//566
f 160//160 555//555 556//556
f 174//174 564//564 566//566
f 160//160 159//159 555//555
f 174//174 173//173 564//564
f 173//173 562//562 564//564
f 173//173 172//172 562//562
f 172//172 561//561 562//562
f 172//172 171//171 561//561
f 171//171 558//558 561//561
f 171//171 170//170 558//558
f 170//170 554//554 558//558
f 170//170 169//169 554//554
f 169//169 553//553 554//554
f 169//169 157//157 553//553
f 157//157 552//552 553//553
f 157//157 156//156 552//552
f 156//156 551//551 552//552
f 156//156 155//155 551//551
f 155//155 576//576 551//551
f 155//155 154//154 576//576
f 154//154 575//575 576//576
f 154//154 153//153 575//575
f 153//153 574//574 575//575
f 153//153 152//152 574//574
f 152//152 573//573 574//574
f 152//152 150//150 573//573
f 150//150 572//572 573//573
f 150//150 148//148 572//572
f 148//148 571//571 572//572
f 148//148 146//146 571//571
f 146//146 570//570 571//571
f 146//146 144//144 570//570
f 144//144 569//569 570//570
f 144//144 143//143 569//569
f 143//143 568//568 569//569
f 143//143 147//147 568//568
f 147//147 567//567 568//568
f 147//147 149//149 567//567
f 149//149 565//565 567//567
f 149//149 165//165 565//565
f 165//165 563//563 565//565
f 165//165 164//164 563//563
f 164//164 560//560 563//563
f 164//164 163//163 560//560
f 163//163 559//559 560//560
f 285//285 284//284 546//546
f 284//284 548//548 546//546
f 284//284 283//283 548//548
f 281//281 529//529 528//528
f 283//283 550//550 548//548
f 283//283 282//282 550//550
f 281//281 292//292 529//529
f 282//282 528//528 550//550
f 292//292 531//531 529//529
f 282//282 281//281 528//528
f 292//292 291//291 531//531
f 291//291 533//533 531//531
f 291//291 290//290 533//533
f 290//290 535//535 533//533
f 290//290 289//289 535//535
f 289//289 537//537 535//535
f 289//289 288//288 537//537
f 288//288 539//539 537//537
f 288//288 279//279 539//539
f 279//279 541//541 539//539
f 279//279 278//278 541//541
f 278//278 543//543 541//541
f 278//278 277//277 543//543
f 277//277 545//545 543//543
f 277//277 276//276 545//545
f 276//276 547//547 545//545
f 276//276 275//275 547//547
f 275//275 549//549 547//547
f 275//275 274//274 549//549
f 274//274 525//525 549//549
f 274//274 273//273 525//525
f 273//273 526//526 525//525
f 273//273 271//271 526//526
f 271//271 527//527 526//526
f 271//271 269//269 527//527
f 269//269 530//530 527//527
f 269//269 267//267 530//530
f 267//267 532//532 530//530
f 267//267 266//266 532//532
f 266//266 534//534 532//532
f 266//266 265//265 534//534
f 265//265 536//536 534//534
f 265//265 268//268 536//536
f 268//268 538//538 536//536
f 268//268 270//270 538//538
f 270//270 540//540 538//538
f 270//270 272//272 540//540
f 272//272 542//542 540//540
f 272//272 286//286 542//542
f 286//286 544//544 542//542
f 286//286 285//285 544//544
f 285//285 546//546 544//544
f 577//577 578//578 579//579
f 580//580 581//581 582//582
f 583//583 578//578 584//584
f 585//585 586//586 587//587
f 584//584 578//578 588//588
f 589//589 586//586 585//585
f 588//588 578//578 577//577
f 587//587 586//586 590//590
f 580//580 591//591 581//581
f 592//592 593//593 594//594
f 595//595 593//593 596//596
f 594//594 593//593 595//595
f 597//597 598//598 580//580
f 580//580 598//598 591//591
f 599//599 600//600 589//589
f 597//597 601//601 598//598
f 602//602 600//600 599//599
f 594//594 603//603 592//592
f 592//592 603//603 604//604
f 582//582 605//605 580//580
f 589//589 600//600 586//586
f 606//606 603//603 594//594
f 588//588 605//605 584//584
f 590//590 605//605 588//588
f 584//584 605//605 582//582
f 603//603 607//607 604//604
f 606//606 607//607 603//603
f 608//608 607//607 606//606
f 609//609 577//577 579//579
f 610//610 577//577 609//609
f 611//611 577//577 610//610
f 612//612 613//613 602//602
f 614//614 613//613 612//612
f 588//588 577//577 611//611
f 597//597 615//615 601//601
f 608//608 616//616 607//607
f 617//617 615//615 597//597
f 602//602 613//613 600//600
f 601//601 615//615 618//618
f 590//590 619//619 605//605
f 580//580 619//619 597//597
f 586//586 619//619 590//590
f 620//620 621//621 622//622
f 623//623 621//621 620//620
f 605//605 619//619 580//580
f 596//596 624//624 617//617
f 617//617 624//624 615//615
f 622//622 625//625 608//608
f 621//621 625//625 622//622
f 608//608 625//625 616//616
f 616//616 625//625 626//626
f 626//626 625//625 621//621
f 627//627 628//628 629//629
f 630//630 631//631 614//614
f 600//600 632//632 586//586
f 633//633 631//631 630//630
f 597//597 632//632 617//617
f 619//619 632//632 597//597
f 586//586 632//632 619//619
f 614//614 631//631 613//613
f 617//617 634//634 596//596
f 600//600 634//634 632//632
f 635//635 636//636 627//627
f 632//632 634//634 617//617
f 613//613 634//634 600//600
f 627//627 636//636 628//628
f 628//628 636//636 637//637
f 613//613 595//595 634//634
f 637//637 638//638 639//639
f 634//634 595//595 596//596
f 639//639 638//638 635//635
f 631//631 595//595 613//613
f 636//636 638//638 637//637
f 635//635 638//638 636//636
f 640//640 641//641 631//631
f 642//642 643//643 637//637
f 631//631 641//641 595//595
f 637//637 643//643 579//579
f 594//594 641//641 606//606
f 644//644 643//643 645//645
f 595//595 641//641 594//594
f 645//645 643//643 642//642
f 646//646 640//640 633//633
f 579//579 643//643 647//647
f 648//648 640//640 646//646
f 647//647 643//643 644//644
f 649//649 650//650 640//640
f 641//641 650//650 606//606
f 598//598 651//651 652//652
f 606//606 650//650 608//608
f 633//633 640//640 631//631
f 652//652 651//651 637//637
f 640//640 650//650 641//641
f 601//601 651//651 598//598
f 618//618 651//651 601//601
f 653//653 620//620 622//622
f 618//618 654//654 651//651
f 653//653 623//623 620//620
f 624//624 654//654 615//615
f 651//651 654//654 637//637
f 615//615 654//654 618//618
f 608//608 655//655 622//622
f 656//656 649//649 648//648
f 649//649 655//655 650//650
f 657//657 649//649 656//656
f 593//593 658//658 596//596
f 624//624 658//658 654//654
f 659//659 655//655 649//649
f 596//596 658//658 624//624
f 650//650 655//655 608//608
f 660//660 661//661 653//653
f 648//648 649//649 640//640
f 653//653 661//661 623//623
f 592//592 662//662 593//593
f 593//593 662//662 658//658
f 604//604 662//662 592//592
f 660//660 629//629 661//661
f 623//623 663//663 621//621
f 621//621 663//663 626//626
f 664//664 665//665 659//659
f 655//655 665//665 622//622
f 622//622 665//665 653//653
f 628//628 663//663 629//629
f 659//659 665//665 655//655
f 637//637 663//663 628//628
f 661//661 663//663 623//623
f 666//666 627//627 660//660
f 667//667 659//659 657//657
f 629//629 663//663 661//661
f 668//668 659//659 667//667
f 660//660 627//627 629//629
f 654//654 669//669 637//637
f 666//666 635//635 627//627
f 607//607 669//669 604//604
f 657//657 659//659 649//649
f 616//616 669//669 607//607
f 626//626 669//669 616//616
f 653//653 670//670 660//660
f 663//663 669//669 626//626
f 664//664 670//670 665//665
f 637//637 669//669 663//663
f 671//671 670//670 664//664
f 658//658 669//669 654//654
f 665//665 670//670 653//653
f 604//604 669//669 662//662
f 662//662 669//669 658//658
f 671//671 672//672 670//670
f 670//670 672//672 660//660
f 660//660 672//672 666//666
f 673//673 664//664 668//668
f 644//644 672//672 671//671
f 674//674 664//664 673//673
f 666//666 645//645 635//635
f 672//672 645//645 666//666
f 668//668 664//664 659//659
f 644//644 645//645 672//672
f 635//635 645//645 639//639
f 639//639 642//642 637//637
f 645//645 642//642 639//639
f 675//675 647//647 644//644
f 674//674 671//671 664//664
f 676//676 647//647 675//675
f 677//677 647//647 676//676
f 678//678 671//671 674//674
f 579//579 647//647 677//677
f 675//675 671//671 678//678
f 679//679 680//680 681//681
f 675//675 644//644 671//671
f 681//681 680//680 637//637
f 680//680 682//682 637//637
f 581//581 682//682 679//679
f 679//679 682//682 680//680
f 683//683 590//590 611//611
f 587//587 590//590 683//683
f 682//682 684//684 637//637
f 611//611 590//590 588//588
f 581//581 684//684 682//682
f 684//684 652//652 637//637
f 637//637 583//583 681//681
f 581//581 652//652 684//684
f 598//598 652//652 591//591
f 679//679 584//584 582//582
f 591//591 652//652 581//581
f 681//681 584//584 679//679
f 583//583 584//584 681//681
f 579//579 578//578 637//637
f 582//582 581//581 679//679
f 637//637 578//578 583//583
f 685//685 599//599 686//686
f 602//602 599//599 685//685
f 686//686 589//589 687//687
f 599//599 589//589 686//686
f 687//687 585//585 688//688
f 589//589 585//585 687//687
f 689//689 677//677 690//690
f 579//579 677//677 689//689
f 688//688 587//587 691//691
f 585//585 587//587 688//688
f 690//690 676//676 692//692
f 677//677 676//676 690//690
f 691//691 683//683 693//693
f 587//587 683//683 691//691
f 692//692 675//675 694//694
f 676//676 675//675 692//692
f 683//683 611//611 693//693
f 694//694 678//678 695//695
f 696//696 610//610 697//697
f 675//675 678//678 694//694
f 693//693 610//610 696//696
f 611//611 610//610 693//693
f 697//697 609//609 689//689
f 610//610 609//609 697//697
f 695//695 674//674 698//698
f 609//609 579//579 689//689
f 678//678 674//674 695//695
f 698//698 673//673 699//699
f 674//674 673//673 698//698
f 699//699 668//668 700//700
f 673//673 668//668 699//699
f 700//700 667//667 701//701
f 668//668 667//667 700//700
f 701//701 657//657 702//702
f 667//667 657//657 701//701
f 702//702 656//656 703//703
f 657//657 656//656 702//702
f 656//656 648//648 703//703
f 703//703 648//648 704//704
f 648//648 646//646 704//704
f 704//704 646//646 705//705
f 646//646 633//633 705//705
f 706//706 633//633 707//707
f 705//705 633//633 706//706
f 707//707 630//630 708//708
f 633//633 630//630 707//707
f 708//708 614//614 709//709
f 630//630 614//614 708//708
f 709//709 612//612 710//710
f 614//614 612//612 709//709
f 710//710 602//602 685//685
f 612//612 602//602 710//710
f 695//695 135//135 694//694
f 127//127 135//135 695//695
f 689//689 117//117 697//697
f 694//694 86//86 692//692
f 135//135 86//86 694//694
f 697//697 126//126 696//696
f 692//692 109//109 690//690
f 117//117 126//126 697//697
f 86//86 109//109 692//692
f 696//696 125//125 693//693
f 690//690 118//118 689//689
f 126//126 125//125 696//696
f 109//109 118//118 690//690
f 118//118 117//117 689//689
f 693//693 133//133 691//691
f 125//125 133//133 693//693
f 691//691 122//122 688//688
f 133//133 122//122 691//691
f 688//688 121//121 687//687
f 122//122 121//121 688//688
f 687//687 120//120 686//686
f 121//121 120//120 687//687
f 686//686 96//96 685//685
f 120//120 96//96 686//686
f 685//685 95//95 710//710
f 96//96 95//95 685//685
f 710//710 94//94 709//709
f 95//95 94//94 710//710
f 709//709 93//93 708//708
f 94//94 93//93 709//709
f 93//93 131//131 708//708
f 708//708 131//131 707//707
f 131//131 123//123 707//707
f 707//707 123//123 706//706
f 123//123 113//113 706//706
f 706//706 113//113 705//705
f 705//705 111//111 704//704
f 113//113 111//111 705//705
f 704//704 107//107 703//703
f 111//111 107//107 704//704
f 703//703 97//97 702//702
f 107//107 97//97 703//703
f 702//702 102//102 701//701
f 97//97 102//102 702//702
f 701//701 110//110 700//700
f 102//102 110//110 701//701
f 700//700 112//112 699//699
f 110//110 112//112 700//700
f 699//699 114//114 698//698
f 112//112 114//114 699//699
f 698//698 127//127 695//695
f 114//114 127//127 698//698
f 711//711 712//712 713//713
f 714//714 715//715 716//716
f 717//717 712//712 718//718
f 719//719 720//720 721//721
f 718//718 712//712 722//722
f 723//723 720//720 719//719
f 722//722 712//712 711//711
f 721//721 720//720 724//724
f 714//714 725//725 715//715
f 726//726 727//727 728//728
f 729//729 727//727 730//730
f 728//728 727//727 729//729
f 731//731 732//732 714//714
f 714//714 732//732 725//725
f 733//733 734//734 723//723
f 731//731 735//735 732//732
f 736//736 734//734 733//733
f 728//728 737//737 726//726
f 726//726 737//737 738//738
f 716//716 739//739 714//714
f 723//723 734//734 720//720
f 740//740 737//737 728//728
f 722//722 739//739 718//718
f 724//724 739//739 722//722
f 718//718 739//739 716//716
f 737//737 741//741 738//738
f 740//740 741//741 737//737
f 742//742 741//741 740//740
f 743//743 711//711 713//713
f 744//744 711//711 743//743
f 745//745 711//711 744//744
f 746//746 747//747 736//736
f 748//748 747//747 746//746
f 722//722 711//711 745//745
f 731//731 749//749 735//735
f 742//742 750//750 741//741
f 751//751 749//749 731//731
f 736//736 747//747 734//734
f 735//735 749//749 752//752
f 724//724 753//753 739//739
f 714//714 753//753 731//731
f 720//720 753//753 724//724
f 754//754 755//755 756//756
f 757//757 755//755 754//754
f 739//739 753//753 714//714
f 730//730 758//758 751//751
f 751//751 758//758 749//749
f 756//756 759//759 742//742
f 755//755 759//759 756//756
f 742//742 759//759 750//750
f 750//750 759//759 760//760
f 760//760 759//759 755//755
f 761//761 762//762 763//763
f 764//764 765//765 748//748
f 734//734 766//766 720//720
f 767//767 765//765 764//764
f 731//731 766//766 751//751
f 753//753 766//766 731//731
f 720//720 766//766 753//753
f 748//748 765//765 747//747
f 751//751 768//768 730//730
f 734//734 768//768 766//766
f 769//769 770//770 761//761
f 766//766 768//768 751//751
f 747//747 768//768 734//734
f 761//761 770//770 762//762
f 762//762 770//770 771//771
f 747//747 729//729 768//768
f 771//771 772//772 773//773
f 768//768 729//729 730//730
f 773//773 772//772 769//769
f 765//765 729//729 747//747
f 770//770 772//772 771//771
f 769//769 772//772 770//770
f 774//774 775//775 765//765
f 776//776 777//777 771//771
f 765//765 775//775 729//729
f 771//771 777//777 713//713
f 728//728 775//775 740//740
f 778//778 777//777 779//779
f 729//729 775//775 728//728
f 779//779 777//777 776//776
f 780//780 774//774 767//767
f 713//713 777//777 781//781
f 782//782 774//774 780//780
f 781//781 777//777 778//778
f 783//783 784//784 774//774
f 775//775 784//784 740//740
f 732//732 785//785 786//786
f 740//740 784//784 742//742
f 767//767 774//774 765//765
f 786//786 785//785 771//771
f 774//774 784//784 775//775
f 735//735 785//785 732//732
f 752//752 785//785 735//735
f 787//787 754//754 756//756
f 752//752 788//788 785//785
f 787//787 757//757 754//754
f 758//758 788//788 749//749
f 785//785 788//788 771//771
f 749//749 788//788 752//752
f 742//742 789//789 756//756
f 790//790 783//783 782//782
f 783//783 789//789 784//784
f 791//791 783//783 790//790
f 727//727 792//792 730//730
f 758//758 792//792 788//788
f 793//793 789//789 783//783
f 730//730 792//792 758//758
f 784//784 789//789 742//742
f 794//794 795//795 787//787
f 782//782 783//783 774//774
f 787//787 795//795 757//757
f 726//726 796//796 727//727
f 727//727 796//796 792//792
f 738//738 796//796 726//726
f 794//794 763//763 795//795
f 757//757 797//797 755//755
f 755//755 797//797 760//760
f 798//798 799//799 793//793
f 789//789 799//799 756//756
f 756//756 799//799 787//787
f 762//762 797//797 763//763
f 793//793 799//799 789//789
f 771//771 797//797 762//762
f 795//795 797//797 757//757
f 800//800 761//761 794//794
f 801//801 793//793 791//791
f 763//763 797//797 795//795
f 802//802 793//793 801//801
f 794//794 761//761 763//763
f 788//788 803//803 771//771
f 800//800 769//769 761//761
f 741//741 803//803 738//738
f 791//791 793//793 783//783
f 750//750 803//803 741//741
f 760//760 803//803 750//750
f 787//787 804//804 794//794
f 797//797 803//803 760//760
f 798//798 804//804 799//799
f 771//771 803//803 797//797
f 805//805 804//804 798//798
f 792//792 803//803 788//788
f 799//799 804//804 787//787
f 738//738 803//803 796//796
f 796//796 803//803 792//792
f 805//805 806//806 804//804
f 804//804 806//806 794//794
f 794//794 806//806 800//800
f 807//807 798//798 802//802
f 778//778 806//806 805//805
f 808//808 798//798 807//807
f 800//800 779//779 769//769
f 806//806 779//779 800//800
f 802//802 798//798 793//793
f 778//778 779//779 806//806
f 769//769 779//779 773//773
f 773//773 776//776 771//771
f 779//779 776//776 773//773
f 809//809 781//781 778//778
f 808//808 805//805 798//798
f 810//810 781//781 809//809
f 811//811 781//781 810//810
f 812//812 805//805 808//808
f 713//713 781//781 811//811
f 809//809 805//805 812//812
f 813//813 814//814 815//815
f 809//809 778//778 805//805
f 815//815 814//814 771//771
f 814//814 816//816 771//771
f 715//715 816//816 813//813
f 813//813 816//816 814//814
f 817//817 724//724 745//745
f 721//721 724//724 817//817
f 816//816 818//818 771//771
f 745//745 724//724 722//722
f 715//715 818//818 816//816
f 818//818 786//786 771//771
f 771//771 717//717 815//815
f 715//715 786//786 818//818
f 732//732 786//786 725//725
f 813//813 718//718 716//716
f 725//725 786//786 715//715
f 815//815 718//718 813//813
f 717//717 718//718 815//815
f 713//713 712//712 771//771
f 716//716 715//715 813//813
f 771//771 712//712 717//717
f 819//819 733//733 820//820
f 736//736 733//733 819//819
f 820//820 723//723 821//821
f 733//733 723//723 820//820
f 821//821 719//719 822//822
f 723//723 719//719 821//821
f 823//823 811//811 824//824
f 713//713 811//811 823//823
f 822//822 721//721 825//825
f 719//719 721//721 822//822
f 824//824 810//810 826//826
f 811//811 810//810 824//824
f 825//825 817//817 827//827
f 721//721 817//817 825//825
f 826//826 809//809 828//828
f 810//810 809//809 826//826
f 817//817 745//745 827//827
f 828//828 812//812 829//829
f 830//830 744//744 831//831
f 809//809 812//812 828//828
f 827//827 744//744 830//830
f 745//745 744//744 827//827
f 831//831 743//743 823//823
f 744//744 743//743 831//831
f 829//829 808//808 832//832
f 743//743 713//713 823//823
f 812//812 808//808 829//829
f 832//832 807//807 833//833
f 808//808 807//807 832//832
f 833//833 802//802 834//834
f 807//807 802//802 833//833
f 834//834 801//801 835//835
f 802//802 801//801 834//834
f 835//835 791//791 836//836
f 801//801 791//791 835//835
f 836//836 790//790 837//837
f 791//791 790//790 836//836
f 790//790 782//782 837//837
f 837//837 782//782 838//838
f 782//782 780//780 838//838
f 838//838 780//780 839//839
f 780//780 767//767 839//839
f 840//840 767//767 841//841
f 839//839 767//767 840//840
f 841//841 764//764 842//842
f 767//767 764//764 841//841
f 842//842 748//748 843//843
f 764//764 748//748 842//842
f 843//843 746//746 844//844
f 748//748 746//746 843//843
f 844//844 736//736 819//819
f 746//746 736//736 844//844
f 829//829 59//59 828//828
f 51//51 59//59 829//829
f 823//823 21//21 831//831
f 828//828 10//10 826//826
f 59//59 10//10 828//828
f 831//831 24//24 830//830
f 826//826 16//16 824//824
f 21//21 24//24 831//831
f 10//10 16//16 826//826
f 830//830 29//29 827//827
f 824//824 15//15 823//823
f 24//24 29//29 830//830
f 16//16 15//15 824//824
f 15//15 21//21 823//823
f 827//827 14//14 825//825
f 29//29 14//14 827//827
f 825//825 13//13 822//822
f 14//14 13//13 825//825
f 822//822 12//12 821//821
f 13//13 12//12 822//822
f 821//821 83//83 820//820
f 12//12 83//83 821//821
f 820//820 65//65 819//819
f 83//83 65//65 820//820
f 819//819 63//63 844//844
f 65//65 63//63 819//819
f 844//844 50//50 843//843
f 63//63 50//50 844//844
f 843//843 46//46 842//842
f 50//50 46//46 843//843
f 46//46 57//57 842//842
f 842//842 57//57 841//841
f 57//57 48//48 841//841
f 841//841 48//48 840//840
f 48//48 43//43 840//840
f 840//840 43//43 839//839
f 839//839 41//41 838//838
f 43//43 41//41 839//839
f 838//838 36//36 837//837
f 41//41 36//36 838//838
f 837//837 26//26 836//836
f 36//36 26//26 837//837
f 836//836 32//32 835//835
f 26//26 32//32 836//836
f 835//835 40//40 834//834
f 32//32 40//40 835//835
f 834//834 42//42 833//833
f 40//40 42//42 834//834
f 833//833 47//47 832//832
f 42//42 47//47 833//833
f 832//832 51//51 829//829
f 47//47 51//51 832//832
f 845//845 846//846 847//847
f 848//848 849//849 850//850
f 851//851 846//846 852//852
f 853//853 854//854 855//855
f 852//852 846//846 856//856
f 857//857 854//854 853//853
f 856//856 846//846 845//845
f 855//855 854//854 858//858
f 848//848 859//859 849//849
f 860//860 861//861 862//862
f 863//863 861//861 864//864
f 862//862 861//861 863//863
f 865//865 866//866 848//848
f 848//848 866//866 859//859
f 867//867 868//868 857//857
f 865//865 869//869 866//866
f 870//870 868//868 867//867
f 862//862 871//871 860//860
f 860//860 871//871 872//872
f 850//850 873//873 848//848
f 857//857 868//868 854//854
f 874//874 871//871 862//862
f 856//856 873//873 852//852
f 858//858 873//873 856//856
f 852//852 873//873 850//850
f 871//871 875//875 872//872
f 874//874 875//875 871//871
f 876//876 875//875 874//874
f 877//877 845//845 847//847
f 878//878 845//845 877//877
f 879//879 845//845 878//878
f 880//880 881//881 870//870
f 882//882 881//881 880//880
f 856//856 845//845 879//879
f 865//865 883//883 869//869
f 876//876 884//884 875//875
f 885//885 883//883 865//865
f 870//870 881//881 868//868
f 869//869 883//883 886//886
f 858//858 887//887 873//873
f 848//848 887//887 865//865
f 854//854 887//887 858//858
f 888//888 889//889 890//890
f 891//891 889//889 888//888
f 873//873 887//887 848//848
f 864//864 892//892 885//885
f 885//885 892//892 883//883
f 890//890 893//893 876//876
f 889//889 893//893 890//890
f 876//876 893//893 884//884
f 884//884 893//893 894//894
f 894//894 893//893 889//889
f 895//895 896//896 897//897
f 898//898 899//899 882//882
f 868//868 900//900 854//854
f 901//901 899//899 898//898
f 865//865 900//900 885//885
f 887//887 900//900 865//865
f 854//854 900//900 887//887
f 882//882 899//899 881//881
f 885//885 902//902 864//864
f 868//868 902//902 900//900
f 903//903 904//904 895//895
f 900//900 902//902 885//885
f 881//881 902//902 868//868
f 895//895 904//904 896//896
f 896//896 904//904 905//905
f 881//881 863//863 902//902
f 905//905 906//906 907//907
f 902//902 863//863 864//864
f 907//907 906//906 903//903
f 899//899 863//863 881//881
f 904//904 906//906 905//905
f 903//903 906//906 904//904
f 908//908 909//909 899//899
f 910//910 911//911 905//905
f 899//899 909//909 863//863
f 905//905 911//911 847//847
f 862//862 909//909 874//874
f 912//912 911//911 913//913
f 863//863 909//909 862//862
f 913//913 911//911 910//910
f 914//914 908//908 901//901
f 847//847 911//911 915//915
f 916//916 908//908 914//914
f 915//915 911//911 912//912
f 917//917 918//918 908//908
f 909//909 918//918 874//874
f 866//866 919//919 920//920
f 874//874 918//918 876//876
f 901//901 908//908 899//899
f 920//920 919//919 905//905
f 908//908 918//918 909//909
f 869//869 919//919 866//866
f 886//886 919//919 869//869
f 921//921 888//888 890//890
f 886//886 922//922 919//919
f 921//921 891//891 888//888
f 892//892 922//922 883//883
f 919//919 922//922 905//905
f 883//883 922//922 886//886
f 876//876 923//923 890//890
f 924//924 917//917 916//916
f 917//917 923//923 918//918
f 925//925 917//917 924//924
f 861//861 926//926 864//864
f 892//892 926//926 922//922
f 927//927 923//923 917//917
f 864//864 926//926 892//892
f 918//918 923//923 876//876
f 928//928 929//929 921//921
f 916//916 917//917 908//908
f 921//921 929//929 891//891
f 860//860 930//930 861//861
f 861//861 930//930 926//926
f 872//872 930//930 860//860
f 928//928 897//897 929//929
f 891//891 931//931 889//889
f 889//889 931//931 894//894
f 932//932 933//933 927//927
f 923//923 933//933 890//890
f 890//890 933//933 921//921
f 896//896 931//931 897//897
f 927//927 933//933 923//923
f 905//905 931//931 896//896
f 929//929 931//931 891//891
f 934//934 895//895 928//928
f 935//935 927//927 925//925
f 897//897 931//931 929//929
f 936//936 927//927 935//935
f 928//928 895//895 897//897
f 922//922 937//937 905//905
f 934//934 903//903 895//895
f 875//875 937//937 872//872
f 925//925 927//927 917//917
f 884//884 937//937 875//875
f 894//894 937//937 884//884
f 921//921 938//938 928//928
f 931//931 937//937 894//894
f 932//932 938//938 933//933
f 905//905 937//937 931//931
f 939//939 938//938 932//932
f 926//926 937//937 922//922
f 933//933 938//938 921//921
f 872//872 937//937 930//930
f 930//930 937//937 926//926
f 939//939 940//940 938//938
f 938//938 940//940 928//928
f 928//928 940//940 934//934
f 941//941 932//932 936//936
f 912//912 940//940 939//939
f 942//942 932//932 941//941
f 934//934 913//913 903//903
f 940//940 913//913 934//934
f 936//936 932//932 927//927
f 912//912 913//913 940//940
f 903//903 913//913 907//907
f 907//907 910//910 905//905
f 913//913 910//910 907//907
f 943//943 915//915 912//912
f 942//942 939//939 932//932
f 944//944 915//915 943//943
f 945//945 915//915 944//944
f 946//946 939//939 942//942
f 847//847 915//915 945//945
f 943//943 939//939 946//946
f 947//947 948//948 949//949
f 943//943 912//912 939//939
f 949//949 948//948 905//905
f 948//948 950//950 905//905
f 849//849 950//950 947//947
f 947//947 950//950 948//948
f 951//951 858//858 879//879
f 855//855 858//858 951//951
f 950//950 952//952 905//905
f 879//879 858//858 856//856
f 849//849 952//952 950//950
f 952//952 920//920 905//905
f 905//905 851//851 949//949
f 849//849 920//920 952//952
f 866//866 920//920 859//859
f 947//947 852//852 850//850
f 859//859 920//920 849//849
f 949//949 852//852 947//947
f 851//851 852//852 949//949
f 847//847 846//846 905//905
f 850//850 849//849 947//947
f 905//905 846//846 851//851
f 953//953 867//867 954//954
f 870//870 867//867 953//953
f 954//954 857//857 955//955
f 867//867 857//857 954//954
f 955//955 853//853 956//956
f 857//857 853//853 955//955
f 957//957 945//945 958//958
f 847//847 945//945 957//957
f 956//956 855//855 959//959
f 853//853 855//855 956//956
f 958//958 944//944 960//960
f 945//945 944//944 958//958
f 959//959 951//951 961//961
f 855//855 951//951 959//959
f 960//960 943//943 962//962
f 944//944 943//943 960//960
f 951//951 879//879 961//961
f 962//962 946//946 963//963
f 964//964 878//878 965//965
f 943//943 946//946 962//962
f 961//961 878//878 964//964
f 879//879 878//878 961//961
f 965//965 877//877 957//957
f 878//878 877//877 965//965
f 963//963 942//942 966//966
f 877//877 847//847 957//957
f 946//946 942//942 963//963
f 966//966 941//941 967//967
f 942//942 941//941 966//966
f 967//967 936//936 968//968
f 941//941 936//936 967//967
f 968//968 935//935 969//969
f 936//936 935//935 968//968
f 969//969 925//925 970//970
f 935//935 925//925 969//969
f 970//970 924//924 971//971
f 925//925 924//924 970//970
f 924//924 916//916 971//971
f 971//971 916//916 972//972
f 916//916 914//914 972//972
f 972//972 914//914 973//973
f 914//914 901//901 973//973
f 974//974 901//901 975//975
f 973//973 901//901 974//974
f 975//975 898//898 976//976
f 901//901 898//898 975//975
f 976//976 882//882 977//977
f 898//898 882//882 976//976
f 977//977 880//880 978//978
f 882//882 880//880 977//977
f 978//978 870//870 953//953
f 880//880 870//870 978//978
f 963//963 11//11 962//962
f 17//17 11//11 963//963
f 957//957 68//68 965//965
f 962//962 22//22 960//960
f 11//11 22//22 962//962
f 965//965 72//72 964//964
f 960//960 25//25 958//958
f 68//68 72//72 965//965
f 22//22 25//25 960//960
f 964//964 71//71 961//961
f 958//958 69//69 957//957
f 72//72 71//71 964//964
f 25//25 69//69 958//958
f 69//69 68//68 957//957
f 961//961 66//66 959//959
f 71//71 66//66 961//961
f 959//959 64//64 956//956
f 66//66 64//64 959//959
f 956//956 62//62 955//955
f 64//64 62//62 956//956
f 955//955 58//58 954//954
f 62//62 58//58 955//955
f 954//954 55//55 953//953
f 58//58 55//55 954//954
f 953//953 54//54 978//978
f 55//55 54//54 953//953
f 978//978 39//39 977//977
f 54//54 39//39 978//978
f 977//977 18//18 976//976
f 39//39 18//18 977//977
f 18//18 1//1 976//976
f 976//976 1//1 975//975
f 1//1 3//3 975//975
f 975//975 3//3 974//974
f 3//3 78//78 974//974
f 974//974 78//78 973//973
f 973//973 70//70 972//972
f 78//78 70//70 973//973
f 972//972 56//56 971//971
f 70//70 56//56 972//972
f 971//971 45//45 970//970
f 56//56 45//45 971//971
f 970//970 49//49 969//969
f 45//45 49//49 970//970
f 969//969 61//61 968//968
f 49//49 61//61 969//969
f 968//968 73//73 967//967
f 61//61 73//73 968//968
f 967//967 82//82 966//966
f 73//73 82//82 967//967
f 966//966 17//17 963//963
f 82//82 17//17 966//966
f 979//979 980//980 981//981
f 982//982 983//983 984//984
f 985//985 980//980 986//986
f 987//987 988//988 989//989
f 986//986 980//980 990//990
f 991//991 988//988 987//987
f 990//990 980//980 979//979
f 989//989 988//988 992//992
f 982//982 993//993 983//983
f 994//994 995//995 996//996
f 997//997 995//995 998//998
f 996//996 995//995 997//997
f 999//999 1000//1000 982//982
f 982//982 1000//1000 993//993
f 1001//1001 1002//1002 991//991
f 999//999 1003//1003 1000//1000
f 1004//1004 1002//1002 1001//1001
f 996//996 1005//1005 994//994
f 994//994 1005//1005 1006//1006
f 984//984 1007//1007 982//982
f 991//991 1002//1002 988//988
f 1008//1008 1005//1005 996//996
f 990//990 1007//1007 986//986
f 992//992 1007//1007 990//990
f 986//986 1007//1007 984//984
f 1005//1005 1009//1009 1006//1006
f 1008//1008 1009//1009 1005//1005
f 1010//1010 1009//1009 1008//1008
f 1011//1011 979//979 981//981
f 1012//1012 979//979 1011//1011
f 1013//1013 979//979 1012//1012
f 1014//1014 1015//1015 1004//1004
f 1016//1016 1015//1015 1014//1014
f 990//990 979//979 1013//1013
f 999//999 1017//1017 1003//1003
f 1010//1010 1018//1018 1009//1009
f 1019//1019 1017//1017 999//999
f 1004//1004 1015//1015 1002//1002
f 1003//1003 1017//1017 1020//1020
f 992//992 1021//1021 1007//1007
f 982//982 1021//1021 999//999
f 988//988 1021//1021 992//992
f 1022//1022 1023//1023 1024//1024
f 1025//1025 1023//1023 1022//1022
f 1007//1007 1021//1021 982//982
f 998//998 1026//1026 1019//1019
f 1019//1019 1026//1026 1017//1017
f 1024//1024 1027//1027 1010//1010
f 1023//1023 1027//1027 1024//1024
f 1010//1010 1027//1027 1018//1018
f 1018//1018 1027//1027 1028//1028
f 1028//1028 1027//1027 1023//1023
f 1029//1029 1030//1030 1031//1031
f 1032//1032 1033//1033 1016//1016
f 1002//1002 1034//1034 988//988
f 1035//1035 1033//1033 1032//1032
f 999//999 1034//1034 1019//1019
f 1021//1021 1034//1034 999//999
f 988//988 1034//1034 1021//1021
f 1016//1016 1033//1033 1015//1015
f 1019//1019 1036//1036 998//998
f 1002//1002 1036//1036 1034//1034
f 1037//1037 1038//1038 1029//1029
f 1034//1034 1036//1036 1019//1019
f 1015//1015 1036//1036 1002//1002
f 1029//1029 1038//1038 1030//1030
f 1030//1030 1038//1038 1039//1039
f 1015//1015 997//997 1036//1036
f 1039//1039 1040//1040 1041//1041
f 1036//1036 997//997 998//998
f 1041//1041 1040//1040 1037//1037
f 1033//1033 997//997 1015//1015
f 1038//1038 1040//1040 1039//1039
f 1037//1037 1040//1040 1038//1038
f 1042//1042 1043//1043 1033//1033
f 1044//1044 1045//1045 1039//1039
f 1033//1033 1043//1043 997//997
f 1039//1039 1045//1045 981//981
f 996//996 1043//1043 1008//1008
f 1046//1046 1045//1045 1047//1047
f 997//997 1043//1043 996//996
f 1047//1047 1045//1045 1044//1044
f 1048//1048 1042//1042 1035//1035
f 981//981 1045//1045 1049//1049
f 1050//1050 1042//1042 1048//1048
f 1049//1049 1045//1045 1046//1046
f 1051//1051 1052//1052 1042//1042
f 1043//1043 1052//1052 1008//1008
f 1000//1000 1053//1053 1054//1054
f 1008//1008 1052//1052 1010//1010
f 1035//1035 1042//1042 1033//1033
f 1054//1054 1053//1053 1039//1039
f 1042//1042 1052//1052 1043//1043
f 1003//1003 1053//1053 1000//1000
f 1020//1020 1053//1053 1003//1003
f 1055//1055 1022//1022 1024//1024
f 1020//1020 1056//1056 1053//1053
f 1055//1055 1025//1025 1022//1022
f 1026//1026 1056//1056 1017//1017
f 1053//1053 1056//1056 1039//1039
f 1017//1017 1056//1056 1020//1020
f 1010//1010 1057//1057 1024//1024
f 1058//1058 1051//1051 1050//1050
f 1051//1051 1057//1057 1052//1052
f 1059//1059 1051//1051 1058//1058
f 995//995 1060//1060 998//998
f 1026//1026 1060//1060 1056//1056
f 1061//1061 1057//1057 1051//1051
f 998//998 1060//1060 1026//1026
f 1052//1052 1057//1057 1010//1010
f 1062//1062 1063//1063 1055//1055
f 1050//1050 1051//1051 1042//1042
f 1055//1055 1063//1063 1025//1025
f 994//994 1064//1064 995//995
f 995//995 1064//1064 1060//1060
f 1006//1006 1064//1064 994//994
f 1062//1062 1031//1031 1063//1063
f 1025//1025 1065//1065 1023//1023
f 1023//1023 1065//1065 1028//1028
f 1066//1066 1067//1067 1061//1061
f 1057//1057 1067//1067 1024//1024
f 1024//1024 1067//1067 1055//1055
f 1030//1030 1065//1065 1031//1031
f 1061//1061 1067//1067 1057//1057
f 1039//1039 1065//1065 1030//1030
f 1063//1063 1065//1065 1025//1025
f 1068//1068 1029//1029 1062//1062
f 1069//1069 1061//1061 1059//1059
f 1031//1031 1065//1065 1063//1063
f 1070//1070 1061//1061 1069//1069
f 1062//1062 1029//1029 1031//1031
f 1056//1056 1071//1071 1039//1039
f 1068//1068 1037//1037 1029//1029
f 1009//1009 1071//1071 1006//1006
f 1059//1059 1061//1061 1051//1051
f 1018//1018 1071//1071 1009//1009
f 1028//1028 1071//1071 1018//1018
f 1055//1055 1072//1072 1062//1062
f 1065//1065 1071//1071 1028//1028
f 1066//1066 1072//1072 1067//1067
f 1039//1039 1071//1071 1065//1065
f 1073//1073 1072//1072 1066//1066
f 1060//1060 1071//1071 1056//1056
f 1067//1067 1072//1072 1055//1055
f 1006//1006 1071//1071 1064//1064
f 1064//1064 1071//1071 1060//1060
f 1073//1073 1074//1074 1072//1072
f 1072//1072 1074//1074 1062//1062
f 1062//1062 1074//1074 1068//1068
f 1075//1075 1066//1066 1070//1070
f 1046//1046 1074//1074 1073//1073
f 1076//1076 1066//1066 1075//1075
f 1068//1068 1047//1047 1037//1037
f 1074//1074 1047//1047 1068//1068
f 1070//1070 1066//1066 1061//1061
f 1046//1046 1047//1047 1074//1074
f 1037//1037 1047//1047 1041//1041
f 1041//1041 1044//1044 1039//1039
f 1047//1047 1044//1044 1041//1041
f 1077//1077 1049//1049 1046//1046
f 1076//1076 1073//1073 1066//1066
f 1078//1078 1049//1049 1077//1077
f 1079//1079 1049//1049 1078//1078
f 1080//1080 1073//1073 1076//1076
f 981//981 1049//1049 1079//1079
f 1077//1077 1073//1073 1080//1080
f 1081//1081 1082//1082 1083//1083
f 1077//1077 1046//1046 1073//1073
f 1083//1083 1082//1082 1039//1039
f 1082//1082 1084//1084 1039//1039
f 983//983 1084//1084 1081//1081
f 1081//1081 1084//1084 1082//1082
f 1085//1085 992//992 1013//1013
f 989//989 992//992 1085//1085
f 1084//1084 1086//1086 1039//1039
f 1013//1013 992//992 990//990
f 983//983 1086//1086 1084//1084
f 1086//1086 1054//1054 1039//1039
f 1039//1039 985//985 1083//1083
f 983//983 1054//1054 1086//1086
f 1000//1000 1054//1054 993//993
f 1081//1081 986//986 984//984
f 993//993 1054//1054 983//983
f 1083//1083 986//986 1081//1081
f 985//985 986//986 1083//1083
f 981//981 980//980 1039//1039
f 984//984 983//983 1081//1081
f 1039//1039 980//980 985//985
f 1087//1087 1001//1001 1088//1088
f 1004//1004 1001//1001 1087//1087
f 1088//1088 991//991 1089//1089
f 1001//1001 991//991 1088//1088
f 1089//1089 987//987 1090//1090
f 991//991 987//987 1089//1089
f 1091//1091 1079//1079 1092//1092
f 981//981 1079//1079 1091//1091
f 1090//1090 989//989 1093//1093
f 987//987 989//989 1090//1090
f 1092//1092 1078//1078 1094//1094
f 1079//1079 1078//1078 1092//1092
f 1093//1093 1085//1085 1095//1095
f 989//989 1085//1085 1093//1093
f 1094//1094 1077//1077 1096//1096
f 1078//1078 1077//1077 1094//1094
f 1085//1085 1013//1013 1095//1095
f 1096//1096 1080//1080 1097//1097
f 1098//1098 1012//1012 1099//1099
f 1077//1077 1080//1080 1096//1096
f 1095//1095 1012//1012 1098//1098
f 1013//1013 1012//1012 1095//1095
f 1099//1099 1011//1011 1091//1091
f 1012//1012 1011//1011 1099//1099
f 1097//1097 1076//1076 1100//1100
f 1011//1011 981//981 1091//1091
f 1080//1080 1076//1076 1097//1097
f 1100//1100 1075//1075 1101//1101
f 1076//1076 1075//1075 1100//1100
f 1101//1101 1070//1070 1102//1102
f 1075//1075 1070//1070 1101//1101
f 1102//1102 1069//1069 1103//1103
f 1070//1070 1069//1069 1102//1102
f 1103//1103 1059//1059 1104//1104
f 1069//1069 1059//1059 1103//1103
f 1104//1104 1058//1058 1105//1105
f 1059//1059 1058//1058 1104//1104
f 1058//1058 1050//1050 1105//1105
f 1105//1105 1050//1050 1106//1106
f 1050//1050 1048//1048 1106//1106
f 1106//1106 1048//1048 1107//1107
f 1048//1048 1035//1035 1107//1107
f 1108//1108 1035//1035 1109//1109
f 1107//1107 1035//1035 1108//1108
f 1109//1109 1032//1032 1110//1110
f 1035//1035 1032//1032 1109//1109
f 1110//1110 1016//1016 1111//1111
f 1032//1032 1016//1016 1110//1110
f 1111//1111 1014//1014 1112//1112
f 1016//1016 1014//1014 1111//1111
f 1112//1112 1004//1004 1087//1087
f 1014//1014 1004//1004 1112//1112
f 1097//1097 339//339 1096//1096
f 334//334 339//339 1097//1097
f 1091//1091 319//319 1099//1099
f 1096//1096 297//297 1094//1094
f 339//339 297//297 1096//1096
f 1099//1099 324//324 1098//1098
f 1094//1094 299//299 1092//1092
f 319//319 324//324 1099//1099
f 297//297 299//299 1094//1094
f 1098//1098 323//323 1095//1095
f 1092//1092 320//320 1091//1091
f 324//324 323//323 1098//1098
f 299//299 320//320 1092//1092
f 320//320 319//319 1091//1091
f 1095//1095 331//331 1093//1093
f 323//323 331//331 1095//1095
f 1093//1093 329//329 1090//1090
f 331//331 329//329 1093//1093
f 1090//1090 327//327 1089//1089
f 329//329 327//327 1090//1090
f 1089//1089 316//316 1088//1088
f 327//327 316//316 1089//1089
f 1088//1088 315//315 1087//1087
f 316//316 315//315 1088//1088
f 1087//1087 314//314 1112//1112
f 315//315 314//314 1087//1087
f 1112//1112 295//295 1111//1111
f 314//314 295//295 1112//1112
f 1111//1111 343//343 1110//1110
f 295//295 343//343 1111//1111
f 343//343 335//335 1110//1110
f 1110//1110 335//335 1109//1109
f 335//335 328//328 1109//1109
f 1109//1109 328//328 1108//1108
f 328//328 321//321 1108//1108
f 1108//1108 321//321 1107//1107
f 1107//1107 312//312 1106//1106
f 321//321 312//312 1107//1107
f 1106//1106 310//310 1105//1105
f 312//312 310//310 1106//1106
f 1105//1105 307//307 1104//1104
f 310//310 307//307 1105//1105
f 1104//1104 308//308 1103//1103
f 307//307 308//308 1104//1104
f 1103//1103 311//311 1102//1102
f 308//308 311//311 1103//1103
f 1102//1102 317//317 1101//1101
f 311//311 317//317 1102//1102
f 1101//1101 325//325 1100//1100
f 317//317 325//325 1101//1101
f 1100//1100 334//334 1097//1097
f 325//325 334//334 1100//1100
f 2//2 1113//1113 37//37
f 1114//1114 1113//1113 2//2
f 116//116 1115//1115 124//124
f 1116//1116 1115//1115 116//116
f 105//105 1117//1117 115//115
f 1118//1118 1117//1117 105//105
f 326//326 1119//1119 313//313
f 1120//1120 1119//1119 326//326
f 1121//1121 322//322 318//318
f 1122//1122 322//322 1121//1121
f 1123//1123 1124//1124 1115//1115
f 1125//1125 1126//1126 1127//1127
f 1123//1123 1115//1115 1114//1114
f 1125//1125 1127//1127 1128//1128
f 1125//1125 1128//1128 1119//1119
f 1129//1129 1130//1130 1124//1124
f 1131//1131 1132//1132 1133//1133
f 1129//1129 1124//1124 1123//1123
f 1131//1131 1134//1134 1132//1132
f 1135//1135 1136//1136 1130//1130
f 1137//1137 1138//1138 1139//1139
f 1135//1135 1130//1130 1129//1129
f 1140//1140 1141//1141 1136//1136
f 1137//1137 1142//1142 1138//1138
f 1140//1140 1136//1136 1135//1135
f 1143//1143 1144//1144 1145//1145
f 1146//1146 1147//1147 1141//1141
f 1143//1143 1145//1145 1148//1148
f 1146//1146 1141//1141 1140//1140
f 1118//1118 1125//1125 1119//1119
f 396//396 380//380 1149//1149
f 396//396 1149//1149 1150//1150
f 1150//1150 1149//1149 1147//1147
f 1150//1150 1147//1147 1146//1146
f 1113//1113 1151//1151 1152//1152
f 168//168 158//158 1134//1134
f 1113//1113 1152//1152 1122//1122
f 168//168 1134//1134 1131//1131
f 1113//1113 1122//1122 1121//1121
f 1113//1113 1121//1121 1142//1142
f 1113//1113 1142//1142 1137//1137
f 178//178 1148//1148 175//175
f 178//178 1143//1143 1148//1148
f 1117//1117 1118//1118 1119//1119
f 1117//1117 1119//1119 1120//1120
f 1117//1117 1120//1120 1153//1153
f 1154//1154 1117//1117 1153//1153
f 1154//1154 1153//1153 1155//1155
f 1156//1156 1154//1154 1155//1155
f 1157//1157 1155//1155 1158//1158
f 1157//1157 1158//1158 1159//1159
f 1157//1157 1156//1156 1155//1155
f 1160//1160 1157//1157 1159//1159
f 1161//1161 1159//1159 1151//1151
f 1161//1161 1160//1160 1159//1159
f 1162//1162 1132//1132 1163//1163
f 1162//1162 1163//1163 1164//1164
f 1161//1161 1151//1151 1113//1113
f 1165//1165 1162//1162 1164//1164
f 1166//1166 1167//1167 1168//1168
f 1169//1169 1166//1166 1168//1168
f 1133//1133 1132//1132 1162//1162
f 1126//1126 1165//1165 1164//1164
f 1126//1126 1164//1164 1127//1127
f 1114//1114 1115//1115 1116//1116
f 1139//1139 1138//1138 1167//1167
f 1114//1114 1116//1116 1170//1170
f 1114//1114 1170//1170 1161//1161
f 1139//1139 1167//1167 1166//1166
f 1144//1144 1169//1169 1168//1168
f 1114//1114 1161//1161 1113//1113
f 1144//1144 1168//1168 1145//1145
f 124//124 1115//1115 1124//1124
f 129//129 1124//1124 1130//1130
f 129//129 124//124 1124//1124
f 134//134 1130//1130 1136//1136
f 134//134 129//129 1130//1130
f 139//139 134//134 1136//1136
f 140//140 1136//1136 1141//1141
f 140//140 139//139 1136//1136
f 132//132 1141//1141 1147//1147
f 132//132 140//140 1141//1141
f 130//130 1147//1147 1149//1149
f 130//130 132//132 1147//1147
f 119//119 1149//1149 380//380
f 119//119 130//130 1149//1149
f 44//44 396//396 1150//1150
f 44//44 53//53 396//396
f 35//35 1150//1150 1146//1146
f 35//35 44//44 1150//1150
f 23//23 1146//1146 1140//1140
f 23//23 35//35 1146//1146
f 19//19 1140//1140 1135//1135
f 19//19 23//23 1140//1140
f 20//20 1135//1135 1129//1129
f 20//20 19//19 1135//1135
f 84//84 1129//1129 1123//1123
f 84//84 20//20 1129//1129
f 2//2 1123//1123 1114//1114
f 2//2 84//84 1123//1123
f 178//178 34//34 33//33
f 1143//1143 33//33 31//31
f 1143//1143 178//178 33//33
f 1144//1144 31//31 30//30
f 1144//1144 1143//1143 31//31
f 1169//1169 1144//1144 30//30
f 1166//1166 30//30 28//28
f 1166//1166 1169//1169 30//30
f 1139//1139 28//28 27//27
f 1139//1139 1166//1166 28//28
f 1137//1137 27//27 38//38
f 1137//1137 1139//1139 27//27
f 1113//1113 38//38 37//37
f 1113//1113 1137//1137 38//38
f 1142//1142 1121//1121 318//318
f 1142//1142 318//318 309//309
f 1138//1138 309//309 296//296
f 1138//1138 1142//1142 309//309
f 1167//1167 296//296 298//298
f 1167//1167 1138//1138 296//296
f 1168//1168 298//298 346//346
f 1168//1168 1167//1167 298//298
f 1145//1145 346//346 341//341
f 1145//1145 1168//1168 346//346
f 1148//1148 341//341 340//340
f 1148//1148 1145//1145 341//341
f 175//175 340//340 185//185
f 175//175 1148//1148 340//340
f 158//158 167//167 337//337
f 1134//1134 337//337 345//345
f 1134//1134 158//158 337//337
f 1132//1132 345//345 344//344
f 1132//1132 1134//1134 345//345
f 1163//1163 1132//1132 344//344
f 1164//1164 344//344 294//294
f 1164//1164 1163//1163 344//344
f 1127//1127 294//294 293//293
f 1127//1127 1164//1164 294//294
f 1128//1128 293//293 306//306
f 1128//1128 1127//1127 293//293
f 1119//1119 306//306 313//313
f 1119//1119 1128//1128 306//306
f 1118//1118 105//105 104//104
f 1125//1125 104//104 103//103
f 1125//1125 1118//1118 104//104
f 1126//1126 103//103 101//101
f 1126//1126 1125//1125 103//103
f 1165//1165 1126//1126 101//101
f 1162//1162 101//101 100//100
f 1162//1162 1165//1165 101//101
f 1133//1133 100//100 99//99
f 1133//1133 1162//1162 100//100
f 1131//1131 99//99 98//98
f 1131//1131 1133//1133 99//99
f 168//168 98//98 108//108
f 168//168 1131//1131 98//98
f 1116//1116 116//116 106//106
f 1170//1170 106//106 85//85
f 1170//1170 1116//1116 106//106
f 1161//1161 85//85 87//87
f 1161//1161 1170//1170 85//85
f 1160//1160 1161//1161 87//87
f 1157//1157 87//87 138//138
f 1157//1157 1160//1160 87//87
f 1156//1156 138//138 137//137
f 1156//1156 1157//1157 138//138
f 1154//1154 137//137 136//136
f 1154//1154 1156//1156 137//137
f 1117//1117 136//136 115//115
f 1117//1117 1154//1154 136//136
f 1120//1120 326//326 332//332
f 1153//1153 332//332 336//336
f 1153//1153 1120//1120 332//332
f 1155//1155 336//336 342//342
f 1155//1155 1153//1153 336//336
f 1158//1158 1155//1155 342//342
f 1159//1159 342//342 338//338
f 1159//1159 1158//1158 342//342
f 1151//1151 338//338 333//333
f 1151//1151 1159//1159 338//338
f 1152//1152 333//333 330//330
f 1152//1152 1151//1151 333//333
f 1122//1122 330//330 322//322
f 1122//1122 1152//1152 330//330
# 2348 faces, 0 coords texture

# End of File
