####
#
# OBJ File Generated by Meshlab
#
####
# Object shoulder.obj
#
# Vertices: 4088
# Faces: 8172
#
####
vn 1.2016412420129576 3.0130123571362954 2.8954196097951632
v 0.0157856903970242 0.0016248819883913 -0.0805149599909782
vn 0.8115238474101614 3.0149552229897889 3.0280448536319802
v 0.0106762601062655 0.0016248819883913 -0.0787805318832397
vn 1.6359090146882465 0.2534473054391775 6.0586804801189471
v 0.0108777200803161 -0.0092328777536750 -0.0788452029228210
vn 1.7736345297543799 0.1328862195004007 6.0235691711336283
v 0.0112949600443244 -0.0093221664428711 -0.0789514705538750
vn 1.9914380938223886 0.0839750467083698 5.9577713201246825
v 0.0133785000070930 -0.0098726153373718 -0.0796047374606133
vn 2.1278671395933468 0.0971592938841655 5.9106512030400022
v 0.0136080300435424 -0.0099399080500007 -0.0796862766146660
vn 0.4112572119247871 3.0141335790683739 3.1077850114678567
v 0.0053841471672058 0.0016248819883913 -0.0777278468012810
vn 0.8991286187331146 0.2980189895963690 6.2036382163915533
v 0.0053821201436222 -0.0083077540621161 -0.0777424499392509
vn 0.9316749769298938 0.3339500491665617 6.1986486780412529
v 0.0054916730150580 -0.0083205690607429 -0.0777577087283134
vn 1.2557281431580822 0.2990571776057531 6.1438137546585097
v 0.0081837167963386 -0.0086999526247382 -0.0782104134559631
vn 1.4264665486110610 -0.0792850753389450 6.1140143859754765
v 0.0090702166780829 -0.0088458647951484 -0.0783845111727715
vn 1.5546422963060753 0.1773212722697203 6.0823731952801943
v 0.0106730395928025 -0.0091890087351203 -0.0787929818034172
vn 1.0357881023283568 0.0858904650423180 6.1940136894845210
v 0.0068219900131226 -0.0084757199510932 -0.0779430195689201
vn 0.0087582582569625 3.0227089723460523 3.1353914373146137
v 0.0000000000000000 0.0016248819883913 -0.0773749873042107
vn 0.0947584554113149 0.2805894439857772 6.2731790051684699
v 0.0000000000000000 -0.0079999556764960 -0.0773749873042107
vn 0.3077065755617097 0.1581482580676750 6.2724176741583246
v 0.0022801160812378 -0.0080528846010566 -0.0774380490183830
vn 0.5394869046485542 0.2847494750645627 6.2478595827251038
v 0.0027732250746340 -0.0080872168764472 -0.0774790570139885
vn 0.6763125720155003 0.0477443153139222 6.2451341150514921
v 0.0045567150227726 -0.0082114329561591 -0.0776274204254150
vn -0.9319167681232537 0.2242996922013771 6.2052418109619580
v -0.0051334500312805 -0.0082750320434570 -0.0777033492922783
vn -0.7073889149640137 0.1232692138396872 6.2405377782917988
v -0.0048174262046814 -0.0082364082336426 -0.0776572823524475
vn -0.4105767742344640 3.0329996352428519 3.1088452683366961
v -0.0053841471672058 0.0016248819883913 -0.0777278468012810
vn -0.4147083697972109 0.1903371833872530 6.2648248384253415
v -0.0025918479077518 -0.0080694546923041 -0.0774578973650932
vn -0.1570247024442349 0.1793341454655357 6.2772213495848534
v -0.0003807950124610 -0.0080014457926154 -0.0773767232894897
vn -1.6385152332080128 0.2386000720814740 6.0557793613447410
v -0.0101569201797247 -0.0090776681900024 -0.0786604806780815
vn -1.3602286270673076 -0.0285342678059371 6.1305134308690343
v -0.0093337288126349 -0.0088964700698853 -0.0784448310732841
vn -0.8143834461363756 3.0276176170030711 3.0279951602286586
v -0.0106762601062655 0.0016248819883913 -0.0787805318832397
vn -1.3129785526618816 0.2422869784764900 6.1358720318054587
v -0.0076478119008243 -0.0086092939600348 -0.0781023502349854
vn -1.0484899531517766 0.0578826678087112 6.1927343806287372
v -0.0070837140083313 -0.0085132122039795 -0.0779877901077271
vn -0.9510686618514100 0.1940799293245270 6.2042799001325823
v -0.0053824777714908 -0.0083054304122925 -0.0777396485209465
vn -2.2974509062242170 0.1611424884144806 5.8437062283255274
v -0.0152525901794434 -0.0104472003877163 -0.0803100988268852
vn -2.1081726362710529 0.0334091621129019 5.9173428236376147
v -0.0137547198683023 -0.0099828829988837 -0.0797383710741997
vn -1.1986404256555809 3.0264929567754724 2.8973734408881162
v -0.0157856903970242 0.0016248819883913 -0.0805149599909782
vn -1.9944290657491397 0.2515016062210041 5.9495861703557367
v -0.0126864295452833 -0.0096925487741828 -0.0793925523757935
vn -1.6958825106885080 -0.1213594212278759 6.0404027614037830
v -0.0115607902407646 -0.0093866577371955 -0.0790281221270561
vn -1.6713335574348844 0.1252979002101889 6.0533243135222818
v -0.0106723299250007 -0.0091910948976874 -0.0787954330444336
vn -3.2471192904697936 0.1485741878955210 5.3745631502647697
v -0.0201868396252394 -0.0121423602104187 -0.0826586410403252
vn -3.0949945359869329 0.1591157921350611 5.4638675438879742
v -0.0200042091310024 -0.0120748197659850 -0.0825501605868340
vn -1.5684511240042067 3.0268666471769547 2.7150875574660867
v -0.0206249896436930 0.0016248819883913 -0.0829014107584953
vn -2.7604308191410665 0.1801475103110939 5.6394947302788125
v -0.0179653707891703 -0.0113474698737264 -0.0814926624298096
vn -2.6216099620407003 0.1497310111920511 5.7072491562472196
v -0.0177572295069695 -0.0112773096188903 -0.0813995003700256
vn -2.4599634026871384 0.0413138771364467 5.7802867277113883
v -0.0157850291579962 -0.0106134396046400 -0.0805162116885185
vn -1.9131196984231731 3.0190998057325622 2.4837921102195675
v -0.0251113101840019 0.0016248819883913 -0.0858991667628288
vn -3.8698350881750581 0.1325660752474523 4.9460996951809948
v -0.0248119197785854 -0.0138653498142958 -0.0856909081339836
vn -3.6982613102588555 0.1086993029026623 5.0762661271433265
v -0.0242285095155239 -0.0136480303481221 -0.0852402374148369
vn -3.5752375399756890 0.1469928834053709 5.1629047764255160
v -0.0225375201553106 -0.0130136003717780 -0.0840915963053703
vn -3.4025726629254041 0.1381789411280348 5.2783986389830595
v -0.0221062805503607 -0.0128517700359225 -0.0837986990809441
vn -3.2506344322789662 0.1396905443392126 5.3728913478467026
v -0.0206173006445169 -0.0123014999553561 -0.0829142928123474
vn -4.3051430708523721 0.1342179770595811 4.5723305488139978
v -0.0280474405735731 -0.0150488000363111 -0.0883775874972343
vn -4.1590046025588698 0.1410254159391429 4.7060457075845914
v -0.0270016696304083 -0.0146714402362704 -0.0874647423624992
vn -3.9928804355504397 0.0829361509639025 4.8481295899512160
v -0.0261835996061563 -0.0143762202933431 -0.0867505595088005
vn -3.8803058398271784 0.1090095571001664 4.9389195447472378
v -0.0251002293080091 -0.0139726400375366 -0.0859135910868645
vn -4.7759661819625352 0.0839406912451538 4.0794937585753885
v -0.0312798582017422 -0.0161016508936882 -0.0917339324951172
vn -2.4882209421484722 3.0162183053425968 1.9072203482749595
v -0.0327258110046387 0.0016248819883913 -0.0935135409235954
vn -4.6612665854603357 0.1162792291290045 4.2109574414180591
v -0.0311019998043776 -0.0160465203225613 -0.0915385410189629
vn -4.5502817812365155 0.0937519402031745 4.3298159909952814
v -0.0296938996762037 -0.0156094403937459 -0.0899922177195549
vn -2.2144232064373606 3.0131107835778890 2.2190908310902282
v -0.0291680600494146 0.0016248819883913 -0.0894567891955376
vn -4.4081146292207443 0.1300105950825545 4.4741969949527878
v -0.0291582308709621 -0.0154270501807332 -0.0894669219851494
vn -5.2755446376105803 0.0803063076888996 3.4111731445537319
v -0.0347065888345242 -0.0168674495071173 -0.0963578224182129
vn -2.7140408056168406 3.0179538607220664 1.5694166346334550
v -0.0357234403491020 0.0016248819883913 -0.0979999825358391
vn -5.3669947348682232 0.0432546746612843 3.2638357643224492
v -0.0352048799395561 -0.0169401094317436 -0.0971267819404602
vn -5.4485221195797271 0.0412654559826523 3.1286077720848118
v -0.0357110500335693 -0.0169679503887892 -0.0980071425437927
vn -5.1641698182006719 0.0509083282672293 3.5750725928609555
v -0.0340023599565029 -0.0167647600173950 -0.0952711701393127
vn -5.1036436223094874 0.0699342249396257 3.6639047678439032
v -0.0329747200012207 -0.0165436808019876 -0.0938566923141479
vn -4.9850363539235083 0.0653722847120655 3.8216487133752799
v -0.0327256284654140 -0.0164900999516249 -0.0935137197375298
vn -5.5615048953427415 -0.0030215543599706 2.9134082351414579
v -0.0362932011485100 -0.0169999003410339 -0.0990198776125908
vn -2.8976262670837216 3.0150301268901476 1.1968355887395383
v -0.0381099507212639 0.0016248819883913 -0.1028392985463142
vn -5.6710695177549111 0.0635031805453483 2.7035667803772738
v -0.0377852916717529 -0.0169999003410339 -0.1021566018462181
vn 2.7132779682272661 3.0159475396071604 1.5705096919476347
v 0.0357234403491020 0.0016248819883913 -0.0979999825358391
vn 5.4225507679209812 0.0350401168152542 3.1723059264029358
v 0.0357216484844685 -0.0169804599136114 -0.0980010628700256
vn 5.6729680505831990 0.0506309503591160 2.7001332181148339
v 0.0378852412104607 -0.0169998407363892 -0.1023671999573708
vn 2.8975347929906969 3.0147686328255157 1.1970226607619014
v 0.0381099507212639 0.0016248819883913 -0.1028392985463142
vn 5.6697642519170701 0.0357045603276112 2.7074652294980623
v 0.0363858304917812 -0.0169988200068474 -0.0992168709635735
vn 5.5827552562541074 0.0414120305182160 2.8762480545935825
v 0.0362923108041286 -0.0169987604022026 -0.0990203619003296
vn 5.0794354415995446 0.0839142846426817 3.6937025646661676
v 0.0332646891474724 -0.0166153907775879 -0.0942320227622986
vn 5.2559100495982980 0.0569006883660245 3.4388499897265898
v 0.0345567986369133 -0.0168574992567301 -0.0960997864603996
vn 5.3588963432201417 0.0558435330932323 3.2793746484095578
v 0.0347090885043144 -0.0168735291808844 -0.0963483974337578
vn 4.7556588628365848 0.1009139853069709 4.1042888405853510
v 0.0308153592050076 -0.0159567501395941 -0.0912250801920891
vn 2.4903417434742101 3.0157622848492389 1.9044592875344368
v 0.0327258110046387 0.0016248819883913 -0.0935135409235954
vn 4.6259560718690338 0.0773047064136623 4.2485671544362038
v 0.0303413793444633 -0.0158172193914652 -0.0906793400645256
vn 2.2138104261003013 3.0185906695563069 2.2199405407407204
v 0.0291680600494146 0.0016248819883913 -0.0894567891955376
vn 4.5059235338554231 0.0662185179179952 4.3777977725062591
v 0.0291570406407118 -0.0154258599504828 -0.0894676372408867
vn 4.8622652471532231 0.0681694988300495 3.9767842436369318
v 0.0319214984774590 -0.0162826105952263 -0.0924988314509392
vn 4.9881638214271877 0.1106446047397295 3.8183697979242575
v 0.0327146612107754 -0.0164791308343410 -0.0935221910476685
vn 4.9788249106618707 0.1448866013120952 3.8298994658429288
v 0.0328398905694485 -0.0165101196616888 -0.0936838313937187
vn 4.1322798914031562 0.0939068719144172 4.7298736454271912
v 0.0268860999494791 -0.0146332299336791 -0.0873408317565918
vn 4.3743125574661308 0.0835305107216391 4.5071935858880794
v 0.0286659505218267 -0.0152635499835014 -0.0889653488993645
vn 3.2115917206665707 0.1434607041811959 5.3963187289099430
v 0.0209005996584892 -0.0124035999178886 -0.0830620527267456
vn 1.9100001728496971 3.0137674073552789 2.4859242496732961
v 0.0251113101840019 0.0016248819883913 -0.0858991667628288
vn 1.5660646814639327 3.0147747731138832 2.7157391529057575
v 0.0206249896436930 0.0016248819883913 -0.0829014107584953
vn 3.3952168947566208 0.2013742414695213 5.2810847574715858
v 0.0215342007577419 -0.0126398801803589 -0.0834603309631348
vn 3.5295208731798806 0.1365776429186202 5.1948997961391186
v 0.0229912903159857 -0.0131832901388407 -0.0843765065073967
vn 3.6912418928263766 0.1584481828301172 5.0795066950381011
v 0.0240046307444572 -0.0135635100305080 -0.0851010009646416
vn 3.8541291814069609 0.0283496104872384 4.9598209608473294
v 0.0249715391546488 -0.0139261400327086 -0.0857923626899719
vn 3.9596544120211621 -0.0069872072044507 4.8781735885340520
v 0.0251082703471184 -0.0139767499640584 -0.0859029218554497
vn 3.9608150254037877 0.1591000012904569 4.8741125057457397
v 0.0263842903077602 -0.0144478604197502 -0.0869349762797356
vn 2.6870290706700128 0.1258526347948840 5.6778482917666215
v 0.0163346491754055 -0.0107946302741766 -0.0807520672678947
vn 2.8571252327826784 0.1744550684126536 5.5910972166806596
v 0.0186083894222975 -0.0115731898695230 -0.0818107128143311
vn 2.2157207350870700 0.0581046952229014 5.8788478546791838
v 0.0137547198683023 -0.0099828829988837 -0.0797383710741997
vn 2.3374321030827976 0.1241902677511475 5.8304851451338937
v 0.0157812796533108 -0.0106173101812601 -0.0805262923240662
vn 2.4827653574783568 0.1596401520439336 5.7666430019014676
v 0.0161961894482374 -0.0107473097741604 -0.0806875824928284
vn 3.0579497971202998 0.1789856280887599 5.4825472322348672
v 0.0189763903617859 -0.0117065897211432 -0.0820116400718689
vn 3.0607647442150392 0.1291649312668031 5.4837913086211563
v 0.0206206999719143 -0.0123021602630615 -0.0829092189669609
vn 6.2697636202936344 -0.0110651119818989 -0.4101792847498047
v 0.0409064814448357 -0.0169999003410339 -0.1238650977611542
vn 3.1080453633209326 3.0106858040701265 -0.4091926738269107
v 0.0408970713615417 0.0016248819883913 -0.1240091994404793
vn 6.2676491083310832 0.0617497446471913 -0.4315436137239443
v 0.0411327406764030 -0.0169999003410339 -0.1204129979014397
vn 3.1348652808815807 3.0106805619156480 -0.0000021343697780
v 0.0412499904632568 0.0016248819883913 -0.1186250001192093
vn 6.0558642454967835 0.0075965235710958 -1.6283948593272406
v 0.0398443900048733 -0.0169999003410339 -0.1293012946844101
vn 3.0280442218331514 3.0106840214706958 -0.8113761807709168
v 0.0398443900048733 0.0016248819883913 -0.1293012946844101
vn 6.1617807109998788 0.0657618738970028 -1.2256495492021877
v 0.0402526184916496 -0.0169999003410339 -0.1272487938404083
vn 6.2186994088941905 -0.0007831426003689 -0.8018588033630165
v 0.0408970713615417 -0.0169999003410339 -0.1240091994404793
vn 5.9468751712797756 0.0261666604606299 -2.0276903520812262
v 0.0394126698374748 -0.0169999003410339 -0.1305730044841766
vn 5.9497878463012173 -0.0003464447374035 -2.0195152880091425
v 0.0383104607462883 -0.0169999003410339 -0.1338198930025101
vn 2.8962325799115645 3.0106883697120974 -1.1996758838592918
v 0.0381099507212639 0.0016248819883913 -0.1344106942415237
vn 5.4251149273849730 -0.0089919645353994 -3.1434321863581340
v 0.0357234403491020 -0.0169999003410339 -0.1392499953508377
vn 2.7148834537921029 3.0107109984821845 -1.5674203655249290
v 0.0357234403491020 0.0016248819883913 -0.1392499953508377
vn 5.6349334599489849 0.0435248564956881 -2.7788758240616578
v 0.0368736907839775 -0.0169999003410339 -0.1369175016880035
vn 5.7960934135687587 -0.0062972484517890 -2.3915119734001267
v 0.0381099507212639 -0.0169999003410339 -0.1344106942415237
vn 5.2260551082708551 -0.0008011250914743 -3.4880849521576933
v 0.0352728888392448 -0.0169999003410339 -0.1399243026971817
vn 5.2243246615197902 0.0083479179805411 -3.4906604007634017
v 0.0333796702325344 -0.0169999003410339 -0.1427578032016754
vn 2.4870508793564192 3.0106599244895902 -1.9083876306615688
v 0.0327258110046387 0.0016248819883913 -0.1437364071607590
vn 4.4226717711784724 -0.0247946936162292 -4.4431443967827420
v 0.0291680600494146 -0.0169999003410339 -0.1477930992841721
vn 2.2166610316820874 3.0107110028476365 -2.2167111690532573
v 0.0291680600494146 0.0016248819883913 -0.1477930992841721
vn 4.7237931388726340 0.0259351161278728 -4.1428070483294386
v 0.0312598906457424 -0.0169999003410339 -0.1454079002141953
vn 4.9763398988807932 -0.0092370109287792 -3.8143009205202754
v 0.0327258110046387 -0.0169999003410339 -0.1437364071607590
vn 3.8159750363787155 -0.0110220998053907 -4.9749456769006377
v 0.0251113101840019 -0.0169999003410339 -0.1513507068157196
vn 1.9083938768893371 3.0107316870883443 -2.4870544652163842
v 0.0251113101840019 0.0016248819883913 -0.1513507068157196
vn 4.1425884028625983 0.0149364577959506 -4.7240806480118938
v 0.0264465808868408 -0.0169999003410339 -0.1501798927783966
vn 4.1539708575332082 -0.0234239914025936 -4.7139444319217434
v 0.0289990901947021 -0.0169999003410339 -0.1479413956403732
vn 3.4822336546653960 -0.0013660196800471 -5.2299276827190049
v 0.0237685404717922 -0.0169999003410339 -0.1522480994462967
vn 3.4907695694109826 -0.0297144865265127 -5.2240967587467182
v 0.0209480505436659 -0.0169999003410339 -0.1541326045989990
vn 1.5674642132467871 3.0106756520408817 -2.7148540763772342
v 0.0206249896436930 0.0016248819883913 -0.1543484926223755
vn 2.3937518086644851 -0.0142658987936295 -5.7946565247212209
v 0.0157856903970242 -0.0169999003410339 -0.1567350029945374
vn 1.1996653872031802 3.0106828969824306 -2.8962360064802777
v 0.0157856903970242 0.0016248819883913 -0.1567350029945374
vn 2.7789966354204072 0.0182761161122326 -5.6351508686717491
v 0.0179324094206095 -0.0169999003410339 -0.1556763052940369
vn 3.1449973147494581 -0.0223381632289953 -5.4231718196471839
v 0.0206249896436930 -0.0169999003410339 -0.1543484926223755
vn 2.0198283440233866 -0.0078789829143623 -5.9496711532706374
v 0.0148412501439452 -0.0169999003410339 -0.1570556014776230
vn 2.0195463454697697 -0.0074719150593233 -5.9497678181380751
v 0.0116264196112752 -0.0169999003410339 -0.1581469029188156
vn 0.8113659022509930 3.0107087154130330 -3.0280489858161008
v 0.0106762601062655 0.0016248819883913 -0.1584693938493729
vn 0.8064759802272398 -0.0212740519629122 -6.2170464204843361
v 0.0053841471672058 -0.0169999003410339 -0.1595221012830734
vn 0.4091951278145476 3.0106866310574372 -3.1080447252879151
v 0.0053841471672058 0.0016248819883913 -0.1595221012830734
vn 1.2258268905380465 0.0172328655607372 -6.1623998950506191
v 0.0083301058039069 -0.0169999003410339 -0.1589360982179642
vn 1.6281994713143619 -0.0136820507817775 -6.0545341563728021
v 0.0106762601062655 -0.0169999003410339 -0.1584693938493729
vn 0.0008665028953913 -0.0103542149465190 -6.2698190903143107
v 0.0000000000000000 -0.0169999003410339 -0.1598750054836273
vn 0.0000016117806714 3.0106902040007499 -3.1348659747246321
v 0.0000000000000000 0.0016248819883913 -0.1598750054836273
vn 0.4109864257194915 0.0072075851794554 -6.2697211892735663
v 0.0015896549448371 -0.0169999003410339 -0.1597708016633987
vn 0.4204748704480335 -0.0186702237684775 -6.2690227035393313
v 0.0049885511398315 -0.0169999003410339 -0.1595479995012283
vn -0.4242659586658349 -0.0031572580703952 -6.2688015807824948
v -0.0018107889918610 -0.0169999003410339 -0.1597563028335571
vn -0.4112885725808676 -0.0385821336613348 -6.2694706010579129
v -0.0052089691162109 -0.0169999003410339 -0.1595336049795151
vn -0.4091959838301055 3.0106906953257706 -3.1080447815103924
v -0.0053841471672058 0.0016248819883913 -0.1595221012830734
vn -1.6264894634161651 -0.0120756365262039 -6.0550933757585277
v -0.0106762601062655 -0.0169999003410339 -0.1584693938493729
vn -0.8113692849493035 3.0107062079315741 -3.0280479566746950
v -0.0106762601062655 0.0016248819883913 -0.1584693938493729
vn -1.2258374317310023 0.0156376277202811 -6.1624063694480702
v -0.0085468292236328 -0.0169999003410339 -0.1588930040597916
vn -0.8046236144345378 -0.0254868730863690 -6.2170680354415984
v -0.0053841471672058 -0.0169999003410339 -0.1595221012830734
vn -2.0232049321038073 -0.0051883993478060 -5.9485261405651881
v -0.0118352100253105 -0.0169999003410339 -0.1580760031938553
vn -2.0195955782849260 -0.0153615363637225 -5.9497210649397108
v -0.0150500498712063 -0.0169999003410339 -0.1569847017526627
vn -1.1996614580763834 3.0106813835371753 -2.8962375543103853
v -0.0157856903970242 0.0016248819883913 -0.1567350029945374
vn -3.1428010809281508 -0.0187578612922084 -5.4247304926621478
v -0.0206249896436930 -0.0169999003410339 -0.1543484926223755
vn -1.5674599837459395 3.0106875153688497 -2.7148571454926418
v -0.0206249896436930 0.0016248819883913 -0.1543484926223755
vn -2.7789865877738964 0.0190828307346564 -5.6351506196453078
v -0.0181301794946194 -0.0169999003410339 -0.1555788069963455
vn -2.3916710467182933 -0.0165708063031543 -5.7953572859987670
v -0.0157856903970242 -0.0169999003410339 -0.1567350029945374
vn -3.4851135926192041 -0.0137448796508119 -5.2279914812982344
v -0.0211310293525457 -0.0169999003410339 -0.1540104001760483
vn -3.4910003067133202 0.0045787053172523 -5.2241070414952091
v -0.0239516999572515 -0.0169999003410339 -0.1521257013082504
vn -1.9084001765704728 3.0107383340021561 -2.4870500850223283
v -0.0251113101840019 0.0016248819883913 -0.1513507068157196
vn -3.8145468444652209 -0.0115521731098263 -4.9759959959706954
v -0.0251113101840019 -0.0169999003410339 -0.1513507068157196
vn -4.1557777090609207 0.0006626105093380 -4.7124355152062316
v -0.0266123395413160 -0.0169999003410339 -0.1500345021486282
vn -2.2166610192545493 3.0107069777214237 -2.2167109612973004
v -0.0291680600494146 0.0016248819883913 -0.1477930992841721
vn -4.9752442927401406 -0.0080438754425723 -3.8158421745188402
v -0.0327258110046387 -0.0169999003410339 -0.1437364071607590
vn -2.4870494910392758 3.0106584400047587 -1.9083894101992294
v -0.0327258110046387 0.0016248819883913 -0.1437364071607590
vn -4.7237977492415579 0.0232989251471986 -4.1428329081109254
v -0.0314054414629936 -0.0169999003410339 -0.1452419012784958
vn -4.4194937035582562 -0.0300785151370023 -4.4457237448736695
v -0.0291680600494146 -0.0169999003410339 -0.1477930992841721
vn -5.2283914885809537 0.0081882799755352 -3.4845451650641230
v -0.0335023887455463 -0.0169999003410339 -0.1425739973783493
vn -5.2243127104280322 -0.0140143410258564 -3.4906415558963393
v -0.0353958010673523 -0.0169999003410339 -0.1397403925657272
vn -2.7148836451794223 3.0107142575243477 -1.5674203150732384
v -0.0357234403491020 0.0016248819883913 -0.1392499953508377
vn -5.7951967804647939 -0.0032886567542223 -2.3942644417741064
v -0.0381099507212639 -0.0169999003410339 -0.1344106942415237
vn -2.8962318643709470 3.0106951954581445 -1.1996783991698503
v -0.0381099507212639 0.0016248819883913 -0.1344106942415237
vn -5.6349298998695163 0.0437502222371291 -2.7788764118805465
v -0.0369718000292778 -0.0169999003410339 -0.1367186009883881
vn -5.4236976480929027 -0.0121416814347164 -3.1454887159839280
v -0.0357234403491020 -0.0169999003410339 -0.1392499953508377
vn -5.9485028872292727 0.0140308012715504 -2.0231909207748546
v -0.0383818708360195 -0.0169999003410339 -0.1336096972227097
vn -5.9496417808323274 0.0262603367821981 -2.0196049201349622
v -0.0394843183457851 -0.0169999003410339 -0.1303620934486389
vn -3.0280454764288964 3.0106885124581679 -0.8113722769290517
v -0.0398443900048733 0.0016248819883913 -0.1293012946844101
vn -6.2184477266434763 0.0047577086366950 -0.8069150891980431
v -0.0408970713615417 -0.0169999003410339 -0.1240091994404793
vn -3.1080451652452830 3.0106875206966475 -0.4091946665955279
v -0.0408970713615417 0.0016248819883913 -0.1240091994404793
vn -6.1617035874547241 0.0693502756943385 -1.2256407221924104
v -0.0402961894869804 -0.0169999003410339 -0.1270297020673752
vn -6.0553191590005149 0.0064297047126353 -1.6301128283878157
v -0.0398443900048733 -0.0169999003410339 -0.1293012946844101
vn -6.2686600442578690 0.0181563214985524 -0.4255494774020016
v -0.0409211516380310 -0.0169999003410339 -0.1236419007182121
vn -6.2688500457146752 0.0743896746903497 -0.4109273918742912
v -0.0411474704742432 -0.0169999003410339 -0.1201886981725693
vn -3.1348653112780900 3.0106812493597124 0.0000003402674724
v -0.0412499904632568 0.0016248819883913 -0.1186250001192093
vn -6.2157343375545935 0.0148235521025417 0.8310712306711564
v -0.0408970713615417 -0.0169999003410339 -0.1132408007979393
vn -3.1080457458184112 3.0106910006904268 0.4091915144823013
v -0.0408970713615417 0.0016248819883913 -0.1132408007979393
vn -6.2723621710365762 0.0440191829032033 0.3493473835578060
v -0.0411232113838196 -0.0169999003410339 -0.1166912987828255
vn -6.2633073036713949 -0.1034416470603941 0.0738063013324401
v -0.0412499904632568 -0.0169999003410339 -0.1186250001192093
vn -6.1652970121553823 0.0266395288146894 1.2105994044995838
v -0.0408514104783535 -0.0169999003410339 -0.1130110993981361
vn -6.1608338642743696 0.1017344542486128 1.2254937220219664
v -0.0401068292558193 -0.0169999003410339 -0.1092680990695953
vn -3.0280446868405679 3.0106898305884586 0.8113754111946333
v -0.0398443900048733 0.0016248819883913 -0.1079486981034279
vn -6.0296610346868782 -0.0977619988300379 1.6979622440871693
v -0.0398443900048733 -0.0169999003410339 -0.1079486981034279
vn -5.9665676210809604 0.1057411865658095 1.9613576848578289
v -0.0390518903732300 -0.0169999003410339 -0.1056141033768654
vn -5.8118319307435753 0.0249301751817592 2.3646788759796653
v -0.0381099507212639 -0.0169999003410339 -0.1028392985463142
vn 5.8251469629413419 -0.0275063839393474 2.3231212579933209
v 0.0381099507212639 -0.0169999003410339 -0.1028392985463142
vn 5.9355267145725099 0.1238118320964655 2.0528141781132061
v 0.0391305610537529 -0.0169999003410339 -0.1058458983898163
vn 3.0280437777680689 3.0106938936322045 0.8113794881792979
v 0.0398443900048733 0.0016248819883913 -0.1079486981034279
vn 6.0587250063388121 0.0226531076817360 1.6228779345268955
v 0.0398443900048733 -0.0169999003410339 -0.1079486981034279
vn 6.1653973325817404 0.0933257615819743 1.2031476911739905
v 0.0401554107666016 -0.0169999003410339 -0.1095120012760162
vn 3.1080463395755960 3.0106967861060108 0.4091891994093122
v 0.0408970713615417 0.0016248819883913 -0.1132408007979393
vn 6.2143072570605753 0.0075686895318912 0.8380692551090384
v 0.0408970713615417 -0.0169999003410339 -0.1132408007979393
vn 6.2683561824847933 0.0929960683615867 0.4108846639752519
v 0.0411384701728821 -0.0169999003410339 -0.1169238016009331
vn 6.2718769944975916 0.0234243481431594 -0.0025858392817643
v 0.0412499904632568 -0.0169999003410339 -0.1186250001192093
vn -4.7038736993577341 2.5579613731521316 -3.2620017146570106
v -0.0351485610008240 0.0070375800132751 -0.0440012216567993
vn -4.4383250878610463 2.6509216619422014 -3.5676720379950622
v -0.0346857905387878 0.0030629630200565 -0.0475415512919426
vn -4.7154808727496222 2.4085456032636392 -3.3680665879720761
v -0.0353493615984917 0.0018576380098239 -0.0475668907165527
vn 1.4575190655328385 4.2162381594532619 -4.4120411456908633
v 0.0137542998418212 0.0304409805685282 -0.0390589199960232
vn 1.1464743989239019 4.2469107412439335 -4.4745326085582597
v 0.0109991403296590 0.0312870107591152 -0.0390581414103508
vn 1.2477336234451784 4.5353589634027509 -4.1505896761621992
v 0.0110626798123121 0.0328499600291252 -0.0374553203582764
vn 0.2426374666975505 3.9589618603320753 -4.8599045303401205
v 0.0027635688893497 0.0308217406272888 -0.0406590700149536
vn 0.0083162130210474 4.1053200286086202 -4.7565298606458688
v 0.0000000000000000 0.0308782402426004 -0.0406214483082294
vn 0.0071435192634483 4.1135662454422883 -4.7492012914843480
v 0.0000000000000000 0.0327189490199089 -0.0390326902270317
vn 0.0059896201829806 4.3694262496770238 -4.4958944573903645
v 0.0000000000000000 0.0332121811807156 -0.0386070609092712
vn 0.0098671750965192 4.6507683873735903 -4.2247512360551402
v 0.0000000000000000 0.0342906713485718 -0.0374197885394096
vn 0.2871221067074031 4.6041897564584247 -4.2506401355338577
v 0.0027982590254396 0.0342413112521172 -0.0374594293534756
vn 0.0076535137020656 5.4140231621374841 -3.1468442587678487
v 0.0000000000000000 0.0377354584634304 -0.0329187512397766
vn 0.0088186675001367 5.6324335204485951 -2.7820233101520575
v 0.0000000000000000 0.0379474684596062 -0.0324894115328789
vn 0.3597246798190881 5.4718399671891493 -3.0382693682353223
v 0.0028459420427680 0.0378763601183891 -0.0325012803077698
vn 0.0102554662843960 5.6267468418097808 -2.7947236103486270
v 0.0000000000000000 0.0388207398355007 -0.0307218395173550
vn 0.3909572575294989 5.8902023740097915 -2.1081357489906329
v 0.0028721690177917 0.0395122691988945 -0.0289202891290188
vn 0.0109734117381378 5.9778713378164881 -1.9328074067039951
v 0.0000000000000000 0.0395638905465603 -0.0289063397794962
vn 0.0102494947566920 5.9800247081333833 -1.9251652275653823
v 0.0000000000000000 0.0401750802993774 -0.0270157996565104
vn 4.7257121056074309 4.1388245396487147 -0.0897994584033359
v 0.0300607606768608 0.0281502008438110 -0.0186249595135450
vn 4.7227530683237964 4.1416708244467548 -0.1014016933729954
v 0.0322178602218628 0.0256905499845743 -0.0186249595135450
vn 4.8642512687911834 3.9115120999646469 -0.5236190971661207
v 0.0321879312396049 0.0255180001258850 -0.0228445492684841
vn 4.9630363282925032 3.8229566073559749 -0.0960527282602030
v 0.0327258110046387 0.0251113101840019 -0.0186249595135450
vn 5.2238893718261608 3.4904582170706404 -0.0551932869072701
v 0.0341384410858154 0.0229972004890442 -0.0186249595135450
vn 5.1787391028814271 3.4927845012971641 -0.4866263300247995
v 0.0341458283364773 0.0228534303605556 -0.0228210594505072
vn 0.4169145435826798 6.1418909804893476 -1.1886069517912792
v 0.0028915998991579 0.0405710898339748 -0.0250552799552679
vn 0.0110806483440208 6.1833682592995869 -1.1115245477989633
v 0.0000000000000000 0.0406214483082294 -0.0250477101653814
vn 0.0082207544445838 6.1869675596376643 -1.0822751522661809
v 0.0000000000000000 0.0409892201423645 -0.0230020191520452
vn -0.0218623993278044 6.2718594198222837 -0.3084930678725576
v 0.0000000000000000 0.0411243997514248 -0.0208576899021864
vn 0.0162969604328016 6.2594526785844584 -0.1570717611189120
v 0.0000000000000000 0.0412499904632568 -0.0186249595135450
vn 0.4297117079405588 6.2663655617688612 -0.0831344349066657
v 0.0028979179915041 0.0410600304603577 -0.0186249595135450
vn -5.5162346296756741 2.5863095148163682 -1.4726676435820960
v -0.0367531701922417 0.0152928801253438 -0.0316162705421448
vn -5.4674428947567977 2.5720601942982668 -1.7117375094686609
v -0.0364864394068718 0.0142848398536444 -0.0339828692376614
vn -5.7011782063773975 2.0868264493331057 -1.5539387494624655
v -0.0378399416804314 0.0111560802906752 -0.0339835807681084
vn -5.3799684168150916 2.5589200239921976 -1.9493141233779228
v -0.0363415405154228 0.0137373199686408 -0.0352684184908867
vn -5.3013152810293702 2.5628333336240021 -2.1809055999261617
v -0.0360679589211941 0.0125041604042053 -0.0373850986361504
vn -5.5855700716916159 2.1008919603389811 -1.9152000013013768
v -0.0374020300805569 0.0094692111015320 -0.0374016091227531
vn -5.1951802235264433 2.5459205006405603 -2.4097810919753067
v -0.0359479710459709 0.0119636598974466 -0.0383127294480801
vn -5.1109907723819301 2.5200616214661196 -2.6369354059308119
v -0.0358464084565639 0.0114035001024604 -0.0390449687838554
vn -5.4676244314019931 2.1157725854163338 -2.2116861402421684
v -0.0371720083057880 0.0084321489557624 -0.0390741191804409
vn -5.6669604282575641 2.6293838847551636 -0.4959091539603798
v -0.0373441502451897 0.0171021204441786 -0.0232936106622219
vn -5.6636176409833521 2.6154360660519931 -0.7180571263708404
v -0.0371532402932644 0.0165660306811333 -0.0267027597874403
vn -5.8553299734936983 2.0998991265176588 -0.7699359301127814
v -0.0385355912148952 0.0132914697751403 -0.0266741495579481
vn -5.5999429656326640 2.6248991860025801 -1.0051157127770864
v -0.0370998904109001 0.0164164900779724 -0.0276537500321865
vn -5.5854260482156608 2.6016357929493878 -1.2117846106957253
v -0.0368567109107971 0.0156280305236578 -0.0304340701550245
vn -5.7936530448522277 2.0897763681467474 -1.1621083596253201
v -0.0382266603410244 0.0124170100316405 -0.0304157100617886
vn -4.2189806615842214 -4.6482583072583461 -0.0330811847476066
v -0.0277494695037603 -0.0304963495582342 -0.0224290397018194
vn -3.7877857185428905 -5.0006914146184185 -0.0461725134201502
v -0.0253101494163275 -0.0325512215495110 -0.0224133692681789
vn -4.1319188742312409 -4.7333576963396187 0.0147694912944067
v -0.0253536105155945 -0.0325133800506592 -0.0186249595135450
vn 1.5476277527793505 -6.0760012354931972 -0.3024710324532747
v 0.0103658996522427 -0.0395194217562675 -0.0373020693659782
vn 1.6086463845589161 -6.0640505550450667 -0.2036016132664967
v 0.0105940103530884 -0.0396181903779507 -0.0336259603500366
vn 1.1356125443262752 -6.1686484969708619 -0.2304961210776505
v 0.0075901150703430 -0.0402936898171902 -0.0336202904582024
vn -5.5011364049516995 1.1692882612234474 2.7942271748631935
v -0.0361875817179680 -0.0216814205050468 -0.0982974097132683
vn -5.5117876791427403 0.9369921784653428 2.8554814773717405
v -0.0362105295062065 -0.0211017094552517 -0.0985319018363953
vn -5.7601096294907101 0.6040563215779204 2.4266057244403529
v -0.0377388000488281 -0.0215478502213955 -0.1016430035233498
vn -5.7372200673006937 0.9635763156633167 2.3638412949570595
v -0.0377124510705471 -0.0222157202661037 -0.1013586968183517
vn -5.6972494522914818 1.3436295873227588 2.2728832028262076
v -0.0376825891435146 -0.0228313803672791 -0.1009832993149757
vn -5.4375037640277846 1.6556611986924812 2.6697438425262869
v -0.0361587405204773 -0.0222573801875114 -0.0979450270533562
vn -6.1145296302115320 0.0585694230579151 1.4088136292195177
v -0.0401607714593410 -0.0188797097653151 -0.1092270985245705
vn -4.0752644932465616 4.7110933463463045 0.8169252063891645
v -0.0366905294358730 -0.0246057491749525 -0.0955138802528381
vn -4.2631191486091558 4.5046460506089723 1.0014263097324689
v -0.0367140695452690 -0.0245581194758415 -0.0958630964159966
vn -4.5913854783815609 4.1700493300200678 0.9975325717831539
v -0.0374367199838161 -0.0249773804098368 -0.0972301289439201
vn -4.4252846410038824 4.3788459861833449 0.8403843877707635
v -0.0374116301536560 -0.0250295903533697 -0.0968626663088799
vn -4.2246081642306201 4.6031919237752126 0.6553731618905112
v -0.0373860001564026 -0.0250676199793816 -0.0964919328689575
vn -3.9046089350906996 4.8821790350780718 0.6202102334967400
v -0.0366663299500942 -0.0246396604925394 -0.0951615497469902
vn -3.0823016095315108 5.4699154656375661 -0.2163643955435689
v -0.0363963805139065 -0.0245459601283073 -0.0915992781519890
vn -2.8595417031319337 5.5850774616111618 -0.1308955528373505
v -0.0356202088296413 -0.0240802094340324 -0.0904993414878845
vn -2.8077465086656113 5.6070941068291953 -0.1430601849292587
v -0.0357277914881706 -0.0241670608520508 -0.0918505713343620
vn -4.3493458193201091 4.5023979984740361 -0.4810664730941158
v -0.0378345809876919 -0.0249709393829107 -0.0865579769015312
vn -3.7379160151712747 4.9839445705562619 -0.7492251791227688
v -0.0373724102973938 -0.0244665704667568 -0.0857325121760368
vn -3.8368253474780536 4.9457679677794868 -0.5090842358305502
v -0.0377013608813286 -0.0250990893691778 -0.0887961909174919
vn -5.3706036750545243 -0.2258284618327955 -3.2292996381652870
v -0.0353996716439724 -0.0203649401664734 -0.1397075951099396
vn -6.0029578060168198 -0.1511405473959073 -1.8151436820019529
v -0.0395190082490444 -0.0199149195104837 -0.1303357034921646
vn -5.5497210553993366 -2.7283199609529643 -0.9877849909894396
v -0.0393779203295708 -0.0313309393823147 -0.1223547980189323
vn -5.7290380835884793 -2.4261707953685563 -0.7322386273492418
v -0.0398027300834656 -0.0308956503868103 -0.1208603009581566
vn -5.8466743127938336 -2.0694472140757698 -0.8890633693991085
v -0.0398892089724541 -0.0302482191473246 -0.1220436021685600
vn -5.1920796431544298 -3.2705217774442428 -1.2493312652598223
v -0.0383301302790642 -0.0321676693856716 -0.1252879947423935
vn -5.3943669206220637 -3.0138277286864747 -1.0248451645419130
v -0.0388864204287529 -0.0317549109458923 -0.1238315030932426
vn -5.5662159865496879 -2.5983309350479589 -1.2262581672439334
v -0.0389840602874756 -0.0310636106878519 -0.1250842064619064
vn -4.8140935449075641 -3.7217187651889434 -1.4796567457046335
v -0.0370292589068413 -0.0329599902033806 -0.1281310021877289
vn -5.0287572176186490 -3.5060549246304289 -1.2832971388393193
v -0.0377105399966240 -0.0325692817568779 -0.1267219930887222
vn -5.2481093201038451 -3.0557726157727751 -1.5306315432098982
v -0.0378175303339958 -0.0318378210067749 -0.1280422955751419
vn -4.7750175661742649 -0.2554894322502853 -4.0553942868895199
v -0.0314423404633999 -0.0206251107156277 -0.1452406048774719
vn -3.4876847436832810 -5.2069442184865151 -0.0165584751098567
v -0.0369333587586880 -0.0343540310859680 -0.1180495992302895
vn -3.2420705589341221 -5.3604081499495226 0.1878453056496303
v -0.0366314016282558 -0.0345006510615349 -0.1151205971837044
vn -3.7882098358925025 -4.9844711343917236 0.2471650752689798
v -0.0379015207290649 -0.0335563383996487 -0.1128216013312340
vn -2.0351376784091033 -5.9340452339041496 -0.2216011336399047
v -0.0297856293618679 -0.0374851785600185 -0.1268447041511536
vn -2.2525758188850658 -5.8347336278046420 -0.4888936034178815
v -0.0301039796322584 -0.0371748208999634 -0.1303444951772690
vn -1.9910428848051440 -5.9160789005495404 -0.6003190885983472
v -0.0278329793363810 -0.0378123484551907 -0.1323422044515610
vn -3.3475323708363636 -5.2361470285521188 0.8722352562763032
v -0.0347443781793118 -0.0321338698267937 -0.0872764512896538
vn -3.8994093401134253 -4.8279508504055668 0.9328578089186881
v -0.0361215397715569 -0.0309629999101162 -0.0862808227539062
vn -3.7940245950087617 -4.9112606909335925 0.9018910018156825
v -0.0372586213052273 -0.0318961702287197 -0.0954669117927551
vn -5.8384457939285408 2.2984923102241712 0.2013491965642659
v -0.0386944413185120 -0.0263156797736883 -0.0886861607432365
vn -6.0279307632515282 1.7175884975722151 0.3335001745367699
v -0.0388110205531120 -0.0266022607684135 -0.0891131088137627
vn -6.0497055597592340 1.6515021913211663 0.3049681175526530
v -0.0380522012710571 -0.0252285003662109 -0.0820829197764397
vn -5.1653752669295105 3.5593307560993699 -0.2931825953770794
v -0.0370190106332302 -0.0230901204049587 -0.0776407718658447
vn -5.3560078443129608 3.2758726036833163 -0.1876788373954061
v -0.0371875092387199 -0.0233666300773621 -0.0778533816337585
vn -5.4486469207678230 3.1106192950597285 -0.1942264627367805
v -0.0368918702006340 -0.0226964298635721 -0.0748150274157524
vn -5.0047102401799055 3.7773385499207381 -0.3436673358467782
v -0.0373415313661098 -0.0238062702119350 -0.0806767269968987
vn -5.2488347076550035 3.4400462920289478 -0.2238072708488959
v -0.0375168882310390 -0.0240768697112799 -0.0809562206268311
vn -5.8954392931024744 2.1527749306211308 0.1812856478413859
v -0.0379449687898159 -0.0249286200851202 -0.0818016529083252
vn -6.0835283439192063 1.5383263600793233 0.2545083911456533
v -0.0373856388032436 -0.0239157602190971 -0.0754190608859062
vn -5.9565184838985248 1.7708901625174325 -0.8858625632916379
v -0.0365156494081020 -0.0209788605570793 -0.0649538636207581
vn -5.6966926090670773 2.3041058751604053 -1.2898956965473076
v -0.0362643487751484 -0.0202851202338934 -0.0649792477488518
vn -5.7192749313683686 2.3995668272485098 -0.9654419765246396
v -0.0362839102745056 -0.0205947700887918 -0.0655715987086296
vn -5.5235239823541358 -2.7107100344947135 1.2255030687537256
v -0.0360839292407036 -0.0265089198946953 -0.0654402300715446
vn -5.8567791828951155 -1.9751325051398514 1.0552583867913321
v -0.0364894792437553 -0.0255439803004265 -0.0654575228691101
vn -5.8490153119440880 -2.0331179765084149 0.8429617178627801
v -0.0365372300148010 -0.0257691107690334 -0.0661104917526245
vn -2.7276813354066958 -5.6381973865749941 0.4671536532480296
v -0.0296729803085327 -0.0332476384937763 -0.0745567008852959
vn -3.1233419804902254 -5.4203709471879353 0.5522817459091132
v -0.0315077900886536 -0.0322523713111877 -0.0742445513606071
vn -3.0292697063387983 -5.4575830459999723 0.6863244061250818
v -0.0319759212434292 -0.0324851796030998 -0.0787497088313103
vn -3.8406816776460357 -4.9103558713068045 0.7688159150061546
v -0.0344186984002590 -0.0307868104428053 -0.0779571533203125
vn -3.4707164258119980 -5.1820174372193009 0.7337148377117144
v -0.0336460992693901 -0.0313915014266968 -0.0782250687479973
vn -3.6959740975480249 -5.0482511724158128 0.5312592997269081
v -0.0328949615359306 -0.0308836605399847 -0.0697717592120171
vn -2.2721528319791027 -0.3012616889681681 -5.8330514052073852
v -0.0150490403175354 -0.0211722198873758 -0.1569634974002838
vn -3.6318842196881400 -0.2872284458917527 -5.1008528472813639
v -0.0239674393087626 -0.0209459606558084 -0.1521220952272415
vn -0.7755858253624187 -0.2209710728041403 -6.2192627423952684
v -0.0052042598836124 -0.0212915502488613 -0.1594810932874680
vn 1.7905943539508240 -0.2229300203521321 -6.0067316509937099
v 0.0116316601634026 -0.0212274100631475 -0.1581345051527023
vn 0.2570138876986565 -0.2242288193357379 -6.2626492828725038
v 0.0015927549684420 -0.0213059093803167 -0.1597805023193359
vn 3.2032754973507211 -0.2917223757554990 -5.3795136496895459
v 0.0209412500262260 -0.0210376903414726 -0.1540911942720413
vn -3.8512562479889878 3.4036476353585439 -3.6015314584908036
v -0.0336682200431824 -0.0119200302287936 -0.0598299987614155
vn -3.8780168184967354 3.5378164092172528 -3.4236629366716467
v -0.0336200483143330 -0.0126953702419996 -0.0606857500970364
vn -4.4810164610988767 3.1267088278381223 -3.0820256777709889
v -0.0348711013793945 -0.0142588596791029 -0.0606552883982658
vn -5.0652408799248034 3.0265790336718004 -2.1556843621029964
v -0.0355967208743095 -0.0182778201997280 -0.0639582797884941
vn -5.1221086213878442 3.1117105950855253 -1.8773171078666517
v -0.0355919003486633 -0.0189833603799343 -0.0650281906127930
vn -5.4125408756207785 2.7427827462082051 -1.6168552368210494
v -0.0359554812312126 -0.0196227394044399 -0.0650041624903679
vn -5.8728612232445849 -2.0453934042573048 0.8788676292391028
v -0.0364558100700378 -0.0248129293322563 -0.0637670680880547
vn -5.9471633008953138 -1.9058623268364201 0.6405331260824380
v -0.0365033708512783 -0.0242683794349432 -0.0627267882227898
vn -6.0939672333138377 -1.4482365536252066 0.4603181540424101
v -0.0366459414362907 -0.0237488094717264 -0.0627347826957703
vn -3.8375101132232086 3.0487934890505999 -3.9206234569528515
v -0.0338615104556084 -0.0083897113800049 -0.0566124282777309
vn -3.8190403137384017 3.2282603166458452 -3.7714689287677268
v -0.0337583385407925 -0.0102741103619337 -0.0583298802375793
vn -4.4972162247879242 2.8899171323998747 -3.2802484898838431
v -0.0350296385586262 -0.0120023395866156 -0.0582875013351440
vn -5.4099832113370567 -2.9618797912362576 1.1603875496389635
v -0.0356463715434074 -0.0246887803077698 -0.0583103783428669
vn -5.1548815458678581 -3.3539998507524986 1.2559936193680037
v -0.0350577197968960 -0.0256707593798637 -0.0583117008209229
vn -5.3268839311056349 -3.0570719532042783 1.3068864230228308
v -0.0353434607386589 -0.0242486502975225 -0.0559906288981438
vn -1.9086756035662218 -5.9764600577230169 0.2299902565331562
v -0.0210471693426371 -0.0358775183558464 -0.0624831914901733
vn -2.2565564799620486 -5.8391899762332624 0.5151305203709329
v -0.0231776796281338 -0.0351335406303406 -0.0625033900141716
vn -2.1585722729655821 -5.8714832737980434 0.5191242126206690
v -0.0230071507394314 -0.0352894589304924 -0.0634766221046448
vn -4.5370810754944522 -4.0940780127809679 1.4003050484868305
v -0.0336736403405666 -0.0275052096694708 -0.0583141408860683
vn -4.3080494472138868 -4.3627107675526844 1.3331958831537776
v -0.0332500897347927 -0.0286521892994642 -0.0605930611491203
vn -3.8912391161636997 -4.7534725117011227 1.2672990960452544
v -0.0315820500254631 -0.0301713906228542 -0.0605868585407734
vn -6.2108079045877584 0.1351652728060454 -0.9209262552151940
v -0.0382030010223389 -0.0092332949861884 -0.0475654602050781
vn -6.1464591566827131 0.4570157455176399 -1.1921487012830903
v -0.0381353385746479 -0.0078047509305179 -0.0475656315684319
vn -6.1441156812924262 0.5720145224168939 -1.1623500350311877
v -0.0376400910317898 -0.0113550396636128 -0.0515940710902214
vn -4.3910647850711477 2.6260174553797739 -3.6356854174422519
v -0.0349072813987732 -0.0030195710714906 -0.0515938885509968
vn -4.7198406669115283 2.4036389859501384 -3.3739293435029181
v -0.0355158410966396 -0.0041375160217285 -0.0515941306948662
vn -4.7754069341000189 2.3627571661535436 -3.3034853330680991
v -0.0357314907014370 -0.0016538499621674 -0.0495314002037048
vn -5.0440308696136293 2.1895511438927389 -3.0300199092339479
v -0.0360565111041069 -0.0052834148518741 -0.0515943095088005
vn -2.3359765886115116 -5.8256916290343730 0.1835248553885199
v -0.0188594404608011 -0.0360973402857780 -0.0515998601913452
vn -2.7204964412101589 -5.6598906238768762 -0.0517783447044983
v -0.0197189394384623 -0.0356612801551819 -0.0475669987499714
vn -3.0566070857481824 -5.4840717454923888 0.1446626183022331
v -0.0221152901649475 -0.0344130918383598 -0.0475667081773281
vn -0.5368537906036929 -6.2383870653422555 -0.4960115768573913
v -0.0041452050209045 -0.0398431383073330 -0.0475689098238945
vn -0.8925276820814340 -6.2010393659307521 -0.4516409739841084
v -0.0068317651748657 -0.0395326018333435 -0.0475687310099602
vn -0.6252501788800180 -6.2393761429000278 -0.3857512764475011
v -0.0061403508298099 -0.0390095114707947 -0.0559999905526638
vn 5.0928997862218131 -0.2422803593629575 -3.6498446724100333
v 0.0334045812487602 -0.0205077491700649 -0.1427372992038727
vn 4.0382126089525432 -0.2779654674151136 -4.7871064085981372
v 0.0264745894819498 -0.0208554193377495 -0.1501796990633011
vn 1.5235649332082994 -6.0848606868163326 -0.2793392009889748
v 0.0249318405985832 -0.0387484990060329 -0.1305605024099350
vn 1.3839189488994528 -6.1244887999682218 -0.0443378502507268
v 0.0246148705482483 -0.0389224812388420 -0.1268665939569473
vn 1.1869065832838994 -6.1660000148770120 -0.0628655068876219
v 0.0220507308840752 -0.0394433699548244 -0.1283255070447922
vn 1.1518226730554433 -6.1611550645459765 0.4071703817074844
v 0.0232015196233988 -0.0387424789369106 -0.1126497015357018
vn 1.2498018408375744 -6.1504858239296913 0.2014589337979161
v 0.0239311996847391 -0.0389748811721802 -0.1196407973766327
vn 1.4481707238785135 -6.1054883464610956 0.2236575383447656
v 0.0263219401240349 -0.0384029112756252 -0.1182333976030350
vn 5.8372022056430026 -0.1835919726254505 -2.2878514770052267
v 0.0383223183453083 -0.0200823508203030 -0.1337839066982269
vn 2.0670215790180109 -5.9178080642566835 0.3447325414545759
v 0.0255971495062113 -0.0349465608596802 -0.0751589536666870
vn 2.0884710509697260 -5.9192376083305289 0.2109979708118882
v 0.0251986905932426 -0.0348655506968498 -0.0702937170863152
vn 1.6407633487595839 -6.0607259560302529 0.1189085330491445
v 0.0209951903671026 -0.0361847206950188 -0.0705123469233513
vn 2.4852945842276144 -5.7637600902668398 0.2116997254604084
v 0.0272226296365261 -0.0340688191354275 -0.0701737925410271
vn 6.2692447978617318 -0.0114903280439651 0.2833474949038953
v 0.0412022396922112 -0.0192367397248745 -0.1168838962912560
vn 6.2251161710052871 -0.0964425518532884 -0.7785158770636273
v 0.0408999286592007 -0.0195910297334194 -0.1238254979252815
vn 4.7850680097771070 -4.0393539340240441 -0.3038330560311929
v 0.0390034914016724 -0.0325766205787659 -0.1186141967773438
vn 4.5259624525989972 -4.3235574821809983 -0.3747249414272590
v 0.0384854003787041 -0.0330406986176968 -0.1199778020381927
vn 4.8080372866938861 -3.9765775552272622 -0.5996369367487098
v 0.0386022292077541 -0.0327500700950623 -0.1213586032390594
vn 5.5431963019665682 -2.9020496215844318 0.3264345754840022
v 0.0401220284402370 -0.0308840796351433 -0.1093852967023849
vn 5.3583014966025502 -3.2156212660484051 0.4667832074021031
v 0.0399236008524895 -0.0309413596987724 -0.1069822013378143
vn 5.0287093089909591 -3.7078977447235588 0.4297979675832778
v 0.0396475084125996 -0.0315187498927116 -0.1082016006112099
vn 5.4307829945350390 2.7874395139849630 1.4799397219837747
v 0.0382826887071133 -0.0250531993806362 -0.1003533974289894
vn 5.2144878470150786 3.1226671784827387 1.5809528873133485
v 0.0376180410385132 -0.0246472302824259 -0.0988398119807243
vn 4.9506736711439441 3.6363076379736885 1.3067636114944039
v 0.0375720188021660 -0.0248807594180107 -0.0981339812278748
vn 6.1964161469939558 0.8737848161870788 0.4918524993835078
v 0.0400465093553066 -0.0282993894070387 -0.1013218984007835
vn 6.1005558870886896 1.4119735118582712 0.4659110769782228
v 0.0399444103240967 -0.0280300900340080 -0.1006582006812096
vn 6.0817888598843881 1.4949697030954763 0.4267976998547989
v 0.0395961888134480 -0.0277545396238565 -0.0967377424240112
vn 5.7283966299516926 2.5156307069767747 0.5709576143876615
v 0.0398096404969692 -0.0272729899734259 -0.1024039015173912
vn 5.5435636184806576 2.9066356492728267 0.5417749062377736
v 0.0396188385784626 -0.0270287301391363 -0.1016492024064064
vn 5.4113178136995881 3.1666167525242561 0.4016132900989666
v 0.0394763909280300 -0.0270516201853752 -0.0998060107231140
vn 4.5023020745033691 4.3821430953727543 0.0258386654559934
v 0.0387384183704853 -0.0263571105897427 -0.0949292108416557
vn 4.7395584851147170 4.1195021270746643 0.1757917052571318
v 0.0388930998742580 -0.0264897905290127 -0.0966512486338615
vn 4.3220295348651483 4.5566951078831899 0.0903513539945200
v 0.0383881889283657 -0.0260019302368164 -0.0953531190752983
vn 4.2617546002817353 4.6101389582312997 0.2275341938595704
v 0.0382453203201294 -0.0258433204144239 -0.0963397622108459
vn 3.9635791342135129 4.8716961673970092 0.1640690172899458
v 0.0379472896456718 -0.0256097894161940 -0.0956774875521660
vn 3.8240331793103661 4.9826122655057601 -0.0563336642663209
v 0.0378168188035488 -0.0255252700299025 -0.0940968319773674
vn 3.5092865247454825 -5.1219385995739684 0.9469895648702207
v 0.0271768495440483 -0.0318963490426540 -0.0537351295351982
vn 3.2435999410955505 -5.2988636279010608 0.9177112277795183
v 0.0267189703881741 -0.0326061211526394 -0.0559996888041496
vn 3.6122151327673278 -5.0174563669528069 1.0994857940938338
v 0.0287300907075405 -0.0312746688723564 -0.0559984408318996
vn 2.8630419990253713 -5.5628514817199992 0.5729184701004379
v 0.0228803697973490 -0.0344153605401516 -0.0537346601486206
vn 2.5397751298834952 -5.7217979753888732 0.5020662380268867
v 0.0224313102662563 -0.0348520800471306 -0.0560013614594936
vn 2.8938733285826137 -5.5269335160402733 0.7258061636767497
v 0.0246134903281927 -0.0337958298623562 -0.0560006387531757
vn 3.8794484035720509 -4.8097983842108736 1.1205850744949202
v 0.0291741993278265 -0.0304144602268934 -0.0537353083491325
vn 4.0861200750057964 -4.6434406358999141 1.0854230358062793
v 0.0296176597476006 -0.0295382104814053 -0.0515970513224602
vn 3.7430948105085369 -4.9556371185494790 0.9287398578233661
v 0.0276366993784904 -0.0311676803976297 -0.0515975914895535
vn 5.1665364017838700 -3.3412228442653022 1.2563874081387669
v 0.0354790613055229 -0.0268745403736830 -0.0637233182787895
vn 5.1353920571245899 -3.3513686931283027 1.3269747849517635
v 0.0354627296328545 -0.0273277107626200 -0.0647909566760063
vn 5.5128234895890085 -2.7585607116194044 1.1634825114579015
v 0.0359971486032009 -0.0264100395143032 -0.0648121833801270
vn 4.7779625740462990 -3.8233012453745099 1.3912945814942093
v 0.0348328314721584 -0.0281891804188490 -0.0647699832916260
vn 6.0669434940165301 -1.5402398502067147 0.5170817695891115
v 0.0366122089326382 -0.0238842293620110 -0.0627326890826225
vn 5.8939740555835538 -2.0221942070234715 0.7630235600626073
v 0.0364609286189079 -0.0244018994271755 -0.0627247020602226
vn 5.8050456461864126 -2.1604415276650761 1.0135789703165490
v 0.0364165306091309 -0.0254398491233587 -0.0648335218429565
vn 6.2377863895244108 0.1012886801777328 -0.7206494092234285
v 0.0377177000045776 -0.0127807203680277 -0.0515940710902214
vn 6.1607819021148362 0.5169169530305483 -1.1023726332246842
v 0.0376544483006001 -0.0115181198343635 -0.0515940710902214
vn 6.1504534378413691 0.4318526361541697 -1.1942363420086963
v 0.0381489917635918 -0.0079906582832336 -0.0475655682384968
vn 4.5324887189858485 4.0512720077225639 1.5796809893544208
v 0.0361160002648830 -0.0239618401974440 -0.0957252904772758
vn 4.7347163444927185 3.7099627843451657 1.8079789030129496
v 0.0361361987888813 -0.0238508507609367 -0.0960407778620720
vn 4.4417432485902353 4.0320561505714281 1.8430610500517119
v 0.0343632102012634 -0.0230817105621099 -0.0933354422450066
vn 3.3401048795880985 5.0959969412095534 -1.5270393549372021
v 0.0330548807978630 -0.0181884095072746 -0.0706695914268494
vn 2.9440638116179247 5.2512247851282181 -1.7833754708329823
v 0.0322204194962978 -0.0176237206906080 -0.0705099701881409
vn 3.2367808554389632 5.0910694454210095 -1.7370844916781811
v 0.0320975705981255 -0.0168245397508144 -0.0683392807841301
vn 2.7362449446704273 4.4007286301327921 -3.5511140950472266
v 0.0302523300051689 -0.0146788302809000 -0.0659832879900932
vn 2.7218029979286484 4.4059483377589777 -3.5527921901952566
v 0.0302452407777309 -0.0144624095410109 -0.0657333135604858
vn 2.9629977153710767 4.3818736407418637 -3.3766928426517429
v 0.0311405602842569 -0.0150265004485846 -0.0657202601432800
vn 0.0233034390035573 1.0458618006682501 6.1810621908930985
v 0.0000000000000000 -0.0084911575540900 -0.0773342177271843
vn 0.0170092576422357 1.5598246010596650 6.0814293317388266
v 0.0000000000000000 -0.0086693158373237 -0.0772883221507072
vn 0.4994299188021014 1.4182871628734426 6.0940247046018090
v 0.0027461049612612 -0.0087599754333496 -0.0773894712328911
vn 0.0005789278090333 5.1716668109842594 3.5606373029219966
v 0.0000000000000000 -0.0105193201452494 -0.0759561583399773
vn 0.5008075876227689 5.2340363090715334 3.4321632408048912
v 0.0026853680610657 -0.0106230303645134 -0.0760252997279167
vn 1.5022349211661290 5.8645159878670103 -1.6647854025608613
v 0.0153749501332641 -0.0135010397061706 -0.0735634490847588
vn 1.7472125053060141 5.9314431868319328 -1.0795082136029450
v 0.0154365804046392 -0.0137774301692843 -0.0746565386652946
vn 1.5547939649466356 6.0283925376801024 -0.7859609014000146
v 0.0129516702145338 -0.0130313597619534 -0.0742499828338623
vn -0.0119673772366705 5.1919938675658353 -3.5144039816255610
v 0.0000000000000000 -0.0094178905710578 -0.0677018091082573
vn 0.0009977100197327 4.9076805377293429 -3.9204487943953215
v 0.0000000000000000 -0.0092487931251526 -0.0674899816513062
vn 0.3221423458594032 5.1092208581530087 -3.6312010579116807
v 0.0052801370620728 -0.0094230165705085 -0.0674948021769524
vn 1.7874964234493464 4.9212542878583623 -3.4290164707922268
v 0.0242504402995110 -0.0121442601084709 -0.0663254782557487
vn 1.6248245904791503 4.4987564836261429 -4.0717127390135186
v 0.0242433492094278 -0.0112014999613166 -0.0652376413345337
vn 1.9465403796586711 4.4644536958861911 -3.9672905853529912
v 0.0263445898890495 -0.0120332203805447 -0.0652236863970757
vn 1.5901844364382209 4.2422103891541578 -4.3500031692787058
v 0.0242921095341444 -0.0090966215357184 -0.0630146190524101
vn 0.5318972716424547 4.1217648327527687 -4.7064219325156946
v 0.0104658603668213 -0.0057299728505313 -0.0629866123199463
vn 0.5374301767674614 3.6955539168098142 -5.0499374217852884
v 0.0104705002158880 -0.0027819869574159 -0.0606544017791748
vn 0.8478803139068616 3.7603383335641238 -4.9585962857755588
v 0.0152907297015190 -0.0036653280258179 -0.0606607086956501
vn 0.2591205750832777 4.0935862834539831 -4.7525861987490261
v 0.0052799577824771 -0.0052318568341434 -0.0629749819636345
vn 0.2924418948368539 4.6078076889727129 -4.2487059226296475
v 0.0052810311317444 -0.0076224799267948 -0.0652592703700066
vn 0.0065895592222037 4.6097169088539278 -4.2533630455762390
v 0.0000000000000000 -0.0074672098271549 -0.0652581378817558
vn 5.5625846583929404 0.3138399097570054 2.8974488923242228
v 0.0363630615174770 -0.0198071002960205 -0.0990699529647827
vn 5.2955912974603319 0.3608237960038507 3.3551348748064602
v 0.0346234999597073 -0.0194406490772963 -0.0961202904582024
vn 5.7419235331411436 0.0995806464141167 2.5392572657324615
v 0.0363864786922932 -0.0184091906994581 -0.0991917774081230
vn 5.7766380211905854 0.0856217224119722 2.4550144506480582
v 0.0378974005579948 -0.0185636803507805 -0.1023340970277786
vn -0.0245601393519171 3.0576388039512765 -5.4884151873627758
v 0.0000000000000000 0.0093783726915717 -0.0537967011332512
vn 0.1438396603593327 3.0043383144482276 -5.5147536301124571
v 0.0026625990867615 0.0134005500003695 -0.0515755414962769
vn 0.2892304691797282 3.0409149431584903 -5.4896761319872347
v 0.0053262109868228 0.0132009303197265 -0.0515760108828545
vn 0.1774547768310298 3.1990589985547357 -5.4005956949016181
v 0.0026937720831484 0.0206072293221951 -0.0475524589419365
vn 0.2599138081465863 3.6522458954133881 -5.1031257885967580
v 0.0052798390388489 -0.0022235510405153 -0.0606492683291435
vn 0.0248223373242220 3.5431999797451925 -5.1854080352903598
v 0.0000000000000000 -0.0013360379962251 -0.0601631402969360
vn 0.2741876230434581 3.3198300098153677 -5.3262281030866072
v 0.0052837720140815 0.0013092160224915 -0.0583165809512138
vn -0.0022089356754316 3.3465578305306556 -5.3156816374118456
v 0.0000000000000000 0.0015379190444946 -0.0583513304591179
vn 0.2515772146031360 3.1214809626464008 -5.4464669138076713
v 0.0052929520606995 0.0051818490028381 -0.0560091696679592
vn -0.0290375327884475 3.2379492335296645 -5.3833553010608535
v 0.0000000000000000 0.0033366680145264 -0.0572174713015556
vn -0.0065074714579358 3.0851780007108918 -5.4713360412773051
v 0.0000000000000000 0.0054234862327576 -0.0560359284281731
vn 0.0081731770196990 4.3089517915331905 -4.5705269234404984
v 0.0000000000000000 -0.0050521488301456 -0.0629844591021538
vn 0.0175556792186339 4.0274713575615468 -4.8138888538810640
v 0.0000000000000000 -0.0048053860664368 -0.0627521201968193
vn 0.0142558999004471 3.7652008283503164 -5.0276748557795994
v 0.0000000000000000 -0.0020183920860291 -0.0606723390519619
vn 0.5507770527293654 4.5317665902000464 -4.3124629105650447
v 0.0104632303118706 -0.0080858459696174 -0.0652617216110229
vn 0.8375342678335309 4.1628084891653510 -4.6265409631697541
v 0.0152393495664001 -0.0065068001858890 -0.0629997774958611
vn 3.0475967613710044 3.0852353718918821 -4.5343477592920429
v 0.0296944305300713 0.0094407200813293 -0.0475656315684319
vn 2.6919389299970016 3.1006005170476763 -4.7498012277557162
v 0.0292317196726799 0.0037041900213808 -0.0515913292765617
vn 2.6421712734994620 3.1651651784377948 -4.7313348191550570
v 0.0276663303375244 0.0112737398594618 -0.0475644990801811
vn 2.2902920661384112 3.1202434466362252 -4.9459467268241877
v 0.0272112991660833 0.0053105950355530 -0.0515898391604424
vn 2.2828675885625285 3.2041887112119793 -4.8906133343404132
v 0.0255067292600870 0.0129372403025627 -0.0475632511079311
vn 1.9597387034831604 3.1292421116867359 -5.0812722907985099
v 0.0250702500343323 0.0067607159726322 -0.0515881702303886
vn 1.9609886484431254 3.2237352744421983 -5.0167251994460953
v 0.0232349596917629 0.0144327199086547 -0.0475618205964565
vn 1.6720376256475318 3.1260967601398777 -5.1855233486308876
v 0.0228289905935526 0.0080582490190864 -0.0515863783657551
vn 1.6714574458019757 3.2307587923277605 -5.1167646925798174
v 0.0208663903176785 0.0157626196742058 -0.0475602708756924
vn 1.4186591861021296 3.1164880079703670 -5.2665938670836328
v 0.0205028001219034 0.0092074265703559 -0.0515846014022827
vn 1.4092583128399665 3.2300615470574225 -5.1960636765157195
v 0.0184152703732252 0.0169294998049736 -0.0475587807595730
vn 1.1929668049260775 3.1039048260287188 -5.3298945856213376
v 0.0181057993322611 0.0102124800905585 -0.0515828095376492
vn 1.1692112993307862 3.2250245340054149 -5.2587784913030369
v 0.0158934500068426 0.0179358106106520 -0.0475573502480984
vn 0.9891508003904461 3.0906387543200458 -5.3793055125066367
v 0.0156497899442911 0.0110770398750901 -0.0515811406075954
vn 0.9474697376562258 3.2179220348548179 -5.3078361130575242
v 0.0133113199844956 0.0187835600227118 -0.0475560389459133
vn 0.8023670309120052 3.0780485844539345 -5.4176346684542080
v 0.0131445499137044 0.0118046896532178 -0.0515795908868313
vn 0.7406679273844919 3.2103963129935238 -5.3453603912716927
v 0.0106890704482794 0.0194722991436720 -0.0475547909736633
vn 4.7409534874553669 2.4086792042764396 -3.3367152333964376
v 0.0354329906404018 0.0016942620277405 -0.0475668907165527
vn 4.2868039541765253 2.6191288007928772 -3.7507112162119616
v 0.0345346890389919 0.0005643100012094 -0.0495304986834526
vn 4.4130965621756184 2.6093900953651139 -3.6158217405389421
v 0.0347652398049831 0.0029301641043276 -0.0475667081773281
vn 3.7836627512813710 2.8291270655620182 -4.1206038918277148
v 0.0330352112650871 0.0027803180273622 -0.0495299585163593
vn 3.9611856748570244 2.8141867053641065 -3.9634530432363246
v 0.0332696996629238 0.0052649970166385 -0.0475667715072632
vn 3.1904913060928140 3.0504567312565349 -4.4456315342323984
v 0.0313329584896564 0.0048364400863647 -0.0495287701487541
vn 3.4560267096206267 2.9747107128108716 -4.3041974231035471
v 0.0315703712403774 0.0074369311332703 -0.0475664101541042
vn 3.1309162089597118 3.0261152810573817 -4.5215613359514402
v 0.0311095099896193 0.0019377470016479 -0.0515924617648125
vn 3.6432342624982841 2.9054455417964755 -4.2025245791605670
v 0.0328175984323025 0.0000116818000606 -0.0515932403504848
vn 4.1118664953808279 2.7397507625785487 -3.8744876216854656
v 0.0343244597315788 -0.0020701880566776 -0.0515935383737087
vn 3.8388277243720079 2.9974243052128768 -3.9656905180751538
v 0.0339944884181023 -0.0077213039621711 -0.0559654794633389
vn 3.3129836898513290 3.1431905084474834 -4.3111970091993443
v 0.0324614606797695 -0.0059342980384827 -0.0559629201889038
vn 2.8109117531226233 3.2288918321918461 -4.5963289800081357
v 0.0307326298207045 -0.0042918319813907 -0.0559624396264553
vn 2.3913883654377361 3.2629602750152533 -4.8054817384132935
v 0.0288440492004156 -0.0027940860018134 -0.0559639893472195
vn 2.0389772391027421 3.2685067580259464 -4.9619134033827628
v 0.0268249493092299 -0.0014386769616976 -0.0559670887887478
vn 1.7406992372146646 3.2584710702679018 -5.0808918286911808
v 0.0246968194842339 -0.0002199570008088 -0.0559713207185268
vn 1.4845305415644576 3.2406972511101020 -5.1728876345964956
v 0.0224801301956177 0.0008676639990881 -0.0559763312339783
vn 1.2606798940055683 3.2199761572436527 -5.2448606198045225
v 0.0201900601387024 0.0018287299899384 -0.0559816882014275
vn 1.0514982302583151 3.1854637200146549 -5.3119661542977177
v 0.0178404394537210 0.0026679630391300 -0.0559871718287468
vn 0.8883370866223613 3.1724998528835537 -5.3493525739272991
v 0.0154435001313686 0.0033891201019287 -0.0559925399720669
vn 3.2880991194255622 3.4186698483234559 -4.1158310890034313
v 0.0323085114359856 -0.0087792873382568 -0.0582835599780083
vn 3.2890707835881408 3.7016508009679692 -3.8619017834066245
v 0.0321559309959412 -0.0113019896671176 -0.0606667287647724
vn 2.7873416514323575 3.5179037103674711 -4.3932062562664509
v 0.0305706206709146 -0.0072750439867377 -0.0582826696336269
vn 2.7825450539933643 3.8305035699016639 -4.1264663548753662
v 0.0304148104041815 -0.0099226832389832 -0.0606711506843567
vn 2.3689825158356914 3.5572687873867213 -4.6021419385438058
v 0.0286782290786505 -0.0059095621109009 -0.0582832582294941
vn 2.3579670023453394 3.8889484088356734 -4.3311735834837366
v 0.0285241007804871 -0.0086798071861267 -0.0606731697916985
vn 2.0173290004745978 3.5620058625280793 -4.7632556668238824
v 0.0266607906669378 -0.0046776528470218 -0.0582852885127068
vn 1.9998645391187420 3.9043787457094465 -4.4940734515551206
v 0.0265126191079617 -0.0075650811195374 -0.0606734082102776
vn 1.7187110869287348 3.5467752220909943 -4.8901293679111424
v 0.0245395302772522 -0.0035727620124817 -0.0582882687449455
vn 1.6161079958984059 3.8855057763336580 -4.6613802890163969
v 0.0244004093110561 -0.0065705180168152 -0.0606723390519619
vn 1.4419797488888471 3.5015918126728387 -5.0115519931813450
v 0.0223339200019836 -0.0025886890944093 -0.0582919716835022
vn 1.2011966452575136 3.8231716276729966 -4.8357155851348379
v 0.0199472308158875 -0.0049132700078189 -0.0606672093272209
vn 1.1827256141821980 3.4658774148163403 -5.1033030270228377
v 0.0200596395879984 -0.0017203090246767 -0.0582959614694118
vn 0.8635607634227255 3.4013742737961037 -5.2097907542535804
v 0.0153598701581359 -0.0003139280015603 -0.0583040118217468
vn 0.5510847475491285 3.3529863227110113 -5.2834476034400906
v 0.0104839196428657 0.0006856480031274 -0.0583112798631191
vn 2.7746250521667553 4.1143097108458440 -3.8493691149487894
v 0.0302858296781778 -0.0121447397395968 -0.0629882812500000
vn 2.5267833837178371 4.4076021281153919 -3.6950557015366821
v 0.0293090306222439 -0.0134831601753831 -0.0651925802230835
vn 2.3440139326843354 4.1904642454775543 -4.0490607511169454
v 0.0283993408083916 -0.0110076004639268 -0.0630031228065491
vn 2.2697016981631819 4.4424847124905913 -3.8176083926021218
v 0.0283487997949123 -0.0129714002832770 -0.0652045011520386
vn 1.9801350751022868 4.2206811308093295 -4.2089459891484697
v 0.0263951998203993 -0.0099948644638062 -0.0630114004015923
vn 3.3101441874060282 3.9542541281454247 -3.5826047120645406
v 0.0320265814661980 -0.0134178400039673 -0.0629655718803406
vn 0.8579604043999097 4.5194037749109661 -4.2764506988035258
v 0.0152117600664496 -0.0088042020797729 -0.0652609393000603
vn 1.2136619426403157 4.2046327320037040 -4.5042214318352833
v 0.0198611002415419 -0.0076119890436530 -0.0630106925964355
vn 1.2095522245653858 4.5172331144127531 -4.1930413430290621
v 0.0198187194764614 -0.0098268380388618 -0.0652540922164917
vn -0.0030709076920873 5.4717387595829541 -3.0842968299405271
v 0.0000000000000000 -0.0099107623100281 -0.0685706064105034
vn 0.2869003346601492 5.4453894165947023 -3.1147798099668416
v 0.0052788848988712 -0.0101122204214334 -0.0685888528823853
vn 0.3184968742464249 5.6779177524660023 -2.6613946416014889
v 0.0052775740623474 -0.0106663098558784 -0.0696518421173096
vn 0.0065188065892975 5.6838441533124868 -2.6521277413540973
v 0.0000000000000000 -0.0104830795899034 -0.0695959925651550
vn -0.0031082797541875 5.8706921274756310 -2.2297273021502808
v 0.0000000000000000 -0.0108684804290533 -0.0706136226654053
vn 0.4652511984624254 6.0913052730924759 -1.4383222128113560
v 0.0052779908291996 -0.0113837104290724 -0.0716719031333923
vn 0.2119213261594037 6.1589096471962970 -1.2147207196815908
v 0.0026336309965700 -0.0112187797203660 -0.0716019198298454
vn 0.4003600601470987 5.9117600817801446 -2.0737558768656479
v 0.0052770972251892 -0.0110891396179795 -0.0706803724169731
vn -0.0401827837227335 6.1456310212598346 -1.2903673597397192
v 0.0000000000000000 -0.0111407004296780 -0.0715827271342278
vn -0.0178260669324409 6.0199643912993546 -1.7568038765043021
v 0.0000000000000000 -0.0110231004655361 -0.0710218474268913
vn 0.3205873722404372 6.2595805076852962 0.2449438274756161
v 0.0026466250419617 -0.0113961603492498 -0.0734277293086052
vn 0.2670911033617833 6.2403142713705844 -0.5930103004868050
v 0.0026393530424684 -0.0113691603764892 -0.0725381299853325
vn 0.5436559115817940 6.2095425372555830 -0.7169827741469221
v 0.0052807331085205 -0.0115529801696539 -0.0726228281855583
vn 0.6003092792399748 5.2637204623939970 -3.3692999236263610
v 0.0104564996436238 -0.0098947882652283 -0.0675463601946831
vn 1.0384434417091613 5.5258616723871024 -2.7907815237115412
v 0.0152500802651048 -0.0120674902573228 -0.0701101422309875
vn 0.8694021846126522 5.7551517907194611 -2.3544212762089516
v 0.0128870001062751 -0.0121157104149461 -0.0710747167468071
vn 0.8340837050953431 5.5380182999153584 -2.8387413001572015
v 0.0128784701228142 -0.0115957204252481 -0.0699481293559074
vn 0.7449808702882250 5.8114733782475527 -2.2581856628557126
v 0.0104421898722649 -0.0116786900907755 -0.0709028765559196
vn 0.6261486253484302 5.5731258085263784 -2.8194102473357434
v 0.0104458900168538 -0.0112027497962117 -0.0698196813464165
vn 0.6788146027125346 6.0673620082510942 -1.4736967010197579
v 0.0078943958505988 -0.0116574699059129 -0.0717880129814148
vn 0.9077258772615592 5.9616202187326754 -1.7456605282212438
v 0.0104414802044630 -0.0120387598872185 -0.0719503089785576
vn 1.0666042317147033 5.8604157461972930 -1.9776518415546094
v 0.0129012400284410 -0.0125294299796224 -0.0721667408943176
vn 1.2636994907798020 5.7335075224684076 -2.2179824431548374
v 0.0153235103935003 -0.0131208803504705 -0.0724432393908501
vn 1.3010013717684306 5.4618148685460675 -2.8162846595463042
v 0.0199258308857679 -0.0132412901148200 -0.0705256387591362
vn 1.4512177654262712 5.5985596330616065 -2.4488682286010479
v 0.0200769901275635 -0.0145450802519917 -0.0731602311134338
vn 0.9559201451000716 5.2750512782662060 -3.2720537958720186
v 0.0152137195691466 -0.0106352502480149 -0.0676329731941223
vn 1.2427470052896372 5.2981282966737187 -3.1381850953352974
v 0.0198376700282097 -0.0116721298545599 -0.0677537322044373
vn 1.3053652225738297 5.9772868558750183 -1.4037879709474712
v 0.0129223996773362 -0.0128351999446750 -0.0732249617576599
vn 1.2931488590189275 6.1222454185769672 -0.4785538340400340
v 0.0104538202285767 -0.0124137401580811 -0.0739329978823662
vn 1.0856889010662270 6.0775430984667969 -1.1278046527022809
v 0.0104448096826673 -0.0122836204245687 -0.0729607269167900
vn 1.1031247407608675 6.1720117506860115 -0.2842839321123546
v 0.0091848960146308 -0.0121595198288560 -0.0738065764307976
vn 0.8231875272767568 6.1558674786845993 -0.8951918458390751
v 0.0078942170366645 -0.0118579203262925 -0.0727635025978088
vn 0.9758694066187710 6.1958007994834174 -0.1652757083201614
v 0.0078977942466736 -0.0119396401569247 -0.0736969113349915
vn 0.7965602687534576 6.2241219501823153 -0.0060161732324157
v 0.0065968628041446 -0.0117534901946783 -0.0736042782664299
vn 0.6464013083149341 6.2384014506498682 0.0984540584969638
v 0.0052860970608890 -0.0116007896140218 -0.0735288783907890
vn 0.5691613429476620 6.1535391263008847 1.0793217690132384
v 0.0039777751080692 -0.0114004602655768 -0.0743125006556511
vn 0.3567538471946644 6.1596700092025785 1.1235980293015964
v 0.0026553859934211 -0.0113059198483825 -0.0742622017860413
vn -0.0128679953477826 5.9160735724844713 2.0944406806573657
v 0.0000000000000000 -0.0110181495547295 -0.0749788209795952
vn 0.4008235383990941 5.9578243113785110 1.9327014601500865
v 0.0026659360155463 -0.0111068999394774 -0.0750291869044304
vn 0.6566980480405882 5.9608999016315432 1.8503029710291912
v 0.0039897561073303 -0.0112105598673224 -0.0750886723399162
vn -0.0140574599918496 6.1451976611942465 1.2480967739421553
v 0.0000000000000000 -0.0112163396552205 -0.0742894411087036
vn -0.0012687238299730 6.2634147744880941 0.2553611376038373
v 0.0000000000000000 -0.0113278003409505 -0.0733928605914116
vn 0.0031592386402046 6.2750117913028500 -0.2642626200103610
v 0.0000000000000000 -0.0112905502319336 -0.0725095793604851
vn -0.0192577321010846 6.2219408327219377 -0.7683134617864830
v 0.0000000000000000 -0.0112794004380703 -0.0722444579005241
vn 0.0008264023143406 5.4611801051756981 3.0834229038873615
v 0.0000000000000000 -0.0107031399384141 -0.0756831690669060
vn 0.0039109396988750 5.7346052006626191 2.5595353791553315
v 0.0000000000000000 -0.0108701502904296 -0.0753247663378716
vn 0.4197492491287708 5.7430247588791490 2.5060441754569061
v 0.0026719570159912 -0.0109692802652717 -0.0753834173083305
vn 0.9738725752785613 5.5659549426992569 2.7397532200123602
v 0.0053237080574036 -0.0110759101808071 -0.0758834406733513
vn 1.0074489906838933 5.3136172704847757 3.1903666398731021
v 0.0053339600563049 -0.0109006697311997 -0.0762071609497070
vn 0.7482383605250624 5.6216976019095171 2.7037420210240111
v 0.0040048360824585 -0.0109197404235601 -0.0757862329483032
vn 0.4409618831583192 5.5072671745954134 2.9849936075491375
v 0.0026783940847963 -0.0108076296746731 -0.0757159516215324
vn 0.7013931372967649 5.7539786255080374 2.4156308357591101
v 0.0039968490600586 -0.0110772801563144 -0.0754480883479118
vn 0.9289040699981150 5.7754700088085551 2.2842876378559049
v 0.0053147668950260 -0.0112275397405028 -0.0755375623703003
vn 0.5373066605843859 4.8774026010536859 3.9168901390949160
v 0.0026929969899356 -0.0104165598750114 -0.0763096809387207
vn 0.0148692638507929 4.9494167340693922 3.8629851896837311
v 0.0000000000000000 -0.0103183295577765 -0.0762407705187798
vn 1.1521189514158503 5.7973032300210177 2.1215890458931375
v 0.0066258311271667 -0.0114200096577406 -0.0756525322794914
vn 1.3725100255450571 5.8159997759438387 1.9313743342022271
v 0.0079300403594971 -0.0116543099284172 -0.0757935568690300
vn 1.2266949013684463 5.6760311624672495 2.3981760206925209
v 0.0066359038464725 -0.0112755801528692 -0.0760083124041557
vn 1.4399655537082814 5.6352392503740827 2.3683806548651476
v 0.0079415440559387 -0.0115190101787448 -0.0761613771319389
vn 1.5071267671194570 5.3953157651978714 2.8370396327349101
v 0.0079550743103027 -0.0113590303808451 -0.0765087604522705
vn 0.5552464348576798 4.4614771538789659 4.3818029041203275
v 0.0027010440826416 -0.0101888701319695 -0.0765675306320190
vn 0.0092703918315622 4.2633693182316845 4.6062829017353986
v 0.0000000000000000 -0.0100844502449036 -0.0764884874224663
vn 0.0123047741285288 4.5277260129286390 4.3472534023812601
v 0.0000000000000000 -0.0101881604641676 -0.0763924717903137
vn 0.0008667891214387 3.8849417986467865 4.9235221443746404
v 0.0000000000000000 -0.0098088970407844 -0.0767435431480408
vn 0.5360286009234342 2.1159220235412910 5.8849105297932933
v 0.0027370450552553 -0.0090804100036621 -0.0772939920425415
vn 0.0046148954837618 2.0717223179382631 5.9166328272192423
v 0.0000000000000000 -0.0089582195505500 -0.0772139430046082
vn 0.5529662707218970 2.7939581211079769 5.5932443884237024
v 0.0027284619864076 -0.0093850493431091 -0.0771624967455864
vn 0.0118529131962236 2.5822336814191686 5.7209618426345692
v 0.0000000000000000 -0.0092846145853400 -0.0770664811134338
vn 0.0219671035694848 3.0498734557583496 5.4784106837148938
v 0.0000000000000000 -0.0094137778505683 -0.0770081207156181
vn 0.9785084755521393 1.3575505300772015 6.0495723179503056
v 0.0054380889050663 -0.0090196719393134 -0.0776579901576042
vn 1.0229779197737252 2.1024559578915309 5.8238262845511546
v 0.0054212207905948 -0.0093542328104377 -0.0775586292147636
vn 1.0377842165975524 2.8103842938497707 5.5138945691357968
v 0.0054058427922428 -0.0096703171730042 -0.0774196907877922
vn 0.4848485721159651 0.7364139055459600 6.2167972014031481
v 0.0027580258902162 -0.0084254136309028 -0.0774478912353516
vn 0.0202277891305965 0.4834860872177628 6.2612706054318892
v 0.0000000000000000 -0.0083414912223816 -0.0773466229438782
vn 1.4234040797126333 1.2966723609108932 5.9738074087117941
v 0.0081020593643188 -0.0094484090805054 -0.0781016871333122
vn 1.5164725163011448 2.0461528462430758 5.7333912452406102
v 0.0080776810646057 -0.0098059773445129 -0.0779960080981255
vn 1.3857669264528054 3.0003480319116420 5.3417894109609927
v 0.0067328810691833 -0.0098823895677924 -0.0776110216975212
vn 1.0708118201251728 3.4872471174919282 5.1070225110410350
v 0.0053889751434326 -0.0099648227915168 -0.0772409364581108
vn 0.5683406147065714 3.4259814383223679 5.2288885298450047
v 0.0027189850807190 -0.0096722235903144 -0.0769960209727287
vn 0.0132998521152059 3.4900028484396399 5.2172607255864563
v 0.0000000000000000 -0.0095680346712470 -0.0769048333168030
vn 1.9090980020129247 1.2135540910569800 5.8542069098374387
v 0.0107592903077602 -0.0100518995895982 -0.0787261128425598
vn 1.8144419914385195 2.1630415879122782 5.6101599163034539
v 0.0094017982482910 -0.0100999996066093 -0.0782808586955070
vn 1.6340432453139000 2.8067297344366167 5.3654265635730543
v 0.0080559253692627 -0.0101407701149583 -0.0778448507189751
vn 1.4074293240734248 3.5130103798884620 5.0048052262267770
v 0.0067124958150089 -0.0101823797449470 -0.0774231478571892
vn 1.0779842663499701 4.0759717375182571 4.6503650669657572
v 0.0053730010986328 -0.0102356597781181 -0.0770265385508537
vn 0.5724036073038452 3.9768653431266316 4.8232728287519988
v 0.0027097458951175 -0.0099406242370605 -0.0767969414591789
vn 0.9217629766448999 0.7350105557834289 6.1687724033634757
v 0.0054612150415778 -0.0086699724197388 -0.0777189135551453
vn 1.3417303596188654 0.6676883140382041 6.0990460872792225
v 0.0081364512443542 -0.0090740323066711 -0.0781667232513428
vn 0.8682318695173440 5.9695321347188823 1.7326278312342351
v 0.0053069591522217 -0.0113548003137112 -0.0751710534095764
vn 0.7746356575075497 6.1538408622975567 0.9301357596039515
v 0.0052946801297367 -0.0115321800112724 -0.0743821188807487
vn 1.0765154241479031 5.9773628548233306 1.5839917484602699
v 0.0066174860112369 -0.0115394499152899 -0.0752768516540527
vn 0.9474810533622781 6.1484345005115939 0.8051013662334094
v 0.0066047310829163 -0.0117009803652763 -0.0744716525077820
vn 1.2822165048623106 5.9805308801526023 1.4111775240974753
v 0.0079203844070435 -0.0117644602432847 -0.0754066705703735
vn 1.1279049487770072 6.1372974745632529 0.6493934849506826
v 0.0079061975702643 -0.0119066201150417 -0.0745814964175224
vn 1.4874833795227902 5.9758494667782811 1.2182006529902532
v 0.0092133283615112 -0.0120307197794318 -0.0755605101585388
vn 1.3085319998696705 6.1182498047280669 0.4755847734901217
v 0.0091956248506904 -0.0121497502550483 -0.0747116804122925
vn 1.6922146563353058 5.9607747189770528 1.0094041363554200
v 0.0104933297261596 -0.0123389903455973 -0.0757382512092590
vn 1.4889456303284196 6.0894247435642317 0.2888557192628014
v 0.0104694301262498 -0.0124311400577426 -0.0748618766665459
vn 1.9249959194998598 5.9052125004317562 0.8831996545936647
v 0.0117643401026726 -0.0126916700974107 -0.0759432911872864
vn 1.6377595025306830 6.0581918068985265 0.1082291653406844
v 0.0117306699976325 -0.0127525897696614 -0.0750352069735527
vn 2.6698996647068403 4.8554436631844871 2.9436603070857039
v 0.0132120801135898 -0.0125312795862556 -0.0782936215400696
vn 2.3503400347328660 5.2262441031846585 2.5651843571309705
v 0.0118652498349547 -0.0122447004541755 -0.0775778815150261
vn 2.5561002855712385 5.2449430291563583 2.3170438473862331
v 0.0131708299741149 -0.0127079403027892 -0.0779079124331474
vn 2.4426923413494781 5.4810119692467349 1.8510231485235620
v 0.0131329800933599 -0.0128468796610832 -0.0775005817413330
vn 2.5906002256913694 5.4895573425332769 1.6087035211303575
v 0.0144433295354247 -0.0133413001894951 -0.0778441429138184
vn 2.4465437053066812 5.6697952350845950 1.1285147887122156
v 0.0143998796120286 -0.0134342899546027 -0.0773943588137627
vn 2.5651399065137239 5.6577228616520943 0.9052449071425677
v 0.0156863294541836 -0.0139413997530937 -0.0777420923113823
vn 2.1856218347047860 5.8671440666721626 0.4220251901123354
v 0.0143219800665975 -0.0135329300537705 -0.0764549300074577
vn 2.2847669739958452 5.8410165625499042 0.2141638396987724
v 0.0155919697135687 -0.0140017801895738 -0.0767518803477287
vn 2.2475186317219737 5.4745330982700926 2.1013165050043421
v 0.0118354503065348 -0.0123974001035094 -0.0771952196955681
vn 2.3093070938158857 5.6760645395551297 1.3616856229706387
v 0.0130984103307128 -0.0129565503448248 -0.0770763084292412
vn 2.0665822193500438 5.8902287348712372 0.6397812980530431
v 0.0130385104566813 -0.0130921602249146 -0.0761834904551506
vn 2.9139331879919634 5.4780835795786524 0.9683043992279744
v 0.0182793103158474 -0.0149931898340583 -0.0790789127349854
vn 2.7366814159783526 5.4847932991586728 1.3648317731068569
v 0.0157378297299147 -0.0138658201321959 -0.0782198309898376
vn 2.6568794079187374 5.6572381933598272 0.6142355770356323
v 0.0169555507600307 -0.0144761195406318 -0.0781240984797478
vn 1.5915586890344549 5.8263220492167100 1.7213527456171560
v 0.0092251300811768 -0.0119315301999450 -0.0759606286883354
vn 1.7531213565971326 5.8328934456042507 1.5301411081334448
v 0.0105087095871568 -0.0122528597712517 -0.0761537477374077
vn 1.6840584549157736 5.6534718219669449 2.1543014937797889
v 0.0092391958460212 -0.0118067795410752 -0.0763427615165710
vn 1.8776721383062995 5.6860067141800084 1.8887497230669228
v 0.0105266496539116 -0.0121405096724629 -0.0765524506568909
vn 1.7724601567739151 5.4354131512411215 2.5976591753788059
v 0.0092555284500122 -0.0116568803787231 -0.0767055079340935
vn 2.0132285574288784 5.4628830840092162 2.3535679286449400
v 0.0105472803115845 -0.0120021700859070 -0.0769330188632011
vn 1.8536382124114836 5.1599492631285280 3.0591081690830304
v 0.0092743625864387 -0.0114817004650831 -0.0770472213625908
vn 2.1051990618429861 5.2017397008435076 2.8158098530382292
v 0.0105708204209805 -0.0118374200537801 -0.0772938728332520
vn 2.1870274566871886 4.8021904527465553 3.3980034804709685
v 0.0105972802266479 -0.0116411400958896 -0.0776312276721001
vn 2.4463800307110137 4.8319680712507642 3.1703499676125455
v 0.0118983900174499 -0.0120575400069356 -0.0779379606246948
vn 2.4951966195312179 4.3763685999541941 3.7457835416265977
v 0.0119351102039218 -0.0118259098380804 -0.0782699510455132
vn 2.7351012040653431 4.3907512616403679 3.5548195261801676
v 0.0132567798718810 -0.0123042399063706 -0.0786510705947876
vn 2.7162470304175041 5.2640772748195914 2.0781871319622773
v 0.0144897596910596 -0.0132173802703619 -0.0782786607742310
vn 2.8320182275557335 4.9426245058233249 2.6403099952534381
v 0.0145394802093506 -0.0130519801750779 -0.0786922499537468
vn 3.0032970929129066 4.9483164331227165 2.4309315535121234
v 0.0158495306968689 -0.0136033799499273 -0.0791279599070549
vn 3.0926164766480730 4.6558914812855603 2.8633277896130478
v 0.0158793292939663 -0.0135037796571851 -0.0793398618698120
vn 2.8940383476414286 4.6480163859883934 3.0763775757112173
v 0.0145654603838921 -0.0129489796236157 -0.0788889527320862
vn 1.5989031773635880 5.1044686962357844 3.2874412188846542
v 0.0079706897959113 -0.0111749097704887 -0.0768340229988098
vn 1.9232937979113234 4.7550527221611443 3.6176294819408423
v 0.0092958798632026 -0.0112775499001145 -0.0773647427558899
vn 2.2341424897866271 4.2734705695791826 4.0127222135848184
v 0.0106270303949714 -0.0114055797457695 -0.0779404565691948
vn 2.5067472745729997 3.9851907622615004 4.1568266231052871
v 0.0119548402726650 -0.0116906100884080 -0.0784233808517456
vn 2.7760478375503039 3.9984669828391493 3.9678556928488824
v 0.0132805695757270 -0.0121683999896049 -0.0788169503211975
vn 2.9347719073583298 4.5433714396635940 3.1941539054967896
v 0.0145922796800733 -0.0128299500793219 -0.0790776014328003
vn 3.1567704743893659 4.0097266477538049 3.6595482479110069
v 0.0159412007778883 -0.0132483802735806 -0.0797377228736877
vn 1.0636786405076708 4.5724807206086036 4.1682439611164011
v 0.0053585171699524 -0.0104814097285271 -0.0767809674143791
vn 1.4121736999099215 4.1225614953453391 4.5165111476589708
v 0.0066932430490851 -0.0104551902040839 -0.0771974325180054
vn 1.6814736090126807 3.5483617779222167 4.8925316500017066
v 0.0080317249521613 -0.0104474397376180 -0.0776459500193596
vn 1.9003115804760111 2.7984758171423620 5.2795974351011967
v 0.0093761682510376 -0.0104468399658799 -0.0781217813491821
vn 2.0424349552280097 1.9375018970746161 5.6044308669798149
v 0.0107253100723028 -0.0104414802044630 -0.0786110088229179
vn 2.2896986726817627 1.9554032977533296 5.5137561834263522
v 0.0120538398623466 -0.0108334403485060 -0.0789905712008476
vn 2.3574008492832110 1.0834329359965906 5.7149894121253952
v 0.0134436404332519 -0.0108506595715880 -0.0795556306838989
vn 1.7393099214659746 0.5646523548545374 6.0074684372369305
v 0.0108076296746731 -0.0096434950828552 -0.0787978693842888
vn 2.1786893771888560 0.4156964626147520 5.8736531012090945
v 0.0135084297508001 -0.0103986803442240 -0.0796370506286621
vn 3.3603798020864364 4.6693946425613424 2.5189395986670244
v 0.0184537693858147 -0.0146918203681707 -0.0803679227828979
vn 3.1240239289666514 5.0573472757114306 2.0339426613541800
v 0.0171400308609009 -0.0141832204535604 -0.0796054601669312
vn 2.8796360126528731 5.2588407355701170 1.8618804204225101
v 0.0157921891659498 -0.0137573396787047 -0.0786838531494141
vn 3.2985278946448036 5.2738538380353743 0.8270571189643767
v 0.0232720896601677 -0.0174359008669853 -0.0819184109568596
vn 3.3180614344298620 5.1419318710513258 1.4159322698227499
v 0.0208817105740309 -0.0161072593182325 -0.0809826180338860
vn 3.1823172832077367 5.3194870859157728 1.0094405432561890
v 0.0208415295928717 -0.0161519590765238 -0.0806847810745239
vn 3.1992627757989260 5.1148014032396372 1.7490435446689703
v 0.0183820705860853 -0.0148590803146362 -0.0798685476183891
vn 3.0711164822536827 5.3076850049906072 1.3570948635120283
v 0.0183471404016018 -0.0149162998422980 -0.0796094536781311
vn 2.9772505886698131 5.2541424517973541 1.7229237814144462
v 0.0170756503939629 -0.0143254902213812 -0.0791283175349236
vn 2.5871028616164122 0.4021800544438519 5.7086443184565123
v 0.0162218809127808 -0.0113046104088426 -0.0806811973452568
vn 2.7279944265583338 0.9653578163471086 5.5702780365635975
v 0.0161455199122429 -0.0118103595450521 -0.0805893465876579
vn 3.0816860613127797 0.7687003729509274 5.4092759904675392
v 0.0187655594199896 -0.0128495600074530 -0.0818155407905579
vn 1.8077892601176027 5.8649944045739391 -1.3267778634015122
v 0.0178815107792616 -0.0146163702011108 -0.0751442909240723
vn 1.6161892898023678 5.7207692234301346 -2.0241083762426566
v 0.0201741997152567 -0.0150830699130893 -0.0744438692927361
vn 1.8394189644501311 5.7684631578122234 -1.6504331137326220
v 0.0202846508473158 -0.0155302202329040 -0.0757151767611504
vn 1.5199438786956432 4.9682157249183092 -3.5038347279113009
v 0.0220659300684929 -0.0114232301712036 -0.0663362070918083
vn 1.8049483419294450 5.3215261259555824 -2.8079130385900606
v 0.0242832303047180 -0.0130306398496032 -0.0679087564349174
vn 2.2417448155973001 4.8775600005722621 -3.2139449470361767
v 0.0273739006370306 -0.0134017402306199 -0.0663063526153564
vn 2.0219280644576871 4.8917335262772612 -3.3390857027136800
v 0.0263560991734266 -0.0129579901695251 -0.0663131400942802
vn 2.2917552626872233 5.2383116078812639 -2.6032388514467697
v 0.0273930393159389 -0.0138399600982666 -0.0671326518058777
vn 2.0985196843543967 5.2589691711702704 -2.7212091511886269
v 0.0263729598373175 -0.0134004298597574 -0.0671154186129570
vn 2.0659127574470570 5.3560858150311530 -2.5500394548612899
v 0.0263975802809000 -0.0138368001207709 -0.0680002495646477
vn 2.0900561498158248 5.4351225675454753 -2.3507757857501734
v 0.0286191701889038 -0.0164390802383423 -0.0717753097414970
vn 2.4450099307994222 5.2926832350248940 -2.3360479063372117
v 0.0284177009016275 -0.0147333703935146 -0.0681019425392151
vn 2.5057753770323199 5.2178610190094821 -2.4413554648418150
v 0.0283871795982122 -0.0143041601404548 -0.0671508312225342
vn 1.6562719584088428 5.5611185214368843 -2.4027217388084643
v 0.0246436502784491 -0.0162303391844034 -0.0741181299090385
vn 1.5854350235812571 5.4324292305920618 -2.7283364406899007
v 0.0244219303131104 -0.0147043997421861 -0.0710724517703056
vn 1.5040051519128088 5.2999394975622343 -3.0194288442513537
v 0.0220910906791687 -0.0123100802302361 -0.0678268000483513
vn 1.2195411117847363 4.9283731725519493 -3.6759688189538005
v 0.0198194291442633 -0.0107902204617858 -0.0663455128669739
vn 0.9102378776083548 4.9016647622349581 -3.8109447727982495
v 0.0152086596935987 -0.0097739687189460 -0.0663603469729424
vn 0.5912609349673832 4.8959395054345425 -3.8860821426404573
v 0.0104607902467251 -0.0090559115633368 -0.0663705393671989
vn 1.8686976977796070 5.6518193960706409 -1.9887955961491981
v 0.0271552801132202 -0.0185659509152174 -0.0780066177248955
vn 1.8913224207698724 5.6555519392363722 -1.9545669116507445
v 0.0249313097447157 -0.0175215601921082 -0.0771359801292419
vn 1.8754813032126569 5.6825083737241178 -1.8827518646845924
v 0.0226376000791788 -0.0165039300918579 -0.0763760209083557
vn 1.8129659343556701 5.4241806701402080 -2.6004734566708407
v 0.0265654902905226 -0.0155385695397854 -0.0714023113250732
vn 1.7624275072873838 5.5534877398776858 -2.3481853004594080
v 0.0268261991441250 -0.0171486698091030 -0.0747033879160881
vn 2.4116254031160551 4.8525910020540630 -3.1200994505957218
v 0.0283657293766737 -0.0138714900240302 -0.0662990808486938
vn 2.6477613408370266 4.8183142363354730 -2.9786878300852302
v 0.0293292403221130 -0.0143679901957512 -0.0662912130355835
vn 2.6802314214418175 5.1841215342285212 -2.3258989064513549
v 0.0293533802032471 -0.0147939296439290 -0.0671698972582817
vn 2.9307707342921514 5.1293493071626513 -2.1367649653829046
v 0.0302890501916409 -0.0153102204203606 -0.0671898722648621
vn 2.8153814817914582 5.2051032617070350 -2.0929792259052538
v 0.0303264204412699 -0.0157261397689581 -0.0682147070765495
vn 2.7661454222920954 4.3558056289511180 -3.5821812671592386
v 0.0302379708737135 -0.0140252700075507 -0.0651789903640747
vn 3.3231394784563824 4.2287244008154543 -3.2390777434682256
v 0.0319852791726589 -0.0152077600359917 -0.0651459023356438
vn 3.8662638334565766 3.6893544184291485 -3.2940713544132820
v 0.0335857197642326 -0.0148393502458930 -0.0629349872469902
vn 3.8666807468816229 3.4754704168482760 -3.5193705015855796
v 0.0337101183831692 -0.0128253595903516 -0.0606601200997829
vn 3.8837711796339160 3.2249142976662659 -3.7325221883468114
v 0.0338547788560390 -0.0104250302538276 -0.0582861900329590
vn 3.2190432793174715 4.3262895837855808 -3.2219003885249080
v 0.0320061407983303 -0.0158300306648016 -0.0659565329551697
vn 3.3135844434696651 4.5029410007794439 -2.8617004706103200
v 0.0320119187235832 -0.0159322600811720 -0.0660967826843262
vn 3.0306908388088063 4.5725017142307882 -3.0582679686426797
v 0.0311539694666862 -0.0153431203216314 -0.0661093518137932
vn 2.9372246066798073 4.3865389813593163 -3.4048717411687908
v 0.0311489105224609 -0.0152381602674723 -0.0659704208374023
vn 3.2144930071939575 4.2894024294341753 -3.2676990270673896
v 0.0319964811205864 -0.0156238600611687 -0.0657058879733086
vn 2.5565826042561861 5.3471366275363810 -2.0549676729315345
v 0.0304295998066664 -0.0165631100535393 -0.0702165886759758
vn 2.4318126548262540 5.4087841444566074 -2.0654566720765342
v 0.0305661503225565 -0.0174040105193853 -0.0721961781382561
vn 3.9984302928994873 4.4707938622021572 -1.8423923550058512
v 0.0336000882089138 -0.0173082295805216 -0.0662438198924065
vn 3.8828102985933013 4.3221747331328082 -2.3852962874934716
v 0.0335917994379997 -0.0172138195484877 -0.0660692378878593
vn 4.0402344410225384 4.1151139003346540 -2.4858266358916317
v 0.0339280292391777 -0.0174431800842285 -0.0659186765551567
vn 4.2075904610796062 3.9442007767979477 -2.4728531637632463
v 0.0342255793511868 -0.0175689999014139 -0.0656588003039360
vn 4.2100542948382387 3.9984718748641921 -2.3880509453047285
v 0.0342383310198784 -0.0177556201815605 -0.0659117102622986
vn 4.3485407084818686 4.1919763434535380 -1.6840427158968430
v 0.0342544913291931 -0.0179390292614698 -0.0662341117858887
vn 4.1765508368461823 4.3146264859131911 -1.8047666287588262
v 0.0339440703392029 -0.0176298599690199 -0.0662389323115349
vn 3.8061562234748139 4.1514323635454220 -2.7818792358603321
v 0.0335844084620476 -0.0171182099729776 -0.0659257695078850
vn 3.8334887148263981 4.0940016264294670 -2.8194408606222319
v 0.0335718914866447 -0.0169247891753912 -0.0656732320785522
vn 3.9283478745670912 4.0260988987886961 -2.7863676222038638
v 0.0335557982325554 -0.0165339093655348 -0.0651053711771965
vn 4.4852812682820478 3.6909610324424955 -2.3851046004305054
v 0.0347571298480034 -0.0178186800330877 -0.0650691315531731
vn 4.3882997643810739 3.9080266125397691 -2.2154307839358909
v 0.0345228910446167 -0.0180610399693251 -0.0659044906497002
vn 4.6534248889428103 3.9456253694695422 -1.4584630307634054
v 0.0348031483590603 -0.0185392405837774 -0.0662239715456963
vn 4.4916699288035948 4.0817123532551136 -1.5823770987083918
v 0.0345390997827053 -0.0182409193366766 -0.0662291571497917
vn 4.6482124088050689 4.1084094399182982 -0.9842871924965373
v 0.0348473116755486 -0.0188788101077080 -0.0673254132270813
vn 4.3492668952696807 4.3814061136009599 -1.1589397136611008
v 0.0342969782650471 -0.0182922407984734 -0.0673020407557487
vn 4.5668548128795790 4.2234286144132049 -0.8631137426113877
v 0.0349062010645866 -0.0192165896296501 -0.0686084628105164
vn 2.0654180363090284 5.5805472076011560 -2.0134263923840097
v 0.0309178791940212 -0.0190862994641066 -0.0761313363909721
vn 1.8298534538418867 5.5664604156877555 -2.2634645195094971
v 0.0289232097566128 -0.0181047301739454 -0.0753711983561516
vn 2.7889634032013144 4.6091030665420814 -3.2284937720327922
v 0.0302568003535271 -0.0147862397134304 -0.0661211013793945
vn 2.9094447335842095 4.9019090378101868 -2.6168474259593748
v 0.0302619896829128 -0.0148925697430968 -0.0662828609347343
vn 3.1630114465912711 4.8360671643398883 -2.4404977200244078
v 0.0311597492545843 -0.0154470801353455 -0.0662739202380180
vn 3.1464085212166397 5.0566812493870783 -1.9991645499959565
v 0.0311900302767754 -0.0158548299223185 -0.0672109127044678
vn 3.4352912516897738 4.9544733159270331 -1.7647846805734217
v 0.0320521518588066 -0.0164295397698879 -0.0672328397631645
vn 3.6194961195922923 4.9207534093096905 -1.4627031472448666
v 0.0329211913049221 -0.0174169503152370 -0.0684065222740173
vn 3.6944144930878222 4.9090647896961226 -1.3012628172540708
v 0.0338385701179504 -0.0187801700085402 -0.0708324909210205
vn 3.4097536919020111 5.0954042934054931 -1.3563425686650248
v 0.0340218506753445 -0.0195322595536709 -0.0731925293803215
vn 3.7825135387768110 4.8821494739485463 -1.1452416965520231
v 0.0346938297152519 -0.0200840793550014 -0.0734423324465752
vn 3.5002387832543285 5.0732415627007263 -1.2118043351198440
v 0.0349187813699245 -0.0208314005285501 -0.0759119912981987
vn 3.8403329427992947 4.8674067337221993 -0.9996680138454868
v 0.0355041585862637 -0.0213423296809196 -0.0762778520584106
vn 3.5532563099003922 5.0713061560941375 -1.0526821632421819
v 0.0357694588601589 -0.0220944192260504 -0.0788884684443474
vn 3.2988639387649425 5.2425165987621449 -1.0487228664356341
v 0.0360525213181973 -0.0228427592664957 -0.0815462991595268
vn 2.9178435927385227 5.4129974581099916 -1.2850252547827212
v 0.0354351401329041 -0.0223524495959282 -0.0809492394328117
vn 3.2120008826838977 5.2501312653237306 -1.2591641771053264
v 0.0351686403155327 -0.0215956494212151 -0.0784102007746696
vn 2.7722521187355058 5.4372919024032988 -1.4720334952846779
v 0.0344762206077576 -0.0210817400366068 -0.0779526233673096
vn 3.0931270236343957 5.2738606841879552 -1.4270860733029045
v 0.0342370793223381 -0.0203004404902458 -0.0755612179636955
vn 2.6761729834025139 5.4332403421419881 -1.6682413201125870
v 0.0334310494363308 -0.0197698995471001 -0.0751892328262329
vn 3.0229329783858896 5.2708420498601454 -1.5936083940128216
v 0.0332274399697781 -0.0189721491187811 -0.0729281902313232
vn 2.6457398503182814 5.3820014268989391 -1.8618569359476931
v 0.0323801599442959 -0.0184336304664612 -0.0726692602038383
vn 2.3736357378710666 5.5996602296270774 -1.5322894506110987
v 0.0347310304641724 -0.0218518897891045 -0.0803790614008904
vn 2.3118170791663584 5.5795846620600198 -1.7301197002642523
v 0.0336583815515041 -0.0205773096531630 -0.0774675011634827
vn 2.2860252473581899 5.5375740975722803 -1.8839213411074820
v 0.0325700603425503 -0.0192546192556620 -0.0748251602053642
vn 2.1579452906735854 5.6056147639707001 -1.8416434453083959
v 0.0327832587063313 -0.0200810991227627 -0.0769930407404900
vn 1.8814170765673222 5.7634236252856939 -1.6440082589925584
v 0.0332530103623867 -0.0216495897620916 -0.0814229771494865
vn 1.7687395234464787 5.7184229342356483 -1.8890537632041275
v 0.0313385091722012 -0.0206546094268560 -0.0801361203193665
vn 1.8282199228211473 5.6725071528233624 -1.9682511951863526
v 0.0292967502027750 -0.0196180306375027 -0.0790018364787102
vn 3.4420799432939613 4.7422739852582252 -2.2412769536541397
v 0.0320185385644436 -0.0160334706306458 -0.0662644505500793
vn 3.7283718897728337 4.8084348306913167 -1.5616216837013419
v 0.0328711196780205 -0.0170360207557678 -0.0672559067606926
vn 3.9433880091620135 4.7250736575570018 -1.2527590057324527
v 0.0336952805519104 -0.0180407706648111 -0.0684750601649284
vn 4.0357529803974668 4.6859269409916973 -1.0990239567774485
v 0.0345024988055229 -0.0193562507629395 -0.0709870383143425
vn 4.0933396246186362 4.6645580952399035 -0.9683034443431984
v 0.0352658592164516 -0.0206118207424879 -0.0737022086977959
vn 0.4142206850611931 3.1254969331718212 -5.4343626711524298
v 0.0079267621040344 0.0048955078236759 -0.0560061298310757
vn 3.4431254424349476 0.6904546928917031 5.1990275685786465
v 0.0213088896125555 -0.0139319300651550 -0.0832301303744316
vn 3.7973324069230485 0.6249395701844911 4.9562621451029933
v 0.0237731896340847 -0.0150257898494601 -0.0848389789462090
vn 3.7411979062007465 4.9349042016808706 1.0141556952972546
v 0.0323138199746609 -0.0223664604127407 -0.0898028612136841
vn 4.0129730107744841 4.5766117729164204 1.5317399500736437
v 0.0302694402635098 -0.0211232900619507 -0.0881606265902519
vn 3.7511659845848362 4.9162964499338537 1.0772405254713031
v 0.0302202701568604 -0.0212143603712320 -0.0876809880137444
vn 3.9468468922287929 4.5986470657032807 1.6380757117106266
v 0.0280682407319546 -0.0198801700025797 -0.0862085819244385
vn 3.6736953695711727 4.9675396036014510 1.0803934196706257
v 0.0280192401260138 -0.0199660602957010 -0.0857830569148064
vn 3.8541786840862629 4.6240371531732904 1.7839540360081740
v 0.0257764402776957 -0.0185802504420280 -0.0844677612185478
vn 3.6260868306546712 4.9698126742075290 1.2309083616509826
v 0.0257289391011000 -0.0186643600463867 -0.0840929672122002
vn 3.7304685295039826 4.6472283068288798 1.9782877890480208
v 0.0234058406203985 -0.0172607302665710 -0.0829226300120354
vn 3.5434364082037608 4.9770171142477517 1.4331888539224371
v 0.0233609005808830 -0.0173457805067301 -0.0825948715209961
vn 3.5670424654153612 4.6653009484109962 2.2237646646009259
v 0.0209635999053717 -0.0159543100744486 -0.0815595313906670
vn 3.4289256568614253 4.9505752379029353 1.7814036862452522
v 0.0209224205464125 -0.0160425901412964 -0.0812747403979301
vn 3.2916493961688857 4.9151987771875714 2.1102509022239837
v 0.0184175297617912 -0.0147852804511786 -0.0801218673586845
vn 4.1150578441551087 0.5896512774846088 4.7023466439587454
v 0.0261542703956366 -0.0160987302660942 -0.0866500735282898
vn 4.4340685048440909 0.5272891152100768 4.4119208706419437
v 0.0284449998289347 -0.0171172600239515 -0.0886734724044800
vn 2.6465311723525056 5.6838097578060651 -0.3345103632942939
v 0.0357454381883144 -0.0241414904594421 -0.0906710028648376
vn 2.6402738087767528 5.6882961311919820 -0.1708033622255183
v 0.0340722203254700 -0.0233976803719997 -0.0897001624107361
vn 2.3540158152475370 5.7902157631644755 -0.5295929090866737
v 0.0339638516306877 -0.0232787095010281 -0.0884728431701660
vn 2.8275290240913824 5.5996262051615648 -0.1705884716925651
v 0.0321108102798462 -0.0223764702677727 -0.0875877067446709
vn 2.5318022673373735 5.7119580673411621 -0.5590023013663106
v 0.0320043489336967 -0.0222585704177618 -0.0864837095141411
vn 2.9635151769507502 5.5321876166821955 -0.1241528759597740
v 0.0300183203071356 -0.0212283097207546 -0.0857001468539238
vn 2.6768541847461615 5.6487792765625739 -0.5397689305837368
v 0.0299151502549648 -0.0211218502372503 -0.0847116708755493
vn 3.0432689351326898 5.4914613821806491 -0.0304268549466333
v 0.0278223697096109 -0.0199993792921305 -0.0840225219726562
vn 2.7683892827507823 5.6119132763180986 -0.4687058066398991
v 0.0277237202972174 -0.0199127104133368 -0.0831410810351372
vn 3.0763441374879119 5.4728180820217096 0.1164671227244667
v 0.0255405902862549 -0.0187294408679008 -0.0825372934341431
vn 2.8149304368428947 5.5987271166623325 -0.3403026765272317
v 0.0254480205476284 -0.0186690595000982 -0.0817543789744377
vn 3.0664083098331325 5.4706014723677052 0.3259778669957134
v 0.0231850706040859 -0.0174522902816534 -0.0812276005744934
vn 2.8203392785905081 5.6049477649484833 -0.1477729085636794
v 0.0230997800827026 -0.0174227897077799 -0.0805342718958855
vn 3.0100227525977465 5.4787202392304994 0.6040363235855777
v 0.0207629203796387 -0.0161976795643568 -0.0800786018371582
vn 2.7818281817070578 5.6253953723155403 0.1148559484860910
v 0.0206867400556803 -0.0162020903080702 -0.0794661566615105
vn 2.6867035958718111 5.6549490720607931 0.4559560004948810
v 0.0182141605764627 -0.0150330597534776 -0.0785383507609367
vn 2.3281120994365865 5.8266491618091596 0.0075143700859282
v 0.0168465897440910 -0.0144971003755927 -0.0770784616470337
vn 2.3931420269842425 5.7962677007638472 -0.1914677392331442
v 0.0180920306593180 -0.0150141697376966 -0.0774329900741577
vn 2.4801575793580652 5.7413883588448265 -0.4788855691332263
v 0.0205417200922966 -0.0161033198237419 -0.0782285332679749
vn 2.5055925791355307 5.7051884735819494 -0.7184739385965936
v 0.0229355599731207 -0.0172472000122070 -0.0791469812393188
vn 2.4918970486803032 5.6873288450400068 -0.8874379993176462
v 0.0252672992646694 -0.0184228401631117 -0.0801995322108269
vn 2.4418223220599193 5.6919793937218603 -0.9909304324920885
v 0.0275283996015787 -0.0196052100509405 -0.0814005732536316
vn 2.3525273902597705 5.7216571880013181 -1.0346272786565991
v 0.0297067705541849 -0.0207666102796793 -0.0827668309211731
vn 2.2179348325830959 5.7772963372305703 -1.0228439729730154
v 0.0317849516868591 -0.0218733493238688 -0.0843157693743706
vn 2.0556264379833782 5.8504420259269621 -0.9530650086074276
v 0.0337350293993950 -0.0228864494711161 -0.0860630795359612
vn 1.8205125087842486 6.0048992904684590 -0.1203069169192799
v 0.0129899298772216 -0.0131169501692057 -0.0752386376261711
vn 1.8804295414367675 5.9801854257949412 -0.3024114032212491
v 0.0142551595345140 -0.0135179702192545 -0.0754691287875175
vn 1.9841875879842923 5.9307704540319355 -0.5211876125002868
v 0.0155088901519775 -0.0139455702155828 -0.0757211968302727
vn 2.0987786578988157 5.8561188457641649 -0.8159838255173767
v 0.0179810505360365 -0.0148721300065517 -0.0763000771403313
vn 2.1584133717393201 5.7889599021697871 -1.0975325080175993
v 0.0204073693603277 -0.0158746801316738 -0.0769772529602051
vn 2.1814145992250404 5.7381878060459579 -1.3021705452972281
v 0.0227810703217983 -0.0169344507157803 -0.0777605101466179
vn 2.1731778725370519 5.7094558381051899 -1.4376445629484831
v 0.0250943303108215 -0.0180319491773844 -0.0786602422595024
vn 2.1370430406946381 5.7059360048125942 -1.5066096420075936
v 0.0273378398269415 -0.0191462002694607 -0.0796897411346436
vn 2.0723537646166559 5.7286713454285501 -1.5133405741401789
v 0.0294992905110121 -0.0202534105628729 -0.0808644220232964
vn 1.9782633627621582 5.7765125665538681 -1.4599156506423943
v 0.0315611287951469 -0.0213252902030945 -0.0822007581591606
vn 1.8817718577760987 5.8392008254231520 -1.3415184947941625
v 0.0334958992898464 -0.0223286692053080 -0.0837137103080750
vn 3.0578026500726918 5.4586440520378607 -0.5585298693337293
v 0.0369182787835598 -0.0247135702520609 -0.0899397134780884
vn 2.9401219790702293 5.5368318674128085 -0.4147982827393573
v 0.0363747403025627 -0.0244434997439384 -0.0903416201472282
vn 2.8069403881693278 5.5804171236096636 -0.6719639459114076
v 0.0362483188509941 -0.0242406707257032 -0.0889470502734184
vn 2.4711270404914543 5.7418158197866065 -0.5757218862589216
v 0.0356296300888062 -0.0239802505820990 -0.0893284603953362
vn 2.2687352485766126 5.7951469651669179 -0.8442496563762796
v 0.0355087481439114 -0.0237712804228067 -0.0880017206072807
vn 2.9741752659184502 5.5176251346831950 0.1950427156020118
v 0.0341755114495754 -0.0234492402523756 -0.0909382700920105
vn 3.0258706864486662 5.5020338207722022 0.0750149949523158
v 0.0359070301055908 -0.0242784004658461 -0.0927132889628410
vn 3.2313931185750637 5.3781922647934000 0.2752973021695401
v 0.0359572693705559 -0.0242856107652187 -0.0933977290987968
vn 3.4813703562301255 5.2269786223734753 0.1684510355382781
v 0.0366646610200405 -0.0247211996465921 -0.0939024016261101
vn 3.6347400830648171 5.1139015546243591 0.3288474753796241
v 0.0367170497775078 -0.0247227493673563 -0.0946228504180908
vn 3.3765258272300334 5.2922677010340005 -0.1886122024571064
v 0.0371820889413357 -0.0250606499612331 -0.0928906723856926
vn 3.6662681596178524 5.1006035317880007 0.1063901082847820
v 0.0373042188584805 -0.0251517798751593 -0.0943938419222832
vn 3.1042871646096870 5.4562501444194966 -0.2417100602385532
v 0.0364957414567471 -0.0245976392179728 -0.0917535424232483
vn 3.2834342231443792 5.3563061858494514 -0.0288193951315108
v 0.0366101190447807 -0.0246960502117872 -0.0931823775172234
vn 2.8277104223330776 5.6068091256814805 -0.1213359083552211
v 0.0358549915254116 -0.0242483597248793 -0.0920290872454643
vn 3.7103897778180492 4.9604086689867017 0.9892515170146370
v 0.0342727303504944 -0.0233727600425482 -0.0921617671847343
vn 4.0925426893056835 4.5371784827098871 1.4228181272630016
v 0.0343189202249050 -0.0232595801353455 -0.0927570387721062
vn 4.0564958889961691 4.5593760785997732 1.4610645837726193
v 0.0323619805276394 -0.0222664996981621 -0.0903393030166626
vn 3.5019714625018437 5.1689755713206669 0.6568202165218625
v 0.0301705002784729 -0.0212619900703430 -0.0871918201446533
vn 3.4356209887608098 5.2172900281456247 0.6052743433543885
v 0.0322645306587219 -0.0224178396165371 -0.0892556309700012
vn 3.3395950973203630 5.2784069428633256 0.5857688914832131
v 0.0342249199748039 -0.0234324298799038 -0.0915540382266045
vn 4.7373174880102900 0.4619111660404886 4.0934867231096783
v 0.0306331496685743 -0.0180436894297600 -0.0909202024340630
vn 5.0320151425585093 0.4083412891346390 3.7327526016412143
v 0.0327009484171867 -0.0188347101211548 -0.0934004113078117
vn 3.4043452892450898 5.2577470414714664 0.4484033544962396
v 0.0359816513955593 -0.0242771506309509 -0.0937386080622673
vn 3.1245474225185781 5.4366354483272801 0.2082438233644420
v 0.0322142206132412 -0.0224303603172302 -0.0887014791369438
vn 3.2578368944610574 5.3557378089117815 0.2762873330706863
v 0.0301202498376369 -0.0212746802717447 -0.0866963788866997
vn 3.3349592975251472 5.2917502540933565 0.4626054245131708
v 0.0279210191220045 -0.0200304295867682 -0.0849086567759514
vn 3.3375763923358828 5.2765073053431299 0.6155210179556584
v 0.0256342794746161 -0.0187392197549343 -0.0833215713500977
vn 1.3285713306764437 4.9304934080817864 3.6597756325207929
v 0.0066608190536499 -0.0109155699610710 -0.0766540095210075
vn 1.6570862079951829 4.6947168573959797 3.8231365450534138
v 0.0079886307939887 -0.0109639698639512 -0.0771343708038330
vn 1.9594976483072257 4.2331235916709398 4.1962218684121195
v 0.0093201389536262 -0.0110387802124023 -0.0776539966464043
vn 2.2312806166058530 3.6959775208867311 4.5565799653401564
v 0.0106601100414991 -0.0111251398921013 -0.0782151222229004
vn 2.5010365765955207 3.6235578637556989 4.4783309067398669
v 0.0119754001498222 -0.0115423696115613 -0.0785662531852722
vn 2.7919898152977494 3.6036177520332231 4.3194094165188304
v 0.0133051797747612 -0.0120176002383232 -0.0789715573191643
vn 3.1462797610974746 3.6166605123962938 4.0560914707946196
v 0.0159732606261969 -0.0130912596359849 -0.0799190402030945
vn 3.4735386062460023 3.9923095209885111 3.3805165869739700
v 0.0185282193124294 -0.0144343897700310 -0.0808324217796326
vn 3.4956844829453839 3.5841515810920344 3.7896803999344848
v 0.0185663700103760 -0.0142686301842332 -0.0810448527336121
vn 3.7406321914433143 3.9597421386036054 3.1233871429377142
v 0.0210476499050856 -0.0156909208744764 -0.0820993110537529
vn 3.7843510480131717 3.5376932739329789 3.5478137177453384
v 0.0210903193801641 -0.0155136501416564 -0.0823467895388603
vn 3.9626491201391394 3.9112381681561534 2.9021719290533059
v 0.0234968606382608 -0.0169865395873785 -0.0835459232330322
vn 4.0307221166572686 3.4760565931947016 3.3303425691483874
v 0.0235428195446730 -0.0167947392910719 -0.0838320776820183
vn 4.1496418283184413 3.8512684812109028 2.7142716780855110
v 0.0258718095719814 -0.0182898007333279 -0.0851820707321167
vn 4.2438801786934519 3.4013858593630353 3.1367152920848067
v 0.0259194895625114 -0.0180798098444939 -0.0855103135108948
vn 4.3107854092342501 3.7813219894527648 2.5562134553851155
v 0.0281654000282288 -0.0195667706429958 -0.0870205685496330
vn 4.4328070268381028 3.3149516118882030 2.9631444673132949
v 0.0282135605812073 -0.0193350296467543 -0.0873937010765076
vn 4.4540637749446788 3.7012070754492639 2.4238926826179736
v 0.0303656999021769 -0.0207797195762396 -0.0890759825706482
vn 4.6051511021734255 3.2157090079552808 2.8056451783305523
v 0.0304127298295498 -0.0205221697688103 -0.0894961878657341
vn 4.5867668320497232 3.6100279303370759 2.3109073364796346
v 0.0324545986950397 -0.0218847896903753 -0.0913622900843620
vn 4.7685747639285943 3.1008244638600564 2.6584362695982215
v 0.0324990116059780 -0.0215973798185587 -0.0918311402201653
vn 4.7234388017147566 3.4954001096228398 2.2097894579878150
v 0.0344055183231831 -0.0228310804814100 -0.0938905999064445
vn 4.9353290917169250 2.9589417593700573 2.5127107315377732
v 0.0344459414482117 -0.0225094500929117 -0.0944085717201233
vn 4.9625338613297956 3.2395055736054772 2.0776402651092383
v 0.0361749492585659 -0.0235681496560574 -0.0966506600379944
vn 5.1615931308775069 2.7149656057386746 2.3295199271053666
v 0.0362108908593655 -0.0232075992971659 -0.0972181484103203
vn 5.3528190502808846 2.5465733889450637 2.0817579490227480
v 0.0369816385209560 -0.0235580801963806 -0.0986457392573357
vn 3.8426578738701043 4.9441924383564784 0.5069945271598458
v 0.0367424413561821 -0.0247109495103359 -0.0949816703796387
vn 3.5895050650415543 5.1162774142336138 0.6195159662285965
v 0.0360053703188896 -0.0242586694657803 -0.0940776988863945
vn 3.9821647650837355 4.8415737145705187 0.3980920087223639
v 0.0374182984232903 -0.0251689497381449 -0.0959098264575005
vn 4.3087882215097579 4.5170565098248634 0.6969632488312444
v 0.0374719984829426 -0.0251281205564737 -0.0966634079813957
vn 3.9895580235356238 4.8088831530676650 0.6548129870224320
v 0.0367673598229885 -0.0246887207031250 -0.0953387022018433
vn 3.7686741205946745 4.9599951302343399 0.7997902019246774
v 0.0360287390649319 -0.0242286305874586 -0.0944144725799561
vn 4.1775723686299893 4.6187429844936432 0.8268614478017891
v 0.0367916189134121 -0.0246542599052191 -0.0956932902336121
vn 3.9748952508526378 4.7603433586775843 0.9949972808243989
v 0.0360514484345913 -0.0241853501647711 -0.0947482511401176
vn 4.3361354069560809 4.4365135246568856 0.9925303920181195
v 0.0368153415620327 -0.0246061608195305 -0.0960446521639824
vn 4.1598542628109012 4.5531788004316196 1.1889198130898868
v 0.0360734984278679 -0.0241276007145643 -0.0950783416628838
vn 4.5286524401378623 4.1927024975754632 1.1748885513455956
v 0.0368384085595608 -0.0245426800101995 -0.0963923335075378
vn 4.6376466256908939 4.1151357104611517 1.0009310684586088
v 0.0375232584774494 -0.0250366292893887 -0.0974066182971001
vn 4.8520013913686757 3.6912913052804477 1.5163698892198412
v 0.0368826314806938 -0.0243632700294256 -0.0970735475420952
vn 5.0111994119907610 3.3821025409068386 1.7040267580960669
v 0.0369037911295891 -0.0242441203445196 -0.0974057912826538
vn 5.2163436710333091 2.9156695707111040 1.9316610455264056
v 0.0369442105293274 -0.0239419899880886 -0.0980480909347534
vn 5.4080053820251663 2.6339875922159846 1.8069715289405754
v 0.0376611910760403 -0.0243253707885742 -0.0995162725448608
vn 5.5455705056651849 2.1803747136418754 1.9862849322704408
v 0.0377013012766838 -0.0239179097115993 -0.1001458019018173
vn 5.6776519494375552 2.0361990310777256 1.7568200218303491
v 0.0383716188371181 -0.0242805406451225 -0.1017270013689995
vn 1.0322822307271720 4.9792744517898138 3.6831980199476111
v 0.0053455228917301 -0.0107027199119329 -0.0765070319175720
vn 1.3883229745647894 4.6288537954469069 4.0065788223125498
v 0.0066760177724063 -0.0106990896165371 -0.0769398808479309
vn 1.6867793342483912 4.1810363675087139 4.3649161373093186
v 0.0080088973045349 -0.0107224499806762 -0.0774064585566521
vn 1.9591219463525318 3.5805629441893081 4.7625611212253309
v 0.0093473792076111 -0.0107612004503608 -0.0779097005724907
vn 2.2020396360967518 3.2240032462670873 4.9190232548742365
v 0.0106776300817728 -0.0109687997028232 -0.0783357024192810
vn 2.4732991776299533 3.2179326039130904 4.7920058614972207
v 0.0119966799393296 -0.0113819800317287 -0.0786963701248169
vn 2.7642133457609956 3.1875600745808348 4.6510280756067806
v 0.0133305098861456 -0.0118527999147773 -0.0791123509407043
vn 3.1254047964151068 3.1765287738513686 4.4235410235868384
v 0.0160057507455349 -0.0129158403724432 -0.0800838991999626
vn 3.4887316283554792 3.1262006372740592 4.1806663204467513
v 0.0186046902090311 -0.0140797402709723 -0.0812377333641052
vn 3.7960966332675175 3.0655563370828736 3.9510451889597311
v 0.0211331192404032 -0.0153080197051167 -0.0825713202357292
vn 4.0642888301353439 2.9922230711969870 3.7342146682866098
v 0.0235884692519903 -0.0165687203407288 -0.0840914770960808
vn 4.3014946505226863 2.9067916710373534 3.5303799131283649
v 0.0259667597711086 -0.0178297106176615 -0.0858074426651001
vn 4.5156315513511620 2.8104446446004236 3.3358127280527801
v 0.0282607004046440 -0.0190567299723625 -0.0877309367060661
vn 4.7137535630098224 2.7002485103933402 3.1478967853812523
v 0.0304583907127380 -0.0202117506414652 -0.0898752808570862
vn 4.9027526603844391 2.5732852140733349 2.9607289511174684
v 0.0325415693223476 -0.0212504807859659 -0.0922530218958855
vn 5.0920364584536948 2.4204091366054197 2.7647449278529499
v 0.0344839617609978 -0.0221219006925821 -0.0948733016848564
vn 5.3229909028812932 2.1991350870048096 2.5025859141361169
v 0.0362440906465054 -0.0227748099714518 -0.0977256223559380
vn 5.6276866862721127 1.7984243336842622 2.1297119616932680
v 0.0377383194863796 -0.0234310608357191 -0.1007087007164955
vn 5.9497155167275446 0.8940400573862408 1.7963650153559125
v 0.0390589199960232 -0.0234902501106262 -0.1045219004154205
vn 5.7488482993249512 0.9405302256357361 2.3457455879853999
v 0.0378022715449333 -0.0222527291625738 -0.1015641987323761
vn 5.7154863959571438 1.3183361819564459 2.2420029682114424
v 0.0377719886600971 -0.0228730402886868 -0.1011860966682434
vn 5.5099425381383123 1.1924461796307626 2.7667938918845234
v 0.0363013707101345 -0.0217227898538113 -0.0984969064593315
vn 5.4514184807345298 1.6456401734284929 2.6469021872699821
v 0.0362742505967617 -0.0222772303968668 -0.0981559678912163
vn 5.2657646933484497 1.3757981721516626 3.1339818413122478
v 0.0345492884516716 -0.0211752001196146 -0.0955814719200134
vn 5.2018319812148874 1.8787243689083957 2.9739342918700640
v 0.0345187112689018 -0.0216748099774122 -0.0952683016657829
vn 5.0392745443941100 1.5081881438409948 3.4307218361634031
v 0.0326144583523273 -0.0203998591750860 -0.0928981304168701
vn 4.9931463185418243 2.0280009485291290 3.2221102154215089
v 0.0325805507600307 -0.0208492800593376 -0.0926124379038811
vn 4.8048060024783714 1.6232713452673040 3.7030991078584794
v 0.0305368900299072 -0.0194495301693678 -0.0904572606086731
vn 4.7807211848623874 2.1546405057975901 3.4529087584754117
v 0.0305004697293043 -0.0198525097221136 -0.0901991128921509
vn 4.5585231594601217 1.7278638712193737 3.9578623947599354
v 0.0283423606306314 -0.0183748006820679 -0.0882511064410210
vn 4.5578899455391602 2.2663411870707959 3.6748722527112996
v 0.0283043906092644 -0.0187353398650885 -0.0880198404192924
vn 4.2968973779432877 1.8258087696429537 4.1988067425681992
v 0.0260487105697393 -0.0172197204083204 -0.0862682387232780
vn 4.3193722572154503 2.3675114752357165 3.8923955193186766
v 0.0260106306523085 -0.0175420008599758 -0.0860627219080925
vn 4.0160260086129949 1.9188451543038858 4.4288855052567442
v 0.0236683394759893 -0.0160226207226515 -0.0844963714480400
vn 4.0592858126916234 2.4590516302293151 4.1094039083967058
v 0.0236310902982950 -0.0163105707615614 -0.0843151211738586
vn 3.7106545590763318 2.0082978179594053 4.6501214009972465
v 0.0212083999067545 -0.0148175898939371 -0.0829244777560234
vn 3.7710204369563440 2.5421745064776848 4.3277998541634810
v 0.0211730506271124 -0.0150753203779459 -0.0827656909823418
vn 3.3764505143288277 2.0981124605830632 4.8605463151797714
v 0.0186728201806545 -0.0136372400447726 -0.0815439224243164
vn 3.4483402926174942 2.6183848944704016 4.5464764614242767
v 0.0186408106237650 -0.0138688003644347 -0.0814055204391479
vn 2.9987822381859726 2.1886245018702857 5.0641884416112104
v 0.0160640403628349 -0.0125135099515319 -0.0803483128547668
vn 3.0756073970350886 2.6897158730978061 4.7674394971233420
v 0.0160365700721741 -0.0127229001373053 -0.0802280306816101
vn 2.6397638591381378 2.2588719019510948 5.2312359928330192
v 0.0133767696097493 -0.0114832501858473 -0.0793408676981926
vn 2.7125795369837071 2.7296326713669492 4.9620344553223337
v 0.0133547699078918 -0.0116744004189968 -0.0792361423373222
vn 2.3588513472243360 2.3156201799785459 5.3397457991506982
v 0.0120359603315592 -0.0110264401882887 -0.0789089724421501
vn 2.4241028943926284 2.7741615525707650 5.0853977650945561
v 0.0120172500610352 -0.0112096602097154 -0.0788112208247185
vn 2.1553204912511768 2.6934730541972378 5.2424049646545576
v 0.0106947999447584 -0.0108021404594183 -0.0784425064921379
vn 2.9811921364078864 5.4299126825246997 -1.0307433968867203
v 0.0363444015383720 -0.0235556904226542 -0.0842686221003532
vn 2.2656663110135788 5.6868640163199204 -1.3517020208238575
v 0.0349934101104736 -0.0225818101316690 -0.0828571915626526
vn 4.4257581164776543 3.5469734815646881 -2.6893969589082785
v 0.0347588583827019 -0.0170579496771097 -0.0639984011650085
vn 3.8979875287727523 3.8438528065549731 -3.0660688716206876
v 0.0335541889071465 -0.0157176200300455 -0.0640320703387260
vn 4.4716684573814547 3.3323100119703928 -2.8734132432722950
v 0.0347973704338074 -0.0162384491413832 -0.0629096627235413
vn 5.8978214827637370 1.1270891436554500 -1.8370789489308379
v 0.0377769991755486 -0.0051201581954956 -0.0475662313401699
vn 6.0473829491823317 0.7844125390936723 -1.4987913447054544
v 0.0380060598254204 -0.0065547819249332 -0.0475658699870110
vn 6.0304126343124631 0.9132759124642735 -1.4957286614069301
v 0.0375068709254265 -0.0102658802643418 -0.0515941902995110
vn 6.2344386515301426 -0.7549630657333590 -0.0282604356432653
v 0.0375865586102009 -0.0153213702142239 -0.0515942499041557
vn 6.1603656822854997 -1.2308820208668969 0.1064494996489832
v 0.0376274511218071 -0.0149939600378275 -0.0495318099856377
vn 6.1635104644336653 -1.1688145608094664 0.2877173707389863
v 0.0373914204537868 -0.0165859404951334 -0.0515944287180901
vn 6.0602506045665008 -1.5566112734250099 0.5389620766475669
v 0.0371125303208828 -0.0178351402282715 -0.0515946708619595
vn 5.9370122493693245 -1.8683486631564299 0.7987464800095273
v 0.0367161594331264 -0.0211486201733351 -0.0559872314333916
vn 6.1516488224397703 0.6676561470639804 -1.0571131238331313
v 0.0372869297862053 -0.0155276600271463 -0.0559791289269924
vn 6.2441259088092984 0.1731599843341847 -0.6094275341375780
v 0.0373618602752686 -0.0166041199117899 -0.0559813305735588
vn 6.2627988817007960 -0.3485717423162837 -0.1776863285261496
v 0.0373482108116150 -0.0177119895815849 -0.0559833012521267
vn 5.2538780846542563 1.9890356936587461 -2.8018101939772619
v 0.0365905091166496 -0.0009244949906133 -0.0475669503211975
vn 5.0825370707638848 2.1751198611319120 -2.9795466071669341
v 0.0361215397715569 -0.0054340357892215 -0.0515943095088005
vn 4.8039477564332822 2.3863955595578004 -3.2650817309712536
v 0.0355898700654507 -0.0042846198193729 -0.0515941902995110
vn 4.8780650448808345 2.4681865415705260 -3.0934093741076687
v 0.0357645712792873 -0.0105232000350952 -0.0559676215052605
vn 4.5532273021250802 2.6758324870537318 -3.4010827077015131
v 0.0352491699159145 -0.0095806121826172 -0.0559663102030754
vn 4.8232884378287286 2.6837861172626187 -2.9978414679792862
v 0.0356055386364460 -0.0129547100514174 -0.0582889914512634
vn 4.4492251468663646 2.9451422506383396 -3.3108800577478101
v 0.0351003408432007 -0.0121112400665879 -0.0582875609397888
vn 4.4969298964088855 3.1158094071746731 -3.0731729943640373
v 0.0349401198327541 -0.0143565498292446 -0.0606549903750420
vn 6.1366448660947892 0.7663305166338087 -1.0620147997159286
v 0.0371212884783745 -0.0174500308930874 -0.0582997687160969
vn 6.2374891023942958 0.2229936449503274 -0.6221145647470391
v 0.0372028313577175 -0.0184380393475294 -0.0583019182085991
vn 6.2566453115972296 -0.3624089439118542 -0.1877927925364687
v 0.0371939502656460 -0.0194693207740784 -0.0583038292825222
vn 6.1901973008169486 -0.9634671084664277 0.2133095980721996
v 0.0370801016688347 -0.0205552503466606 -0.0583053790032864
vn 5.1621029825614766 3.0600181871087249 -1.8529593947826992
v 0.0356420800089836 -0.0190653204917908 -0.0650251507759094
vn 5.0872042530568304 3.0294583175643091 -2.1003889861726126
v 0.0356470905244350 -0.0183636508882046 -0.0639552399516106
vn 5.4035915480366254 2.4615863845720738 -2.0425013695459899
v 0.0360522195696831 -0.0183132197707891 -0.0628566667437553
vn 5.8498309215486133 1.2819008033891859 -1.8902352181998683
v 0.0372774004936218 -0.0090280165895820 -0.0515942499041557
vn 5.9896728187360129 1.1267409772048778 -1.5073527832025619
v 0.0371306501328945 -0.0144796296954155 -0.0559766218066216
vn 5.7667411852289039 1.5425522276320351 -1.9484559185693304
v 0.0368969403207302 -0.0134576503187418 -0.0559740588068962
vn 5.9632833463102326 1.2632287397261852 -1.4962214110780891
v 0.0369598791003227 -0.0164982602000237 -0.0582975111901760
vn 5.7298223220714588 1.7088587543562044 -1.9148950642122751
v 0.0367238484323025 -0.0155778499320149 -0.0582951307296753
vn 5.9327358212532513 1.3962329417362369 -1.5004896413451219
v 0.0367675386369228 -0.0182923004031181 -0.0606335401535034
vn 5.6913033795009733 1.8654364069855101 -1.8840320767224705
v 0.0365299507975578 -0.0174605194479227 -0.0606383010745049
vn 5.9522337543308339 1.5261101864149986 -1.2910082229817545
v 0.0365914702415466 -0.0198000594973564 -0.0628160163760185
vn 5.7102045516074531 2.0237657973568970 -1.6524193009939827
v 0.0363525710999966 -0.0190412402153015 -0.0628365203738213
vn 6.1188259330150636 0.8640165578704349 -1.0909240350076876
v 0.0369336605072021 -0.0191600304096937 -0.0606287717819214
vn 6.2313297061122288 0.2714416170169914 -0.6647979450537707
v 0.0370211005210876 -0.0200711991637945 -0.0606242418289185
vn 6.2537350104525666 -0.3823127662000052 -0.2299569199289853
v 0.0370161496102810 -0.0210366193205118 -0.0606199987232685
vn 6.1748408793255267 -1.0597582442740154 0.1888577515393525
v 0.0368972383439541 -0.0220754705369473 -0.0606163106858730
vn 5.9949969127694986 -1.7438768493268428 0.5694517740411864
v 0.0366510115563869 -0.0231458507478237 -0.0606127902865410
vn 6.2069721178107535 -0.8759430485509253 0.4217573592624013
v 0.0366896316409111 -0.0239163003861904 -0.0637850686907768
vn 6.1784075158870060 -1.0752656890852281 0.2609615800159550
v 0.0367296300828457 -0.0233592893928289 -0.0627407431602478
vn 6.2588117001483594 -0.3928842835025827 0.1167620536765297
v 0.0368161201477051 -0.0229327008128166 -0.0638067722320557
vn 6.2580682838759039 -0.4005949910115791 -0.1166209253649356
v 0.0368545018136501 -0.0223577003926039 -0.0627576708793640
vn 6.2567502415429521 0.3623877032538301 -0.3011220757456843
v 0.0368148609995842 -0.0220466200262308 -0.0638300701975822
vn 6.2412677321271151 0.3216033525595466 -0.5622127560823023
v 0.0368556305766106 -0.0214466992765665 -0.0627760812640190
vn 6.1789195199771925 0.8915792672292541 -0.6882920928324228
v 0.0367183610796928 -0.0212266407907009 -0.0638547465205193
vn 6.1358691743509954 0.9433522690786409 -0.9344792163286564
v 0.0367624685168266 -0.0205985903739929 -0.0627956315875053
vn 6.2171937119246001 0.0677704692707962 -0.8880344485974176
v 0.0382055006921291 -0.0094175329431891 -0.0475654006004333
vn 6.2613944821164065 -0.3233225369099991 -0.3628932384443032
v 0.0376954004168510 -0.0140499398112297 -0.0515940710902214
vn 6.2087846794321759 -0.8773227676725079 0.2169245227105033
v 0.0372371003031731 -0.0188562199473381 -0.0559847913682461
vn 6.0484231736821510 -1.5464144016657579 0.5548612908732655
v 0.0368538983166218 -0.0216627102345228 -0.0583066903054714
vn 5.7606587434508150 -2.3360512508809075 0.8071070027849008
v 0.0362889096140862 -0.0241880994290113 -0.0606094002723694
vn 5.6393936089474455 -2.5662633639093722 0.9861411778702749
v 0.0360651612281799 -0.0254093408584595 -0.0627087280154228
vn 5.2952406085553418 -3.1556135177101643 1.1777054582301103
v 0.0355583988130093 -0.0263707004487514 -0.0626928806304932
vn 6.0920009834958133 -1.3913536530441222 0.5577601995522096
v 0.0370247885584831 -0.0200118999928236 -0.0559859797358513
vn 5.8511906027459935 -2.0884765632355675 0.8274007304369956
v 0.0365225598216057 -0.0227476302534342 -0.0583080016076565
vn 5.6188002268351935 -2.5792387442742779 1.0318936222308965
v 0.0360932312905788 -0.0238014999777079 -0.0583092495799065
vn 5.4854712437203057 -2.8658591810007024 1.0028342147565761
v 0.0358222089707851 -0.0251922607421875 -0.0606059990823269
vn 5.1975131821575724 -3.3220174819702528 1.1309980286484227
v 0.0352626405656338 -0.0261528994888067 -0.0606026016175747
vn 4.9928227878072322 -3.5982798060281431 1.2253938572536616
v 0.0349567495286465 -0.0272813402116299 -0.0626771375536919
vn 4.6896003620679956 -3.9690540265634513 1.2867899030970957
v 0.0342760011553764 -0.0281406603753567 -0.0626616403460503
vn 4.5473040530705928 -4.1198315589782180 1.3217874224389599
v 0.0341638885438442 -0.0285938903689384 -0.0636829733848572
vn 4.3475293168489140 -4.3667983413908429 1.1779764917576578
v 0.0331475101411343 -0.0287560801953077 -0.0605927109718323
vn 4.6339325871729544 -4.0448979593377894 1.2355182041223003
v 0.0339149199426174 -0.0279350206255913 -0.0605959184467793
vn 4.8620429434457790 -3.7379450478408707 1.3078662565612622
v 0.0343068800866604 -0.0267283897846937 -0.0583131313323975
vn 5.1151185259668939 -3.3991138849436910 1.2615479691624334
v 0.0349758788943291 -0.0257951002568007 -0.0583118200302124
vn 5.2917792251697007 -3.1031826413040329 1.3160629200471408
v 0.0352662801742554 -0.0243818704038858 -0.0559908710420132
vn 5.5155626184827033 -2.7328716701763822 1.2122416554379747
v 0.0358300209045410 -0.0233386699110270 -0.0559896789491177
vn 5.6513125531901034 -2.4955065358058781 1.1157706053552165
v 0.0360646806657314 -0.0217949692159891 -0.0537352487444878
vn 5.7796856307314597 -2.2361170073188514 1.0298670229044917
v 0.0365236401557922 -0.0206518694758415 -0.0537351891398430
vn 5.9182492195615763 -1.9555292895290022 0.7728800928605833
v 0.0367527008056641 -0.0190641190856695 -0.0515948496758938
vn 4.2629099544041091 -4.4351991806405087 1.2601985819183026
v 0.0310402493923903 -0.0287767592817545 -0.0537354908883572
vn 4.0027374791194434 -4.6712398718475745 1.2555250654435004
v 0.0306235495954752 -0.0297934394329786 -0.0559968911111355
vn 4.4166493203683883 -4.2464414441086502 1.3644366729969608
v 0.0323699116706848 -0.0281536504626274 -0.0559950396418571
vn 4.1421992484853165 -4.6812998798787389 0.5842815812585846
v 0.0285710003226995 -0.0298111401498318 -0.0475658699870110
vn 4.3402387741494808 -4.4672924320042684 0.8027095324636139
v 0.0300709605216980 -0.0286940298974514 -0.0495360381901264
vn 4.5055224675429812 -4.2270310430196529 1.1284467650171999
v 0.0314550884068012 -0.0277493000030518 -0.0515965782105923
vn 4.6583627279266437 -3.9890590797891776 1.3443205179923079
v 0.0327454209327698 -0.0269784908741713 -0.0537354908883572
vn 4.8337392952971205 -3.7669949994219660 1.3550902018378717
v 0.0339329801499844 -0.0263495407998562 -0.0559930801391602
vn 2.6463915207769784 -5.6818790574324085 0.3672637030176970
v 0.0210550408810377 -0.0351318083703518 -0.0515993200242519
vn 2.2237682803581720 -5.8615081176903541 0.3455685987757441
v 0.0201877299696207 -0.0357823893427849 -0.0560017786920071
vn 2.0352226144360821 -5.9313876002113659 0.3048133778428368
v 0.0197334792464972 -0.0360780283808708 -0.0583250485360622
vn 2.1054586185041728 -5.9028703186765963 0.4096117371040209
v 0.0214135590940714 -0.0356211587786674 -0.0605617091059685
vn 1.9254678531459302 -5.9651210026903163 0.3867600815797940
v 0.0209077000617981 -0.0359225198626518 -0.0624819286167622
vn 2.4141685747217969 -5.7761949500500016 0.4977080210816404
v 0.0235646907240152 -0.0347958803176880 -0.0605657100677490
vn 2.1729078734616549 -5.8697289585150072 0.4711354935392615
v 0.0230405908077955 -0.0351848006248474 -0.0625020191073418
vn 2.7362284126339729 -5.6142378268456774 0.6491244468504889
v 0.0256628897041082 -0.0338589511811733 -0.0605702400207520
vn 2.4892417044479345 -5.7147759224704382 0.7627916325497432
v 0.0251313392072916 -0.0343449115753174 -0.0625241920351982
vn 3.0896715656662890 -5.4058831335688824 0.8006537908090233
v 0.0276937391608953 -0.0327999517321587 -0.0605751797556877
vn 2.8189387346507764 -5.5333290240327990 0.9269040993198188
v 0.0271668992936611 -0.0333923101425171 -0.0625483915209770
vn 3.4818305050087797 -5.1357564830319156 0.9413391586941098
v 0.0296377502381802 -0.0316066108644009 -0.0605806708335876
vn 3.1903424374954037 -5.2958275603440956 1.0859844155821847
v 0.0291297994554043 -0.0323137007653713 -0.0625744983553886
vn 3.9200833911403796 -4.7820686305332227 1.0548845837730982
v 0.0314680896699429 -0.0302639603614807 -0.0605865083634853
vn 3.6145117040915822 -4.9805320598980298 1.2256800508731387
v 0.0309955999255180 -0.0310925208032131 -0.0626021623611450
vn 4.0526730996931430 -4.6071005433416854 1.3136270661034370
v 0.0327289104461670 -0.0297089200466871 -0.0626313015818596
vn 5.7274704825817340 -2.3337262648817747 1.0529062172064387
v 0.0363157317042351 -0.0222594104707241 -0.0559884905815125
vn 5.3696586205644241 -3.0149911711799389 1.1731229461161314
v 0.0355743691325188 -0.0248185303062201 -0.0583105608820915
vn 4.9115975746426530 -3.7111655562604833 1.2038503870829933
v 0.0346230193972588 -0.0270676594227552 -0.0605992004275322
vn 4.3631204729173554 -4.3295690127128328 1.2745093211910261
v 0.0335299894213676 -0.0289491396397352 -0.0626463219523430
vn 3.9800093372072123 -4.6701527337748114 1.3234666477221906
v 0.0325900316238403 -0.0301064196974039 -0.0636437535285950
vn 4.1753672220511504 -4.4840644503634799 1.3631869229691842
v 0.0333561785519123 -0.0297494493424892 -0.0647286102175713
vn 5.4710780716880869 2.8039240201473912 -1.2672609490837698
v 0.0360168814659119 -0.0200288798660040 -0.0655888319015503
vn 5.1619775544086632 3.2391342343797227 -1.5176363506953834
v 0.0356733687222004 -0.0195675995200872 -0.0658638402819633
vn 5.1564905726024639 3.1391283414421292 -1.7121176155230200
v 0.0356592498719692 -0.0194011908024549 -0.0656080171465874
vn 4.9108321772167915 3.4769985066755087 -1.7983022438841401
v 0.0352604314684868 -0.0189624391496181 -0.0658807083964348
vn 4.8505890952021922 3.4410631849066364 -2.0104744234933913
v 0.0352468416094780 -0.0187891703099012 -0.0656261965632439
vn 4.9945014717798859 3.6124921753221737 -1.1838314405339443
v 0.0352778397500515 -0.0191323105245829 -0.0662131905555725
vn 5.2328267888639708 3.3200923418960442 -1.0047283934794313
v 0.0356915481388569 -0.0197306796908379 -0.0662019774317741
vn 5.1824281599162649 3.4945692713798371 -0.6178714813908964
v 0.0357407294213772 -0.0200426504015923 -0.0673747584223747
vn 5.5071463502151046 2.9039663029064511 -0.7970823832976097
v 0.0360510908067226 -0.0203448496758938 -0.0661903619766235
vn 5.1469928186742688 3.5570595295214269 -0.5317271712477014
v 0.0358064696192741 -0.0203540306538343 -0.0687525197863579
vn 4.5388735937297700 3.7846757221340779 -2.1204771797376845
v 0.0347865782678127 -0.0183626990765333 -0.0658968612551689
vn 4.7950613486471703 3.8145580539102806 -1.3517065757096953
v 0.0350487194955349 -0.0188358407467604 -0.0662186071276665
vn 4.9250419358754431 3.8092191144081928 -0.8227164289176512
v 0.0353244505822659 -0.0194580499082804 -0.0673497319221497
vn 4.8566425192573899 3.9219363918007768 -0.6776770110993449
v 0.0353868007659912 -0.0197825394570827 -0.0686794519424438
vn 4.6562038401301153 4.1509440049118691 -0.7248653040021225
v 0.0355539284646511 -0.0204466506838799 -0.0713162422180176
vn 5.0011684926275857 3.7596493821912964 -0.5173260100310777
v 0.0359834991395473 -0.0209945403039455 -0.0714907571673393
vn 4.7966067550744205 4.0063226969308046 -0.5668638265504695
v 0.0362120196223259 -0.0216615200042725 -0.0742615982890129
vn 5.7778502433790599 2.4027180174479499 -0.5087074390942518
v 0.0363563187420368 -0.0209832694381475 -0.0661785006523132
vn 5.7035598675610766 2.6119728724588187 -0.2195467215623248
v 0.0364840589463711 -0.0215523801743984 -0.0689036771655083
vn 5.4270388024200482 3.1297726914877808 -0.4070167480368736
v 0.0361723303794861 -0.0209410693496466 -0.0688274502754211
vn 6.1382902456859885 1.2895087012459319 0.1497880000347510
v 0.0369272194802761 -0.0228793006390333 -0.0690574571490288
vn 5.9511391375582106 1.9938423330260902 -0.0205559771258676
v 0.0367379710078239 -0.0221954490989447 -0.0689805671572685
vn 5.9978271155534966 1.8372960373856642 -0.2502588152022417
v 0.0366040393710136 -0.0216541793197393 -0.0661665201187134
vn 5.7064360598626109 2.6238713787720815 -0.0458776522719691
v 0.0370751582086086 -0.0230652596801519 -0.0750049874186516
vn 5.4932676385271000 3.0356345026029441 -0.1750358920011844
v 0.0369316302239895 -0.0227713491767645 -0.0748541280627251
vn 5.1582069186214277 3.5538045639768470 -0.3640774337117254
v 0.0365999899804592 -0.0222050491720438 -0.0745548605918884
vn 5.2749199905813207 3.3878189751519421 -0.3448830160231962
v 0.0363590084016323 -0.0215578004717827 -0.0716701075434685
vn 4.9328432315807245 3.8575221748633819 -0.4344511442502492
v 0.0368844196200371 -0.0228893700987101 -0.0774843022227287
vn 5.2296211335930831 3.4678978176525250 -0.2576533148383554
v 0.0370641909539700 -0.0231612902134657 -0.0776957198977470
vn 5.4151070784810775 3.1799817305009563 -0.1462996852989587
v 0.0372288189828396 -0.0234394595026970 -0.0779088065028191
vn 4.5691222109782679 4.2539323674867031 -0.6177187863273154
v 0.0364819690585136 -0.0223610401153564 -0.0770687386393547
vn 4.3264822738071329 4.4918186857635112 -0.6762431169643944
v 0.0367828607559204 -0.0230919104069471 -0.0799252912402153
vn 4.0431522485663827 4.6141583191170037 -1.3489973399453923
v 0.0336410887539387 -0.0176755096763372 -0.0672794505953789
vn 4.2585009112495307 4.4926783915662121 -1.0629149725085139
v 0.0343531891703606 -0.0186434295028448 -0.0685406923294067
vn 4.3384492706943503 4.4488893978152388 -0.9141927219867771
v 0.0350635014474392 -0.0199049692600965 -0.0711474418640137
vn 4.4077787363349232 4.3973015429824498 -0.8045036958910627
v 0.0357694588601589 -0.0211332403123379 -0.0739769935607910
vn 4.1569929762985636 4.6262459202781878 -0.8331542441689938
v 0.0360236689448357 -0.0218478403985500 -0.0766658708453178
vn 3.8755995013258024 4.8540665420463034 -0.8944706442588994
v 0.0363069102168083 -0.0225887205451727 -0.0793968364596367
vn 3.6214618785789461 5.0471120467592669 -0.9026518399921282
v 0.0366094112396240 -0.0233297292143106 -0.0821815729141235
vn 3.9073117165453888 4.8946749340820084 -0.4888314716675508
v 0.0377673506736755 -0.0251632295548916 -0.0889212414622307
vn 3.4911641693429099 5.1610345380141656 -0.7917795393395028
v 0.0369213782250881 -0.0240378901362419 -0.0850374624133110
vn 3.9861459602864375 4.8145998692587719 -0.5979549709314419
v 0.0374358184635639 -0.0245309993624687 -0.0858383104205132
vn 4.1022623969108620 4.6970117728090992 -0.6909996158761716
v 0.0371042415499687 -0.0238264705985785 -0.0828428193926811
vn 4.4278958571521958 4.4255469118399295 -0.5260302736120863
v 0.0375401899218559 -0.0243375804275274 -0.0835262537002563
vn 4.7342326682833056 4.0919673403521353 -0.4897627814673890
v 0.0372015200555325 -0.0236096307635307 -0.0804711505770683
vn 5.0607101538082047 3.7047167926217406 -0.3209932226001463
v 0.0373884998261929 -0.0238759499043226 -0.0807490274310112
vn 5.3285753525001986 3.3204904719486956 -0.1633999763454622
v 0.0375597402453423 -0.0241480991244316 -0.0810290500521660
vn 6.2351924274542094 -0.2183356990576789 0.6762763689307133
v 0.0390421114861965 -0.0275931302458048 -0.0904813408851624
vn 6.2423357138082309 0.5121496819476257 0.4643386053213487
v 0.0375331602990627 -0.0246812701225281 -0.0757565423846245
vn 6.2571451620230958 0.0386570737003794 0.5403973412295279
v 0.0375609882175922 -0.0250438991934061 -0.0759037733078003
vn 6.2452558546202575 0.4937674700681772 0.3076521133591181
v 0.0370380803942680 -0.0236156508326530 -0.0691336914896965
vn 6.2561247687150860 -0.2631188624876072 0.4283397210063560
v 0.0370527505874634 -0.0244200807064772 -0.0692088007926941
vn 5.4435527419356822 2.6886174722731560 -1.6031724269290859
v 0.0359986983239651 -0.0197071395814419 -0.0650010108947754
vn 5.7260298213377379 2.2404399945216658 -1.2715788241836621
v 0.0363003611564636 -0.0203732196241617 -0.0649759694933891
vn 5.7528870249891693 2.3354808466361114 -0.9209353155432167
v 0.0363200306892395 -0.0206810198724270 -0.0655689835548401
vn 5.9853837062426134 1.6891369603392947 -0.8481574202951768
v 0.0365436598658562 -0.0210716705769300 -0.0649505779147148
vn 5.9863295962598606 1.7955468839442965 -0.5667898050476939
v 0.0365653596818447 -0.0213655196130276 -0.0655488893389702
vn 6.1620945231320547 1.1090930415318188 -0.4240277701852617
v 0.0367216393351555 -0.0218114797025919 -0.0649253129959106
vn 6.1616672341185001 1.1628674828268735 -0.2015035707780605
v 0.0367456600070000 -0.0220914408564568 -0.0655288621783257
vn 6.2602499206109341 0.4049371373784996 -0.0353283628971111
v 0.0368220806121826 -0.0226044002920389 -0.0649006888270378
vn 6.2545237770169422 0.4392494286882531 0.1627898367923667
v 0.0368482992053032 -0.0228708293288946 -0.0655093118548393
vn 6.2483349821908067 -0.3877210709980197 0.3510669983362007
v 0.0368266701698303 -0.0234654508531094 -0.0648771524429321
vn 6.2366807001649054 -0.3738622188500082 0.5159824677231328
v 0.0368549786508083 -0.0237189494073391 -0.0654904767870903
vn 6.1432838747017904 -1.1207482445937571 0.6297741269731578
v 0.0367001183331013 -0.0244289599359035 -0.0648549720644951
vn 6.0984759615360957 -1.2221609858602565 0.7948322538253028
v 0.0367292687296867 -0.0246710702776909 -0.0654726028442383
vn 5.9966764774947947 -1.6879064452546773 0.7953188158971588
v 0.0365766212344170 -0.0249388199299574 -0.0648442506790161
vn 5.8135633481489970 -2.0947955448061277 1.0701587491788467
v 0.0364442989230156 -0.0256717205047607 -0.0654553100466728
vn 6.0768600377946900 -1.2887158808635291 0.7100064361953720
v 0.0367770083248615 -0.0249063894152641 -0.0661200210452080
vn 6.2030888058679201 -0.8401965193679448 0.5023839673214198
v 0.0370135903358459 -0.0248578097671270 -0.0692457482218742
vn 6.2280867712509096 -0.3945456771573235 0.4963292626475621
v 0.0369011089205742 -0.0239667203277349 -0.0661312267184258
vn 6.2490104936977451 0.4334236027084729 0.2564719046828152
v 0.0368922315537930 -0.0231322608888149 -0.0661427900195122
vn 6.1629387817776689 1.1794310692838725 0.0081065694264072
v 0.0367870889604092 -0.0223665200173855 -0.0661545917391777
vn 5.1299787457062198 -3.3638039727940878 1.3334720486449971
v 0.0354847311973572 -0.0275359097868204 -0.0654208585619926
vn 5.4773548951455462 -2.7965389328625605 1.2415260070036629
v 0.0360221788287163 -0.0266305804252625 -0.0654380321502686
vn 5.8092679307540349 -2.1377944211012068 0.8584364969108633
v 0.0364919900894165 -0.0258951708674431 -0.0661090612411499
vn 5.9874637498264676 -1.7963498465411951 0.6003436256224771
v 0.0368123017251492 -0.0258135702461004 -0.0693185925483704
vn 6.1128908418024475 -1.3261229979606699 0.5559072711085302
v 0.0369338914752007 -0.0253295302391052 -0.0692822933197021
vn 5.4689384567269359 -2.8747988910395437 0.9358523261888703
v 0.0360688492655754 -0.0268415808677673 -0.0660980865359306
vn 5.1145841752113093 -3.4656063585712591 0.9502334331259055
v 0.0355301387608051 -0.0277336798608303 -0.0660871788859367
vn 5.0868428308030449 -3.6123884353484486 0.6775794314810215
v 0.0356993004679680 -0.0280660297721624 -0.0694990083575249
vn 4.7062205572735456 -4.1021321450463528 0.6623726712775124
v 0.0350702404975891 -0.0288698598742485 -0.0695704221725464
vn 4.5037650849174753 -4.2934496251985133 0.8400312548951671
v 0.0357174202799797 -0.0295351091772318 -0.0774477720260620
vn 4.1343892347663678 -4.6569560236413849 0.8141198113800958
v 0.0350490808486938 -0.0302249696105719 -0.0777213498950005
vn 3.8583350891112120 -4.8627532651913414 0.9227675075405678
v 0.0360390506684780 -0.0310435798019171 -0.0863460823893547
vn 5.7376070971703728 -2.4202187087329885 0.8158133642784283
v 0.0372051484882832 -0.0271521192044020 -0.0766146108508110
vn 5.8317329502102417 -2.2432355520192333 0.6335869397554966
v 0.0366531014442444 -0.0262885000556707 -0.0693548321723938
vn 5.5422139386367029 -2.8333406235573184 0.8394550980800509
v 0.0370250903069973 -0.0275813303887844 -0.0767544507980347
vn 5.6613698404947996 -2.6395038617125097 0.6560468385388882
v 0.0364592596888542 -0.0267527103424072 -0.0693910121917725
vn 5.2811919350692573 -3.2853009439417420 0.8559709584422051
v 0.0368142686784267 -0.0279989801347256 -0.0768939182162285
vn 5.4242758440109444 -3.0885589241190639 0.6724362560404799
v 0.0362338386476040 -0.0272046308964491 -0.0694271326065063
vn 4.9116995187515684 -3.8121642372739695 0.8569824665671458
v 0.0363118015229702 -0.0287941005080938 -0.0771718025207520
vn 6.0626601812002718 -1.4629840252421680 0.7325378962033990
v 0.0374624095857143 -0.0262649599462748 -0.0763342306017876
vn 5.9970436759368031 -1.6463031855392232 0.8600646948133122
v 0.0381914302706718 -0.0274022798985243 -0.0837827324867249
vn 6.1703046228217477 -0.9521808782748707 0.6739548967089406
v 0.0375322103500366 -0.0258287694305182 -0.0761928483843803
vn 6.1240295306782766 -1.1281327810420398 0.7995224056174992
v 0.0382468104362488 -0.0270034000277519 -0.0835211798548698
vn 6.2348717651404222 -0.4428011966744345 0.6055144199511237
v 0.0375626608729362 -0.0254242997616529 -0.0760492607951164
vn 6.1777401068914539 -0.8528410458158723 0.7657472489495797
v 0.0382659398019314 -0.0266315899789333 -0.0832551121711731
vn 5.9424051129895368 -1.8175890885338901 0.8694029314609975
v 0.0390185117721558 -0.0286231599748135 -0.0916891619563103
vn 6.0817878233852705 -1.3108115851174815 0.8212254539916977
v 0.0390568897128105 -0.0282610002905130 -0.0912934467196465
vn 6.1806226868733614 -0.7755643299690459 0.7564169456442422
v 0.0390633307397366 -0.0279192905873060 -0.0908905789256096
vn 5.6274460969447277 -2.6192589126094714 0.9476369997195332
v 0.0379728600382805 -0.0282125994563103 -0.0843009278178215
vn 5.4100313795168180 -3.0365329950935886 0.9734220493426714
v 0.0378158017992973 -0.0286055803298950 -0.0845593810081482
vn 5.1285136229372474 -3.4812541737740714 0.9866741620751149
v 0.0376302003860474 -0.0289885904639959 -0.0848172307014465
vn 4.7348948827384900 -3.9967153410653276 0.9869402786522568
v 0.0371826812624931 -0.0297197103500366 -0.0853307768702507
vn 4.3088811730413337 -4.4608034764205389 0.9701644735839161
v 0.0366473086178303 -0.0304037295281887 -0.0858407020568848
vn 3.7408971635930257 -4.9500920524162195 0.9053072739527847
v 0.0371854901313782 -0.0319720506668091 -0.0955656096339226
vn 4.2037944601312667 -4.5607300724920581 0.9385683583417612
v 0.0377206206321716 -0.0313725993037224 -0.0948014184832573
vn 4.6315626286008706 -4.1146745767274426 0.9590995434261681
v 0.0381836816668510 -0.0307380501180887 -0.0940303206443787
vn 5.0899097548611536 -3.5232321714048069 0.9600445994779617
v 0.0385633111000061 -0.0300656501203775 -0.0932537317276001
vn 5.4942803353965521 -2.8711608822089763 0.9388128821828545
v 0.0388465486466885 -0.0293576698750257 -0.0924729108810425
vn 3.5532486426162171 4.2262168407005225 -2.9777018818715808
v 0.0328085385262966 -0.0162565708160400 -0.0656898021697998
vn 3.5295640116318179 4.2423586932525588 -3.0001933298067076
v 0.0328194983303547 -0.0164566002786160 -0.0659413263201714
vn 3.6232066045608997 4.4046605309902658 -2.6302409217897327
v 0.0328262411057949 -0.0165555402636528 -0.0660831332206726
vn 3.7440924218820673 4.6123536066018840 -2.0205578319384974
v 0.0328335687518120 -0.0166535302996635 -0.0662542507052422
vn 3.4011309542876522 5.2400574100555994 -0.6652177693033161
v 0.0372331105172634 -0.0246731601655483 -0.0879743620753288
vn 3.9947549780073346 4.8407953319223829 -0.2756971601306157
v 0.0380882583558559 -0.0256724897772074 -0.0920934602618217
vn 2.2853044442619050 5.7367705024698683 -1.0833498942712434
v 0.0352553687989712 -0.0232355501502752 -0.0853971168398857
vn 2.9407219266281248 5.4883047841330539 -0.8364021372206398
v 0.0366360507905483 -0.0241946503520012 -0.0870655104517937
vn 3.5295102518782877 5.1812878771034034 -0.3937025962973895
v 0.0375348292291164 -0.0251870099455118 -0.0909944698214531
vn 2.1432303553872565 5.6835205037156973 1.5832367716583899
v 0.0118088703602552 -0.0125223901122808 -0.0767941400408745
vn 4.4295291151526843 4.4442448813776432 -0.2955000599855024
v 0.0382388792932034 -0.0256663504987955 -0.0899003669619560
vn 4.8212891961134288 4.0278608720034876 -0.0377085668296923
v 0.0387951098382473 -0.0264241006225348 -0.0938081070780754
vn 4.4370036808504754 4.4436225145040229 -0.1569518140533818
v 0.0385770201683044 -0.0261701308190823 -0.0932295918464661
vn 4.1672683027844180 4.6970000164039369 -0.1159652809152699
v 0.0382414981722832 -0.0258635804057121 -0.0937126800417900
vn 5.0043733091293632 3.7935804753257187 0.1961609482869714
v 0.0391182303428650 -0.0267381593585014 -0.0973120331764221
vn 5.2765944002333534 3.4005829045487341 0.2550909106136253
v 0.0393237993121147 -0.0269898101687431 -0.0979782268404961
vn 5.8579589117975095 2.2653174164648298 0.0648102623244702
v 0.0372031889855862 -0.0233673993498087 -0.0751562118530273
vn 5.9988512075431206 1.8519967168900155 0.1867816118033125
v 0.0373146496713161 -0.0236786603927612 -0.0753073617815971
vn 5.8863873687480881 2.1751238844471148 0.2177307543214021
v 0.0387265011668205 -0.0263894200325012 -0.0887970328330994
vn 6.0649343086120329 1.5825565638855790 0.3502121295924304
v 0.0388378985226154 -0.0266779009252787 -0.0892234966158867
vn 6.0723625061473498 1.5371081207030455 0.3964266721493721
v 0.0392234288156033 -0.0272813998162746 -0.0929243490099907
vn 6.1869511266674619 0.9239544333304162 0.4947974421899233
v 0.0393178984522820 -0.0275698304176331 -0.0934251472353935
vn 6.1907854382495549 0.9006649335539133 0.4943418395602363
v 0.0396946594119072 -0.0280343797057867 -0.0973187610507011
vn 6.2416901245905434 0.3186111004953120 0.5492216635349508
v 0.0397710800170898 -0.0283201895654202 -0.0978944301605225
vn 6.2446666359731973 0.3472415656184690 0.5091774425001161
v 0.0401264391839504 -0.0285730902105570 -0.1019797027111053
vn 6.2500186128703428 -0.1614711230161982 0.5192837948963196
v 0.0401841402053833 -0.0288517996668816 -0.1026301011443138
vn 4.8019284088852663 4.0474640869447329 -0.1680719643895972
v 0.0384493395686150 -0.0259236004203558 -0.0903990194201469
vn 5.1032958306861618 3.6630203843375710 -0.0640851100277282
v 0.0386418700218201 -0.0261853896081448 -0.0909018516540527
vn 5.1726427442296421 3.5647390660079123 0.0915618528652275
v 0.0389943681657314 -0.0266819000244141 -0.0943913981318474
vn 5.4527954616743832 3.1147865100311742 0.1806266148918601
v 0.0391744896769524 -0.0269437991082668 -0.0949777290225029
vn 5.5389532958229983 2.9464862293751111 0.3207974030743034
v 0.0395096503198147 -0.0272448603063822 -0.0986479520797729
vn 5.1092188095409110 3.6487151843193626 -0.1744493006707764
v 0.0382777415215969 -0.0255622193217278 -0.0875132009387016
vn 5.4040414312865481 3.2006144555647209 -0.0365486764974422
v 0.0384455285966396 -0.0258322898298502 -0.0879405736923218
vn 5.4013058283535385 3.2058829211241799 0.0538130554561902
v 0.0388160310685635 -0.0264516994357109 -0.0914072319865227
vn 5.6692426617426248 2.6961253564315717 0.1719535835831395
v 0.0389714799821377 -0.0267229005694389 -0.0919138714671135
vn 5.7008366260206360 2.6233502050500213 0.2643381130811399
v 0.0393353104591370 -0.0272095706313848 -0.0955654308199883
vn 5.9158246127793985 2.0766524618007933 0.3487808700663552
v 0.0394760891795158 -0.0274797007441521 -0.0961526632308960
vn 5.7599793808629336 2.4777753284556185 0.3717522126105519
v 0.0396752282977104 -0.0275031905621290 -0.0993191525340080
vn 5.9459679633938798 1.9762740767138061 0.4179181753255980
v 0.0398204885423183 -0.0277647897601128 -0.0999898910522461
vn 5.3871356996199795 3.2288684173795392 -0.1094640716190092
v 0.0377148911356926 -0.0244266297668219 -0.0813105702400208
vn 5.6571851113288316 2.7267306531615620 0.0816149740538820
v 0.0385953113436699 -0.0261077806353569 -0.0883689522743225
vn 5.8965294809835180 2.1366154508910342 0.2871279961948589
v 0.0391076207160950 -0.0269992891699076 -0.0924200415611267
vn 6.1545278329665996 1.1316912533467596 0.5216436385526187
v 0.0402560792863369 -0.0280211493372917 -0.1046698018908501
vn 6.2411706645226452 0.3456393940681465 0.4829328487003746
v 0.0404443703591824 -0.0285341106355190 -0.1061599031090736
vn 6.1095858469218731 1.4287323976004611 0.2826779238245999
v 0.0374079905450344 -0.0240004006773233 -0.0754581019282341
vn 6.1831365843610282 0.9713446159291951 0.4721056781696678
v 0.0389282703399658 -0.0269738994538784 -0.0896469876170158
vn 6.2391116704295575 0.3210122548665027 0.5792943827685009
v 0.0393904410302639 -0.0278654601424932 -0.0939212962985039
vn 6.2406987925554125 -0.2341778059701480 0.5917399336298903
v 0.0398249588906765 -0.0286125503480434 -0.0984635874629021
vn 6.2174013073018362 -0.6390600669193700 0.5202553197342401
v 0.0402194783091545 -0.0291366502642632 -0.1032721027731895
vn 6.1928274270655415 0.9761285321465986 0.3775825048572964
v 0.0374813601374626 -0.0243340693414211 -0.0756078884005547
vn 6.2387013089137451 0.3690405706046458 0.5787455158217548
v 0.0389966294169426 -0.0272786002606153 -0.0900665521621704
vn 6.2352950960004803 -0.2522931333801115 0.6484598486229267
v 0.0394402109086514 -0.0281694494187832 -0.0944117307662964
vn 6.1948903284136385 -0.7575452585588812 0.6234914036527375
v 0.0398558899760246 -0.0289127808064222 -0.0990251824259758
vn 6.1515729223679667 -1.1003306885441098 0.5189122377156177
v 0.0402312204241753 -0.0294294897466898 -0.1039043962955475
vn 5.1845811889168028 3.5289608718932346 0.3738707572472896
v 0.0392677709460258 -0.0268043205142021 -0.0990975424647331
vn 5.3427633190268553 3.2620895281900668 0.5335788139820552
v 0.0394076108932495 -0.0267872195690870 -0.1008983030915260
vn 4.9447167237850156 3.8612333250786204 0.3388311117479159
v 0.0390394292771816 -0.0265599992126226 -0.0983948707580566
vn 5.1321833188505908 3.5855227077353282 0.5204737333942688
v 0.0391760990023613 -0.0265483204275370 -0.1001534983515739
vn 4.7090368648325311 4.1480009193270595 0.3035140252447425
v 0.0387921296060085 -0.0263185501098633 -0.0976997613906860
vn 4.9217297335440957 3.8707447528073837 0.5037462379232639
v 0.0389254614710808 -0.0263119898736477 -0.0994165465235710
vn 4.4691704135024715 4.4076680455387125 0.2571453204606262
v 0.0385271310806274 -0.0260796491056681 -0.0970141813158989
vn 4.6217103290729602 4.1945838601634531 0.7097196065707451
v 0.0381266996264458 -0.0255702696740627 -0.0980643033981323
vn 4.2762212251220948 4.5797454035770784 0.4393129835533505
v 0.0380693003535271 -0.0256176497787237 -0.0972718000411987
vn 4.5087453261214971 4.3501113584919731 0.4476276378890846
v 0.0383713208138943 -0.0258465409278870 -0.0979743003845215
vn 4.9424933039962919 3.7492111746724031 0.9859429607789653
v 0.0381815396249294 -0.0254698302596807 -0.0988459512591362
vn 5.2124411942252209 3.2749942504363898 1.2478625744234046
v 0.0382335111498833 -0.0253022909164429 -0.0996109768748283
vn 5.6403371669935822 2.4094587819572948 1.3570164371034139
v 0.0388839207589626 -0.0254695396870375 -0.1019280031323433
vn 5.4475212168118379 2.9022320220121052 1.1644866415182749
v 0.0388316512107849 -0.0257345400750637 -0.1011478006839752
vn 5.2171792610552545 3.3641800368558612 0.9604687999442872
v 0.0387762114405632 -0.0259143095463514 -0.1003438979387283
vn 4.9688674520144653 3.7741800216182924 0.7293199291756010
v 0.0387179814279079 -0.0260238591581583 -0.0995224118232727
vn 4.7223749022374468 4.1124880906121914 0.4864002762333577
v 0.0386568903923035 -0.0260780993849039 -0.0986896082758904
vn 5.5889725909759127 2.3323978213487009 1.6675032707731372
v 0.0383286997675896 -0.0247116591781378 -0.1010648012161255
vn 5.7591611348469138 2.0054093699435791 1.5074640546796465
v 0.0389329083263874 -0.0251079201698303 -0.1026756986975670
vn 5.8517132512245231 1.6364389237116390 1.5922323579891862
v 0.0389785096049309 -0.0246526002883911 -0.1033715978264809
vn 3.1552319837406526 4.3383165210059964 3.2654356014184929
v 0.0159099102020264 -0.0133860697969794 -0.0795435905456543
vn 3.4250355199303093 4.3554173431430270 2.9553467352298517
v 0.0184907298535109 -0.0145756602287292 -0.0806054398417473
vn 3.6670044272869049 4.3368046882933431 2.6783755506286955
v 0.0210053902119398 -0.0158380195498466 -0.0818352103233337
vn 3.8611817614875212 4.3041243389737964 2.4468922034367857
v 0.0234511997550726 -0.0171422306448221 -0.0832406207919121
vn 4.0180154859768615 4.2627998972993009 2.2578680715733004
v 0.0258240103721619 -0.0184569898992777 -0.0848319530487061
vn 4.1470306767319265 4.2143882130252273 2.1091486374516388
v 0.0281169991940260 -0.0197489205747843 -0.0866224691271782
vn 4.2547213871491758 4.1618923316660084 1.9937160017197826
v 0.0303179603070021 -0.0209806505590677 -0.0886272117495537
vn 4.3476622412604025 4.1048892027369410 1.9071028836533717
v 0.0324089489877224 -0.0221084896475077 -0.0908609628677368
vn 5.9061121473986420 1.2877803750307861 1.6977324559453064
v 0.0390205308794975 -0.0241102501749992 -0.1039939969778061
vn 5.1782305701239171 3.4820575225495065 0.7255726530586770
v 0.0389882884919643 -0.0262541100382805 -0.1002698987722397
vn 5.3544038990137448 3.2065933844353727 0.7191710180883027
v 0.0392404682934284 -0.0264868699014187 -0.1010276004672050
vn 5.3921633040433861 3.0907412990475658 0.9135624305412045
v 0.0390482507646084 -0.0261399708688259 -0.1011117026209831
vn 5.5419455404051714 2.8175670874782259 0.9006052209592927
v 0.0393019318580627 -0.0263677798211575 -0.1018897965550423
vn 5.6839945858285308 2.4544451928994562 1.0629491322613451
v 0.0393602810800076 -0.0261753704398870 -0.1027335971593857
vn 5.5269426793474183 2.9025279586471324 0.7072930360969447
v 0.0394734106957912 -0.0267219506204128 -0.1017934009432793
vn 5.6632822596158459 2.6194806251276743 0.7346203030910199
v 0.0396859608590603 -0.0269595291465521 -0.1025654003024101
vn 5.6780891848930519 2.5515640390802203 0.8488534408994508
v 0.0395361110568047 -0.0265978500247002 -0.1026763021945953
vn 5.7823286788550634 2.3184241707674254 0.8044594912980456
v 0.0397499203681946 -0.0268304906785488 -0.1034689992666245
vn 5.8959180305709671 1.9527306466297243 0.9424648120493231
v 0.0398107096552849 -0.0266249105334282 -0.1043533012270927
vn 6.0747462154171998 1.0389660384791028 1.1874312675940553
v 0.0399719998240471 -0.0254176799207926 -0.1067992970347404
vn 5.8900010901310198 1.7752217911485666 1.2692043401631512
v 0.0394669696688652 -0.0255118608474731 -0.1043372005224228
vn 4.6792762949408280 3.9713053228084929 1.3421694721818040
v 0.0368608795106411 -0.0244623403996229 -0.0967354699969292
vn 4.3630464097379456 4.2992474019908444 1.3908042675602807
v 0.0360950790345669 -0.0240535698831081 -0.0954042598605156
vn 5.8270965913096608 2.0071423842935419 1.2160083127728065
v 0.0394152887165546 -0.0258940998464823 -0.1035524979233742
vn 5.9879123827515857 1.5781477964010122 1.0554086905495277
v 0.0398681089282036 -0.0263267103582621 -0.1052113994956017
vn 6.0456227420150572 1.2946795283173109 1.1075621406557077
v 0.0399219281971455 -0.0259232502430677 -0.1060338020324707
vn 6.0667253239885817 1.4142766863763805 0.8066004942781875
v 0.0401776395738125 -0.0270829703658819 -0.1059895008802414
vn 5.9032025892115838 2.0186196898839244 0.7391004021765533
v 0.0399429202079773 -0.0270652100443840 -0.1042658016085625
vn 6.0107946596582176 1.6850726842932418 0.7086429606501948
v 0.0401148684322834 -0.0273023191839457 -0.1050643995404243
vn 5.6268243529410391 2.7605519689308955 0.4294617444483727
v 0.0396647416055202 -0.0273019000887871 -0.1005180999636650
vn 5.7870410476887573 2.4020941501834501 0.4631699273272028
v 0.0398327112197876 -0.0275551006197929 -0.1012317985296249
vn 5.9092151931256529 2.0567867867832867 0.5687085963106807
v 0.0399796292185783 -0.0275198202580214 -0.1031605005264282
vn 6.0306041993662340 1.6753469848420512 0.5455817488447217
v 0.0401286408305168 -0.0277691408991814 -0.1039165034890175
vn 6.1002094111648386 1.3677761586441599 0.6251546838450315
v 0.0402655601501465 -0.0275415107607841 -0.1058624014258385
vn 6.1772602530665459 0.9452437437659332 0.6160369246798760
v 0.0403944812715054 -0.0277830306440592 -0.1066578999161720
vn 6.2004015505307333 0.6428090257322880 0.7300091628220741
v 0.0405760407447815 -0.0267669502645731 -0.1094594970345497
vn 6.0932018087510027 1.2840567894964245 0.8148380776535055
v 0.0402368307113647 -0.0267671905457973 -0.1068873032927513
vn 6.2556272535225617 -0.3156380708762230 0.3465595653464533
v 0.0406891107559204 -0.0287755709141493 -0.1097719967365265
vn 6.2519474009577625 0.3233756540329588 0.4407297627988385
v 0.0407127700746059 -0.0276703201234341 -0.1102147027850151
vn 6.2504802951930207 0.2873610632540965 0.4905156697189096
v 0.0405854508280754 -0.0282732192426920 -0.1082314997911453
vn 6.2026384541180750 0.7097225872217799 0.6854947901034157
v 0.0405191704630852 -0.0272150002419949 -0.1085612028837204
vn 6.2706503588598563 -0.0944398743406753 0.2577853507321317
v 0.0411665402352810 -0.0214706603437662 -0.1166836023330688
vn 6.2195022726616580 -0.0085492638223072 0.8366524572708213
v 0.0408867001533508 -0.0190621595829725 -0.1132189035415649
vn 6.2247395924068849 -0.0073083364557280 0.8113002356582031
v 0.0408523008227348 -0.0211187601089478 -0.1130350008606911
vn 6.1318491267354558 0.0698598466331314 1.3301773263945025
v 0.0402163788676262 -0.0188906099647284 -0.1094693988561630
vn 6.1257743018284758 0.0811347974431716 1.3721276292653777
v 0.0401839017868042 -0.0207739397883415 -0.1093029007315636
vn 5.9517471316952548 0.1342840198417504 1.9827389852649460
v 0.0392012000083923 -0.0187237802892923 -0.1057934984564781
vn 5.9754446536234145 0.1717465797666473 1.9207486105646063
v 0.0391714498400688 -0.0204387903213501 -0.1056438013911247
vn 5.7804206633228823 0.2626691014847513 2.4393078429757753
v 0.0378711782395840 -0.0201170407235622 -0.1021993011236191
vn 6.1588222417140832 -0.9118726555597049 0.7065934639416683
v 0.0394664406776428 -0.0284830909222364 -0.0948956608772278
vn 5.9787601556105781 -1.7096278698343872 0.7799726704448307
v 0.0394365116953850 -0.0291533991694450 -0.0958398506045341
vn 6.1131033306578804 -1.2482573992333765 0.6426175563942236
v 0.0398619696497917 -0.0292233806103468 -0.0995780825614929
vn 5.9893104288028987 -1.7371716228007976 0.6611548158726818
v 0.0398405082523823 -0.0295475702732801 -0.1001212000846863
vn 6.0444186955391750 -1.5899224283795397 0.5294192002666203
v 0.0402176305651665 -0.0297324005514383 -0.1045256033539772
vn 5.9148079021325222 -1.9600049987455952 0.7802661905150690
v 0.0373518988490105 -0.0267128292471170 -0.0764745399355888
vn 5.7574673204825757 -2.3218395757564809 0.9136485298676577
v 0.0389473997056484 -0.0289930701255798 -0.0920813009142876
vn 5.8273034176356155 -2.1518488345062003 0.9096199439474353
v 0.0380989313125610 -0.0278110504150391 -0.0840420126914978
vn 5.6516244177167074 -2.6324976149816477 0.6720345259573801
v 0.0397167205810547 -0.0302029196172953 -0.1011968031525612
vn 5.5183007197558851 -2.8502841672233297 0.8322109149311336
v 0.0392888709902763 -0.0298492293804884 -0.0967664122581482
vn 5.4598160896452246 -3.0135866302353200 0.6654273367114303
v 0.0396174713969231 -0.0305243693292141 -0.1017332971096039
vn 5.1263067665245092 -3.4972528181743479 0.8436944249610587
v 0.0390368103981018 -0.0305229406803846 -0.0976895019412041
vn 5.5877757136105348 -2.8072409559279130 0.4891753801429151
v 0.0400307700037956 -0.0306447092443705 -0.1063698977231979
vn 5.8619609817134775 -2.1771879093853208 0.3661979769849627
v 0.0403011403977871 -0.0303084198385477 -0.1080802008509636
vn 5.7579945339865919 -2.4342853454105420 0.5063590394782973
v 0.0401162505149841 -0.0303437691181898 -0.1057562008500099
vn 6.1891133753776266 -0.9549405511178001 0.2117134498996398
v 0.0407047197222710 -0.0292962696403265 -0.1112679988145828
vn 6.1227631744939064 -1.3037310020063320 0.3150394831912875
v 0.0405550003051758 -0.0296124201267958 -0.1090336963534355
vn 5.9827530689568809 -1.8457457381817963 0.2505249308222211
v 0.0404737517237663 -0.0301738306879997 -0.1104239001870155
vn 5.8485655767351039 -2.2528450076669753 0.1950261183534494
v 0.0404009185731411 -0.0304512307047844 -0.1111173033714294
vn 5.7213077569963913 -2.5595142099562302 0.1507979876850948
v 0.0403073988854885 -0.0307254698127508 -0.1118090972304344
vn 3.8297592658759392 -4.9040789880113849 0.7561381994798768
v 0.0377704501152039 -0.0323567911982536 -0.1004227027297020
vn 4.0780228843789716 -4.7282004966174984 0.5611912480594035
v 0.0383382998406887 -0.0325965806841850 -0.1054418981075287
vn 4.2751894454732353 -4.5174541157518204 0.7962835775740769
v 0.0382674299180508 -0.0317766591906548 -0.0995192527770996
vn 4.4390323023227092 -4.3814101628127728 0.5978602049625562
v 0.0387979112565517 -0.0320373699069023 -0.1043929010629654
vn 4.6920022642203945 -4.0711557332794079 0.8219692840987280
v 0.0386927686631680 -0.0311661306768656 -0.0986076518893242
vn 4.8339249621796956 -3.9293311609395420 0.6321321461041916
v 0.0391860604286194 -0.0314524695277214 -0.1033345013856888
vn 5.1959680489507640 -3.4389390555537087 0.6569607604876215
v 0.0394951701164246 -0.0308403298258781 -0.1022685989737511
vn 4.3205197079872146 -4.5293709803123221 0.3397396851619586
v 0.0388702712953091 -0.0326086804270744 -0.1106126010417938
vn 4.6647591768073742 -4.1656900859472756 0.3836284675358228
v 0.0392945408821106 -0.0320742093026638 -0.1094124987721443
vn 3.2112159850795550 -5.3793640707816568 0.1882721722046969
v 0.0365410409867764 -0.0345596000552177 -0.1152672022581100
vn 3.8988632198195869 -4.9085333958683766 0.0461707144196742
v 0.0381036400794983 -0.0334886312484741 -0.1157627999782562
vn 3.6475418284360481 -5.0917117423024250 0.2489896632767979
v 0.0378262400627136 -0.0336197018623352 -0.1129729002714157
vn 4.2528982148966143 -4.6087956176975009 0.1010097796832006
v 0.0386422798037529 -0.0330030918121338 -0.1145142018795013
vn 3.7552353120524176 -4.9957056947796517 0.5240670563030517
v 0.0378137193620205 -0.0331317707896233 -0.1064796969294548
vn 4.0016451483255659 -4.8191053491165823 0.2983720987729510
v 0.0383797213435173 -0.0331235490739346 -0.1118000000715256
vn 4.5606363264397380 -4.3005701975808908 0.1503496158643202
v 0.0391168482601643 -0.0325006805360317 -0.1132500991225243
vn 4.8847313383075601 -3.9223632870306431 0.2039334612717556
v 0.0395246706902981 -0.0319806896150112 -0.1119725033640862
vn 5.2102008586770356 -3.4722776628312166 0.2679979358588115
v 0.0398613810539246 -0.0314421616494656 -0.1106835007667542
vn 5.5856751581472626 -2.8434316200812333 0.1091342204210826
v 0.0401939712464809 -0.0309958402067423 -0.1124991029500961
vn 6.2101774296350607 -0.8270176373156244 0.3681863051662297
v 0.0405614897608757 -0.0293335895985365 -0.1083320006728172
vn 6.2424188268088052 -0.3963712935142121 0.4326659233409442
v 0.0405446812510490 -0.0290619097650051 -0.1076181977987289
vn 4.7806541211945550 4.0625141325296541 -0.3242747511897848
v 0.0380923114717007 -0.0252976398915052 -0.0870879814028740
vn 4.4421378638948559 4.4188544103794793 -0.4344499174152436
v 0.0378895886242390 -0.0250378195196390 -0.0866663381457329
vn 5.7811834176706087 -2.2984346423168542 0.8058167499285767
v 0.0393765494227409 -0.0295035205781460 -0.0963034629821777
vn 5.8329334120026033 -2.2015554553175729 0.6703592613626098
v 0.0397914610803127 -0.0298768803477287 -0.1006594002246857
vn 5.9115086157383079 -2.0306543152199206 0.5200157328330757
v 0.0401787683367729 -0.0300393700599670 -0.1051412969827652
vn 6.0923851954804844 -1.3955752309716343 0.4256247618730897
v 0.0403921604156494 -0.0297209601849318 -0.1067702025175095
vn 6.2648130407874589 -0.2312636562161361 0.3095007156685620
v 0.0408191606402397 -0.0281352903693914 -0.1118339002132416
vn 6.2154317767373950 -0.8168276911519888 -0.1394550943076516
v 0.0408409796655178 -0.0285507999360561 -0.1159986034035683
vn 6.2659184600345785 -0.0928764505734027 0.2926380707594264
v 0.0408784709870815 -0.0276390295475721 -0.1128069981932640
vn 6.2382547480576873 -0.6248730859061570 0.0693388297166132
v 0.0408397912979126 -0.0286146905273199 -0.1134070977568626
vn 6.0295151544668730 -1.7194870226295698 -0.1512949458301674
v 0.0405569002032280 -0.0300235096365213 -0.1153649017214775
vn 5.9280796520279484 -2.0255134690839842 -0.0485014487369924
v 0.0404779314994812 -0.0303475204855204 -0.1142020970582962
vn 5.8325948156003014 -2.3109886589746234 -0.1130740601389928
v 0.0403710007667542 -0.0306035801768303 -0.1149315014481544
vn 5.8621414394634890 -2.1990586400825585 -0.3275256481727881
v 0.0403303503990173 -0.0305142402648926 -0.1168598011136055
vn 6.1730547817125423 -1.1127769923841297 -0.0597249871510946
v 0.0407757088541985 -0.0291011296212673 -0.1149531006813049
vn 6.0941625113548987 -1.4582724967010186 0.0886910971394125
v 0.0406326018273830 -0.0298259798437357 -0.1127377003431320
vn 6.0069146344624054 -1.7926642226731073 -0.0070385628677133
v 0.0405653081834316 -0.0300879999995232 -0.1134707033634186
vn 5.9727873946201528 -1.8624654869809869 -0.4470064468108257
v 0.0404108688235283 -0.0300503298640251 -0.1180256009101868
vn 6.0637865167858420 -1.4915979279136764 -0.5436775749213640
v 0.0404864512383938 -0.0294476691633463 -0.1191428005695343
vn 6.0968788607219118 -1.4301980410891937 -0.3116252573788557
v 0.0406316481530666 -0.0295810606330633 -0.1164933964610100
vn 2.5346503091280970 1.7145209362522988 5.4810631248349972
v 0.0133976303040981 -0.0112809501588345 -0.0794275924563408
vn 2.8859065312371595 1.6222910527576966 5.3332940603736505
v 0.0160899106413126 -0.0122899403795600 -0.0804465413093567
vn 3.2655665632593927 1.5203272084496764 5.1406283723490622
v 0.0187024399638176 -0.0133879100903869 -0.0816555619239807
vn 3.6099457627061220 1.4260618326687569 4.9331700440777144
v 0.0212407708168030 -0.0145383402705193 -0.0830510780215263
vn 3.9317330584529708 1.3368433970185936 4.7072169997917426
v 0.0237023793160915 -0.0157092195004225 -0.0846394822001457
vn 4.2341446936799150 1.2511080463539925 4.4626259184544468
v 0.0260833501815796 -0.0168680492788553 -0.0864290520548820
vn 4.5202145771422115 1.1665176009412019 4.1977582768880692
v 0.0283764600753784 -0.0179806891828775 -0.0884307026863098
vn 4.7917217062950970 1.0795003331967217 3.9109518638645588
v 0.0305695496499538 -0.0190091691911221 -0.0906562805175781
vn 5.0500037121468955 0.9882359081093204 3.5985223573903276
v 0.0326446183025837 -0.0199094396084547 -0.0931169316172600
vn 5.2961061838110206 0.8875031563155996 3.2555488682265716
v 0.0345763489603996 -0.0206308905035257 -0.0958199501037598
vn 5.5420991259694281 0.7584357334742610 2.8538695713095716
v 0.0363252684473991 -0.0211203005164862 -0.0987553000450134
vn 5.7694484802832138 0.6080002503503161 2.4041491216616762
v 0.0378290414810181 -0.0215801000595093 -0.1018505990505219
vn 5.9761394258050871 0.4662603751658649 1.8697243061538293
v 0.0391236506402493 -0.0220568701624870 -0.1052573025226593
vn 6.1260048902270796 0.2327745966832153 1.3548685835860121
v 0.0401313304901123 -0.0225534401834011 -0.1088756024837494
vn 6.2253834164454567 0.0547471709250237 0.8056692166981256
v 0.0407969914376736 -0.0230647902935743 -0.1125660985708237
vn 6.2700506809714449 -0.1194639512572190 0.2601264937503167
v 0.0411087200045586 -0.0235882904380560 -0.1161741018295288
vn 6.2623541158263034 -0.2968816670059833 -0.2708549982042291
v 0.0410944186151028 -0.0241276007145643 -0.1196170970797539
vn 6.0424127966670795 -1.1848424911101567 -1.1830886352469592
v 0.0400631390511990 -0.0275434795767069 -0.1251793056726456
vn 6.1927977635498825 -0.6617849364043068 -0.7552316397670399
v 0.0407335683703423 -0.0258086901158094 -0.1225320994853973
vn 6.1717307807513162 -0.8513830087979657 -0.7225321864361772
v 0.0406805202364922 -0.0268769804388285 -0.1219042018055916
vn 6.2572224662032365 -0.3964460726915233 -0.2549663718292688
v 0.0410540588200092 -0.0251924302428961 -0.1191703975200653
vn 6.2492282564239758 -0.4977787550579523 -0.2390391809054737
v 0.0410084091126919 -0.0261815097182989 -0.1185828968882561
vn 6.2692058938529893 -0.1294142855868871 0.2650803836085113
v 0.0410721302032471 -0.0245682001113892 -0.1157585009932518
vn 6.2681319414844463 -0.1364039062969657 0.2663512513000808
v 0.0410305783152580 -0.0254764501005411 -0.1152117997407913
vn 6.2246867900953538 0.1358498261798224 0.7982735678857052
v 0.0407617613673210 -0.0239636301994324 -0.1121829971671104
vn 6.2234847578379338 0.2260307590842087 0.7835158499676775
v 0.0407219491899014 -0.0247955303639174 -0.1116788014769554
vn 6.1219902236938823 0.4058731739836521 1.3305172328801378
v 0.0400980710983276 -0.0233741402626038 -0.1085259020328522
vn 6.1134894222857739 0.5939668861281506 1.2975731658514276
v 0.0400602817535400 -0.0241327192634344 -0.1080650016665459
vn 6.2657928790320554 -0.0258893213100448 -0.3205420830498014
v 0.0411973483860493 -0.0194147191941738 -0.1203804984688759
vn 5.6857775087055407 -2.5986746156806082 -0.4669073151352380
v 0.0400298200547695 -0.0309916101396084 -0.1183442994952202
vn 5.7027564239842912 -2.6025111590522583 -0.2040119561913210
v 0.0402449890971184 -0.0308561306446791 -0.1156587004661560
vn 5.5072149092622062 -2.9768736413215562 -0.3040632246204316
v 0.0399379096925259 -0.0313501283526421 -0.1171049997210503
vn 5.5893080795393528 -2.8274493622311283 0.0125547585585029
v 0.0401552915573120 -0.0310979392379522 -0.1144312992691994
vn 5.3151383530805978 -3.3189274366733783 -0.1403290197506838
v 0.0398411713540554 -0.0316057801246643 -0.1158386990427971
vn 5.6803641856213618 -2.5410966819000644 -0.7709371236366873
v 0.0397514700889587 -0.0309527497738600 -0.1210550963878632
vn 5.4954029723333289 -2.9555718283255281 -0.5987201604894166
v 0.0396583005785942 -0.0314561091363430 -0.1198156997561455
vn 5.2778138763841342 -3.3555487778303994 -0.4113463426434721
v 0.0395598411560059 -0.0318301916122437 -0.1185386031866074
vn 5.0496454091091749 -3.7076320289264553 -0.2258114170994879
v 0.0394561216235161 -0.0320984683930874 -0.1172337979078293
vn 5.8442770982219470 -2.1715624774005597 -0.6488382708386822
v 0.0401165410876274 -0.0305074397474527 -0.1195470020174980
vn 5.8354878158406871 -2.0930006119534674 -0.9132201676985308
v 0.0398387312889099 -0.0303023997694254 -0.1222430020570755
vn 5.0435264169435667 -3.6866467264870857 -0.5095543817169838
v 0.0391138084232807 -0.0322966501116753 -0.1199572011828423
vn 5.2947772385391971 -3.2758796560726986 -0.7209797594992524
v 0.0392188392579556 -0.0319080911576748 -0.1212716996669769
vn 5.5238080898160531 -2.8038495585432197 -0.9488431821783039
v 0.0393178984522820 -0.0313866101205349 -0.1225474998354912
vn 5.3958705071514119 -2.6601867680548197 -1.7398043210319398
v 0.0378332696855068 -0.0309942904859781 -0.1294644027948380
vn 5.7850373607747976 -1.8680885510478169 -1.5199466816787497
v 0.0390920601785183 -0.0292872693389654 -0.1274970024824142
vn 5.6739434366760504 -2.2572386943065674 -1.3950934276152887
v 0.0390077196061611 -0.0302706304937601 -0.1264494061470032
vn 5.9875776382974113 -1.4843736553954476 -1.1110632793692516
v 0.0399948284029961 -0.0285850707441568 -0.1243387982249260
vn 5.9124132283724720 -1.8037914480411512 -1.0213337732419185
v 0.0399200282990932 -0.0295094791799784 -0.1233490034937859
vn 6.1417210884823543 -1.0644203528693730 -0.6764330679693045
v 0.0406215116381645 -0.0278490707278252 -0.1211137026548386
vn 6.0999065258736698 -1.2978569474024910 -0.6176276478011782
v 0.0405567213892937 -0.0287104807794094 -0.1201829016208649
vn 6.2379474340320229 -0.6127288444393764 -0.2148130703778945
v 0.0409575104713440 -0.0270798802375793 -0.1178430989384651
vn 6.2219504151326896 -0.7432239827527075 -0.1829767346033857
v 0.0409016013145447 -0.0278738103806973 -0.1169719994068146
vn 6.2661758004116566 -0.1438142076080958 0.2705298611443606
v 0.0409843884408474 -0.0262992307543755 -0.1145235002040863
vn 6.2631926172162995 -0.1585155208407490 0.2772018308335987
v 0.0409335382282734 -0.0270240306854248 -0.1137128993868828
vn 6.2198590921814834 0.3303408755998311 0.7661007509501309
v 0.0406775400042534 -0.0255477391183376 -0.1110436990857124
vn 6.2139575452522484 0.4371761350809179 0.7457819901594122
v 0.0406289100646973 -0.0262084603309631 -0.1102956011891365
vn 6.0970620705628749 0.8096533393337803 1.2540469430592363
v 0.0400182008743286 -0.0248175207525492 -0.1074839979410172
vn 5.0887318058426283 -3.5626527753223707 -0.8347087257507768
v 0.0387130901217461 -0.0323477312922478 -0.1227099969983101
vn 5.3381179136811241 -3.1122637294472186 -1.0571542581361655
v 0.0388179384171963 -0.0318090915679932 -0.1240217015147209
vn 6.1356515685118209 -0.1141588621037223 -1.3048537498815245
v 0.0403168201446533 -0.0197614394128323 -0.1272224038839340
vn 3.6746375602745531 -5.0634549358653596 0.5372791242572135
v 0.0327867195010185 -0.0309653803706169 -0.0697807595133781
vn 3.2409180746153408 -5.3581773894826643 0.4620304190515904
v 0.0310411993414164 -0.0321379303932190 -0.0699165388941765
vn 3.0061225994121541 -5.4739912919132188 0.6549708251432358
v 0.0318624302744865 -0.0325512811541557 -0.0787831470370293
vn 2.7733485807688454 -5.6235236617484983 0.3401198819538908
v 0.0291766505688429 -0.0331649705767632 -0.0700477883219719
vn 2.0719876133787478 -5.8919009598285488 0.6721014998906139
v 0.0294697191566229 -0.0349600911140442 -0.0901316404342651
vn 2.5827404898250985 -5.6937583543854480 0.6002700895616616
v 0.0300511103123426 -0.0335053801536560 -0.0792887210845947
vn 2.2488642888626087 -5.8401972437030079 0.5436469186809094
v 0.0281340405344963 -0.0343491397798061 -0.0797731205821037
vn 2.4847149027855813 -5.7537936447096509 0.4301410517859400
v 0.0295503698289394 -0.0333078987896442 -0.0745765492320061
vn 0.9062298040101364 -6.2142813459972750 -0.0317696018993714
v 0.0119799301028252 -0.0380175709724426 -0.0644158720970154
vn 1.2752039867436815 -6.1470368801833013 0.0660178432321331
v 0.0164325200021267 -0.0372436605393887 -0.0659073516726494
vn 1.3297142227053320 -6.1356590002052513 0.1575105091518115
v 0.0163624193519354 -0.0372240506112576 -0.0644529387354851
vn 1.7160248211560771 -6.0311292251342667 0.2149043587214960
v 0.0207584500312805 -0.0361975990235806 -0.0659348294138908
vn 1.7737871142610779 -6.0093115366432039 0.3963471909309601
v 0.0206840597093105 -0.0361335799098015 -0.0645018815994263
vn 2.1695033077340171 -5.8708355135357024 0.3957058160025151
v 0.0249599199742079 -0.0348228812217712 -0.0659673810005188
vn 2.2373157793550846 -5.8268356578414506 0.6800364404852900
v 0.0248890500515699 -0.0346996113657951 -0.0645617172122002
vn 2.5464037582867647 -5.7088006840821262 0.5060929444603993
v 0.0269901100546122 -0.0339914485812187 -0.0659853816032410
vn 2.6212413568443522 -5.6458237308144712 0.8323390212502025
v 0.0269231200218201 -0.0338321290910244 -0.0645954012870789
vn 2.9060373087853675 -5.5173546899012482 0.6211746553416629
v 0.0289546195417643 -0.0330479703843594 -0.0660042688250542
vn 2.9815560954067695 -5.4358329746321274 0.9930026965857951
v 0.0288919806480408 -0.0328475199639797 -0.0646312236785889
vn 3.3265214478308187 -5.2517204496909464 0.7392326445165045
v 0.0308325197547674 -0.0319751985371113 -0.0660240575671196
vn 3.3991621034683863 -5.1502118198152109 1.1492385348659506
v 0.0307736303657293 -0.0317287407815456 -0.0646689534187317
vn 3.7712203255857890 -4.9184691624483179 0.8559807465289110
v 0.0325929485261440 -0.0307511594146490 -0.0660445615649223
vn 3.8373707288439660 -4.8002445664414921 1.2783854670866857
v 0.0325354300439358 -0.0304538607597351 -0.0647083520889282
vn 1.7215790979309653 -6.0078820878128170 0.6252455485139417
v 0.0290710292756557 -0.0365255996584892 -0.1025651991367340
vn 1.7940623094639303 -5.9885737970784678 0.6199661837401558
v 0.0274895392358303 -0.0356911383569241 -0.0909787416458130
vn 1.8993818023439364 -5.9689303906626643 0.4657223498773819
v 0.0261291805654764 -0.0350967608392239 -0.0802332684397697
vn 1.5660466761998992 -6.0777726750262282 0.2261224274500121
v 0.0213863197714090 -0.0362222716212273 -0.0756755992770195
vn 1.2150078681671268 -6.1623105533985489 0.0385836013315660
v 0.0166470408439636 -0.0371900200843811 -0.0706981420516968
vn 0.8290200062081641 -6.2266704482706423 0.0887351314991215
v 0.0124955102801323 -0.0379102788865566 -0.0764609500765800
vn 0.7616745777558447 -6.2316121470307646 0.2238359215283233
v 0.0128713799640536 -0.0380043312907219 -0.0823367834091187
vn 1.0849921065520991 -6.1804974299187263 0.2881985734292770
v 0.0174652896821499 -0.0373011790215969 -0.0817768499255180
vn 0.9675717821281097 -6.1959878791205956 0.3827940877719383
v 0.0180239602923393 -0.0375289916992188 -0.0876739025115967
vn 1.3251507521872623 -6.1170825256541965 0.5429677033374850
v 0.0232331100851297 -0.0369271598756313 -0.0925155207514763
vn 2.4017929292640696 -5.7570039513673184 0.7318849419013124
v 0.0313344486057758 -0.0341436192393303 -0.0892390012741089
vn 1.9907576877993098 -5.9183156413800386 0.6698606019852156
v 0.0310238003730774 -0.0357841812074184 -0.1012862995266914
vn 2.0606282062299903 -5.9068532431855409 0.5313551342500933
v 0.0318184383213520 -0.0361300110816956 -0.1071859002113342
vn 2.9678862483094925 -5.5059440276782583 0.4240947930361415
v 0.0358869396150112 -0.0346084795892239 -0.1095098033547401
vn 3.3986384303778987 -5.2464596188885819 0.4786301971131774
v 0.0372279211878777 -0.0336445495486259 -0.1075047031044960
vn 2.7902741904060711 -5.5833829790369105 0.6337373697555803
v 0.0351893305778503 -0.0344141088426113 -0.1039263978600502
vn 3.2785284853860364 -5.2972279196235057 0.7045716013718040
v 0.0365898609161377 -0.0334341488778591 -0.1021995991468430
vn 2.7054810206749051 -5.6086348840972544 0.7823617805431966
v 0.0344714485108852 -0.0340685211122036 -0.0985292121767998
vn 3.2003621137158880 -5.3256575442737661 0.8497288415845115
v 0.0359328910708427 -0.0330755114555359 -0.0970684811472893
vn 3.3066373250291972 -5.2624436331999016 0.8653873164563557
v 0.0346478782594204 -0.0322048589587212 -0.0873401686549187
vn 3.7956934805908924 -4.9438091040052008 0.7780894198172184
v 0.0343210585415363 -0.0308676306158304 -0.0779920816421509
vn 4.3521411601273083 -4.4824503508363218 0.6336386694002840
v 0.0343656502664089 -0.0296187400817871 -0.0696412920951843
vn 4.7404464433198799 -3.9611753950526376 0.9649146381828133
v 0.0348961316049099 -0.0285682007670403 -0.0660763904452324
vn 4.5153459775607621 3.7138949176932092 -2.2874023074194398
v 0.0347734615206718 -0.0181826893240213 -0.0656433701515198
vn 4.7133299917236426 3.6708184889785929 -1.9373804659354956
v 0.0350316688418388 -0.0186625700443983 -0.0658888816833496
vn 4.4102305048674788 -4.3311294505646654 0.9534646248272621
v 0.0341855809092522 -0.0293473005294800 -0.0660656616091728
vn 4.0271996515406521 -4.7824663310090756 0.5973806604425590
v 0.0336011610925198 -0.0303158704191446 -0.0697114393115044
vn 3.4344682785804901 -5.2071020639134797 0.7268765050289032
v 0.0335425697267056 -0.0314669609069824 -0.0782595798373222
vn 2.8039288024905069 -5.5608263749116631 0.7992114254103643
v 0.0330679416656494 -0.0332307182252407 -0.0883065983653069
vn 2.3121682761039346 -5.7924709873144700 0.7221229373701019
v 0.0328288003802299 -0.0349676609039307 -0.0999380871653557
vn 2.3896860477510877 -5.7751789428216318 0.5785308498817793
v 0.0335931107401848 -0.0353097915649414 -0.1055919975042343
vn 2.5556109348254248 -5.7170516108241358 0.3687864689674054
v 0.0343359112739563 -0.0354978404939175 -0.1114438027143478
vn 4.8851017734774764 -3.7129950633812574 1.3225006142647144
v 0.0348606705665588 -0.0277609806507826 -0.0637030005455017
vn 4.4612062051219317 -4.1956193356124807 1.3732531360408848
v 0.0341254398226738 -0.0289956908673048 -0.0647491812705994
vn 4.0996963411236500 -4.6376392081955746 0.9149910946007238
v 0.0334145389497280 -0.0300736408680677 -0.0660550519824028
vn 5.4028248417919356 -3.1672243198891734 0.0710004237957266
v 0.0400611683726311 -0.0312618613243103 -0.1131869032979012
vn 5.0996055785481120 -3.6400384325988169 0.0322158909971440
v 0.0397398397326469 -0.0317811891436577 -0.1145550012588501
vn 4.8013151789531774 -4.0277936558209166 -0.0348305034313253
v 0.0393475182354450 -0.0322842486202717 -0.1159109994769096
vn 4.5121616781217195 -4.3503991454600932 -0.0960503165946889
v 0.0388877913355827 -0.0327718183398247 -0.1172527968883514
vn 4.1707733068840573 -4.6711064100690463 -0.1576297534741020
v 0.0383632108569145 -0.0332444906234741 -0.1185780987143517
vn 3.4577862164224076 -5.2274146245245792 -0.0217949261382724
v 0.0368444882333279 -0.0344120189547539 -0.1182055994868279
vn 2.7834709586553661 -5.6189272108385531 0.1295135885306022
v 0.0350323282182217 -0.0354349613189697 -0.1174805015325546
vn 2.2127234109062646 -5.8636165335663071 0.3222052454682210
v 0.0325906202197075 -0.0363188907504082 -0.1132946014404297
vn 1.7838908225187229 -6.0007545928403196 0.4914950024763223
v 0.0298793893307447 -0.0368804298341274 -0.1086976975202560
vn 1.4906912948027047 -6.0736388917253707 0.5874375750381691
v 0.0269831996411085 -0.0371973514556885 -0.1037667021155357
vn 1.5596418293817402 -6.0589140587108234 0.5720919504439752
v 0.0254068896174431 -0.0363448187708855 -0.0917750000953674
vn 1.4817649922966480 -6.0913284719984375 0.3861355063662667
v 0.0219065491110086 -0.0363431498408318 -0.0810696408152580
vn 1.1580658266711121 -6.1719181691487774 0.1473155286994871
v 0.0169987604022026 -0.0371975302696228 -0.0761133432388306
vn 0.8469491257465496 -6.2241386980005062 -0.0109772346011996
v 0.0122117400169373 -0.0379226803779602 -0.0708461403846741
vn 5.5529694772486486 -2.6180895184452337 -1.2488258141963375
v 0.0389162302017212 -0.0311151091009378 -0.1252788007259369
vn 5.2333498602361797 -3.0724799315937963 -1.5518454280079514
v 0.0377331301569939 -0.0318865701556206 -0.1282310038805008
vn 4.8619656765144992 -3.4965294967325939 -1.8222971722037065
v 0.0363016687333584 -0.0326174981892109 -0.1310802996158600
vn 2.0172245256971579 -5.9401887752365319 -0.2239367685727884
v 0.0296439491212368 -0.0375285707414150 -0.1269713044166565
vn 2.2331198489873612 -5.8421511242087663 -0.4914755106575746
v 0.0299619995057583 -0.0372177883982658 -0.1304786950349808
vn 2.5439661954619184 -5.7154349349287532 -0.4469458808945516
v 0.0320615693926811 -0.0365296006202698 -0.1283417046070099
vn 2.8234098473135441 -5.5482944260121245 -0.7511612467202604
v 0.0322119481861591 -0.0362806916236877 -0.1300241053104401
vn 3.1883050343120334 -5.3536567948933067 -0.6812374454730519
v 0.0341124497354031 -0.0355474911630154 -0.1276848018169403
vn 3.5071902320629786 -5.0928771142929374 -0.9973157780613703
v 0.0342536494135857 -0.0352072082459927 -0.1292795985937119
vn 3.8586367138384174 -4.8539251184300838 -0.9028910558460814
v 0.0359358713030815 -0.0344371087849140 -0.1267461925745010
vn 4.2050575984912291 -4.4764168778797666 -1.2277438522706217
v 0.0360651612281799 -0.0339879915118217 -0.1282401978969574
vn 5.6171122454229714 -0.1993447915883338 -2.7828289630248348
v 0.0369289517402649 -0.0202320199459791 -0.1369066983461380
vn 1.8400089502211974 -6.0018489062444207 0.0063386543420003
v 0.0293038394302130 -0.0377026200294495 -0.1234979033470154
vn 2.3077700434193980 -5.8334074145665529 -0.1868727299468538
v 0.0317422114312649 -0.0368334613740444 -0.1249590963125229
vn 2.8922027985347536 -5.5488870774449364 -0.3925670304823168
v 0.0339645110070705 -0.0357879884541035 -0.1260683983564377
vn 3.5539513212429013 -5.1303906440883029 -0.5878552661701572
v 0.0357999801635742 -0.0347632095217705 -0.1252201050519943
vn 4.1172141707081771 -4.6576553670277399 -0.8037071571217166
v 0.0366921983659267 -0.0340338908135891 -0.1254363954067230
vn 4.4623285432798889 -4.2546201003930371 -1.1267900276345015
v 0.0368177182972431 -0.0335954390466213 -0.1268956065177917
vn 1.1539545115369394 -6.1516662414523537 0.5456220718415583
v 0.0209782104939222 -0.0374420210719109 -0.0931956097483635
vn 1.1087883897668551 -6.1607903680943465 0.5288648456791926
v 0.0224500205367804 -0.0383436605334282 -0.1059086024761200
vn 1.2885269404551103 -6.1230869035116910 0.5555121776939838
v 0.0247724000364542 -0.0378025695681572 -0.1048835963010788
vn 1.3374607967645153 -6.1216022086599908 0.4301929009825173
v 0.0255585908889771 -0.0381849408149719 -0.1114381998777390
vn 1.5459563777641503 -6.0697610377204860 0.4580610040110857
v 0.0277885105460882 -0.0375646911561489 -0.1101180016994476
vn 1.6698900088807469 -6.0467730416190291 0.2506353847638012
v 0.0285707693547010 -0.0377699099481106 -0.1166998967528343
vn 1.9217348833863894 -5.9689345462069578 0.2831955485574504
v 0.0306646805256605 -0.0370755717158318 -0.1150503009557724
vn 2.1110075254579241 -5.9105368878317037 0.0399539982182304
v 0.0314007401466370 -0.0370051190257072 -0.1216090023517609
vn 2.4217484099767033 -5.7878182430028593 0.0805959519004997
v 0.0333145186305046 -0.0362494513392448 -0.1195989027619362
vn 2.6376779887230883 -5.6911587299904216 -0.1420306539431336
v 0.0336503311991692 -0.0360825583338737 -0.1228182986378670
vn 3.0170020848457573 -5.4975975368350571 -0.0876953650662897
v 0.0353553816676140 -0.0352757498621941 -0.1205623969435692
vn 3.2856549956763557 -5.3260110561056413 -0.3268015687190199
v 0.0356577001512051 -0.0349937602877617 -0.1236732006072998
vn 3.6867779155139813 -5.0618406535701395 -0.2356671885708846
v 0.0371283218264580 -0.0341464206576347 -0.1211711019277573
vn 3.9785461850675681 -4.8167669072597628 -0.5037348434476319
v 0.0372620187699795 -0.0339280292391777 -0.1226456984877586
vn 4.2651588266999862 -4.5767802720997643 -0.4133085997899251
v 0.0379044413566589 -0.0334910713136196 -0.1213222965598106
vn 4.3472700481323390 -4.4530756497985031 -0.7573764969084494
v 0.0373896285891533 -0.0336183905601501 -0.1241002976894379
vn 4.5752694453745875 -4.2306194045535808 -0.6822070627997966
v 0.0380268618464470 -0.0331904813647270 -0.1227402985095978
vn 4.6702647673561284 -4.0491113587335699 -1.0368521339157422
v 0.0375110507011414 -0.0331912599503994 -0.1255241930484772
vn 4.8798448980295879 -3.8192046704173772 -0.9396425364957751
v 0.0381432697176933 -0.0327754616737366 -0.1241282001137733
vn 4.9691879928757983 -3.5889107057390746 -1.3091797468744351
v 0.0376256704330444 -0.0326206013560295 -0.1269063055515289
vn 5.1648982782501962 -3.3335649746411313 -1.2141969773058174
v 0.0382532402873039 -0.0322204194962978 -0.1254754066467285
vn 1.5998482335579371 -6.0711276914134737 -0.0215224767035298
v 0.0270374398678541 -0.0383419916033745 -0.1252541989088058
vn 1.7580003985649451 -6.0217339104358665 -0.2544100767988495
v 0.0273692607879639 -0.0381671711802483 -0.1288422048091888
vn 1.9917957426639759 -5.9126168969139119 -0.6168548142567762
v 0.0276794992387295 -0.0378518104553223 -0.1324664056301117
vn 1.0694165177015276 -6.1853528437348135 0.1835751107828941
v 0.0214120708405972 -0.0394857488572598 -0.1209139004349709
vn 0.9830718224976553 -6.1917389084751679 0.3886788991121855
v 0.0207303706556559 -0.0392381511628628 -0.1137453019618988
vn 0.9459729823805396 -6.1899465371477467 0.5063036476498246
v 0.0200281701982021 -0.0388223491609097 -0.1068356037139893
vn 2.4550608293731546 -5.7061191391469270 -0.8514513848227326
v 0.0301117300987244 -0.0369621515274048 -0.1322236955165863
vn 3.1313237766405742 -5.3166930827206720 -1.0902847358316758
v 0.0323555395007133 -0.0359280705451965 -0.1316843926906586
vn 3.8574818087505474 -4.7402733596094393 -1.3537085614998432
v 0.0343879386782646 -0.0347384214401245 -0.1308407932519913
vn 4.5378434297633063 -4.0268426710101073 -1.5536686220003746
v 0.0361871682107449 -0.0333883687853813 -0.1296903043985367
vn 4.7869720279634977 -3.7744783455900794 -1.4475736665257852
v 0.0369364582002163 -0.0330099388957024 -0.1283120065927505
vn 4.2029870324902490 -4.3063506062241927 -1.7184084829034054
v 0.0345147810876369 -0.0341124497354031 -0.1323561966419220
vn 3.4771543800665894 -4.9926431557711775 -1.4797062906008194
v 0.0324921011924744 -0.0354416891932487 -0.1333096027374268
vn 2.7223775051515120 -5.5227593808450894 -1.1426407930611764
v 0.0302547793835402 -0.0365988016128540 -0.1339454054832458
vn 4.7556679968905415 -0.2548012104079390 -4.0782166330470053
v 0.0312991701066494 -0.0206329207867384 -0.1454086005687714
vn 0.9782893852245750 -6.1856302796077332 0.5049959044406637
v 0.0186523701995611 -0.0378930494189262 -0.0938111469149590
vn 2.0104432202915694 -5.9471536966383258 0.1700645115663260
v 0.0178939700126648 -0.0365930087864399 -0.0560019016265869
vn 2.1473373718215014 -5.9042144268531631 -0.0062926818648224
v 0.0162990000098944 -0.0370488688349724 -0.0516003891825676
vn 1.6438933333895318 -6.0622302475405574 -0.0381589306458900
v 0.0155606204643846 -0.0372899696230888 -0.0560017786920071
vn 1.9310392626385018 -5.9723887414508354 -0.1754122888725411
v 0.0145444795489311 -0.0377330109477043 -0.0475678406655788
vn 1.3799386125796462 -6.1272903909619698 -0.1089482662506192
v 0.0131960501894355 -0.0378779694437981 -0.0560014806687832
vn -1.5952555671955289 -6.0679580083106295 -0.2966742814395169
v -0.0121234003454447 -0.0384507700800896 -0.0475681386888027
vn -2.0003351456111393 -5.9480704061781147 -0.2632795983488265
v -0.0147112002596259 -0.0376781783998013 -0.0475677810609341
vn -1.7477776338431903 -6.0294783622809867 -0.1909789601145059
v -0.0140082798898220 -0.0377579294145107 -0.0516009889543056
vn 1.5550459572441588 -6.0826807478039102 0.1256917122537488
v 0.0169970300048590 -0.0369699001312256 -0.0605553314089775
vn 1.7563160029082683 -6.0272115844989367 0.1309018088722308
v 0.0174720194190741 -0.0367900095880032 -0.0583255216479301
vn 1.3367742243327947 -6.1377710441845359 -0.0787544463720406
v 0.0128598799929023 -0.0379146896302700 -0.0583258792757988
vn 1.1050140701360367 -6.1804250106895733 -0.1899733111555804
v 0.0108072701841593 -0.0383610092103481 -0.0560010001063347
vn 1.1351436419725458 -6.1749576327337010 -0.1209277826598696
v 0.0124819800257683 -0.0379559881985188 -0.0605510994791985
vn 0.9993954993706388 -6.1994561479834260 -0.0101549987457289
v 0.0121299596503377 -0.0379997417330742 -0.0624245405197144
vn 1.4270222316356191 -6.1123697840436346 0.1768019848291025
v 0.0165537502616644 -0.0371242091059685 -0.0624486207962036
vn 1.3911001710082860 -6.1219794889610952 0.1820547792836222
v 0.0164123699069023 -0.0371819101274014 -0.0634033605456352
vn 1.8363849192318051 -5.9904738479252284 0.4156357376260977
v 0.0207445602864027 -0.0360399410128593 -0.0634481310844421
vn 3.5057440297279858 -5.0732413659320077 1.1827851286846571
v 0.0308381896466017 -0.0314339883625507 -0.0636058971285820
vn 3.0829184086108414 -5.3728857945397444 1.0356810861280865
v 0.0289610605686903 -0.0326020084321499 -0.0635698363184929
vn 2.7160060825311376 -5.5955576441386121 0.8765177263819032
v 0.0269930306822062 -0.0336312614381313 -0.0635358020663261
vn 2.3508532415987404 -5.7818126613564331 0.6991788858549020
v 0.0249572303146124 -0.0345389209687710 -0.0635040402412415
vn -0.1032050909087172 -6.2716230996663676 -0.3313367098473264
v -0.0012110470561311 -0.0390349589288235 -0.0605476386845112
vn -0.1294327663542208 -6.2653660871267007 -0.4450722944542576
v -0.0012906190240756 -0.0392987094819546 -0.0559991486370564
vn -0.3673108650765993 -6.2569130605211720 -0.4315302409123659
v -0.0037164089735597 -0.0392016097903252 -0.0559994503855705
vn -0.1830940029671576 -6.2567016741819517 -0.5190795683899888
v -0.0014426109846681 -0.0400007292628288 -0.0475690290331841
vn -1.4434126924532968 -6.1123861216363204 0.0092977548189956
v -0.0153281595557928 -0.0373638793826103 -0.0583257600665092
vn -1.1310817468311365 -6.1763414081534709 -0.1910861105804413
v -0.0106752496212721 -0.0383115410804749 -0.0583258196711540
vn -1.1756386683980298 -6.1664683898698458 -0.2262451212438234
v -0.0109631400555372 -0.0383327007293701 -0.0560010001063347
vn -1.3864915861308127 -6.1248806446148398 -0.0822455276153328
v -0.0133504802361131 -0.0378429815173149 -0.0560015402734280
vn -0.8299502470925761 -6.2249962277181563 -0.1088068012731114
v -0.0100502902641892 -0.0383070707321167 -0.0624163113534451
vn -0.9432842396240055 -6.2071658108588892 -0.1486651292817504
v -0.0103517100214958 -0.0383029505610466 -0.0605497285723686
vn -1.2565706702944008 -6.1530236136785401 0.0377754313824722
v -0.0144912600517273 -0.0375717803835869 -0.0624362193048000
vn -1.2970499708099035 -6.1451005209337426 0.0494064716861090
v -0.0148951401934028 -0.0374735482037067 -0.0605531893670559
vn -0.7674598498284754 -6.2331779813822088 -0.0820337837803538
v -0.0099222660064697 -0.0382958017289639 -0.0644026324152946
vn -1.1954784916119443 -6.1642580575324359 0.0703834867744465
v -0.0143628101795912 -0.0376069508492947 -0.0633863806724548
vn -1.6714126742992854 -6.0497250740197837 0.2298568075363583
v -0.0188841205090284 -0.0365277491509914 -0.0624652504920959
vn -2.3483419167076098 -5.8219687602684695 -0.1735935162516095
v -0.0172467194497585 -0.0367490015923977 -0.0475673601031303
vn -2.0361191221561685 -5.9397913365441859 -0.0161828732153961
v -0.0164568405598402 -0.0369953513145447 -0.0516003295779228
vn -1.6785577074931917 -6.0513552141096145 0.1048934317061818
v -0.0157133303582668 -0.0372480712831020 -0.0560018382966518
vn -1.7693362667679806 -6.0254500420019781 0.1636026753851494
v -0.0176200196146965 -0.0367468483746052 -0.0583255216479301
vn -1.5806075092396394 -6.0788365482431779 0.1090424136179306
v -0.0171424094587564 -0.0369320511817932 -0.0605555102229118
vn -1.8731163616991529 -5.9885168337019978 0.2948647647298366
v -0.0193648897111416 -0.0362997613847256 -0.0605584904551506
vn -5.2351590821926797 -3.2327765334596381 1.2312470708016534
v -0.0346695110201836 -0.0235522296279669 -0.0515956208109856
vn -4.6765725032864136 -3.9539554444177565 1.3386954022096735
v -0.0328496582806110 -0.0268561802804470 -0.0537354908883572
vn -4.9023356620951581 -3.7347100741792358 1.1696146220896411
v -0.0332218408584595 -0.0256680808961391 -0.0515961013734341
vn -4.2834091963450938 -4.4031633701680839 1.2592716670395276
v -0.0311561208218336 -0.0286648795008659 -0.0537354908883572
vn -4.5274190884429197 -4.1961203617321283 1.1223255697610930
v -0.0315686389803886 -0.0276277605444193 -0.0515965782105923
vn -3.9013267903148701 -4.7812583110106557 1.1239646596997366
v -0.0292996093630791 -0.0303129497915506 -0.0537353083491325
vn -4.1536560742356494 -4.5928901050145416 1.0153862415217623
v -0.0297416392713785 -0.0294269900768995 -0.0515969917178154
vn -3.5321413120008596 -5.0968922633272147 0.9535907613095547
v -0.0273100696504116 -0.0318047404289246 -0.0537351295351982
vn -3.8371720341674149 -4.9102456991607220 0.7614184503006652
v -0.0277690794318914 -0.0310667101293802 -0.0515975914895535
vn -3.1746034894022577 -5.3588394415328704 0.7650271415739665
v -0.0252122208476067 -0.0331458412110806 -0.0537348911166191
vn -3.4452741126425845 -5.2182645565490109 0.5797735127927423
v -0.0256762504577637 -0.0325493216514587 -0.0515981316566467
vn -2.8287093973159010 -5.5739673124690396 0.5705720036956451
v -0.0230250302702188 -0.0343424603343010 -0.0537346601486206
vn -3.0827888934960503 -5.4561901033682050 0.4092449669961750
v -0.0234823804348707 -0.0338789187371731 -0.0515986010432243
vn -2.5260608728766862 -5.7383858545981923 0.3355887130732513
v -0.0207654200494289 -0.0354009196162224 -0.0537342987954617
vn -2.7126732942209566 -5.6553176534320002 0.3198458904303363
v -0.0212054792791605 -0.0350600406527519 -0.0515992604196072
vn -4.0241200105551940 -4.6374896120691123 1.2585789066342148
v -0.0307416897267103 -0.0296919308602810 -0.0559968315064907
vn -3.6347371741312817 -4.9882962189273785 1.1066976076977610
v -0.0288568697869778 -0.0311832390725613 -0.0559983812272549
vn -3.2670359623358753 -5.2739383015790562 0.9278266521346278
v -0.0268525406718254 -0.0325239785015583 -0.0559995695948601
vn -2.9182052510650149 -5.5057110117903081 0.7375950747445872
v -0.0247527305036783 -0.0337226912379265 -0.0560005903244019
vn -2.5865940863063086 -5.6924255729397606 0.5475392827783595
v -0.0225750803947449 -0.0347873494029045 -0.0560013614594936
vn -2.2925627238122477 -5.8326633878049732 0.3840737135317005
v -0.0203350093215704 -0.0357257090508938 -0.0560017786920071
vn -6.1842724809875804 -1.0959934277215937 0.0832987239660116
v -0.0376564785838127 -0.0148240895941854 -0.0495317503809929
vn -6.1237560418255335 -1.3729806849804898 0.2607529166004040
v -0.0373984500765800 -0.0161274597048759 -0.0495321713387966
vn -6.0545084703396812 -1.6461275133473363 0.1605625534898585
v -0.0373422503471375 -0.0160773303359747 -0.0475652217864990
vn -5.8023539520104501 -2.2370632096085123 0.8856720441252308
v -0.0363764688372612 -0.0201138202100992 -0.0515950284898281
vn -5.7266546649265830 -2.4447746555670240 0.7745996760901255
v -0.0361726805567741 -0.0199126601219177 -0.0495330616831779
vn -5.9456222256264972 -1.8947768738011916 0.7061407105206110
v -0.0368038415908813 -0.0189059898257256 -0.0515948496758938
vn -5.9771708368345156 -1.8491653281825435 0.5178671199743311
v -0.0370633006095886 -0.0174129009246826 -0.0495324693620205
vn -6.0743645973674010 -1.5172087672107757 0.4999168953620689
v -0.0371532998979092 -0.0176740791648626 -0.0515946708619595
vn -6.1899269230830525 -1.0369011120935585 -0.1739034018580532
v -0.0379159413278103 -0.0133952395990491 -0.0475652217864990
vn -6.2402939820582057 -0.6029233732253734 -0.3862968641994353
v -0.0380898118019104 -0.0120318504050374 -0.0475652217864990
vn -6.2410464875340796 -0.6977812839041939 -0.0557036383995094
v -0.0376056395471096 -0.0151564404368401 -0.0515941902995110
vn -6.2608176088002843 -0.2634913258645293 -0.4175705165456572
v -0.0377031490206718 -0.0138851404190063 -0.0515940710902214
vn -6.2645049177165983 -0.2739444137948407 -0.2431490084750314
v -0.0373553000390530 -0.0175665002316236 -0.0559829995036125
vn -4.3442911597491092 2.6081584186267439 -3.6980196049888350
v -0.0345761701464653 0.0021218059118837 -0.0483798310160637
vn -4.3373369541157523 2.5951119009729871 -3.7161951196820353
v -0.0344642885029316 0.0006874789833091 -0.0495000407099724
vn -4.9281256319906053 2.2607147160220156 -3.1532742837824266
v -0.0359682999551296 0.0005773060256615 -0.0475669503211975
vn -5.2336031514344050 2.0192928513934119 -2.8156194409588888
v -0.0365236401557922 -0.0007493380107917 -0.0475669503211975
vn -5.4668758272695825 1.7652825780451571 -2.5283190050172628
v -0.0370078608393669 -0.0021159050520509 -0.0475668311119080
vn -5.3271734398505979 1.9474126947558890 -2.6913978103613543
v -0.0365263782441616 -0.0064554810523987 -0.0515943691134453
vn -5.6841856225263658 1.4804420802445815 -2.2136769450499760
v -0.0374155603349209 -0.0035140509717166 -0.0475665889680386
vn -5.5895079657741240 1.6569317266005172 -2.3295850926845616
v -0.0369223915040493 -0.0076513290405273 -0.0515943691134453
vn -5.8923820504489353 1.1437931506618271 -1.8291362602290535
v -0.0377410613000393 -0.0049347281455994 -0.0475662909448147
vn -5.8189744851746443 1.3278638851821905 -1.9478713531923588
v -0.0372416898608208 -0.0088686943054199 -0.0515943095088005
vn -6.0253825381993309 0.8534464498535645 -1.5442583995261860
v -0.0379812717437744 -0.0063684578053653 -0.0475659295916557
vn -6.0060365270325065 0.9643935306746724 -1.5555968457430436
v -0.0374817810952663 -0.0101044103503227 -0.0515941902995110
vn -5.5688253544267434 -2.6822719763186016 1.1003672784105218
v -0.0358754284679890 -0.0212929807603359 -0.0515952706336975
vn -5.4786489306906461 -2.8063720523136442 1.2472407857451926
v -0.0356034003198147 -0.0227636601775885 -0.0537353083491325
vn -5.6800132355234636 -2.4452389441522948 1.0974757020318653
v -0.0361286401748657 -0.0216483995318413 -0.0537352487444878
vn -5.5500098021618642 -2.6810130065301587 1.1960368554164855
v -0.0358976088464260 -0.0232006292790174 -0.0559895597398281
vn -5.7629419163700639 -2.2654733396176283 1.0326788700564054
v -0.0363727211952209 -0.0221169497817755 -0.0559883713722229
vn -5.6582728413028729 -2.5170429744055172 1.0093119664711931
v -0.0361541509628296 -0.0236667301505804 -0.0583091303706169
vn -5.8867706323565230 -2.0171516114437495 0.7934483788086153
v -0.0365712605416775 -0.0226084496825933 -0.0583078190684319
vn -6.1773533798237139 -1.1063426232343390 0.2515848438604906
v -0.0374215207993984 -0.0164226200431585 -0.0515944287180901
vn -6.2219558863368896 -0.8031270423331500 0.1571153962462573
v -0.0372573696076870 -0.0187056604772806 -0.0559845492243767
vn -6.2592210548150611 -0.2779477472714109 -0.2527239358334901
v -0.0372005701065063 -0.0193328205496073 -0.0583036504685879
vn -4.1494949591449783 2.7293470205598167 -3.8376619645200774
v -0.0342582389712334 -0.0019555089529604 -0.0515640303492546
vn -5.1005510461379426 -3.3963382618601785 1.3731357761955640
v -0.0347176082432270 -0.0252578798681498 -0.0559917613863945
vn -5.2890079473589582 -3.1245967726542334 1.3100900556484079
v -0.0350073501467705 -0.0238435193896294 -0.0537354312837124
vn -3.3620294276781086 -5.1971123774453449 0.9950620574758123
v -0.0283759199082851 -0.0320007801055908 -0.0583202801644802
vn -2.9994363417138192 -5.4465841769924204 0.8241346207670238
v -0.0263595506548882 -0.0331970416009426 -0.0583218894898891
vn -2.6627042593560541 -5.6445995052480207 0.6482858160202953
v -0.0242607500404119 -0.0342607386410236 -0.0583232007920742
vn -2.3487228325383374 -5.8011149094751495 0.4763301983826310
v -0.0220959708094597 -0.0352016612887383 -0.0583241507411003
vn -2.1039592399523341 -5.9099401954227311 0.2910561431972021
v -0.0198791008442640 -0.0360281392931938 -0.0583250485360622
vn -1.9568207139225435 -5.9622017712184734 0.2591490042376717
v -0.0180444102734327 -0.0365439616143703 -0.0560019016265869
vn -3.4555981472469961 -5.2354864056404544 0.3116963532324069
v -0.0244219303131104 -0.0330031514167786 -0.0475664101541042
vn -3.8267967779819383 -4.9599431042866655 0.4469443763946309
v -0.0266235992312431 -0.0314298793673515 -0.0475660488009453
vn -4.9007405678077118 -3.6993673758428098 1.3069176445027204
v -0.0343973599374294 -0.0266097094863653 -0.0583129487931728
vn -4.7673385166398701 -3.7974797427437732 1.4837010682895340
v -0.0340270400047302 -0.0262267496436834 -0.0559929609298706
vn -4.1830256447965404 -4.4841055392158022 1.2612122162475090
v -0.0320665799081326 -0.0291664600372314 -0.0583163388073444
vn -3.4580426962618631 -5.1110535118938509 1.1398796634090091
v -0.0297602992504835 -0.0315241813659668 -0.0605809614062309
vn -4.9867236396680426 -3.5315808807980584 1.4322125044931762
v -0.0343461595475674 -0.0248863603919744 -0.0537354908883572
vn -4.4355689762863300 -4.2085540993331172 1.3625664153840549
v -0.0324772484600544 -0.0280416607856750 -0.0559949204325676
vn -3.7552477419118175 -4.8822968573726389 1.1474023193529341
v -0.0302878599613905 -0.0306613408029079 -0.0583183690905571
vn -3.0716889417222748 -5.3856095225669289 0.9825973930430406
v -0.0278228502720594 -0.0327267609536648 -0.0605756007134914
vn -2.1155480459673557 -5.8939319471983040 0.4819687199284839
v -0.0215545203536749 -0.0355708003044128 -0.0605620108544827
vn -2.4067354606573681 -5.7644375153088632 0.6443601835315610
v -0.0237026195973158 -0.0347386002540588 -0.0605660006403923
vn -2.7238974247065366 -5.5984288328808640 0.8134214280703482
v -0.0257969405502081 -0.0337939187884331 -0.0605704709887505
vn -1.1039752904609714 -6.1806793531976130 0.0077391698696460
v -0.0143834901973605 -0.0376331210136414 -0.0658965110778809
vn -1.1445980136047886 -6.1735492213070717 0.0839972438972968
v -0.0143181597813964 -0.0376298986375332 -0.0644341111183167
vn -1.5577994973176534 -6.0739533819980656 0.2824604308378231
v -0.0186741892248392 -0.0366829596459866 -0.0644775629043579
vn -1.6073060904947289 -6.0619157633914496 0.2910248684411074
v -0.0187299791723490 -0.0366152487695217 -0.0634257718920708
vn -2.4792817512205536 -5.7437403484895428 0.4881218075402700
v -0.0252652093768120 -0.0342866107821465 -0.0625257417559624
vn -2.6734421851308916 -5.6160462008957834 0.8564482556761497
v -0.0271230302751064 -0.0335683785378933 -0.0635379478335381
vn -2.8582662569917994 -5.5265332237548073 0.8599042493386728
v -0.0272967200726271 -0.0333263203501701 -0.0625500604510307
vn -3.1085253587399775 -5.3560662289223737 1.0458208859925600
v -0.0290859304368496 -0.0325305983424187 -0.0635721608996391
vn -3.2371269850307032 -5.2859930839556988 1.0098046115329555
v -0.0292540695518255 -0.0322389602661133 -0.0625762268900871
vn -3.5354853994187918 -5.0503776290188496 1.1913871144688257
v -0.0309560801833868 -0.0313529893755913 -0.0636083409190178
vn -3.6706420741783585 -4.9647764875940821 1.1392419601782926
v -0.0311126708984375 -0.0310079399496317 -0.0626040101051331
vn -4.0360827141834044 -4.6267294502513945 1.3008382590129719
v -0.0326982699334621 -0.0300140902400017 -0.0636462494730949
vn -4.1350214702255350 -4.5662393076471437 1.2103431150834876
v -0.0328356586396694 -0.0296129491180182 -0.0626332685351372
vn -4.5560216450411302 -4.1072657170800015 1.3346432347484285
v -0.0342580601572990 -0.0284888707101345 -0.0636855289340019
vn -4.4109764923618355 -4.3087444207251675 1.1850758594131712
v -0.0336301885545254 -0.0288470294326544 -0.0626482889056206
vn -4.7273217108012506 -3.9419249035671866 1.2463851162595379
v -0.0343682691454887 -0.0280321203172207 -0.0626636072993279
vn -4.2069260516037597 -4.6337541941089819 0.5271268284800897
v -0.0287018995732069 -0.0296934191137552 -0.0475658103823662
vn -4.5976098485714774 -4.2432864947928044 0.5390386778119723
v -0.0306375604122877 -0.0277938190847635 -0.0475656315684319
vn -4.4197645971137973 -4.3948167274809684 0.7536798580888744
v -0.0301932599395514 -0.0285738091915846 -0.0495359785854816
vn -4.9321068123391623 -3.8425730694684086 0.5724049726443931
v -0.0324081107974052 -0.0257344804704189 -0.0475654602050781
vn -4.7399452831567377 -4.0145280744252272 0.8923962454145824
v -0.0319911800324917 -0.0266361199319363 -0.0495352707803249
vn -5.2654254087144050 -3.3709523176948655 0.5696132942268954
v -0.0339893102645874 -0.0235208198428154 -0.0475654006004333
vn -5.0949371550029552 -3.5466924964957096 0.9117144194887437
v -0.0336062908172607 -0.0245405398309231 -0.0495344400405884
vn -5.5730684574056539 -2.8449956204489801 0.5007590827990925
v -0.0353562198579311 -0.0211625006049871 -0.0475653409957886
vn -5.4338522848295829 -3.0165344468736057 0.8536030738147862
v -0.0350105091929436 -0.0222943406552076 -0.0495337806642056
vn -5.8435443953873198 -2.2631584020041746 0.3501121155013512
v -0.0364821515977383 -0.0186753794550896 -0.0475652813911438
vn -6.1144201054731333 -1.3217932429962072 0.5080838934136739
v -0.0370578691363335 -0.0198628902435303 -0.0559858009219170
vn -6.2070626536206408 -0.8767688110355316 0.1528745773487044
v -0.0371013805270195 -0.0204108897596598 -0.0583052001893520
vn -6.2567276195205137 -0.2870284963322834 -0.2960398365455700
v -0.0370226502418518 -0.0209078099578619 -0.0606204792857170
vn -5.8566639165905245 -2.0648027633269335 0.9382990364565358
v -0.0365773998200893 -0.0205015502870083 -0.0537351891398430
vn -5.9547528248433901 -1.8134847069103692 0.8069997938037108
v -0.0367614589631557 -0.0210025291889906 -0.0559870600700378
vn -6.0767691383360862 -1.4659584717576808 0.5072222327130745
v -0.0368893705308437 -0.0215201303362846 -0.0583065114915371
vn -6.1936046032571959 -0.9688201125505871 0.1188383334677281
v -0.0369200706481934 -0.0219356399029493 -0.0606167912483215
vn -6.2630672154906231 -0.3023680307927539 -0.1789077928778290
v -0.0368607603013515 -0.0222353301942348 -0.0627599284052849
vn -4.6736518647394636 -4.0082969572331537 1.2338323484131384
v -0.0340103507041931 -0.0278252307325602 -0.0605963394045830
vn -4.9536975598425972 -3.6670769058590791 1.1978118256499870
v -0.0347101017832756 -0.0269516706466675 -0.0605996809899807
vn -5.2417497504019224 -3.2682289082376643 1.1177369558823635
v -0.0353400707244873 -0.0260307695716619 -0.0606030188500881
vn -5.5302072427768287 -2.8005823247684729 0.9795967045349714
v -0.0358882509171963 -0.0250643398612738 -0.0606064200401306
vn -5.8025014596369084 -2.2579971321555070 0.7711902737275986
v -0.0363420806825161 -0.0240548793226480 -0.0606098100543022
vn -6.0338411649766197 -1.6404430238993182 0.4867772324076731
v -0.0366896316409111 -0.0230084005743265 -0.0606133304536343
vn -5.9343391547628643 1.3253761712681587 -1.5492428962344058
v -0.0369334816932678 -0.0163772702217102 -0.0582971498370171
vn -5.9613294565240853 1.1863160689872565 -1.5663439470530700
v -0.0371045991778374 -0.0143456403166056 -0.0559763312339783
vn -5.6960260972720214 1.7627797719224758 -1.9611194424738669
v -0.0366879701614380 -0.0154605498537421 -0.0582948289811611
vn -5.7325900591117440 1.5945701901501335 -2.0015938783573883
v -0.0368611216545105 -0.0133269401267171 -0.0559737607836723
vn -5.4183280374182967 2.1384690479578423 -2.3426584002796185
v -0.0363731309771538 -0.0145692201331258 -0.0582925006747246
vn -5.4595034885072691 1.9498385820263100 -2.4117514266642397
v -0.0365446805953979 -0.0123314196243882 -0.0559713803231716
vn -5.0344514904766759 2.5259739897040414 -2.7642805700734239
v -0.0359915383160114 -0.0136986896395683 -0.0582904815673828
vn -5.1122136414051225 2.2630869008530627 -2.8543179224915494
v -0.0361576601862907 -0.0113567104563117 -0.0559691712260246
vn -3.9152508694934398 2.8405675848032468 -4.0053328656021687
v -0.0340938493609428 -0.0040636057965457 -0.0532103106379509
vn -3.7755943400954077 2.9705116795018958 -4.0353352568894270
v -0.0339046083390713 -0.0075881481170654 -0.0559821091592312
vn -4.1538501637927485 2.7308578436463660 -3.8369119117329427
v -0.0345792695879936 -0.0085282921791077 -0.0559654794633389
vn -4.4414568792182338 2.7317627411927541 -3.4960204134696014
v -0.0351772308349609 -0.0094591965898871 -0.0559662505984306
vn -4.8407454736993625 2.4730948070185566 -3.1460693236977262
v -0.0357015691697598 -0.0104001099243760 -0.0559674501419067
vn -6.1963515397967068 -0.9763361994081780 0.2099722845862411
v -0.0367543101310730 -0.0232229195535183 -0.0627428218722343
vn -5.6902527320742315 -2.4952939015023041 0.8819059936550984
v -0.0361230298876762 -0.0252810698002577 -0.0627108216285706
vn -5.6182915328785858 -2.5884545292971879 1.0586065741466144
v -0.0360621809959412 -0.0258085094392300 -0.0637464523315430
vn -5.3701161848367169 -3.0689220922977181 1.0724686710233122
v -0.0356298014521599 -0.0262488704174757 -0.0626948997378349
vn -5.2769181353117620 -3.1746556935931833 1.2194920697715590
v -0.0355527400970459 -0.0267556291073561 -0.0637259408831596
vn -5.0427899468238806 -3.5473046745088244 1.1887781210390271
v -0.0350396595895290 -0.0271660592406988 -0.0626791715621948
vn -4.9344143459450507 -3.6568085631686285 1.3081187005613222
v -0.0349456593394279 -0.0276489797979593 -0.0637056231498718
vn -4.8381406215113962 -3.7653125859588608 1.3466486260339807
v -0.0349193215370178 -0.0280805192887783 -0.0647726580500603
vn -5.1977494747270407 -3.2707458781817005 1.2893567892022362
v -0.0355378910899162 -0.0272119008004665 -0.0647936984896660
vn -5.5537754394837133 -2.6724798224414803 1.1668164735308635
v -0.0360585413873196 -0.0262869000434875 -0.0648149177432060
vn -5.8644565716796571 -2.0149806175635883 0.9499385248717993
v -0.0364614687860012 -0.0253108702600002 -0.0648363232612610
vn -6.0227841342874475 -1.6151074853125538 0.7258298195061660
v -0.0366123914718628 -0.0248073302209377 -0.0648469924926758
vn -6.2026679380499399 -0.9074503670572596 0.3851804541035317
v -0.0367150306701660 -0.0237814690917730 -0.0637878105044365
vn -5.0090344131503537 2.9037043353254610 -2.4229444894693599
v -0.0356430411338806 -0.0175186302512884 -0.0628782510757446
vn -4.4725635396334233 3.3442171569244135 -2.8578017555954487
v -0.0347298309206963 -0.0161501094698906 -0.0629112124443054
vn -4.5221153938654055 3.5018979320088075 -2.5885104468990918
v -0.0346919782459736 -0.0169737897813320 -0.0640004798769951
vn -3.8462886292493512 3.9263174179538929 -2.9954040045404238
v -0.0334872007369995 -0.0155991297215223 -0.0640551969408989
vn -3.8595503424816702 3.7352341468216088 -3.2465519138612633
v -0.0334898792207241 -0.0147956004366279 -0.0630034804344177
vn -5.0006207996559988 2.7195665802756275 -2.6409460621499510
v -0.0358088612556458 -0.0157765708863735 -0.0606480799615383
vn -5.3785536692348872 2.3141946058349943 -2.2673337808491398
v -0.0361828207969666 -0.0165550094097853 -0.0606436692178249
vn -5.3734732898868334 2.5043001584965472 -2.0701907121138312
v -0.0360090099275112 -0.0182207804173231 -0.0628591701388359
vn -5.6576170622868593 1.9212907415538747 -1.9251877113264504
v -0.0364942513406277 -0.0173549000173807 -0.0606390200555325
vn -5.6740881518670747 2.0824075172323759 -1.7031264108398332
v -0.0363169908523560 -0.0189451500773430 -0.0628392100334167
vn -5.9032931458093429 1.4613574546034327 -1.5485900242118635
v -0.0367406606674194 -0.0181826297193766 -0.0606341287493706
vn -5.9223095874669909 1.5906124835017430 -1.3480392912225654
v -0.0365642309188843 -0.0196996908634901 -0.0628186389803886
vn 6.2438597795380195 -0.2993463187331499 -0.6129097950164299
v 0.0381783209741116 -0.0108265196904540 -0.0475652813911438
vn 0.5325109472261006 -6.2591333973138301 -0.0315077526760928
v 0.0077363247983158 -0.0384100005030632 -0.0709520503878593
vn 0.4780700159898235 -6.2616195178808791 0.1695534172599342
v 0.0081840753555298 -0.0384747311472893 -0.0827346965670586
vn -0.7104327447049645 -6.2413574851432845 -0.0323077618381915
v -0.0101216398179531 -0.0381797514855862 -0.0709011480212212
vn -0.3492524285412223 -6.2706245450140985 0.1517199549765429
v -0.0059764380566776 -0.0386193282902241 -0.0828617811203003
vn -0.3802488148628763 -6.2703904761062867 -0.0472934737378894
v -0.0056417579762638 -0.0385592505335808 -0.0709860920906067
vn -0.4126885736341789 -6.2659631725615732 -0.1592201781016843
v -0.0055241580121219 -0.0387064218521118 -0.0643832609057426
vn -0.4466544464328068 -6.2619318972667894 -0.2068096991228465
v -0.0056000351905823 -0.0387611314654350 -0.0624049901962280
vn -0.5042589314608845 -6.2546649722484968 -0.2794269504893623
v -0.0057784910313785 -0.0388167984783649 -0.0605481192469597
vn -0.8694869865318531 -6.2135911439470526 -0.3213331133110531
v -0.0085578560829163 -0.0387206003069878 -0.0560005307197571
vn -1.2633438694261991 -6.1411508400007762 -0.3740601098424652
v -0.0094940662384033 -0.0390686318278313 -0.0475685000419617
vn -2.0517166227256394 -5.9033003553091419 0.5414927711214700
v -0.0229419395327568 -0.0354168415069580 -0.0645324513316154
vn -1.5065423097689592 -6.0890583968035514 0.1445824260291805
v -0.0187474396079779 -0.0367244407534599 -0.0659212991595268
vn -1.0430231822230940 -6.1937167436180482 0.0089804444163549
v -0.0145810795947909 -0.0375646315515041 -0.0707722902297974
vn -0.7162916092606133 -6.2413708667659185 0.0588146737339409
v -0.0103652402758598 -0.0381608009338379 -0.0765897035598755
vn 0.7190376816298372 -6.2300814385107000 0.3671625493890676
v 0.0133210401982069 -0.0382342301309109 -0.0884585902094841
vn 0.8255589298212117 -6.2093872679566928 0.4868116349260135
v 0.0162653904408216 -0.0382825694978237 -0.0943581387400627
vn 0.7976127765347270 -6.2124221729666020 0.4877911256775226
v 0.0175183396786451 -0.0392394587397575 -0.1076588034629822
vn 0.8297927802377603 -6.2152507112200173 0.3735572349348991
v 0.0181577801704407 -0.0396721288561821 -0.1147183030843735
vn 0.9040392680422233 -6.2123935098964855 0.1691094502831605
v 0.0187784992158413 -0.0399351082742214 -0.1220445036888123
vn 1.0050479027474915 -6.1984278039681815 -0.0779217842859515
v 0.0193599406629801 -0.0399033389985561 -0.1296215951442719
vn 1.3087410221170201 -6.1341890557679957 -0.2997358702645220
v 0.0223469100892544 -0.0392710492014885 -0.1321153938770294
vn 1.7522574272909943 -5.9850798615493002 -0.6474788607638617
v 0.0252283792942762 -0.0384300313889980 -0.1342920958995819
vn 2.3976463825633307 -5.6684203004717650 -1.1513656146691642
v 0.0279651191085577 -0.0372179709374905 -0.1360487937927246
vn 3.1148439275839945 -5.1968242532708189 -1.5867778837601358
v 0.0303906202316284 -0.0360968708992004 -0.1356309950351715
vn 3.8268494415855532 -4.5797663494534042 -1.8860969351545771
v 0.0326209589838982 -0.0347917601466179 -0.1348872929811478
vn 4.5072932292706858 -3.8270349861390929 -2.0539232767090994
v 0.0346338115632534 -0.0333075486123562 -0.1338090002536774
vn 5.0877111008873932 -3.0158038725542387 -2.0560503508770740
v 0.0364081189036369 -0.0316806398332119 -0.1323744952678680
vn 5.5417445992098928 -2.2157951426476030 -1.9037239715946888
v 0.0379255414009094 -0.0299559198319912 -0.1305682957172394
vn 5.8675991194330557 -1.4937228202094857 -1.6220049255034878
v 0.0391689501702785 -0.0281804203987122 -0.1283866018056870
vn 6.0808045989024588 -0.9147259514587398 -1.2362612084286646
v 0.0401244089007378 -0.0264000799506903 -0.1258469969034195
vn 6.2070820192165170 -0.4792004036453262 -0.7776438875486364
v 0.0407804213464260 -0.0246601700782776 -0.1230095028877258
vn 6.2666370193905401 -0.1850256181253320 -0.2791585917656835
v 0.0411580204963684 -0.0218313299119473 -0.1201649010181427
vn 0.6789930847738496 -6.2287947796171643 0.4653164456781521
v 0.0138264801353216 -0.0386124812066555 -0.0948333069682121
vn 0.6589458394815843 -6.2298543689995363 0.4736203325003946
v 0.0149326296523213 -0.0395959615707397 -0.1083732023835182
vn 0.6865955862276010 -6.2335585444937003 0.3614670472399729
v 0.0154969003051519 -0.0400446616113186 -0.1155626997351646
vn 0.7494164574758779 -6.2334781632286091 0.1575761033509384
v 0.0160447899252176 -0.0403223596513271 -0.1230257973074913
vn 0.8346756041864705 -6.2237606275650252 -0.0898412300837876
v 0.0165579896420240 -0.0403013192117214 -0.1307470053434372
vn 1.1095890264023143 -6.1728838512356461 -0.3160536457800097
v 0.0196295306086540 -0.0397334583103657 -0.1334968954324722
vn 1.5187811641887046 -6.0488017462666734 -0.6605071834038267
v 0.0226238295435905 -0.0389509201049805 -0.1359446048736572
vn 2.0993042202555547 -5.7768052977430280 -1.2030423377951516
v 0.0255012493580580 -0.0377838015556335 -0.1379811018705368
vn 2.7698278749605585 -5.3627452751638671 -1.6774678583697553
v 0.0280976798385382 -0.0367020890116692 -0.1377906948328018
vn 3.4581941366975104 -4.8067512020552599 -2.0311751672022478
v 0.0305189397186041 -0.0354251191020012 -0.1372675001621246
vn 4.1429471871261958 -4.1080077301446289 -2.2678846301355104
v 0.0327420197427273 -0.0339555703103542 -0.1363997012376785
vn 4.7567786919430350 -3.3280274052541614 -2.3439854243063203
v 0.0347445607185364 -0.0323292016983032 -0.1351615935564041
vn 5.2644741372016197 -2.5287062352590040 -2.2619024402766303
v 0.0365064702928066 -0.0305906496942043 -0.1335328966379166
vn 5.6522221036057640 -1.7773468484208450 -2.0395479016355216
v 0.0380096398293972 -0.0287874899804592 -0.1315058022737503
vn 5.9254092829691318 -1.1512649696868191 -1.6988685052964803
v 0.0392379686236382 -0.0269662104547024 -0.1290933936834335
vn 6.1045794310694310 -0.6902063817172283 -1.2723911633463545
v 0.0401785299181938 -0.0251722298562527 -0.1263546049594879
vn 1.4210666129844987 -6.0382104039103446 -0.9485393287298279
v 0.0200003292411566 -0.0391405187547207 -0.1393623054027557
vn 1.2411105730538197 -6.1235166840522117 -0.6034804655420141
v 0.0198817197233438 -0.0394127294421196 -0.1374132931232452
vn 1.0333869920783256 -6.1607997154290874 -0.6195487501394027
v 0.0170183703303337 -0.0398136898875237 -0.1386892944574356
vn 0.9224525156246077 -6.2031946167771297 -0.3290442568032488
v 0.0167959295213223 -0.0401343703269958 -0.1346970051527023
vn 0.7444171805184964 -6.2267375610928850 -0.3390505120522970
v 0.0138625502586365 -0.0404719114303589 -0.1357078999280930
vn 0.6730003821070648 -6.2433709595759233 -0.0990545012742581
v 0.0136608397588134 -0.0406358800828457 -0.1316947937011719
vn 0.5177860311858076 -6.2581802318427329 -0.1058833740804224
v 0.0106850797310472 -0.0409057699143887 -0.1324588954448700
vn 0.6032586566982604 -6.2497075630963721 0.1486671654865564
v 0.0132259698584676 -0.0406467914581299 -0.1238519996404648
vn 0.4632199285196528 -6.2619207771094771 0.1420966375127295
v 0.0103370500728488 -0.0409075617790222 -0.1245177015662193
vn 0.5515979343559994 -6.2475956797507761 0.3521579225202000
v 0.0127616496756673 -0.0403554998338223 -0.1162734031677246
vn 0.4227576855921671 -6.2580971731685890 0.3452451145731635
v 0.0099654188379645 -0.0406044684350491 -0.1168460026383400
vn 0.5285121065496686 -6.2431849632507834 0.4625592394687809
v 0.0122832003980875 -0.0398921296000481 -0.1089745983481407
vn 0.4045305255663864 -6.2531104240391588 0.4542155503252545
v 0.0095825791358948 -0.0401284582912922 -0.1094591990113258
vn 0.5450940460666897 -6.2427787874489411 0.4544496321323417
v 0.0113456798717380 -0.0388844609260559 -0.0952336713671684
vn 0.4148441037919591 -6.2537871244159113 0.4405313214992064
v 0.0088322162628174 -0.0390997491776943 -0.0955565497279167
vn 0.4395820505917984 -6.2579623724617282 0.3360391427519764
v 0.0084892511367798 -0.0387085601687431 -0.0890148207545280
vn 6.2179892315330836 -0.2723350906078877 -0.7950880063846399
v 0.0408541485667229 -0.0221879407763481 -0.1235949024558067
vn 6.1196466771824003 -0.5038921180917251 -1.2916024377555726
v 0.0402250811457634 -0.0238769594579935 -0.1267240941524506
vn 5.9612330259886281 -0.8629712004497967 -1.7507531775107719
v 0.0392989516258240 -0.0256627704948187 -0.1296305954456329
vn 5.7298812919048725 -1.3699662789022931 -2.1431494721845792
v 0.0380852185189724 -0.0275062900036573 -0.1322503983974457
vn 5.4008731755729880 -2.0359800867289208 -2.4347821828380276
v 0.0365960001945496 -0.0293642804026604 -0.1345165073871613
vn 4.9587530332154381 -2.8086870404895579 -2.5940814398348602
v 0.0348466597497463 -0.0311909299343824 -0.1363722980022430
vn 4.4090075888891169 -3.6009413023015409 -2.6046261762436473
v 0.0328544899821281 -0.0329387113451958 -0.1378079950809479
vn 3.7757396050173062 -4.3471163282454910 -2.4563722419817084
v 0.0306394100189209 -0.0345601998269558 -0.1388362944126129
vn 3.0982939450341251 -4.9952615918318513 -2.1561809456994268
v 0.0282229091972113 -0.0360108613967896 -0.1394822001457214
vn 2.4406245481890800 -5.4976939618760214 -1.7544003463462641
v 0.0256279092282057 -0.0372557602822781 -0.1397752016782761
vn 1.8543707544996857 -5.8518565985029083 -1.2615357135605330
v 0.0228788200765848 -0.0382944308221340 -0.1397306025028229
vn 0.1818546290038633 -6.2716733976119095 0.3201587780786962
v 0.0035942790564150 -0.0389648601412773 -0.0893275663256645
vn 0.1716921532424731 -6.2660639147570958 0.4280494432888485
v 0.0037459731101990 -0.0393645688891411 -0.0959623977541924
vn 0.2921226662924120 -6.2610792335476591 0.4357680806037674
v 0.0062958002090454 -0.0392594300210476 -0.0958000421524048
vn 0.1684773063013573 -6.2646688998691982 0.4445766363623028
v 0.0040780301205814 -0.0404222011566162 -0.1100673004984856
vn 0.2850376085270007 -6.2601599417906630 0.4482972607290690
v 0.0068432088010013 -0.0403051301836967 -0.1098242029547691
vn 0.1768052452782300 -6.2703830234887441 0.3373999894513638
v 0.0042473669163883 -0.0409153103828430 -0.1175644025206566
vn 0.2983651916836680 -6.2655814766207785 0.3404039438992447
v 0.0071225757710636 -0.0407911501824856 -0.1172773018479347
vn 0.1944750547261271 -6.2763051972332375 0.1346247611790674
v 0.0044118762016296 -0.0412348508834839 -0.1253533065319061
vn 0.3276213625859171 -6.2706685623926388 0.1374889974577710
v 0.0073937769047916 -0.0411037802696228 -0.1250194013118744
vn 0.2178448442698512 -6.2757892662234012 -0.1135313747166141
v 0.0045659542083740 -0.0412459298968315 -0.1334186047315598
vn 0.3666056299991258 -6.2688554030618802 -0.1106180070023234
v 0.0076476931571960 -0.0411096215248108 -0.1330347955226898
vn 0.4060937951690013 -6.2574418455645402 -0.3518338589425937
v 0.0077654710039496 -0.0409509502351284 -0.1371378004550934
vn 0.5730766779358659 -6.2445675619538790 -0.3465582553575350
v 0.0108464900404215 -0.0407446585595608 -0.1365230977535248
vn 0.6433834269633586 -6.2119320407314529 -0.6415748027664956
v 0.0109974695369601 -0.0404257103800774 -0.1406320929527283
vn 0.8350056414856154 -6.1898263232730537 -0.6321163428108693
v 0.0140510704368353 -0.0401520691812038 -0.1397646963596344
vn 0.9474627550623873 -6.1243006319256938 -0.9956532262105982
v 0.0141399502754211 -0.0398761592805386 -0.1417839974164963
vn 1.1709725240072966 -6.0880011247135926 -0.9783298078441081
v 0.0171231608837843 -0.0395393297076225 -0.1406763941049576
vn 1.3326865641861281 -5.9669817447953157 -1.4014792033821128
v 0.0172231700271368 -0.0391423106193542 -0.1426378041505814
vn 1.5938015861809616 -5.9091701627526625 -1.3709595023437011
v 0.0201137606054544 -0.0387478992342949 -0.1412861049175262
vn 1.8217579744526058 -5.6968547814351345 -1.8729968928292908
v 0.0202214699238539 -0.0382001288235188 -0.1431698054075241
vn 2.1253446334650126 -5.6075915060716870 -1.8190700552553638
v 0.0229971408843994 -0.0377557203173637 -0.1415721029043198
vn 2.4054682397851721 -5.2810505609290299 -2.3549912240367190
v 0.0231088306754827 -0.0370314717292786 -0.1433600038290024
vn 2.7475476152451459 -5.1517079078073582 -2.2635730678047103
v 0.0257475301623344 -0.0365468785166740 -0.1415171027183533
vn 3.0418389671679020 -4.7218313234259206 -2.7655440642256321
v 0.0258598309010267 -0.0356321297585964 -0.1431871950626373
vn 3.4080505647184705 -4.5501293883623921 -2.6217155290784091
v 0.0283403899520636 -0.0351197086274624 -0.1411035954952240
vn 3.6804180776207902 -4.0438850518155167 -3.0467635107541975
v 0.0284498296678066 -0.0340347811579704 -0.1426133960485458
vn 4.0491918480156102 -3.8383745990449789 -2.8383046043292430
v 0.0307514593005180 -0.0335078798234463 -0.1402970999479294
vn 4.2804394883125410 -3.2792817917226325 -3.1784288455894050
v 0.0308548808097839 -0.0322827585041523 -0.1416044980287552
vn 4.6293593476894994 -3.0584533119549806 -2.8994835658863716
v 0.0329583212733269 -0.0317553803324699 -0.1390683948993683
vn 4.8053934140632597 -2.4826900265014693 -3.1529409159058681
v 0.0330529808998108 -0.0304238703101873 -0.1401388049125671
vn 5.1174524363857321 -2.2707736034367030 -2.8062028575532159
v 0.0349396392703056 -0.0299101993441582 -0.1374002993106842
vn 5.2304977536223207 -1.7541166876461642 -2.9706678871000558
v 0.0350233316421509 -0.0285061001777649 -0.1382168978452682
vn 5.4973058122734741 -1.5708049759707934 -2.5677150377402400
v 0.0366763994097710 -0.0280198398977518 -0.1352979987859726
vn 5.5564033225149831 -1.1716021395731666 -2.6587509818918416
v 0.0367473885416985 -0.0265771690756083 -0.1358918994665146
vn 5.7776439724552482 -1.0237822630779860 -2.2138833226837273
v 0.0381518602371216 -0.0261313300579786 -0.1328165978193283
vn 5.8050976877536593 -0.7397399019435856 -2.2594210417142282
v 0.0382092483341694 -0.0246821008622646 -0.1332284957170486
vn 5.9822047222441448 -0.6270526854107891 -1.7839773377464998
v 0.0393514595925808 -0.0242886506021023 -0.1300216019153595
vn 5.9934258052326594 -0.4016299998407615 -1.8091975103479201
v 0.0393951497972012 -0.0228620097041130 -0.1302895992994308
vn 6.1272223229861149 -0.3278571488730466 -1.3105851585454782
v 0.0402639508247375 -0.0225317999720573 -0.1269772946834564
vn -0.0880244266515880 -6.2754465485207458 -0.2515026954319647
v -0.0011718269670382 -0.0389533601701260 -0.0624006912112236
vn -0.0824892908951915 -6.2782487254050405 -0.1893936006296634
v -0.0011549589689821 -0.0388798713684082 -0.0643752813339233
vn -0.0767532621608293 -6.2814167029517947 -0.0583709646858655
v -0.0011802909430116 -0.0387195311486721 -0.0710238814353943
vn -0.0704159805425120 -6.2805106208013006 0.1339062764314174
v -0.0012529490049928 -0.0387748405337334 -0.0830020904541016
vn -0.0662651394369921 -6.2740797861770865 0.3180609200823956
v -0.0013025399530306 -0.0390127301216125 -0.0893873497843742
vn 0.0545986626038590 -6.2681687612044525 0.4284459099108455
v 0.0011923899874091 -0.0394158884882927 -0.0960425734519958
vn 0.0535747048544796 -6.2668454667696425 0.4427645886380859
v 0.0012996790464967 -0.0404797084629536 -0.1101870983839035
vn 0.0561833563678653 -6.2727025061941637 0.3359747961516217
v 0.0013543959939852 -0.0409766398370266 -0.1177060976624489
vn 0.0618160912894919 -6.2790515925588393 0.1332942697589364
v 0.0014076230581850 -0.0412996411323547 -0.1255182027816772
vn 0.0696048867785790 -6.2791701184772712 -0.1147579426034023
v 0.0014573930529878 -0.0413136407732964 -0.1336078941822052
vn 0.2414741854402946 -6.2658241961053838 -0.3550982565182429
v 0.0046374201774597 -0.0410891696810722 -0.1375474035739899
vn 0.4562428983227020 -6.2278999360209486 -0.6483648242109523
v 0.0078756799921393 -0.0406331382691860 -0.1412862986326218
vn 0.7307826874864679 -6.1520188057139116 -1.0088165210136664
v 0.0110685201361775 -0.0401488505303860 -0.1426776051521301
vn 1.0801985508350553 -6.0124456998487474 -1.4262047842123557
v 0.0142246400937438 -0.0394755005836487 -0.1437772959470749
vn 1.5278193983975732 -5.7686211834711871 -1.9176148559541839
v 0.0173181798309088 -0.0385869108140469 -0.1445585936307907
vn 2.0710064684205385 -5.3875101920292030 -2.4321691977758491
v 0.0203231498599052 -0.0374623499810696 -0.1449989974498749
vn 2.6779317316105686 -4.8660337147489647 -2.8899220308208133
v 0.0232136808335781 -0.0360954888164997 -0.1450742930173874
vn 3.3052563071554522 -4.2207907087534355 -3.2309786534527114
v 0.0259642601013184 -0.0345177017152309 -0.1447422951459885
vn 3.9151370363337441 -3.4736830799481009 -3.4309248806654957
v 0.0285506192594767 -0.0327712781727314 -0.1439646929502487
vn 4.4682268607366264 -2.6724898961886554 -3.4740147678688618
v 0.0309490505605936 -0.0309039894491434 -0.1427146047353745
vn 4.9318387881017021 -1.9205295105111819 -3.3508290266601328
v 0.0331379100680351 -0.0289639793336391 -0.1409887969493866
vn 5.2994814703357775 -1.3063919058091855 -3.0834956676759058
v 0.0350970588624477 -0.0269995294511318 -0.1388375014066696
vn 5.5897239845548707 -0.8427296816238188 -2.7174836997605727
v 0.0368085503578186 -0.0250566601753235 -0.1363240927457809
vn 5.8193442292333852 -0.4691824725819312 -2.2929102486510060
v 0.0382571183145046 -0.0231778603047132 -0.1335107982158661
vn 5.9906557510289700 -0.1441881093303354 -1.8536033941904433
v 0.0394546911120415 -0.0199253503233194 -0.1305489987134933
vn 2.7366021050627207 -0.2972589994142324 -5.6313525468413825
v 0.0179534498602152 -0.0211126208305359 -0.1556926071643829
vn 2.2737720991570094 -0.8376520657119313 -5.7771124259027529
v 0.0148003101348877 -0.0253754798322916 -0.1566751003265381
vn 2.2568847005338180 -0.2861118999014653 -5.8410911044255514
v 0.0148436399176717 -0.0211759805679321 -0.1570435017347336
vn 1.7909921255014871 -0.5396377859207906 -5.9851601809876431
v 0.0116171203553677 -0.0233637597411871 -0.1580041944980621
vn -0.0618394736373456 -6.2682593687814956 0.4259244018765581
v -0.0013583300169557 -0.0394142195582390 -0.0960398316383362
vn -0.0609567412914389 -6.2667778748842489 0.4427050237360969
v -0.0014803400263190 -0.0404778681695461 -0.1101830974221230
vn -0.0640915870287351 -6.2726323210199615 0.3359552220734323
v -0.0015427470207214 -0.0409744903445244 -0.1177012994885445
vn -0.0706254437537607 -6.2789605241680739 0.1333233678989489
v -0.0016031860141084 -0.0412973687052727 -0.1255124956369400
vn -0.0791436261778143 -6.2790530724854836 -0.1145764804600682
v -0.0016598700312898 -0.0413114391267300 -0.1336016058921814
vn 0.0771122375415288 -6.2699116936984858 -0.3567083273085457
v 0.0014804600505158 -0.0411579608917236 -0.1377497017383575
vn 0.2713288608013005 -6.2383390018368186 -0.6526134244700023
v 0.0047041769139469 -0.0407722517848015 -0.1417225003242493
vn 0.5185283752425380 -6.1721179005181668 -1.0183629511451378
v 0.0079275360330939 -0.0403556190431118 -0.1433515995740891
vn 0.8342595792980494 -6.0472840415022384 -1.4452329116667966
v 0.0111364098265767 -0.0397454500198364 -0.1446968019008636
vn 1.2412633979835412 -5.8255594138785654 -1.9536130886798071
v 0.0143052898347378 -0.0389137789607048 -0.1457293033599854
vn 1.7430459906799745 -5.4741067937176862 -2.4964699255383365
v 0.0174080096185207 -0.0378375016152859 -0.1464235931634903
vn 2.3163378082190387 -4.9864236992742521 -2.9958759233794545
v 0.0204186402261257 -0.0365078411996365 -0.1467528045177460
vn 2.9255933027836298 -4.3718624463246725 -3.3919385279910790
v 0.0233111903071404 -0.0349544808268547 -0.1466705948114395
vn 3.5362326853614512 -3.6436502982815755 -3.6571318121119565
v 0.0260605793446302 -0.0332191511988640 -0.1461340934038162
vn 4.1086547427705629 -2.8417371287070758 -3.7682504619184729
v 0.0286424700170755 -0.0313488803803921 -0.1451119929552078
vn 4.6042199460826954 -2.0708410772664254 -3.7057665050392758
v 0.0310336295515299 -0.0293920002877712 -0.1435960978269577
vn 5.0088483827086954 -1.4288471786077954 -3.4861173312157181
v 0.0332129001617432 -0.0273973308503628 -0.1416347026824951
vn 5.3377962687210267 -0.9358373770614482 -3.1559960637431037
v 0.0351606011390686 -0.0254117194563150 -0.1392890065908432
vn 5.6064808619260456 -0.5299306516982242 -2.7596786415523584
v 0.0368595086038113 -0.0234786793589592 -0.1366201937198639
vn 1.2667403065967187 -0.2240546615232793 -6.1388862555988908
v 0.0083384513854980 -0.0212665200233459 -0.1589583009481430
vn -0.3178812977643704 -6.2657160685803479 0.3294147596360798
v -0.0062046051025391 -0.0388548299670219 -0.0891920924186707
vn -0.2991779151111728 -6.2608593060830060 0.4339332096039682
v -0.0064610238187015 -0.0392507910728455 -0.0957866907119751
vn -0.1797022753259313 -6.2656259501550862 0.4313472993472151
v -0.0039119119755924 -0.0393594503402710 -0.0959542915225029
vn -0.2925053516795906 -6.2598341881101724 0.4480615605836884
v -0.0070221419446170 -0.0402955412864685 -0.1098041981458664
vn -0.1759316451643980 -6.2644787136344453 0.4444379275310160
v -0.0042582750320435 -0.0404163487255573 -0.1100552007555962
vn -0.3064583145458800 -6.2651778300975369 0.3404855773171009
v -0.0073083629831672 -0.0407809615135193 -0.1172536015510559
vn -0.1845782696869794 -6.2701474268150745 0.3374214806510579
v -0.0044349431991577 -0.0409092307090759 -0.1175502017140388
vn -0.3363878070418274 -6.2701770510230075 0.1375837642637995
v -0.0075862999074161 -0.0410931110382080 -0.1249917969107628
vn -0.2029769762100229 -6.2760223087147011 0.1346724938728524
v -0.0046064849011600 -0.0412283502519131 -0.1253367960453033
vn -0.3763754757842401 -6.2682908740706953 -0.1098151247306576
v -0.0078466534614563 -0.0410983487963676 -0.1330032050609589
vn -0.2274859280053256 -6.2754541876568002 -0.1129240726244715
v -0.0047672390937805 -0.0412391982972622 -0.1333995014429092
vn -0.2520422969689742 -6.2654219528111179 -0.3549168312536758
v -0.0048416848294437 -0.0410823784768581 -0.1375270932912827
vn -0.0876197567685690 -6.2697933089080635 -0.3566398648820335
v -0.0016860959585756 -0.0411555692553520 -0.1377429068088531
vn -0.0984922560797152 -6.2432268589942757 -0.6548700425866882
v -0.0017107119783759 -0.0408392511308193 -0.1419308036565781
vn 0.0866583829948371 -6.2434217213366994 -0.6547788708474890
v 0.0015020370483398 -0.0408415086567402 -0.1419380009174347
vn 0.0983864489476132 -6.1916737133355024 -1.0274815665471151
v 0.0015122289769351 -0.0405635796487331 -0.1440231949090958
vn 0.3083738460771019 -6.1852465272782622 -1.0244696672664590
v 0.0047355890274048 -0.0404945015907288 -0.1438011974096298
vn 0.3523887630719285 -6.0891925086311112 -1.4682206050091691
v 0.0047656889073551 -0.0400879308581352 -0.1458534002304077
vn 0.5924321430502655 -6.0726564673190131 -1.4589984261440572
v 0.0079770078882575 -0.0399503111839294 -0.1453904956579208
vn 0.6825111944560704 -5.9013534797140847 -2.0023402939802817
v 0.0080240955576301 -0.0393801294267178 -0.1473875045776367
vn 0.9602839475291043 -5.8694382806021954 -1.9815412345516412
v 0.0112007800489664 -0.0391788408160210 -0.1466743052005768
vn 1.1008284797812304 -5.5969773885714247 -2.5897416169002119
v 0.0112617602571845 -0.0384122692048550 -0.1485949009656906
vn 1.4201316636113936 -5.5433408424920660 -2.5486750488489678
v 0.0143812801688910 -0.0381548404693604 -0.1476249992847443
vn 1.5992075978132119 -5.1653821485060210 -3.1579243749385837
v 0.0144526902586222 -0.0371708795428276 -0.1494428068399429
vn 1.9569681938389958 -5.0855752555419897 -3.0847822076909086
v 0.0174922291189432 -0.0368669591844082 -0.1482121050357819
vn 2.1561454820811470 -4.6055811242185234 -3.6488606713381180
v 0.0175706092268229 -0.0356822609901428 -0.1498775929212570
vn 2.5423158089767144 -4.4994373245782313 -3.5309702288331053
v 0.0205074492841959 -0.0353433415293694 -0.1483860015869141
vn 2.7459044322896826 -3.9162050654154532 -4.0325872300009262
v 0.0205893497914076 -0.0339853093028069 -0.1498475968837738
vn 3.1459348730838985 -3.7906610644645222 -3.8574781409303638
v 0.0234012007713318 -0.0336244702339172 -0.1480993032455444
vn 3.3323316067504427 -3.1217231917349157 -4.2745727586561424
v 0.0234831497073174 -0.0321261212229729 -0.1493120938539505
vn 3.7292360669495377 -2.9911381409144755 -4.0353537304767961
v 0.0261483099311590 -0.0317568108439445 -0.1473158001899719
vn 3.8709781646342116 -2.3249623640237438 -4.3350469895813379
v 0.0262272302061319 -0.0301525499671698 -0.1482536941766739
vn 4.2497821535410845 -2.2055152251715016 -4.0342767346369612
v 0.0287249591201544 -0.0297887306660414 -0.1460230052471161
vn 4.3354796983051962 -1.6377853368995243 -4.2158382359528819
v 0.0287978593260050 -0.0281141400337219 -0.1467150002717972
vn 4.6868893710558632 -1.5391275188153000 -3.8641685830853851
v 0.0311082601547241 -0.0277692601084709 -0.1442659944295883
vn 4.7315626109453781 -1.0948912777628361 -3.9647244003036461
v 0.0311725698411465 -0.0260590296238661 -0.1447529941797256
vn 5.0510137099240957 -1.0198448905316468 -3.5726269621723166
v 0.0332775115966797 -0.0257460996508598 -0.1421045958995819
vn 5.0708909606971062 -0.6319314357136913 -3.6317753828037627
v 0.0333312712609768 -0.0240327697247267 -0.1424262970685959
vn 5.3564758009149784 -0.5840414077158916 -3.2067538144743915
v 0.0352134704589844 -0.0237639509141445 -0.1395982950925827
vn 5.3551195765402850 -0.2294531888901109 -3.2551963102902026
v 0.0352857112884521 -0.0203740000724792 -0.1398974061012268
vn -0.5852234309764994 -6.2448306623651453 0.3553301424321036
v -0.0110738202929497 -0.0384838506579399 -0.0887481495738029
vn -0.5517145991569308 -6.2422570762449912 0.4534668315435230
v -0.0115076797083020 -0.0388684794306755 -0.0952099487185478
vn -0.4240045485863694 -6.2528569393925473 0.4451670021003949
v -0.0089961877092719 -0.0390874706208706 -0.0955379605293274
vn -0.5367797219815474 -6.2425180285009008 0.4622364312620218
v -0.0124569498002529 -0.0398747883737087 -0.1089390963315964
vn -0.4123678880720739 -6.2526281101181027 0.4539228255052343
v -0.0097592473030090 -0.0401149913668633 -0.1094312965869904
vn -0.5600131557154685 -6.2468363462367131 0.3523063100826179
v -0.0129412403330207 -0.0403372012078762 -0.1162312999367714
vn -0.4309943201671153 -6.2575307313644331 0.3453384438636431
v -0.0101485801860690 -0.0405900999903679 -0.1168129965662956
vn -0.6125802264548174 -6.2487767041651736 0.1489970959848798
v -0.0134112797677517 -0.0406275913119316 -0.1238031014800072
vn -0.4723061700624461 -6.2612158276194387 0.1422892909100451
v -0.0105264699086547 -0.0408926010131836 -0.1244795024394989
vn -0.6830489123015442 -6.2422843580904788 -0.0980234601466833
v -0.0138516398146749 -0.0406160913407803 -0.1316387951374054
vn -0.5274550285502967 -6.2573871723824626 -0.1049088627419435
v -0.0108804702758789 -0.0408901497721672 -0.1324149072170258
vn -0.5839991878425714 -6.2435951062081747 -0.3460487564107427
v -0.0110446801409125 -0.0407289192080498 -0.1364762037992477
vn -0.4169048174785381 -6.2567670260889043 -0.3514943292107104
v -0.0079673519358039 -0.0409395582973957 -0.1371040046215057
vn -0.4683599960109601 -6.2270233431555342 -0.6482491660293561
v -0.0080802440643311 -0.0406216904520988 -0.1412504017353058
vn -0.2833616343877802 -6.2377816649269606 -0.6527674286000144
v -0.0049113631248474 -0.0407654009759426 -0.1417008936405182
vn -0.3220112092596003 -6.1846037184822027 -1.0243008089782188
v -0.0049442048184574 -0.0404874607920647 -0.1437789052724838
vn -0.1121097144809080 -6.1914281287752582 -1.0276000429660077
v -0.0017222759779543 -0.0405611917376518 -0.1440158039331436
vn -0.1280543627984732 -6.0970625010417825 -1.4723601935037562
v -0.0017333029536530 -0.0401541516184807 -0.1460742056369781
vn 0.1123926997532566 -6.0972926029605992 -1.4725908258194131
v 0.0015218850458041 -0.0401565395295620 -0.1460819989442825
vn 0.1295774033547343 -5.9325075692358684 -2.0227354369153945
v 0.0015311239985749 -0.0395827814936638 -0.1480983942747116
vn 0.4061807410703362 -5.9223071929903588 -2.0160146123076279
v 0.0047941799275577 -0.0395153090357780 -0.1478632986545563
vn 0.4665670615586775 -5.6620156983815475 -2.6404247763356365
v 0.0048211808316410 -0.0387392602860928 -0.1498153060674667
vn 0.7833665062947590 -5.6361738723423569 -2.6204690063782330
v 0.0080685010179877 -0.0386077091097832 -0.1493269056081772
vn 0.8854869800039804 -5.2734901934538705 -3.2588333294449132
v 0.0081101646646857 -0.0376048609614372 -0.1511866003274918
vn 1.2423337925096560 -5.2276337344963970 -3.2157718779136970
v 0.0113188596442342 -0.0374175906181335 -0.1504365056753159
vn 1.3761945122627635 -4.7597213896919888 -3.8240914633263596
v 0.0113719701766968 -0.0362019501626492 -0.1521514952182770
vn 1.7674011766807487 -4.6919725934545422 -3.7463917121442116
v 0.0145191503688693 -0.0359690114855766 -0.1511355936527252
vn 1.9219365646493491 -4.1084656924452645 -4.3071864757754010
v 0.0145803596824408 -0.0345662795007229 -0.1526504009962082
vn 2.3376271890650457 -4.0218193859526492 -4.1823567343268442
v 0.0176428500562906 -0.0342999100685120 -0.1513679027557373
vn 2.4940849326731747 -3.3298133860408634 -4.6674665062270160
v 0.0177086498588324 -0.0327418409287930 -0.1526329070329666
vn 2.9199621327497542 -3.2345017280949437 -4.4854022377739344
v 0.0206639096140862 -0.0324550196528435 -0.1510881930589676
vn 3.0492813466654729 -2.5208107293602722 -4.8473314739321314
v 0.0207310300320387 -0.0307755991816521 -0.1520728021860123
vn 3.4701311204894525 -2.4299840550161202 -4.6063611918801879
v 0.0235567595809698 -0.0304821096360683 -0.1502746939659119
vn 3.5535950301957775 -1.8021570261084749 -4.8320008243387322
v 0.0236217901110649 -0.0287171006202698 -0.1510055959224701
vn 3.9569655909956416 -1.7253956135088027 -4.5390940531408104
v 0.0262967906892300 -0.0284305792301893 -0.1489661037921906
vn 4.0023306061696173 -1.2202568865837531 -4.6664982572877847
v 0.0263566300272942 -0.0266152601689100 -0.1494839936494827
vn 4.3812597142136420 -1.1616378830372256 -4.3300638532111870
v 0.0288605000823736 -0.0263490602374077 -0.1472180932760239
vn 4.4013828975073199 -0.7106838748226126 -4.4046656903174615
v 0.0289127808064222 -0.0245172306895256 -0.1475623995065689
vn 4.7519778993714015 -0.6740902364155075 -4.0317738718549814
v 0.0312260296195745 -0.0242841802537441 -0.1450864970684052
vn -0.8809566669227789 -6.2070986341417003 0.3979654452590484
v -0.0158452894538641 -0.0378884598612785 -0.0880680605769157
vn -0.8320327552820754 -6.2085065943381643 0.4869313438546233
v -0.0164219103753567 -0.0382590815424919 -0.0943247601389885
vn -0.6893995580611145 -6.2271789617064561 0.4717586953328012
v -0.0139861702919006 -0.0385928712785244 -0.0948046967387199
vn -0.8071199199966437 -6.2112510883548353 0.4875229132712633
v -0.0176836792379618 -0.0392143093049526 -0.1076086014509201
vn -0.6676418453592532 -6.2289805823394122 0.4733053161324847
v -0.0151024395599961 -0.0395746789872646 -0.1083301976323128
vn -0.8394484905253934 -6.2139413780293076 0.3739971062783841
v -0.0183275900781155 -0.0396459102630615 -0.1146588996052742
vn -0.6954702260759638 -6.2325661126636032 0.3617437388423396
v -0.0156720802187920 -0.0400223694741726 -0.1155117973685265
vn -0.9143305519004044 -6.2108687184646989 0.1695958324914845
v -0.0189526006579399 -0.0399078093469143 -0.1219756007194519
vn -0.7591094430367415 -6.2322851034123792 0.1579561060044990
v -0.0162249803543091 -0.0402990505099297 -0.1229668036103249
vn -1.0164298474709459 -6.1965665167292263 -0.0768611734247374
v -0.0195382200181484 -0.0398753210902214 -0.1295424997806549
vn -0.8452496818862028 -6.2223384333960023 -0.0887631548720387
v -0.0167430005967617 -0.0402773581445217 -0.1306792050600052
vn -0.9343148568422625 -6.2014645697434396 -0.3282578023244777
v -0.0169831495732069 -0.0401102304458618 -0.1346247047185898
vn -0.7557466265296248 -6.2254137537816092 -0.3384541614905088
v -0.0140557195991278 -0.0404519401490688 -0.1356481015682220
vn -0.8478264198838442 -6.1881290910911737 -0.6317077029979163
v -0.0142467003315687 -0.0401319786906242 -0.1397009938955307
vn -0.6558117843793787 -6.2106433143095403 -0.6413795980563741
v -0.0111981602385640 -0.0404099784791470 -0.1405822038650513
vn -0.7448030692130720 -6.1504395370265117 -1.0082123258482949
v -0.0112704001367092 -0.0401330515742302 -0.1426261067390442
vn -0.5322864401909831 -6.1710141574023751 -1.0179788961915108
v -0.0081333508715034 -0.0403441712260246 -0.1433144956827164
vn -0.6081104729070641 -6.0712451600807871 -1.4583397865807015
v -0.0081841340288520 -0.0399389788508415 -0.1453523933887482
vn -0.3680249448802009 -6.0883774239559010 -1.4676488258430549
v -0.0049755568616092 -0.0400811396539211 -0.1458303034305573
vn -0.4243451778416737 -5.9211811750048264 -2.0154520664759756
v -0.0050053000450134 -0.0395086407661438 -0.1478396058082581
vn -0.1476185310919941 -5.9321936686218786 -2.0223889445268792
v -0.0017438529757783 -0.0395805202424526 -0.1480904966592789
vn -0.1697149178229436 -5.6741123647961880 -2.6501110606317404
v -0.0017538069514558 -0.0388026200234890 -0.1500487029552460
vn 0.1488725221449898 -5.6746361544619477 -2.6503474478640334
v 0.0015398260438815 -0.0388047583401203 -0.1500567942857742
vn 0.1683805552994974 -5.3183343039110165 -3.3014439462162288
v 0.0015479919966310 -0.0377939306199551 -0.1519349068403244
vn 0.5277983027866512 -5.3036250503442757 -3.2873319955745846
v 0.0048463940620422 -0.0377310514450073 -0.1516872942447662
vn 0.5860998263307894 -4.8428903175594877 -3.9208077550706717
v 0.0048699970357120 -0.0364980101585388 -0.1534305065870285
vn 0.9824966818857878 -4.8098500324201838 -3.8821395569516990
v 0.0081489682197571 -0.0363788604736328 -0.1529185026884079
vn 1.0726346341893489 -4.2275819863607200 -4.4824886034944571
v 0.0081847310066223 -0.0349469110369682 -0.1544681936502457
vn 1.5000482939647846 -4.1768806178747910 -4.4072745483825413
v 0.0114210201427341 -0.0347825214266777 -0.1536861062049866
vn 1.6081943730816848 -3.4706637137395848 -4.9436467347512059
v 0.0114656602963805 -0.0331819616258144 -0.1549884974956512
vn 2.0561784002310151 -3.4083032502037418 -4.8204795181530988
v 0.0146361496299505 -0.0329846702516079 -0.1539359986782074
vn 2.1566853836277824 -2.6615006555870178 -5.2333517335371198
v 0.0146862799301744 -0.0312482696026564 -0.1549558043479919
vn 2.6107821972312446 -2.5977966463464570 -5.0567237979675719
v 0.0177679006010294 -0.0310314800590277 -0.1536366045475006
vn 2.6812861160130188 -1.9242915723184191 -5.3204953247950524
v 0.0178200602531433 -0.0291948299854994 -0.1543983072042465
vn 3.1274790071637524 -1.8683041621091283 -5.0931251993020261
v 0.0207901000976562 -0.0289721991866827 -0.1528201997280121
vn 3.1677251709201162 -1.3147737891347655 -5.2441750642536800
v 0.0208410602062941 -0.0270709302276373 -0.1533631980419159
vn 3.5970812331939004 -1.2711730296628188 -4.9717864078025951
v 0.0236777607351542 -0.0268562398850918 -0.1515368074178696
vn 3.6149216463987472 -0.7687941580998348 -5.0594625239511748
v 0.0237242504954338 -0.0249249897897243 -0.1518999040126801
vn 4.0215806814794632 -0.7420506366861009 -4.7480389885173286
v 0.0264064595103264 -0.0247311498969793 -0.1498381942510605
vn 4.4045316678513311 -0.2821444124982370 -4.4533924453497180
v 0.0289840102195740 -0.0207490306347609 -0.1478946059942245
vn -1.2969465363352453 -0.2246569519242179 -6.1324713267507853
v -0.0085545768961310 -0.0212644301354885 -0.1589131057262421
vn -1.8695014193793009 -0.5097745050847938 -5.9601414248329316
v -0.0118282996118069 -0.0233592893928289 -0.1579414010047913
vn -1.8456725364762137 -0.2423322449964685 -5.9874112929353984
v -0.0118431402370334 -0.0212244298309088 -0.1580716073513031
vn -2.3003353986611885 -0.8284507128938117 -5.7670434624556624
v -0.0150052299723029 -0.0253679100424051 -0.1565954983234406
vn 1.7724718323265831 -0.9154427605091117 -5.9424846649842538
v 0.0115970298647881 -0.0254788901656866 -0.1577620953321457
vn 1.2707331831852786 -0.9250404302211113 -6.0678908069710245
v 0.0083131790161133 -0.0255576297640800 -0.1585828959941864
vn 1.2640258783803593 -1.4213347766471744 -5.9681835593251016
v 0.0082947006449103 -0.0276435595005751 -0.1581912934780121
vn 0.7558951668501315 -1.4326014926246300 -6.0506277542452933
v 0.0049583911895752 -0.0277094803750515 -0.1587370932102203
vn 0.7453921037348609 -2.0516683620220126 -5.8654527693708385
v 0.0049448008649051 -0.0297312699258327 -0.1581595987081528
vn 0.2381405783666707 -2.0603057244932352 -5.9045118502899250
v 0.0015798209933564 -0.0297704301774502 -0.1584278941154480
vn 0.2312828374647615 -2.7865731842860466 -5.5923542281615681
v 0.0015748139703646 -0.0316932685673237 -0.1576294004917145
vn -0.2638479701256384 -2.7861217922481125 -5.5910868813529344
v -0.0017934440402314 -0.0316917300224304 -0.1576205044984818
vn -0.2506926268788507 -3.5621385336097213 -5.1284585445399191
v -0.0017869470175356 -0.0334814712405205 -0.1565676927566528
vn -0.7188733913240933 -3.5459451771513693 -5.0956537173105323
v -0.0051275491714478 -0.0334277711808681 -0.1562875956296921
vn -0.6689807004983562 -4.2592551136722800 -4.5300972042817902
v -0.0051069250330329 -0.0350521206855774 -0.1549645066261292
vn -1.1009267669680152 -4.2245223625726043 -4.4782797340688703
v -0.0083969831466675 -0.0349378511309624 -0.1544252038002014
vn -1.0084202443435939 -4.8069148024612334 -3.8788919508407993
v -0.0083603262901306 -0.0363691411912441 -0.1528763025999069
vn -1.4019794865142050 -4.7555336613300199 -3.8196580747397428
v -0.0115789696574211 -0.0361884795129299 -0.1520929038524628
vn -1.2657726063419710 -5.2237752068410472 -3.2125798704835766
v -0.0115249101072550 -0.0374033413827419 -0.1503793001174927
vn -1.6226340309223448 -5.1604262558713945 -3.1536973807242674
v -0.0146532002836466 -0.0371528193354607 -0.1493699997663498
vn -1.4413889647683826 -5.5389392903371828 -2.5459473680593847
v -0.0145810199901462 -0.0381360016763210 -0.1475539058446884
vn -1.7644294951825013 -5.4687211492364778 -2.4927964773312148
v -0.0176009498536587 -0.0378147885203362 -0.1463378071784973
vn -1.5469906972751215 -5.7641872181444036 -1.9151819018650311
v -0.0175103507936001 -0.0385635383427143 -0.1444748044013977
vn -1.8412940303977494 -5.6913694860486732 -1.8700338707725095
v -0.0204057600349188 -0.0381730087101460 -0.1430723071098328
vn -1.6112523077076899 -5.9047953196953191 -1.3689859305941763
v -0.0202972795814276 -0.0387202501296997 -0.1411910951137543
vn -1.8727713462479989 -5.8463907798499299 -1.2591313557303994
v -0.0230535194277763 -0.0382630191743374 -0.1396227926015854
vn -2.7638596436392069 -0.2985381435954796 -5.6178359038657257
v -0.0181515198200941 -0.0211080908775330 -0.1555961072444916
vn -4.4502198952984546 -4.2067747339841013 1.3608033322140505
v -0.0342210493981838 -0.0288939997553825 -0.0647518634796143
vn -3.9128416838801350 -4.7263740043161091 1.3089981371165436
v -0.0326445102691650 -0.0303650405257940 -0.0647109672427177
vn -3.4361174259189671 -5.1248094373404207 1.1499956488143754
v -0.0308921299874783 -0.0316510200500488 -0.0646714493632317
vn -3.0066439083010765 -5.4199925941933307 1.0033117475305688
v -0.0290170293301344 -0.0327791497111320 -0.0646336004137993
vn -2.5286489325378798 -5.6792038837833747 0.8523120592802992
v -0.0270529892295599 -0.0337719917297363 -0.0645976588129997
vn -1.9892476953221776 -5.9343768283689258 0.3139226617318375
v -0.0230153203010559 -0.0355103015899658 -0.0659515783190727
vn -1.4366115205042240 -6.1127834726662140 0.0798124715731718
v -0.0189763307571411 -0.0366909503936768 -0.0706036016345024
vn -0.9917666022694309 -6.2013418936960019 0.1195569755433525
v -0.0149043202400208 -0.0375618301331997 -0.0762877389788628
vn -0.6247855653809524 -6.2475516713229418 0.2034664842545184
v -0.0106878802180290 -0.0382522903382778 -0.0825437903404236
vn -4.4352205062342867 -4.2210076145373439 1.3862673941087587
v -0.0342376194894314 -0.0290772896260023 -0.0653891488909721
vn -4.1677052897015532 -4.4398741469111282 1.5079337535496458
v -0.0334737300872803 -0.0298240091651678 -0.0653724595904350
vn -3.8030575966912301 -4.8384218074871601 1.2431700972593225
v -0.0326576791703701 -0.0305212102830410 -0.0653560683131218
vn -3.3654319854380885 -5.2225231827979943 0.7557645239116425
v -0.0309509001672268 -0.0319007597863674 -0.0660253688693047
vn -2.9311686348183716 -5.5028394168158172 0.6287477989315201
v -0.0290793105959892 -0.0329824015498161 -0.0660055205225945
vn -2.4661794097360068 -5.7353120566239131 0.5115960773977849
v -0.0271198097616434 -0.0339338108897209 -0.0659865736961365
vn -1.9061518403368916 -5.9786243120663070 0.1754147837208906
v -0.0232557002454996 -0.0355250202119350 -0.0703996419906616
vn -1.3691380860311722 -6.1263939855662333 0.1879643616441134
v -0.0193528495728970 -0.0367130003869534 -0.0758907720446587
vn -0.9389010599723009 -6.2060398917595281 0.2483471180235648
v -0.0153325702995062 -0.0376601815223694 -0.0820579528808594
vn -3.2744631952541257 -5.3391413350827879 0.4359936497290191
v -0.0311584994196892 -0.0320665203034878 -0.0699078366160393
vn -2.8355829468915767 -5.5919130680969644 0.3666350976773517
v -0.0293006300926208 -0.0331023298203945 -0.0700394511222839
vn -2.3833086104187484 -5.8016051301113478 0.2866220011035925
v -0.0273516699671745 -0.0340134985744953 -0.0701658129692078
vn -1.8218443439452163 -6.0016463117344241 0.2806136866457684
v -0.0236547496169806 -0.0355836711823940 -0.0754095315933228
vn -1.2996348725918101 -6.1367854820217644 0.3132961879027448
v -0.0198529306799173 -0.0368246398866177 -0.0814175009727478
vn -4.0683685729556274 -4.7476771481650362 0.5988067938747554
v -0.0337033793330193 -0.0302281901240349 -0.0697023794054985
vn -3.7742218516795254 -4.9109503214462507 0.8807864337666917
v -0.0327020809054375 -0.0306659303605556 -0.0660459324717522
vn -4.1404032825083492 -4.6046001290766112 0.9192598094030853
v -0.0335176512598991 -0.0299821998924017 -0.0660564303398132
vn -1.7117022963660937 -6.0257353169119900 0.4359655146465031
v -0.0241866707801819 -0.0357183814048767 -0.0806391164660454
vn -1.5430447267505443 -6.0607183869242771 0.5947599966514017
v -0.0255449395626783 -0.0363047085702419 -0.0917249321937561
vn -1.2057699652071341 -6.1481135332691830 0.4547029613318559
v -0.0204523205757141 -0.0370531603693962 -0.0871695801615715
vn -1.1210671943735966 -6.1587804988322850 0.5269179503076770
v -0.0226038601249456 -0.0383104607462883 -0.1058449000120163
vn -1.1569270781771956 -6.1519080146051088 0.5372079068202806
v -0.0211266800761223 -0.0374106690287590 -0.0931533500552177
vn -1.3028447190355346 -6.1203279257432177 0.5531857705021528
v -0.0249193292111158 -0.0377653203904629 -0.1048137992620468
vn -1.3521041229281450 -6.1073224680775571 0.5855731203342111
v -0.0233766995370388 -0.0368915200233459 -0.0924692079424858
vn -1.5072788676569580 -6.0699075303244907 0.5846488477252507
v -0.0271224901080132 -0.0371557995676994 -0.1036913022398949
vn -4.1804434154665220 -4.6164143050767157 0.8101778244361207
v -0.0351394414901733 -0.0301383100450039 -0.0776860117912292
vn -4.3971894510754597 -4.4386518529373422 0.6343372865162399
v -0.0344607196748257 -0.0295246206223965 -0.0696321129798889
vn -4.4546486615846526 -4.2886916712951191 0.9583653232235170
v -0.0342815518379211 -0.0292492508888245 -0.0660670325160027
vn -6.1204301649842847 -1.1208523433571522 0.7653718747365673
v -0.0367550812661648 -0.0245396997779608 -0.0654748603701591
vn -6.1040854103533162 -1.1721945056011605 0.6856770286971225
v -0.0368026383221149 -0.0247765108942986 -0.0661214515566826
vn -6.2291442494634870 0.1593051806921487 -0.7793085359283873
v -0.0377144217491150 -0.0126165701076388 -0.0515940710902214
vn -6.1318924100696321 0.7327330289044462 -1.1192862133217931
v -0.0372712016105652 -0.0153902098536491 -0.0559788309037685
vn -6.2343875306082381 0.2437226716751225 -0.6745508841342618
v -0.0373569689691067 -0.0164627991616726 -0.0559810400009155
vn -6.1158273550903175 0.8355892755673676 -1.1197483585595460
v -0.0371047183871269 -0.0173246804624796 -0.0582995414733887
vn -6.2269906541575892 0.3000328815239401 -0.6842583813249744
v -0.0371971093118191 -0.0183076206594706 -0.0583016797900200
vn -6.0966005499698452 0.9386389499439345 -1.1458977987168524
v -0.0369163714349270 -0.0190452300012112 -0.0606293007731438
vn -6.2197892923015221 0.3560650741595986 -0.7255168628264879
v -0.0370145998895168 -0.0199502706527710 -0.0606247708201408
vn -6.1077486808385961 1.0378059077068797 -1.0100065458991954
v -0.0367444083094597 -0.0204924903810024 -0.0627982616424561
vn -6.2330930273964009 0.4073580947851027 -0.6013836623711744
v -0.0368485413491726 -0.0213334504514933 -0.0627785325050354
vn -6.2497214155817211 0.4487909675330241 -0.3475817424128625
v -0.0368072912096977 -0.0219368897378445 -0.0638332292437553
vn -6.2651274001069073 -0.2983198678285260 0.0719394220517229
v -0.0368222482502460 -0.0228133201599121 -0.0638096928596497
vn -6.2568677621669515 -0.2843465366371156 0.3025849529470314
v -0.0368324518203735 -0.0233491603285074 -0.0648801326751709
vn -6.1596309450269633 -1.0208396990243793 0.6292521605230601
v -0.0367258116602898 -0.0242963396012783 -0.0648577213287354
vn -6.2463642098167256 -0.2639148666072127 0.4714218428410750
v -0.0368603989481926 -0.0236042700707912 -0.0654928609728813
vn -6.2378642342491890 -0.2807935167086337 0.4660144537797422
v -0.0369064211845398 -0.0238537099212408 -0.0661327168345451
vn -6.1399009896917374 -1.1997994418181819 0.5458167636875048
v -0.0369589887559414 -0.0252035800367594 -0.0692728683352470
vn -6.2199488136867895 -0.7148331028935941 0.4889432383419656
v -0.0370273515582085 -0.0247413497418165 -0.0692362114787102
vn -6.1911792281975062 -0.8196953892748313 0.6575589099364719
v -0.0375436507165432 -0.0257211308926344 -0.0761558413505554
vn -6.1409682012926741 1.2001301585157771 -0.4874239374315855
v -0.0367027483880520 -0.0217127203941345 -0.0649285316467285
vn -5.9588543340664195 1.8706943872551149 -0.6137822504169737
v -0.0365370512008667 -0.0212746206671000 -0.0655515119433403
vn -5.1221588215967540 3.1829955159036136 -1.7363516573811375
v -0.0356089398264885 -0.0193211399018764 -0.0656104013323784
vn -5.4284562712240447 2.8606107389726008 -1.3213407120414205
v -0.0359735414385796 -0.0199462696909904 -0.0655913278460503
vn -6.1429717409486635 1.2504674704019101 -0.2495075940034975
v -0.0367264114320278 -0.0219945907592773 -0.0655314326286316
vn -5.9705485020924263 1.9171683198005529 -0.2999231247817465
v -0.0365753695368767 -0.0215650200843811 -0.0661680623888969
vn -6.1446223830526172 1.2720554814715801 -0.0361612733413231
v -0.0367674790322781 -0.0222713891416788 -0.0661561414599419
vn -5.9211525059494550 2.0790973057844435 -0.0401300432694295
v -0.0367085896432400 -0.0221099797636271 -0.0689705610275269
vn -6.1168664961032242 1.3883906149982652 0.1282876152188387
v -0.0369067117571831 -0.0227878596633673 -0.0690475106239319
vn -5.4713647560492342 2.9605870982565747 -0.8350175625852633
v -0.0360075198113918 -0.0202639102935791 -0.0661918520927429
vn -5.1412508701328417 3.2549118963465089 -1.5541545063116935
v -0.0356230698525906 -0.0194884501397610 -0.0658660531044006
vn -4.8078175057297337 3.4878429706572200 -2.0276360656924695
v -0.0351892113685608 -0.0187104307115078 -0.0656285807490349
vn -4.8205200958071828 3.4090906377158610 -2.1412851298584124
v -0.0351725816726685 -0.0183585193008184 -0.0650508403778076
vn -4.7939154225121410 3.3090773063665955 -2.3462219704072709
v -0.0351759083569050 -0.0176231805235147 -0.0639805719256401
vn -4.8979773403976239 3.8423789550959713 -0.8272235078621206
v -0.0352662205696106 -0.0193828903138638 -0.0673465132713318
vn -4.9493744487118665 3.6570210907763210 -1.2343205800777108
v -0.0352198407053947 -0.0190552398562431 -0.0662146210670471
vn -4.7601877871430167 3.8527463868300575 -1.3679613343149866
v -0.0349866710603237 -0.0187590103596449 -0.0662199780344963
vn -4.4861831813740904 3.7303598382117222 -2.3135356831291634
v -0.0347069501876831 -0.0181038901209831 -0.0656452700495720
vn -4.3348029482768755 3.9752473212126986 -2.2059732658616555
v -0.0344511196017265 -0.0179823003709316 -0.0659063383936882
vn -4.5245644911148153 3.7981224426003597 -2.1301353289539602
v -0.0347199998795986 -0.0182847306132317 -0.0658987089991570
vn -4.4587945775820037 4.1124404804763142 -1.5974400296349400
v -0.0344673283398151 -0.0181630793958902 -0.0662304088473320
vn -4.6192049153211725 3.9806504185412832 -1.4733374196080720
v -0.0347365103662014 -0.0184622406959534 -0.0662252306938171
vn -4.5975081554145136 4.1539610135888418 -1.0279908691776114
v -0.0347805581986904 -0.0188033506274223 -0.0673224329948425
vn -3.8351379209008560 3.9758672868728278 -2.9745192225630297
v -0.0334830209612846 -0.0168371200561523 -0.0656756684184074
vn -3.7720542822668928 4.0927405775559569 -2.9111511686781077
v -0.0334827303886414 -0.0169304609298706 -0.0657977387309074
vn -4.1525272951582002 4.0313927834956615 -2.4060240349504767
v -0.0341480895876884 -0.0174876395612955 -0.0656611919403076
vn -3.9977874558089259 4.1421640438690321 -2.5126025630102897
v -0.0338429808616638 -0.0173597298562527 -0.0659212991595268
vn -4.1998370000035941 4.0046076049375348 -2.3987990673563910
v -0.0341609083116055 -0.0176752805709839 -0.0659138485789299
vn -4.1415808038855033 4.2522936483959306 -2.0537514824456919
v -0.0338585898280144 -0.0175474807620049 -0.0662406012415886
vn -4.2712107570964903 4.2471936677012163 -1.7513983339965709
v -0.0341768190264702 -0.0178595092147589 -0.0662355422973633
vn -4.0276998539913018 4.5484050681621229 -1.5885080284234065
v -0.0335172414779663 -0.0173531100153923 -0.0665587708353996
vn -4.3102216530977371 4.4096365372261879 -1.1980958733823113
v -0.0342189595103264 -0.0182150006294250 -0.0672988817095757
vn -3.7995729659376551 4.1754446299881405 -2.7515949025001767
v -0.0334895811975002 -0.0170252900570631 -0.0659322664141655
vn -3.9159871977220009 4.3252429573167621 -2.2999369707962809
v -0.0334980413317680 -0.0171449705958366 -0.0661020800471306
vn -4.0055265757348693 4.4569030380165282 -1.8787503825150615
v -0.0335042402148247 -0.0172123908996582 -0.0662498399615288
vn -5.7440654655092107 2.4708906348035433 -0.5627720719510992
v -0.0363199710845947 -0.0208988096565008 -0.0661800503730774
vn -5.4030703739251180 3.1730825368044466 -0.3933116524404870
v -0.0361279807984829 -0.0208637695759535 -0.0688176676630974
vn -5.6714353964520088 2.6794017820980049 -0.2267240435552595
v -0.0364467501640320 -0.0214714407920837 -0.0688937306404114
vn -5.2464172223566239 3.4325456481852736 -0.3549393912544916
v -0.0363133512437344 -0.0214836001396179 -0.0716466903686523
vn -4.0017538894754390 4.6545680743787443 -1.3129506701432372
v -0.0335491783916950 -0.0175816994160414 -0.0672788619995117
vn -3.9204726532980758 4.7285752946631749 -1.2997973665285749
v -0.0336019285023212 -0.0179580394178629 -0.0684648081660271
vn -4.2180180385129447 4.5221044627185902 -1.0899987074747566
v -0.0342746302485466 -0.0185682103037834 -0.0685313865542412
vn -3.8977447223985027 4.7634417519549190 -1.2564388229546009
v -0.0336260683834553 -0.0181305408477783 -0.0690082311630249
vn -4.0069253290248188 4.7010992507813247 -1.1332983988333638
v -0.0344223901629448 -0.0192852001637220 -0.0709648132324219
vn -5.5599645678857934 -2.7432348171783243 0.9215588370292785
v -0.0388755202293396 -0.0292636696249247 -0.0923713967204094
vn -5.4697785580384197 -2.9311163061697458 0.9625194401956862
v -0.0378594286739826 -0.0285046100616455 -0.0844923779368401
vn -5.6820441943793742 -2.5026540107058333 0.9373200799792590
v -0.0380086787045002 -0.0281092505902052 -0.0842338204383850
vn -5.5944208563029614 -2.7307975089360967 0.8330525241401331
v -0.0370749197900295 -0.0274710599333048 -0.0767182111740112
vn -5.7859314690069281 -2.3053247765427671 0.8068368542445429
v -0.0372467003762722 -0.0270391106605530 -0.0765783116221428
vn -5.7070499516335103 -2.5389431381777543 0.6566366810037840
v -0.0365127883851528 -0.0266334395855665 -0.0693815872073174
vn -5.8734664525085307 -2.1322720610198451 0.6308978182621310
v -0.0366978608071804 -0.0261662602424622 -0.0693454071879387
vn -6.0228616261509416 -1.6758971645616991 0.5940027601072086
v -0.0368476510047913 -0.0256888195872307 -0.0693091675639153
vn -5.9573511595746380 -1.8316765476181762 0.7681515004984857
v -0.0373842716217041 -0.0265974402427673 -0.0764381214976311
vn -5.8757874608264586 -2.0218339285756093 0.8972351050646801
v -0.0381262302398682 -0.0277056004852057 -0.0839747712016106
vn -5.8120504380218296 -2.1896966623087195 0.8949623709478373
v -0.0389688014984131 -0.0288975797593594 -0.0919796824455261
vn -6.1952038100723152 -0.6843034862857764 0.7051947593991772
v -0.0394620187580585 -0.0284005403518677 -0.0947708413004875
vn -6.1132760375497837 -1.1713056073868264 0.7994461409735479
v -0.0390614792704582 -0.0281705204397440 -0.0911896228790283
vn -6.1998890174449892 -0.6327066678572288 0.7372459820479325
v -0.0390603505074978 -0.0278333406895399 -0.0907850190997124
vn -6.1500267493480996 -0.9922110307490327 0.7820766194228165
v -0.0382549688220024 -0.0269047003239393 -0.0834525823593140
vn -6.2212788750833896 -0.4633344585786408 0.7077703658746447
v -0.0382657609879971 -0.0265386700630188 -0.0831854268908501
vn -6.2445669124422647 -0.3139554838179187 0.5878438889097878
v -0.0375651717185974 -0.0253235604614019 -0.0760117098689079
vn -6.2615456286217892 -0.1414116436575833 0.4087426949054191
v -0.0370572805404663 -0.0243110600858927 -0.0691991373896599
vn -5.8259887578546588 2.3454048691309581 0.0527681940236506
v -0.0371715389192104 -0.0232881903648376 -0.0751169919967651
vn -5.6615569271279531 2.7189240633610492 -0.0651768848369065
v -0.0370393283665180 -0.0229882504791021 -0.0749657675623894
vn -5.4894723074778629 3.0472804503828144 -0.0858874252518228
v -0.0376762710511684 -0.0243538003414869 -0.0812374278903008
vn -4.7074304769870938 4.1256958295043180 -0.4802809162557276
v -0.0371506810188293 -0.0235413294285536 -0.0803997516632080
vn -4.9234364127478782 3.8719420761402144 -0.4036769035020030
v -0.0368355512619019 -0.0228195693343878 -0.0774299502372742
vn -5.1278973485539190 3.5989256955107063 -0.3778126834516802
v -0.0365527793765068 -0.0221333503723145 -0.0745165273547173
vn -4.2305988163856689 4.5766898311842539 -0.7372444996840788
v -0.0367242582142353 -0.0230259802192450 -0.0798555612564087
vn -4.4880455153269239 4.3346054903659264 -0.6731290597919919
v -0.0364256985485554 -0.0222939196974039 -0.0770155712962151
vn -4.7252108746692372 4.0868835401816552 -0.6066509892795966
v -0.0361577793955803 -0.0215923096984625 -0.0742241069674492
vn -4.9255568480195278 3.8499249847032204 -0.5747210237131669
v -0.0359309315681458 -0.0209227800369263 -0.0714677497744560
vn -5.0956788774901227 3.6240548340352134 -0.5656402208754946
v -0.0357552096247673 -0.0202791597694159 -0.0687428712844849
vn -5.1447699639268043 3.5466556541262548 -0.6346184896157838
v -0.0356898903846741 -0.0199662391096354 -0.0673714801669121
vn -5.2024734332848270 3.3596015621380260 -1.0334702129263029
v -0.0356411300599575 -0.0196524206548929 -0.0662034079432487
vn -4.8504443825115331 3.5300670758757224 -1.8576330072495832
v -0.0352026782929897 -0.0188844706863165 -0.0658829212188721
vn -4.6556319134708604 3.7497903753173456 -1.9306635799279155
v -0.0349697396159172 -0.0185848399996758 -0.0658909007906914
vn -5.9614546501805643 1.9713298327943818 0.1467490877587880
v -0.0372874699532986 -0.0235968790948391 -0.0752682015299797
vn -5.7090514776747066 2.6143940234362333 0.0551660275622409
v -0.0378191396594048 -0.0246374607086182 -0.0815195366740227
vn -5.3286133222002556 3.3229283522505013 -0.0722671854170827
v -0.0384036302566528 -0.0257617197930813 -0.0878295302391052
vn -4.8108629119674795 3.9663353219000697 -0.7353482170301219
v -0.0353280901908875 -0.0197091102600098 -0.0686700269579887
vn -4.6133475082899649 4.1913555554335860 -0.7499147406505530
v -0.0354938507080078 -0.0203764401376247 -0.0712938308715820
vn -4.3837100080633098 4.4230020714608642 -0.7878604817257424
v -0.0357075892388821 -0.0210656505078077 -0.0739403888583183
vn -4.1183623523247608 4.6581028644592219 -0.8558601274624422
v -0.0359597206115723 -0.0217822697013617 -0.0766142010688782
vn -3.8385135782154940 4.8815688670374966 -0.9157610381154810
v -0.0362404510378838 -0.0225247703492641 -0.0793290734291077
vn -3.5865525086393695 5.0705375910611439 -0.9221904678395646
v -0.0365403182804585 -0.0232666693627834 -0.0820968672633171
vn -2.9266189847736124 5.4534427473470970 -1.0481994000772337
v -0.0362677499651909 -0.0234901309013367 -0.0841765403747559
vn -3.0800891907676662 5.3416062834243592 -1.1523736369627253
v -0.0359780117869377 -0.0227768998593092 -0.0814703702926636
vn -3.3901466948138772 5.1511509689470794 -1.1527214475106746
v -0.0356969200074673 -0.0220280196517706 -0.0788277313113213
vn -3.7431966837977964 4.9256728612906517 -1.0583161604172486
v -0.0354334712028503 -0.0212750397622585 -0.0762314200401306
vn -4.0336105141890339 4.7073223451744237 -0.9871246526113289
v -0.0351966582238674 -0.0205428600311279 -0.0736691877245903
vn -4.2891930349264031 4.4870602267519288 -0.9410799140809947
v -0.0349954888224602 -0.0198337994515896 -0.0711269900202751
vn -4.5111069435663058 4.2699026720296880 -0.9160115649108507
v -0.0348391495645046 -0.0191427990794182 -0.0685998201370239
vn -4.4745127851911075 3.6808111380889192 -2.4208560256751417
v -0.0346904918551445 -0.0177383404225111 -0.0650714635848999
vn -3.6629648113325493 4.9123634020114499 -1.3631456526804289
v -0.0337690711021423 -0.0187144801020622 -0.0708011314272881
vn -3.4064719034092699 5.0955279111048242 -1.3540775184193570
v -0.0339557491242886 -0.0194771196693182 -0.0731425210833549
vn -3.7213886045588307 4.9168420116244969 -1.1846454838223495
v -0.0346118211746216 -0.0200168993324041 -0.0734061002731323
vn -3.0943520337756967 5.2696049780323113 -1.4432667382815754
v -0.0341434404253960 -0.0202443003654480 -0.0754976794123650
vn -3.3925003986013675 5.1332981822966968 -1.2472811480727817
v -0.0348343215882778 -0.0207677409052849 -0.0758608505129814
vn -2.9333149228061290 5.3482150865475315 -1.4891399622038466
v -0.0342079401016235 -0.0205079298466444 -0.0763069316744804
vn -3.1514177618875086 5.2723202181857083 -1.3129234245272361
v -0.0350814983248711 -0.0215350296348333 -0.0783433318138123
vn -2.6861252506349653 5.4571731715856826 -1.5253951123738920
v -0.0343708917498589 -0.0210097990930080 -0.0778779312968254
vn -2.4271857111930419 5.5757686921332379 -1.4818077547759223
v -0.0346208214759827 -0.0217795297503471 -0.0802872106432915
vn -1.1632198210733686 -6.1589032620109343 0.4085327043444822
v -0.0233580991625786 -0.0387081503868103 -0.1125743016600609
vn -1.3502756410676529 -6.1186424063299985 0.4318495522558455
v -0.0257072392851114 -0.0381466113030910 -0.1113556027412415
vn -1.5603916244618290 -6.0658833181019469 0.4600374887383142
v -0.0279285907745361 -0.0375221893191338 -0.1100288033485413
vn -1.8004723056968666 -5.9955429493976782 0.4938518598164569
v -0.0300099197775126 -0.0368338190019131 -0.1086022034287453
vn 2.7307796506324005 -0.8095179428068250 -5.5790863092704432
v 0.0179023705422878 -0.0252479892224073 -0.1553294062614441
vn 2.2476913622956229 -1.3810225156493432 -5.6823767134047483
v 0.0147686600685120 -0.0274168197065592 -0.1562914997339249
vn 1.7624674046830509 -1.4044332362060414 -5.8449869249440605
v 0.0115716401487589 -0.0275456290692091 -0.1573739051818848
vn 1.7381430869022754 -2.0070180019095551 -5.6685130124502869
v 0.0115411803126335 -0.0295364800840616 -0.1568049937486649
vn 1.2466028308988535 -2.0340767838849092 -5.7863302462443436
v 0.0082724094390869 -0.0296528898179531 -0.1576173007488251
vn 1.2110583638298853 -2.7496665228660389 -5.4841834888458800
v 0.0082465996965766 -0.0315581485629082 -0.1568260937929153
vn 0.7240231258182324 -2.7743955555474509 -5.5565825280211323
v 0.0049291248433292 -0.0316482707858086 -0.1573635935783386
vn 0.6881535800390230 -3.5476152402986649 -5.0988440358553273
v 0.0049113631248474 -0.0334328413009644 -0.1563140004873276
vn 0.2197290617924783 -3.5626629661854157 -5.1295815853312199
v 0.0015690920408815 -0.0334831401705742 -0.1565764993429184
vn 0.2043290198857160 -4.2774758157488453 -4.5574956349255231
v 0.0015625950181857 -0.0351127907633781 -0.1552487015724182
vn -0.2331704433734000 -4.2770438311864662 -4.5564739923325481
v -0.0017797349719331 -0.0351110100746155 -0.1552398949861526
vn -0.2133962970405225 -4.8584681799992380 -3.9392866874104531
v -0.0017717479495332 -0.0365553386509418 -0.1536750942468643
vn -0.6121435217500659 -4.8411742755535538 -3.9188137509027987
v -0.0050843949429691 -0.0364919900894165 -0.1534051001071930
vn -0.5513550188144668 -5.3019365682458766 -3.2860584730670972
v -0.0050598378293216 -0.0377247296273708 -0.1516623944044113
vn -0.9088913853211236 -5.2708269376598711 -3.2564902966205374
v -0.0083205690607429 -0.0375945493578911 -0.1511452943086624
vn -0.8042548235568324 -5.6338903129176048 -2.6188632584776288
v -0.0082778930664062 -0.0385969206690788 -0.1492865979671478
vn -1.1215834176047446 -5.5937188894721892 -2.5875671714759250
v -0.0114669203758240 -0.0383974313735962 -0.1485390067100525
vn -0.9785053867451132 -5.8668019951250834 -1.9802251961273440
v -0.0114049902185798 -0.0391635186970234 -0.1466199010610580
vn -1.2599820675561300 -5.8220555937313438 -1.9516733582393653
v -0.0145039502531290 -0.0388944707810879 -0.1456601023674011
vn -1.0965870970912028 -6.0097575085838351 -1.4247642144328063
v -0.0144224101677537 -0.0394557714462280 -0.1437097936868668
vn -1.3495866069289391 -5.9634771525517145 -1.3999635445511247
v -0.0174144506454468 -0.0391184613108635 -0.1425562947988510
vn -1.1858989365919517 -6.0852245630677002 -0.9773454094168728
v -0.0173134803771973 -0.0395153090357780 -0.1405971944332123
vn -1.4365203489775000 -6.0347541025538050 -0.9471163776189809
v -0.0201832000166178 -0.0391124412417412 -0.1392700970172882
vn -1.2551753355739681 -6.1207020726875516 -0.6025744839426305
v -0.0200635697692633 -0.0393846593797207 -0.1373237073421478
vn -1.5343993224824617 -6.0449137666445187 -0.6592166863614977
v -0.0227973405271769 -0.0389189086854458 -0.1358426958322525
vn -1.3222348804411461 -6.1313392139165881 -0.2983821315835646
v -0.0225189290940762 -0.0392389185726643 -0.1320195049047470
vn -1.5380951699489323 -6.0812249378520828 -0.2778168760423801
v -0.0250946804881096 -0.0387125611305237 -0.1304537951946259
vn -1.3972704349183966 -6.1214252732556069 -0.0431148160424715
v -0.0247765108942986 -0.0388865992426872 -0.1267665028572083
vn -1.6149845190002095 -6.0670462944515133 -0.0201568422040439
v -0.0271894298493862 -0.0383023582398891 -0.1251444071531296
vn -1.2620393595827837 -6.1479160643983697 0.2027894174039764
v -0.0240903403609991 -0.0389395914971828 -0.1195534989237785
vn -1.4617541743947147 -6.1021451226139840 0.2252894931818995
v -0.0264723803848028 -0.0383636914193630 -0.1181375011801720
vn -1.7690360438534556 -5.9802018758195041 -0.6458620195274650
v -0.0253923498094082 -0.0383942089974880 -0.1341785937547684
vn -1.7740748180661112 -6.0170188334032790 -0.2525530391669284
v -0.0275219008326530 -0.0381275415420532 -0.1287253946065903
vn -1.8571971042106497 -5.9964439044195563 0.0079519313696288
v -0.0294452905654907 -0.0376591607928276 -0.1233792006969452
vn -1.6852299588379323 -6.0423786170514227 0.2525872473017163
v -0.0287114903330803 -0.0377267003059387 -0.1165962964296341
vn -1.9392640123737293 -5.9630595254272754 0.2854962088164361
v -0.0307948496192694 -0.0370284281671047 -0.1149395033717155
vn -2.1307083462487371 -5.9033001987345983 0.0418972025016808
v -0.0315306112170219 -0.0369578488171101 -0.1214819997549057
vn -2.3277424297580747 -5.8253973391705802 -0.1841012368759582
v -0.0318719707429409 -0.0367863699793816 -0.1248238980770111
vn -2.4444087842728943 -5.7780391262910733 0.0830311450251204
v -0.0334320589900017 -0.0361983701586723 -0.1194645985960960
vn -2.2333228804106282 -5.8555098700094108 0.3249810517565723
v -0.0327094681560993 -0.0362676307559013 -0.1131772026419640
vn -2.1182730957981399 -5.7703259754742877 -1.1999961553215110
v -0.0256661698222160 -0.0377486906945705 -0.1378609985113144
vn -2.1456875060873268 -5.6007992303166834 -1.8153875950533225
v -0.0231724902987480 -0.0377250313758850 -0.1414612978696823
vn -2.0926416278897841 -5.3809032983861931 -2.4276989860015687
v -0.0205082204192877 -0.0374360010027885 -0.1448989957571030
vn -1.9803839652349324 -5.0793255017982943 -3.0796292400758629
v -0.0176859404891729 -0.0368452593684196 -0.1481242030858994
vn -1.7929213601159795 -4.6864980621217631 -3.7406564248079954
v -0.0147204902023077 -0.0359520912170410 -0.1510611027479172
vn -1.5278823044401304 -4.1726415747203722 -4.4013947279118586
v -0.0116288000717759 -0.0347700715065002 -0.1536263972520828
vn -1.1818237936119744 -3.5143229874271968 -5.0312873275381573
v -0.0084304213523865 -0.0333235189318657 -0.1557396054267883
vn -0.7562470487310033 -2.7731547549007876 -5.5527853733457562
v -0.0051460862159729 -0.0316437408328056 -0.1573369055986404
vn -0.2716629816388170 -2.0599479581421640 -5.9031423340809992
v -0.0017992849461734 -0.0297691207379103 -0.1584188938140869
vn 0.2414033477280719 -1.4378411016286277 -6.0914274815270337
v 0.0015841720160097 -0.0277423802763224 -0.1590071022510529
vn 0.7597452989670045 -0.9309307572264128 -6.1516963599163148
v 0.0049695367924869 -0.0256106201559305 -0.1591310948133469
vn 1.2719141354224734 -0.5429956241683900 -6.1170105427834827
v 0.0083278408274055 -0.0234227702021599 -0.1588270068168640
vn -1.8131240110452285 -5.9822572223847930 0.6262272163560572
v -0.0276212003082037 -0.0356461405754089 -0.0909252092242241
vn -2.0855436828586127 -5.8865347983638241 0.6780385108949716
v -0.0295944195240736 -0.0349098406732082 -0.0900750085711479
vn -2.0146184842198327 -5.9108242873720345 0.6661450792872110
v -0.0311456304043531 -0.0357335209846497 -0.1012007966637611
vn -2.3413001970705847 -5.7815352854848410 0.7177024297471747
v -0.0329404994845390 -0.0349119305610657 -0.0998484417796135
vn -2.4133655006254395 -5.7648189954358067 0.5818964420773924
v -0.0337023101747036 -0.0352540612220764 -0.1054859980940819
vn -2.8194521956850669 -5.5679875278293585 0.6376638441194397
v -0.0352862998843193 -0.0343531295657158 -0.1038160994648933
vn -2.9649521250966320 -5.5087334565914343 0.4392951753533416
v -0.0359805189073086 -0.0345482788980007 -0.1093816980719566
vn -3.4753035171203432 -5.1872217653155435 0.5259837920323913
v -0.0373073183000088 -0.0335792303085327 -0.1073725000023842
vn -3.6216309239862232 -5.0995386615397145 0.3609131700921752
v -0.0376106500625610 -0.0336031913757324 -0.1100777015089989
vn -1.7412165267578197 -6.0026633498396897 0.6220235256859612
v -0.0292019806802273 -0.0364797711372375 -0.1024845018982887
vn -2.0802889606783621 -5.8996146510600944 0.5341578249511290
v -0.0319388508796692 -0.0360789187252522 -0.1070848032832146
vn -2.5800532551246080 -5.7056403874366781 0.3720943712986464
v -0.0344425998628139 -0.0354422293603420 -0.1113206967711449
vn -2.8101118271546630 -5.6052564664648212 0.1324605504125003
v -0.0351366885006428 -0.0353799983859062 -0.1173396036028862
vn -2.6602237481851936 -5.6804653169922110 -0.1385340125846025
v -0.0337673388421535 -0.0360319614410400 -0.1226752027869225
vn -2.5652581008319353 -5.7059859174066432 -0.4436186883235459
v -0.0321911498904228 -0.0364830382168293 -0.1281982064247131
vn -2.5000339588973057 -5.6935036549965776 -0.8157336656497199
v -0.0302537605166435 -0.0369194708764553 -0.1320853978395462
vn -2.4132511320724590 -5.6606144506465252 -1.1582806513232111
v -0.0281192604452372 -0.0371793508529663 -0.1359173059463501
vn -2.4617706645569841 -5.4894578018174611 -1.7498741219338148
v -0.0257933698594570 -0.0372214317321777 -0.1396518051624298
vn -2.4276817424372878 -5.2729914809491971 -2.3496748967555026
v -0.0232848506420851 -0.0370015501976013 -0.1432463973760605
vn -2.3398081972706049 -4.9789159697510446 -2.9895574724268190
v -0.0206043701618910 -0.0364826917648315 -0.1466502994298935
vn -2.1814929256103266 -4.5988515781673449 -3.6418848166911215
v -0.0177650991827250 -0.0356616899371147 -0.1497876048088074
vn -1.9492984551532782 -4.1030710235178489 -4.2996982370254253
v -0.0147824799641967 -0.0345504209399223 -0.1525744050741196
vn -1.6378005671706688 -3.4668534173251335 -4.9363218366841615
v -0.0116742802783847 -0.0331705212593079 -0.1549278050661087
vn -1.2427143876214066 -2.7473557272195523 -5.4779807040824533
v -0.0084604015573859 -0.0315508209168911 -0.1567820012569427
vn -0.7786511153546589 -2.0507242141838860 -5.8613262775502797
v -0.0051625370979309 -0.0297273304313421 -0.1581327021121979
vn -0.2753974900129096 -1.4376474935013619 -6.0900050321270394
v -0.0018041719449684 -0.0277413092553616 -0.1589979976415634
vn 0.2425853429509718 -0.9336331822278748 -6.1931582428755485
v 0.0015878080157563 -0.0256370902061462 -0.1594021022319794
vn 0.7602951557915427 -0.5450550377756490 -6.2011229154000427
v 0.0049784178845584 -0.0234625302255154 -0.1593765020370483
vn -3.0428870407728787 -5.4830137977515818 -0.0834014470558470
v -0.0354587994515896 -0.0352214500308037 -0.1204124018549919
vn -2.9158734544518099 -5.5364865667594581 -0.3886159266285321
v -0.0340809188783169 -0.0357381105422974 -0.1259164959192276
vn -2.8459399214668735 -5.5371567016241698 -0.7470340773278370
v -0.0323414802551270 -0.0362346097826958 -0.1298764050006866
vn -2.8044361737871486 -5.4830007819197757 -1.1635337199703035
v -0.0303969308733940 -0.0365567803382874 -0.1338032931089401
vn -2.7917788237611818 -5.3527370609084937 -1.6721320823994710
v -0.0282521191984415 -0.0366643592715263 -0.1376557052135468
vn -2.7701257145873153 -5.1420548229210059 -2.2572218291780315
v -0.0259134098887444 -0.0365136191248894 -0.1413906961679459
vn -2.7015323424079090 -4.8571087119099676 -2.8822980123283526
v -0.0233902893960476 -0.0360669381916523 -0.1449580043554306
vn -2.5672146557183395 -4.4914272213360542 -3.5226300438224722
v -0.0206937696784735 -0.0353195592761040 -0.1482813060283661
vn -2.3643123594242739 -4.0153523394928072 -4.1731311611652959
v -0.0178379993885756 -0.0342808887362480 -0.1512762010097504
vn -2.0850131912294181 -3.4034025150193425 -4.8111291790187742
v -0.0148390503600240 -0.0329702384769917 -0.1538589000701904
vn -1.7203453162993179 -2.7088934907293623 -5.3676539612609311
v -0.0117151103913784 -0.0314141511917114 -0.1559599936008453
vn -1.2792187586959591 -2.0322623913933362 -5.7796965279510362
v -0.0084868660196662 -0.0296464506536722 -0.1575725972652435
vn -0.7895354112173489 -1.4319620775591193 -6.0463716980344886
v -0.0051765441894531 -0.0277062002569437 -0.1587100028991699
vn -0.2767063277712276 -0.9336461612554995 -6.1916953218436088
v -0.0018083449685946 -0.0256361905485392 -0.1593929976224899
vn 0.2428444257080788 -0.5461684831037351 -6.2426598623910756
v 0.0015906690387055 -0.0234823208302259 -0.1596481949090958
vn 0.7507794753497612 -0.2322923413979347 -6.2227587827878974
v 0.0049849147908390 -0.0212928596884012 -0.1595084071159363
vn -3.3123392398419851 -5.3094203477938029 -0.3218593629249312
v -0.0357600413262844 -0.0349404215812683 -0.1235138028860092
vn -3.2129766238895421 -5.3392878385770040 -0.6763524758792254
v -0.0342285595834255 -0.0354981385171413 -0.1275283992290497
vn -3.1546532169175765 -5.3037511373759960 -1.0847536592793912
v -0.0324850603938103 -0.0358827710151672 -0.1315325051546097
vn -3.1377354202454026 -5.1847311556450002 -1.5802755378367856
v -0.0305330101400614 -0.0360557995736599 -0.1354850977659225
vn -3.1212957333530733 -4.9838186141048748 -2.1487035911352845
v -0.0283776503056288 -0.0359743200242519 -0.1393436044454575
vn -3.0654339603575895 -4.7113012641538328 -2.7568323869655988
v -0.0260260701179504 -0.0356003008782864 -0.1430577039718628
vn -2.9502841312830039 -4.3623446570837077 -3.3821758211222797
v -0.0234883408993483 -0.0349275395274162 -0.1465518027544022
vn -2.7719811776942391 -3.9084705403111522 -4.0217482024766023
v -0.0207762699574232 -0.0339633189141750 -0.1497408002614975
vn -2.5220164362268158 -3.3238279398170740 -4.6562833383935329
v -0.0179044604301453 -0.0327244885265827 -0.1525398045778275
vn -2.1866283747618076 -2.6575415399323536 -5.2226024658116943
v -0.0148897096514702 -0.0312353894114494 -0.1548777073621750
vn -1.7698417617884687 -2.0047139726918148 -5.6592317532856420
v -0.0117510501295328 -0.0295276604592800 -0.1567430943250656
vn -1.2971628964010997 -1.4205287828518367 -5.9611260274271567
v -0.0085096945986152 -0.0276380702853203 -0.1581463068723679
vn -0.7935111306522671 -0.9307251911697196 -6.1474042063519638
v -0.0051882858388126 -0.0256079994142056 -0.1591037958860397
vn -0.2768644138985762 -0.5461078487693682 -6.2412160913219044
v -0.0018116829451174 -0.0234815999865532 -0.1596391052007675
vn -3.5904805873845853 -5.1050941773849488 -0.5764839275965186
v -0.0359018407762051 -0.0347105786204338 -0.1250562071800232
vn -3.5323855069957344 -5.0764581760526335 -0.9908354223591872
v -0.0343695208430290 -0.0351586900651455 -0.1291189044713974
vn -3.5010987482571574 -4.9778616435705771 -1.4721351226617645
v -0.0326215587556362 -0.0353974588215351 -0.1331536024808884
vn -3.4817988942200047 -4.7930170366818654 -2.0224839697679604
v -0.0306615196168423 -0.0353854186832905 -0.1371178030967712
vn -3.4317303724479720 -4.5376996898098154 -2.6116371825489244
v -0.0284954290837049 -0.0350847803056240 -0.1409617960453033
vn -3.3295505704350234 -4.2099277740303940 -3.2195938114308293
v -0.0261309705674648 -0.0344877205789089 -0.1446100026369095
vn -3.1714349829224329 -3.7813687999516885 -3.8452303926817439
v -0.0235787592828274 -0.0335994288325310 -0.1479780972003937
vn -2.9470178914729508 -3.2273067311250205 -4.4723666743013011
v -0.0208514295518398 -0.0324349403381348 -0.1509798020124435
vn -2.6396703436264670 -2.5930960208942202 -5.0437603796182824
v -0.0179641805589199 -0.0310161095112562 -0.1535422950983047
vn -2.2478016631131492 -1.9677438936787606 -5.5010404942037177
v -0.0149345295503736 -0.0293721500784159 -0.1556508988142014
vn -1.7944995647528621 -1.4031633843659259 -5.8353875485776232
v -0.0117820501327515 -0.0275381803512573 -0.1573113948106766
vn -1.3038973138278653 -0.9247918442797852 -6.0607540480461761
v -0.0085286488756537 -0.0255533400923014 -0.1585378050804138
vn -0.7940634927242030 -0.5451244804261410 -6.1968289244478925
v -0.0051975250244141 -0.0234604999423027 -0.1593492031097412
vn -0.3013881738741781 -0.2103132182984237 -6.2602803390121675
v -0.0018139480380341 -0.0213055592030287 -0.1597712934017181
vn -4.3280349603507018 -4.4671618906978363 -0.7452320513668019
v -0.0374758802354336 -0.0335635505616665 -0.1239252015948296
vn -4.1402066339863612 -4.6417908239352927 -0.7617676034908029
v -0.0367860086262226 -0.0339805409312248 -0.1252644062042236
vn -3.8863281024060510 -4.8329410984662911 -0.8951444795781878
v -0.0360373184084892 -0.0343854986131191 -0.1265777051448822
vn -3.8823859526881055 -4.7222027300082141 -1.3449832662560324
v -0.0345035083591938 -0.0346910916268826 -0.1306757926940918
vn -3.8507356589742430 -4.5635463831876431 -1.8759499973514666
v -0.0327503606677055 -0.0347490906715393 -0.1347274035215378
vn -3.7993041006634898 -4.3326594728906684 -2.4449510946085606
v -0.0307820402085781 -0.0345222912728786 -0.1386830061674118
vn -3.7043024837556899 -4.0312918909496132 -3.0339346558688871
v -0.0286049805581570 -0.0340018793940544 -0.1424686014652252
vn -3.5608779452885853 -3.6330362094251849 -3.6432308073090658
v -0.0262275896966457 -0.0331913791596889 -0.1459992974996567
vn -3.3583256508278128 -3.1136804626907746 -4.2596361865513979
v -0.0236611906439066 -0.0321033485233784 -0.1491889059543610
vn -3.0769315787761569 -2.5151986916556108 -4.8324210136693129
v -0.0209189597517252 -0.0307576600462198 -0.1519629061222076
vn -2.7107645686180568 -1.9209020990210877 -5.3064330622567093
v -0.0180168692022562 -0.0291814208030701 -0.1543031930923462
vn -2.2787011004044166 -1.3794351678501842 -5.6701672324391899
v -0.0149731002748013 -0.0274073407053947 -0.1562121957540512
vn -1.8041364248608474 -0.9155775497503239 -5.9328024199093390
v -0.0118078496307135 -0.0254729297012091 -0.1576994955539703
vn -1.3050561309152653 -0.5430502188547303 -6.1099384039976883
v -0.0085436701774597 -0.0234194900840521 -0.1587817966938019
vn -4.5987831179795009 -3.9572037698914815 -1.5338751693736770
v -0.0362877212464809 -0.0333399102091789 -0.1295129954814911
vn -4.8862344002306601 -3.4755238166178044 -1.7964246562365962
v -0.0364018008112907 -0.0325713716447353 -0.1308988928794861
vn -4.5301519411840250 -3.8076360306830264 -2.0393607602895809
v -0.0347489714622498 -0.0332640409469604 -0.1336358934640884
vn -4.7783118833755234 -3.3094534037606484 -2.3264967173792526
v -0.0348594114184380 -0.0322882495820522 -0.1349848061800003
vn -4.4314604853728339 -3.5846481363876075 -2.5885678565333512
v -0.0329838283360004 -0.0329003892838955 -0.1376408040523529
vn -4.6507478391924231 -3.0434485555114570 -2.8807268795344059
v -0.0330876111984253 -0.0317199192941189 -0.1388981044292450
vn -4.3031257013213349 -3.2658059520043938 -3.1612401592021766
v -0.0309976898133755 -0.0322496816515923 -0.1414449959993362
vn -4.4903154535196954 -2.6608800076210417 -3.4541512323356005
v -0.0310918595641851 -0.0308738891035318 -0.1425525993108749
vn -4.1321504052380114 -2.8312397637708946 -3.7500380260080490
v -0.0287980996072292 -0.0313210412859917 -0.1449621021747589
vn -4.2730562544115713 -2.1972986621335147 -4.0137996391415651
v -0.0288808308541775 -0.0297638699412346 -0.1458712071180344
vn -3.8958492656541335 -2.3177997836390243 -4.3162317563847088
v -0.0263948403298855 -0.0301299598067999 -0.1481149941682816
vn -3.9818779882666826 -1.7201635979359295 -4.5188889279845821
v -0.0264647006988525 -0.0284109096974134 -0.1488263010978699
vn -3.5801563702241141 -1.7974391542898034 -4.8137793608307025
v -0.0238004904240370 -0.0286993291229010 -0.1508799046278000
vn -3.6238895111045517 -1.2680617502526121 -4.9528134924629352
v -0.0238566901534796 -0.0268414001911879 -0.1514102071523666
vn -3.1961130954111194 -1.3122547847926875 -5.2272974718329595
v -0.0210297703742981 -0.0270578805357218 -0.1532516032457352
vn -3.2122626414883277 -0.7895577923331527 -5.3199897416143003
v -0.0210724398493767 -0.0250869300216436 -0.1536221951246262
vn -2.7607595428031129 -0.8082518749014663 -5.5642221107502010
v -0.0180999599397182 -0.0252389293164015 -0.1552332937717438
vn -5.1079468102211543 -2.9947177865795620 -2.0368315214235229
v -0.0365080796182156 -0.0316372513771057 -0.1321891993284225
vn -4.9788597623587281 -2.7920417712255992 -2.5735411853987906
v -0.0349613986909389 -0.0311530195176601 -0.1361922025680542
vn -4.8258418010488162 -2.4698273501788250 -3.1316145661686718
v -0.0331822000443935 -0.0303915701806545 -0.1399658024311066
vn -4.6257632764995913 -2.0618126971873787 -3.6837115598582191
v -0.0311765596270561 -0.0293651204556227 -0.1434320956468582
vn -4.3587443055831923 -1.6318408361660128 -4.1938338644661490
v -0.0289538502693176 -0.0280926208943129 -0.1465618014335632
vn -4.0274064950044091 -1.2167747213361546 -4.6455530496872850
v -0.0265247803181410 -0.0265986900776625 -0.1493431031703949
vn -3.6418338839544306 -0.7669244956127548 -5.0401553129444654
v -0.0239034797996283 -0.0249130092561245 -0.1517726927995682
vn -3.2273170531081430 -0.3006315357829447 -5.3652407133000128
v -0.0211307406425476 -0.0210325103253126 -0.1539787948131561
vn -4.6976100778085979 -4.0202059552234966 -1.0248918903799202
v -0.0375965796411037 -0.0331379100680351 -0.1253443062305450
vn -4.4895042239134835 -4.2287582448774250 -1.1153863819252448
v -0.0369110703468323 -0.0335435792803764 -0.1267191022634506
vn -4.2316084822848836 -4.4539284005774231 -1.2175073856583196
v -0.0361661314964294 -0.0339377485215664 -0.1280672997236252
vn -4.2270234958513138 -4.2872975765052699 -1.7067766160217939
v -0.0346301086246967 -0.0340667292475700 -0.1321870982646942
vn -4.1662774813987982 -4.0912884885851204 -2.2548856367419825
v -0.0328712984919548 -0.0339148007333279 -0.1362361013889313
vn -4.0723804599537790 -3.8240591618526190 -2.8239835642732904
v -0.0308941602706909 -0.0334721803665161 -0.1401405036449432
vn -3.9388757282525457 -3.4617429463866403 -3.4152836441880532
v -0.0287060104310513 -0.0327408909797668 -0.1438170969486237
vn -3.7540552183043037 -2.9818091840120209 -4.0188025299397649
v -0.0263156201690435 -0.0317314788699150 -0.1471787989139557
vn -3.4964384357074425 -2.4235082254520837 -4.5894255738195069
v -0.0237352196127176 -0.0304617192596197 -0.1501501053571701
vn -3.1555146310564974 -1.8643697666017918 -5.0768748286735237
v -0.0209785103797913 -0.0289567094296217 -0.1527093946933746
vn -2.7469848176149707 -1.3492485676904102 -5.4669348590934961
v -0.0180622301995754 -0.0272468905895948 -0.1548556983470917
vn -4.8388037589712587 -3.9404795411388789 -0.5883777669050905
v -0.0386722013354301 -0.0326918885111809 -0.1211777999997139
vn -4.6054769252327699 -4.1989394781417024 -0.6715742717124874
v -0.0381051301956177 -0.0331340990960598 -0.1225621998310089
vn -4.2896129262263489 -4.5549888244628214 -0.3693118996089930
v -0.0379832312464714 -0.0334333106875420 -0.1211490035057068
vn -4.0082300146389125 -4.7916963826518035 -0.5032751321338003
v -0.0373487398028374 -0.0338720008730888 -0.1224751994013786
vn -3.7267641210955134 -5.0315584125814290 -0.2233335163843829
v -0.0372157618403435 -0.0340896807610989 -0.1210054978728294
vn -4.8396476519420411 -3.9814178224096395 -0.0266171877760299
v -0.0394022986292839 -0.0322198793292046 -0.1157357990741730
vn -5.0834588405029884 -3.6613547277318643 -0.2153262167918962
v -0.0395100116729736 -0.0320353507995605 -0.1170535981655121
vn -4.5498241071244943 -4.3107817316137007 -0.0886867759478413
v -0.0389511510729790 -0.0327094085514545 -0.1170796006917953
vn -4.8198255157364782 -3.9982296367572014 -0.2941868612773196
v -0.0390658900141716 -0.0325153395533562 -0.1184360012412071
vn -4.2045652077881046 -4.6399899754913241 -0.1571958060728599
v -0.0384349189698696 -0.0331839881837368 -0.1184071004390717
vn -4.5021886559630673 -4.3410361139302589 -0.3629163007865735
v -0.0385562703013420 -0.0329812094569206 -0.1198019012808800
vn -5.3083394569709359 -3.3080526551057932 -0.3980389692296401
v -0.0396127700805664 -0.0317686200141907 -0.1183533966541290
vn -5.0741790725762392 -3.6452379105708537 -0.4972688354197096
v -0.0391755104064941 -0.0322369299829006 -0.1197741031646729
vn -5.1160456460186783 -3.5261671819747313 -0.8202324117537584
v -0.0387823507189751 -0.0322914086282253 -0.1225244030356407
vn -4.9073617594690377 -3.7866541335697930 -0.9265372374565912
v -0.0382208786904812 -0.0327205583453178 -0.1239454001188278
vn -5.4146856548087134 -2.6362657284346436 -1.7188169667105262
v -0.0379171296954155 -0.0309484601020813 -0.1292718052864075
vn -5.2830494440639075 -2.5098282610067297 -2.2400206825032636
v -0.0366060100495815 -0.0305504202842712 -0.1333440989255905
vn -5.1363146434475313 -2.2565262666778718 -2.7832536771557730
v -0.0350542590022087 -0.0298757497221231 -0.1372174024581909
vn -4.9515947160637559 -1.9105298979822036 -3.3272085965039917
v -0.0332671403884888 -0.0289351306855679 -0.1408136934041977
vn -4.7081745195010809 -1.5326189266470898 -3.8406189662775434
v -0.0312513709068298 -0.0277459602802992 -0.1441003978252411
vn -4.4044896847534289 -1.1577082420038889 -4.3072533005712685
v -0.0290166698396206 -0.0263309404253960 -0.1470638960599899
vn -4.0467264580305784 -0.7400301842880719 -4.7266406158144747
v -0.0265748500823975 -0.0247178599238396 -0.1496967971324921
vn -5.5206843207595337 -2.9105945273194918 -0.5819485231361128
v -0.0397104583680630 -0.0313965007662773 -0.1196255981922150
vn -5.3214151222779771 -3.2353657914495586 -0.7057273885795423
v -0.0392795801162720 -0.0318500883877277 -0.1210836991667747
vn -5.6300454656785783 -0.1977994631070639 -2.7567690054084237
v -0.0370271205902100 -0.0202225390821695 -0.1367079019546509
vn -5.9995442874671117 -1.4583004699751339 -1.0838225648481981
v -0.0400439985096455 -0.0285383407026529 -0.1241312995553017
vn -6.0525951180405695 -1.1638418477154797 -1.1540285105165062
v -0.0401117205619812 -0.0275011006742716 -0.1249687001109123
vn -5.8803761417230227 -1.4745774532609042 -1.5946805502037951
v -0.0392351113259792 -0.0281398799270391 -0.1281809955835342
vn -5.9368417058036442 -1.1365964650377878 -1.6698641636900895
v -0.0393036603927612 -0.0269302707165480 -0.1288851946592331
vn -5.7436313142679998 -1.3566214868553987 -2.1154407033078138
v -0.0381678901612759 -0.0274719502776861 -0.1320486962795258
vn -5.7906199594550296 -1.0139776072166031 -2.1848366600686822
v -0.0382342897355556 -0.0261015798896551 -0.1326130032539368
vn -5.5715470952051147 -1.1625474316334712 -2.6310840483512608
v -0.0368462204933167 -0.0265489201992750 -0.1356960982084274
vn -5.6046131598991558 -0.8361471367886084 -2.6889385644486135
v -0.0369070693850517 -0.0250328704714775 -0.1361269056797028
vn -5.3549082815778570 -0.9302090386608195 -3.1285742397120857
v -0.0352748595178127 -0.0253892503678799 -0.1391008943319321
vn -5.3735142972437444 -0.5806605839763453 -3.1787578595013000
v -0.0353276096284389 -0.0237459503114223 -0.1394093930721283
vn -5.0901224616127676 -0.6288702828132027 -3.6052388554625709
v -0.0334603115916252 -0.0240157805383205 -0.1422477066516876
vn -5.1150604207385948 -0.2340686838380585 -3.6183540015571278
v -0.0335337482392788 -0.0204992797225714 -0.1425579041242599
vn -6.0897252178886667 -0.8987211978319940 -1.2057162701826902
v -0.0401724502444267 -0.0263624694198370 -0.1256338059902191
vn -6.1129312540330325 -0.6774297829429916 -1.2398990027879855
v -0.0402261614799500 -0.0251395702362061 -0.1261395066976547
vn -5.9718434584211710 -0.8521353596996546 -1.7206248980983523
v -0.0393642112612724 -0.0256316605955362 -0.1294205933809280
vn -5.9923667606244084 -0.6193452422310454 -1.7530839833339420
v -0.0394163690507412 -0.0242624208331108 -0.1298101991415024
vn -5.8176684212458740 -0.7325591781664028 -2.2296018064583332
v -0.0382913909852505 -0.0246571302413940 -0.1330236047506332
vn -5.8317372744863096 -0.4650836972768645 -2.2625459932205474
v -0.0383388884365559 -0.0231578294187784 -0.1333049982786179
vn -5.6211934441223432 -0.5263455355674170 -2.7305089591083358
v -0.0369578003883362 -0.0234596692025661 -0.1364222019910812
vn -6.1275575062036509 -0.4950539951852270 -1.2577370227087774
v -0.0402723513543606 -0.0238496605306864 -0.1265075951814651
vn -6.1347479226103818 -0.3236134779550957 -1.2770595750846618
v -0.0403108000755310 -0.0225099306553602 -0.1267597973346710
vn -6.0033418130293779 -0.3974500421023248 -1.7777444212508136
v -0.0394597612321377 -0.0228410903364420 -0.1300773024559021
vn -5.8485879059442407 -0.1837791234755526 -2.2596792371802605
v -0.0384038016200066 -0.0200724005699158 -0.1335773020982742
vn -5.9266966663872909 -1.7728032769936857 -0.9963099515853594
v -0.0399697981774807 -0.0294587593525648 -0.1231454014778137
vn -5.7995826800590020 -1.8446930140766480 -1.4946652202362991
v -0.0391587615013123 -0.0292428098618984 -0.1272944957017899
vn -5.6672091118346346 -1.7600759419936935 -2.0136866577167321
v -0.0380927287042141 -0.0287489201873541 -0.1313064992427826
vn -5.5131664824154534 -1.5586424046948655 -2.5413746043944405
v -0.0367754101753235 -0.0279872994869947 -0.1351038962602615
vn -5.3168277106211024 -1.2983019263424613 -3.0570290784438452
v -0.0352114401757717 -0.0269728302955627 -0.1386505067348480
vn -5.0702672662188402 -1.0147292564369357 -3.5466128364158283
v -0.0334066711366177 -0.0257251206785440 -0.1419267058372498
vn -4.7732789376209999 -0.6712264798146246 -4.0068508695847100
v -0.0313692018389702 -0.0242683198302984 -0.1449192017316818
vn -4.4188640970134561 -0.2670795134431782 -4.4381898421673434
v -0.0291404090821743 -0.0207417607307434 -0.1477392017841339
vn -3.9331900945463238 -4.8804003517891559 0.0521522055011299
v -0.0381771288812160 -0.0334265790879726 -0.1156018003821373
vn -4.2901093530773338 -4.5724889411852594 0.1280838287862878
v -0.0387076102197170 -0.0329387709498405 -0.1143509969115257
vn -4.3285573466920599 -4.4665679048665794 0.7988536374705902
v -0.0383268482983112 -0.0316992402076721 -0.0994014665484428
vn -4.2587999673316563 -4.5099274298783323 0.9397095331163289
v -0.0377850495278835 -0.0312923118472099 -0.0947017595171928
vn -4.3634690725876499 -4.4078104999645209 0.9703593187709849
v -0.0367212183773518 -0.0303175393491983 -0.0857747718691826
vn -4.5565129604721877 -4.2377974672902168 0.8390197684202629
v -0.0357992015779018 -0.0294419508427382 -0.0774121209979057
vn -4.7556553663500543 -4.0454240880287839 0.6618189481153977
v -0.0351565405726433 -0.0287687703967094 -0.0695611834526062
vn -4.7986134972879215 -3.8887426057945178 0.9805038178507327
v -0.0349830910563469 -0.0284631792455912 -0.0660777613520622
vn -4.8889654884210438 -3.8611980875946190 0.6348238574350860
v -0.0392308197915554 -0.0313746891915798 -0.1031965985894203
vn -4.7506168769292971 -4.0034526491995228 0.8234502216659230
v -0.0387422405183315 -0.0310845300555229 -0.0984889194369316
vn -4.6924810839544477 -4.0464097287912439 0.9585188979943747
v -0.0382379181683064 -0.0306529402732849 -0.0939298793673515
vn -4.7946473967087062 -3.9258644173792168 0.9852242920755664
v -0.0372461006045341 -0.0296276193112135 -0.0852643772959709
vn -4.9684983904100957 -3.7388392177010985 0.8540962532346787
v -0.0363825485110283 -0.0286941491067410 -0.0771358609199524
vn -5.1390359336598852 -3.5391084941454283 0.6749358506540684
v -0.0357743985950947 -0.0279576107859612 -0.0694897100329399
vn -5.1476723694542521 -3.4042618101117408 0.9855257706318972
v -0.0356058403849602 -0.0276212003082037 -0.0660886093974113
vn -5.1596938727491919 -3.3234803832618871 1.3116425575721344
v -0.0355602502822876 -0.0274217091500759 -0.0654230713844299
vn -5.5173000172904096 -2.7825086301991417 0.9347391155738547
v -0.0361307784914970 -0.0267216507345438 -0.0660995170474052
vn -5.4779627102377466 -2.9932299776184541 0.6700267980882431
v -0.0362952910363674 -0.0270886998623610 -0.0694177672266960
vn -5.3395532821366904 -3.1914691675301681 0.8497445576719266
v -0.0368717908859253 -0.0278918091207743 -0.0768577978014946
vn -5.1943451821956739 -3.3853321711444653 0.9768041104454509
v -0.0376810394227505 -0.0288903098553419 -0.0847504064440727
vn -5.1523480523138421 -3.4336123895522044 0.9585847036053102
v -0.0386058017611504 -0.0299756508320570 -0.0931526422500610
vn -5.5772564119927335 -2.7372925093160343 0.8247196390230047
v -0.0393142700195312 -0.0297600608319044 -0.0966463610529900
vn -5.1943373598770668 -3.3973623762096370 0.8348310870845589
v -0.0390749499201775 -0.0304371099919081 -0.0975700616836548
vn -5.4304781380139318 -3.0876269707616077 0.4541744670919832
v -0.0399534702301025 -0.0308648906648159 -0.1068234965205193
vn -5.2541231497024841 -3.3507196210438761 0.6575673504089167
v -0.0395291410386562 -0.0307589098811150 -0.1021298989653587
vn -2.2872930563546769 -5.8348537750866489 0.3877623652635077
v -0.0277407094836235 -0.0341248512268066 -0.0748561620712280
vn -2.1869018907054372 -5.8618294265375344 0.5433809632817795
v -0.0282613597810268 -0.0342973992228508 -0.0797423720359802
vn -2.6104640893045357 -5.6801223010499537 0.6110173678109001
v -0.0301720406860113 -0.0334470793604851 -0.0792565271258354
vn -2.4268397885012933 -5.7467989465586840 0.7318624886184385
v -0.0314512215554714 -0.0340875312685966 -0.0891796872019768
vn -2.8350273889948956 -5.5455798489614150 0.7993606962556665
v -0.0331754013895988 -0.0331677086651325 -0.0882448479533195
vn -2.7419887914562655 -5.5919057613759646 0.7771096126308376
v -0.0345720611512661 -0.0340071283280849 -0.0984359309077263
vn -3.2468996599647126 -5.2988874512869844 0.8431886292511646
v -0.0360209308564663 -0.0330074392259121 -0.0969722196459770
vn -3.3262035856184253 -5.2662689480361218 0.7010672497577315
v -0.0366734191775322 -0.0333672687411308 -0.1020857021212578
vn -3.8699133506995245 -4.8717014682128177 0.7595028488988963
v -0.0378386303782463 -0.0322831794619560 -0.1003061011433601
vn -4.0121726973833240 -4.7772202801766817 0.5871022020286649
v -0.0384017787873745 -0.0325254201889038 -0.1053064018487930
vn -4.4911355529399515 -4.3276243802043464 0.6058766505461198
v -0.0388524495065212 -0.0319629907608032 -0.1042561009526253
vn -4.2059852848380315 -4.6162540258010321 0.4647681234447276
v -0.0386710092425346 -0.0325670801103115 -0.1078639999032021
vn -4.7527405937825877 -4.0726794028116764 0.3691195041462509
v -0.0393444187939167 -0.0320033393800259 -0.1092559993267059
vn -4.3256776094273031 -4.5222604575921848 0.3042267112445775
v -0.0389291606843472 -0.0325405001640320 -0.1104575023055077
vn -4.9291178781661422 -3.8659211147800008 0.2106977410513005
v -0.0395724698901176 -0.0319117903709412 -0.1118059009313583
vn -5.4384056080876269 -3.1057371170266914 0.1149687278663499
v -0.0400975309312344 -0.0311931893229485 -0.1130087003111839
vn -5.2665410828227079 -3.3830798579603281 0.2675325374250624
v -0.0398995801806450 -0.0313708111643791 -0.1105156019330025
vn -5.0824253308672489 -3.6331232612725026 0.4318477214668605
v -0.0396878682076931 -0.0314450785517693 -0.1080439016222954
vn -5.5926511730705126 -2.7995504972350411 0.3262725451196932
v -0.0401499792933464 -0.0308103505522013 -0.1092163994908333
vn -5.8878546653574082 -2.0961152626810833 0.3772261566572537
v -0.0403180718421936 -0.0302326604723930 -0.1079104989767075
vn -5.6355047661448383 -2.7108065467153071 0.4871077299906869
v -0.0400550886988640 -0.0305669903755188 -0.1062107980251312
vn -5.8192843443878068 -2.2789339592600810 0.4910816535211038
v -0.0401346608996391 -0.0302650891244411 -0.1055968031287193
vn -5.5100356349088315 -2.9196397702938519 0.6708747161321542
v -0.0396455489099026 -0.0304414592683315 -0.1015942990779877
vn -5.6898747015208198 -2.5442200665424521 0.6819835318043443
v -0.0397384688258171 -0.0301187001168728 -0.1010574996471405
vn -5.9901957484861486 -1.6663919099219937 0.8434036209788635
v -0.0390317998826504 -0.0285270195454359 -0.0915872976183891
vn -6.1169129130907418 -1.1836650143047112 0.7401198441901867
v -0.0394691787660122 -0.0287234093993902 -0.0952492281794548
vn -5.9827271191432683 -1.7122685507408244 0.7892259837568816
v -0.0394473001360893 -0.0290623903274536 -0.0957193300127983
vn -6.1372180207857694 -1.1275730162129258 0.6399574327182216
v -0.0398629903793335 -0.0291415993124247 -0.0994355604052544
vn -6.0261909088899106 -1.6108779214342424 0.6570809950368361
v -0.0398489795625210 -0.0294619202613831 -0.0999813005328178
vn -6.1727641273163600 -0.9806952986763403 0.5186949416293088
v -0.0402306318283081 -0.0293525997549295 -0.1037413999438286
vn -6.0763379781805034 -1.4668921473959273 0.5276995959063773
v -0.0402237102389336 -0.0296527091413736 -0.1043656021356583
vn -6.1069132928974259 -1.3196969758273440 0.4369258501166141
v -0.0403971001505852 -0.0296443700790405 -0.1065998971462250
vn -5.9506796405484881 -1.9149232495644939 0.5152795712961300
v -0.0401912294328213 -0.0299598500132561 -0.1049816980957985
vn -5.8774059562740071 -2.0828582929224182 0.6677353777103004
v -0.0398067794740200 -0.0297917705029249 -0.1005197986960411
vn -5.8279179147120761 -2.1771348767424259 0.8070382902887550
v -0.0393949113786221 -0.0294130407273769 -0.0961832404136658
vn -6.2567040911803327 0.1727787949227227 0.5164080245706464
v -0.0375562906265259 -0.0249481704086065 -0.0758657380938530
vn -6.2473593917156194 0.0629697165435249 0.6239252720524682
v -0.0382477603852749 -0.0261914096772671 -0.0829143524169922
vn -6.2406454637200586 -0.0759119476082375 0.6592946285454852
v -0.0390325710177422 -0.0275105200707912 -0.0903742909431458
vn -6.2421544565927753 -0.1043175625990358 0.6305000845089644
v -0.0394294783473015 -0.0280897002667189 -0.0942851305007935
vn -6.2464173286834432 -0.0890720184682306 0.5801823924440427
v -0.0398132205009460 -0.0285359602421522 -0.0983166620135307
vn -6.2120215265121210 -0.6212833235809717 0.6147291944919345
v -0.0398502312600613 -0.0288339797407389 -0.0988803505897522
vn -6.2533677890163268 -0.0242389097067308 0.5128553147688704
v -0.0401713214814663 -0.0287789702415466 -0.1024622023105621
vn -6.2318642919425535 -0.4813450383883321 0.5082844419965893
v -0.0402125716209412 -0.0290621500462294 -0.1031066030263901
vn -6.2363755415464119 0.6046849304982423 0.2850131086891535
v -0.0370287187397480 -0.0235167108476162 -0.0691238567233086
vn -6.1728967814632751 1.1044066423594066 0.3440288853708841
v -0.0374643802642822 -0.0242462698370218 -0.0755691528320312
vn -6.2327683882236347 0.6318441514194797 0.4396686868782944
v -0.0375218912959099 -0.0245897099375725 -0.0757180973887444
vn -6.1622740025487062 1.1248326396540480 0.4222130530965423
v -0.0381393991410732 -0.0255379602313042 -0.0823625922203064
vn -6.2282658923927983 0.5901757034587092 0.5293827238740152
v -0.0382050201296806 -0.0258584599941969 -0.0826398730278015
vn -6.1597453063497678 1.1103401161755080 0.4569144919496311
v -0.0389070510864258 -0.0268962308764458 -0.0895375013351440
vn -6.2296630118990519 0.5034996986126222 0.5666667287763130
v -0.0389811284840107 -0.0271986108273268 -0.0899581909179688
vn -6.1626925109410395 1.0865908323111517 0.4691450989797770
v -0.0392956100404263 -0.0274943690747023 -0.0932956933975220
vn -6.2318002710049063 0.4759709567487653 0.5576186872538228
v -0.0393738113343716 -0.0277880392968655 -0.0937930867075920
vn -6.1681531218725070 1.0559983216172815 0.4769469946721284
v -0.0396713018417358 -0.0279613099992275 -0.0971685573458672
vn -6.2342883170462846 0.4706330109698356 0.5347681529798139
v -0.0397533699870110 -0.0282453801482916 -0.0977457091212273
vn -6.1758866517810569 1.0167781381354515 0.4824148792414567
v -0.0400221906602383 -0.0282290503382683 -0.1011502966284752
vn -6.2327208821289926 0.5244940367744064 0.4905806700226341
v -0.0401077792048454 -0.0285015702247620 -0.1018097028136253
vn -6.0951696222566447 -1.3297853021851638 0.7182038703139282
v -0.0374847613275051 -0.0261483695358038 -0.0762977600097656
vn -6.0348306457348446 -1.5120062080724557 0.8451791589203037
v -0.0382096692919731 -0.0272958800196648 -0.0837153717875481
vn -5.7207757068551173 -2.5416333044588848 0.1934442783632119
v -0.0403335615992546 -0.0306546594947577 -0.1116299033164978
vn -5.6072093744332294 -2.7990013824894167 -0.0339830169391863
v -0.0401905700564384 -0.0310309492051601 -0.1142479032278061
vn -6.0312794893707382 1.6989923801528626 0.3676080400282392
v -0.0391953513026237 -0.0272076092660427 -0.0927938818931580
vn -5.8409947974532272 2.2873478745543379 0.2572469702734422
v -0.0390742383897305 -0.0269270502030849 -0.0922889709472656
vn -5.6023717002366933 2.8336031369028030 0.1415891143124562
v -0.0389329083263874 -0.0266520306468010 -0.0917824506759644
vn -6.0441638973086578 1.6472196465885836 0.4078399884499724
v -0.0395671688020229 -0.0276827793568373 -0.0965863391757011
vn -5.8658619800004956 2.2174429998184197 0.3301548490609548
v -0.0394416414201260 -0.0274091903120279 -0.0960005521774292
vn -5.6418636510579532 2.7498493721514556 0.2464670198902755
v -0.0392955504357815 -0.0271402001380920 -0.0954129621386528
vn -5.3823732094808614 3.2356903613224564 0.1591465276636908
v -0.0391296707093716 -0.0268754903227091 -0.0948253795504570
vn -5.0405102832307769 3.7422261643854222 -0.2532977588272766
v -0.0378684885799885 -0.0247978493571281 -0.0841337963938713
vn -5.0022064721993607 3.7884654724569504 -0.2332105571891361
v -0.0382312498986721 -0.0254932008683681 -0.0874025821685791
vn -5.0240572362216751 3.7696452778965743 -0.0935988555580045
v -0.0385936386883259 -0.0261170193552971 -0.0907710120081902
vn -4.7097521479628099 4.1526495842590059 -0.2048476928382081
v -0.0383964702486992 -0.0258564297109842 -0.0902693197131157
vn -4.7575563101231726 4.1027041963204613 -0.0500601239770430
v -0.0387402698397636 -0.0263577606528997 -0.0936575531959534
vn -4.8490476092900234 3.9744642341664740 -0.3592333951551815
v -0.0376859903335571 -0.0245314203202724 -0.0837836787104607
vn -4.5188408759588814 4.3306935674021965 -0.4965585323368812
v -0.0374872013926506 -0.0242701098322868 -0.0834368392825127
vn -3.9927695456447361 4.7848112106535883 -0.7547433003866495
v -0.0370433293282986 -0.0237615704536438 -0.0827554985880852
vn -3.4175765271781953 5.1983169051701417 -0.8644099807212007
v -0.0368495509028435 -0.0239755492657423 -0.0849349424242973
vn -2.9543463584622156 5.4778678539510448 -0.7962442381627207
v -0.0365571305155754 -0.0241293292492628 -0.0869563221931458
vn -3.9031178714213284 4.9112913966756331 -0.2999531952550336
v -0.0380198284983635 -0.0256090704351664 -0.0919483900070190
vn -4.4065494648388350 4.4747124362986925 -0.1479665285463115
v -0.0385176502168179 -0.0261045601218939 -0.0930808708071709
vn -4.3590047261973952 4.5084791626479479 -0.3150673556225825
v -0.0381816588342190 -0.0256000105291605 -0.0897722169756889
vn -5.6012797802995289 2.8371160504260806 0.0647969250635462
v -0.0385583005845547 -0.0260357800871134 -0.0882578417658806
vn -5.3267329761241333 3.3277708213827513 0.0241187734026455
v -0.0387726388871670 -0.0263821408152580 -0.0912759900093079
vn -5.0976481084130532 3.6715734019638195 0.0699289097507634
v -0.0389444790780544 -0.0266147796064615 -0.0942396521568298
vn -4.9469629374457629 3.8689522083928187 0.1810802268076764
v -0.0390617214143276 -0.0266734305769205 -0.0971401333808899
vn -6.0674584639822164 1.5529036106801719 0.4571999618362974
v -0.0399142988026142 -0.0279609505087137 -0.1004851981997490
vn -5.9006317382419313 2.1111980713928737 0.4064377976429330
v -0.0397847816348076 -0.0276964902877808 -0.0998161435127258
vn -5.7020510718523898 2.6106409050398209 0.3560152554823962
v -0.0396342203021049 -0.0274357702583075 -0.0991450473666191
vn -5.4710730965765073 3.0725678211261753 0.3031562694045064
v -0.0394633412361145 -0.0271784607321024 -0.0984739586710930
vn -5.1667574142453008 3.5645892299540463 0.2264399619233842
v -0.0392723008990288 -0.0269243698567152 -0.0978049635887146
vn -4.9286983152074759 3.8799874058016228 0.3430911301094108
v -0.0389771983027458 -0.0264968201518059 -0.0982140824198723
vn -4.2985443917434463 4.5595744860413214 0.4438789703141858
v -0.0379877611994743 -0.0255595408380032 -0.0970907807350159
vn -4.6227240703704737 4.2261249047050393 0.4851684614806562
v -0.0385842882096767 -0.0260180197656155 -0.0985026285052299
vn -4.4049298427609180 4.4707296409597150 0.2641884345976331
v -0.0384554192423820 -0.0260183196514845 -0.0968378707766533
vn -4.6356326465996336 4.2307082083874308 0.2935960682701254
v -0.0387251898646355 -0.0262560807168484 -0.0975213572382927
vn -4.6422161402884319 4.2287938863781172 0.1502495074433386
v -0.0388317704200745 -0.0264256000518799 -0.0964813232421875
vn -3.2932630326326913 5.3500248513978690 -0.0176085371528264
v -0.0365100502967834 -0.0246451999992132 -0.0930188819766045
vn -3.5772616199617762 5.1634682342229690 0.0584328588760809
v -0.0372197590768337 -0.0250891391187906 -0.0942375585436821
vn -3.3799430786753191 5.2927704938883151 -0.1462574583463375
v -0.0370986983180046 -0.0249969307333231 -0.0927442908287048
vn -3.7905157484264280 5.0094384861469816 -0.0446465572106816
v -0.0377373583614826 -0.0254650693386793 -0.0939363166689873
vn -3.6246718721683768 5.1252411294033573 -0.2349412639241335
v -0.0376005694270134 -0.0253209397196770 -0.0923852324485779
vn -4.0351338658575102 4.8114128956699531 -0.1298504797534722
v -0.0381719395518303 -0.0258006993681192 -0.0935573503375053
vn -3.3206203916601065 5.3317800150452257 0.1208179939912190
v -0.0365641713142395 -0.0246708299964666 -0.0937343165278435
vn -3.7466150328507029 5.0374970616148609 0.2244345991871562
v -0.0372773408889771 -0.0251105409115553 -0.0949902534484863
vn -3.9854532837490604 4.8529724785826254 0.1715166362203225
v -0.0378668904304504 -0.0255504790693521 -0.0955067798495293
vn -4.1939998020656715 4.6756587624283501 0.0432074661321730
v -0.0383176207542419 -0.0259396992623806 -0.0951873585581779
vn -4.4542312319553261 4.4313209921346663 0.0208223486297982
v -0.0386780984699726 -0.0262921396642923 -0.0947699472308159
vn -3.9485725510812757 4.8681868515169029 0.4201491755555561
v -0.0373328290879726 -0.0251075606793165 -0.0957434698939323
vn -3.6113636886209139 5.1260602967046900 0.3768381983324278
v -0.0366162583231926 -0.0246729794889688 -0.0944501683115959
vn -2.5489411478421893 5.7185787512898925 -0.4584885093146742
v -0.0355718098580837 -0.0240412298589945 -0.0898915529251099
vn -2.7887416752864906 5.6107289302178085 -0.4529475338055204
v -0.0362762808799744 -0.0243911705911160 -0.0901965424418449
vn -2.3964060063390979 5.7497643109462766 -0.7440006301333070
v -0.0355045087635517 -0.0239165406674147 -0.0891687795519829
vn -3.0039496470991462 5.4869091005890827 -0.5696440280335464
v -0.0368372201919556 -0.0246487203985453 -0.0898123905062675
vn -2.3664436100408448 5.7549203553096433 -0.7725110406266977
v -0.0353823304176331 -0.0236898008733988 -0.0878539606928825
vn -3.3734046660710915 5.2586364962132297 -0.6600650838328490
v -0.0371586009860039 -0.0246112290769815 -0.0878531932830811
vn -3.4465143774413836 5.2339433328179759 -0.4428095798134473
v -0.0374578200280666 -0.0251257400959730 -0.0908539816737175
vn -3.2075591748474102 5.3889932417286088 -0.3530548683668226
v -0.0369708500802517 -0.0248477403074503 -0.0912690684199333
vn -4.7374636044334428 4.1114075190364847 -0.3248719747465109
v -0.0380414091050625 -0.0252297502011061 -0.0869783088564873
vn -4.8687599008535383 3.9428642402871623 0.4672185747065841
v -0.0388576909899712 -0.0262507703155279 -0.0992273613810539
vn -2.1757154945312758 5.7468933709974088 -1.2384655959896644
v -0.0351337715983391 -0.0231727305799723 -0.0852659270167351
vn -2.2052332767122271 5.7833797475003177 -1.0601386838854081
v -0.0352168604731560 -0.0233829598873854 -0.0860750004649162
vn -5.5374675914125167 -2.9211994755142681 -0.2898829660292460
v -0.0399818383157253 -0.0312867686152458 -0.1169179975986481
vn -5.3495669682781184 -3.2634374206250873 -0.1286687767360609
v -0.0398859903216362 -0.0315407514572144 -0.1156568005681038
vn -5.1388682759742910 -3.5839794373512079 0.0412190376901447
v -0.0397856794297695 -0.0317146703600883 -0.1143781021237373
vn -4.5414797927969328 -4.3108854159268537 0.1731912107257479
v -0.0391737185418606 -0.0324342213571072 -0.1130850985646248
vn -5.7093500171878393 -2.5490035780889535 -0.4489016936151076
v -0.0400727912783623 -0.0309303402900696 -0.1181524023413658
vn -5.8669994989893741 -2.0800672776775739 -0.6928262777644925
v -0.0401588007807732 -0.0304487906396389 -0.1193502992391586
vn -5.9649119539232700 -1.8880206060132867 0.2737770423112847
v -0.0404892489314079 -0.0301014091819525 -0.1102439016103745
vn -5.8429811276490948 -2.2650143725343970 0.0679266145800928
v -0.0404199287295341 -0.0305052902549505 -0.1128294020891190
vn -5.7515889483398439 -2.4851695047780540 -0.1717611191057008
v -0.0402795001864433 -0.0307909194380045 -0.1154702007770538
vn -6.0091154279909524 -1.7304382650996388 -0.4026963816049371
v -0.0404437109827995 -0.0299900695681572 -0.1178274005651474
vn -6.1151361968849516 -1.3127845812501613 -0.3622236811212515
v -0.0406547114253044 -0.0295193102210760 -0.1162939965724945
vn -6.2197014979253691 -0.7804075331336411 -0.1097641373898240
v -0.0408533215522766 -0.0284913703799248 -0.1157936975359917
vn -6.0722935483621523 -1.4624787295773505 -0.5167891253827342
v -0.0405185781419277 -0.0293907504528761 -0.1189398989081383
vn -6.1468703858254301 -1.1636121021239576 0.3198676866485698
v -0.0405590496957302 -0.0295392200350761 -0.1088529005646706
vn -6.2225797321935836 -0.7274761305246031 0.3730458848818103
v -0.0405594110488892 -0.0292624793946743 -0.1081480011343956
vn -6.2561764762377088 -0.2609756064202106 0.3672199737326706
v -0.0406805202364922 -0.0287095308303833 -0.1095744967460632
vn -6.2490782066214150 -0.2841870445780885 0.4400421791116116
v -0.0405367016792297 -0.0289924107491970 -0.1074312999844551
vn -6.2315858140449443 0.4584952248591507 0.4943784092322839
v -0.0404249392449856 -0.0284668207168579 -0.1059682965278625
vn -6.2451332645152071 0.3711454082416120 0.5084032048474958
v -0.0405656583607197 -0.0282089691609144 -0.1080290973186493
vn -5.9433287710115756 -1.9924388148696384 -0.0446981855802763
v -0.0405024215579033 -0.0302804708480835 -0.1140125021338463
vn -6.0407208370991503 -1.6590810491067818 0.1798149593715268
v -0.0405698418617249 -0.0299661699682474 -0.1114035993814468
vn -6.1073216326560917 -1.4008505426464672 0.0736767903252394
v -0.0406467318534851 -0.0297574903815985 -0.1125473007559776
vn -6.2073447844623360 -0.8450643454432962 0.2309830591443286
v -0.0407078191637993 -0.0292274300009012 -0.1110768020153046
vn -6.2444570228226999 -0.4812545076078176 0.0069272396786006
v -0.0408419892191887 -0.0285514499992132 -0.1132059991359711
vn -6.2608157660967407 -0.0722389531164249 0.3606059003368172
v -0.0408102199435234 -0.0280743204057217 -0.1116262972354889
vn -5.8814784651863690 -2.1501383908055538 -0.3060794890847812
v -0.0403639599680901 -0.0304512903094292 -0.1166663989424706
vn -6.0341212095116923 -1.6993805984384853 -0.1438939758464023
v -0.0405807383358479 -0.0299589000642300 -0.1151703968644142
vn -6.1955536222013476 -0.9476155178309760 -0.0158569453625294
v -0.0407886505126953 -0.0290383100509644 -0.1147527992725372
vn -6.2640508317576877 -0.0519796122809659 0.3233014867505627
v -0.0408692285418510 -0.0275813303887844 -0.1125945970416069
vn -6.1914687854571735 0.6857022721815452 0.7609281575224786
v -0.0405442714691162 -0.0267114005982876 -0.1092382967472076
vn -6.2391404114050522 0.4887113544331385 0.3734820357737812
v -0.0406926199793816 -0.0276106502860785 -0.1100018993020058
vn -6.1727181674704559 0.8699991777734725 0.7372902716861609
v -0.0404875203967094 -0.0271564703434706 -0.1083448976278305
vn -6.2225314857569449 -0.2672018425409644 -0.7625491420614687
v -0.0408826395869255 -0.0221651699393988 -0.1233737990260124
vn -6.2289856703461144 -0.1057213478330288 -0.7549049615765903
v -0.0409278795123100 -0.0195796992629766 -0.1236032024025917
vn -6.1419044983425364 -0.1090622654023978 -1.2762923060544096
v -0.0403632484376431 -0.0197505299001932 -0.1270038932561874
vn -6.2693689297968795 -0.0308260835054984 -0.2457699619108258
v -0.0412066504359245 -0.0194031000137329 -0.1201561018824577
vn -6.2685765294618729 -0.1781266681980540 -0.2429048723154193
v -0.0411675497889519 -0.0218077804893255 -0.1199413985013962
vn -6.2646012332245533 -0.2846890089995766 -0.2348528127333641
v -0.0411046110093594 -0.0240925494581461 -0.1193960011005402
vn -6.2122418108940982 -0.4671211585069376 -0.7457455897573670
v -0.0408096313476562 -0.0246262494474649 -0.1227907016873360
vn -6.2599027892346157 -0.3779174871835346 -0.2199133787015802
v -0.0410646200180054 -0.0251518394798040 -0.1189512982964516
vn -6.1988780910149082 -0.6442922038841442 -0.7227665124497011
v -0.0407632514834404 -0.0257694106549025 -0.1223153024911880
vn -6.2526114757674343 -0.4730745506986520 -0.2048625664929421
v -0.0410193204879761 -0.0261357408016920 -0.1183663979172707
vn -6.1789468832014540 -0.8280742590039279 -0.6911777413085682
v -0.0407107397913933 -0.0268326401710510 -0.1216899976134300
vn -6.2424313583775604 -0.5803079970175172 -0.1821780878851755
v -0.0409687682986259 -0.0270290896296501 -0.1176299974322319
vn -6.1504676883290781 -1.0349536159334094 -0.6466519755895385
v -0.0406523309648037 -0.0278002005070448 -0.1209027022123337
vn -6.2277565995649757 -0.7031299481211042 -0.1521741702410062
v -0.0409134589135647 -0.0278185606002808 -0.1167628020048141
vn -6.1107186860447431 -1.2622493591520552 -0.5898269774239994
v -0.0405882000923157 -0.0286572501063347 -0.1199757978320122
vn -6.2626372417380693 -0.1188196878031114 0.3086500778802251
v -0.0409242510795593 -0.0269700791686773 -0.1134959980845451
vn -6.2654077103692369 -0.1117373860268628 0.3036786306019365
v -0.0409747883677483 -0.0262495800852776 -0.1143025979399681
vn -6.2671059741710060 -0.1123856210163658 0.3010318947566075
v -0.0410208702087402 -0.0254315696656704 -0.1149875000119209
vn -6.2679648059714026 -0.1118193762408964 0.3007293524286858
v -0.0410623513162136 -0.0245283804833889 -0.1155314967036247
vn -6.2686769483427209 -0.1074463748812599 0.2966725283275576
v -0.0410988293588161 -0.0235538408160210 -0.1159449964761734
vn -6.2691380552080167 -0.0886462866289830 0.2946167187674036
v -0.0411564111709595 -0.0214474704116583 -0.1164520010352135
vn -6.2674027863499706 0.0400082369277813 0.2677453062067564
v -0.0411920510232449 -0.0192252304404974 -0.1166512966156006
vn -6.2075589212343631 0.4751382657929707 0.7752977691759408
v -0.0405969582498074 -0.0261564198881388 -0.1100697964429855
vn -6.2142108094271808 0.3605756600540472 0.7975364217219623
v -0.0406454801559448 -0.0254996996372938 -0.1108139008283615
vn -6.2183357580136231 0.2490183130366432 0.8165767428872117
v -0.0406897589564323 -0.0247520208358765 -0.1114455014467239
vn -6.2197561966107990 0.1528840190513333 0.8325750355879893
v -0.0407295189797878 -0.0239248797297478 -0.1119469031691551
vn -6.2205756818182527 0.0664910190695700 0.8409335761767093
v -0.0407645702362061 -0.0230312291532755 -0.1123277023434639
vn -6.2198941813956052 -0.0021050225984462 0.8473210315012663
v -0.0408198200166225 -0.0210961103439331 -0.1127939969301224
vn -6.1289633717101220 1.2151202696840921 0.5806654445445053
v -0.0402957201004028 -0.0278699304908514 -0.1054702028632164
vn -6.1008817225061289 1.3652957722185945 0.5125390374262141
v -0.0402250811457634 -0.0279555302113295 -0.1044747978448868
vn -5.9167422818306710 2.0091379190475500 0.6239652754520366
v -0.0400065109133720 -0.0273790899664164 -0.1039173007011414
vn -5.9823523305243569 1.8528990426170602 0.4960524642363494
v -0.0400921702384949 -0.0277041103690863 -0.1037205979228020
vn -5.7335006532810757 2.5285824919289577 0.4572559018111856
v -0.0397910401225090 -0.0274891797453165 -0.1010465994477272
vn -5.6812057540968679 2.6333000028701901 0.5131399338378944
v -0.0397620685398579 -0.0272094607353210 -0.1022080034017563
vn -5.8111442312043309 2.3215832229526314 0.5386474305341260
v -0.0399375483393669 -0.0274554397910833 -0.1029642000794411
vn -5.6334662253424064 2.6948377516684894 0.6735612938380080
v -0.0396326705813408 -0.0268977191299200 -0.1023646965622902
vn -5.7808953448906522 2.3096639174770144 0.8365185504052024
v -0.0396964512765408 -0.0267699304968119 -0.1032629013061523
vn -6.0002122697433329 1.6973607232661823 0.7428723150202944
v -0.0400723814964294 -0.0272406302392483 -0.1048573032021523
vn -5.5730925775640809 2.8682199678881437 0.4229297628229842
v -0.0396177694201469 -0.0272367000579834 -0.1003331020474434
vn -5.3528816588099311 3.2652127670470410 0.3938008146928733
v -0.0394241809844971 -0.0269873104989529 -0.0996217131614685
vn -5.4548604836504726 3.0692230795392179 0.5371911512478788
v -0.0395660400390625 -0.0269659701734781 -0.1014539971947670
vn -5.2924312953843282 3.3491424369613068 0.4982324750294184
v -0.0393494889140129 -0.0267249904572964 -0.1007046028971672
vn -5.2953217416151519 3.3057680322179817 0.7014804401376653
v -0.0391770601272583 -0.0264260098338127 -0.1008305996656418
vn -5.5097226711238854 2.8772726602279524 0.9089686989026369
v -0.0392381511628628 -0.0263081695884466 -0.1016874015331268
vn -5.1176930098723998 3.6259662662785650 0.3675137253887325
v -0.0392104312777519 -0.0267406702041626 -0.0989147424697876
vn -5.0425244815581429 3.7117572801099312 0.5153727411468618
v -0.0391131602227688 -0.0264865700155497 -0.0999618098139763
vn -4.9310943018272573 3.8266472783565790 0.7086987802478966
v -0.0386448502540588 -0.0259645506739616 -0.0993301197886467
vn -6.0067528862660193 1.4177818486184313 1.1527474326421954
v -0.0398676283657551 -0.0258694197982550 -0.1058123037219048
vn -6.0650596136540162 1.4184963111268143 0.7410395637160416
v -0.0401937887072563 -0.0267096105962992 -0.1066697016358376
vn -5.9686033073211799 1.6357927214330115 1.0769957117996185
v -0.0398141108453274 -0.0262702107429504 -0.1049948036670685
vn -5.8469499056885423 1.9456449032941201 1.1935558561939048
v -0.0394021198153496 -0.0254588704556227 -0.1041197031736374
vn -5.8045203391986231 1.7303696688704762 1.6577886901354391
v -0.0389035306870937 -0.0246040206402540 -0.1031548008322716
vn -5.2062093704248475 3.3818927783340214 0.9592215262995214
v -0.0387026593089104 -0.0258563105016947 -0.1001463979482651
vn -4.9026128762140893 3.8005164773555569 0.9888551874459961
v -0.0380991101264954 -0.0254137497395277 -0.0986547991633415
vn -5.1844117521651327 3.3159926399036297 1.2562000720114430
v -0.0381506606936455 -0.0252476893365383 -0.0994148775935173
vn -4.6064992439449766 4.2107125093961155 0.7168109981382838
v -0.0380447506904602 -0.0255129896104336 -0.0978781506419182
vn -4.7598047364129812 3.9329088223964135 1.1580639964700337
v -0.0374611616134644 -0.0249090697616339 -0.0975936576724052
vn -4.4595103117932204 4.2650289824066085 1.1797302642243468
v -0.0367371402680874 -0.0244952999055386 -0.0962085723876953
vn -4.9484644941815379 3.6264647719055789 1.3498689205096388
v -0.0374849401414394 -0.0248231794685125 -0.0979524776339531
vn -4.6502807163227793 3.9840614615844161 1.3997195495159773
v -0.0367594286799431 -0.0244156103581190 -0.0965495705604553
vn -4.9267440445369166 3.5075804326646782 1.6914675895227353
v -0.0368024110794067 -0.0241991207003593 -0.0972157716751099
vn -5.8023353311814176 2.0658685116061406 1.2358685731634527
v -0.0393508002161980 -0.0258383695036173 -0.1033397018909454
vn -5.6104690103126256 2.4677290047944522 1.3756475897068232
v -0.0388095304369926 -0.0254152398556471 -0.1017204970121384
vn -5.7065531038846080 2.1168450845236317 1.5508033059322155
v -0.0388582907617092 -0.0250562392175198 -0.1024634018540382
vn -5.5133253326095941 2.5939876646193625 1.5210631650439919
v -0.0382451415061951 -0.0246616601943970 -0.1008594036102295
vn -5.5362393281499402 2.2109484043764618 1.9767054699551836
v -0.0376126691699028 -0.0238683801144361 -0.0999503731727600
vn -4.7171334958519164 3.7217590968325713 1.8218602355024240
v -0.0360166393220425 -0.0238084699958563 -0.0958316326141357
vn -4.8821684804551779 3.3963691472749651 2.0099812727699748
v -0.0360467992722988 -0.0236205998808146 -0.0962936803698540
vn -5.3168896568328359 2.5969095464940564 2.1113779183527890
v -0.0368800088763237 -0.0235180202871561 -0.0984483286738396
vn -5.3047738424129962 2.2247613734564387 2.5181213849068551
v -0.0361274406313896 -0.0227543096989393 -0.0975140929222107
vn -5.1374483044854813 2.7572969675030086 2.3327074932056102
v -0.0360933504998684 -0.0231798794120550 -0.0970074534416199
vn -5.1737753683373269 2.9707435691131008 1.9618141608680664
v -0.0368426404893398 -0.0238991305232048 -0.0978541895747185
vn -5.0277084595907793 3.0548555786377714 2.1979035291870117
v -0.0360562801361084 -0.0235327407717705 -0.0964393019676208
vn -6.1599562524065625 1.0252787808457844 0.6483429000765257
v -0.0403631888329983 -0.0277201496064663 -0.1064520031213760
vn -6.0567653042512148 1.4385706028716672 0.8337727702742230
v -0.0401347801089287 -0.0270230695605278 -0.1057770997285843
vn -5.8884351976555198 1.9622014345002279 0.9664597027297637
v -0.0397569499909878 -0.0265661403536797 -0.1041418015956879
vn -5.6759412309797854 2.4635803513964971 1.0847793594840063
v -0.0392960906028748 -0.0261175595223904 -0.1025260016322136
vn -5.4330956437539530 2.9228937605872534 1.1822841345884612
v -0.0387576818466187 -0.0256780907511711 -0.1009451970458031
vn -5.4066162481909643 2.8273698305450279 1.4924392803639503
v -0.0381994210183620 -0.0250005703419447 -0.1001524999737740
vn -5.1820229754682607 3.1696956184970264 1.5952963813352032
v -0.0375304184854031 -0.0245917402207851 -0.0986534878611565
vn -5.3805904019250566 2.6760758545386985 1.8271221932451049
v -0.0375730283558369 -0.0242726206779480 -0.0993252918124199
vn -5.8879550244969581 1.3140529361519071 1.7400433573342666
v -0.0389451906085014 -0.0240654293447733 -0.1037733033299446
vn -5.6315783946637046 1.7712870330657746 2.1397222272282312
v -0.0376492701470852 -0.0233851596713066 -0.1005093976855278
vn -5.9346709772065678 0.9240301910826531 1.8302697638645902
v -0.0389832183718681 -0.0234494805335999 -0.1042978018522263
vn -4.5051006766743420 4.0711134542193150 1.5840718177836384
v -0.0359970889985561 -0.0239301901310682 -0.0955324694514275
vn -4.2362019146341927 4.4523332892777407 1.2924300419257742
v -0.0359747409820557 -0.0240086894482374 -0.0952001810073853
vn -3.9136717638544019 4.8091387386773619 0.9621629006927135
v -0.0359307490289211 -0.0241484604775906 -0.0945505425333977
vn -3.5604678957673443 5.1319588733002011 0.6429452448600756
v -0.0358836017549038 -0.0242011491209269 -0.0938820168375969
vn -6.0602291468398004 1.0743686432691972 1.2287121252340922
v -0.0399174615740776 -0.0253672003746033 -0.1065732017159462
vn -6.0867860845740518 0.8400243953582296 1.2838547934939504
v -0.0399634800851345 -0.0247709695249796 -0.1072539016604424
vn -6.1043297951308810 0.6176371764854376 1.3294282391364940
v -0.0400052592158318 -0.0240903999656439 -0.1078314036130905
vn -6.1135009127063409 0.4229250484370387 1.3639000321588033
v -0.0400428697466850 -0.0233364701271057 -0.1082895025610924
vn -6.1178512640612643 0.2443421846018652 1.3892364098001124
v -0.0400760099291801 -0.0225207805633545 -0.1086371019482613
vn -5.9644126137739306 0.1776165614931448 1.9544264589525813
v -0.0390950404107571 -0.0204175096005201 -0.1054126024246216
vn -5.9682696848446977 0.1570556332328074 1.9283517224674449
v -0.0391244813799858 -0.0187131706625223 -0.1055610999464989
vn -5.9633520709732712 0.4769102295834560 1.9072087572709222
v -0.0390475317835808 -0.0220254007726908 -0.1050285995006561
vn -5.7508084357004936 0.0790890742383536 2.5181370424962335
v -0.0378059111535549 -0.0185527801513672 -0.1021218970417976
vn -5.7663778008044044 0.2685365078696445 2.4717599445246363
v -0.0377803407609463 -0.0200951602309942 -0.1019890010356903
vn -6.1176691580517133 0.0864201414014626 1.4074699572954370
v -0.0401283502578735 -0.0207519493997097 -0.1090617030858994
vn -6.2164756003739789 -0.0205523539784971 0.8653388693012330
v -0.0408540293574333 -0.0190509501844645 -0.1129767000675201
vn -3.2430786525734252 5.3568952807965839 0.2848404567190003
v -0.0358359813690186 -0.0242542605847120 -0.0932077690958977
vn -3.8435559093070335 3.9472215888402760 -2.9874359170792153
v -0.0334844514727592 -0.0164189301431179 -0.0651281997561455
vn -2.3658950933803200 5.6524046945963171 -1.3587074895153577
v -0.0347936116158962 -0.0223120395094156 -0.0819536969065666
vn -2.3737583197488719 5.6760041764653604 -1.2311550683300401
v -0.0348747894167900 -0.0225175004452467 -0.0827444121241570
vn -5.6907544632893394 -2.2301888398146184 -1.3721731580957748
v -0.0390749499201775 -0.0302224103361368 -0.1262505948543549
vn -5.5584382121428755 -2.1949218622481648 -1.8801510355810622
v -0.0380089804530144 -0.0299135409295559 -0.1303721070289612
vn -5.4178177858982650 -2.0204456636246313 -2.4103634300872638
v -0.0366952382028103 -0.0293277502059937 -0.1343248933553696
vn -5.2483894415501320 -1.7429473020740487 -2.9457093551021236
v -0.0351377688348293 -0.0284754000604153 -0.1380317062139511
vn -5.0282414218674063 -1.4214226764337266 -3.4610289746394693
v -0.0333421193063259 -0.0273722391575575 -0.1414580047130585
vn -4.7528182915805850 -1.0904906980743314 -3.9402490522830464
v -0.0313156805932522 -0.0260393600910902 -0.1445865035057068
vn -4.4247489193503000 -0.7081665395380260 -4.3813966649962746
v -0.0290690008550882 -0.0245027504861355 -0.1474075019359589
vn -4.0733830537424582 -0.2611576722564604 -4.7563623573330158
v -0.0266430899500847 -0.0208488702774048 -0.1500377058982849
vn -6.2430036516157141 0.5364930394715416 0.2194970627409976
v -0.0368835888803005 -0.0230293199419975 -0.0661442801356316
vn -6.2480594826805849 0.5374287435624296 0.1159358960968115
v -0.0368400812149048 -0.0227662902325392 -0.0655118227005005
vn -6.2534090126103496 0.4999427067769887 -0.0945515832633278
v -0.0368140898644924 -0.0224980693310499 -0.0649038478732109
vn -6.1455506498527992 1.0493768970674593 -0.7508727432518290
v -0.0367000102996826 -0.0211243592202663 -0.0638580322265625
vn 3.4390629471778471 -5.2515469666302836 -0.0300221110162426
v 0.0225498601794243 -0.0345221087336540 -0.0223980508744717
vn 3.4904048453389809 -5.2238509511579290 0.0586613629984984
v 0.0225534401834011 -0.0344349704682827 -0.0186249595135450
vn 3.1216369607603367 -5.4384059672964780 0.0114164370819303
v 0.0206249896436930 -0.0357234403491020 -0.0186249595135450
vn 2.9871260127497021 -5.5202621324797274 -0.0798881295101498
v 0.0196853205561638 -0.0361861512064934 -0.0261628609150648
vn 2.7799030273457443 -5.6347628617635532 0.0008709699967379
v 0.0198457203805447 -0.0361077710986137 -0.0186249595135450
vn 2.5793813407159427 -5.7214058623610065 -0.0922737749697740
v 0.0168549399822950 -0.0375903807580471 -0.0261467602103949
vn 1.1905368574811033 -6.1619999492258568 -0.1030186892749188
v 0.0078167906031013 -0.0404468104243279 -0.0261133294552565
vn 1.6704114412428130 -6.0491544024575559 -0.0919734625477103
v 0.0109048997983336 -0.0397267900407314 -0.0261219106614590
vn 1.6310528838078182 -6.0537578816199886 -0.0058684240372343
v 0.0106762601062655 -0.0398443900048733 -0.0186249595135450
vn 1.2258003840065386 -6.1624222052753117 0.0138411318086242
v 0.0078771710395813 -0.0404011607170105 -0.0186249595135450
vn 0.8123816030632440 -6.2169699295969920 -0.0016547296106644
v 0.0053841471672058 -0.0408970713615417 -0.0186249595135450
vn 0.7029520903217606 -6.2362221987196191 -0.1024308869282830
v 0.0046746730804443 -0.0409285388886929 -0.0261074900627136
vn 0.4146133222482095 -6.2694864857530135 -0.0016023224733688
v 0.0047189588658512 -0.0409406386315823 -0.0186249595135450
vn 0.2372153180123499 -6.2712498768824654 -0.1005836142418770
v 0.0014949439791963 -0.0411673113703728 -0.0261045005172491
vn 2.7790280634943283 -5.6351932585457831 0.0029064394711564
v 0.0169843398034573 -0.0375187918543816 -0.0186249595135450
vn 2.4020328856352533 -5.7916339303668920 0.0018847236298291
v 0.0157856903970242 -0.0381099507212639 -0.0186249595135450
vn 2.1063545139117279 -5.9116264811776613 -0.0864839692888974
v 0.0139229800552130 -0.0387729406356812 -0.0261331200599670
vn 2.0117561599620339 -5.9523958824180934 0.0019673509211401
v 0.0140310497954488 -0.0387055799365044 -0.0186249595135450
vn 2.0194987669632405 -5.9497507193289874 -0.0158730539945935
v 0.0110046798363328 -0.0397329293191433 -0.0186249595135450
vn 3.3332416602857413 -5.3173061264947181 -0.1627314590868721
v 0.0218251906335354 -0.0347555801272392 -0.0336650013923645
vn 3.3940126070602346 -5.2800475624963292 -0.1287361258974949
v 0.0221560001373291 -0.0346466302871704 -0.0299460198730230
vn 3.4213758520810731 -5.2629030876198355 -0.0894811907795013
v 0.0223995391279459 -0.0345687791705132 -0.0261810999363661
vn 0.4110407803940770 -6.2697192595647566 0.0064299262604861
v 0.0015053149545565 -0.0411512814462185 -0.0186249595135450
vn 0.0006011039671685 -6.2699817970942018 0.0017251626966279
v 0.0000000000000000 -0.0412499904632568 -0.0186249595135450
vn -0.2721227189932026 -6.2697270720974814 -0.0927743674069660
v -0.0017023680265993 -0.0411593317985535 -0.0261045601218939
vn -0.4169256110303967 -6.2693280186907856 0.0015415042203261
v -0.0017145869787782 -0.0411375090479851 -0.0186249595135450
vn -0.7293870783409693 -6.2332373689428264 -0.0925845491149627
v -0.0048803091049194 -0.0409045815467834 -0.0261077191680670
vn -0.4107282191032033 -6.2697283273577114 -0.0106795167087502
v -0.0049273371696472 -0.0409269891679287 -0.0186249595135450
vn -0.8109388910865307 -6.2170674323184070 -0.0035060650206645
v -0.0053841471672058 -0.0408970713615417 -0.0186249595135450
vn -1.2189484545751039 -6.1568231539673013 -0.0964657239235454
v -0.0080193281173706 -0.0404072403907776 -0.0261137392371893
vn -2.1418791683508389 -5.8997854361518742 -0.0851110317246583
v -0.0141162797808647 -0.0387030206620693 -0.0261339507997036
vn -2.4006882348016521 -5.7922126961081508 0.0024089216841444
v -0.0157856903970242 -0.0381099507212639 -0.0186249595135450
vn -2.6092474095117355 -5.7085711184197434 -0.0763267688086941
v -0.0170421004295349 -0.0375056788325310 -0.0261477790772915
vn -2.7816666277049893 -5.6338895909075690 0.0020210654659589
v -0.0171702504158020 -0.0374271199107170 -0.0186249595135450
vn -3.0190065398682422 -5.5031104755213480 -0.0740517159533519
v -0.0198653899133205 -0.0360875092446804 -0.0261639896780252
vn -1.2257991527646170 -6.1624211982092802 0.0141291677878784
v -0.0080816140398383 -0.0403605103492737 -0.0186249595135450
vn -1.6300428494563721 -6.0541287085799871 -0.0035087598447076
v -0.0106762601062655 -0.0398443900048733 -0.0186249595135450
vn -1.6940053680214895 -6.0434093930633255 -0.0919410106440440
v -0.0111034503206611 -0.0396717712283134 -0.0261225700378418
vn -2.0136979664026446 -5.9517464547545726 -0.0028057025550474
v -0.0112013798207045 -0.0396661087870598 -0.0186249595135450
vn -2.0196106282382931 -5.9497368984226195 0.0104669973838277
v -0.0142275001853704 -0.0386388301849365 -0.0186249595135450
vn -2.7790250846829316 -5.6351934870212643 -0.0039385746227652
v -0.0200314503163099 -0.0360161587595940 -0.0186249595135450
vn -3.1310093939521133 -5.4321074503387488 -0.0014517681054684
v -0.0206249896436930 -0.0357234403491020 -0.0186249595135450
vn -3.4538276050493559 -5.2412509946454522 -0.0649025758169899
v -0.0225715003907681 -0.0344566106796265 -0.0261823497712612
vn -3.5007611655445343 -5.2175265227385079 -0.0038328812313406
v -0.0227258801460266 -0.0343196913599968 -0.0186249595135450
vn -3.8267572095491835 -4.9758080770940154 -0.0726552018422252
v -0.0251457002013922 -0.0326213203370571 -0.0262027308344841
vn -3.8090041776299417 -4.9792847356054679 -0.0147424081839462
v -0.0251113101840019 -0.0327258110046387 -0.0186249595135450
vn 2.4923752787323981 -5.7582017423688292 -0.1796971910310283
v 0.0163959804922342 -0.0376089215278625 -0.0336424708366394
vn 2.0529095769731378 -5.9285093253611745 -0.1950145508526484
v 0.0135341202840209 -0.0387219712138176 -0.0336334109306335
vn 1.9892250325293346 -5.9478048224480258 -0.2703079136006914
v 0.0132500501349568 -0.0386703610420227 -0.0373042188584805
vn 1.4763528358684863 -6.0888008255230286 -0.3881794104998637
v 0.0100902896374464 -0.0393956787884235 -0.0407910905778408
vn 3.0471783034508424 -5.4920103277671846 -0.0721960146198743
v 0.0203210096806288 -0.0353814288973808 -0.0439972802996635
vn 2.6914717194838902 -5.6698837945736820 -0.1603760299197495
v 0.0183368902653456 -0.0364569388329983 -0.0407846495509148
vn 2.7447965624620236 -5.6482289646625619 -0.0203363097759584
v 0.0195605102926493 -0.0357367284595966 -0.0475670583546162
vn 2.2910942696216372 -5.8477453733635762 -0.0686986739656119
v 0.0170838199555874 -0.0368141494691372 -0.0475674197077751
vn 2.4090864223351116 -5.7989834361511949 0.1030705273988212
v 0.0187049508094788 -0.0361598692834377 -0.0515998601913452
vn 2.4190993776736023 -5.7879333015757872 -0.2357455528670730
v 0.0160620808601379 -0.0376140996813774 -0.0373067185282707
vn 1.8938047703866758 -5.9752150494523981 -0.3360297136895569
v 0.0129075003787875 -0.0386090800166130 -0.0407892987132072
vn 2.3084908970379927 -5.8308015673370432 -0.2754401030295568
v 0.0156608205288649 -0.0376287102699280 -0.0407872200012207
vn 1.5941697532218320 -6.0650309545041186 -0.3179118313177847
v 0.0119538297876716 -0.0384956002235413 -0.0475681982934475
vn 2.8387472927047970 -5.5957263894838913 -0.1974842971721169
v 0.0187877397984266 -0.0363550707697868 -0.0373096391558647
vn 2.9132749840760681 -5.5579448515529659 -0.1703773468903265
v 0.0191645603626966 -0.0362844392657280 -0.0336530208587646
vn 1.0460562424052944 -6.1755360350251287 -0.4083716260638961
v 0.0072214598767459 -0.0399866700172424 -0.0407923981547356
vn 0.8782902845590385 -6.2011440298947775 -0.4598321821033444
v 0.0066577792167664 -0.0395573899149895 -0.0475687310099602
vn 1.2351199720902279 -6.1439132920988486 -0.3984988363605780
v 0.0093219866976142 -0.0391035005450249 -0.0475685000419617
vn 0.6011533211482286 -6.2429304031220276 -0.3612163578054398
v 0.0059829950332642 -0.0390248186886311 -0.0559999309480190
vn 0.8758253228529971 -6.2138886031350751 -0.2886025534183075
v 0.0084010362625122 -0.0387424193322659 -0.0560005307197571
vn 0.7108305978978340 -6.2350413914334233 -0.2474215706276816
v 0.0079178810119629 -0.0386145114898682 -0.0605487786233425
vn 0.2981032234146749 -6.2656295604169117 -0.3220935617970650
v 0.0033435819204897 -0.0389688611030579 -0.0605477616190910
vn 0.3678046939400336 -6.2581491774254534 -0.4107136625670073
v 0.0035586950834841 -0.0392107889056206 -0.0559994503855705
vn 0.1152994965040069 -6.2659188663616945 -0.4416211991536388
v 0.0011330839479342 -0.0393017493188381 -0.0559991486370564
vn 0.5233760794478776 -6.2383490241582473 -0.5007320618815887
v 0.0039698481559753 -0.0398580394685268 -0.0475689694285393
vn 0.1698191857147802 -6.2566770679971997 -0.5205823578252008
v 0.0012666579568759 -0.0400057397782803 -0.0475690886378288
vn 0.6287693320410485 -6.2306028325934122 -0.4231865675646430
v 0.0043132901191711 -0.0403801202774048 -0.0407932400703430
vn 0.2029322351403693 -6.2584850390884839 -0.4336380383377589
v 0.0013780590379611 -0.0405743718147278 -0.0407937094569206
vn 0.6857510189882138 -6.2332876242192619 -0.2517569945544796
v 0.0045373430475593 -0.0407449603080750 -0.0336165390908718
vn 0.2203547473544520 -6.2669307771321519 -0.2551810441746106
v 0.0014505980070680 -0.0409685298800468 -0.0336145684123039
vn 0.1956717399259981 -6.2777013710086251 0.1402277204377517
v 0.0034593339078128 -0.0387277603149414 -0.0829590484499931
vn 0.2203817215407717 -6.2780130055832455 -0.0525362052085748
v 0.0032615659292787 -0.0386710092425346 -0.0710122510790825
vn 0.5796895519629399 -6.2525639026745603 -0.1256837145899773
v 0.0075786109082401 -0.0385449491441250 -0.0643908306956291
vn 0.2438649322705794 -6.2741246117789089 -0.1783355318693123
v 0.0031921858899295 -0.0388273485004902 -0.0643776580691338
vn 0.6308279513667140 -6.2461482647427733 -0.1633506101590619
v 0.0076797599904239 -0.0385825596749783 -0.0624092817306519
vn 0.2664890197097387 -6.2705851313711714 -0.2374373098884256
v 0.0032375450246036 -0.0388951301574707 -0.0624019503593445
vn -3.2713037236258491 -5.3585141294685128 -0.1442250252601205
v -0.0215793196111917 -0.0347971916198730 -0.0373133383691311
vn -3.1461083591744972 -5.4348000462012811 -0.0989448765517108
v -0.0210861507803202 -0.0350018106400967 -0.0407816097140312
vn -2.8633941011548725 -5.5857254296863452 -0.1841781412411072
v -0.0189614202827215 -0.0362663790583611 -0.0373099409043789
vn -2.7436317603568217 -5.6467577986579736 -0.1710385532802864
v -0.0185076501220465 -0.0363742709159851 -0.0407845303416252
vn -2.4438965986038528 -5.7798723026131569 -0.2238154858927063
v -0.0162418391555548 -0.0375384017825127 -0.0373069606721401
vn -2.3339618548871419 -5.8253189302575432 -0.2405077046110746
v -0.0158371906727552 -0.0375583097338676 -0.0407871007919312
vn -1.9923133937368767 -5.9475110243516376 -0.2687029927831945
v -0.0134350601583719 -0.0386080108582973 -0.0373044013977051
vn -1.9084307622359571 -5.9753079742218986 -0.2912513211111594
v -0.0130885196849704 -0.0385512709617615 -0.0407891795039177
vn -1.4997081074152550 -6.0871241990887315 -0.3428054496163304
v -0.0102750603109598 -0.0393504984676838 -0.0407910309731960
vn -3.3591259653908856 -5.3027331511661533 -0.1357181161111752
v -0.0219939295202494 -0.0346494317054749 -0.0336657688021660
vn -2.9444238540643619 -5.5431512017811988 -0.1563205973363568
v -0.0193408094346523 -0.0361913405358791 -0.0336536690592766
vn -2.5187406389671518 -5.7482879213819489 -0.1734671859491129
v -0.0165788494050503 -0.0375292301177979 -0.0336429998278618
vn -2.0796221551318226 -5.9205047549101595 -0.1897993066124528
v -0.0137226497754455 -0.0386562906205654 -0.0336338803172112
vn -1.6258238534526512 -6.0593214486511018 -0.2170952972838997
v -0.0107870595529675 -0.0395665690302849 -0.0336264297366142
vn -1.1734189333822045 -6.1617917077207247 -0.2343068473797880
v -0.0077869892120361 -0.0402565002441406 -0.0336207114160061
vn -1.0741926970659852 -6.1735657592893407 -0.3849242791347399
v -0.0074092140421271 -0.0399542413651943 -0.0407922789454460
vn -0.7126184484025855 -6.2310840651159358 -0.2461584655854505
v -0.0047370190732181 -0.0407224781811237 -0.0336167216300964
vn -0.6496817370878840 -6.2301554071447249 -0.4141835602468821
v -0.0045032501220703 -0.0403605103492737 -0.0407932400703430
vn -0.2471533073991436 -6.2662036494563171 -0.2532707640978095
v -0.0016520019853488 -0.0409610196948051 -0.0336146913468838
vn -0.2236690346610546 -6.2583558888746733 -0.4306533445853368
v -0.0015693899476901 -0.0405678115785122 -0.0407937094569206
vn -2.9657613234606801 -5.5361807265950507 -0.0467202840574698
v -0.0204827096313238 -0.0352951213717461 -0.0439972206950188
vn -2.5743424754255533 -5.7268469618715283 -0.1503834576947923
v -0.0179510693997145 -0.0365419909358025 -0.0439979992806911
vn -2.1808494144426867 -5.8845938626986252 -0.2473139766700039
v -0.0153397899121046 -0.0376129113137722 -0.0439985282719135
vn -1.7626981549424039 -6.0170984335035724 -0.3476478644886439
v -0.0126620503142476 -0.0385075807571411 -0.0439990088343620
vn -4.1425931511562073 -4.7235445022594824 0.0522642300512724
v -0.0277570392936468 -0.0304055195301771 -0.0186249595135450
vn -4.4372506416599506 -4.4315019808284575 0.0218808743393296
v -0.0291680600494146 -0.0291680600494146 -0.0186249595135450
vn -4.5927733371593558 -4.2787000008026412 -0.0381298043201583
v -0.0300264302641153 -0.0282531902194023 -0.0224460903555155
vn -4.7260324763149839 -4.1401815243655751 0.0308465186126703
v -0.0300415102392435 -0.0281721893697977 -0.0186249595135450
vn -4.8828631577894726 -3.9441717710335169 -0.0503440886321817
v -0.0321277305483818 -0.0258332397788763 -0.0224642697721720
vn -4.7239087984834525 -4.1427255021980498 0.0215499377620933
v -0.0321599207818508 -0.0257565900683403 -0.0186249595135450
vn -4.9714085381824225 -3.8220978055964761 0.0145649649486802
v -0.0327258110046387 -0.0251113101840019 -0.0186249595135450
vn -5.1919543471007970 -3.5276305224644178 -0.0595045938639315
v -0.0340406782925129 -0.0232487302273512 -0.0224833991378546
vn -5.2239982085772070 -3.4905186242224522 0.0476313063629118
v -0.0340385399758816 -0.0231466200202703 -0.0186249595135450
vn -5.4383624327581304 -3.1205011916025605 -0.0025724188143645
v -0.0357234403491020 -0.0206249896436930 -0.0186249595135450
vn -5.4518998514076005 -3.1098610907259459 -0.0885715513170123
v -0.0357524715363979 -0.0205115601420403 -0.0225036107003689
vn -5.6280176129667634 -2.7934104041855075 -0.0030554755219463
v -0.0358129106462002 -0.0204436704516411 -0.0186249595135450
vn -5.6735485443771747 -2.6830069101554272 -0.0876289616711795
v -0.0372503288090229 -0.0176340900361538 -0.0225246492773294
vn -5.6350442012780002 -2.7788302432964107 0.0374547650654679
v -0.0372511111199856 -0.0175273995846510 -0.0186249595135450
vn -5.7953417226277910 -2.3944179981842106 0.0049427589893276
v -0.0381099507212639 -0.0157856903970242 -0.0186249595135450
vn -5.8803541556511600 -2.1902589524804039 -0.1037869465057110
v -0.0385224781930447 -0.0146295996382833 -0.0225464105606079
vn -5.9511699090879357 -2.0153700943238344 0.0104150728387233
v -0.0385363101959229 -0.0145295197144151 -0.0186249595135450
vn -6.0229898543195599 -1.7573495953694476 -0.1283831327202693
v -0.0395581088960171 -0.0115139996632934 -0.0225688200443983
vn -5.9497543732034766 -2.0196127372388943 -0.0014650207983362
v -0.0395944714546204 -0.0114126196131110 -0.0186249595135450
vn -6.0548668842096038 -1.6279615117735888 -0.0081344754239407
v -0.0398443900048733 -0.0106762601062655 -0.0186249595135450
vn -6.1490735283113240 -1.2434493318988415 -0.1524037978197759
v -0.0403468012809753 -0.0083037009462714 -0.0225917603820562
vn -6.1623647568599154 -1.2257895210933503 0.0236575895111480
v -0.0403389297425747 -0.0081901550292969 -0.0186249595135450
vn -6.2173564963558698 -0.8037344081013522 -0.0232734570679942
v -0.0408970713615417 -0.0053841471672058 -0.0186249595135450
vn -6.2290471417376745 -0.7306449878291705 -0.1894545897138048
v -0.0408780500292778 -0.0050146570429206 -0.0226153098046780
vn -6.2690326017232563 -0.4198150062249791 -0.0242123935571791
v -0.0409283004701138 -0.0049073100090027 -0.0186249595135450
vn -6.2651271565502622 -0.2296250520457216 -0.2113511383318115
v -0.0411439500749111 -0.0016138550126925 -0.0226395092904568
vn -6.2697262605006188 -0.4110354934194539 -0.0001722320095781
v -0.0411520004272461 -0.0014943480491638 -0.0186249595135450
vn -6.2691754858330313 0.0011926105182301 -0.0262785653614369
v -0.0412499904632568 0.0000000000000000 -0.0186249595135450
vn -6.2560381782101580 0.3590483529548227 -0.2532666277394697
v -0.0411103293299675 0.0021079180296510 -0.0226651392877102
vn -5.8914094617403325 2.1070336859255878 -0.3708095448224539
v -0.0387402698397636 0.0138006201013923 -0.0227476898580790
vn -6.0675279700637281 1.5349097803055380 -0.3342379018737462
v -0.0398905202746391 0.0100521398708224 -0.0227201506495476
vn -6.0546837460387515 1.6170277358780254 -0.0633917155057633
v -0.0398443900048733 0.0106762601062655 -0.0186249595135450
vn -6.2697281218254206 0.4110046242498675 -0.0010846751834583
v -0.0411038286983967 0.0022283790167421 -0.0186249595135450
vn -6.2132354475931715 0.8269989102001968 -0.0458956273891214
v -0.0408970713615417 0.0053841471672058 -0.0186249595135450
vn -6.1861006161638166 0.9716067634593464 -0.2912279678383959
v -0.0407017990946770 0.0060729379765689 -0.0226923208683729
vn -6.1613648459281896 1.2293727289225798 -0.0479724089762054
v -0.0407342314720154 0.0062028160318732 -0.0186249595135450
vn -6.1619365189745228 1.2255942893780449 -0.0586748972660944
v -0.0399392805993557 0.0101991202682257 -0.0186249595135450
vn -5.6646460080143175 2.7009679013698427 -0.1097265405189921
v -0.0374346300959587 0.0173262897878885 -0.0186249595135450
vn -5.6988925269025286 2.6253016900329729 -0.2461235162983127
v -0.0373543500900269 0.0171271506696939 -0.0227723103016615
vn -5.8397386790136601 2.2928224063979692 -0.0919492351341679
v -0.0381099507212639 0.0157856903970242 -0.0186249595135450
vn -5.9495757290322313 2.0196506759872443 -0.0314252530150276
v -0.0387367606163025 0.0139392595738173 -0.0186249595135450
vn -6.0357106033397780 1.5473974290687091 -0.6816019751076524
v -0.0396791100502014 0.0095819830894470 -0.0266360603272915
vn -5.9884627929083365 1.5487719600816601 -1.0115583232541763
v -0.0393598601222038 0.0087757697328925 -0.0303800702095032
vn -6.1687904405577889 0.9522789575879598 -0.5866162639828874
v -0.0404856204986572 0.0056453938595951 -0.0265972595661879
vn -6.1367503551889442 0.9564272110448273 -0.8543831047401439
v -0.0401588603854179 0.0049139261245728 -0.0303437691181898
vn -6.2417238744466408 0.3540408550481266 -0.4994016760355323
v -0.0408922396600246 0.0017212029779330 -0.0265592895448208
vn -6.2212327628279507 0.3570331226831628 -0.7110522658171741
v -0.0405627414584160 0.0010610220488161 -0.0303080007433891
vn -6.2558610743189922 -0.2144501764270147 -0.4242117402857693
v -0.0409259200096130 -0.0019660589750856 -0.0265233498066664
vn -6.2428969712342672 -0.2157881969162830 -0.5886947400725022
v -0.0405968986451626 -0.0025668740272522 -0.0302739702165127
vn -6.2205174476628704 -0.7463361527638841 -0.3603527382287416
v -0.0406609103083611 -0.0053384900093079 -0.0264891292899847
vn -6.2115602216236425 -0.7536507474351861 -0.4863558060935601
v -0.0403331518173218 -0.0058920378796756 -0.0302414204925299
vn -6.1421657562008010 -1.2538584864288620 -0.3054789788961945
v -0.0401310883462429 -0.0086007714271545 -0.0264559295028448
vn -6.1345110956950997 -1.2675607859507141 -0.4001111430031856
v -0.0398044511675835 -0.0091097345575690 -0.0302097201347351
vn -6.0233067132444171 -1.7470245629060683 -0.2579972362880057
v -0.0393442511558533 -0.0117847295477986 -0.0264233890920877
vn -6.0148251873971343 -1.7667155253203808 -0.3273581020193695
v -0.0390190407633781 -0.0122494604438543 -0.0301784798502922
vn -5.8655836810194275 -2.2252878573801924 -0.2175556899906082
v -0.0383109413087368 -0.0148739200085402 -0.0263916198164225
vn -5.8546241138558166 -2.2502875074187583 -0.2675502840447881
v -0.0379874706268311 -0.0152946701273322 -0.0301480796188116
vn -5.6704373026697992 -2.6870828561908811 -0.1836869664898734
v -0.0370418988168240 -0.0178523603826761 -0.0263607501983643
vn -5.6560693390752057 -2.7159561495047075 -0.2196854254857236
v -0.0367208085954189 -0.0182289406657219 -0.0301185809075832
vn -5.4399386042108198 -3.1295382403304490 -0.1558576883730289
v -0.0355480909347534 -0.0207040905952454 -0.0263309404253960
vn -5.4217787240466988 -3.1606628492376485 -0.1824019088092278
v -0.0352307483553886 -0.0210366193205118 -0.0300900302827358
vn -5.1769326903560291 -3.5490044838968418 -0.1336834286792654
v -0.0338415503501892 -0.0234156195074320 -0.0263023301959038
vn -5.1547831668271940 -3.5812186319570269 -0.1549373076174925
v -0.0335298106074333 -0.0237042307853699 -0.0300625506788492
vn -4.8837816823515983 -3.9434414702827958 -0.1167392262611133
v -0.0319349691271782 -0.0259750392287970 -0.0262750294059515
vn -4.8576552833598603 -3.9757438898170889 -0.1364239259590470
v -0.0316309295594692 -0.0262200795114040 -0.0300363302230835
vn -4.5617790094968331 -4.3122531903399901 -0.1045086513555294
v -0.0298413597047329 -0.0283704400062561 -0.0262492801994085
vn -4.5322151700441324 -4.3434346597947622 -0.1254714738976463
v -0.0295472703874111 -0.0285723805427551 -0.0300116501748562
vn -4.2123207352317467 -4.6543902417457090 -0.0962298321261073
v -0.0275738202035427 -0.0305896401405334 -0.0262251403182745
vn -4.1803302586813817 -4.6831619711837078 -0.1205101661707663
v -0.0272925402969122 -0.0307494401931763 -0.0299884006381035
vn -3.7938760742102824 -5.0005000716189194 -0.1265393421948970
v -0.0248809996992350 -0.0327402912080288 -0.0299669504165649
vn 3.2469042370547845 -5.3706408249333091 -0.1586150672390096
v 0.0214126706123352 -0.0348984487354755 -0.0373130999505520
vn 3.1413519923925928 -5.4353560573210196 -0.1040103780889108
v 0.0209216400980949 -0.0350965186953545 -0.0407817885279655
vn -6.2038529059892662 -0.7643008226340241 -0.5668771368627293
v -0.0399225912988186 -0.0066865677945316 -0.0338669382035732
vn -6.1999595574326234 -0.7800201974620017 -0.5909235336409243
v -0.0394571982324123 -0.0077460999600589 -0.0373696610331535
vn -6.1273309657838455 -1.2898458985557668 -0.4447375568492440
v -0.0393941402435303 -0.0098419180139899 -0.0338453017175198
vn -6.1221529860175528 -1.3245905761957832 -0.4215802567989699
v -0.0389268286526203 -0.0108204996213317 -0.0373635813593864
vn -6.0046417712636551 -1.7998991318567579 -0.3445300740652041
v -0.0386081300675869 -0.0129199000075459 -0.0338240191340446
vn -5.9927007101464227 -1.8516856187683677 -0.2860744751231836
v -0.0381369516253471 -0.0138177797198296 -0.0373576804995537
vn -5.8390185228943645 -2.2925446718596794 -0.2651310826358609
v -0.0375755988061428 -0.0159027501940727 -0.0338033400475979
vn -5.8168105497562816 -2.3582497925607613 -0.1829519189556410
v -0.0370991192758083 -0.0167191606014967 -0.0373518392443657
vn -5.6338232164036581 -2.7644761554787642 -0.2048350047328685
v -0.0363085195422173 -0.0187743902206421 -0.0337830707430840
vn -5.5996847594469834 -2.8400485211999627 -0.1100047307533010
v -0.0358267389237881 -0.0195080004632473 -0.0373462401330471
vn -5.3922709864340739 -3.2131259978980866 -0.1616964156084509
v -0.0348197184503078 -0.0215189401060343 -0.0337635204195976
vn -5.3459665054243706 -3.2945336166657242 -0.0636955081311612
v -0.0343338809907436 -0.0221683308482170 -0.0373407602310181
vn -5.1179812128421194 -3.6355402008971751 -0.1339117849501024
v -0.0331221781671047 -0.0241230092942715 -0.0337448082864285
vn -5.0601675471663796 -3.7191708422357839 -0.0405273326076354
v -0.0326350294053555 -0.0246872901916504 -0.0373355112969875
vn -4.8141979061666422 -4.0297570345079921 -0.1194578408413968
v -0.0312295500189066 -0.0265751406550407 -0.0337268710136414
vn -4.7461894733995020 -4.1124679252766398 -0.0371314534581011
v -0.0307449605315924 -0.0270535293966532 -0.0373304411768913
vn -4.4833059069998908 -4.3949949500845058 -0.1159562364086686
v -0.0291558504104614 -0.0288643203675747 -0.0337099395692348
vn -4.4072081204121449 -4.4737101654541673 -0.0497693295618199
v -0.0286789499223232 -0.0292566400021315 -0.0373256802558899
vn -4.1275118080280349 -4.7304912356111419 -0.1209417345200472
v -0.0269156005233526 -0.0309792701154947 -0.0336939617991447
vn -4.0460880128865586 -4.8023694505678218 -0.0741981295342995
v -0.0264524798840284 -0.0312869511544704 -0.0373211987316608
vn -3.7440759312293390 -5.0389269756441726 -0.1231532314201143
v -0.0245235506445169 -0.0329099185764790 -0.0336792394518852
vn -3.6663097237203752 -5.0975082469194426 -0.1066682137169189
v -0.0240811090916395 -0.0331357084214687 -0.0373170301318169
vn -6.1996046329288745 -0.8080476138370193 -0.5528092629112615
v -0.0389634296298027 -0.0091516971588135 -0.0407330282032490
vn -6.1161269164824308 -1.3814387158813399 -0.3160636171454126
v -0.0384280607104301 -0.0121217900887132 -0.0407383404672146
vn -5.9726075537992793 -1.9334208956101686 -0.1314824462424800
v -0.0376292392611504 -0.0150146996602416 -0.0407434701919556
vn -5.7780221568141918 -2.4595962833524796 0.0028735251518661
v -0.0365794301033020 -0.0178101006895304 -0.0407484099268913
vn -5.5410428250390193 -2.9543523214788636 0.0904347262932705
v -0.0352940484881401 -0.0204905197024345 -0.0407534204423428
vn -5.2683261548814588 -3.4158743875814950 0.1371470211059423
v -0.0337893292307854 -0.0230403505265713 -0.0407581292092800
vn -4.9656249617572454 -3.8424768983748061 0.1489464644683443
v -0.0320817790925503 -0.0254465900361538 -0.0407626591622829
vn -4.6375603013013862 -4.2333499470217362 0.1320615458149147
v -0.0301880203187466 -0.0276986304670572 -0.0407670103013515
vn -4.2881970209598128 -4.5879665983112714 0.0926290374216993
v -0.0281249191612005 -0.0297870598733425 -0.0407710596919060
vn -3.9210677769002276 -4.9061849617772939 0.0371970477304578
v -0.0259094797074795 -0.0317043587565422 -0.0407749414443970
vn -3.5394106892410511 -5.1882644510367744 -0.0281876322042265
v -0.0235581900924444 -0.0334439799189568 -0.0407783910632133
vn -5.9213783483449101 1.5588335942178102 -1.3334718554143898
v -0.0389598608016968 0.0076147909276187 -0.0339600406587124
vn -5.8476148951209863 1.5799439283146675 -1.6096269609241101
v -0.0385059714317322 0.0060635800473392 -0.0373952314257622
vn -6.0943813778879194 0.9693968771944569 -1.1030232484801468
v -0.0397492609918118 0.0038632149808109 -0.0339358411729336
vn -6.0515674781733146 0.9911178101538155 -1.3042362022984713
v -0.0392841100692749 0.0024614930152893 -0.0373887382447720
vn -6.1971043041387741 0.3662896247186273 -0.8929720919183849
v -0.0401500985026360 0.0001147169969045 -0.0339119993150234
vn -6.1762381051950079 0.3802564058952559 -1.0246016177472377
v -0.0396820902824402 -0.0011456010397524 -0.0373821184039116
vn -6.2300066972904489 -0.2152857352811887 -0.7145038557897102
v -0.0401852093636990 -0.0034276840742677 -0.0338889285922050
vn -6.2205114317306496 -0.2155074453235184 -0.7937723550454538
v -0.0397190414369106 -0.0045738220214844 -0.0373758003115654
vn -5.7786026534735520 1.5912386013666826 -1.8317882237136254
v -0.0382672511041164 0.0051100249402225 -0.0390760302543640
vn -6.0125092544329677 1.0058685904960740 -1.4612664880188606
v -0.0390393100678921 0.0016000269679353 -0.0390779897570610
vn -6.1587874681673647 0.3888715447081764 -1.1171835319860417
v -0.0394360981881618 -0.0019201040267944 -0.0390800200402737
vn -6.2122808545547965 -0.2135053531527662 -0.8469225854586957
v -0.0392252206802368 -0.0060912370681763 -0.0407277308404446
vn -6.2023406547216569 -0.8625772645040350 -0.4199917145196174
v -0.0384500585496426 -0.0110088502988219 -0.0439838692545891
vn -6.0997130360452054 -1.4803845356205576 -0.1187588000313694
v -0.0379022285342216 -0.0138490200042725 -0.0439854189753532
vn -5.9278426735041867 -2.0669669721062247 0.1121086044979419
v -0.0370831415057182 -0.0166103206574917 -0.0439869090914726
vn -5.7014836496231363 -2.6178222503183939 0.2693569849789755
v -0.0360074006021023 -0.0192698203027248 -0.0439883396029472
vn -5.4339266599313785 -3.1273375083738113 0.3594938635457517
v -0.0346941314637661 -0.0218098703771830 -0.0439897105097771
vn -5.1343532704245698 -3.5950470785804605 0.3929360072350513
v -0.0331629514694214 -0.0242142602801323 -0.0439910218119621
vn -4.8097215156985822 -4.0205661450202390 0.3799624580935957
v -0.0314337015151978 -0.0264714900404215 -0.0439923405647278
vn -4.4652060910056930 -4.4042195575124827 0.3307733935332524
v -0.0295261107385159 -0.0285719595849514 -0.0439935289323330
vn -4.1053370581011164 -4.7462945640834944 0.2551639861131075
v -0.0274594407528639 -0.0305084493011236 -0.0439946018159389
vn -3.7337271796383162 -5.0477872919246582 0.1619975008369053
v -0.0252519194036722 -0.0322766900062561 -0.0439955517649651
vn -3.3530274695724889 -5.3104686979473277 0.0592052482259305
v -0.0229212604463100 -0.0338728986680508 -0.0439965091645718
vn -6.2443924424869746 -0.2651422201330396 -0.6143150312031094
v -0.0381864309310913 -0.0106451502069831 -0.0475652813911438
vn -6.2170325503996509 -0.2205862000880689 -0.8069632167678454
v -0.0387139283120632 -0.0080882310867310 -0.0439823195338249
vn -5.3760098538471546 2.1147084267657132 -2.4300293343314445
v -0.0369380712509155 0.0072400560602546 -0.0407052002847195
vn -5.0843410432623690 2.5481430707760113 -2.6583938404036291
v -0.0356190204620361 0.0101498896256089 -0.0406836196780205
vn -4.9472886712064801 2.5350813897836080 -2.8884711327551447
v -0.0355636402964592 0.0098451366648078 -0.0410820804536343
vn -5.9713872879237879 1.0193002833915357 -1.6072154500442053
v -0.0387896187603474 0.0006087290239520 -0.0407163985073566
vn -5.7144741159993409 1.5978526933015833 -2.0176522164645490
v -0.0380240604281425 0.0040134191513062 -0.0407106801867485
vn -5.6465649263050235 1.6339460087539757 -2.1756399018705568
v -0.0377764701843262 0.0027568340301514 -0.0423269793391228
vn -5.2554330292200362 2.1327877503305408 -2.6689638570126819
v -0.0367003604769707 0.0058745741844177 -0.0423224493861198
vn -6.1229831730291284 0.4370305008316395 -1.2705404490743144
v -0.0386697016656399 -0.0050019621849060 -0.0439805313944817
vn -6.1366786635671025 0.4072619724397505 -1.2179372821848169
v -0.0391854010522366 -0.0028123250231147 -0.0407221913337708
vn -5.9489483553483442 0.9927764249294405 -1.7224211738164017
v -0.0382753014564514 -0.0018222329672426 -0.0439786911010742
vn -5.7698629185312136 1.3801453469381473 -2.0496126877360803
v -0.0379429385066032 -0.0002362880040891 -0.0439776703715324
vn -5.5721484091659725 1.6634743697008616 -2.3658244600873335
v -0.0375243388116360 0.0013259049737826 -0.0439767800271511
vn -4.8097561638764343 2.5334777475984458 -3.1365159661402982
v -0.0353923402726650 0.0086862435564399 -0.0422870516777039
vn -4.9448260442518350 2.3952551927127574 -3.0332871224056537
v -0.0358305498957634 0.0057275891304016 -0.0439742803573608
vn -5.1946525973320519 2.1170724558218943 -2.8076510094664315
v -0.0364590212702751 0.0043197269551456 -0.0439751110970974
vn -5.3794172655743182 1.9674374936029131 -2.5620995949275822
v -0.0370269417762756 0.0028494000434875 -0.0439758300781250
vn 0.8054682511558262 6.2047296142733828 -0.1821242443429023
v 0.0053841471672058 0.0408970713615417 -0.0186249595135450
vn 0.8841347135016767 6.1675623164451681 -0.6529185260651309
v 0.0057524438016117 0.0405927784740925 -0.0229982696473598
vn 0.5549512297140229 6.2207312750927555 -0.1588625487003131
v 0.0029022688977420 0.0410849414765835 -0.0208604894578457
vn 1.2135683162669983 6.1612506042358719 -0.1488534411445785
v 0.0057586431503296 0.0408224985003471 -0.0186249595135450
vn 1.2252793068938497 6.1602772176891500 -0.1184836856879773
v 0.0085903396829963 0.0402593016624451 -0.0186249595135450
vn 1.2771088990953283 6.0993413671569616 -0.6454601318502078
v 0.0085908174514771 0.0400911495089531 -0.0229921303689480
vn 1.5926330828926114 6.0593146400410109 -0.0883915027083168
v 0.0106762601062655 0.0398443900048733 -0.0186249595135450
vn 4.1420542347579090 4.7229838874795158 -0.0871993960550910
v 0.0277555491775274 0.0304068904370070 -0.0186249595135450
vn 4.2041763348960277 4.6064578715344462 -0.5747217721937072
v 0.0277540609240532 0.0302507206797600 -0.0228884201496840
vn 4.1321187494317009 4.7302018513096895 -0.1199399924269543
v 0.0253459792584181 0.0325199887156487 -0.0186249595135450
vn 3.8403567767880524 4.9221497858261847 -0.5477853910684449
v 0.0253090206533670 0.0323112010955811 -0.0229084994643927
vn 3.8204143628082941 4.9618909181627942 -0.1262756756772166
v 0.0251113101840019 0.0327258110046387 -0.0186249595135450
vn 3.4451920472518163 5.2039237040752395 -0.5592520343024173
v 0.0227308794856071 0.0341625213623047 -0.0229272805154324
vn 3.4899434995011092 5.2231455659713424 -0.0933930741277051
v 0.0227267704904079 0.0343191586434841 -0.0186249595135450
vn 3.1203857109219149 5.4290213648521108 -0.1317485870496100
v 0.0206249896436930 0.0357234403491020 -0.0186249595135450
vn 5.6308058333047102 2.7857618022845214 -0.0767374360979239
v 0.0359499417245388 0.0201657395809889 -0.0186249595135450
vn 5.6347866332867227 2.7787854687442053 -0.0545411665119003
v 0.0374662205576897 0.0170910302549601 -0.0186249595135450
vn 5.6830355544508757 2.6100998444256520 -0.4122444959042940
v 0.0374569185078144 0.0169470906257629 -0.0227719508111477
vn 4.4288035749151158 4.4301080240157669 -0.1039185827159545
v 0.0291680600494146 0.0291680600494146 -0.0186249595135450
vn 4.5645719690626230 4.2512330746980069 -0.5517860155812155
v 0.0300521794706583 0.0279851499944925 -0.0228670202195644
vn 4.8254047728425036 3.8613233129509199 -1.0475326475785338
v 0.0320143103599548 0.0248979292809963 -0.0268089696764946
vn 5.1271101696722026 3.4534054889316304 -1.0243594399494120
v 0.0339629612863064 0.0222589299082756 -0.0267764907330275
vn 0.0099565423397714 5.1581794990335066 -3.5867053694575062
v 0.0000000000000000 0.0368789397180080 -0.0341667495667934
vn 0.3175293737628945 5.1847930900964077 -3.5097403364960864
v 0.0028309819754213 0.0368317887187004 -0.0341996513307095
vn 0.7123183940969289 5.1755167725466880 -3.4692332856257342
v 0.0056234002113342 0.0365459881722927 -0.0341964289546013
vn 2.8031454271445626 5.6204640618215995 -0.1194523281731292
v 0.0200567804276943 0.0360036417841911 -0.0186249595135450
vn 3.0209954257237377 5.4575672743998620 -0.5885253094412194
v 0.0200336501002312 0.0358009897172451 -0.0229443293064833
vn 3.4136567162637608 5.1598525834416220 -1.0243646145090999
v 0.0226776003837585 0.0338697396218777 -0.0249613504856825
vn 3.8179706097628152 4.8770033972852556 -0.9781611995690854
v 0.0252496600151062 0.0320265814661980 -0.0249377395957708
vn 4.1497157890972254 4.5404298545546675 -1.2029622161226814
v 0.0276021901518106 0.0295832101255655 -0.0268697105348110
vn 4.4926166196080084 4.2241619231910086 -1.1199140814061370
v 0.0298887398093939 0.0273405890911818 -0.0268401503562927
vn 4.4250953030462288 4.1715474762381408 -1.5343136081233693
v 0.0297735296189785 0.0268465206027031 -0.0287341997027397
vn 4.7730945359145132 3.8099063934134136 -1.4263442058812781
v 0.0318920016288757 0.0244226399809122 -0.0287029705941677
vn 4.6904181258995008 3.7799107911845562 -1.7469878507371777
v 0.0317494794726372 0.0238327905535698 -0.0305421296507120
vn 5.0181385489351236 3.3938971248752852 -1.6003389454791312
v 0.0336851403117180 0.0212378501892090 -0.0305116698145866
vn 5.4293751999746274 3.1268734651864101 -0.0857733129928114
v 0.0357234403491020 0.0206249896436930 -0.0186249595135450
vn 5.4545858821771827 3.0513008511415203 -0.4558398599002360
v 0.0359084010124207 0.0199953299015760 -0.0227968003600836
vn 5.3963255378356862 3.0398558027267089 -0.9516145160446521
v 0.0357173606753349 0.0194276496767998 -0.0267426893115044
vn 5.6458368954130016 2.5808524712515695 -0.8625715007624748
v 0.0372588001191616 0.0164075996726751 -0.0267078801989555
vn 5.5655612463829236 2.5643031341969400 -1.3131157569970835
v 0.0369595214724541 0.0154807502403855 -0.0304474197328091
vn 5.8031224852632786 2.0654060084322992 -1.1575160299266076
v 0.0383083187043667 0.0121916504576802 -0.0304133798927069
vn 5.7262665981267649 2.0642710955304757 -1.5025753848288113
v 0.0379207693040371 0.0109364902600646 -0.0339820906519890
vn 5.9404864637962724 1.5155100952680987 -1.3078732238152546
v 0.0390219613909721 0.0073757171630859 -0.0339584313333035
vn 5.7875260517666058 2.4040144974249458 -0.0651970455911771
v 0.0381099507212639 0.0157856903970242 -0.0186249595135450
vn 5.9496014437783691 2.0196601684456463 -0.0285470824914876
v 0.0388161502778530 0.0137054296210408 -0.0186249595135450
vn 5.9024362673271717 2.0753741324163664 -0.3743598968259956
v 0.0388230010867119 0.0135687496513128 -0.0227458402514458
vn 6.0544109331957365 1.6192541259218625 -0.0597855543806271
v 0.0398443900048733 0.0106762601062655 -0.0186249595135450
vn 6.1930643208533844 0.9285475470298734 -0.2897227107208838
v 0.0407404787838459 0.0058127641677856 -0.0226905308663845
vn 6.1620261579748270 1.2255555576125639 -0.0540762889485354
v 0.0407856702804565 0.0059443712234497 -0.0186249595135450
vn 6.2126961243822389 0.8290167370331611 -0.0494525232601113
v 0.0408970713615417 0.0053841471672058 -0.0186249595135450
vn 6.1429697072575289 -1.2728971310795725 -0.1528979314813942
v 0.0403032787144184 -0.0085145225748420 -0.0225902702659369
vn 6.1623719598513818 -1.2258004669351297 0.0224177806925088
v 0.0402968488633633 -0.0084018111228943 -0.0186249595135450
vn 6.0553981692365833 -1.6263663539682343 -0.0060454084980934
v 0.0398443900048733 -0.0106762601062655 -0.0186249595135450
vn 6.2688510806542492 -0.4234845559530504 -0.0081006004850314
v 0.0411369204521179 -0.0017243620241061 -0.0186249595135450
vn 6.2694823625610345 -0.4101865415825966 -0.0435957051775948
v 0.0409140512347221 -0.0051240921020508 -0.0186249595135450
vn 6.2256183943844530 -0.7564734504361377 -0.1787164886491928
v 0.0408516488969326 -0.0052300691604614 -0.0226137600839138
vn 6.2174674599149524 -0.8005070988317138 -0.0274410725628304
v 0.0408970713615417 -0.0053841471672058 -0.0186249595135450
vn 6.2581543806261797 0.3236415070045612 -0.2507252986243268
v 0.0411233901977539 0.0018572210101411 -0.0226634107530117
vn 6.2697266209271385 0.4109966811717166 -0.0037403975393638
v 0.0411203503608704 0.0019770860671997 -0.0186249595135450
vn 6.2692240589895745 0.0024607938453141 -0.0255577737806996
v 0.0412499904632568 0.0000000000000000 -0.0186249595135450
vn 6.0469647881676680 1.5086239868684823 -0.6728566510643266
v 0.0397427603602409 0.0093311071395874 -0.0266335606575012
vn 6.0779258721232665 1.4950803376379587 -0.3300054160817880
v 0.0399545989930630 0.0097985258325934 -0.0227183606475592
vn 6.1623296323489027 1.2243975440407457 -0.0497885179535015
v 0.0399904213845730 0.0099421143531799 -0.0186249595135450
vn 6.1454947986086079 0.9155496999889814 -0.8415515029124593
v 0.0401970706880093 0.0046613807789981 -0.0303413793444633
vn 6.1759885225540732 0.9121960533529975 -0.5787589797045803
v 0.0405241213738918 0.0053880210034549 -0.0265946891158819
vn 5.8677804900124402 -2.2235295431143891 -0.1105323348956005
v 0.0384470187127590 -0.0148279601708055 -0.0225449800491333
vn 5.9497359684076034 -2.0196279475178014 0.0090651096899056
v 0.0384679995477200 -0.0147309796884656 -0.0186249595135450
vn 5.7959478321013069 -2.3927593967950642 0.0036433204942823
v 0.0381099507212639 -0.0157856903970242 -0.0186249595135450
vn 4.7237973223855922 -4.1427679915891380 0.0285574415471873
v 0.0320222303271294 -0.0259135905653238 -0.0186249595135450
vn 4.7237816000622761 -4.1427880268923536 0.0284107848862325
v 0.0299042407423258 -0.0283286496996880 -0.0186249595135450
vn 4.5695735894298410 -4.3032472648199231 -0.0465299993502967
v 0.0298838000744581 -0.0284043494611979 -0.0224449597299099
vn 4.4388342941426968 -4.4298278532875459 0.0206884491641264
v 0.0291680600494146 -0.0291680600494146 -0.0186249595135450
vn 5.1755529821806894 -3.5512086149878987 -0.0634654717140757
v 0.0339225493371487 -0.0234211608767509 -0.0224822107702494
vn 5.2240231415957510 -3.4905338738987837 0.0456684911774954
v 0.0339220091700554 -0.0233210306614637 -0.0186249595135450
vn 4.9728113237152680 -3.8204255589119844 0.0163366719522203
v 0.0327258110046387 -0.0251113101840019 -0.0186249595135450
vn 4.1297254395186798 -4.7349897203445073 0.0373940149892799
v 0.0276008807122707 -0.0305425506085157 -0.0186249595135450
vn 4.1424418345729803 -4.7242312676289675 -0.0106317091256589
v 0.0251978598535061 -0.0326499305665493 -0.0186249595135450
vn 3.8460222469471628 -4.9604194974015590 -0.0345538347435992
v 0.0251465402543545 -0.0326778814196587 -0.0224123001098633
vn 3.8312368823333118 -4.9638478535474135 0.0076570573473301
v 0.0251113101840019 -0.0327258110046387 -0.0186249595135450
vn 6.2023916337335709 0.3240189001537881 -0.8769675588895302
v 0.0401630401611328 -0.0001230689958902 -0.0339104495942593
vn 6.2250289661054570 0.3166238944560583 -0.7002909562565515
v 0.0405757389962673 0.0008171040099114 -0.0303057990968227
vn 6.2445800075457214 0.3148947329246506 -0.4929313615483618
v 0.0409051105380058 0.0014728900277987 -0.0265568401664495
vn 6.2221973459499926 -0.2567791297059278 -0.7706165948108198
v 0.0397103391587734 -0.0047871470451355 -0.0373754501342773
vn 6.2300423794471245 -0.2555613091891650 -0.7022628847471462
v 0.0401763916015625 -0.0036473269574344 -0.0338875614106655
vn 6.2423433473339092 -0.2540232592859904 -0.5805085432656832
v 0.0405880212783813 -0.0027912249788642 -0.0302717592567205
vn 6.2549248119532130 -0.2511344283495928 -0.4194099009453837
v 0.0409168601036072 -0.0021937480196357 -0.0265210196375847
vn 6.2630638482867962 -0.2756476214289472 -0.1958780745324834
v 0.0411348901689053 -0.0018436310347170 -0.0226378999650478
vn 0.0060831424553661 4.9382617448146267 -3.8517078694875719
v 0.0000000000000000 0.0357445403933525 -0.0358193516731262
vn 0.3123826500537783 4.9182286760894911 -3.8775730238075767
v 0.0028148880228400 0.0356274209916592 -0.0358465909957886
vn 0.6651537035849565 4.8903592677356640 -3.8706391055689897
v 0.0055932397954166 0.0353459082543850 -0.0358446203172207
vn 1.0012236058834862 4.8609358718384144 -3.8351761028521301
v 0.0083561530336738 0.0348768197000027 -0.0358412191271782
vn 0.6143449413628783 4.5872725794107767 -4.2352022533378921
v 0.0055618882179260 0.0339649282395840 -0.0374585315585136
vn 0.9263669218293080 4.5665751441776088 -4.2005572448460260
v 0.0083103170618415 0.0335041806101799 -0.0374571606516838
vn 0.8497086422321827 4.2682489421965473 -4.5205890742577779
v 0.0082637071609497 0.0319269783794880 -0.0390576682984829
vn 0.5626187666763439 4.2821375815405363 -4.5523860561156084
v 0.0055299401283264 0.0323781296610832 -0.0390572510659695
vn 0.2666169333188360 4.2779083097411297 -4.5823822511131072
v 0.0027809729799628 0.0326487384736538 -0.0390569493174553
vn 1.6178472012321097 3.8601939497661277 -4.6706965844156390
v 0.0163816194981337 0.0276456996798515 -0.0406659208238125
vn 1.3158203873953427 3.8927943471991586 -4.7389709309190033
v 0.0136671001091599 0.0286716204136610 -0.0406637117266655
vn 1.0331211138066254 3.9115706121277460 -4.7938057029334775
v 0.0109352404251695 0.0294939205050468 -0.0406619906425476
vn 0.7643949518345354 3.9241305528623673 -4.8341348262347639
v 0.0082170963287354 0.0301177501678467 -0.0406606085598469
vn 0.5054902891780919 3.9320971104604756 -4.8618073372176163
v 0.0054978132247925 0.0305578093975782 -0.0406595990061760
vn 3.3665007586893299 5.0994406836177752 -1.4085926251068042
v 0.0226057693362236 0.0334534607827663 -0.0269231703132391
vn 3.7560820553025374 4.8386042249893055 -1.3443736986951191
v 0.0251697804778814 0.0316220484673977 -0.0268974900245667
vn 3.6903636822261214 4.7674376150175704 -1.7257967064158470
v 0.0250713806599379 0.0310937706381083 -0.0287916604429483
vn 4.0666417543541540 4.4861777088028933 -1.6335482280260938
v 0.0274947807192802 0.0290714502334595 -0.0287638902664185
vn 3.9809607611468198 4.4141127344030711 -1.9995255645687176
v 0.0273693203926086 0.0284365396946669 -0.0305986404418945
vn 4.3443256654313167 4.1161256457520015 -1.8762225960599948
v 0.0296389404684305 0.0262336097657681 -0.0305711608380079
vn 4.2430400660634255 4.0494331885825066 -2.2214511979675695
v 0.0294873099774122 0.0254982691258192 -0.0323542915284634
vn 4.6095516617137609 3.7203941608394202 -2.0586958147772294
v 0.0315892584621906 0.0231254100799561 -0.0323293805122375
vn 4.4843022223734810 3.6795494508634232 -2.3858099944906375
v 0.0314139090478420 0.0222970806062222 -0.0340676903724670
vn 4.8529975544633501 3.3494015789804115 -2.1278723476405177
v 0.0333344899117947 0.0197653695940971 -0.0340475998818874
vn 4.7120561899502542 3.3056834470845025 -2.4917602083507258
v 0.0331387482583523 0.0188495498150587 -0.0357489511370659
vn 5.0547376175610097 2.9493833710670803 -2.2568525040266643
v 0.0348623916506767 0.0161715094000101 -0.0357353612780571
vn 4.9352785525393248 2.9253234387658713 -2.5343058064108988
v 0.0346505604684353 0.0151649704203010 -0.0374132916331291
vn 5.2768217246005671 2.5344454401991086 -2.2510880143038920
v 0.0361596904695034 0.0123549103736877 -0.0374073311686516
vn 5.1565072564801486 2.5240696538682177 -2.5205184362396058
v 0.0359362289309502 0.0112550798803568 -0.0390723906457424
vn 5.5005876312345920 2.0784685385881048 -2.1742117239465801
v 0.0372512303292751 0.0082254996523261 -0.0390742383897305
vn 5.3835133913708697 2.0852236457193611 -2.4385570456961032
v 0.0370166301727295 0.0070390701293945 -0.0407055616378784
vn 5.7219550818986384 1.5721028106769839 -2.0160398809350708
v 0.0380842611193657 0.0037963390350342 -0.0407111011445522
vn 5.3089528958896546 2.0910543030504267 -2.5979936747366259
v 0.0367783308029175 0.0056799650192261 -0.0423228107392788
vn 0.0024885715660538 3.4393993173189461 -5.2509142887297084
v 0.0000000000000000 0.0256063304841518 -0.0445167385041714
vn 0.0061754040193664 3.6363395489637291 -5.1238878882242664
v 0.0000000000000000 0.0264158193022013 -0.0439422689378262
vn 0.2227610523413271 3.5331994907969304 -5.1815994740711320
v 0.0027283430099487 0.0263504292815924 -0.0439670607447624
vn 0.0019923397826356 3.8476447893813321 -4.9537750059490913
v 0.0000000000000000 0.0298750400543213 -0.0414872691035271
vn 0.7133284895855886 3.1510388027279537 -5.3882729156666276
v 0.0130091300234199 0.0039957761764526 -0.0559974908828735
vn 0.5690873092289708 3.1417521535999642 -5.4107819690180552
v 0.0105081200599670 0.0044978260993958 -0.0560021400451660
vn 0.6281165222443230 3.0669453059293326 -5.4469482549033676
v 0.0105847101658583 0.0124013395980000 -0.0515781603753567
vn 0.4629224954703608 3.0578455188731670 -5.4686244467670697
v 0.0079728355631232 0.0128675103187561 -0.0515769682824612
vn 0.5457931974005135 3.2036091790988404 -5.3729621953234785
v 0.0080422749742866 0.0200034901499748 -0.0475537106394768
vn 0.3592466153004485 3.1983070040373809 -5.3918471353615507
v 0.0053758020512760 0.0203811507672071 -0.0475529991090298
vn 0.4313853717475813 3.5313475831088210 -5.1688407188643710
v 0.0054347510449588 0.0261030104011297 -0.0439670607447624
vn 2.1170760714715207 3.6249827696249040 -4.6645838103833039
v 0.0214027706533670 0.0231285598129034 -0.0422966405749321
vn 1.6976233162039234 3.7241918797165949 -4.7506175290419286
v 0.0188757106661797 0.0244848690927029 -0.0422948002815247
vn 2.2820105424628325 3.8153591143779577 -4.4272789449037715
v 0.0215683504939079 0.0250253602862358 -0.0406712181866169
vn 1.9134362435636791 3.8522073524583895 -4.5649262951629597
v 0.0190191194415092 0.0264301300048828 -0.0406683608889580
vn 2.1228718784322407 4.1158888012819634 -4.2321112117623541
v 0.0191577002406120 0.0281303506344557 -0.0390607118606567
vn 1.7835818518181188 4.1735170591160493 -4.3316430764552276
v 0.0164959393441677 0.0293834190815687 -0.0390596911311150
vn 1.9312979609463634 4.4314165963628938 -3.9975184209945271
v 0.0166069194674492 0.0308979693800211 -0.0374501310288906
vn 1.5826607660652998 4.4912439019624237 -4.0834324831752395
v 0.0138399600982666 0.0319832488894463 -0.0374529287219048
vn 1.7025806895556101 4.7570250443108009 -3.7157089240682639
v 0.0139231001958251 0.0333257317543030 -0.0358309708535671
vn 1.3457048541584415 4.8174172302582186 -3.7840512601250955
v 0.0111248996108770 0.0342103205621243 -0.0358366891741753
vn 1.4361259240082638 5.0804236342247480 -3.3843990303936331
v 0.0111849298700690 0.0353923402726650 -0.0341842696070671
vn 1.0705477404130554 5.1368462396974000 -3.4344601222347930
v 0.0084004988893867 0.0360696315765381 -0.0341913700103760
vn 1.1323499571031779 5.3853632072998989 -3.0056280090385981
v 0.0084425210952759 0.0371039509773254 -0.0324904881417751
vn 0.7544320616883511 5.4329413538727236 -3.0384332208510219
v 0.0056520099751651 0.0375866182148457 -0.0324971005320549
vn 0.7908390065612876 5.6582477193953062 -2.5823855529822017
v 0.0056784148328006 0.0384755097329617 -0.0307385902851820
vn 0.3693865911161646 5.6814352560810342 -2.6216558789252891
v 0.0028597710188478 0.0387685187160969 -0.0307434201240540
vn 0.0084086973505615 5.8025741740493544 -2.3521384009091126
v 0.0000000000000000 0.0392725989222527 -0.0298071503639221
vn 1.3795435776394072 3.5179035801490222 -5.0091318465092360
v 0.0161433797329664 0.0233939792960882 -0.0439671799540520
vn 1.1303748920627359 3.5249208023216929 -5.0661666685713591
v 0.0134897204115987 0.0243421103805304 -0.0439670607447624
vn 0.8854458998970862 3.5290380396292558 -5.1120637249905689
v 0.0108089996501803 0.0251064300537109 -0.0439670011401176
vn 0.6537423214301893 3.5307825388691922 -5.1457968514465229
v 0.0081261387094855 0.0256900098174810 -0.0439670011401176
vn -0.0456653740338930 3.0274816304004712 -5.5051341420104070
v 0.0000000000000000 0.0134553303942084 -0.0515546202659607
vn -0.0160189445747697 3.1316951228651266 -5.4429730288756790
v 0.0000000000000000 0.0197719894349575 -0.0480808615684509
vn 0.0049354301736560 3.2754861988353339 -5.3617733544734882
v 0.0000000000000000 0.0206702891737223 -0.0475320816040039
vn 2.4516306279358666 3.5698208534987783 -4.5404587754749368
v 0.0238324906677008 0.0215891003608704 -0.0422989092767239
vn 2.6306335342730636 3.7401726641328525 -4.2949652615640881
v 0.0240166708827019 0.0234322492033243 -0.0406743809580803
vn 2.4749280289402851 4.0398909468264232 -4.1117404765005166
v 0.0217280294746161 0.0266832094639540 -0.0390617810189724
vn 2.2903927589104458 4.3530463455958266 -3.8924406256658073
v 0.0192915704101324 0.0296122394502163 -0.0374467298388481
vn 2.0711323994232012 4.6771083195286360 -3.6288421748985225
v 0.0167137291282415 0.0322161912918091 -0.0358240008354187
vn 1.8125871224673344 5.0032514671391404 -3.3176835884133098
v 0.0140026202425361 0.0344921909272671 -0.0341752097010612
vn 1.5163156580436801 5.3162742283591777 -2.9588878032575123
v 0.0112416697666049 0.0364173017442226 -0.0324812494218349
vn 1.1855748862923554 5.6023554753258624 -2.5532052142659465
v 0.0084814419969916 0.0379872284829617 -0.0307307802140713
vn 0.8206542316266304 5.8455937217614009 -2.1127661063236363
v 0.0057022571563721 0.0392163917422295 -0.0289150401949883
vn 0.4061642172962638 6.0274284722489275 -1.6738425186381956
v 0.0028828380163759 0.0401117801666260 -0.0270261093974113
vn 0.0085325169014068 6.0742036713567256 -1.5243944478663980
v 0.0000000000000000 0.0403837487101555 -0.0263701602816582
vn 2.8087017083140289 3.4931448740448161 -4.3893835353466155
v 0.0261510591953993 0.0198662206530571 -0.0423012897372246
vn 2.9976198408140764 3.6404408111198885 -4.1360013391761994
v 0.0263500194996595 0.0216513797640800 -0.0406779609620571
vn 2.8405435097545810 3.9410274963599434 -3.9681190467353686
v 0.0241941194981337 0.0250431206077337 -0.0390629097819328
vn 2.6582519788364567 4.2527899556016617 -3.7671363300199951
v 0.0218819305300713 0.0281279608607292 -0.0374430418014526
vn 2.4463019692389536 4.5749607784015378 -3.5240769146557795
v 0.0194198396056890 0.0309020206332207 -0.0358158908784389
vn 2.1979492865953936 4.9026401334289123 -3.2339333023407466
v 0.0168149396777153 0.0333617292344570 -0.0341642387211323
vn 1.9094735829241967 5.2227820013939237 -2.8969211923456406
v 0.0140771204605699 0.0355034992098808 -0.0324694514274597
vn 1.5850157178888507 5.5215880072282832 -2.5119146546903721
v 0.0112940603867173 0.0372925400733948 -0.0307199899107218
vn 1.2289091597882571 5.7824463181315986 -2.0885661964439612
v 0.0085164904594421 0.0387235209345818 -0.0289066396653652
vn 0.8433667898551032 5.9914181961370829 -1.6440646774141805
v 0.0057227611541748 0.0398136302828789 -0.0270209908485413
vn 3.1886632815690108 3.3884830160800137 -4.2064190101989674
v 0.0283432602882385 0.0179603006690741 -0.0423040315508842
vn 3.3818562122642084 3.5097670860269776 -3.9469351865285933
v 0.0285534802824259 0.0196836497634649 -0.0406817086040974
vn 3.2187074761666050 3.8137950661836539 -3.7993589428657439
v 0.0265417601913214 0.0232115294784307 -0.0390642210841179
vn 3.0344844063251082 4.1263709871510583 -3.6203542444977255
v 0.0243650004267693 0.0264469292014837 -0.0374388583004475
vn 2.8259256477865389 4.4480654033957130 -3.4004128473104709
v 0.0220291595906019 0.0293854996562004 -0.0358068309724331
vn 2.5866569937534405 4.7767662771511823 -3.1334289501353156
v 0.0195409599691629 0.0320229493081570 -0.0341516695916653
vn 2.3091428673707428 5.1024759927534431 -2.8194274206395438
v 0.0169093608856201 0.0343549214303493 -0.0324550792574883
vn 1.9922094997300048 5.4131022993674227 -2.4573162501883306
v 0.0141456704586744 0.0363671705126762 -0.0307060405611992
vn 1.6409701311227058 5.6917377617409226 -2.0541235199963408
v 0.0113412700593472 0.0380221009254456 -0.0288949608802795
vn 1.2621116801401560 5.9226720125465118 -1.6251146269630592
v 0.0085469484329224 0.0393170118331909 -0.0270124599337578
vn 0.8595413165494287 6.0964008771930489 -1.1891019251157835
v 0.0057397480122745 0.0402710996568203 -0.0250506401062012
vn 0.4347555272327442 6.2086584996270471 -0.7682473299689264
v 0.0028982160147280 0.0408940911293030 -0.0230019595474005
vn -0.0170323691624355 6.2180073450703528 -0.7393648923560495
v 0.0000000000000000 0.0410104282200336 -0.0228836499154568
vn 3.5906958489766940 3.2468270325836088 -3.9865769360410970
v 0.0303917508572340 0.0158725306391716 -0.0423071309924126
vn 3.7812597222751636 3.3402841853405061 -3.7237457097706139
v 0.0306100808084011 0.0175308492034674 -0.0406859517097473
vn 3.6075195704662546 3.6520369368911849 -3.6030610609010232
v 0.0287566091865301 0.0211897995322943 -0.0390656515955925
vn 3.4175674854246467 3.9689962635092129 -3.4506448511944918
v 0.0267270207405090 0.0245711207389832 -0.0374343916773796
vn 3.2087525288015391 4.2926284008109512 -3.2574918609706320
v 0.0245286207646132 0.0276689492166042 -0.0357968807220459
vn 2.9753153869785498 4.6236775877480412 -3.0163019080154529
v 0.0221679806709290 0.0304784104228020 -0.0341374203562737
vn 2.7086808819500954 4.9543202753497297 -2.7272604733948049
v 0.0196533706039190 0.0329947397112846 -0.0324385687708855
vn 2.4036154850497664 5.2749653784978134 -2.3892346661868271
v 0.0169954206794500 0.0352030284702778 -0.0306892301887274
vn 2.0594783443051377 5.5705455188964583 -2.0086583835928322
v 0.0142068201676011 0.0370870791375637 -0.0288800001144409
vn 1.6838218807207312 5.8241767102570243 -1.5983153101658005
v 0.0113821597769856 0.0386100411415100 -0.0270009003579617
vn 1.2855541207788159 6.0236514135739903 -1.1757639750848059
v 0.0085719823837280 0.0397714897990227 -0.0250428896397352
vn 1.7140760553712679 5.9195902940543776 -1.1568915128144504
v 0.0114156603813171 0.0390602909028530 -0.0250322800129652
vn 2.1109630838536217 5.6930546382857417 -1.5629653168554563
v 0.0142595702782273 0.0376671515405178 -0.0269859395921230
vn 2.4802286342299302 5.4172914405538455 -1.9521514923433079
v 0.0170719604939222 0.0359100103378296 -0.0288618206977844
vn 2.8116413605573287 5.1068088924599273 -2.3088109893861493
v 0.0197557192295790 0.0338246785104275 -0.0306698605418205
vn 3.1038635949962079 4.7769897954016347 -2.6211000960736826
v 0.0222966596484184 0.0314260683953762 -0.0324200317263603
vn 3.3622075689348394 4.4404272385651788 -2.8826330487764920
v 0.0246828701347113 0.0287308599799871 -0.0341218709945679
vn 3.5928643895196273 4.1047260306197693 -3.0947277236765065
v 0.0269044600427151 0.0257545094937086 -0.0357860289514065
vn 3.8048489229662481 3.7754154195696579 -3.2568660407877643
v 0.0289533697068691 0.0225021801888943 -0.0374296307563782
vn 4.0032095837580766 3.4491206653735111 -3.3771959485941592
v 0.0308218505233526 0.0189801994711161 -0.0390672013163567
vn 4.1902821878853365 3.1234923148358287 -3.4635244988386131
v 0.0325017496943474 0.0151951899752021 -0.0406904183328152
vn 4.0103111351534793 3.0586119898699344 -3.7247857657341741
v 0.0322778187692165 0.0136045804247260 -0.0423106513917446
vn 4.4395572351540595 2.8131452808885098 -3.4166887312708445
v 0.0339806601405144 0.0111600095406175 -0.0423144102096558
vn 4.6004178341021325 2.8503055827761261 -3.1642734119095044
v 0.0342086516320705 0.0126803498715162 -0.0406952500343323
vn 4.3992069794213116 3.1981717934705376 -3.1210344890549031
v 0.0327201411128044 0.0165851693600416 -0.0390688106417656
vn 4.1915079201484673 3.5401742947796166 -3.0389469626525321
v 0.0310277305543423 0.0202428102493286 -0.0374245010316372
vn 3.9746418416268723 3.8801750679551077 -2.9124946276964772
v 0.0291422605514526 0.0236444398760796 -0.0357743501663208
vn 3.7450097867121750 4.2240007635871777 -2.7325285174450693
v 0.0270720105618238 0.0267829205840826 -0.0341049991548061
vn 3.4932272524444579 4.5684451543591598 -2.5008054875938126
v 0.0248259902000427 0.0296518206596375 -0.0323997698724270
vn 3.2120015409664000 4.9081348083913099 -2.2166127822007478
v 0.0224137306213379 0.0322353206574917 -0.0306482296437025
vn 2.8949657015479828 5.2324172857204694 -1.8856664625115813
v 0.0198463704437017 0.0345164500176907 -0.0288408305495977
vn 2.5387277705808358 5.5280325275667286 -1.5192328582031760
v 0.0171375200152397 0.0364796482026577 -0.0269677005708218
vn 2.1473428076691028 5.7813822762251901 -1.1318622355535399
v 0.0143027296289802 0.0381113216280937 -0.0250185690820217
vn 1.7332141092081346 5.9813212050820272 -0.7396718336446314
v 0.0114408703520894 0.0393769703805447 -0.0229836702346802
vn 1.7262060393709362 6.0166094074690619 -0.3075102175397229
v 0.0114566599950194 0.0395640097558498 -0.0208497606217861
vn 2.0196462325305560 5.9496716150020905 -0.0206761935924408
v 0.0114476000890136 0.0395825505256653 -0.0186249595135450
vn 2.0118529205264744 5.9523528625773592 0.0094583248888128
v 0.0143390800803900 0.0386010408401489 -0.0186249595135450
vn 2.1444576978316476 5.8832271786719819 -0.2911666514074885
v 0.0143552403897047 0.0386083088815212 -0.0208432599902153
vn 2.1703978159761723 5.8386819329545290 -0.7243463355786477
v 0.0143349096179008 0.0384237095713615 -0.0229728203266859
vn 2.5799716351876674 5.6080263208846093 -1.1010841819327613
v 0.0171909295022488 0.0369158312678337 -0.0250019393861294
vn 2.9583926777359464 5.3301175176288442 -1.4681197249618358
v 0.0199239794164896 0.0350738093256950 -0.0269467197358608
vn 3.2990080212751463 5.0160308640630964 -1.8099959859920842
v 0.0225173197686672 0.0329098701477051 -0.0288174096494913
vn 3.6026426593670080 4.6776739276214796 -2.1132746512987408
v 0.0249560996890068 0.0304381791502237 -0.0306243300437927
vn 3.8739292204161746 4.3266621271730372 -2.3673962672076971
v 0.0272276401519775 0.0276748500764370 -0.0323777087032795
vn 4.1204096594622150 3.9712586032097561 -2.5666778113388817
v 0.0293210092931986 0.0246373396366835 -0.0340869389474392
vn 4.3497562173831810 3.6149772684018711 -2.7109354284914389
v 0.0312258601188660 0.0213418602943420 -0.0357620716094971
vn 4.5710102203996223 3.2583621707319668 -2.7974834565505615
v 0.0329329892992973 0.0177957396954298 -0.0374190211296082
vn 4.7866585327229245 2.8926435134681383 -2.8353110733993825
v 0.0344319902360439 0.0140085201710463 -0.0390705391764641
vn 5.0017792677313304 2.5095007735641963 -2.8238967455193080
v 0.0357087813317776 0.0099915862083435 -0.0407003089785576
vn 4.8661859999941850 2.5076762345587831 -3.0523516904831904
v 0.0354775115847588 0.0085445642471313 -0.0423186384141445
vn 4.9750564857764417 2.3334373935961148 -3.0353064858444054
v 0.0359151288866997 0.0055487751960754 -0.0439743883907795
vn 4.6797442153383457 2.5503951956047901 -3.3130569772549032
v 0.0352427884936333 0.0068969130516052 -0.0439737997949123
vn 4.2867437313744983 2.7904416595937782 -3.6272989851134692
v 0.0337479710578918 0.0094296932220459 -0.0439722500741482
vn 3.8353193202094538 3.0083665667080646 -3.9465034694237251
v 0.0320477411150932 0.0117942001670599 -0.0439709387719631
vn 3.4025892390242030 3.1669399705505423 -4.2120758405600043
v 0.0301663801074028 0.0139850899577141 -0.0439698584377766
vn 2.9958216271181968 3.2793442879547268 -4.4307908409652441
v 0.0281255804002285 0.0159987192600965 -0.0439691506326199
vn 2.6186168212516159 3.3565256301060353 -4.6096565621117112
v 0.0259443502873182 0.0178340002894402 -0.0439684912562370
vn 2.2704728319714444 3.4079449152888048 -4.7552548201721869
v 0.0236409902572632 0.0194905400276184 -0.0439680814743042
vn 1.9490967789227378 3.4410036276792484 -4.8733763051043546
v 0.0212305095046759 0.0209689699113369 -0.0439677201211452
vn 1.6519616436101547 3.4608682041771033 -4.9688083087585158
v 0.0187272392213345 0.0222698394209146 -0.0439673587679863
vn 6.2163654644952038 -0.7807847828470269 -0.3571579009062846
v 0.0406346283853054 -0.0055521130561829 -0.0264870505779982
vn 6.2074001735639337 -0.7893579446141479 -0.4808069464702107
v 0.0403067991137505 -0.0061027999036014 -0.0302393995225430
vn 6.1995816023327599 -0.8020238722612431 -0.5584083364505685
v 0.0398962981998920 -0.0068931570276618 -0.0338655114173889
vn 6.1955279460274166 -0.8224068583813321 -0.5763216349802575
v 0.0394308492541313 -0.0079474439844489 -0.0373693108558655
vn 6.1056797926175745 -1.4218605615161204 -0.3088821612814195
v 0.0383841283619404 -0.0123120499774814 -0.0407386384904385
vn 6.1133476921353305 -1.3624076839423029 -0.4150780460490479
v 0.0388833805918694 -0.0110175004228950 -0.0373632907867432
vn 6.1194188181104803 -1.3257132308423827 -0.4397467481216385
v 0.0393508002161980 -0.0100440299138427 -0.0338439308106899
vn 6.1271404281896515 -1.3018237266721886 -0.3967260123733042
v 0.0397613011300564 -0.0093159070238471 -0.0302076898515224
vn 6.1351583541813621 -1.2871860236987331 -0.3035240846978126
v 0.0400876402854919 -0.0088098039850593 -0.0264538507908583
vn 5.2980951156485681 3.0086853775242370 -1.4615576145774187
v 0.0354281589388847 0.0184526406228542 -0.0304800197482109
vn 5.1689652205625016 2.9802999413256082 -1.9241829790132319
v 0.0350645706057549 0.0170463304966688 -0.0340265594422817
vn 5.4623314248995039 2.5538518359989237 -1.7180561247757655
v 0.0365847907960415 0.0141438199207187 -0.0340046212077141
vn 5.3716847228335807 2.5405931351272173 -2.0081699895057783
v 0.0363769493997097 0.0133120398968458 -0.0357211790978909
vn 5.6638595271772738 2.0564341920511966 -1.7373418612387244
v 0.0377059504389763 0.0101558500900865 -0.0357065685093403
vn 5.5899590121823302 2.0726401347736978 -1.9453992108835056
v 0.0374817214906216 0.0092576742172241 -0.0374011881649494
vn 5.8663145844514739 1.5360512140981675 -1.5920600834461389
v 0.0385672412812710 0.0058339829556644 -0.0373948812484741
vn 5.8001024961642775 1.5521594026484931 -1.8039593779586600
v 0.0383280515670776 0.0048862090334296 -0.0390761382877827
vn 6.0275986115374911 0.9627826685279858 -1.4343211250851022
v 0.0390763804316521 0.0013701310381293 -0.0390781089663506
vn 5.9757883792471613 0.9861862516043615 -1.6098226508087445
v 0.0388265810906887 0.0003856050025206 -0.0407167598605156
vn 6.1482691291870939 0.3587517221959828 -1.1800881635264981
v 0.0391983911395073 -0.0030307760462165 -0.0407224781811237
vn 5.9098583380100767 -2.1089584084476969 0.1115990037615806
v 0.0370209813117981 -0.0167860295623541 -0.0439869686961174
vn 5.9584683764855102 -1.9706270111292683 -0.1327182872029077
v 0.0375686213374138 -0.0151992402970791 -0.0407437011599541
vn 5.9803599424093790 -1.8873499674498171 -0.2844804892763352
v 0.0380770489573479 -0.0140090500935912 -0.0373573303222656
vn 5.9935048732964402 -1.8340932820340634 -0.3426233021232344
v 0.0385484583675861 -0.0131164100021124 -0.0338227115571499
vn 6.0044989930231409 -1.7997959502485661 -0.3260220679889745
v 0.0389594994485378 -0.0124500300735235 -0.0301765203475952
vn 6.0136105598603020 -1.7791004593408966 -0.2573615098907827
v 0.0392845198512077 -0.0119881602004170 -0.0264212395995855
vn 6.0140821705134329 -1.7875804901498160 -0.1302700995203175
v 0.0394981987774372 -0.0117191597819328 -0.0225673299282789
vn 5.9499204476781253 -2.0191003326287857 0.0068043511095372
v 0.0395255610346794 -0.0116152102127671 -0.0186249595135450
vn 5.8653904482603547 2.0712007005564104 -0.7691272641462698
v 0.0386178381741047 0.0130620002746582 -0.0266717001795769
vn 6.0019029055171815 1.5093928113217996 -0.9972020509153732
v 0.0394228585064411 0.0085296025499701 -0.0303777400404215
vn 6.1056375668426170 0.9272079846266624 -1.0839195945905027
v 0.0397869907319546 0.0036176440771669 -0.0339342914521694
vn 6.0639877767128558 0.9482835948787918 -1.2849087005243458
v 0.0393214188516140 0.0022256970405579 -0.0373883210122585
vn 6.1824214675520555 0.3366504528013805 -1.0066648581517896
v 0.0396950207650661 -0.0013749590143561 -0.0373817011713982
vn 6.1664158381602787 0.3457996834823269 -1.0938776000142776
v 0.0394489690661430 -0.0021443960722536 -0.0390801392495632
vn 6.2170815045774486 -0.2581477556776355 -0.8059486161006805
v 0.0394656583666801 -0.0054878587834537 -0.0390820503234863
vn 6.2138052765403700 -0.2607041242758275 -0.8233699335460715
v 0.0392166897654533 -0.0062962770462036 -0.0407280884683132
vn 6.1941970754230447 -0.8524241175119389 -0.5366396221877496
v 0.0389369688928127 -0.0093462457880378 -0.0407333895564079
vn 6.1960786264714898 -0.9267384992203653 -0.3663526281723019
v 0.0384230613708496 -0.0111950002610683 -0.0439839884638786
vn 6.0858872056435382 -1.5269326680214481 -0.1064638101614505
v 0.0378572903573513 -0.0140308104455471 -0.0439854785799980
vn 6.0357926909801485 -1.6998672270021511 0.2522721741139658
v 0.0372949801385403 -0.0162487607449293 -0.0475652217864990
vn 5.8087975341291660 -2.3259824118026255 0.4887987593168797
v 0.0364168807864189 -0.0188403706997633 -0.0475652813911438
vn 5.9799493838125120 -1.8583340171250740 0.4601778549813893
v 0.0370142981410027 -0.0175780598074198 -0.0495325289666653
vn 5.7315420362009881 -2.4533999448390942 0.7348185987299787
v 0.0361052714288235 -0.0200709700584412 -0.0495331212878227
vn 5.7892022089168940 -2.2818102965425293 0.8530744838810884
v 0.0363155603408813 -0.0202684402465820 -0.0515950918197632
vn 5.5911389653725037 -2.6797542813689543 0.9936801219418646
v 0.0358053408563137 -0.0214436594396830 -0.0515952706336975
vn 5.4415568329026467 -2.8839005842028151 1.2117373527153430
v 0.0355299711227417 -0.0229058805853128 -0.0537353083491325
vn 6.2235182560250815 -0.2764456349299594 -0.7459093352772495
v 0.0387055799365044 -0.0082827797159553 -0.0439824983477592
vn 6.1413826312960396 0.3843248930139770 -1.2105498243608204
v 0.0386828705668449 -0.0052062268368900 -0.0439806506037712
vn 5.6859827178061160 1.5517840692433280 -2.1336718365670175
v 0.0378360711038113 0.0025473830755800 -0.0423273406922817
vn 5.4174427665643670 1.8940392711207277 -2.5442066133974892
v 0.0370955392718315 0.0026546120643616 -0.0439759418368340
vn 5.1880933162162943 2.1245391725790954 -2.8267516324230790
v 0.0365363284945488 0.0041323900222778 -0.0439751707017422
vn 2.3981373376657791 5.7923604932339607 -0.0366622362569625
v 0.0157856903970242 0.0381099507212639 -0.0186249595135450
vn 2.7790085000970599 5.6351014040265399 0.0240706580529363
v 0.0172313991934061 0.0373969599604607 -0.0186249595135450
vn 2.7391802884953340 5.6219388548397387 -0.3291435007667911
v 0.0172555390745401 0.0374039411544800 -0.0208355095237494
vn 2.6355887063801213 5.6478444947874840 -0.6696510207876469
v 0.0172306206077337 0.0372226797044277 -0.0229595303535461
vn 3.0031801087603749 5.4009058841919337 -1.0650445658092491
v 0.0199868604540825 0.0355007611215115 -0.0249828100204468
vn 5.6629290554545655 1.5454492772890585 -2.2090620625933890
v 0.0375832282006741 0.0011252160184085 -0.0439768992364407
vn 5.5007646870496645 1.7312400750522150 -2.4831368909731135
v 0.0370651409029961 -0.0022956130560488 -0.0475667715072632
vn 5.3662700738720428 1.9134536528091153 -2.6421373088397937
v 0.0365819893777370 -0.0066092610359192 -0.0515943691134453
vn 5.1959156567281113 2.2135443953884475 -2.7483385304925854
v 0.0362117812037468 -0.0114820003509521 -0.0559694692492485
vn 5.1523936923071805 2.4174734855774340 -2.6564557009765859
v 0.0360447689890862 -0.0138106299564242 -0.0582907088100910
vn 5.0495814149973963 2.6700656197065604 -2.6027031121457238
v 0.0358607694506645 -0.0158765297383070 -0.0606474801898003
vn 5.0636384731515527 2.8407381009818842 -2.3882374555132606
v 0.0356937609612942 -0.0176087599247694 -0.0628757998347282
vn 4.8594648177722783 3.2227316708649467 -2.3348176154567777
v 0.0352338515222073 -0.0177076403051615 -0.0639777109026909
vn 4.8631362746554174 3.3696595562697844 -2.1082658001909294
v 0.0352302081882954 -0.0184392295777798 -0.0650479122996330
vn 5.9341327455379034 1.0390768388856837 -1.7320595722498813
v 0.0383117087185383 -0.0020288820378482 -0.0439788103103638
vn 5.7219466137819008 1.4405298630905534 -2.1448123028396293
v 0.0374624691903591 -0.0036971559748054 -0.0475665293633938
vn 5.6252480178553093 1.6170378268416732 -2.2757370162031565
v 0.0369682312011719 -0.0078079700469971 -0.0515943691134453
vn 5.4971291293181643 1.9053825836812757 -2.3650293469628862
v 0.0365897417068481 -0.0124592697247863 -0.0559716783463955
vn 5.4543645776557526 2.0931421998735904 -2.3032446701430365
v 0.0364177785813808 -0.0146835399791598 -0.0582927986979485
vn 5.4144370329571627 2.2666465857619547 -2.2322282547208796
v 0.0362266786396503 -0.0166574101895094 -0.0606430098414421
vn 6.2369231980506497 -0.6503713170435207 -0.3658133693095281
v 0.0380715690553188 -0.0122093502432108 -0.0475652217864990
vn 6.1804180988856867 -1.1052605349222553 -0.0644354240106357
v 0.0378877483308315 -0.0135712595656514 -0.0475652217864990
vn 6.1105269347913511 -1.4322798102875915 0.2476395323936288
v 0.0373592302203178 -0.0162953697144985 -0.0495321713387966
vn 5.0931327933727220 -3.4195786761737526 1.3281494036174080
v 0.0346315503120422 -0.0253857895731926 -0.0559919402003288
vn 4.6161175499233824 -4.0487638062479308 1.2820078635067218
v 0.0335755310952663 -0.0276181604713202 -0.0583143197000027
vn 4.1614105543740694 -4.5247200095981253 1.2604225957287407
v 0.0319558307528496 -0.0292684398591518 -0.0583164617419243
vn 3.7318409165553086 -4.9169551190217371 1.1412347790176560
v 0.0301675200462341 -0.0307527706027031 -0.0583186112344265
vn 3.3378848360949132 -5.2260903043080313 0.9850127949716099
v 0.0282479505985975 -0.0320826694369316 -0.0583203993737698
vn 2.9748723418266163 -5.4706748421385711 0.8115794486409919
v 0.0262256804853678 -0.0332700014114380 -0.0583219490945339
vn 2.6379585257853173 -5.6643744997641150 0.6344903016500970
v 0.0241220500320196 -0.0343255400657654 -0.0583232603967190
vn 2.2681222775339425 -5.8349774874895362 0.4913387954904450
v 0.0219535194337368 -0.0352587103843689 -0.0583242103457451
vn 1.8059026361413786 -6.0085784170067278 0.2702543602668183
v 0.0192214790731668 -0.0363436900079250 -0.0605582483112812
vn 5.5264165587081440 -2.9041527047106879 0.6555288539386900
v 0.0352745614945889 -0.0213195607066154 -0.0475653409957886
vn 5.6813886472497472 -2.6546067617424574 0.2580147581450011
v 0.0359291993081570 -0.0194384399801493 -0.0439883992075920
vn 5.7616945433400719 -2.4926640013162187 -0.0059998992573877
v 0.0365029498934746 -0.0179875399917364 -0.0407488308846951
vn 5.8017706648595251 -2.3910319213664675 -0.1861399529603504
v 0.0370235405862331 -0.0169036295264959 -0.0373514816164970
vn 5.8251848611135841 -2.3245220355333256 -0.2661585693186772
v 0.0375003814697266 -0.0160925891250372 -0.0338019691407681
vn 5.8417004145086651 -2.2816669273633683 -0.2681444013330748
v 0.0379122383892536 -0.0154885603114963 -0.0301461797207594
vn 5.8533815192454206 -2.2560065900822153 -0.2182480601044556
v 0.0382356606423855 -0.0150706097483635 -0.0263895299285650
vn 5.4184603355725338 -3.0513861543257326 0.8695837224067996
v 0.0349264703691006 -0.0224442407488823 -0.0495338402688503
vn 5.2108772537588521 -3.4240034689094081 0.7327211953186521
v 0.0338929183781147 -0.0236690603196621 -0.0475654006004333
vn 5.4126638933695332 -3.1593473322251642 0.3399174344657169
v 0.0346012115478516 -0.0219701491296291 -0.0439898297190666
vn 5.5231538820683896 -2.9837261672480624 0.0755393437333752
v 0.0352029800415039 -0.0206601601094007 -0.0407537184655666
vn 5.5824473355121889 -2.8700746470886083 -0.1169539405239466
v 0.0357363782823086 -0.0196846704930067 -0.0373458191752434
vn 5.6175892520416824 -2.7943450205756060 -0.2084328772053168
v 0.0362185798585415 -0.0189565401524305 -0.0337817594408989
vn 5.6408115074474887 -2.7455113582510053 -0.2218597422968411
v 0.0366307385265827 -0.0184151493012905 -0.0301166102290154
vn 5.6558566135554624 -2.7164384042176835 -0.1854443531773410
v 0.0369517207145691 -0.0180413704365492 -0.0263588391244411
vn 5.6522654468427875 -2.7254374698598136 -0.0700651784403344
v 0.0371598601341248 -0.0178247597068548 -0.0225232206285000
vn 5.6268849434933692 -2.7954754961171497 0.0212436547160237
v 0.0371574088931084 -0.0177171807736158 -0.0186249595135450
vn 5.0669090817051359 -3.4509568975107912 1.3469350134652238
v 0.0342558585107327 -0.0250189900398254 -0.0537354908883572
vn 5.2554476106634853 -3.2378756390339212 1.1480604910119472
v 0.0345826111733913 -0.0236939694732428 -0.0515956208109856
vn 4.8826500213801456 -3.7683678996852734 1.1800886812627749
v 0.0331203900277615 -0.0258000399917364 -0.0515961609780788
vn 5.0760685896406326 -3.5798633158129531 0.9244125997194572
v 0.0335075184702873 -0.0246812105178833 -0.0495344884693623
vn 4.7185373467969027 -4.0453942601897159 0.9016030397941123
v 0.0318797789514065 -0.0267665907740593 -0.0495352707803249
vn 4.8735957296769401 -3.8888258332357322 0.7382526610264588
v 0.0322987399995327 -0.0258727595210075 -0.0475654602050781
vn 4.5225787999135800 -4.3009501446254426 0.6873952819348804
v 0.0305166803300381 -0.0279219690710306 -0.0475656315684319
vn 5.1123598544947635 -3.6227073930551077 0.3679146206195373
v 0.0330564305186272 -0.0243653599172831 -0.0439911410212517
vn 4.7875841242530628 -4.0437242470972539 0.3513777738275508
v 0.0313150212168694 -0.0266125705093145 -0.0439924001693726
vn 5.2492750156860408 -3.4419393685053881 0.1177691742344370
v 0.0336845517158508 -0.0232008602470160 -0.0407584309577942
vn 4.9457727125074484 -3.8652054238759450 0.1265053983799880
v 0.0319642983376980 -0.0255975704640150 -0.0407629609107971
vn 5.3269733732207305 -3.3217836730734174 -0.0737813095075389
v 0.0342296287417412 -0.0223362408578396 -0.0373404584825039
vn 5.0397710503875910 -3.7436344133415025 -0.0530118989714915
v 0.0325179584324360 -0.0248456001281738 -0.0373350903391838
vn 5.3739354614298378 -3.2408821676326642 -0.1673056740163318
v 0.0347157716751099 -0.0216923300176859 -0.0337622687220573
vn 5.0979305013123906 -3.6609645275206377 -0.1410418036792174
v 0.0330050513148308 -0.0242869202047586 -0.0337435603141785
vn 5.4043642264466829 -3.1884398109746939 -0.1859862464563601
v 0.0351266190409660 -0.0212140604853630 -0.0300881806761026
vn 5.1354533375182143 -3.6070491349159339 -0.1597572964326277
v 0.0334124490618706 -0.0238722506910563 -0.0300607606768608
vn 5.4232020223721236 -3.1573298552059867 -0.1584220490216450
v 0.0354436598718166 -0.0208844505250454 -0.0263291001319885
vn 5.1582312886055606 -3.5750618628285196 -0.1369435088701717
v 0.0337237715721130 -0.0235865097492933 -0.0263005401939154
vn 5.4417284493734837 -3.1258912630615017 -0.0748663110442102
v 0.0356476902961731 -0.0206936001777649 -0.0225022993981838
vn 5.4399028976944379 -3.1171463275607905 -0.0078121868510407
v 0.0357234403491020 -0.0206249896436930 -0.0186249595135450
vn 4.8631265297489241 -3.9682084084195868 -0.0539249928339750
v 0.0319968983530998 -0.0259954892098904 -0.0224630199372768
vn 4.5395080815357947 -4.3347424526998886 -0.1088270210589665
v 0.0296992603689432 -0.0285199806094170 -0.0262476801872253
vn 4.8631867224766525 -3.9677963937593983 -0.1206306372127377
v 0.0318046212196350 -0.0261356793344021 -0.0262733604758978
vn 4.5097368301248686 -4.3651553973113657 -0.1315738337803450
v 0.0294058900326490 -0.0287191197276115 -0.0300101004540920
vn 4.8365880941405921 -3.9996309190352939 -0.1420104897578828
v 0.0315011106431484 -0.0263777896761894 -0.0300347208976746
vn 4.4604916539312374 -4.4157786155851753 -0.1250529836599797
v 0.0290153007954359 -0.0290069505572319 -0.0337088704109192
vn 4.7926052138908748 -4.0529010964042982 -0.1276981478719164
v 0.0311002694070339 -0.0267288591712713 -0.0337256714701653
vn 4.3845411038062609 -4.4930192022782718 -0.0648173427710918
v 0.0285390596836805 -0.0293937902897596 -0.0373254418373108
vn 4.7244810962808224 -4.1343784763813689 -0.0512423099212888
v 0.0306161008775234 -0.0272016506642103 -0.0373301506042480
vn 4.2671025259412030 -4.6046887648279968 0.0679937491223790
v 0.0279855690896511 -0.0299168191850185 -0.0407713614404202
vn 4.6169754725604397 -4.2530356519962433 0.1079617585490354
v 0.0300590302795172 -0.0278392992913723 -0.0407673083245754
vn 4.0829447560760244 -4.7619066707458124 0.2257540770522200
v 0.0273202005773783 -0.0306285005062819 -0.0439946614205837
vn 4.4429392075783207 -4.4233384760380652 0.3009591136504060
v 0.0293965898454189 -0.0287027303129435 -0.0439935885369778
vn 3.8047276221239703 -4.9751663696145432 0.4157219966024108
v 0.0264841895550489 -0.0315369889140129 -0.0475661084055901
vn 3.3847138802980448 -5.2345845721351889 0.7600086565997513
v 0.0255367103964090 -0.0326401516795158 -0.0515981316566467
vn 4.1845464333879994 -4.6779380406687432 -0.0190109143355968
v 0.0275958701968193 -0.0306357108056545 -0.0224280301481485
vn 3.8135464825874346 -4.9857023104980289 -0.0957387129605439
v 0.0249828100204468 -0.0327465496957302 -0.0262013599276543
vn 4.1885870750684191 -4.6748964195585536 -0.1007153790868444
v 0.0274208094924688 -0.0307273194193840 -0.0262235905975103
vn 3.7801275752317323 -5.0103497498524643 -0.1266591334546094
v 0.0247192308306694 -0.0328629612922668 -0.0299655105918646
vn 4.1564707417568707 -4.7028314748538360 -0.1267979478330332
v 0.0271406099200249 -0.0308845005929470 -0.0299869105219841
vn 3.7254531276119969 -5.0507401547081585 -0.1415446832021979
v 0.0243632700294256 -0.0330288410186768 -0.0336784087121487
vn 4.1036639106229647 -4.7489451287804556 -0.1303739716626540
v 0.0267647504806519 -0.0311103407293558 -0.0336930714547634
vn 3.6422631872875906 -5.1119310043142683 -0.1217202266414474
v 0.0239224396646023 -0.0332493111491203 -0.0373167917132378
vn 4.0227625241315454 -4.8190610462202796 -0.0896006945031023
v 0.0263026896864176 -0.0314126014709473 -0.0373209714889526
vn 3.5174069146349556 -5.1998884012436113 -0.0513683190279954
v 0.0234012007713318 -0.0335507318377495 -0.0407786294817924
vn 3.8996350723469901 -4.9201124841381487 0.0128238019724763
v 0.0257607102394104 -0.0318228602409363 -0.0407751202583313
vn 3.3311910338516189 -5.3199575590787997 0.0331515640551124
v 0.0227659903466702 -0.0339705906808376 -0.0439965687692165
vn 3.7115738889622927 -5.0601118013714004 0.1337994236964315
v 0.0251041594892740 -0.0323855802416801 -0.0439956113696098
vn 3.0626014510010879 -5.4780308410091472 0.1432550400013002
v 0.0219622794538736 -0.0344990417361259 -0.0475667715072632
vn 3.4343529081756983 -5.2469370799365622 0.2822339276715699
v 0.0242751799523830 -0.0330996513366699 -0.0475664101541042
vn 3.0305329685623903 -5.4704165600710715 0.5736305115843958
v 0.0233368203043938 -0.0339601002633572 -0.0515986606478691
vn 3.1508920061338839 -5.3805980350961748 0.7561764408077684
v 0.0250727497041225 -0.0332278609275818 -0.0537348911166191
vn 5.0181961003639195 2.2135417074273329 -3.0562742526110567
v 0.0360441207885742 0.0004077710036654 -0.0475669503211975
vn 4.8902473649150862 2.2518360183564843 -3.2121932474392487
v 0.0358064100146294 -0.0018127559451386 -0.0495315082371235
vn 4.4956958773537625 2.5623558693975532 -3.5589538898125999
v 0.0349899493157864 -0.0031629200093448 -0.0515938885509968
vn 4.2026845370734378 2.8393781751636054 -3.7061682855202944
v 0.0346614085137844 -0.0086485743522644 -0.0559657216072083
vn -5.5307415647444360 0.7102892183360684 2.8888067901794794
v -0.0362176783382893 -0.0209203902631998 -0.0986052080988884
vn -5.5404540957363482 0.3042803173863211 2.9410978033651660
v -0.0362505912780762 -0.0197985693812370 -0.0988586470484734
vn -5.5462223671058473 0.0823981521164663 2.9406396673604336
v -0.0362727008759975 -0.0184035301208496 -0.0989440605044365
vn -5.5653612347051418 0.0461335043203233 2.9084425994632559
v -0.0362915918231010 -0.0172068998217583 -0.0990172028541565
vn -0.9904810471562302 -6.1829839134820599 0.5137954055051795
v -0.0188052598387003 -0.0378656908869743 -0.0937731787562370
vn -0.9573006308516195 -6.1883374634958122 0.5052451122570746
v -0.0201880894601345 -0.0387930795550346 -0.1067785024642944
vn -0.9944263408115226 -6.1898884133095127 0.3894598980162624
v -0.0208939891308546 -0.0392078086733818 -0.1136777028441429
vn -1.0810130422806710 -6.1832998140031457 0.1844016300694342
v -0.0215792600065470 -0.0394544601440430 -0.1208354011178017
vn -1.1993402869230978 -6.1635865273746955 -0.0618298799431334
v -0.0222212001681328 -0.0394112989306450 -0.1282355934381485
vn -1.1221786511162402 -6.1706447888110114 -0.3150316470509240
v -0.0198097806423903 -0.0397053286433220 -0.1334127038717270
vn -1.0466560106381997 -6.1586152061593200 -0.6188576937727277
v -0.0172077398747206 -0.0397895500063896 -0.1386124938726425
vn -0.9618299851457505 -6.1222058558613188 -0.9947323903181584
v -0.0143365198746324 -0.0398561283946037 -0.1417184025049210
vn -0.8501959019463451 -6.0452567916224949 -1.4441842350784995
v -0.0113393599167466 -0.0397299490869045 -0.1446437984704971
vn -0.7007108263393053 -5.8994961372602592 -2.0014051945356472
v -0.0082323551177979 -0.0393689796328545 -0.1473482996225357
vn -0.4874435548725018 -5.6605911579019486 -2.6396228129844426
v -0.0050334930419922 -0.0387326404452324 -0.1497911065816879
vn -0.1921588592601785 -5.3176779800200213 -3.3011903162928236
v -0.0017631050432101 -0.0377917811274529 -0.1519265025854111
vn 0.1869222785140190 -4.8589705007884625 -3.9399906620711223
v 0.0015556809958071 -0.0365573689341545 -0.1536837965250015
vn 0.6404307516353421 -4.2611158561691065 -4.5326380035990228
v 0.0048916330561042 -0.0350576601922512 -0.1549904048442841
vn 1.1516207833824121 -3.5169558954622353 -5.0366776541884146
v 0.0082173338159919 -0.0333318710327148 -0.1557832062244415
vn 1.6893064717537603 -2.7118773333381760 -5.3762585120412707
v 0.0115058403462172 -0.0314243398606777 -0.1560214012861252
vn 2.2171822526533886 -1.9704745041181089 -5.5127619802131411
v 0.0147305699065328 -0.0293833594769239 -0.1557296961545944
vn 2.7171676059859684 -1.3512511451000504 -5.4815660112872813
v 0.0178650002926588 -0.0272581502795219 -0.1549514979124069
vn 3.1836308221286274 -0.7911542680915061 -5.3372097073258518
v 0.0208834391087294 -0.0250974800437689 -0.1537342071533203
vn 3.5975594363599321 -0.2747588125800652 -5.1249403195255026
v 0.0237879101186991 -0.0209518596529961 -0.1522496938705444
vn -0.6207975391156809 4.8935069883351785 -3.8749245151611253
v -0.0052247638814151 0.0353941284120083 -0.0358449183404446
vn -0.5733020533348319 4.5895278199836431 -4.2392449594694295
v -0.0051952600479126 0.0340121909976006 -0.0374586507678032
vn -0.8633678974196037 4.5716464126543830 -4.2092446792831915
v -0.0077618360519409 0.0336111709475517 -0.0374574586749077
vn -2.0223829905856485 5.8974378403064422 -0.6174138289346303
v -0.0133646102622151 0.0387700200080872 -0.0229766294360161
vn -2.0190583198489662 5.9478905344568060 -0.1105108400410979
v -0.0133614502847195 0.0389328487217426 -0.0186249595135450
vn -1.6012812304140600 6.0512417680054114 -0.1568364976190602
v -0.0106762601062655 0.0398443900048733 -0.0186249595135450
vn -2.8278840205961964 5.5605264268948069 -0.5864443023766163
v -0.0187402907758951 0.0364904403686523 -0.0229516606777906
vn -2.7781977892083400 5.6336171660387313 -0.1057587060599437
v -0.0187397003173828 0.0366532206535339 -0.0186249595135450
vn -2.7665925930090727 5.6379166811018147 -0.1376020691485906
v -0.0161060001701117 0.0379519388079643 -0.0186249595135450
vn -1.3042878116369050 0.6747726786437573 6.1057594911224147
v -0.0076033468358219 -0.0089804530143738 -0.0780630111694336
vn -0.5220598019579215 4.8722851697254601 3.9254962607160584
v -0.0025151369627565 -0.0104041602462530 -0.0763010904192924
vn -1.4277296271773001 2.0554308243108497 5.7538956743074934
v -0.0075484509579837 -0.0097014904022217 -0.0778946802020073
vn -1.4899343672862546 2.8323897387755710 5.3945242198731282
v -0.0075280070304871 -0.0100319301709533 -0.0777463912963867
vn -1.0022369945295677 2.8240018119712000 5.5136537224589741
v -0.0050515527836978 -0.0096216201782227 -0.0773758217692375
vn -0.7046363182152992 6.0804212579818255 1.4071972842407052
v -0.0049504041671753 -0.0114160701632500 -0.0747631117701530
vn -0.7706037706757028 5.9476957917902400 1.8642395685245670
v -0.0049570198170841 -0.0113124800845981 -0.0751468464732170
vn -0.9819220024030035 5.9849127617035416 1.6149534896452469
v -0.0061821341514587 -0.0114735299721360 -0.0752390027046204
vn -1.2124091238490233 6.1256433081454427 0.5940921360832896
v -0.0085966577753425 -0.0120317898690701 -0.0746484920382500
vn -1.4017017140650432 6.1002968987607868 0.4047475457535025
v -0.0097933998331428 -0.0122764697298408 -0.0747793912887573
vn -1.2129252937299091 6.1484126786264994 -0.3259421017208835
v -0.0097806453704834 -0.0122740203514695 -0.0738635584712029
vn -0.5336967359251187 6.2130298951703242 -0.6979863428209049
v -0.0049300780519843 -0.0115215098485351 -0.0726083517074585
vn -0.6088202461925265 6.2431690019702923 0.1136803980988592
v -0.0049359197728336 -0.0115657402202487 -0.0735116004943848
vn -0.9172362937534068 6.2063504539762029 -0.0640114763488630
v -0.0073796510696411 -0.0118613196536899 -0.0736578702926636
vn -0.4057708777421528 6.1013770356235950 -1.4143003391018369
v -0.0049267411231995 -0.0113554000854492 -0.0716599822044373
vn -2.2609904193441905 2.6808733527012536 5.2036276495499756
v -0.0112240901216865 -0.0109590198844671 -0.0785841867327690
vn -2.0089258917999939 2.6988787720603353 5.2975594716297190
v -0.0099928369745612 -0.0106067601591349 -0.0782662034034729
vn -1.8769624896168648 1.9906940796225627 5.6439684836083082
v -0.0100206099450588 -0.0102535998448730 -0.0784295201301575
vn -2.6229516150149603 3.9890088217687247 4.0802831101382342
v -0.0123959695920348 -0.0118437996134162 -0.0785486623644829
vn -2.5800831592126054 4.3945293302800073 3.6648506171517186
v -0.0123749896883965 -0.0119792204350233 -0.0783912464976311
vn -2.3492865052693475 4.2902483182089171 3.9254668736752749
v -0.0111507102847099 -0.0115675302222371 -0.0780669376254082
vn -2.9541829491152098 4.6498076725306596 3.0156777509201307
v -0.0148322498425841 -0.0130581203848124 -0.0789760872721672
vn -2.8567459206460466 4.9602000628635281 2.5782830156075347
v -0.0148054296150804 -0.0131604000926018 -0.0787764713168144
vn -2.7281592911618087 4.8634425904560876 2.8712534049549330
v -0.0135675603523850 -0.0126680098474026 -0.0783978104591370
vn -1.9579819551661355 5.7142618192440047 1.7055373808303795
v -0.0110407397150993 -0.0122876102104783 -0.0766450688242912
vn -2.1785972254043742 5.7031323993041054 1.4574197497037742
v -0.0122386803850532 -0.0126615697517991 -0.0768836066126823
vn -1.9628291282326207 5.9030956034163733 0.7882976908495557
v -0.0121895596385002 -0.0128201795741916 -0.0760193392634392
vn -1.5520671763002458 6.0735863346508046 0.2357018861770272
v -0.0109761301428080 -0.0125550599768758 -0.0749282166361809
vn -1.7208259555757086 6.0322679017347127 0.0375528739062053
v -0.0121514704078436 -0.0128694698214531 -0.0750995203852654
vn -1.4851997387311942 6.0657622952563361 -0.6254675589451373
v -0.0121231004595757 -0.0128088500350714 -0.0741329118609428
vn -2.1002992377801859 5.8796889505079832 -0.6369089205480108
v -0.0168334208428860 -0.0144299203529954 -0.0760183930397034
vn -2.3764770031355829 5.8116062045769095 -0.0927856377247681
v -0.0169320106506348 -0.0145317297428846 -0.0771017596125603
vn -2.4109680623681138 5.7852933537941924 -0.3950621113630997
v -0.0192440692335367 -0.0155151402577758 -0.0777902007102966
vn -2.9598205489392955 5.4844536631888907 0.7827325835711501
v -0.0194480400532484 -0.0155483400449157 -0.0795283317565918
vn -2.7870315941401960 5.6158737642180343 0.3899726466190139
v -0.0193774700164795 -0.0155715895816684 -0.0789552330970764
vn -2.7144717950700095 5.6165852558745470 0.7352412119001011
v -0.0170418601483107 -0.0145134897902608 -0.0781513378024101
vn -2.5908552946535082 5.7221782127602259 0.0079167121033970
v -0.0193093996495008 -0.0155600300058722 -0.0783756300806999
vn -0.7589230152760812 5.5625497485904543 -2.8124876436932391
v -0.0120812598615885 -0.0114560695365071 -0.0699011012911797
vn -0.9657497807669442 5.5259113224113321 -2.8163757043550239
v -0.0143049303442240 -0.0118696596473455 -0.0700420066714287
vn -0.8675197295718289 5.2655381804309611 -3.3107709167542976
v -0.0142804300412536 -0.0104653798043728 -0.0676128789782524
vn -0.2515502492229247 3.1231394592905275 -5.4453081111076136
v -0.0049401521682739 0.0052113528363407 -0.0560094714164734
vn -0.7977198295883219 3.4152881330226070 -5.2113118321737559
v -0.0144039299339056 -0.0000837308034534 -0.0583055615425110
vn -0.8211782910463074 3.1725620222702884 -5.3595930541688226
v -0.0144753996282816 0.0036448240280151 -0.0559945702552795
vn -0.5252930691806592 3.1428986036405471 -5.4141815025072360
v -0.0098278522491455 0.0046142330393195 -0.0560032688081264
vn -1.2892383866404218 3.2140526255902362 -5.2366772874330083
v -0.0172486305236816 0.0174182001501322 -0.0475580617785454
vn -1.0749237183391704 3.2104826107436697 -5.2874827222035883
v -0.0148691497743130 0.0182932596653700 -0.0475567504763603
vn -0.9215295282398086 3.0927845045696785 -5.3898896095919566
v -0.0146547500044107 0.0113838901743293 -0.0515804216265678
vn -4.7801152381628640 0.4523009152118078 4.0447395210485233
v -0.0309191308915615 -0.0181592702865601 -0.0912405177950859
vn -2.2789690940951273 4.8957169014135422 -3.1686930507163957
v -0.0277103707194328 -0.0135567104443908 -0.0663039609789848
vn -2.4699144816251799 4.8406740353350726 -3.0987876358155426
v -0.0286283399909735 -0.0140026798471808 -0.0662969872355461
vn -2.3523306654839335 4.4395826316611355 -3.7703186695185504
v -0.0286105796694756 -0.0131064001470804 -0.0652015209197998
vn -1.8267666332850478 5.8401117718463027 -1.3853219362924114
v -0.0335037708282471 -0.0223267003893852 -0.0837225914001465
vn -1.9499156063068652 5.7547612147565959 -1.5924231026963807
v -0.0332602784037590 -0.0216479804366827 -0.0814308524131775
vn -1.7784351365304325 5.7243431880769862 -1.8560275391301067
v -0.0314745306968689 -0.0207237601280212 -0.0802200436592102
vn -4.1045788396481351 4.5291232926987970 1.4194144988623978
v -0.0343268513679504 -0.0232582595199347 -0.0927668213844299
vn -4.4600715477492212 4.0149129662226146 1.8398170275034240
v -0.0343709513545036 -0.0230806991457939 -0.0933450385928154
vn -2.1246999759756688 5.8312425392918694 -0.9277047015524895
v -0.0337433181703091 -0.0228843595832586 -0.0860726833343506
vn -2.6812577502120036 5.4134200707476996 -1.7181329637029334
v -0.0333775207400322 -0.0197369400411844 -0.0751659199595451
vn -3.3050096666498185 3.4420436408395543 -4.0835390564936276
v -0.0323113687336445 -0.0087819090113044 -0.0582836791872978
vn -3.3121689250580157 3.7156113930308901 -3.8284843351605535
v -0.0321586690843105 -0.0113044902682304 -0.0606666207313538
vn -3.3549307372583561 3.1535605109367100 -4.2706156885135247
v -0.0324643813073635 -0.0059371590614319 -0.0559629686176777
vn -4.0068186615504464 2.8243916070149235 -3.9133370273650345
v -0.0332724414765835 0.0052611231803894 -0.0475667715072632
vn -3.7593792013678851 2.8336410829409395 -4.1413690152169380
v -0.0330379605293274 0.0027765629347414 -0.0495299100875854
vn -3.6264241898241587 2.8885335111183101 -4.2315648945971418
v -0.0328203402459621 0.0000082410197138 -0.0515932403504848
vn -3.1648714916200174 3.0219203707948625 -4.5015365374457978
v -0.0312318205833435 0.0018112650141120 -0.0515925213694572
vn -3.4614451432041613 4.2505116774364948 -3.0607970253245713
v -0.0327587090432644 -0.0162155590951443 -0.0656908079981804
vn -3.5050536819761109 4.2509641913111880 -3.0172971823712951
v -0.0327696204185486 -0.0164159499108791 -0.0659423395991325
vn -3.6960860827617434 4.6186847639657769 -2.0948986881455265
v -0.0327835008502007 -0.0166134200990200 -0.0662549063563347
vn -3.5891254454713835 4.4216115711313471 -2.6479770851621356
v -0.0327761694788933 -0.0165152493864298 -0.0660840198397636
vn -3.2897552360772955 4.2803816493178894 -3.2073174351719267
v -0.0319992303848267 -0.0156261306256056 -0.0657055899500847
vn -3.3204658803169536 4.2295934142150635 -3.2467769686445322
v -0.0319879017770290 -0.0152102103456855 -0.0651454329490662
vn -3.5789487130180273 4.9418829333247221 -1.4860383827266013
v -0.0328705310821533 -0.0173785593360662 -0.0684022307395935
vn -3.0421227370730302 5.2704115663343050 -1.5545539468629708
v -0.0331749916076660 -0.0189375206828117 -0.0729116201400757
vn -2.7691461307642968 5.3526330198303453 -1.7687353221013293
v -0.0323846302926540 -0.0184342805296183 -0.0726721212267876
vn -3.2766844077046922 3.9571528852298852 -3.6104737138522287
v -0.0320291481912136 -0.0134204002097249 -0.0629650875926018
vn -2.9903999279921702 4.3446644966532366 -3.4129014541381215
v -0.0311926603317261 -0.0146407401189208 -0.0651624724268913
vn -3.1324540279670883 4.7059565045462071 -2.6790068311232105
v -0.0312213301658630 -0.0154870701953769 -0.0662733912467957
vn -3.2603883311385564 4.2975056788129420 -3.2190060969891072
v -0.0320088192820549 -0.0158322397619486 -0.0659562870860100
vn -3.2072122321778491 5.0016930194728033 -2.0388155945879136
v -0.0312516614794731 -0.0158941093832254 -0.0672122836112976
vn -3.4268210782538411 4.7374039140116802 -2.2775064008167609
v -0.0320213399827480 -0.0160354897379875 -0.0662643313407898
vn -3.3174233842830319 4.4976154817183254 -2.8655918186128972
v -0.0320147201418877 -0.0159343406558037 -0.0660965964198112
vn -2.8687905717340505 5.2297054258920674 -1.9605757779647137
v -0.0304521899670362 -0.0157976709306240 -0.0682228803634644
vn -3.2991481355071826 5.0808613667089846 -1.6517208927912757
v -0.0321007892489433 -0.0168262701481581 -0.0683399364352226
vn -3.4041947812745299 4.9644532772090759 -1.7922789253759706
v -0.0320551283657551 -0.0164314508438110 -0.0672330185770988
vn -3.7045586706759588 4.8276767457225098 -1.5569878293755943
v -0.0328208208084106 -0.0169967394322157 -0.0672544166445732
vn -2.3868194023286744 5.5626882749846231 -1.6777363206295668
v -0.0336037799715996 -0.0205457191914320 -0.0774370431900024
vn -2.3614360492814006 5.7875306427720501 -0.5306662092741529
v -0.0339722596108913 -0.0232768002897501 -0.0884828492999077
vn -2.8028527582749763 5.6109368697165865 -0.1786175797850934
v -0.0322504006326199 -0.0224502608180046 -0.0877258107066154
vn -3.1025565392879879 5.4492827302485543 0.2024668049942151
v -0.0323536917567253 -0.0225042700767517 -0.0888478085398674
vn -2.9920277575873513 5.5102627036231366 0.1982288285669467
v -0.0341838002204895 -0.0234476309269667 -0.0909482836723328
vn -3.3294901038110765 5.2858089578347540 0.5811126853077208
v -0.0342331491410732 -0.0234308801591396 -0.0915639922022820
vn -4.7350424387107575 3.4823612491296894 2.2072056731132204
v -0.0344132110476494 -0.0228300597518682 -0.0938999578356743
vn -4.9385328869353167 2.9561601809340341 2.5099703372931037
v -0.0344534516334534 -0.0225086808204651 -0.0944176912307739
vn -5.2945579376530443 0.9903400583933482 3.2220610816125754
v -0.0345832705497742 -0.0206308905035257 -0.0958282276988029
vn -5.2147324694273802 1.7757796944319468 3.0056496154076977
v -0.0345258116722107 -0.0216744504868984 -0.0952768325805664
vn -5.2992337176939177 0.3585429349616608 3.3496749353053397
v -0.0346300005912781 -0.0194409992545843 -0.0961279198527336
vn -5.0947445561194513 2.4170007160390989 2.7628866651746296
v -0.0344913005828857 -0.0221213102340698 -0.0948821306228638
vn -1.9125704814039557 5.7882209158398510 -1.4813175886072323
v -0.0316987000405788 -0.0213958006352186 -0.0822994709014893
vn -1.8254715833543489 5.6788576896325553 -1.9509354523323421
v -0.0295779705047607 -0.0197593495249748 -0.0791459605097771
vn -3.4959862151822811 5.1731730545330006 0.6566199015244777
v -0.0304591599851847 -0.0214242897927761 -0.0874563977122307
vn -3.7515729709700221 4.9189132612810269 1.0647521370403012
v -0.0305088702589273 -0.0213763695210218 -0.0879532620310783
vn -3.7327529708800160 4.9420150205044457 1.0111766447141801
v -0.0324531681835651 -0.0224398896098137 -0.0899573490023613
vn -4.0534408308555196 4.5630634027947119 1.4578024815065778
v -0.0325012207031250 -0.0223393402993679 -0.0904976725578308
vn -5.0512268692915283 0.4155456624480932 3.7066105362980108
v -0.0328377410769463 -0.0188826303929090 -0.0935788676142693
vn -5.0659013740809407 0.9828932876343112 3.5777556153500840
v -0.0327821299433708 -0.0199648700654507 -0.0932943224906921
vn -5.0509427722583506 1.5021034783523053 3.4164317793654533
v -0.0327521488070488 -0.0204588100314140 -0.0930742025375366
vn -5.0053227735499135 2.0187686350714005 3.2089711563517720
v -0.0327184200286865 -0.0209115091711283 -0.0927867218852043
vn -4.9137391582249359 2.5653156654920020 2.9494559422110265
v -0.0326797291636467 -0.0213155709207058 -0.0924249216914177
vn -4.7772526763984304 3.0945946975009488 2.6500740347547733
v -0.0326374694705009 -0.0216651502996683 -0.0920001193881035
vn -4.5925844898425083 3.6065132097165842 2.3048614639976428
v -0.0325934216380119 -0.0219547096639872 -0.0915280506014824
vn -4.3500207041000367 4.1042078994635514 1.9033166269109567
v -0.0325480103492737 -0.0221800804138184 -0.0910230800509453
vn -2.7966741832911350 4.0939394355152752 -3.8551696959960484
v -0.0304096303880215 -0.0122271096333861 -0.0629869103431702
vn -2.5427289183545101 4.4257988308893523 -3.6629431435645010
v -0.0295003000646830 -0.0135908098891377 -0.0651899501681328
vn -2.7948750178477093 4.3692951227000192 -3.5439794378830203
v -0.0303620100021362 -0.0141017399728298 -0.0651768967509270
vn -2.6639719375431659 4.8136044011408714 -2.9766677586436976
v -0.0295212194323540 -0.0144721800461411 -0.0662896037101746
vn -2.8778792487400762 4.7734548169608475 -2.8389869991719503
v -0.0303867403417826 -0.0149664804339409 -0.0662816688418388
vn -2.7629359384510743 5.1325024655818003 -2.3435914966219467
v -0.0295460205525160 -0.0148965697735548 -0.0671738907694817
vn -2.9271204689677006 5.1350519369496963 -2.1262821556432647
v -0.0304142199456692 -0.0153828198090196 -0.0671927332878113
vn -2.1293367993984433 4.8864432284286083 -3.2831195465320131
v -0.0267690997570753 -0.0131337000057101 -0.0663104578852654
vn -2.1436458192032606 5.3495115824348405 -2.4982988961523973
v -0.0268124900758266 -0.0140098296105862 -0.0680198594927788
vn -2.4763094017407421 5.3136351100105319 -2.2529037953607882
v -0.0286819301545620 -0.0148615203797817 -0.0681164786219597
vn -2.5273742161135040 5.2207293337882037 -2.4123962002816923
v -0.0286505799740553 -0.0144336801022291 -0.0671558305621147
vn -1.5073960226996665 5.4400152161035864 -2.7563700764485572
v -0.0229529701173306 -0.0141866197809577 -0.0708746910095215
vn -1.7359244718469857 5.5511797658872508 -2.3715094939097723
v -0.0272557698190212 -0.0173385106027126 -0.0748308822512627
vn -1.8280364143263057 5.4424024686024381 -2.5504840163190812
v -0.0269866492599249 -0.0157146397978067 -0.0714737698435783
vn -1.8537281319730197 5.5618767019674928 -2.2545633388028610
v -0.0291982199996710 -0.0182359796017408 -0.0754678174853325
vn -2.1008345077664279 5.4353430628896060 -2.3479535597371664
v -0.0288881603628397 -0.0165655594319105 -0.0718290209770203
vn -1.9812126129103178 5.5858799538340920 -2.0808941349614525
v -0.0310503803193569 -0.0191535893827677 -0.0761875510215759
vn -2.3896609788359000 5.4162178779315617 -2.1016312476799763
v -0.0306949596852064 -0.0174720194190741 -0.0722271203994751
vn -2.2318269454520610 5.5863737458383875 -1.8115315428420313
v -0.0327892303466797 -0.0200804397463799 -0.0769984722137451
vn -2.1511016537208030 5.7939362888975507 -1.0456564411831566
v -0.0319236516952515 -0.0219452902674675 -0.0844298601150513
vn -2.0261142604300937 5.7392692318664231 -1.5289314221686845
v -0.0297831203788519 -0.0204009395092726 -0.0810344219207764
vn -1.8546627067570625 5.6560708041022982 -1.9914767700006726
v -0.0275935493409634 -0.0187777802348137 -0.0781964585185051
vn -3.1764358707587474 5.4053494644446767 0.1791128556978391
v -0.0304087400436401 -0.0214367508888245 -0.0869532227516174
vn -3.4211155417051868 5.2271289685697226 0.6015924430838928
v -0.0324039384722710 -0.0224917493760586 -0.0894060730934143
vn -3.7236027483399510 4.9525500068572095 0.9881458640668349
v -0.0342807695269585 -0.0233713891357183 -0.0921716019511223
vn -2.6858061367487185 5.6444003298823517 -0.4759472764894249
v -0.0302028600126505 -0.0212804004549980 -0.0849379822611809
vn -2.1030596741248315 5.7136893584548591 -1.5270138492627729
v -0.0277801100164652 -0.0193705502897501 -0.0799139663577080
vn -2.3053043735693972 5.7366787512773785 -1.0534044133913216
v -0.0299928691238165 -0.0209199097007513 -0.0829642415046692
vn -2.4761212970417437 5.7320712162869709 -0.5773942716221798
v -0.0321438312530518 -0.0223319493234158 -0.0866137072443962
vn -2.5800814466032458 5.7122406756904205 -0.1887796746903252
v -0.0340806208550930 -0.0233958307653666 -0.0897102281451225
vn -4.8269090465496252 1.0684696564485445 3.8706739229104272
v -0.0308563709259033 -0.0191390495747328 -0.0909737870097160
vn -4.8366972217613631 1.6074709531245464 3.6684637878751452
v -0.0308240000158548 -0.0195859000086784 -0.0907720923423767
vn -4.8096565788261465 2.1375493781217028 3.4232685413903088
v -0.0307878199964762 -0.0199950300157070 -0.0905103012919426
vn -4.7395634392541446 2.6835384795758301 3.1235050439066478
v -0.0307461004704237 -0.0203596893697977 -0.0901816412806511
vn -4.6274964413981445 3.2006319544078261 2.7861481957581664
v -0.0307006798684597 -0.0206748191267252 -0.0897967815399170
vn -4.4722874769944942 3.6895559620326228 2.4082690375906175
v -0.0306539498269558 -0.0209361892193556 -0.0893700718879700
vn -4.2679797052896138 4.1543323770499399 1.9814425100969504
v -0.0306063201278448 -0.0211398601531982 -0.0889143273234367
vn -4.0196388841320774 4.5746108175958300 1.5205450618927701
v -0.0305579900741577 -0.0212844591587782 -0.0884404107928276
vn -1.8746088531612963 5.6552817772591961 -1.9764164469888676
v -0.0255344491451979 -0.0177994295954704 -0.0773578211665154
vn -2.4035437378370386 4.1728646744732565 -4.0326917363268091
v -0.0286610703915358 -0.0111533896997571 -0.0630015730857849
vn -2.0471122431647411 4.2175116303585574 -4.1800493911844478
v -0.0268073007464409 -0.0101892901584506 -0.0630102083086967
vn -2.0662373644109682 3.9042347745919095 -4.4641089410392816
v -0.0269263293594122 -0.0077795977704227 -0.0606735907495022
vn -1.7714786430493126 3.8986843319026647 -4.5934243777803809
v -0.0249750595539808 -0.0068256850354373 -0.0606727600097656
vn -1.7934791491565503 3.5524004519120855 -4.8590254265287109
v -0.0251169204711914 -0.0038566580042243 -0.0582874417304993
vn -1.5005857091762622 3.5313002243315577 -4.9725447519044517
v -0.0230800490826368 -0.0029047129210085 -0.0582906603813171
vn -1.0955361652475797 3.1049924982319119 -5.3497327026602850
v -0.0169683005660772 0.0106325102970004 -0.0515819713473320
vn -1.2907762064079420 3.1174087011779670 -5.2990692538597468
v -0.0192344691604376 0.0097602000460029 -0.0515835806727409
vn -1.5315179889793202 3.2311991514055962 -5.1589687737861025
v -0.0195707008242607 0.0164040308445692 -0.0475594401359558
vn -1.5160816898893297 3.1209180475783382 -5.2367668973412886
v -0.0214449707418680 0.0087641468271613 -0.0515853092074394
vn -2.0197017749121469 4.4486136192323666 -3.9486813373339720
v -0.0267566405236721 -0.0122132301330566 -0.0652202889323235
vn -1.7498695019495925 4.2265741556851557 -4.3037031286451723
v -0.0248641297221184 -0.0093265771865845 -0.0630141422152519
vn -1.4744649589174375 3.8812724691952787 -4.7117027367277391
v -0.0229484401643276 -0.0059711928479373 -0.0606709681451321
vn -1.1369712471056135 3.4742414829699975 -5.1078770638387825
v -0.0188255906105042 -0.0013037320459262 -0.0582981109619141
vn -4.2011957151269392 0.5551413228166505 4.6296851677155315
v -0.0267771407961845 -0.0163785200566053 -0.0871708318591118
vn -4.4966222369200954 0.4968009895858311 4.3514842612068207
v -0.0288941804319620 -0.0173124596476555 -0.0891074463725090
vn -4.3124845762283321 1.2288895427763229 4.3933764045980706
v -0.0267066303640604 -0.0171721503138542 -0.0869440436363220
vn -4.5759786613615328 1.1496395098924403 4.1417912260706675
v -0.0288264099508524 -0.0181958004832268 -0.0888603925704956
vn -4.3688141817772559 1.7995122830883457 4.1355851682312723
v -0.0266721192747355 -0.0175348501652479 -0.0867782831192017
vn -4.6092075465696389 1.7068593596980282 3.9080667846915698
v -0.0287925601005554 -0.0185989700257778 -0.0886769220232964
vn -4.3854343388710415 2.3399461195807394 3.8348539483275688
v -0.0266339108347893 -0.0178669001907110 -0.0865659713745117
vn -4.6040813537371834 2.2437853933149015 3.6310074413583755
v -0.0287548303604126 -0.0189677402377129 -0.0884402915835381
vn -4.3613663568868732 2.8812379888764701 3.4775173709222607
v -0.0265899803489447 -0.0181633196771145 -0.0863018631935120
vn -4.5570605058465325 2.7881619272500764 3.2981056235678401
v -0.0287113692611456 -0.0192964002490044 -0.0881444811820984
vn -4.2972190722854240 3.3786534853346084 3.0885055661754985
v -0.0265426598489285 -0.0184205099940300 -0.0859941765666008
vn -4.4693058891851880 3.2947425502602048 2.9308688297136394
v -0.0286643505096436 -0.0195808392018080 -0.0877988934516907
vn -4.1959548269654574 3.8322541306010685 2.6697652802455694
v -0.0264946799725294 -0.0186359193176031 -0.0856541916728020
vn -4.3417362595609221 3.7647989027204209 2.5282947111377911
v -0.0286162998527288 -0.0198174696415663 -0.0874164700508118
vn -4.0565031158235794 4.2485616734731879 2.2159539423224373
v -0.0264466404914856 -0.0188068095594645 -0.0852914974093437
vn -4.1713046558569724 4.2031433536602893 2.0839306681056895
v -0.0285679101943970 -0.0200030803680420 -0.0870083495974541
vn -3.8832726314178241 4.6157949896521409 1.7419815842836841
v -0.0263985302299261 -0.0189319793134928 -0.0849143192172050
vn -3.9632285751840635 4.5933276395221050 1.6139221445381966
v -0.0285191498696804 -0.0201363507658243 -0.0865840911865234
vn -3.6495104409731054 4.9628929907255515 1.1926235870379616
v -0.0263504907488823 -0.0190162006765604 -0.0845263004302979
vn -3.6915870828637702 4.9590735276578801 1.0649555335145215
v -0.0284700300544500 -0.0202229600399733 -0.0861478969454765
vn -3.3418395875550275 5.2806065264515833 0.5699764744310944
v -0.0262547694146633 -0.0190877299755812 -0.0837280675768852
vn -3.3304382758136009 5.2983579497595157 0.4364006677937784
v -0.0283712092787027 -0.0202860198915005 -0.0852518603205681
vn -3.0699275536488981 5.4783280981227485 0.0707000834635292
v -0.0261595807969570 -0.0190716907382011 -0.0829173326492310
vn -3.0135655328034971 5.5081701194166852 -0.0572509319648445
v -0.0282717905938625 -0.0202512703835964 -0.0843441411852837
vn -2.8109995715687783 5.6008551226720886 -0.3723704817836553
v -0.0260652303695679 -0.0190037395805120 -0.0821088477969170
vn -2.7496803752471313 5.6212865220894770 -0.4837832675282267
v -0.0281721893697977 -0.0201600696891546 -0.0834419131278992
vn -2.4692278809913946 5.6937952976756563 -0.9292527062570961
v -0.0258804503828287 -0.0187399294227362 -0.0805060788989067
vn -1.1999420186672751 5.4652827866571405 -2.8531624547535444
v -0.0186937991529703 -0.0128997499123216 -0.0704028606414795
vn -1.3651825992532154 5.6382789697883453 -2.4066006373101509
v -0.0188259407877922 -0.0141376201063395 -0.0729473829269409
vn -1.5913580402223382 5.5736567330905009 -2.4141020603908410
v -0.0231507997959852 -0.0156447794288397 -0.0737698599696159
vn -3.5963566959913393 0.6738942138508933 5.0974033386664885
v -0.0223067402839661 -0.0143709704279900 -0.0838515684008598
vn -3.9080028090448096 0.6151046103131811 4.8715595286246538
v -0.0245789792388678 -0.0153885399922729 -0.0854218006134033
vn -3.7420808899440403 1.3896493557300895 4.8442569696523368
v -0.0222373008728027 -0.0150072500109673 -0.0836645290255547
vn -4.0352911143791648 1.3083208084399667 4.6269956580245664
v -0.0245078802108765 -0.0160998106002808 -0.0852151513099670
vn -3.8368059281801048 1.9719875042104282 4.5624520710659677
v -0.0222041606903076 -0.0152996098622680 -0.0835314318537712
vn -4.1126464488459336 1.8875296909990371 4.3530798967734565
v -0.0244736000895500 -0.0164254903793335 -0.0850662514567375
vn -3.8910639013635597 2.5078914009305193 4.2405971329319962
v -0.0221679806709290 -0.0155690303072333 -0.0833638906478882
vn -4.1494735337163124 2.4279883807688636 4.0371822861240663
v -0.0244359299540520 -0.0167244002223015 -0.0848770663142204
vn -3.9088029991659354 3.0357549033936579 3.8630678084823100
v -0.0221267305314541 -0.0158114396035671 -0.0831580683588982
vn -4.1474425296332633 2.9633110388753656 3.6652349726550493
v -0.0243928395211697 -0.0169920902699232 -0.0846431180834770
vn -3.8889942017701631 3.5122570037557717 3.4588277994843315
v -0.0220826193690300 -0.0160247609019279 -0.0829199478030205
vn -4.1061689067028251 3.4508117837379380 3.2638156434459340
v -0.0243464708328247 -0.0172257404774427 -0.0843713805079460
vn -3.8358571794240262 3.9400296328779807 3.0312722147153091
v -0.0220384001731873 -0.0162075702100992 -0.0826573893427849
vn -4.0295612626342070 3.8913950636359345 2.8359368452307652
v -0.0242997407913208 -0.0174232702702284 -0.0840714499354362
vn -3.7514409135093763 4.3239545485348536 2.5803774360436185
v -0.0219946503639221 -0.0163577105849981 -0.0823771879076958
vn -3.9185634323188170 4.2901409715869505 2.3794566125909933
v -0.0242532398551702 -0.0175822898745537 -0.0837516114115715
vn -3.6396989208336299 4.6575381531821751 2.1199141173030132
v -0.0219513103365898 -0.0164746008813381 -0.0820850729942322
vn -3.7774693807346575 4.6383461139100763 1.9090563989708031
v -0.0242070499807596 -0.0177021604031324 -0.0834185406565666
vn -3.4825473070873150 4.9735593126821689 1.5930600274387672
v -0.0219085197895765 -0.0165613796561956 -0.0817835927009583
vn -3.5839100273224593 4.9671300340169013 1.3681075516718924
v -0.0241611003875732 -0.0177866201847792 -0.0830755233764648
vn -3.2578214660756419 5.2742667603944806 0.9877917502848568
v -0.0218241792172194 -0.0166625902056694 -0.0811599418520927
vn -3.3191973745201420 5.2737978316949343 0.7513934621600447
v -0.0240701399743557 -0.0178711991757154 -0.0823681876063347
vn -3.0398898307591624 5.4750176825771089 0.4845106554662673
v -0.0217419806867838 -0.0166963301599026 -0.0805209204554558
vn -3.0744499288082530 5.4711995593467133 0.2485890840900667
v -0.0239805504679680 -0.0178784094750881 -0.0816470906138420
vn -2.8166768228401073 5.6117585931984788 0.0178523983745380
v -0.0216618105769157 -0.0166867300868034 -0.0798770710825920
vn -2.8329762626769583 5.5992977242634359 -0.2059343052030638
v -0.0238927602767944 -0.0178381204605103 -0.0809248015284538
vn -2.5010726098451772 5.7271993726159263 -0.5800648708107911
v -0.0215088091790676 -0.0165567304939032 -0.0785815715789795
vn -2.4973964668913911 5.7038597290931481 -0.7873322557688116
v -0.0237227603793144 -0.0176380202174187 -0.0794835016131401
vn -2.1645822301646866 5.7715582955485427 -1.1927968919177476
v -0.0213660001754761 -0.0162938795983791 -0.0772781297564507
vn -2.1275848808402285 5.8279078092047216 -0.9629441794591977
v -0.0191217008978128 -0.0153325200080872 -0.0766040012240410
vn -1.8507793698051824 5.8026898823757307 -1.5285107069880661
v -0.0190108399838209 -0.0150352697819471 -0.0754004716873169
vn -1.7488420116522443 5.8896839622496149 -1.2938395312621145
v -0.0167461596429348 -0.0142153501510620 -0.0749068781733513
vn -2.1700580823104905 5.7316279649944928 -1.3624158154567021
v -0.0235619507730007 -0.0172983407974243 -0.0780479311943054
vn -1.8112733024064145 5.7342833594599671 -1.7941505718368453
v -0.0212347507476807 -0.0159144401550293 -0.0759689807891846
vn -1.5938305342484729 5.7517729240476791 -1.9521349984586076
v -0.0189120694994926 -0.0146335903555155 -0.0741822123527527
vn -1.5657360203117590 3.2473827467615721 -5.1446436157417219
v -0.0232304297387600 0.0005181820015423 -0.0559745989739895
vn -1.3326221143592369 3.2141792357260881 -5.2308342481366008
v -0.0211163107305765 0.0014581680297852 -0.0559794902801514
vn -1.1194980814205062 3.2018425426313559 -5.2878291870013516
v -0.0189456306397915 0.0022904870565981 -0.0559846088290215
vn -1.1056891387464169 3.8123698693739794 -4.8664307157594351
v -0.0187227092683315 -0.0045425891876221 -0.0606655403971672
vn -1.4511643595123001 4.2249205919539587 -4.4146216042516508
v -0.0228466894477606 -0.0085579752922058 -0.0630144998431206
vn -1.7352948532229830 4.4697740615648769 -4.0587409156075411
v -0.0248149000108242 -0.0114143397659063 -0.0652343630790710
vn -1.8411674161584544 4.9157484163190892 -3.4089555465264421
v -0.0248230602592230 -0.0123530002310872 -0.0663223192095757
vn -2.1839236367697366 5.2561458310606746 -2.6587070722035877
v -0.0267868004739285 -0.0135746002197266 -0.0671222805976868
vn -2.3894611666766394 5.1935953904410272 -2.6057384995266313
v -0.0277302805334330 -0.0139932604506612 -0.0671386718750000
vn -0.7430624453363529 3.0791005530761892 -5.4252999534481070
v -0.0122994696721435 0.0120174800977111 -0.0515790507197380
vn -0.8748892447568054 3.2056888233599468 -5.3274946828481617
v -0.0124419303610921 0.0190305691212416 -0.0475555583834648
vn -0.5566750991415466 3.0634977536501768 -5.4559069181488553
v -0.0098937740549445 0.0125383101403713 -0.0515777990221977
vn -0.6903271277633455 3.2043388090424378 -5.3558343918420768
v -0.0099866976961493 0.0196288805454969 -0.0475544892251492
vn -0.5053737685749283 3.1979632890916383 -5.3802942079329759
v -0.0075112581253052 0.0200910493731499 -0.0475535318255424
vn -0.1802088587818876 3.1037567422193235 -5.4510686793406720
v -0.0025147190317512 0.0206168796867132 -0.0475523993372917
vn -0.2701285875754475 3.0442000520953241 -5.4874600255098755
v -0.0049722790718079 0.0132352700456977 -0.0515759512782097
vn -0.3226498469136278 3.1873976135821414 -5.4001612826676180
v -0.0050196051597595 0.0204199496656656 -0.0475528798997402
vn -0.2572670216318822 3.3457228614558780 -5.3108651011531576
v -0.0049310917966068 0.0013361569726840 -0.0583168193697929
vn -0.5092046433771957 3.3678937583055024 -5.2782608428942392
v -0.0098081231117249 0.0007913609733805 -0.0583120509982109
vn -0.4891112350185101 3.6870587188657122 -5.0603839943873234
v -0.0097985863685608 -0.0026877520140260 -0.0606535002589226
vn -0.7709307122258188 3.7449229153771819 -4.9820372797847048
v -0.0143464198336005 -0.0034620759543031 -0.0606594011187553
vn -0.7601021194365504 4.1437298591281237 -4.6556410043905903
v -0.0143045699223876 -0.0063281049951911 -0.0629972815513611
vn -1.0894131968489236 4.1836571485519620 -4.5547981941405808
v -0.0186441503465176 -0.0072823758237064 -0.0630081817507744
vn -1.1048882255376307 4.4989315433184558 -4.2417860945397905
v -0.0186045095324516 -0.0095217218622565 -0.0652566477656364
vn -1.4503075325941910 4.4906344364288495 -4.1461963175489851
v -0.0227996092289686 -0.0107026100158691 -0.0652445480227470
vn -1.5615182627995554 4.9298594850740862 -3.5331763129127838
v -0.0228043105453253 -0.0116543704643846 -0.0663327500224113
vn -0.2452101365517389 4.0846797544676798 -4.7597840850304598
v -0.0049262638203800 -0.0052102799527347 -0.0629743933677673
vn -0.2494907139256534 3.6486863029932288 -5.1054188503314304
v -0.0049267997965217 -0.0021992919500917 -0.0606490299105644
vn -0.4848596356664142 4.1088933427227792 -4.7215243416730752
v -0.0097967376932502 -0.0056462879292667 -0.0629846975207329
vn -0.7854281238237091 4.5136268087646529 -4.2960715432961054
v -0.0142816901206970 -0.0086390366777778 -0.0652615427970886
vn -1.1770041216104130 4.9226754138330175 -3.7011752164764884
v -0.0186040401458740 -0.0104879699647427 -0.0663499236106873
vn -1.5899353487268735 5.3158951859864629 -2.9452050869720097
v -0.0228319093585014 -0.0125418296083808 -0.0678532123565674
vn -1.8459141068802631 5.3245352072460665 -2.7745207033178438
v -0.0248579904437065 -0.0132381301373243 -0.0679323002696037
vn -0.5102164993265534 4.5270347820936454 -4.3219657862582102
v -0.0097961416468024 -0.0080081820487976 -0.0652613565325737
vn -0.8389465476525495 4.9120485684773723 -3.8142754712044997
v -0.0142781697213650 -0.0096089830622077 -0.0663627907633781
vn -1.1934253171335678 5.2855808575719188 -3.1773541545156418
v -0.0186188202351332 -0.0113654695451260 -0.0677183195948601
vn -1.8382391788796737 5.9935462075629573 -0.1675847574178655
v -0.0133285503834486 -0.0132219102233648 -0.0752988979220390
vn -1.9808612241082011 5.9463688165407751 -0.3085064728277548
v -0.0145093202590942 -0.0136018302291632 -0.0755178332328796
vn -1.6808344798112169 5.9694964910119683 -0.9658576751213798
v -0.0144496504217386 -0.0134674897417426 -0.0744852423667908
vn -2.5751585534508967 5.7166904484194783 0.3768741362401054
v -0.0169855300337076 -0.0145380403846502 -0.0776311680674553
vn -2.5930770063760105 5.6676128615313504 0.7720472613482007
v -0.0158580504357815 -0.0140120303258300 -0.0777916908264160
vn -2.6061885319869464 5.5006340605222119 1.5463148981350892
v -0.0147061301395297 -0.0134444795548916 -0.0779167413711548
vn -3.1510723623293320 5.2760992440749401 1.2840927755051332
v -0.0195211693644524 -0.0154861798509955 -0.0800930783152580
vn -2.8746586555316327 5.4620664729355575 1.1600555381515170
v -0.0171009302139282 -0.0144568001851439 -0.0786615610122681
vn -3.5459950843666346 4.3470482051878321 2.8216542040811534
v -0.0196748301386833 -0.0151587696745992 -0.0811590477824211
vn -3.4614456381003689 4.6692470325862052 2.3782381748430081
v -0.0196355506777763 -0.0152747603133321 -0.0809042379260063
vn -3.2466328989291346 4.6649375076822661 2.6721612011425444
v -0.0172610804438591 -0.0141274295747280 -0.0798690319061279
vn -3.1884645043940298 4.9423699472018674 2.1958772359113921
v -0.0172276403754950 -0.0142235700041056 -0.0796394273638725
vn -3.0033160242731625 5.0740070568854323 2.1702613337666925
v -0.0160242896527052 -0.0136801600456238 -0.0791900083422661
vn -3.6057457026529276 3.9768127285333676 3.2580036011144351
v -0.0197148304432631 -0.0150149995461106 -0.0814028903841972
vn -3.2923250757275477 4.3566331140920731 3.1012976289953476
v -0.0172952990978956 -0.0140105998143554 -0.0800902768969536
vn -3.3380950161747380 4.9760269423977954 1.8733493538313211
v -0.0195968691259623 -0.0153655996546149 -0.0806406065821648
vn -3.0534825276893067 5.2333967935036378 1.6418285351363935
v -0.0171628501266241 -0.0143651301041245 -0.0791599676012993
vn -2.8829933902246161 5.2309722174922433 1.9404303517845753
v -0.0159658696502447 -0.0138324396684766 -0.0787416100502014
vn -2.7592335782083737 5.2436783221791039 2.0734588327143544
v -0.0147542301565409 -0.0133236004039645 -0.0783569812774658
vn -2.1001174043760602 5.8790371339871434 0.5809080347206810
v -0.0133819496259093 -0.0132077299058437 -0.0762544199824333
vn -2.3295052247363057 5.6956714979626337 1.2337066727439192
v -0.0134468004107475 -0.0130818402394652 -0.0771594569087029
vn -2.2087051593447273 5.8565814247390495 0.3884196574313294
v -0.0145795904099941 -0.0136249596253037 -0.0765123292803764
vn -2.4349450437822400 5.6929888297319406 1.0267833650957299
v -0.0146610699594021 -0.0135338902473450 -0.0774615406990051
vn -2.3161846908012378 5.8247653347368491 0.1531506895608679
v -0.0157617293298244 -0.0140672298148274 -0.0767942592501640
vn -3.6381339626235123 3.0983530646927275 4.0723815184597854
v -0.0197958294302225 -0.0146480202674866 -0.0818384811282158
vn -3.6371512608594898 3.5636969504783247 3.6739778436079797
v -0.0197553001344204 -0.0148442303761840 -0.0816311836242676
vn -3.3428880206487581 3.5999463224617978 3.9109483525858804
v -0.0173656903207302 -0.0137099595740438 -0.0804988667368889
vn -3.3298105666795244 4.0008208733885349 3.5128174914350980
v -0.0173301100730896 -0.0138713102787733 -0.0803013965487480
vn -3.0125569050323087 4.0070012009884719 3.7822783358848358
v -0.0148882800713181 -0.0128025999292731 -0.0793499276041985
vn -3.0202192694800916 4.3289876250545696 3.4029616524396031
v -0.0148599101230502 -0.0129393897950649 -0.0791677236557007
vn -2.8056420418122623 4.5601302699382753 3.2875879379829569
v -0.0136146498844028 -0.0124423503875732 -0.0787625908851624
vn -3.6039521329652402 2.5820879019475722 4.4452535836253730
v -0.0198339801281691 -0.0144273601472378 -0.0820183083415031
vn -3.3283348417095682 3.1489715300326995 4.2930522272813274
v -0.0174014493823051 -0.0135277500376105 -0.0806782767176628
vn -2.9946087701164181 3.6212369383790164 4.1655405994180601
v -0.0149175496771932 -0.0126483403146267 -0.0795200392603874
vn -1.7603193549298903 1.2248139768906823 5.8986049016523285
v -0.0100514795631170 -0.0098735690116882 -0.0785417482256889
vn -2.0534709866801584 0.5439004013665067 5.9110356890219187
v -0.0126029802486300 -0.0101243201643229 -0.0793314501643181
vn -2.2146443468955641 1.1182748123023218 5.7651254126375964
v -0.0125432601198554 -0.0105608701705933 -0.0792533680796623
vn -2.4160378880525997 0.4390418050563167 5.7808474334084332
v -0.0151484599336982 -0.0109328599646688 -0.0802413821220398
vn -2.5746985788895755 1.0061025247828737 5.6354513107627273
v -0.0150766903534532 -0.0114158298820257 -0.0801540017127991
vn -2.3632773884683593 0.5645122863233148 5.7756724976754104
v -0.0176358204334974 -0.0118196597322822 -0.0813197419047356
vn -2.8817310346945826 0.8629173204071096 5.5058492833402539
v -0.0175536796450615 -0.0123581197112799 -0.0812214016914368
vn -3.2593008738500755 0.7277917183139596 5.3102030129901774
v -0.0199645105749369 -0.0133522702381015 -0.0824531316757202
vn -2.1629766893992484 2.0678072434809107 5.5201338057232157
v -0.0112569900229573 -0.0105923395603895 -0.0787568017840385
vn -2.3842906666659802 1.7509224864589203 5.5369448576628679
v -0.0125011196359992 -0.0109766703099012 -0.0791299268603325
vn -2.4867426774015238 2.2867245453776683 5.2939812384656788
v -0.0124821597710252 -0.0111727099865675 -0.0790466591715813
vn -2.7298015536040312 1.6625171179163112 5.4027733655226378
v -0.0150248399004340 -0.0118745500221848 -0.0800174400210381
vn -2.8408965788052822 2.2210450837053806 5.1408031155999128
v -0.0150008704513311 -0.0120891295373440 -0.0799240395426750
vn -3.0938537038567215 1.5655985203827583 5.2324978700482347
v -0.0174936596304178 -0.0128679797053337 -0.0810695812106133
vn -3.2067487416418534 2.1379129907931644 4.9573260177642879
v -0.0174655895680189 -0.0131047898903489 -0.0809643790125847
vn -3.4294185088752100 1.4745986682708199 5.0463000505037723
v -0.0198987107723951 -0.0139213204383850 -0.0822844505310059
vn -3.5364469104071024 2.0556650145740654 4.7638434740668139
v -0.0198675896972418 -0.0141839897260070 -0.0821660086512566
vn -3.2821317790227300 2.6490441202042172 4.6508403425093841
v -0.0174354296177626 -0.0133256297558546 -0.0808346793055534
vn -2.9175446853543736 2.7115796844717508 4.8538959054972413
v -0.0149754798039794 -0.0122907096520066 -0.0798103809356689
vn -2.5547526921193975 2.7481798564660536 5.0353027732705860
v -0.0124623700976372 -0.0113584902137518 -0.0789467021822929
vn -2.4078213368247217 5.7037035916332224 -1.0160568959967682
v -0.0279740002006292 -0.0198417901992798 -0.0816617608070374
vn -2.1491592731972875 5.7116789839830124 -1.4727178544396555
v -0.0257027093321085 -0.0183297302573919 -0.0789227411150932
vn -1.8652768238876276 5.6741760652884352 -1.9274289654777845
v -0.0234118700027466 -0.0168402101844549 -0.0766186714172363
vn -1.2059856219075396 5.7750769401044675 -2.1451950320900903
v -0.0143597703427076 -0.0128741804510355 -0.0723268315196037
vn -0.8695136357431451 5.7521282078305180 -2.3663371770730666
v -0.0120835900306702 -0.0119597297161818 -0.0710116028785706
vn -0.6373518393790756 5.5773779477359433 -2.8071635356327027
v -0.0097791552543640 -0.0111117297783494 -0.0697911307215691
vn -0.5581245208128627 5.2567498615271999 -3.3863038695155394
v -0.0097901821136475 -0.0098154535517097 -0.0675376579165459
vn -0.5446412941715250 4.9004421479504758 -3.8874439349661465
v -0.0097941746935248 -0.0089784860610962 -0.0663715004920959
vn -0.2886849190555413 5.1059381268371968 -3.6388990112101340
v -0.0049265618436038 -0.0094025125727057 -0.0674925372004509
vn -0.2727410105288396 4.6005654176297401 -4.2573725747565874
v -0.0049270391464233 -0.0076022739522159 -0.0652590915560722
vn -0.2869131701504873 5.6834809757783988 -2.6533191264883040
v -0.0049250721931458 -0.0106430603191257 -0.0696446225047112
vn -0.3196039690953144 5.9119102284922613 -2.0885730853245184
v -0.0049252510070801 -0.0110636902973056 -0.0706707835197449
vn -0.5436553945253871 5.8720530830029301 -2.1547900964304740
v -0.0073785781860352 -0.0112790400162339 -0.0707517787814140
vn -0.6429795346523151 6.0485852224913712 -1.5520310205965169
v -0.0073761940002441 -0.0115942303091288 -0.0717610716819763
vn -0.8546388643378182 5.9826835653098955 -1.7029364082405263
v -0.0097725978121161 -0.0119267702102661 -0.0719026923179626
vn -1.0148094846816433 6.1009546313974816 -1.0763561626157705
v -0.0097741484642029 -0.0121583901345730 -0.0729027912020683
vn -1.2425849353564098 6.0116361280888286 -1.3188569518052629
v -0.0121031897142529 -0.0126368897035718 -0.0731273815035820
vn -0.7664937212953749 6.1691058141588480 -0.8652616061611464
v -0.0073761940002441 -0.0117874704301357 -0.0727308318018913
vn -0.2740262772384376 5.4496766821448945 -3.1085853611148946
v -0.0049256677739322 -0.0100906398147345 -0.0685840174555779
vn -0.4375885856663791 5.6381945655608456 -2.7242752991311012
v -0.0073826308362186 -0.0108395200222731 -0.0697058364748955
vn -0.7260806646252701 5.8184205595631342 -2.2476464736624706
v -0.0097746839746833 -0.0115783195942640 -0.0708649083971977
vn -1.0511164578171597 5.8991094631562326 -1.8790703764142398
v -0.0120905004441738 -0.0123535301536322 -0.0720869824290276
vn -1.4312995984096828 5.9150147775755526 -1.5488386069292277
v -0.0144000602886081 -0.0132239395752549 -0.0734208226203918
vn -1.0637461127014980 6.1371922954363747 0.7281417119923277
v -0.0073876380920410 -0.0118200099095702 -0.0745351910591125
vn -0.2274753332136585 6.2668676951939712 -0.3657243355969187
v -0.0024633998982608 -0.0113613596186042 -0.0725343823432922
vn -0.3083154073381762 6.2610762621936962 0.2343800729283854
v -0.0024704930838197 -0.0113873397931457 -0.0734233185648918
vn -0.6556325316797688 6.1821897041843616 0.8713412955795469
v -0.0049446821212769 -0.0114935599267483 -0.0743616819381714
vn -0.8504085740614176 6.1523382434862164 0.8847450550297787
v -0.0061696171760559 -0.0116407200694084 -0.0744396373629570
vn -1.7566589930260097 5.9410411998323287 0.9762821068942344
v -0.0110035501420498 -0.0124749504029751 -0.0758168101310730
vn -1.5607177482595611 5.9837369035257737 1.0757395139268302
v -0.0098136058077216 -0.0121694803237915 -0.0756406113505363
vn -1.6731999883148556 5.8365611371772923 1.6070441173139098
v -0.0098268976435065 -0.0120761897414923 -0.0760476514697075
vn -1.3830038638916360 5.9916940881954721 1.2582246690114784
v -0.0086124530062079 -0.0119014298543334 -0.0754858776926994
vn -1.4923519685250692 5.8228232525315082 1.8206359231591502
v -0.0086231231689453 -0.0117970099672675 -0.0758795663714409
vn -1.1938911965134245 5.9916350101104250 1.4372336262890726
v -0.0074011678807437 -0.0116698099300265 -0.0753519535064697
vn -1.2881714238386437 5.8090756269932546 2.0100618645479917
v -0.0074102277867496 -0.0115556698292494 -0.0757341310381889
vn -1.0820285328398551 5.7902635672679672 2.1783498768389435
v -0.0061902990564704 -0.0113512203097343 -0.0756114125251770
vn -0.8195873484922233 5.7767110246839666 2.3236502642550803
v -0.0049645900726318 -0.0111834397539496 -0.0755112692713737
vn -0.8573925230351953 5.5591736792274364 2.7926331385607295
v -0.0049732918851078 -0.0110300099477172 -0.0758548900485039
vn -0.9374202864029778 5.3043225554497813 3.2264885470534925
v -0.0049832458607852 -0.0108533501625061 -0.0761761590838432
vn -1.1519773967132554 5.6496523286420040 2.4951752406822227
v -0.0061998958699405 -0.0112043600529432 -0.0759636685252190
vn -1.3985294687142509 5.3922711591017531 2.8990608768372295
v -0.0074337120167911 -0.0112530495971441 -0.0764387771487236
vn -1.3629488243924399 5.6161225003855435 2.4582692408382933
v -0.0074209570884705 -0.0114165497943759 -0.0760968923568726
vn -1.6621206536567925 5.4173231003223776 2.7073340257889309
v -0.0086506595835090 -0.0115122701972723 -0.0766100212931633
vn -1.5791499563681115 5.6429564906918097 2.2599417819783874
v -0.0086358180269599 -0.0116671295836568 -0.0762547180056572
vn -1.8879785234773863 5.4501061008251339 2.4847013448963775
v -0.0098606944084167 -0.0118122603744268 -0.0768080279231071
vn -1.7942248763029800 5.6607467713006692 2.0452713623775050
v -0.0098425140604377 -0.0119569804519415 -0.0764372274279594
vn -2.1107749223942047 5.4691127274085876 2.2532600348511602
v -0.0110635701566935 -0.0121544003486633 -0.0770335122942924
vn -2.3237136902377946 5.4750085696922453 2.0174031959041367
v -0.0122677003964782 -0.0125415297225118 -0.0772920772433281
vn -2.4880054851956444 5.4835414744159685 1.7849673321145823
v -0.0134838800877333 -0.0129765802994370 -0.0775903388857841
vn -2.9696632851262472 3.1893937352053228 4.5207375806882339
v -0.0149471703916788 -0.0124774500727654 -0.0796747803688049
vn -2.6370915768556662 3.6041812304678662 4.4154659914162453
v -0.0124180298298597 -0.0116946604102850 -0.0786953493952751
vn -2.6049727532188665 3.1964657669779459 4.7363376389159724
v -0.0124406199902296 -0.0115327797830105 -0.0788289308547974
vn -2.3524527187371249 3.7017818295311420 4.4896573467435523
v -0.0111865904182196 -0.0112859001383185 -0.0783500000834465
vn -2.3120518770089258 3.2220718465106426 4.8695379412625766
v -0.0112056704238057 -0.0111278202384710 -0.0784742236137390
vn -2.0870500594357777 3.6968120570268939 4.6234749042625536
v -0.0099614849314094 -0.0109250498935580 -0.0780472680926323
vn -2.0648056506546593 3.2196067423850687 4.9813726748946419
v -0.0099774003028870 -0.0107705499976873 -0.0781632587313652
vn -1.8369514948426680 3.5738027556784573 4.8156504729657232
v -0.0087348809465766 -0.0106088500469923 -0.0777817294001579
vn -1.8007274134909546 2.9597383480703687 5.2370541222253042
v -0.0087614050135016 -0.0102983098477125 -0.0779873728752136
vn -0.5015076780202318 5.2120088930737785 3.4656376480153188
v -0.0025079250335693 -0.0106109902262688 -0.0760173201560974
vn -0.4775129373005387 5.5040544064583514 2.9847087295575720
v -0.0025012490805238 -0.0107960700988770 -0.0757086798548698
vn -0.4576708066006278 5.7337618667581536 2.5201671575106044
v -0.0024950499646366 -0.0109580699354410 -0.0753766819834709
vn -0.4284554659096409 5.9211818012422377 2.0484279932115208
v -0.0024893279187381 -0.0110961701720953 -0.0750229880213737
vn -0.3987685930473345 6.0621965447005399 1.5918627498293048
v -0.0024839630350471 -0.0112092401832342 -0.0746492072939873
vn -0.3614399075630675 6.1836389650251737 1.0199014975149412
v -0.0024790759198368 -0.0112962098792195 -0.0742569491267204
vn -2.5269973386248865 4.8402240913836252 3.0898434135253701
v -0.0123357102274895 -0.0122093502432108 -0.0780510306358337
vn -2.2889168672119649 4.8185048197839393 3.3034196993571636
v -0.0111184697598219 -0.0118015399202704 -0.0777489468455315
vn -2.0840310775905504 4.2567590414313505 4.1086032339576013
v -0.0099317431449890 -0.0112039400264621 -0.0777830407023430
vn -2.0438755553590502 4.7809839435079988 3.5131042382482112
v -0.0099050989374518 -0.0114412298426032 -0.0774847790598869
vn -1.8302347327832265 4.2126098435523236 4.2734250487562067
v -0.0087098469957709 -0.0108851697295904 -0.0775338411331177
vn -1.7962794737444241 4.7296490270642577 3.7131990381817124
v -0.0086875548586249 -0.0111253196373582 -0.0772529765963554
vn -1.5744319860015854 4.1605372117238497 4.4250104456946406
v -0.0074840779416263 -0.0106099201366305 -0.0773184224963188
vn -1.5464531078256125 4.6701804026377269 3.8973378051982883
v -0.0074650039896369 -0.0108524495735765 -0.0770524069666862
vn -1.3170647915559810 4.1060362246200546 4.5591615487366992
v -0.0062544941902161 -0.0103768697008491 -0.0771363899111748
vn -1.2810893819661975 4.4901424654803161 4.2027182361208117
v -0.0062382221221924 -0.0106213595718145 -0.0768830701708794
vn -0.9819250443558423 4.0648151718347005 4.6812984927095123
v -0.0050204992294312 -0.0101853599771857 -0.0769873782992363
vn -0.9723899009279255 4.5536199605221990 4.2110758348531343
v -0.0050067300908267 -0.0104315197095275 -0.0767445489764214
vn -0.5351284877701139 4.4551950491783900 4.3908100909591479
v -0.0025228259619325 -0.0101763000711799 -0.0765582323074341
vn -0.5305781525892200 2.7936011484831562 5.5957705214524580
v -0.0025487539824098 -0.0093726506456733 -0.0771512910723686
vn -0.4994785295831111 2.1235727238790254 5.8854236679520984
v -0.0025567410048097 -0.0090685477480292 -0.0772824808955193
vn -0.9795006279526169 2.0855225962502684 5.8378196115475012
v -0.0050660371780396 -0.0093075027689338 -0.0775135681033134
vn -0.9147756877164004 1.3665490459104863 6.0575140752859840
v -0.0050818920135498 -0.0089753856882453 -0.0776122212409973
vn -1.3522250450177149 1.2941711679371857 5.9911129321617560
v -0.0075712800025940 -0.0093491673469543 -0.0779989287257195
vn -1.6801182096403031 0.6130504102480013 6.0206143549504327
v -0.0100955897942185 -0.0094750523567200 -0.0786113068461418
vn -0.5402532751450579 3.9752706561264159 4.8284440232520378
v -0.0025309920310974 -0.0099278092384338 -0.0767869278788567
vn -0.5390002168028605 3.4134977900148251 5.2403163609200645
v -0.0025397529825568 -0.0096595278009772 -0.0769853517413139
vn -0.9829591093949276 3.4791784762459557 5.1301336661535082
v -0.0050355792045593 -0.0099149337038398 -0.0771992206573486
vn -1.3285182497053905 3.6688792541788260 4.9226353489142429
v -0.0062726140022278 -0.0101047102361917 -0.0773580595850945
vn -1.5664647264927505 3.5417649031719782 4.9349488724011756
v -0.0075053567998111 -0.0103358598425984 -0.0775520801544189
vn -2.6144581889312986 5.2267771561635881 2.2918346134092684
v -0.0135239902883768 -0.0128416996449232 -0.0780048295855522
vn -2.4378113688876941 5.2071882007152732 2.5217928154118590
v -0.0123000703752041 -0.0123931700363755 -0.0776827335357666
vn -2.2112024374206101 5.1903933794445791 2.7547245842404275
v -0.0110895000398159 -0.0119943004101515 -0.0774028301239014
vn -1.9761626180325256 5.1587898104266809 2.9832780448091052
v -0.0098814964294434 -0.0116418600082397 -0.0771583318710327
vn -1.7382760559301382 5.1133791752240052 3.2016891780748695
v -0.0086678862571716 -0.0113327503204346 -0.0769437476992607
vn -1.4632113817757992 5.0567133974512020 3.4213264173943463
v -0.0074482560157776 -0.0110657801851630 -0.0767581388354301
vn -0.9869512216423181 4.9472623208676687 3.7378869192522948
v -0.0049942731857300 -0.0106539102271199 -0.0764733478426933
vn -0.4683347100380463 1.4115111135401390 6.0980810752718329
v -0.0025653829798102 -0.0087487101554871 -0.0773777887225151
vn -0.4417904655177912 0.7131849777858078 6.2211264285740864
v -0.0025764699093997 -0.0084148040041327 -0.0774360820651054
vn -0.8775966182558029 0.6889058727788598 6.1784662082323702
v -0.0051035881042480 -0.0086282491683960 -0.0776727125048637
vn -3.2451047104972366 5.3302115433016386 -0.5673320306321928
v -0.0213087704032660 0.0350615307688713 -0.0229365807026625
vn -3.4893423199429892 5.2222646099567802 -0.1241341437034727
v -0.0213248692452908 0.0352558381855488 -0.0186249595135450
vn -3.1350107664636986 5.4209124043764074 -0.1284986570141642
v -0.0206249896436930 0.0357234403491020 -0.0186249595135450
vn -0.3862348416781170 6.1446897207734015 -1.1884668791659394
v -0.0027008650358766 0.0405839607119560 -0.0250555202364922
vn -0.4246764297300981 6.2166342771382341 -0.6284949308016384
v -0.0027069440111518 0.0409071408212185 -0.0230021402239799
vn -0.3615404017802029 5.8928396158209040 -2.1080452697217584
v -0.0026826260145754 0.0395251512527466 -0.0289205294102430
vn -0.3335055805156131 5.4742705087373320 -3.0381950781892586
v -0.0026580689009279 0.0378889404237270 -0.0325013883411884
vn -0.3407692703743663 5.6827231686978994 -2.6243376420851510
v -0.0026710620149970 0.0387811586260796 -0.0307435896247625
vn -0.7385629131607153 5.6645395978862361 -2.5858918442983154
v -0.0053046941757202 0.0385256409645081 -0.0307393595576286
vn -0.7044772707127864 5.4382526757340788 -3.0422406994163604
v -0.0052799577824771 0.0376362800598145 -0.0324978791177273
vn -1.0566759871792695 5.3970178621425253 -3.0137490529823561
v -0.0078854560852051 0.0372160598635674 -0.0324920415878296
vn -0.9986626638284101 5.1463671936338722 -3.4430561151158692
v -0.0078461756929755 0.0361802503466606 -0.0341925583779812
vn -1.3375391850486451 5.0978604703920620 -3.3998464856203023
v -0.0104416599497199 0.0355932116508484 -0.0341863594949245
vn -1.2526277251939917 4.8309254029989939 -3.7998462550968362
v -0.0103860404342413 0.0344079099595547 -0.0358380600810051
vn -1.5822416303212634 4.7796299336875308 -3.7409631934541432
v -0.0129870101809502 0.0336461588740349 -0.0358330607414246
vn -1.4693029255023968 4.5078168524650808 -4.1083770371866413
v -0.0129114901646972 0.0322970710694790 -0.0374538302421570
vn -1.7908272238157494 4.4577201797206651 -4.0345304137677713
v -0.0155112696811557 0.0313555002212524 -0.0374512597918510
vn -1.6517100474712338 4.1923640218729430 -4.3665171989203895
v -0.0154100004583597 0.0298292599618435 -0.0390594005584717
vn -1.9632120987198420 4.1449964522311085 -4.2815513645134313
v -0.0179284196346998 0.0287382602691650 -0.0390602312982082
vn -1.7800780157559379 3.8468517284928456 -4.6231997422657409
v -0.0178006198257208 0.0270199701189995 -0.0406671687960625
vn -2.0836778635740743 3.7987669969783657 -4.5342251343651654
v -0.0202228408306837 0.0257967691868544 -0.0406696684658527
vn -1.8225826217003436 3.4908970246965931 -4.8828062642627792
v -0.0199084207415581 0.0216836296021938 -0.0439675413072109
vn -0.6650510277888055 5.1797593086942531 -3.4734197066839569
v -0.0052531361579895 0.0365948602557182 -0.0341970287263393
vn -0.9335777554530009 4.8681352254839592 -3.8440059541796043
v -0.0078047509305179 0.0349858403205872 -0.0358420610427856
vn -1.1605377788882976 4.5450311108003110 -4.1661719330777638
v -0.0103284697979689 0.0330438613891602 -0.0374558493494987
vn -1.3519095216108064 4.2277849865062906 -4.4353965407543976
v -0.0128340702503920 0.0307469293475151 -0.0390586815774441
vn -1.4933410941766863 3.8776211233381295 -4.6989047249047609
v -0.0153062297031283 0.0280781295150518 -0.0406650304794312
vn -1.5370798401408921 3.5099469300980672 -4.9685249385067811
v -0.0175328794866800 0.0228155199438334 -0.0439672991633415
vn -0.2639136049793036 4.6052071358960252 -4.2516079408181149
v -0.0026133060455322 0.0342532284557819 -0.0374594889581203
vn -0.2896848097593680 4.9196176058548806 -3.8784112205724797
v -0.0026289820671082 0.0356395803391933 -0.0358467102050781
vn -0.2904986854217197 5.1852364891996414 -3.5122548523171404
v -0.0026440620422363 0.0368442498147488 -0.0341998301446438
vn -1.0659650055137462 4.2536579028508470 -4.4887664100884042
v -0.0102698802947998 0.0314765498042107 -0.0390579700469971
vn -0.7917208235919975 4.2717427564804735 -4.5284132860734125
v -0.0077182650566101 0.0320318304002285 -0.0390576086938381
vn -0.5248610600189386 4.2836444248291503 -4.5560412329462663
v -0.0051652188412845 0.0324244387447834 -0.0390572510659695
vn -0.2468177387871622 4.2774089588235356 -4.5844486982288588
v -0.0025971529539675 0.0326604209840298 -0.0390569493174553
vn -1.2848081350880263 3.5205331468983214 -5.0325641109412746
v -0.0150914099067450 0.0237936899065971 -0.0439671203494072
vn -1.2198338746691442 3.8998281114848550 -4.7595827609942374
v -0.0127555700019002 0.0289686899632215 -0.0406631194055080
vn -1.0469905169901663 3.5264891415360613 -5.0834540064524774
v -0.0125975599512458 0.0246173702180386 -0.0439670607447624
vn -0.9601399630756267 3.9154451158821297 -4.8064515778222834
v -0.0102109899744391 0.0296786408871412 -0.0406616292893887
vn -0.8223861110514519 3.5295176252942491 -5.1226986055055237
v -0.0100952303037047 0.0252789203077555 -0.0439670011401176
vn -0.7119226135741789 3.9259362042909336 -4.8412446985504065
v -0.0076746940612793 0.0302199106663465 -0.0406604409217834
vn -0.6086436290790396 3.5307979390049398 -5.1516900536236019
v -0.0075896377675235 0.0257859192788601 -0.0439670011401176
vn -0.4714905126435815 3.9327896195351744 -4.8651649757456727
v -0.0051350588910282 0.0306030493229628 -0.0406594797968864
vn -0.4022565711890133 3.5312005320929840 -5.1716480318227838
v -0.0050755138508976 0.0261453893035650 -0.0439670607447624
vn -0.2239191823976995 3.9604736206975470 -4.8599743516298579
v -0.0025807020720094 0.0308331195265055 -0.0406590104103088
vn -0.2076894298297793 3.5336800873691452 -5.1822149389028773
v -0.0025475618895143 0.0263611003756523 -0.0439670607447624
vn -5.4036410865684745 3.0270353669051588 -0.9463959500599941
v -0.0357201583683491 0.0194226503372192 -0.0267426297068596
vn -5.4550216178195852 3.0508774112673218 -0.4680898810520239
v -0.0359111987054348 0.0199902597814798 -0.0227968003600836
vn -5.5760398644616878 2.8927956937075763 -0.0945789528531311
v -0.0359622202813625 0.0201647803187370 -0.0186249595135450
vn -5.4024953039850416 3.1812053936431228 -0.0889604558592988
v -0.0357234403491020 0.0206249896436930 -0.0186249595135450
vn -5.1969737054799330 3.4673278970246830 -0.4836165944389768
v -0.0342725515365601 0.0226644203066826 -0.0228194501250982
vn -5.2238969015048884 3.4904560833045393 -0.0549249779044842
v -0.0342652201652527 0.0228074099868536 -0.0186249595135450
vn -4.9590199984162115 3.8272415888376194 -0.1017532314189775
v -0.0327258110046387 0.0251113101840019 -0.0186249595135450
vn -4.6254966164433018 4.1874200404679867 -0.5497808130151831
v -0.0304958205670118 0.0275043807923794 -0.0228626094758511
vn -4.9148659387349873 3.8495764720812615 -0.5320941427706497
v -0.0324625894427299 0.0251701995730400 -0.0228414498269558
vn -4.7306926633082451 4.1324126975033186 -0.1042002140736827
v -0.0325103886425495 0.0253568794578314 -0.0186249595135450
vn -5.1707504147353447 2.9784665375994415 -1.9244857840589333
v -0.0350673682987690 0.0170415602624416 -0.0340264998376369
vn -5.3033290169613112 3.0032033632322652 -1.4492766665329266
v -0.0354309603571892 0.0184476301074028 -0.0304799601435661
vn -4.1435451674519639 4.7210256170210672 -0.1032969218337511
v -0.0284047704190016 0.0298374798148870 -0.0186249595135450
vn -4.2817113426273741 4.5323240988905624 -0.5863087925682279
v -0.0283848606050014 0.0296637397259474 -0.0228827502578497
vn -4.4231574168802386 4.4355024691674956 -0.1053021517754779
v -0.0291680600494146 0.0291680600494146 -0.0186249595135450
vn -4.7232782593625968 4.1422615224231309 -0.0731773117085351
v -0.0304930806159973 0.0276572704315186 -0.0186249595135450
vn -4.8512437850053640 3.8021834842716165 -1.1148949865286379
v -0.0322875902056694 0.0245534703135490 -0.0268046800047159
vn -4.5624127145638509 4.1300106066608446 -1.1686001417450227
v -0.0303302407264709 0.0268646404147148 -0.0268340092152357
vn -4.2373873324296270 4.4673245056646493 -1.1698931065194682
v -0.0282297097146511 0.0290021300315857 -0.0268619600683451
vn -3.9061500017188955 4.7407487968128121 -1.2467310481767637
v -0.0259987097233534 0.0309629999101162 -0.0268884301185608
vn -3.9851249403761964 4.7950087395889884 -0.5909993343742442
v -0.0261422302573919 0.0316451117396355 -0.0229020100086927
vn -3.5909323234357462 5.0420122604372670 -1.0051464669404770
v -0.0237240102142096 0.0331558510661125 -0.0249521695077419
vn -3.5850654250438181 5.1110164555376016 -0.5409188232578465
v -0.0237798001617193 0.0334454104304314 -0.0229199491441250
vn -3.4847491713873655 5.2259614649075736 -0.1099752620743135
v -0.0237857103347778 0.0336114689707756 -0.0186249595135450
vn -3.8113104162902642 4.9701055419310443 -0.1153562001547075
v -0.0251113101840019 0.0327258110046387 -0.0186249595135450
vn -4.1418373558303454 4.7227747499410082 -0.0974699945330756
v -0.0261492691934109 0.0318155214190483 -0.0186249595135450
vn -4.7412468063591051 3.7212508766886314 -1.7059605408927865
v -0.0320209786295891 0.0234942398965359 -0.0305381398648024
vn -4.4430879915473280 4.0489289130168817 -1.7763512188379085
v -0.0300771500915289 0.0257659498602152 -0.0305654406547546
vn -4.1813673233667954 4.3899158568616370 -1.6047103347049525
v -0.0281201601028442 0.0284951291978359 -0.0287560801953077
vn -4.5647082222804478 3.6392956340374427 -2.2829457561310740
v -0.0316831991076469 0.0219668708741665 -0.0340650603175163
vn -4.3327795428295701 3.9730894021451504 -2.1850630130517046
v -0.0299237295985222 0.0250361505895853 -0.0323492810130119
vn -4.0804897433210252 4.3382821653363894 -1.9677556478699052
v -0.0279920101165771 0.0278659407049417 -0.0305913593620062
vn -3.8185189428708450 4.6776858199142266 -1.6960915664516978
v -0.0258971992880106 0.0304401498287916 -0.0287826005369425
vn -3.5247501495561866 4.9994202739999833 -1.3850569020704104
v -0.0236489102244377 0.0327440984547138 -0.0269131604582071
vn -3.1968666314825476 5.2935322999454959 -1.0465269810674005
v -0.0212589502334595 0.0347646996378899 -0.0249730292707682
vn -5.0575952338768699 2.9419090140870079 -2.2621963278603032
v -0.0348652005195618 0.0161668006330729 -0.0357353016734123
vn -4.8749615796955972 3.3369193355574849 -2.0959768508119860
v -0.0334588214755058 0.0195856597274542 -0.0340462289750576
vn -5.0201262318914974 3.3862039667197918 -1.6011634675248638
v -0.0338104292750359 0.0210537891834974 -0.0305095892399549
vn -5.1361043025122166 3.4351189829401401 -1.0363382492488569
v -0.0340890809893608 0.0220717098563910 -0.0267741605639458
vn -4.7920262286471127 2.8835592637452527 -2.8369588827394376
v -0.0344346687197685 0.0140039902180433 -0.0390705391764641
vn -4.9500479821123671 2.9123043128021604 -2.5196399437217809
v -0.0346532389521599 0.0151603203266859 -0.0374132283031940
vn -4.7366233771044071 3.2836058553679459 -2.4766517434416362
v -0.0332626700401306 0.0186725798994303 -0.0357481203973293
vn -4.5968429328058047 3.2380241581234115 -2.7808033064382611
v -0.0330564305186272 0.0176219306886196 -0.0374186597764492
vn -4.3998703073461813 3.5766247048277520 -2.6828887840040951
v -0.0314940810203552 0.0210168305784464 -0.0357603393495083
vn -4.1953313789691098 3.9163307787652069 -2.5317221115640796
v -0.0297555308789015 0.0241816006600857 -0.0340830609202385
vn -3.9746575112036227 4.2565516977735705 -2.3296860030256199
v -0.0278475806117058 0.0271111708134413 -0.0323716402053833
vn -3.7311641518478296 4.5938540455768919 -2.0767407714392792
v -0.0257783494889736 0.0297912899404764 -0.0306159798055887
vn -3.4581060448661884 4.9209055971368070 -1.7774926807625404
v -0.0235563497990370 0.0322065316140652 -0.0288073401898146
vn -3.1509026582530235 5.2272184588334962 -1.4419496241652729
v -0.0211917702108622 0.0343426391482353 -0.0269360505044460
vn -2.8082209747952129 5.5021773445741058 -1.0825953910927564
v -0.0186967197805643 0.0361871086061001 -0.0249919202178717
vn -2.4408755910267415 5.7378907612783729 -0.6182214569872139
v -0.0160847306251526 0.0377290211617947 -0.0229651294648647
vn -2.4063720238365649 5.7798822415036586 -0.1429636271536767
v -0.0157856903970242 0.0381099507212639 -0.0186249595135450
vn -4.5738703974218478 2.8306816261260956 -3.2113884038399876
v -0.0342113897204399 0.0126759400591254 -0.0406952500343323
vn -4.4264547513056174 3.1799360661019365 -3.1030238498774518
v -0.0328431688249111 0.0164149403572083 -0.0390689298510551
vn -4.2435467116966290 3.5057769724300223 -3.0082680068605319
v -0.0312948189675808 0.0199238006025553 -0.0374237187206745
vn -4.0512025922397550 3.8307523590880006 -2.8739992857626406
v -0.0295747499912977 0.0231962203979492 -0.0357718989253044
vn -3.8468509326631048 4.1605290801286561 -2.6900805883736703
v -0.0276889801025391 0.0262274108827114 -0.0341002903878689
vn -3.6220544604335698 4.4920175919260537 -2.4580267418570148
v -0.0256442409008741 0.0290129091590643 -0.0323926210403442
vn -3.3703256243056989 4.8202574791539767 -2.1769014453433413
v -0.0234479308128357 0.0315393805503845 -0.0306389294564724
vn -3.0857751519780385 5.1358161446203052 -1.8518659016982604
v -0.0211089793592691 0.0337915383279324 -0.0288302302360535
vn -2.7648398638460376 5.4270142658710316 -1.4931047749730333
v -0.0186381302773952 0.0357556901872158 -0.0269568506628275
vn -2.4083039112483133 5.6821728991536187 -1.1142885221161261
v -0.0160478893667459 0.0374197885394096 -0.0250088497996330
vn -4.2790076000412682 2.8064501935124788 -3.6160221984542011
v -0.0337507091462612 0.0094255199655890 -0.0439722500741482
vn -3.5452961404352359 2.9928463903526250 -4.2195088607579336
v -0.0316921994090080 0.0072939991950989 -0.0475664697587490
vn -3.8717790014182731 3.0084450826781559 -3.9006026591469283
v -0.0321698710322380 0.0116383396089077 -0.0439710617065430
vn -4.1797209594472742 3.0806165367140128 -3.5074121680518622
v -0.0326244793832302 0.0150291295722127 -0.0406907200813293
vn -4.0570053566870374 3.4189628706653341 -3.3450147611615337
v -0.0310879908502102 0.0186681095510721 -0.0390673801302910
vn -3.8832021989027501 3.7322746497676893 -3.2154463008320131
v -0.0293837692588568 0.0220624208450317 -0.0374285504221916
vn -3.6957184665237763 4.0488675738245306 -3.0485349638936401
v -0.0275182090699673 0.0252082291990519 -0.0357829891145229
vn -3.4911024413499847 4.3724811160500989 -2.8347472256329636
v -0.0254967194050550 0.0281015597283840 -0.0341163203120232
vn -3.2612486759956609 4.6978264314070506 -2.5749120957925933
v -0.0233254991471767 0.0307390000671148 -0.0324121713638306
vn -3.0003423188687739 5.0184486722698773 -2.2675286392137886
v -0.0210120007395744 0.0331075116991997 -0.0306600891053677
vn -2.7033475918168199 5.3230766070906554 -1.9183035127536952
v -0.0185660105198622 0.0351923704147339 -0.0288509707897902
vn -2.3687773290968241 5.5986768716367497 -1.5380005517546005
v -0.0159986000508070 0.0369802713394165 -0.0269753299653530
vn -2.0024971667200449 5.8322361943904086 -1.1411907039443296
v -0.0133348098024726 0.0384560190141201 -0.0250234603881836
vn -1.6006545400780041 6.0239776733168533 -0.6287369255179086
v -0.0106793595477939 0.0395888611674309 -0.0229861699044704
vn -1.2430436226617090 6.1559044698828176 -0.1361275616792249
v -0.0080218305811286 0.0403724312782288 -0.0186249595135450
vn -2.8170632607055830 3.5142025711713378 -4.3773147277043396
v -0.0306946001946926 -0.0073732729069889 -0.0582826696336269
vn -2.8407331359413694 3.2260051678517390 -4.5801967549709941
v -0.0308561306446791 -0.0043992400169373 -0.0559624396264553
vn -2.4425721147775121 3.2610826573542018 -4.7810305405699545
v -0.0291068498045206 -0.0029876229818910 -0.0559635683894157
vn -2.7285270803204469 3.0839743894225351 -4.7412945231093975
v -0.0294936802238226 0.0034754869993776 -0.0515915714204311
vn -2.3621414559190446 3.1164980095316928 -4.9146088479927013
v -0.0276286005973816 0.0049998760223389 -0.0515902005136013
vn -2.7416912774565581 3.1723217132256361 -4.6671797268357427
v -0.0280860606580973 0.0109182503074408 -0.0475648008286953
vn -2.3944200065353334 3.2144885411529436 -4.8281659317133325
v -0.0260969903320074 0.0125081501901150 -0.0475636087357998
vn -3.0889262449832171 3.2799386039350691 -4.3571968529396727
v -0.0285483505576849 0.0156074697151780 -0.0439692698419094
vn -2.7329093067689598 3.3629257356168836 -4.5300352392404450
v -0.0265414100140333 0.0173598509281874 -0.0439686104655266
vn -3.4212831373914856 3.4409901067773143 -3.9666434654094767
v -0.0289799496531487 0.0192649904638529 -0.0406826101243496
vn -3.0601357160510370 3.5657341619521494 -4.1487423739631764
v -0.0269536897540092 0.0211424808949232 -0.0406789109110832
vn -3.3219404436972897 3.7746585449049941 -3.7502081448642617
v -0.0271489601582289 0.0226884391158819 -0.0390647016465664
vn -2.9656246517802463 3.9024011055735652 -3.9152154831467620
v -0.0249931793659925 0.0244518499821424 -0.0390634499490261
vn -3.1622277226695927 4.0779835243317297 -3.5666195667587952
v -0.0251692496240139 0.0258411094546318 -0.0374373681843281
vn -2.8081987539657782 4.2059397547948363 -3.7115323859869194
v -0.0228914003819227 0.0274774394929409 -0.0374414287507534
vn -2.9793947775526459 4.3899005081674165 -3.3458990664275770
v -0.0230454802513123 0.0287210904061794 -0.0358029603958130
vn -2.6233075345323247 4.5194301210421761 -3.4692247257373419
v -0.0206527095288038 0.0302180591970682 -0.0358117781579494
vn -2.7686323757877958 4.7092849720496410 -3.0813448263753394
v -0.0207823496311903 0.0313262306153774 -0.0341451689600945
vn -2.4056219063458832 4.8390964117635074 -3.1830143317844302
v -0.0182825904339552 0.0326722785830498 -0.0341577492654324
vn -2.5231573264962708 5.0273658539178259 -2.7726284673813186
v -0.0183868408203125 0.0336545705795288 -0.0324465595185757
vn -2.1493897521373300 5.1543340163936682 -2.8528378866602759
v -0.0157881900668144 0.0348391495645046 -0.0324610397219658
vn -2.2396847384876999 5.3343599388670047 -2.4183409992954656
v -0.0158674698323011 0.0356938205659389 -0.0306963305920362
vn -1.8556028750400166 5.4531816683417382 -2.4775690901003711
v -0.0131902601569891 0.0367030501365662 -0.0307110492140055
vn -1.9193867159341083 5.6152859745200088 -2.0253379739808217
v -0.0132464701309800 0.0374265313148499 -0.0288853608071804
vn -1.5304336863527801 5.7196146538342010 -2.0646213713054018
v -0.0105866696685553 0.0382302403450012 -0.0288983508944511
vn -1.5707227523494285 5.8543913789057331 -1.6065837327039858
v -0.0106246396899223 0.0388197787106037 -0.0270042996853590
vn -1.1785857036646039 5.9394571391844897 -1.6297039160287810
v -0.0079830875620246 0.0394323393702507 -0.0270144902169704
vn -1.2005392479238342 6.0413410604024351 -1.1792578815903989
v -0.0080065131187439 0.0398875400424004 -0.0250446200370789
vn -0.8028694171471762 6.1045960161260684 -1.1908030074980569
v -0.0053621530532837 0.0403224192559719 -0.0250514093786478
vn -0.7947682881636977 6.1804445780402606 -0.6434709497776938
v -0.0053740139119327 0.0406443402171135 -0.0229988601058722
vn -0.4287072040702693 6.2653925327593250 -0.1387488846121322
v -0.0027064080350101 0.0410725399851799 -0.0186249595135450
vn -2.8128144326060083 3.8252004612528987 -4.1110224810875904
v -0.0305387899279594 -0.0100123202428222 -0.0606709085404873
vn -2.4202086615291520 3.5549267051810851 -4.5772580080040512
v -0.0289411507546902 -0.0060856342315674 -0.0582831501960754
vn -2.1046157383217534 3.2694044457680205 -4.9338536472390313
v -0.0272409897297621 -0.0017004009569064 -0.0559662505984306
vn -2.0429818807898479 3.1285451087304335 -5.0489139779074241
v -0.0256545506417751 0.0063872928731143 -0.0515887103974819
vn -2.0809709426927219 3.2368471630331483 -4.9579672925128033
v -0.0240061804652214 0.0139511795714498 -0.0475623011589050
vn -2.4015511237545826 3.4216206401414002 -4.6730842287407697
v -0.0244239494204521 0.0189564190804958 -0.0439682006835938
vn -2.7148859129504173 3.6624449282516656 -4.3031767108686543
v -0.0248106699436903 0.0228574201464653 -0.0406756401062012
vn -2.6197090197486377 4.0037164919472596 -4.0577338730680568
v -0.0227303504943848 0.0260486006736755 -0.0390622615814209
vn -2.4611735207115069 4.3095230641794258 -3.8371627682912144
v -0.0205153208225965 0.0289428196847439 -0.0374450013041496
vn -2.2709823531916054 4.6258916216378818 -3.5757486946889787
v -0.0181705299764872 0.0315394885838032 -0.0358197614550591
vn -2.0435541274104012 4.9461687140740276 -3.2700146006451472
v -0.0157015901058912 0.0338382683694363 -0.0341688282787800
vn -1.7773561722062734 5.2573799105971144 -2.9199663188317166
v -0.0131275001913309 0.0358349606394768 -0.0324736796319485
vn -1.4776491055462047 5.5464157641015772 -2.5246866637433740
v -0.0105428602546453 0.0374986492097378 -0.0307231508195400
vn -1.1474314764750784 5.7978476072295271 -2.0945117466941277
v -0.0079546570777893 0.0388380810618401 -0.0289086103439331
vn -0.7879014569518150 5.9992537308541927 -1.6460791930067407
v -0.0053462982177734 0.0398645885288715 -0.0270218793302774
vn -0.3767942388261281 6.0295841214931780 -1.6755933149692153
v -0.0026926989667118 0.0401247702538967 -0.0270264092832804
vn -0.7665449389947094 5.8526715596491119 -2.1156716125733670
v -0.0053269858472049 0.0392671190202236 -0.0289159994572401
vn -1.1065855461047838 5.6159740636027404 -2.5605846195412210
v -0.0079218735918403 0.0381006486713886 -0.0307325702160597
vn -1.4129741760406025 5.3375683108009628 -2.9732996284919948
v -0.0104942303150892 0.0366209708154202 -0.0324839912354946
vn -1.6858498790839413 5.0319244292201182 -3.3424305111735899
v -0.0130593702197075 0.0348185300827026 -0.0341784283518791
vn -1.9230335113383203 4.7119433259623831 -3.6662757886855850
v -0.0156087800860405 0.0326838381588459 -0.0358269214630127
vn -2.1220575389573972 4.3923855677676853 -3.9443767815794439
v -0.0180519800633192 0.0302360001951456 -0.0374483391642570
vn -2.2856812823127122 4.0832641486265278 -4.1791513457688305
v -0.0203717295080423 0.0274778008460999 -0.0390611216425896
vn -2.3858136970506507 3.7368813406568560 -4.4334406735967420
v -0.0225630905479193 0.0244091097265482 -0.0406725406646729
vn -2.0934556607517338 3.4622307081117696 -4.7911558246540373
v -0.0222091004252434 0.0203974191099405 -0.0439678393304348
vn -1.7971280702367007 3.2460509207288641 -5.0628438917496101
v -0.0218269806355238 0.0152490697801113 -0.0475608706474304
vn -1.7635271166832795 3.1282086798786892 -5.1539097526808977
v -0.0235887095332146 0.0076408982276917 -0.0515870414674282
vn -1.8155361043051457 3.2625078679249642 -5.0520149497850584
v -0.0252764802426100 -0.0005334130255505 -0.0559701286256313
vn -2.0827866299619693 3.5633534201867261 -4.7339560839480237
v -0.0270761195570230 -0.0049152369610965 -0.0582848116755486
vn -2.4097348968417993 3.8846904828444297 -4.3064994065249529
v -0.0287865400314331 -0.0088396659120917 -0.0606730505824089
vn -3.1258246196174961 3.1014695849001273 -4.4673506344146316
v -0.0299566891044378 0.0091805448755622 -0.0475657507777214
vn -3.4695575154895497 3.1648466957140058 -4.1491836530083708
v -0.0304298400878906 0.0137000596150756 -0.0439699813723564
vn -3.7959648205554184 3.2816662755600334 -3.7538672457063473
v -0.0308750793337822 0.0172266308218241 -0.0406864807009697
vn -3.6870517072557565 3.6153940477031914 -3.5604548040354445
v -0.0291851703077555 0.0207599401473999 -0.0390659496188164
vn -3.5213655415699168 3.9215421438811080 -3.4015286315134694
v -0.0273374896496534 0.0240356307476759 -0.0374330803751945
vn -3.3374638394293554 4.2341100334364148 -3.2058639860239295
v -0.0253377500921488 0.0270505491644144 -0.0357933007180691
vn -3.1310350438494150 4.5545611628450224 -2.9651845455656334
v -0.0231906697154045 0.0298018995672464 -0.0341313406825066
vn -2.8944770226563565 4.8757162604046487 -2.6797462234937175
v -0.0209026895463467 0.0322870612144470 -0.0324302315711975
vn -2.6228722749912414 5.1895007869315535 -2.3480955284199116
v -0.0184817891567945 0.0344932004809380 -0.0306792799383402
vn -2.3128712965246319 5.4830538526658188 -1.9763413298848869
v -0.0159379802644253 0.0364061482250690 -0.0288694500923157
vn -1.9680365687351447 5.7413681098908418 -1.5761170977009991
v -0.0132950497791171 0.0380095206201077 -0.0269912406802177
vn -1.5992046337281745 5.9514418067064945 -1.1628007544446481
v -0.0106558697298169 0.0392713509500027 -0.0250353794544935
vn -1.2326533429156254 6.1098414449001712 -0.6148382678325747
v -0.0080240955576301 0.0402077995240688 -0.0229935608804226
vn -0.7984523925392085 6.2081341299078714 -0.1595046810646165
v -0.0053841471672058 0.0408970713615417 -0.0186249595135450
vn 0.0000000000000000 6.2831853071795969 0.0000000000000000
v 0.0000000000000000 0.0016248819883913 -0.1186250001192093
vn -3.1348649412172072 0.0000036940980960 3.0106745040326421
v -0.0412499904632568 0.0000000000000000 0.0000000000000000
vn -3.1080460399621930 -0.4091908270356798 3.0106936201276424
v -0.0408970713615417 -0.0053841471672058 0.0000000000000000
vn -3.0280444897691292 -0.8113763066403704 3.0106896530903704
v -0.0398443900048733 -0.0106762601062655 0.0000000000000000
vn -2.8962352625440708 -1.1996693771444003 3.0106910986497057
v -0.0381099507212639 -0.0157856903970242 0.0000000000000000
vn -2.7148731074301811 -1.5674367593425891 3.0107062354550540
v -0.0357234403491020 -0.0206249896436930 0.0000000000000000
vn -2.4870526278895007 -1.9083884033952712 3.0106798734700417
v -0.0327258110046387 -0.0251113101840019 0.0000000000000000
vn -2.2166866352909991 -2.2166873781845751 3.0107221691266033
v -0.0291680600494146 -0.0291680600494146 0.0000000000000000
vn -1.9083896280916586 -2.4870517480038794 3.0106814089998655
v -0.0251113101840019 -0.0327258110046387 0.0000000000000000
vn -1.5674322125668207 -2.7148755120366443 3.0107019586498280
v -0.0206249896436930 -0.0357234403491020 0.0000000000000000
vn -1.1996746243576106 -2.8962329138539795 3.0106867341911121
v -0.0157856903970242 -0.0381099507212639 0.0000000000000000
vn -0.8113742869367272 -3.0280451043747929 3.0106903632167912
v -0.0106762601062655 -0.0398443900048733 0.0000000000000000
vn -0.4091877782371613 -3.1080461725677826 3.0106880159153686
v -0.0053841471672058 -0.0408970713615417 0.0000000000000000
vn -0.0000031699202799 -3.1348649223445704 3.0106740358814679
v 0.0000000000000000 -0.0412499904632568 0.0000000000000000
vn 0.4091917556430972 -3.1080457993746031 3.0106910173464838
v 0.0053841471672058 -0.0408970713615417 0.0000000000000000
vn 0.8113721531071881 -3.0280457102690050 3.0106914262468614
v 0.0106762601062655 -0.0398443900048733 0.0000000000000000
vn 1.1996732397820784 -2.8962338002540204 3.0106929995557565
v 0.0157856903970242 -0.0381099507212639 0.0000000000000000
vn 1.5674327675933055 -2.7148756243618286 3.0107101397604348
v 0.0206249896436930 -0.0357234403491020 0.0000000000000000
vn 1.9083913528150844 -2.4870506941741048 3.0106857953088251
v 0.0251113101840019 -0.0327258110046387 0.0000000000000000
vn 2.2166887939489799 -2.2166850616857494 3.0107201679431763
v 0.0291680600494146 -0.0291680600494146 0.0000000000000000
vn 2.4870509124245359 -1.9083904062107764 3.0106769787587400
v 0.0327258110046387 -0.0251113101840019 0.0000000000000000
vn 2.7148748471166990 -1.5674333014950403 3.0107010701193300
v 0.0357234403491020 -0.0206249896436930 0.0000000000000000
vn 2.8962341789152468 -1.1996710705274802 3.0106838153178668
v 0.0381099507212639 -0.0157856903970242 0.0000000000000000
vn 3.0280436569475540 -0.8113792011314218 3.0106873620434045
v 0.0398443900048733 -0.0106762601062655 0.0000000000000000
vn 3.1080463055693714 -0.4091889308602495 3.0106935989387380
v 0.0408970713615417 -0.0053841471672058 0.0000000000000000
vn 3.1348650630972443 0.0000002420225234 3.0106773282084638
v 0.0412499904632568 0.0000000000000000 0.0000000000000000
vn 3.1080459417610040 0.4091906255872990 3.0106915507099847
v 0.0408970713615417 0.0053841471672058 0.0000000000000000
vn 3.0280461918899295 0.8113709281336894 3.0106944250325531
v 0.0398443900048733 0.0106762601062655 0.0000000000000000
vn 2.8962330051121805 1.1996753871209775 3.0106954311915342
v 0.0381099507212639 0.0157856903970242 0.0000000000000000
vn 2.7148753275435182 1.5674330847941926 3.0107078837168544
v 0.0357234403491020 0.0206249896436930 0.0000000000000000
vn 2.4870502066974098 1.9083917204631697 3.0106823751818230
v 0.0327258110046387 0.0251113101840019 0.0000000000000000
vn 2.2166851298958914 2.2166884647680236 3.0107167349983488
v 0.0291680600494146 0.0291680600494146 0.0000000000000000
vn 1.9083944648250484 2.4870479844819990 3.0106800830953908
v 0.0251113101840019 0.0327258110046387 0.0000000000000000
vn 1.5674297169242857 2.7148771443025348 3.0107054135559577
v 0.0206249896436930 0.0357234403491020 0.0000000000000000
vn 1.1996760129168811 2.8962324140374709 3.0106889898538363
v 0.0157856903970242 0.0381099507212639 0.0000000000000000
vn 0.8113688676130387 3.0280463398885984 3.0106865671482899
v 0.0106762601062655 0.0398443900048733 0.0000000000000000
vn 0.4091967689506740 3.1080449918232000 3.0106875078741018
v 0.0053841471672058 0.0408970713615417 0.0000000000000000
vn -0.0000023116323616 3.1348651656268167 3.0106797711011239
v 0.0000000000000000 0.0412499904632568 0.0000000000000000
vn -0.4091885307894140 3.1080463222911301 3.0106933442916990
v -0.0053841471672058 0.0408970713615417 0.0000000000000000
vn -0.8113760519198964 3.0280447149402487 3.0106922757745460
v -0.0106762601062655 0.0398443900048733 0.0000000000000000
vn -1.1996710712472134 2.8962346311912377 3.0106917638635937
v -0.0157856903970242 0.0381099507212639 0.0000000000000000
vn -1.5674382484391154 2.7148720628750405 3.0107030188450796
v -0.0206249896436930 0.0357234403491020 0.0000000000000000
vn -1.9083883122965126 2.4870523254865655 3.0106732778543446
v -0.0251113101840019 0.0327258110046387 0.0000000000000000
vn -2.2166887633570318 2.2166845940006241 3.0107132984077136
v -0.0291680600494146 0.0291680600494146 0.0000000000000000
vn -2.4870483176804004 1.9083935806445125 3.0106738969868072
v -0.0327258110046387 0.0251113101840019 0.0000000000000000
vn -2.7130903510686211 1.5710277133991328 3.0162903468653797
v -0.0357234403491020 0.0206249896436930 0.0000000000000000
vn -2.8980153717032135 1.1960338326811857 3.0167135142393944
v -0.0381099507212639 0.0157856903970242 0.0000000000000000
vn -3.0280458960560139 0.8113719389000758 3.0106936568191740
v -0.0398443900048733 0.0106762601062655 0.0000000000000000
vn -3.1080461792871166 0.4091876550564367 3.0106878534712482
v -0.0408970713615417 0.0053841471672058 0.0000000000000000
vn 0.0000000000000000 0.0000000000000000 6.2831853071796244
v 0.0000000000000000 0.0000000000000000 0.0000000000000000
# 4088 vertices, 0 vertices normals

f 1//1 2//2 3//3
f 3//3 4//4 1//1
f 1//1 4//4 5//5
f 1//1 5//5 6//6
f 7//7 8//8 9//9
f 10//10 11//11 2//2
f 2//2 11//11 12//12
f 2//2 12//12 3//3
f 7//7 9//9 2//2
f 2//2 9//9 13//13
f 2//2 13//13 10//10
f 14//14 15//15 7//7
f 7//7 15//15 16//16
f 16//16 17//17 7//7
f 7//7 17//17 18//18
f 7//7 18//18 8//8
f 19//19 20//20 21//21
f 20//20 22//22 21//21
f 21//21 22//22 14//14
f 14//14 22//22 23//23
f 14//14 23//23 15//15
f 24//24 25//25 26//26
f 25//25 27//27 26//26
f 26//26 27//27 28//28
f 26//26 28//28 21//21
f 21//21 28//28 29//29
f 21//21 29//29 19//19
f 30//30 31//31 32//32
f 30//30 32//32 41//41
f 31//31 33//33 32//32
f 32//32 33//33 34//34
f 32//32 34//34 26//26
f 26//26 34//34 35//35
f 26//26 35//35 24//24
f 36//36 37//37 38//38
f 37//37 39//39 38//38
f 38//38 39//39 40//40
f 38//38 40//40 32//32
f 32//32 40//40 41//41
f 42//42 43//43 44//44
f 44//44 45//45 42//42
f 42//42 45//45 46//46
f 42//42 46//46 38//38
f 38//38 46//46 47//47
f 38//38 47//47 36//36
f 48//48 49//49 42//42
f 49//49 50//50 42//42
f 42//42 50//50 51//51
f 42//42 51//51 43//43
f 64//64 52//52 53//53
f 52//52 54//54 53//53
f 53//53 54//54 55//55
f 53//53 55//55 56//56
f 56//56 55//55 57//57
f 56//56 57//57 42//42
f 42//42 57//57 48//48
f 58//58 59//59 60//60
f 60//60 59//59 61//61
f 58//58 62//62 59//59
f 59//59 62//62 63//63
f 59//59 63//63 53//53
f 53//53 63//63 64//64
f 61//61 59//59 65//65
f 65//65 59//59 66//66
f 65//65 66//66 67//67
f 70//70 71//71 72//72
f 72//72 71//71 68//68
f 72//72 68//68 73//73
f 73//73 68//68 69//69
f 74//74 75//75 68//68
f 68//68 75//75 76//76
f 68//68 76//76 69//69
f 77//77 78//78 79//79
f 79//79 78//78 80//80
f 79//79 80//80 81//81
f 77//77 82//82 78//78
f 78//78 82//82 83//83
f 78//78 83//83 68//68
f 68//68 83//83 84//84
f 68//68 84//84 74//74
f 85//85 86//86 80//80
f 80//80 86//86 81//81
f 87//87 88//88 89//89
f 87//87 90//90 88//88
f 88//88 90//90 91//91
f 88//88 91//91 92//92
f 92//92 93//93 88//88
f 88//88 93//93 94//94
f 88//88 94//94 80//80
f 80//80 94//94 95//95
f 80//80 95//95 85//85
f 96//96 97//97 89//89
f 6//6 98//98 1//1
f 1//1 98//98 99//99
f 1//1 99//99 89//89
f 89//89 99//99 100//100
f 89//89 100//100 96//96
f 97//97 101//101 89//89
f 89//89 101//101 102//102
f 89//89 102//102 87//87
f 103//103 104//104 105//105
f 105//105 104//104 106//106
f 107//107 108//108 109//109
f 109//109 108//108 104//104
f 109//109 104//104 110//110
f 110//110 104//104 103//103
f 107//107 111//111 108//108
f 108//108 111//111 112//112
f 108//108 112//112 113//113
f 114//114 115//115 116//116
f 116//116 115//115 113//113
f 116//116 113//113 117//117
f 117//117 113//113 112//112
f 114//114 118//118 115//115
f 115//115 118//118 119//119
f 115//115 119//119 120//120
f 121//121 122//122 123//123
f 123//123 122//122 120//120
f 123//123 120//120 124//124
f 124//124 120//120 119//119
f 125//125 126//126 127//127
f 127//127 126//126 122//122
f 127//127 122//122 128//128
f 128//128 122//122 121//121
f 125//125 129//129 126//126
f 126//126 129//129 130//130
f 126//126 130//130 131//131
f 132//132 133//133 134//134
f 134//134 133//133 131//131
f 134//134 131//131 135//135
f 135//135 131//131 130//130
f 132//132 136//136 133//133
f 133//133 136//136 137//137
f 133//133 137//137 138//138
f 139//139 140//140 141//141
f 141//141 140//140 138//138
f 141//141 138//138 142//142
f 142//142 138//138 137//137
f 143//143 144//144 145//145
f 145//145 144//144 140//140
f 145//145 140//140 146//146
f 146//146 140//140 139//139
f 143//143 147//147 144//144
f 144//144 147//147 148//148
f 144//144 148//148 149//149
f 150//150 151//151 152//152
f 152//152 151//151 149//149
f 152//152 149//149 153//153
f 153//153 149//149 148//148
f 150//150 154//154 151//151
f 151//151 154//154 155//155
f 151//151 155//155 156//156
f 157//157 158//158 159//159
f 159//159 158//158 156//156
f 159//159 156//156 160//160
f 160//160 156//156 155//155
f 157//157 161//161 158//158
f 158//158 161//161 162//162
f 158//158 162//162 163//163
f 162//162 164//164 163//163
f 163//163 164//164 165//165
f 163//163 165//165 166//166
f 167//167 168//168 169//169
f 169//169 168//168 166//166
f 169//169 166//166 170//170
f 170//170 166//166 165//165
f 167//167 171//171 168//168
f 168//168 171//171 172//172
f 168//168 172//172 173//173
f 174//174 175//175 176//176
f 176//176 175//175 173//173
f 176//176 173//173 177//177
f 177//177 173//173 172//172
f 174//174 178//178 175//175
f 175//175 178//178 179//179
f 175//175 179//179 180//180
f 181//181 182//182 183//183
f 183//183 182//182 180//180
f 183//183 180//180 184//184
f 184//184 180//180 179//179
f 181//181 185//185 182//182
f 182//182 185//185 186//186
f 182//182 186//186 187//187
f 188//188 189//189 190//190
f 190//190 189//189 187//187
f 190//190 187//187 191//191
f 191//191 187//187 186//186
f 188//188 192//192 189//189
f 189//189 192//192 193//193
f 189//189 193//193 194//194
f 193//193 195//195 194//194
f 194//194 195//195 196//196
f 194//194 196//196 66//66
f 66//66 196//196 197//197
f 66//66 197//197 67//67
f 70//70 198//198 71//71
f 71//71 198//198 199//199
f 71//71 199//199 200//200
f 199//199 201//201 200//200
f 200//200 201//201 202//202
f 200//200 202//202 203//203
f 202//202 204//204 203//203
f 203//203 204//204 205//205
f 203//203 205//205 106//106
f 106//106 205//205 206//206
f 106//106 206//206 105//105
f 207//207 208//208 209//209
f 210//210 211//211 212//212
f 213//213 214//214 215//215
f 216//216 217//217 218//218
f 219//219 220//220 221//221
f 221//221 220//220 222//222
f 223//223 224//224 225//225
f 226//226 227//227 228//228
f 229//229 230//230 231//231
f 232//232 233//233 234//234
f 235//235 236//236 237//237
f 238//238 239//239 240//240
f 241//241 242//242 243//243
f 244//244 245//245 246//246
f 247//247 248//248 249//249
f 250//250 251//251 252//252
f 253//253 254//254 255//255
f 256//256 257//257 258//258
f 259//259 260//260 261//261
f 262//262 263//263 264//264
f 265//265 193//193 192//192
f 266//266 267//267 268//268
f 269//269 270//270 271//271
f 272//272 273//273 274//274
f 275//275 276//276 277//277
f 278//278 172//172 171//171
f 279//279 179//179 178//178
f 280//280 281//281 282//282
f 283//283 284//284 285//285
f 286//286 287//287 288//288
f 289//289 169//169 170//170
f 290//290 291//291 292//292
f 293//293 294//294 295//295
f 296//296 297//297 298//298
f 299//299 300//300 301//301
f 302//302 303//303 304//304
f 305//305 306//306 303//303
f 307//307 301//301 308//308
f 309//309 310//310 311//311
f 312//312 313//313 314//314
f 315//315 316//316 317//317
f 318//318 319//319 320//320
f 321//321 155//155 154//154
f 322//322 162//162 161//161
f 323//323 148//148 147//147
f 324//324 137//137 136//136
f 325//325 145//145 146//146
f 135//135 130//130 326//326
f 326//326 130//130 129//129
f 327//327 328//328 329//329
f 330//330 331//331 332//332
f 333//333 334//334 335//335
f 336//336 337//337 338//338
f 339//339 340//340 341//341
f 342//342 343//343 344//344
f 345//345 346//346 347//347
f 348//348 349//349 350//350
f 351//351 352//352 353//353
f 353//353 352//352 354//354
f 355//355 356//356 357//357
f 358//358 359//359 360//360
f 361//361 119//119 118//118
f 362//362 127//127 128//128
f 363//363 364//364 365//365
f 366//366 367//367 368//368
f 369//369 112//112 111//111
f 370//370 371//371 372//372
f 371//371 370//370 373//373
f 374//374 205//205 204//204
f 375//375 103//103 105//105
f 376//376 377//377 378//378
f 205//205 374//374 206//206
f 379//379 380//380 381//381
f 382//382 383//383 384//384
f 385//385 386//386 387//387
f 388//388 389//389 390//390
f 391//391 392//392 393//393
f 394//394 395//395 396//396
f 397//397 398//398 399//399
f 400//400 401//401 402//402
f 403//403 404//404 405//405
f 406//406 407//407 408//408
f 407//407 406//406 409//409
f 410//410 411//411 412//412
f 412//412 411//411 408//408
f 413//413 414//414 415//415
f 416//416 417//417 418//418
f 419//419 420//420 421//421
f 422//422 423//423 424//424
f 425//425 426//426 427//427
f 581//581 428//428 429//429
f 430//430 431//431 432//432
f 433//433 434//434 435//435
f 436//436 437//437 438//438
f 438//438 437//437 439//439
f 440//440 441//441 442//442
f 443//443 444//444 445//445
f 446//446 69//69 447//447
f 73//73 448//448 72//72
f 72//72 448//448 449//449
f 72//72 449//449 70//70
f 450//450 451//451 452//452
f 452//452 451//451 453//453
f 454//454 455//455 456//456
f 456//456 455//455 457//457
f 456//456 457//457 458//458
f 458//458 457//457 459//459
f 458//458 459//459 460//460
f 445//445 461//461 443//443
f 443//443 461//461 462//462
f 443//443 462//462 454//454
f 454//454 462//462 463//463
f 454//454 463//463 455//455
f 464//464 440//440 465//465
f 466//466 467//467 468//468
f 468//468 467//467 469//469
f 468//468 469//469 470//470
f 470//470 469//469 471//471
f 470//470 471//471 472//472
f 472//472 471//471 473//473
f 472//472 473//473 474//474
f 474//474 473//473 475//475
f 474//474 475//475 476//476
f 476//476 475//475 477//477
f 476//476 477//477 478//478
f 478//478 477//477 479//479
f 478//478 479//479 480//480
f 480//480 479//479 481//481
f 480//480 481//481 482//482
f 483//483 484//484 485//485
f 485//485 484//484 486//486
f 485//485 486//486 487//487
f 487//487 486//486 488//488
f 487//487 488//488 489//489
f 466//466 489//489 467//467
f 467//467 489//489 488//488
f 467//467 488//488 490//490
f 490//490 488//488 486//486
f 490//490 486//486 491//491
f 491//491 486//486 484//484
f 491//491 484//484 492//492
f 492//492 493//493 491//491
f 491//491 493//493 494//494
f 491//491 494//494 490//490
f 490//490 494//494 495//495
f 490//490 495//495 467//467
f 467//467 495//495 496//496
f 467//467 496//496 469//469
f 469//469 496//496 497//497
f 469//469 497//497 471//471
f 471//471 497//497 498//498
f 471//471 498//498 473//473
f 473//473 498//498 499//499
f 473//473 499//499 475//475
f 475//475 499//499 500//500
f 475//475 500//500 477//477
f 477//477 500//500 501//501
f 477//477 501//501 479//479
f 479//479 501//501 502//502
f 479//479 502//502 481//481
f 503//503 504//504 505//505
f 505//505 504//504 506//506
f 505//505 506//506 507//507
f 507//507 506//506 508//508
f 507//507 508//508 509//509
f 509//509 508//508 510//510
f 509//509 510//510 511//511
f 511//511 510//510 512//512
f 511//511 512//512 513//513
f 513//513 512//512 514//514
f 513//513 514//514 515//515
f 515//515 514//514 442//442
f 515//515 442//442 516//516
f 516//516 442//442 441//441
f 516//516 441//441 517//517
f 518//518 519//519 520//520
f 520//520 519//519 521//521
f 520//520 521//521 522//522
f 504//504 523//523 506//506
f 506//506 523//523 518//518
f 506//506 518//518 508//508
f 508//508 518//518 520//520
f 508//508 520//520 510//510
f 510//510 520//520 522//522
f 510//510 522//522 512//512
f 464//464 465//465 524//524
f 524//524 465//465 525//525
f 524//524 525//525 526//526
f 433//433 435//435 527//527
f 527//527 528//528 530//530
f 530//530 528//528 529//529
f 530//530 529//529 531//531
f 532//532 533//533 534//534
f 534//534 533//533 535//535
f 534//534 535//535 536//536
f 537//537 538//538 539//539
f 527//527 435//435 528//528
f 528//528 435//435 540//540
f 528//528 540//540 529//529
f 541//541 542//542 543//543
f 543//543 542//542 544//544
f 543//543 544//544 545//545
f 545//545 544//544 534//534
f 532//532 534//534 546//546
f 546//546 534//534 544//544
f 546//546 544//544 547//547
f 547//547 544//544 542//542
f 547//547 542//542 548//548
f 548//548 542//542 541//541
f 548//548 541//541 549//549
f 549//549 541//541 550//550
f 549//549 550//550 551//551
f 536//536 531//531 534//534
f 534//534 531//531 529//529
f 534//534 529//529 545//545
f 545//545 529//529 540//540
f 545//545 540//540 543//543
f 543//543 540//540 552//552
f 543//543 552//552 541//541
f 541//541 552//552 553//553
f 541//541 553//553 550//550
f 430//430 432//432 554//554
f 554//554 432//432 555//555
f 554//554 555//555 556//556
f 556//556 555//555 557//557
f 556//556 557//557 558//558
f 557//557 559//559 558//558
f 558//558 559//559 560//560
f 558//558 560//560 539//539
f 539//539 560//560 561//561
f 539//539 561//561 537//537
f 537//537 561//561 562//562
f 537//537 562//562 563//563
f 565//565 564//564 563//563
f 565//565 563//563 566//566
f 566//566 563//563 562//562
f 564//564 567//567 563//563
f 563//563 567//567 537//537
f 537//537 567//567 568//568
f 537//537 568//568 538//538
f 538//538 568//568 569//569
f 538//538 569//569 570//570
f 571//571 572//572 573//573
f 574//574 575//575 576//576
f 576//576 575//575 429//429
f 576//576 429//429 577//577
f 577//577 429//429 428//428
f 577//577 428//428 571//571
f 571//571 573//573 577//577
f 577//577 573//573 578//578
f 577//577 578//578 576//576
f 576//576 578//578 579//579
f 576//576 579//579 574//574
f 582//582 583//583 584//584
f 584//584 583//583 585//585
f 584//584 585//585 586//586
f 587//587 588//588 589//589
f 588//588 587//587 590//590
f 427//427 426//426 591//591
f 591//591 426//426 592//592
f 591//591 592//592 593//593
f 593//593 592//592 594//594
f 593//593 594//594 595//595
f 596//596 427//427 597//597
f 597//597 427//427 591//591
f 597//597 591//591 598//598
f 598//598 591//591 593//593
f 425//425 599//599 600//600
f 600//600 599//599 16//16
f 600//600 16//16 15//15
f 601//601 596//596 602//602
f 602//602 596//596 597//597
f 602//602 597//597 603//603
f 603//603 597//597 598//598
f 603//603 598//598 604//604
f 604//604 598//598 593//593
f 604//604 593//593 605//605
f 605//605 593//593 595//595
f 605//605 595//595 606//606
f 607//607 601//601 608//608
f 608//608 601//601 602//602
f 608//608 602//602 609//609
f 609//609 602//602 603//603
f 609//609 603//603 610//610
f 610//610 603//603 604//604
f 610//610 604//604 611//611
f 611//611 604//604 605//605
f 611//611 605//605 612//612
f 612//612 605//605 606//606
f 612//612 606//606 590//590
f 9//9 613//613 13//13
f 13//13 613//613 614//614
f 13//13 614//614 10//10
f 9//9 8//8 613//613
f 613//613 8//8 18//18
f 613//613 18//18 599//599
f 599//599 18//18 17//17
f 599//599 17//17 16//16
f 615//615 616//616 617//617
f 617//617 616//616 618//618
f 617//617 618//618 619//619
f 619//619 618//618 620//620
f 619//619 620//620 621//621
f 621//621 620//620 622//622
f 621//621 622//622 623//623
f 623//623 622//622 624//624
f 623//623 624//624 625//625
f 625//625 624//624 626//626
f 432//432 626//626 555//555
f 555//555 626//626 624//624
f 555//555 624//624 557//557
f 557//557 624//624 622//622
f 557//557 622//622 559//559
f 559//559 622//622 620//620
f 559//559 620//620 560//560
f 560//560 620//620 618//618
f 560//560 618//618 561//561
f 561//561 618//618 616//616
f 561//561 616//616 562//562
f 562//562 616//616 615//615
f 562//562 615//615 566//566
f 627//627 628//628 629//629
f 629//629 628//628 630//630
f 629//629 630//630 631//631
f 631//631 630//630 632//632
f 631//631 632//632 633//633
f 633//633 632//632 634//634
f 633//633 634//634 635//635
f 628//628 636//636 630//630
f 630//630 636//636 637//637
f 630//630 637//637 632//632
f 632//632 637//637 638//638
f 632//632 638//638 634//634
f 639//639 640//640 641//641
f 642//642 643//643 644//644
f 644//644 643//643 645//645
f 644//644 645//645 646//646
f 646//646 645//645 647//647
f 646//646 647//647 648//648
f 648//648 647//647 649//649
f 648//648 649//649 650//650
f 650//650 649//649 651//651
f 650//650 651//651 652//652
f 652//652 651//651 653//653
f 635//635 641//641 633//633
f 633//633 641//641 640//640
f 633//633 640//640 631//631
f 631//631 640//640 654//654
f 631//631 654//654 629//629
f 629//629 654//654 655//655
f 629//629 655//655 627//627
f 656//656 657//657 658//658
f 583//583 642//642 585//585
f 585//585 642//642 644//644
f 585//585 644//644 586//586
f 586//586 644//644 646//646
f 586//586 646//646 659//659
f 659//659 646//646 648//648
f 659//659 648//648 660//660
f 660//660 648//648 650//650
f 660//660 650//650 661//661
f 661//661 650//650 652//652
f 661//661 652//652 662//662
f 662//662 652//652 653//653
f 662//662 653//653 663//663
f 663//663 653//653 664//664
f 663//663 664//664 665//665
f 590//590 587//587 612//612
f 612//612 587//587 666//666
f 612//612 666//666 611//611
f 611//611 666//666 667//667
f 611//611 667//667 610//610
f 610//610 667//667 668//668
f 610//610 668//668 609//609
f 609//609 668//668 669//669
f 609//609 669//669 608//608
f 608//608 669//669 670//670
f 608//608 670//670 607//607
f 607//607 670//670 671//671
f 607//607 671//671 672//672
f 4//4 673//673 5//5
f 5//5 673//673 674//674
f 5//5 674//674 6//6
f 675//675 657//657 676//676
f 676//676 657//657 656//656
f 676//676 656//656 677//677
f 678//678 679//679 680//680
f 680//680 679//679 681//681
f 680//680 681//681 682//682
f 682//682 681//681 683//683
f 97//97 96//96 684//684
f 425//425 427//427 599//599
f 599//599 427//427 596//596
f 599//599 596//596 613//613
f 613//613 596//596 601//601
f 613//613 601//601 614//614
f 614//614 601//601 607//607
f 614//614 607//607 673//673
f 673//673 607//607 672//672
f 673//673 672//672 674//674
f 674//674 672//672 685//685
f 674//674 685//685 684//684
f 684//684 685//685 686//686
f 684//684 686//686 97//97
f 96//96 100//100 684//684
f 684//684 100//100 99//99
f 684//684 99//99 674//674
f 674//674 99//99 98//98
f 674//674 98//98 6//6
f 4//4 3//3 673//673
f 673//673 3//3 12//12
f 673//673 12//12 614//614
f 614//614 12//12 11//11
f 614//614 11//11 10//10
f 431//431 430//430 687//687
f 687//687 430//430 688//688
f 687//687 688//688 689//689
f 525//525 439//439 526//526
f 526//526 439//439 437//437
f 526//526 437//437 690//690
f 690//690 437//437 436//436
f 690//690 436//436 691//691
f 438//438 692//692 693//693
f 693//693 692//692 694//694
f 693//693 694//694 695//695
f 695//695 694//694 696//696
f 697//697 696//696 698//698
f 698//698 696//696 694//694
f 698//698 694//694 699//699
f 699//699 694//694 692//692
f 700//700 551//551 701//701
f 701//701 551//551 550//550
f 701//701 550//550 702//702
f 702//702 550//550 553//553
f 702//702 553//553 703//703
f 703//703 553//553 552//552
f 703//703 552//552 704//704
f 704//704 552//552 540//540
f 704//704 540//540 705//705
f 705//705 540//540 435//435
f 705//705 435//435 444//444
f 444//444 435//435 434//434
f 444//444 434//434 445//445
f 706//706 707//707 700//700
f 700//700 707//707 708//708
f 708//708 689//689 700//700
f 700//700 689//689 688//688
f 700//700 688//688 551//551
f 551//551 688//688 430//430
f 551//551 430//430 549//549
f 549//549 430//430 554//554
f 549//549 554//554 548//548
f 548//548 554//554 556//556
f 548//548 556//556 547//547
f 547//547 556//556 558//558
f 547//547 558//558 546//546
f 546//546 558//558 539//539
f 546//546 539//539 532//532
f 532//532 539//539 538//538
f 532//532 538//538 533//533
f 533//533 538//538 570//570
f 533//533 570//570 535//535
f 438//438 693//693 436//436
f 436//436 693//693 695//695
f 436//436 695//695 691//691
f 691//691 695//695 696//696
f 691//691 696//696 709//709
f 709//709 696//696 697//697
f 709//709 697//697 710//710
f 711//711 712//712 713//713
f 713//713 712//712 714//714
f 713//713 714//714 715//715
f 711//711 521//521 712//712
f 712//712 521//521 519//519
f 712//712 519//519 716//716
f 716//716 519//519 518//518
f 716//716 518//518 717//717
f 717//717 518//518 523//523
f 717//717 523//523 718//718
f 718//718 523//523 504//504
f 718//718 504//504 719//719
f 719//719 504//504 503//503
f 719//719 503//503 720//720
f 721//721 722//722 723//723
f 422//422 424//424 724//724
f 724//724 424//424 725//725
f 724//724 725//725 721//721
f 440//440 442//442 465//465
f 465//465 442//442 514//514
f 465//465 514//514 525//525
f 525//525 514//514 512//512
f 525//525 512//512 439//439
f 439//439 512//512 522//522
f 439//439 522//522 438//438
f 438//438 522//522 521//521
f 438//438 521//521 692//692
f 692//692 521//521 711//711
f 692//692 711//711 699//699
f 699//699 711//711 713//713
f 699//699 713//713 698//698
f 698//698 713//713 715//715
f 698//698 715//715 697//697
f 697//697 715//715 726//726
f 697//697 726//726 727//727
f 728//728 729//729 730//730
f 731//731 732//732 730//730
f 732//732 733//733 730//730
f 730//730 733//733 734//734
f 730//730 734//734 728//728
f 729//729 735//735 730//730
f 730//730 735//735 736//736
f 730//730 736//736 731//731
f 731//731 736//736 737//737
f 731//731 737//737 738//738
f 739//739 740//740 741//741
f 741//741 740//740 742//742
f 741//741 742//742 743//743
f 743//743 742//742 744//744
f 727//727 745//745 697//697
f 697//697 745//745 746//746
f 697//697 746//746 710//710
f 747//747 723//723 748//748
f 748//748 723//723 749//749
f 748//748 749//749 750//750
f 750//750 749//749 751//751
f 750//750 751//751 421//421
f 421//421 751//751 752//752
f 421//421 752//752 419//419
f 419//419 752//752 753//753
f 419//419 753//753 754//754
f 754//754 753//753 755//755
f 754//754 755//755 756//756
f 756//756 755//755 757//757
f 756//756 757//757 758//758
f 759//759 760//760 761//761
f 761//761 760//760 762//762
f 761//761 762//762 763//763
f 763//763 762//762 764//764
f 763//763 764//764 765//765
f 765//765 764//764 766//766
f 765//765 766//766 420//420
f 760//760 767//767 762//762
f 762//762 767//767 768//768
f 762//762 768//768 764//764
f 764//764 768//768 769//769
f 764//764 769//769 766//766
f 420//420 419//419 765//765
f 765//765 419//419 754//754
f 765//765 754//754 763//763
f 763//763 754//754 756//756
f 763//763 756//756 761//761
f 761//761 756//756 758//758
f 761//761 758//758 759//759
f 770//770 771//771 745//745
f 745//745 771//771 772//772
f 745//745 772//772 746//746
f 746//746 772//772 773//773
f 746//746 773//773 710//710
f 723//723 722//722 749//749
f 749//749 722//722 774//774
f 749//749 774//774 751//751
f 751//751 774//774 775//775
f 751//751 775//775 752//752
f 752//752 775//775 776//776
f 752//752 776//776 753//753
f 753//753 776//776 777//777
f 753//753 777//777 755//755
f 755//755 777//777 778//778
f 755//755 778//778 757//757
f 773//773 706//706 710//710
f 710//710 706//706 700//700
f 710//710 700//700 709//709
f 709//709 700//700 701//701
f 709//709 701//701 691//691
f 691//691 701//701 702//702
f 691//691 702//702 690//690
f 690//690 702//702 703//703
f 690//690 703//703 526//526
f 526//526 703//703 704//704
f 526//526 704//704 524//524
f 524//524 704//704 705//705
f 524//524 705//705 464//464
f 464//464 705//705 444//444
f 464//464 444//444 440//440
f 440//440 444//444 443//443
f 440//440 443//443 441//441
f 441//441 443//443 454//454
f 441//441 454//454 517//517
f 517//517 454//454 456//456
f 517//517 456//456 779//779
f 779//779 456//456 458//458
f 779//779 458//458 452//452
f 452//452 458//458 460//460
f 452//452 460//460 450//450
f 90//90 780//780 91//91
f 91//91 780//780 781//781
f 91//91 781//781 92//92
f 92//92 781//781 93//93
f 782//782 783//783 784//784
f 784//784 783//783 785//785
f 784//784 785//785 786//786
f 786//786 785//785 787//787
f 786//786 787//787 788//788
f 788//788 787//787 789//789
f 788//788 789//789 790//790
f 790//790 789//789 791//791
f 790//790 791//791 792//792
f 792//792 791//791 675//675
f 792//792 675//675 793//793
f 793//793 675//675 676//676
f 794//794 795//795 86//86
f 86//86 85//85 794//794
f 794//794 85//85 95//95
f 794//794 95//95 781//781
f 781//781 95//95 94//94
f 781//781 94//94 93//93
f 796//796 797//797 798//798
f 798//798 797//797 799//799
f 798//798 799//799 800//800
f 800//800 799//799 801//801
f 800//800 801//801 802//802
f 802//802 801//801 803//803
f 802//802 803//803 804//804
f 804//804 803//803 805//805
f 804//804 805//805 806//806
f 806//806 805//805 807//807
f 806//806 807//807 808//808
f 808//808 807//807 809//809
f 808//808 809//809 810//810
f 810//810 809//809 639//639
f 810//810 639//639 811//811
f 811//811 639//639 641//641
f 811//811 641//641 812//812
f 812//812 641//641 635//635
f 812//812 813//813 811//811
f 811//811 813//813 814//814
f 811//811 814//814 810//810
f 810//810 814//814 815//815
f 810//810 815//815 808//808
f 808//808 815//815 816//816
f 808//808 816//816 806//806
f 806//806 816//816 817//817
f 806//806 817//817 804//804
f 804//804 817//817 818//818
f 804//804 818//818 802//802
f 802//802 818//818 819//819
f 802//802 819//819 800//800
f 800//800 819//819 820//820
f 800//800 820//820 798//798
f 638//638 821//821 634//634
f 634//634 821//821 822//822
f 634//634 822//822 635//635
f 635//635 822//822 823//823
f 635//635 823//823 812//812
f 812//812 823//823 824//824
f 812//812 824//824 813//813
f 813//813 824//824 825//825
f 813//813 825//825 814//814
f 814//814 825//825 826//826
f 814//814 826//826 815//815
f 815//815 826//826 827//827
f 815//815 827//827 816//816
f 816//816 827//827 828//828
f 816//816 828//828 817//817
f 817//817 828//828 829//829
f 817//817 829//829 818//818
f 818//818 829//829 830//830
f 818//818 830//830 819//819
f 819//819 830//830 831//831
f 819//819 831//831 820//820
f 832//832 833//833 834//834
f 834//834 833//833 835//835
f 834//834 835//835 836//836
f 837//837 838//838 839//839
f 839//839 838//838 840//840
f 839//839 840//840 841//841
f 842//842 843//843 844//844
f 844//844 843//843 845//845
f 844//844 845//845 796//796
f 796//796 845//845 846//846
f 796//796 846//846 797//797
f 847//847 848//848 849//849
f 786//786 850//850 784//784
f 784//784 850//850 851//851
f 784//784 851//851 782//782
f 782//782 851//851 852//852
f 77//77 853//853 82//82
f 82//82 853//853 854//854
f 82//82 854//854 83//83
f 83//83 854//854 84//84
f 841//841 855//855 839//839
f 839//839 855//855 852//852
f 839//839 852//852 837//837
f 837//837 852//852 851//851
f 837//837 851//851 856//856
f 856//856 851//851 850//850
f 856//856 850//850 857//857
f 857//857 850//850 786//786
f 857//857 786//786 858//858
f 858//858 786//786 788//788
f 858//858 788//788 859//859
f 859//859 788//788 790//790
f 859//859 790//790 678//678
f 678//678 790//790 792//792
f 678//678 792//792 679//679
f 679//679 792//792 793//793
f 679//679 793//793 681//681
f 681//681 793//793 676//676
f 681//681 676//676 683//683
f 683//683 676//676 677//677
f 579//579 582//582 574//574
f 574//574 582//582 584//584
f 574//574 584//584 575//575
f 575//575 584//584 586//586
f 575//575 586//586 860//860
f 860//860 586//586 659//659
f 860//860 659//659 861//861
f 861//861 659//659 660//660
f 861//861 660//660 862//862
f 862//862 660//660 661//661
f 862//862 661//661 863//863
f 863//863 661//661 662//662
f 863//863 662//662 864//864
f 864//864 662//662 663//663
f 864//864 663//663 865//865
f 865//865 663//663 665//665
f 865//865 665//665 866//866
f 866//866 665//665 867//867
f 866//866 867//867 868//868
f 868//868 867//867 869//869
f 868//868 869//869 870//870
f 870//870 869//869 871//871
f 870//870 871//871 872//872
f 872//872 871//871 873//873
f 872//872 873//873 874//874
f 874//874 873//873 875//875
f 874//874 875//875 876//876
f 876//876 875//875 877//877
f 876//876 877//877 878//878
f 878//878 877//877 879//879
f 878//878 879//879 880//880
f 880//880 879//879 881//881
f 880//880 881//881 882//882
f 882//882 881//881 883//883
f 882//882 883//883 884//884
f 884//884 883//883 885//885
f 841//841 886//886 855//855
f 855//855 886//886 887//887
f 855//855 887//887 852//852
f 852//852 887//887 847//847
f 852//852 847//847 782//782
f 782//782 847//847 849//849
f 782//782 849//849 783//783
f 888//888 889//889 890//890
f 891//891 892//892 893//893
f 893//893 892//892 894//894
f 893//893 894//894 895//895
f 895//895 894//894 896//896
f 891//891 890//890 892//892
f 892//892 890//890 889//889
f 892//892 889//889 894//894
f 894//894 889//889 897//897
f 894//894 897//897 896//896
f 416//416 898//898 417//417
f 417//417 898//898 899//899
f 417//417 899//899 900//900
f 900//900 899//899 901//901
f 900//900 901//901 902//902
f 902//902 901//901 903//903
f 581//581 429//429 580//580
f 580//580 429//429 575//575
f 580//580 575//575 904//904
f 904//904 575//575 860//860
f 904//904 860//860 905//905
f 905//905 860//860 861//861
f 905//905 861//861 906//906
f 906//906 861//861 862//862
f 906//906 862//862 907//907
f 907//907 862//862 863//863
f 907//907 863//863 908//908
f 908//908 863//863 864//864
f 908//908 864//864 909//909
f 909//909 864//864 865//865
f 909//909 865//865 910//910
f 910//910 865//865 866//866
f 910//910 866//866 911//911
f 911//911 866//866 868//868
f 911//911 868//868 912//912
f 912//912 868//868 870//870
f 912//912 870//870 913//913
f 913//913 870//870 872//872
f 913//913 872//872 914//914
f 914//914 872//872 874//874
f 914//914 874//874 915//915
f 915//915 874//874 876//876
f 915//915 876//876 916//916
f 916//916 876//876 878//878
f 916//916 878//878 917//917
f 917//917 878//878 880//880
f 917//917 880//880 918//918
f 918//918 880//880 882//882
f 918//918 882//882 919//919
f 919//919 882//882 884//884
f 919//919 884//884 920//920
f 920//920 884//884 885//885
f 920//920 885//885 921//921
f 922//922 923//923 924//924
f 924//924 923//923 925//925
f 924//924 925//925 926//926
f 926//926 925//925 927//927
f 926//926 927//927 928//928
f 928//928 927//927 929//929
f 928//928 929//929 930//930
f 930//930 929//929 931//931
f 930//930 931//931 932//932
f 932//932 931//931 933//933
f 932//932 933//933 934//934
f 934//934 933//933 935//935
f 934//934 935//935 936//936
f 936//936 935//935 937//937
f 936//936 937//937 938//938
f 938//938 937//937 939//939
f 938//938 939//939 940//940
f 940//940 939//939 941//941
f 940//940 941//941 942//942
f 942//942 941//941 943//943
f 942//942 943//943 944//944
f 944//944 943//943 945//945
f 944//944 945//945 946//946
f 946//946 945//945 947//947
f 946//946 947//947 948//948
f 948//948 947//947 949//949
f 69//69 76//76 447//447
f 447//447 76//76 75//75
f 447//447 75//75 854//854
f 854//854 75//75 74//74
f 854//854 74//74 84//84
f 77//77 79//79 853//853
f 853//853 79//79 81//81
f 853//853 81//81 795//795
f 795//795 81//81 86//86
f 759//759 950//950 760//760
f 760//760 950//950 951//951
f 760//760 951//951 767//767
f 767//767 951//951 771//771
f 767//767 771//771 768//768
f 768//768 771//771 770//770
f 768//768 770//770 769//769
f 769//769 770//770 745//745
f 769//769 745//745 766//766
f 766//766 745//745 727//727
f 766//766 727//727 420//420
f 420//420 727//727 726//726
f 420//420 726//726 421//421
f 421//421 726//726 715//715
f 421//421 715//715 750//750
f 750//750 715//715 714//714
f 750//750 714//714 748//748
f 748//748 714//714 712//712
f 748//748 712//712 747//747
f 90//90 87//87 780//780
f 780//780 87//87 102//102
f 780//780 102//102 686//686
f 686//686 102//102 101//101
f 686//686 101//101 97//97
f 738//738 737//737 952//952
f 952//952 737//737 953//953
f 952//952 953//953 954//954
f 955//955 956//956 957//957
f 958//958 959//959 960//960
f 960//960 959//959 961//961
f 960//960 961//961 962//962
f 963//963 414//414 964//964
f 964//964 414//414 413//413
f 964//964 413//413 965//965
f 966//966 967//967 968//968
f 968//968 967//967 969//969
f 968//968 969//969 970//970
f 970//970 969//969 971//971
f 970//970 971//971 972//972
f 972//972 971//971 973//973
f 974//974 963//963 975//975
f 975//975 963//963 964//964
f 975//975 964//964 976//976
f 976//976 964//964 965//965
f 976//976 965//965 977//977
f 978//978 979//979 980//980
f 955//955 957//957 981//981
f 981//981 957//957 982//982
f 981//981 982//982 983//983
f 983//983 982//982 984//984
f 983//983 984//984 985//985
f 985//985 984//984 986//986
f 985//985 986//986 987//987
f 987//987 986//986 988//988
f 987//987 988//988 989//989
f 990//990 974//974 991//991
f 991//991 974//974 975//975
f 991//991 975//975 992//992
f 992//992 975//975 976//976
f 992//992 976//976 993//993
f 993//993 976//976 977//977
f 993//993 977//977 994//994
f 410//410 995//995 996//996
f 996//996 995//995 997//997
f 996//996 997//997 998//998
f 998//998 997//997 999//999
f 998//998 999//999 1000//1000
f 1000//1000 999//999 1001//1001
f 1000//1000 1001//1001 1002//1002
f 415//415 1003//1003 413//413
f 413//413 1003//1003 1004//1004
f 413//413 1004//1004 965//965
f 965//965 1004//1004 1005//1005
f 965//965 1005//1005 977//977
f 977//977 1005//1005 1006//1006
f 977//977 1006//1006 994//994
f 994//994 1006//1006 1007//1007
f 994//994 1007//1007 1008//1008
f 1008//1008 1007//1007 1009//1009
f 958//958 960//960 1010//1010
f 1010//1010 960//960 962//962
f 1010//1010 962//962 1011//1011
f 1011//1011 962//962 1012//1012
f 1011//1011 1012//1012 1013//1013
f 1013//1013 1012//1012 1014//1014
f 1013//1013 1014//1014 1015//1015
f 1015//1015 1014//1014 1016//1016
f 1015//1015 1016//1016 1017//1017
f 1018//1018 1019//1019 1020//1020
f 1020//1020 1019//1019 1021//1021
f 1020//1020 1021//1021 1022//1022
f 1022//1022 1021//1021 1023//1023
f 1022//1022 1023//1023 1024//1024
f 1024//1024 1023//1023 1025//1025
f 1024//1024 1025//1025 1026//1026
f 404//404 403//403 1027//1027
f 1027//1027 403//403 1028//1028
f 1027//1027 1028//1028 1029//1029
f 1030//1030 405//405 1031//1031
f 1031//1031 405//405 404//404
f 1031//1031 404//404 1032//1032
f 1032//1032 404//404 1027//1027
f 1032//1032 1027//1027 1033//1033
f 1033//1033 1027//1027 1029//1029
f 1033//1033 1029//1029 1034//1034
f 400//400 1035//1035 401//401
f 401//401 1035//1035 1036//1036
f 401//401 1036//1036 1037//1037
f 1038//1038 1039//1039 1040//1040
f 1040//1040 1039//1039 1041//1041
f 1040//1040 1041//1041 1042//1042
f 1042//1042 1041//1041 1043//1043
f 1042//1042 1043//1043 1044//1044
f 1044//1044 1043//1043 1045//1045
f 1044//1044 1045//1045 1046//1046
f 1046//1046 1045//1045 1047//1047
f 1046//1046 1047//1047 1048//1048
f 1048//1048 1047//1047 1049//1049
f 1048//1048 1049//1049 1018//1018
f 1018//1018 1049//1049 1050//1050
f 1018//1018 1050//1050 1019//1019
f 962//962 1051//1051 1012//1012
f 1012//1012 1051//1051 1052//1052
f 1012//1012 1052//1052 1014//1014
f 1014//1014 1052//1052 1053//1053
f 1014//1014 1053//1053 1016//1016
f 1016//1016 1053//1053 1054//1054
f 1016//1016 1054//1054 1017//1017
f 1017//1017 1054//1054 1055//1055
f 1017//1017 1055//1055 1056//1056
f 1057//1057 1058//1058 1059//1059
f 1059//1059 1058//1058 1060//1060
f 1059//1059 1060//1060 1061//1061
f 1062//1062 1063//1063 1064//1064
f 1064//1064 1063//1063 1065//1065
f 1064//1064 1065//1065 1066//1066
f 739//739 1067//1067 740//740
f 740//740 1067//1067 1068//1068
f 740//740 1068//1068 742//742
f 742//742 1068//1068 1069//1069
f 742//742 1069//1069 744//744
f 744//744 1069//1069 1070//1070
f 744//744 1070//1070 1071//1071
f 1071//1071 1070//1070 1072//1072
f 1071//1071 1072//1072 1073//1073
f 1074//1074 1075//1075 1065//1065
f 1065//1065 1075//1075 1076//1076
f 1065//1065 1076//1076 1066//1066
f 1077//1077 1078//1078 1079//1079
f 1080//1080 1075//1075 1078//1078
f 1078//1078 1075//1075 1074//1074
f 1078//1078 1074//1074 1079//1079
f 1081//1081 1082//1082 1083//1083
f 1084//1084 1082//1082 1085//1085
f 1085//1085 1082//1082 1081//1081
f 1085//1085 1081//1081 1086//1086
f 1072//1072 1083//1083 1073//1073
f 1073//1073 1083//1083 1082//1082
f 1073//1073 1082//1082 1087//1087
f 1087//1087 1082//1082 1084//1084
f 1087//1087 1084//1084 1088//1088
f 1089//1089 743//743 1090//1090
f 1090//1090 743//743 744//744
f 1090//1090 744//744 1091//1091
f 1091//1091 744//744 1071//1071
f 1091//1091 1071//1071 1092//1092
f 1092//1092 1071//1071 1073//1073
f 1092//1092 1073//1073 1093//1093
f 1093//1093 1073//1073 1087//1087
f 1093//1093 1087//1087 1094//1094
f 1094//1094 1087//1087 1088//1088
f 1094//1094 1088//1088 1095//1095
f 1096//1096 1097//1097 1098//1098
f 1098//1098 1097//1097 1099//1099
f 1098//1098 1099//1099 1100//1100
f 1100//1100 1099//1099 1101//1101
f 1100//1100 1101//1101 1102//1102
f 1086//1086 1103//1103 1085//1085
f 1085//1085 1103//1103 1102//1102
f 1085//1085 1102//1102 1084//1084
f 1084//1084 1102//1102 1101//1101
f 1084//1084 1101//1101 1088//1088
f 1088//1088 1101//1101 1099//1099
f 1088//1088 1099//1099 1095//1095
f 1095//1095 1099//1099 1097//1097
f 1104//1104 1105//1105 1106//1106
f 1106//1106 1105//1105 1107//1107
f 1106//1106 1107//1107 1108//1108
f 1059//1059 1109//1109 1057//1057
f 1057//1057 1109//1109 1110//1110
f 1057//1057 1110//1110 1111//1111
f 1111//1111 1110//1110 1112//1112
f 1111//1111 1112//1112 1113//1113
f 1113//1113 1112//1112 1114//1114
f 1113//1113 1114//1114 1115//1115
f 1115//1115 1114//1114 1116//1116
f 1115//1115 1116//1116 1117//1117
f 1117//1117 1116//1116 1118//1118
f 1117//1117 1118//1118 1119//1119
f 1119//1119 1118//1118 1120//1120
f 1119//1119 1120//1120 1121//1121
f 1121//1121 1120//1120 1122//1122
f 1121//1121 1122//1122 1123//1123
f 1124//1124 1125//1125 1126//1126
f 1126//1126 1125//1125 1108//1108
f 1126//1126 1108//1108 1127//1127
f 1127//1127 1108//1108 1107//1107
f 1127//1127 1107//1107 1128//1128
f 409//409 1129//1129 407//407
f 407//407 1129//1129 1130//1130
f 407//407 1130//1130 408//408
f 408//408 1130//1130 1123//1123
f 408//408 1123//1123 412//412
f 412//412 1123//1123 1122//1122
f 412//412 1122//1122 410//410
f 410//410 1122//1122 1120//1120
f 410//410 1120//1120 995//995
f 995//995 1120//1120 1118//1118
f 995//995 1118//1118 997//997
f 997//997 1118//1118 1116//1116
f 997//997 1116//1116 999//999
f 999//999 1116//1116 1114//1114
f 999//999 1114//1114 1001//1001
f 1001//1001 1114//1114 1112//1112
f 1001//1001 1112//1112 1002//1002
f 1131//1131 1132//1132 1124//1124
f 1124//1124 1132//1132 1133//1133
f 1124//1124 1133//1133 1125//1125
f 1134//1134 1135//1135 1136//1136
f 1136//1136 1135//1135 1137//1137
f 1136//1136 1137//1137 1138//1138
f 1138//1138 1137//1137 1139//1139
f 1138//1138 1139//1139 1140//1140
f 1141//1141 1142//1142 1143//1143
f 1143//1143 1142//1142 1144//1144
f 1143//1143 1144//1144 1145//1145
f 1145//1145 1144//1144 1146//1146
f 1145//1145 1146//1146 1147//1147
f 1148//1148 1149//1149 1150//1150
f 1150//1150 1149//1149 1151//1151
f 1150//1150 1151//1151 1152//1152
f 1152//1152 1151//1151 1153//1153
f 1149//1149 1154//1154 1151//1151
f 1151//1151 1154//1154 1155//1155
f 1151//1151 1155//1155 1153//1153
f 1153//1153 1155//1155 1156//1156
f 1157//1157 1141//1141 1158//1158
f 1158//1158 1141//1141 1143//1143
f 1158//1158 1143//1143 1159//1159
f 1159//1159 1143//1143 1145//1145
f 1159//1159 1145//1145 1160//1160
f 1160//1160 1145//1145 1147//1147
f 1160//1160 1147//1147 1161//1161
f 1162//1162 1163//1163 1161//1161
f 1161//1161 1163//1163 1160//1160
f 1160//1160 1163//1163 1164//1164
f 1160//1160 1164//1164 1159//1159
f 1159//1159 1164//1164 1165//1165
f 1159//1159 1165//1165 1158//1158
f 1158//1158 1165//1165 1166//1166
f 1158//1158 1166//1166 1157//1157
f 721//721 723//723 724//724
f 724//724 723//723 747//747
f 724//724 747//747 422//422
f 422//422 747//747 712//712
f 422//422 712//712 423//423
f 423//423 712//712 716//716
f 423//423 716//716 424//424
f 424//424 716//716 717//717
f 424//424 717//717 725//725
f 725//725 717//717 1167//1167
f 725//725 1167//1167 721//721
f 721//721 1167//1167 1168//1168
f 721//721 1168//1168 722//722
f 722//722 1168//1168 1169//1169
f 722//722 1169//1169 774//774
f 774//774 1169//1169 1170//1170
f 774//774 1170//1170 775//775
f 775//775 1170//1170 1089//1089
f 775//775 1089//1089 776//776
f 776//776 1089//1089 1090//1090
f 776//776 1090//1090 777//777
f 777//777 1090//1090 1091//1091
f 777//777 1091//1091 778//778
f 778//778 1091//1091 1092//1092
f 778//778 1092//1092 757//757
f 757//757 1092//1092 1093//1093
f 757//757 1093//1093 758//758
f 758//758 1093//1093 1094//1094
f 758//758 1094//1094 759//759
f 759//759 1094//1094 1095//1095
f 759//759 1095//1095 950//950
f 950//950 1095//1095 1097//1097
f 950//950 1097//1097 1171//1171
f 1171//1171 1097//1097 1096//1096
f 1171//1171 1096//1096 1172//1172
f 836//836 1173//1173 834//834
f 834//834 1173//1173 1174//1174
f 834//834 1174//1174 832//832
f 832//832 1174//1174 1175//1175
f 832//832 1175//1175 396//396
f 831//831 1173//1173 820//820
f 820//820 1173//1173 836//836
f 820//820 836//836 798//798
f 798//798 836//836 835//835
f 798//798 835//835 796//796
f 796//796 835//835 833//833
f 796//796 833//833 844//844
f 844//844 833//833 832//832
f 844//844 832//832 842//842
f 842//842 832//832 396//396
f 842//842 396//396 843//843
f 843//843 396//396 395//395
f 843//843 395//395 888//888
f 636//636 1176//1176 637//637
f 637//637 1176//1176 625//625
f 637//637 625//625 638//638
f 638//638 625//625 626//626
f 638//638 626//626 821//821
f 821//821 626//626 432//432
f 821//821 432//432 822//822
f 822//822 432//432 431//431
f 822//822 431//431 823//823
f 823//823 431//431 687//687
f 823//823 687//687 824//824
f 824//824 687//687 689//689
f 824//824 689//689 825//825
f 825//825 689//689 708//708
f 825//825 708//708 826//826
f 826//826 708//708 707//707
f 826//826 707//707 827//827
f 827//827 707//707 706//706
f 827//827 706//706 828//828
f 828//828 706//706 773//773
f 828//828 773//773 829//829
f 829//829 773//773 772//772
f 829//829 772//772 830//830
f 830//830 772//772 771//771
f 830//830 771//771 831//831
f 831//831 771//771 951//951
f 831//831 951//951 1173//1173
f 1173//1173 951//951 950//950
f 1173//1173 950//950 1174//1174
f 1174//1174 950//950 1171//1171
f 1174//1174 1171//1171 1175//1175
f 1175//1175 1171//1171 1172//1172
f 1175//1175 1172//1172 396//396
f 1177//1177 1178//1178 1179//1179
f 1179//1179 1178//1178 391//391
f 1179//1179 391//391 1180//1180
f 1180//1180 391//391 393//393
f 392//392 391//391 1181//1181
f 1181//1181 391//391 1178//1178
f 1181//1181 1178//1178 1182//1182
f 1183//1183 1184//1184 1185//1185
f 1185//1185 1184//1184 1186//1186
f 1185//1185 1186//1186 1187//1187
f 1187//1187 1186//1186 1188//1188
f 1187//1187 1188//1188 1189//1189
f 1189//1189 1188//1188 1190//1190
f 1189//1189 1190//1190 1191//1191
f 1191//1191 1190//1190 1192//1192
f 1193//1193 1194//1194 1195//1195
f 1195//1195 1194//1194 1196//1196
f 1195//1195 1196//1196 1197//1197
f 1198//1198 1199//1199 1200//1200
f 1200//1200 1199//1199 1201//1201
f 1200//1200 1201//1201 1202//1202
f 1202//1202 1201//1201 1203//1203
f 1202//1202 1203//1203 1204//1204
f 1204//1204 1203//1203 1205//1205
f 1198//1198 1206//1206 1199//1199
f 1199//1199 1206//1206 1207//1207
f 1199//1199 1207//1207 1201//1201
f 1201//1201 1207//1207 1208//1208
f 1201//1201 1208//1208 1203//1203
f 1203//1203 1208//1208 387//387
f 1203//1203 387//387 1205//1205
f 1205//1205 387//387 386//386
f 1205//1205 386//386 1209//1209
f 1209//1209 386//386 385//385
f 1209//1209 385//385 1210//1210
f 1184//1184 1211//1211 1186//1186
f 1186//1186 1211//1211 1212//1212
f 1186//1186 1212//1212 1188//1188
f 1188//1188 1212//1212 1213//1213
f 1188//1188 1213//1213 1190//1190
f 1190//1190 1213//1213 1214//1214
f 1190//1190 1214//1214 1192//1192
f 1192//1192 1214//1214 1215//1215
f 1206//1206 1080//1080 1183//1183
f 1183//1183 1080//1080 1078//1078
f 1183//1183 1078//1078 1184//1184
f 1184//1184 1078//1078 1077//1077
f 1184//1184 1077//1077 1211//1211
f 1211//1211 1077//1077 1216//1216
f 1211//1211 1216//1216 1212//1212
f 1212//1212 1216//1216 1217//1217
f 1212//1212 1217//1217 1213//1213
f 1213//1213 1217//1217 1218//1218
f 1213//1213 1218//1218 1214//1214
f 1214//1214 1218//1218 1219//1219
f 1214//1214 1219//1219 1215//1215
f 1215//1215 1219//1219 1220//1220
f 390//390 389//389 1221//1221
f 1221//1221 389//389 1222//1222
f 1221//1221 1222//1222 1223//1223
f 1223//1223 1222//1222 1224//1224
f 1223//1223 1224//1224 1225//1225
f 1225//1225 1224//1224 1226//1226
f 1225//1225 1226//1226 1227//1227
f 1228//1228 1229//1229 1230//1230
f 394//394 1230//1230 395//395
f 395//395 1230//1230 1229//1229
f 395//395 1229//1229 888//888
f 888//888 1229//1229 1228//1228
f 888//888 1228//1228 889//889
f 889//889 1228//1228 1231//1231
f 889//889 1231//1231 897//897
f 897//897 1231//1231 1232//1232
f 1233//1233 1232//1232 1234//1234
f 1234//1234 1232//1232 1231//1231
f 1234//1234 1231//1231 1235//1235
f 1235//1235 1231//1231 1228//1228
f 1235//1235 1228//1228 1236//1236
f 1236//1236 1228//1228 1230//1230
f 1236//1236 1230//1230 1237//1237
f 1237//1237 1230//1230 394//394
f 383//383 382//382 1238//1238
f 1238//1238 382//382 1239//1239
f 1238//1238 1239//1239 1240//1240
f 664//664 1241//1241 665//665
f 665//665 1241//1241 1242//1242
f 665//665 1242//1242 867//867
f 867//867 1242//1242 1243//1243
f 867//867 1243//1243 869//869
f 869//869 1243//1243 1244//1244
f 869//869 1244//1244 871//871
f 871//871 1244//1244 1245//1245
f 871//871 1245//1245 873//873
f 873//873 1245//1245 1246//1246
f 873//873 1246//1246 875//875
f 875//875 1246//1246 1247//1247
f 875//875 1247//1247 877//877
f 877//877 1247//1247 1248//1248
f 877//877 1248//1248 879//879
f 879//879 1248//1248 418//418
f 879//879 418//418 881//881
f 881//881 418//418 417//417
f 881//881 417//417 883//883
f 883//883 417//417 900//900
f 883//883 900//900 885//885
f 885//885 900//900 902//902
f 885//885 902//902 921//921
f 921//921 902//902 903//903
f 921//921 903//903 1249//1249
f 1250//1250 1251//1251 1252//1252
f 1252//1252 1251//1251 1253//1253
f 1252//1252 1253//1253 1254//1254
f 1255//1255 1256//1256 1257//1257
f 1257//1257 1256//1256 1258//1258
f 1257//1257 1258//1258 1259//1259
f 1260//1260 1240//1240 1261//1261
f 1261//1261 1240//1240 1239//1239
f 1261//1261 1239//1239 1233//1233
f 1233//1233 1239//1239 382//382
f 1233//1233 382//382 1232//1232
f 1232//1232 382//382 384//384
f 1232//1232 384//384 897//897
f 897//897 384//384 1262//1262
f 897//897 1262//1262 896//896
f 896//896 1262//1262 1263//1263
f 896//896 1263//1263 895//895
f 895//895 1263//1263 848//848
f 895//895 848//848 893//893
f 893//893 848//848 847//847
f 893//893 847//847 891//891
f 891//891 847//847 887//887
f 891//891 887//887 890//890
f 890//890 887//887 886//886
f 890//890 886//886 888//888
f 888//888 886//886 841//841
f 888//888 841//841 843//843
f 843//843 841//841 840//840
f 843//843 840//840 845//845
f 845//845 840//840 838//838
f 845//845 838//838 846//846
f 846//846 838//838 837//837
f 846//846 837//837 797//797
f 797//797 837//837 856//856
f 797//797 856//856 799//799
f 799//799 856//856 857//857
f 799//799 857//857 801//801
f 801//801 857//857 858//858
f 801//801 858//858 803//803
f 803//803 858//858 859//859
f 803//803 859//859 805//805
f 805//805 859//859 678//678
f 805//805 678//678 807//807
f 807//807 678//678 680//680
f 807//807 680//680 809//809
f 809//809 680//680 682//682
f 809//809 682//682 639//639
f 639//639 682//682 683//683
f 639//639 683//683 640//640
f 640//640 683//683 677//677
f 640//640 677//677 654//654
f 654//654 677//677 656//656
f 654//654 656//656 655//655
f 655//655 656//656 658//658
f 655//655 658//658 627//627
f 1251//1251 1255//1255 1253//1253
f 1253//1253 1255//1255 1257//1257
f 1253//1253 1257//1257 1254//1254
f 1254//1254 1257//1257 1259//1259
f 1254//1254 1259//1259 1264//1264
f 1264//1264 1259//1259 1265//1265
f 1264//1264 1265//1265 1266//1266
f 1267//1267 1268//1268 1269//1269
f 1269//1269 1268//1268 388//388
f 1177//1177 1193//1193 1178//1178
f 1178//1178 1193//1193 1195//1195
f 1178//1178 1195//1195 1182//1182
f 1182//1182 1195//1195 1197//1197
f 1182//1182 1197//1197 1270//1270
f 1270//1270 1197//1197 1271//1271
f 1270//1270 1271//1271 1272//1272
f 1272//1272 1271//1271 1273//1273
f 1272//1272 1273//1273 1274//1274
f 1274//1274 1273//1273 1275//1275
f 1276//1276 1266//1266 1277//1277
f 1277//1277 1266//1266 1265//1265
f 1277//1277 1265//1265 1267//1267
f 1267//1267 1265//1265 1259//1259
f 1267//1267 1259//1259 1268//1268
f 1268//1268 1259//1259 1258//1258
f 1268//1268 1258//1258 388//388
f 388//388 1258//1258 1256//1256
f 388//388 1256//1256 389//389
f 389//389 1256//1256 1255//1255
f 389//389 1255//1255 1222//1222
f 1222//1222 1255//1255 1251//1251
f 1222//1222 1251//1251 1224//1224
f 1224//1224 1251//1251 1250//1250
f 1224//1224 1250//1250 1226//1226
f 1278//1278 1279//1279 1280//1280
f 1280//1280 1279//1279 1281//1281
f 1280//1280 1281//1281 1275//1275
f 1282//1282 1283//1283 1284//1284
f 1284//1284 1283//1283 1285//1285
f 1284//1284 1285//1285 1286//1286
f 1286//1286 1285//1285 1287//1287
f 1286//1286 1287//1287 1288//1288
f 1288//1288 1287//1287 449//449
f 1288//1288 449//449 1289//1289
f 1289//1289 449//449 448//448
f 1289//1289 448//448 446//446
f 446//446 448//448 73//73
f 446//446 73//73 69//69
f 1283//1283 202//202 1285//1285
f 1285//1285 202//202 201//201
f 1285//1285 201//201 1287//1287
f 1287//1287 201//201 199//199
f 1287//1287 199//199 449//449
f 449//449 199//199 198//198
f 449//449 198//198 70//70
f 1290//1290 1291//1291 1292//1292
f 1292//1292 1291//1291 1293//1293
f 1292//1292 1293//1293 1294//1294
f 1132//1132 1295//1295 1133//1133
f 1133//1133 1295//1295 1148//1148
f 1133//1133 1148//1148 1125//1125
f 1125//1125 1148//1148 1150//1150
f 1125//1125 1150//1150 1108//1108
f 1108//1108 1150//1150 1152//1152
f 1108//1108 1152//1152 1106//1106
f 1106//1106 1152//1152 1153//1153
f 1106//1106 1153//1153 1104//1104
f 1104//1104 1153//1153 1156//1156
f 1104//1104 1156//1156 1290//1290
f 1290//1290 1156//1156 1155//1155
f 1290//1290 1155//1155 1291//1291
f 1291//1291 1155//1155 1154//1154
f 1291//1291 1154//1154 1296//1296
f 1296//1296 1154//1154 1149//1149
f 1296//1296 1149//1149 1297//1297
f 1297//1297 1149//1149 1148//1148
f 1297//1297 1148//1148 1295//1295
f 1298//1298 1299//1299 1300//1300
f 1300//1300 1299//1299 1301//1301
f 1079//1079 1128//1128 1077//1077
f 1077//1077 1128//1128 1107//1107
f 1077//1077 1107//1107 1216//1216
f 1216//1216 1107//1107 1105//1105
f 1216//1216 1105//1105 1217//1217
f 1217//1217 1105//1105 1104//1104
f 1217//1217 1104//1104 1218//1218
f 1218//1218 1104//1104 1290//1290
f 1218//1218 1290//1290 1219//1219
f 1219//1219 1290//1290 1292//1292
f 1219//1219 1292//1292 1220//1220
f 1220//1220 1292//1292 1294//1294
f 380//380 379//379 1302//1302
f 1302//1302 379//379 1303//1303
f 1302//1302 1303//1303 1304//1304
f 1305//1305 1306//1306 1307//1307
f 1307//1307 1306//1306 1303//1303
f 1307//1307 1303//1303 1308//1308
f 1308//1308 1303//1303 379//379
f 1308//1308 379//379 1309//1309
f 1310//1310 1311//1311 1312//1312
f 1312//1312 1311//1311 1313//1313
f 1312//1312 1313//1313 1314//1314
f 1314//1314 1313//1313 1315//1315
f 1314//1314 1315//1315 1301//1301
f 1301//1301 1315//1315 1316//1316
f 1301//1301 1316//1316 1300//1300
f 1311//1311 1317//1317 1313//1313
f 1313//1313 1317//1317 1318//1318
f 1313//1313 1318//1318 1315//1315
f 1315//1315 1318//1318 381//381
f 1315//1315 381//381 1316//1316
f 1316//1316 381//381 380//380
f 1316//1316 380//380 1300//1300
f 1300//1300 380//380 1302//1302
f 1300//1300 1302//1302 1298//1298
f 1298//1298 1302//1302 1304//1304
f 1319//1319 1320//1320 1321//1321
f 1321//1321 1320//1320 1322//1322
f 1323//1323 1321//1321 1324//1324
f 1324//1324 1321//1321 1322//1322
f 1324//1324 1322//1322 1325//1325
f 1310//1310 1323//1323 1311//1311
f 1311//1311 1323//1323 1324//1324
f 1311//1311 1324//1324 1317//1317
f 1317//1317 1324//1324 1325//1325
f 1317//1317 1325//1325 1318//1318
f 1318//1318 1325//1325 1326//1326
f 1318//1318 1326//1326 381//381
f 381//381 1326//1326 1327//1327
f 381//381 1327//1327 379//379
f 379//379 1327//1327 1328//1328
f 379//379 1328//1328 1309//1309
f 1329//1329 1278//1278 1330//1330
f 1330//1330 1278//1278 1280//1280
f 1330//1330 1280//1280 1210//1210
f 1210//1210 1280//1280 1275//1275
f 1210//1210 1275//1275 1209//1209
f 1209//1209 1275//1275 1273//1273
f 1209//1209 1273//1273 1205//1205
f 1205//1205 1273//1273 1271//1271
f 1205//1205 1271//1271 1204//1204
f 1204//1204 1271//1271 1197//1197
f 1204//1204 1197//1197 1202//1202
f 1202//1202 1197//1197 1196//1196
f 1202//1202 1196//1196 1200//1200
f 1200//1200 1196//1196 1194//1194
f 1200//1200 1194//1194 1198//1198
f 1198//1198 1194//1194 1193//1193
f 1198//1198 1193//1193 1331//1331
f 1331//1331 1193//1193 1177//1177
f 1331//1331 1177//1177 1332//1332
f 1162//1162 1310//1310 1163//1163
f 1163//1163 1310//1310 1312//1312
f 1163//1163 1312//1312 1164//1164
f 1164//1164 1312//1312 1314//1314
f 1164//1164 1314//1314 1165//1165
f 1165//1165 1314//1314 1301//1301
f 1165//1165 1301//1301 1166//1166
f 1166//1166 1301//1301 1299//1299
f 1166//1166 1299//1299 1333//1333
f 1333//1333 1299//1299 1298//1298
f 1333//1333 1298//1298 1334//1334
f 1334//1334 1298//1298 1304//1304
f 1334//1334 1304//1304 1335//1335
f 1335//1335 1304//1304 1303//1303
f 1335//1335 1303//1303 1336//1336
f 1336//1336 1303//1303 1306//1306
f 1336//1336 1306//1306 1329//1329
f 1329//1329 1306//1306 1305//1305
f 1329//1329 1305//1305 1278//1278
f 1278//1278 1305//1305 1337//1337
f 1278//1278 1337//1337 1279//1279
f 1338//1338 1339//1339 1340//1340
f 1341//1341 1342//1342 1343//1343
f 1341//1341 1343//1343 1344//1344
f 1345//1345 1346//1346 1347//1347
f 1348//1348 1349//1349 1350//1350
f 1350//1350 1349//1349 1338//1338
f 1350//1350 1338//1338 1345//1345
f 1345//1345 1338//1338 1340//1340
f 1345//1345 1340//1340 1346//1346
f 671//671 1351//1351 672//672
f 672//672 1351//1351 1352//1352
f 672//672 1352//1352 685//685
f 685//685 1352//1352 1353//1353
f 685//685 1353//1353 686//686
f 686//686 1353//1353 1354//1354
f 686//686 1354//1354 780//780
f 780//780 1354//1354 1355//1355
f 780//780 1355//1355 781//781
f 781//781 1355//1355 1356//1356
f 781//781 1356//1356 794//794
f 794//794 1356//1356 1357//1357
f 794//794 1357//1357 795//795
f 795//795 1357//1357 1358//1358
f 795//795 1358//1358 853//853
f 853//853 1358//1358 1359//1359
f 853//853 1359//1359 854//854
f 854//854 1359//1359 1360//1360
f 854//854 1360//1360 447//447
f 447//447 1360//1360 1361//1361
f 447//447 1361//1361 446//446
f 446//446 1361//1361 1362//1362
f 446//446 1362//1362 1289//1289
f 1289//1289 1362//1362 1363//1363
f 1289//1289 1363//1363 1288//1288
f 1288//1288 1363//1363 1364//1364
f 1288//1288 1364//1364 1286//1286
f 1286//1286 1364//1364 1365//1365
f 1286//1286 1365//1365 1284//1284
f 1284//1284 1365//1365 1366//1366
f 1284//1284 1366//1366 1282//1282
f 1282//1282 1366//1366 1367//1367
f 1368//1368 1369//1369 1370//1370
f 1370//1370 1369//1369 1371//1371
f 1370//1370 1371//1371 1372//1372
f 1372//1372 1371//1371 1373//1373
f 1372//1372 1373//1373 1374//1374
f 1374//1374 1373//1373 1375//1375
f 1374//1374 1375//1375 1376//1376
f 1376//1376 1375//1375 1377//1377
f 1376//1376 1377//1377 1378//1378
f 1378//1378 1377//1377 922//922
f 669//669 949//949 670//670
f 670//670 949//949 947//947
f 670//670 947//947 671//671
f 671//671 947//947 945//945
f 671//671 945//945 1351//1351
f 1351//1351 945//945 943//943
f 1351//1351 943//943 1352//1352
f 1352//1352 943//943 941//941
f 1352//1352 941//941 1353//1353
f 1353//1353 941//941 939//939
f 1353//1353 939//939 1354//1354
f 1354//1354 939//939 937//937
f 1354//1354 937//937 1355//1355
f 1355//1355 937//937 935//935
f 1355//1355 935//935 1356//1356
f 1356//1356 935//935 933//933
f 1356//1356 933//933 1357//1357
f 1357//1357 933//933 931//931
f 1357//1357 931//931 1358//1358
f 1358//1358 931//931 929//929
f 1358//1358 929//929 1359//1359
f 1359//1359 929//929 927//927
f 1359//1359 927//927 1360//1360
f 1360//1360 927//927 925//925
f 1360//1360 925//925 1361//1361
f 1361//1361 925//925 923//923
f 1361//1361 923//923 1362//1362
f 1362//1362 923//923 922//922
f 1362//1362 922//922 1363//1363
f 1363//1363 922//922 1377//1377
f 1363//1363 1377//1377 1364//1364
f 1364//1364 1377//1377 1375//1375
f 1364//1364 1375//1375 1365//1365
f 1365//1365 1375//1375 1373//1373
f 1365//1365 1373//1373 1366//1366
f 1366//1366 1373//1373 1371//1371
f 1366//1366 1371//1371 1367//1367
f 1367//1367 1371//1371 1369//1369
f 1379//1379 105//105 206//206
f 1380//1380 1381//1381 1382//1382
f 1382//1382 1381//1381 1383//1383
f 1382//1382 1383//1383 1384//1384
f 1385//1385 1380//1380 1386//1386
f 1386//1386 1380//1380 1382//1382
f 1386//1386 1382//1382 1387//1387
f 1387//1387 1382//1382 1384//1384
f 1387//1387 1384//1384 1388//1388
f 1347//1347 1342//1342 1345//1345
f 1345//1345 1342//1342 1341//1341
f 1345//1345 1341//1341 1350//1350
f 1350//1350 1341//1341 1344//1344
f 1350//1350 1344//1344 1348//1348
f 1348//1348 1344//1344 1389//1389
f 1348//1348 1389//1389 1349//1349
f 1349//1349 1389//1389 1390//1390
f 1388//1388 376//376 1391//1391
f 1388//1388 1391//1391 1387//1387
f 1387//1387 1391//1391 1392//1392
f 1387//1387 1392//1392 1386//1386
f 1386//1386 1392//1392 1393//1393
f 1386//1386 1393//1393 1385//1385
f 1394//1394 1395//1395 1396//1396
f 1396//1396 1395//1395 1397//1397
f 1396//1396 1397//1397 1398//1398
f 1398//1398 1397//1397 1399//1399
f 1398//1398 1399//1399 1400//1400
f 1400//1400 1399//1399 1401//1401
f 1400//1400 1401//1401 1402//1402
f 1402//1402 1401//1401 1403//1403
f 1402//1402 1403//1403 1404//1404
f 1404//1404 1403//1403 1405//1405
f 1404//1404 1405//1405 1406//1406
f 1406//1406 1405//1405 1407//1407
f 1406//1406 1407//1407 1260//1260
f 1260//1260 1407//1407 1249//1249
f 1260//1260 1249//1249 1240//1240
f 1240//1240 1249//1249 903//903
f 1240//1240 903//903 1238//1238
f 1238//1238 903//903 901//901
f 1238//1238 901//901 383//383
f 383//383 901//901 899//899
f 383//383 899//899 384//384
f 384//384 899//899 898//898
f 384//384 898//898 1262//1262
f 1262//1262 898//898 416//416
f 1262//1262 416//416 1263//1263
f 1263//1263 416//416 418//418
f 1263//1263 418//418 848//848
f 848//848 418//418 1248//1248
f 848//848 1248//1248 849//849
f 849//849 1248//1248 1247//1247
f 849//849 1247//1247 783//783
f 783//783 1247//1247 1246//1246
f 783//783 1246//1246 785//785
f 785//785 1246//1246 1245//1245
f 785//785 1245//1245 787//787
f 787//787 1245//1245 1244//1244
f 787//787 1244//1244 789//789
f 789//789 1244//1244 1243//1243
f 789//789 1243//1243 791//791
f 791//791 1243//1243 1242//1242
f 791//791 1242//1242 675//675
f 675//675 1242//1242 1241//1241
f 675//675 1241//1241 657//657
f 657//657 1241//1241 664//664
f 657//657 664//664 658//658
f 658//658 664//664 653//653
f 658//658 653//653 627//627
f 627//627 653//653 651//651
f 627//627 651//651 628//628
f 628//628 651//651 649//649
f 628//628 649//649 636//636
f 636//636 649//649 647//647
f 636//636 647//647 1176//1176
f 1176//1176 647//647 645//645
f 1176//1176 645//645 625//625
f 625//625 645//645 643//643
f 625//625 643//643 623//623
f 623//623 643//643 642//642
f 623//623 642//642 621//621
f 621//621 642//642 583//583
f 621//621 583//583 619//619
f 619//619 583//583 582//582
f 619//619 582//582 617//617
f 617//617 582//582 579//579
f 617//617 579//579 615//615
f 615//615 579//579 578//578
f 615//615 578//578 566//566
f 566//566 578//578 573//573
f 566//566 573//573 565//565
f 565//565 573//573 572//572
f 565//565 572//572 564//564
f 376//376 378//378 1391//1391
f 1391//1391 378//378 1408//1408
f 1391//1391 1408//1408 1392//1392
f 1392//1392 1408//1408 1409//1409
f 1392//1392 1409//1409 1393//1393
f 1410//1410 109//109 110//110
f 1395//1395 1368//1368 1397//1397
f 1397//1397 1368//1368 1370//1370
f 1397//1397 1370//1370 1399//1399
f 1399//1399 1370//1370 1372//1372
f 1399//1399 1372//1372 1401//1401
f 1401//1401 1372//1372 1374//1374
f 1401//1401 1374//1374 1403//1403
f 1403//1403 1374//1374 1376//1376
f 1403//1403 1376//1376 1405//1405
f 1405//1405 1376//1376 1378//1378
f 1405//1405 1378//1378 1407//1407
f 1407//1407 1378//1378 922//922
f 1407//1407 922//922 1249//1249
f 1249//1249 922//922 924//924
f 1249//1249 924//924 921//921
f 921//921 924//924 926//926
f 921//921 926//926 920//920
f 920//920 926//926 928//928
f 920//920 928//928 919//919
f 919//919 928//928 930//930
f 919//919 930//930 918//918
f 918//918 930//930 932//932
f 918//918 932//932 917//917
f 917//917 932//932 934//934
f 917//917 934//934 916//916
f 916//916 934//934 936//936
f 916//916 936//936 915//915
f 915//915 936//936 938//938
f 915//915 938//938 914//914
f 914//914 938//938 940//940
f 914//914 940//940 913//913
f 913//913 940//940 942//942
f 913//913 942//942 912//912
f 912//912 942//942 944//944
f 912//912 944//944 911//911
f 911//911 944//944 946//946
f 911//911 946//946 910//910
f 910//910 946//946 948//948
f 910//910 948//948 909//909
f 909//909 948//948 949//949
f 909//909 949//949 908//908
f 908//908 949//949 669//669
f 908//908 669//669 907//907
f 907//907 669//669 668//668
f 907//907 668//668 906//906
f 906//906 668//668 667//667
f 906//906 667//667 905//905
f 905//905 667//667 666//666
f 905//905 666//666 904//904
f 904//904 666//666 587//587
f 904//904 587//587 580//580
f 580//580 587//587 589//589
f 580//580 589//589 581//581
f 1411//1411 1412//1412 1413//1413
f 1413//1413 1412//1412 1414//1414
f 1415//1415 1416//1416 1417//1417
f 1417//1417 1416//1416 1418//1418
f 1417//1417 1418//1418 370//370
f 1419//1419 1420//1420 1421//1421
f 1421//1421 1420//1420 1422//1422
f 1421//1421 1422//1422 1423//1423
f 1423//1423 1422//1422 1424//1424
f 1423//1423 1424//1424 1425//1425
f 1425//1425 1424//1424 1426//1426
f 1425//1425 1426//1426 1427//1427
f 1427//1427 1426//1426 1428//1428
f 1427//1427 1428//1428 1429//1429
f 1429//1429 1428//1428 1430//1430
f 1429//1429 1430//1430 1431//1431
f 1431//1431 1430//1430 1432//1432
f 1431//1431 1432//1432 1433//1433
f 1433//1433 1432//1432 1056//1056
f 1434//1434 1415//1415 1435//1435
f 1435//1435 1415//1415 1417//1417
f 1435//1435 1417//1417 1436//1436
f 1436//1436 1417//1417 370//370
f 1436//1436 370//370 1437//1437
f 1437//1437 370//370 372//372
f 1437//1437 372//372 1438//1438
f 1439//1439 1440//1440 1441//1441
f 1441//1441 1440//1440 1442//1442
f 1441//1441 1442//1442 1443//1443
f 373//373 370//370 1414//1414
f 1414//1414 370//370 1418//1418
f 1414//1414 1418//1418 1413//1413
f 1413//1413 1418//1418 1416//1416
f 1413//1413 1416//1416 1444//1444
f 1444//1444 1416//1416 1415//1415
f 1444//1444 1415//1415 1445//1445
f 1445//1445 1415//1415 1434//1434
f 1445//1445 1434//1434 1446//1446
f 1447//1447 1448//1448 1449//1449
f 1449//1449 1448//1448 1450//1450
f 1449//1449 1450//1450 1451//1451
f 1451//1451 1450//1450 1452//1452
f 1451//1451 1452//1452 1453//1453
f 1453//1453 1452//1452 1140//1140
f 1453//1453 1140//1140 1454//1454
f 1454//1454 1140//1140 1139//1139
f 1454//1454 1139//1139 1455//1455
f 1455//1455 1139//1139 1137//1137
f 1455//1455 1137//1137 1456//1456
f 1456//1456 1137//1137 1135//1135
f 1206//1206 1183//1183 1207//1207
f 1207//1207 1183//1183 1185//1185
f 1207//1207 1185//1185 1208//1208
f 1208//1208 1185//1185 1187//1187
f 1208//1208 1187//1187 387//387
f 387//387 1187//1187 1189//1189
f 387//387 1189//1189 385//385
f 385//385 1189//1189 1191//1191
f 385//385 1191//1191 1210//1210
f 1210//1210 1191//1191 1192//1192
f 1210//1210 1192//1192 1330//1330
f 1330//1330 1192//1192 1215//1215
f 1330//1330 1215//1215 1329//1329
f 1329//1329 1215//1215 1220//1220
f 1329//1329 1220//1220 1336//1336
f 1336//1336 1220//1220 1294//1294
f 1336//1336 1294//1294 1335//1335
f 1335//1335 1294//1294 1293//1293
f 1335//1335 1293//1293 1334//1334
f 1334//1334 1293//1293 1291//1291
f 1334//1334 1291//1291 1333//1333
f 1333//1333 1291//1291 1296//1296
f 1333//1333 1296//1296 1166//1166
f 1166//1166 1296//1296 1297//1297
f 1166//1166 1297//1297 1157//1157
f 1157//1157 1297//1297 1295//1295
f 1157//1157 1295//1295 1141//1141
f 1141//1141 1295//1295 1132//1132
f 1141//1141 1132//1132 1142//1142
f 1142//1142 1132//1132 1131//1131
f 1142//1142 1131//1131 1144//1144
f 1144//1144 1131//1131 1134//1134
f 1144//1144 1134//1134 1146//1146
f 1146//1146 1134//1134 1136//1136
f 1146//1146 1136//1136 1147//1147
f 1147//1147 1136//1136 1138//1138
f 1147//1147 1138//1138 1161//1161
f 1161//1161 1138//1138 1140//1140
f 1161//1161 1140//1140 1162//1162
f 1162//1162 1140//1140 1452//1452
f 1162//1162 1452//1452 1310//1310
f 1310//1310 1452//1452 1450//1450
f 1310//1310 1450//1450 1323//1323
f 1323//1323 1450//1450 1448//1448
f 1323//1323 1448//1448 1321//1321
f 1321//1321 1448//1448 1447//1447
f 1321//1321 1447//1447 1319//1319
f 1457//1457 1061//1061 1458//1458
f 1458//1458 1061//1061 1060//1060
f 1458//1458 1060//1060 1062//1062
f 1062//1062 1060//1060 1058//1058
f 1062//1062 1058//1058 1063//1063
f 1063//1063 1058//1058 1057//1057
f 1063//1063 1057//1057 1065//1065
f 1065//1065 1057//1057 1111//1111
f 1065//1065 1111//1111 1074//1074
f 1074//1074 1111//1111 1113//1113
f 1074//1074 1113//1113 1079//1079
f 1079//1079 1113//1113 1115//1115
f 1079//1079 1115//1115 1128//1128
f 1128//1128 1115//1115 1117//1117
f 1128//1128 1117//1117 1127//1127
f 1127//1127 1117//1117 1119//1119
f 1127//1127 1119//1119 1126//1126
f 1126//1126 1119//1119 1121//1121
f 1126//1126 1121//1121 1124//1124
f 1124//1124 1121//1121 1123//1123
f 1124//1124 1123//1123 1131//1131
f 1131//1131 1123//1123 1130//1130
f 1131//1131 1130//1130 1134//1134
f 1134//1134 1130//1130 1129//1129
f 1134//1134 1129//1129 1135//1135
f 1135//1135 1129//1129 409//409
f 1135//1135 409//409 1456//1456
f 1456//1456 409//409 1459//1459
f 1456//1456 1459//1459 1455//1455
f 1455//1455 1459//1459 1460//1460
f 1455//1455 1460//1460 1454//1454
f 1454//1454 1460//1460 1461//1461
f 1454//1454 1461//1461 1453//1453
f 1453//1453 1461//1461 1462//1462
f 1453//1453 1462//1462 1451//1451
f 1451//1451 1462//1462 1463//1463
f 1451//1451 1463//1463 1449//1449
f 1449//1449 1463//1463 1464//1464
f 1449//1449 1464//1464 1447//1447
f 1447//1447 1464//1464 1465//1465
f 1447//1447 1465//1465 1319//1319
f 1002//1002 990//990 1000//1000
f 1000//1000 990//990 991//991
f 1000//1000 991//991 998//998
f 998//998 991//991 992//992
f 998//998 992//992 996//996
f 996//996 992//992 993//993
f 996//996 993//993 410//410
f 410//410 993//993 994//994
f 410//410 994//994 411//411
f 411//411 994//994 1008//1008
f 411//411 1008//1008 408//408
f 408//408 1008//1008 1009//1009
f 408//408 1009//1009 406//406
f 406//406 1009//1009 1466//1466
f 406//406 1466//1466 409//409
f 409//409 1466//1466 1467//1467
f 409//409 1467//1467 1459//1459
f 1459//1459 1467//1467 1468//1468
f 1459//1459 1468//1468 1460//1460
f 1460//1460 1468//1468 1411//1411
f 1460//1460 1411//1411 1461//1461
f 1461//1461 1411//1411 1413//1413
f 1461//1461 1413//1413 1462//1462
f 1462//1462 1413//1413 1444//1444
f 1462//1462 1444//1444 1463//1463
f 1463//1463 1444//1444 1445//1445
f 1463//1463 1445//1445 1464//1464
f 1464//1464 1445//1445 1446//1446
f 1464//1464 1446//1446 1465//1465
f 1227//1227 393//393 1225//1225
f 1225//1225 393//393 392//392
f 1225//1225 392//392 1223//1223
f 1223//1223 392//392 1181//1181
f 1223//1223 1181//1181 1221//1221
f 1221//1221 1181//1181 1182//1182
f 1221//1221 1182//1182 390//390
f 390//390 1182//1182 1270//1270
f 390//390 1270//1270 388//388
f 388//388 1270//1270 1272//1272
f 388//388 1272//1272 1269//1269
f 1269//1269 1272//1272 1274//1274
f 1269//1269 1274//1274 1267//1267
f 1267//1267 1274//1274 1275//1275
f 1267//1267 1275//1275 1277//1277
f 1277//1277 1275//1275 1281//1281
f 1277//1277 1281//1281 1276//1276
f 1276//1276 1281//1281 1279//1279
f 1276//1276 1279//1279 1339//1339
f 1339//1339 1279//1279 1337//1337
f 1339//1339 1337//1337 1340//1340
f 1340//1340 1337//1337 1305//1305
f 1340//1340 1305//1305 1346//1346
f 1346//1346 1305//1305 1307//1307
f 1346//1346 1307//1307 1347//1347
f 1347//1347 1307//1307 1308//1308
f 1347//1347 1308//1308 1342//1342
f 1342//1342 1308//1308 1309//1309
f 1342//1342 1309//1309 1343//1343
f 1343//1343 1309//1309 1328//1328
f 1343//1343 1328//1328 1469//1469
f 1469//1469 1328//1328 1327//1327
f 1469//1469 1327//1327 1470//1470
f 1470//1470 1327//1327 1326//1326
f 1470//1470 1326//1326 1471//1471
f 1471//1471 1326//1326 1325//1325
f 1471//1471 1325//1325 1472//1472
f 1472//1472 1325//1325 1322//1322
f 1472//1472 1322//1322 1473//1473
f 1473//1473 1322//1322 1320//1320
f 1473//1473 1320//1320 1474//1474
f 1474//1474 1320//1320 1319//1319
f 1474//1474 1319//1319 1475//1475
f 1475//1475 1319//1319 1465//1465
f 1475//1475 1465//1465 1476//1476
f 1476//1476 1465//1465 1446//1446
f 1476//1476 1446//1446 1477//1477
f 1477//1477 1446//1446 1434//1434
f 1477//1477 1434//1434 1478//1478
f 1478//1478 1434//1434 1435//1435
f 1478//1478 1435//1435 1479//1479
f 1479//1479 1435//1435 1436//1436
f 1479//1479 1436//1436 1480//1480
f 1480//1480 1436//1436 1437//1437
f 1480//1480 1437//1437 1481//1481
f 1481//1481 1437//1437 1438//1438
f 1481//1481 1438//1438 1482//1482
f 739//739 1457//1457 1067//1067
f 1067//1067 1457//1457 1458//1458
f 1067//1067 1458//1458 1068//1068
f 1068//1068 1458//1458 1062//1062
f 1068//1068 1062//1062 1069//1069
f 1069//1069 1062//1062 1064//1064
f 1069//1069 1064//1064 1070//1070
f 1070//1070 1064//1064 1066//1066
f 1070//1070 1066//1066 1072//1072
f 1072//1072 1066//1066 1076//1076
f 1072//1072 1076//1076 1083//1083
f 1083//1083 1076//1076 1075//1075
f 1083//1083 1075//1075 1081//1081
f 1081//1081 1075//1075 1080//1080
f 1081//1081 1080//1080 1086//1086
f 1086//1086 1080//1080 1206//1206
f 1086//1086 1206//1206 1103//1103
f 1103//1103 1206//1206 1198//1198
f 1103//1103 1198//1198 1102//1102
f 1102//1102 1198//1198 1331//1331
f 1102//1102 1331//1331 1100//1100
f 1100//1100 1331//1331 1332//1332
f 1100//1100 1332//1332 1098//1098
f 1098//1098 1332//1332 1177//1177
f 1098//1098 1177//1177 1096//1096
f 1096//1096 1177//1177 1179//1179
f 1096//1096 1179//1179 1172//1172
f 1172//1172 1179//1179 1180//1180
f 1172//1172 1180//1180 396//396
f 396//396 1180//1180 393//393
f 396//396 393//393 394//394
f 394//394 393//393 1227//1227
f 394//394 1227//1227 1237//1237
f 1237//1237 1227//1227 1226//1226
f 1237//1237 1226//1226 1236//1236
f 1236//1236 1226//1226 1250//1250
f 1236//1236 1250//1250 1235//1235
f 1235//1235 1250//1250 1252//1252
f 1235//1235 1252//1252 1234//1234
f 1234//1234 1252//1252 1254//1254
f 1234//1234 1254//1254 1233//1233
f 1233//1233 1254//1254 1264//1264
f 1233//1233 1264//1264 1261//1261
f 1261//1261 1264//1264 1266//1266
f 1261//1261 1266//1266 1260//1260
f 1260//1260 1266//1266 1276//1276
f 1260//1260 1276//1276 1406//1406
f 1406//1406 1276//1276 1339//1339
f 1406//1406 1339//1339 1404//1404
f 1404//1404 1339//1339 1338//1338
f 1404//1404 1338//1338 1402//1402
f 1402//1402 1338//1338 1349//1349
f 1402//1402 1349//1349 1400//1400
f 1400//1400 1349//1349 1390//1390
f 1400//1400 1390//1390 1398//1398
f 1398//1398 1390//1390 1483//1483
f 1398//1398 1483//1483 1396//1396
f 1396//1396 1483//1483 1484//1484
f 1396//1396 1484//1484 1394//1394
f 1394//1394 1484//1484 1485//1485
f 1486//1486 1487//1487 1488//1488
f 1488//1488 1487//1487 1489//1489
f 1488//1488 1489//1489 1490//1490
f 1490//1490 1489//1489 1491//1491
f 1490//1490 1491//1491 1492//1492
f 1492//1492 1491//1491 1493//1493
f 1494//1494 116//116 117//117
f 1495//1495 1486//1486 1496//1496
f 1496//1496 1486//1486 1488//1488
f 1496//1496 1488//1488 1497//1497
f 1497//1497 1488//1488 1490//1490
f 1497//1497 1490//1490 1498//1498
f 1498//1498 1490//1490 1492//1492
f 1498//1498 1492//1492 1499//1499
f 1499//1499 1492//1492 1493//1493
f 1499//1499 1493//1493 1500//1500
f 1442//1442 1501//1501 1443//1443
f 1443//1443 1501//1501 1502//1502
f 1443//1443 1502//1502 1503//1503
f 1503//1503 1502//1502 1504//1504
f 1503//1503 1504//1504 1505//1505
f 1505//1505 1504//1504 1506//1506
f 1505//1505 1506//1506 1507//1507
f 1507//1507 1506//1506 1508//1508
f 1507//1507 1508//1508 1509//1509
f 1509//1509 1508//1508 1510//1510
f 1509//1509 1510//1510 1511//1511
f 1511//1511 1510//1510 1512//1512
f 1511//1511 1512//1512 1513//1513
f 1513//1513 1512//1512 1514//1514
f 1513//1513 1514//1514 1515//1515
f 1515//1515 1514//1514 1516//1516
f 1515//1515 1516//1516 1517//1517
f 1517//1517 1516//1516 1518//1518
f 1517//1517 1518//1518 1519//1519
f 1519//1519 1518//1518 1520//1520
f 1519//1519 1520//1520 1521//1521
f 368//368 367//367 1522//1522
f 1522//1522 367//367 364//364
f 1522//1522 364//364 1523//1523
f 1523//1523 364//364 363//363
f 1523//1523 363//363 1524//1524
f 365//365 364//364 1525//1525
f 1525//1525 364//364 367//367
f 1525//1525 367//367 1526//1526
f 1526//1526 367//367 366//366
f 1526//1526 366//366 1527//1527
f 1487//1487 1528//1528 1489//1489
f 1489//1489 1528//1528 1529//1529
f 1489//1489 1529//1529 1491//1491
f 1491//1491 1529//1529 1530//1530
f 1491//1491 1530//1530 1493//1493
f 1493//1493 1530//1530 1531//1531
f 1493//1493 1531//1531 1500//1500
f 1500//1500 1531//1531 1532//1532
f 1484//1484 1532//1532 1485//1485
f 1485//1485 1532//1532 1531//1531
f 1485//1485 1531//1531 1533//1533
f 1533//1533 1531//1531 1530//1530
f 1533//1533 1530//1530 1534//1534
f 1534//1534 1530//1530 1529//1529
f 1534//1534 1529//1529 1535//1535
f 1535//1535 1529//1529 1528//1528
f 1535//1535 1528//1528 1524//1524
f 1524//1524 1528//1528 1487//1487
f 1524//1524 1487//1487 1523//1523
f 1523//1523 1487//1487 1486//1486
f 1523//1523 1486//1486 1522//1522
f 1522//1522 1486//1486 1495//1495
f 1522//1522 1495//1495 368//368
f 1536//1536 123//123 124//124
f 1483//1483 1521//1521 1484//1484
f 1484//1484 1521//1521 1520//1520
f 1484//1484 1520//1520 1532//1532
f 1532//1532 1520//1520 1518//1518
f 1532//1532 1518//1518 1500//1500
f 1500//1500 1518//1518 1516//1516
f 1500//1500 1516//1516 1499//1499
f 1499//1499 1516//1516 1514//1514
f 1499//1499 1514//1514 1498//1498
f 1498//1498 1514//1514 1512//1512
f 1498//1498 1512//1512 1497//1497
f 1497//1497 1512//1512 1510//1510
f 1497//1497 1510//1510 1496//1496
f 1496//1496 1510//1510 1508//1508
f 1496//1496 1508//1508 1495//1495
f 1495//1495 1508//1508 1506//1506
f 1495//1495 1506//1506 368//368
f 368//368 1506//1506 1504//1504
f 368//368 1504//1504 366//366
f 366//366 1504//1504 1502//1502
f 366//366 1502//1502 1527//1527
f 1527//1527 1502//1502 1501//1501
f 1527//1527 1501//1501 1537//1537
f 1537//1537 1501//1501 1442//1442
f 1538//1538 1539//1539 1540//1540
f 1540//1540 1539//1539 1541//1541
f 1540//1540 1541//1541 1542//1542
f 1543//1543 1544//1544 1545//1545
f 1546//1546 1547//1547 1548//1548
f 1549//1549 1550//1550 1548//1548
f 1548//1548 1550//1550 1546//1546
f 1546//1546 1550//1550 1551//1551
f 1546//1546 1551//1551 1552//1552
f 1552//1552 1551//1551 1553//1553
f 1552//1552 1553//1553 1554//1554
f 1056//1056 1055//1055 1433//1433
f 1433//1433 1055//1055 1555//1555
f 1433//1433 1555//1555 1431//1431
f 1431//1431 1555//1555 1556//1556
f 1431//1431 1556//1556 1429//1429
f 1429//1429 1556//1556 1557//1557
f 1429//1429 1557//1557 1427//1427
f 1427//1427 1557//1557 1558//1558
f 1427//1427 1558//1558 1425//1425
f 1425//1425 1558//1558 1554//1554
f 1425//1425 1554//1554 1423//1423
f 1423//1423 1554//1554 1553//1553
f 1423//1423 1553//1553 1421//1421
f 1421//1421 1553//1553 1551//1551
f 1421//1421 1551//1551 1419//1419
f 1559//1559 1560//1560 1561//1561
f 1561//1561 1560//1560 1562//1562
f 1561//1561 1562//1562 358//358
f 1563//1563 1564//1564 1565//1565
f 1543//1543 1545//1545 1565//1565
f 1565//1565 1545//1545 1566//1566
f 1565//1565 1566//1566 1563//1563
f 1567//1567 1568//1568 1569//1569
f 1569//1569 1568//1568 1570//1570
f 1571//1571 1567//1567 1572//1572
f 1572//1572 1567//1567 1569//1569
f 1572//1572 1569//1569 1573//1573
f 1573//1573 1569//1569 1570//1570
f 1544//1544 1574//1574 1545//1545
f 1545//1545 1574//1574 1575//1575
f 1545//1545 1575//1575 1566//1566
f 1566//1566 1575//1575 1576//1576
f 1566//1566 1576//1576 1563//1563
f 1563//1563 1576//1576 1577//1577
f 1563//1563 1577//1577 1578//1578
f 1578//1578 1577//1577 1579//1579
f 1580//1580 1581//1581 1582//1582
f 1582//1582 1581//1581 1583//1583
f 1582//1582 1583//1583 1584//1584
f 1584//1584 1583//1583 1585//1585
f 1584//1584 1585//1585 1586//1586
f 1586//1586 1585//1585 1587//1587
f 1586//1586 1587//1587 1588//1588
f 1588//1588 1587//1587 1589//1589
f 1588//1588 1589//1589 1590//1590
f 1590//1590 1589//1589 1591//1591
f 1590//1590 1591//1591 1592//1592
f 1592//1592 1591//1591 1593//1593
f 1592//1592 1593//1593 1594//1594
f 1581//1581 1595//1595 1583//1583
f 1583//1583 1595//1595 1596//1596
f 1583//1583 1596//1596 1585//1585
f 1585//1585 1596//1596 1597//1597
f 1585//1585 1597//1597 1587//1587
f 1587//1587 1597//1597 1598//1598
f 1587//1587 1598//1598 1589//1589
f 1589//1589 1598//1598 1599//1599
f 1589//1589 1599//1599 1591//1591
f 1591//1591 1599//1599 1600//1600
f 1591//1591 1600//1600 1593//1593
f 1601//1601 1602//1602 1603//1603
f 1604//1604 1605//1605 1606//1606
f 1606//1606 1605//1605 1607//1607
f 1606//1606 1607//1607 1608//1608
f 1603//1603 1609//1609 1601//1601
f 1601//1601 1609//1609 1610//1610
f 1601//1601 1610//1610 1611//1611
f 1611//1611 1610//1610 1612//1612
f 1611//1611 1612//1612 1613//1613
f 208//208 1614//1614 209//209
f 209//209 1614//1614 1615//1615
f 209//209 1615//1615 1616//1616
f 1616//1616 353//353 1617//1617
f 1617//1617 353//353 354//354
f 1617//1617 354//354 1618//1618
f 1618//1618 354//354 1619//1619
f 1618//1618 1619//1619 1620//1620
f 1620//1620 1619//1619 1621//1621
f 1620//1620 1621//1621 1622//1622
f 1622//1622 1621//1621 1623//1623
f 1622//1622 1623//1623 1624//1624
f 1624//1624 1623//1623 1625//1625
f 1580//1580 1626//1626 1627//1627
f 1627//1627 1626//1626 1628//1628
f 1627//1627 1628//1628 1629//1629
f 1629//1629 1628//1628 1630//1630
f 1629//1629 1630//1630 1631//1631
f 1631//1631 1630//1630 1632//1632
f 1602//1602 1601//1601 1633//1633
f 1633//1633 1601//1601 1611//1611
f 1633//1633 1611//1611 1634//1634
f 1634//1634 1611//1611 1613//1613
f 1634//1634 1613//1613 1635//1635
f 1616//1616 1615//1615 353//353
f 353//353 1615//1615 1636//1636
f 353//353 1636//1636 351//351
f 341//341 1637//1637 1638//1638
f 1595//1595 1639//1639 1596//1596
f 1596//1596 1639//1639 1640//1640
f 1596//1596 1640//1640 1597//1597
f 1597//1597 1640//1640 1641//1641
f 1597//1597 1641//1641 1598//1598
f 1598//1598 1641//1641 1642//1642
f 1598//1598 1642//1642 1599//1599
f 1599//1599 1642//1642 1643//1643
f 1599//1599 1643//1643 1600//1600
f 1600//1600 1643//1643 1644//1644
f 1600//1600 1644//1644 1593//1593
f 1593//1593 1644//1644 355//355
f 1593//1593 355//355 1594//1594
f 1594//1594 355//355 357//357
f 1594//1594 357//357 1592//1592
f 1592//1592 357//357 1645//1645
f 1592//1592 1645//1645 1590//1590
f 1590//1590 1645//1645 1646//1646
f 1590//1590 1646//1646 1588//1588
f 341//341 340//340 1637//1637
f 1637//1637 340//340 1647//1647
f 1637//1637 1647//1647 1648//1648
f 1648//1648 1647//1647 345//345
f 1648//1648 345//345 1649//1649
f 1649//1649 345//345 347//347
f 1649//1649 347//347 1650//1650
f 1638//1638 1637//1637 1651//1651
f 1651//1651 1637//1637 1648//1648
f 1651//1651 1648//1648 1652//1652
f 1652//1652 1648//1648 1649//1649
f 1652//1652 1649//1649 1653//1653
f 1653//1653 1649//1649 1650//1650
f 1653//1653 1650//1650 1654//1654
f 1574//1574 356//356 1575//1575
f 1575//1575 356//356 355//355
f 1575//1575 355//355 1576//1576
f 1576//1576 355//355 1644//1644
f 1576//1576 1644//1644 1577//1577
f 1577//1577 1644//1644 1643//1643
f 1577//1577 1643//1643 1579//1579
f 1579//1579 1643//1643 1642//1642
f 1579//1579 1642//1642 1655//1655
f 1655//1655 1642//1642 1641//1641
f 1655//1655 1641//1641 1656//1656
f 1656//1656 1641//1641 1640//1640
f 1656//1656 1640//1640 1657//1657
f 1657//1657 1640//1640 1639//1639
f 1658//1658 1659//1659 1660//1660
f 1660//1660 1659//1659 1661//1661
f 1660//1660 1661//1661 344//344
f 343//343 1662//1662 1663//1663
f 1663//1663 1662//1662 1664//1664
f 1663//1663 1664//1664 1665//1665
f 1665//1665 1664//1664 1666//1666
f 1665//1665 1666//1666 1667//1667
f 1667//1667 1666//1666 1668//1668
f 1667//1667 1668//1668 1669//1669
f 1669//1669 1668//1668 1670//1670
f 1669//1669 1670//1670 1671//1671
f 1671//1671 1670//1670 1672//1672
f 1671//1671 1672//1672 1673//1673
f 1631//1631 339//339 1629//1629
f 1629//1629 339//339 341//341
f 1629//1629 341//341 1627//1627
f 1627//1627 341//341 1638//1638
f 1627//1627 1638//1638 1580//1580
f 1580//1580 1638//1638 1651//1651
f 1580//1580 1651//1651 1581//1581
f 1581//1581 1651//1651 1652//1652
f 1581//1581 1652//1652 1595//1595
f 1595//1595 1652//1652 1653//1653
f 1595//1595 1653//1653 1639//1639
f 1639//1639 1653//1653 1654//1654
f 1639//1639 1654//1654 1657//1657
f 1674//1674 1675//1675 1676//1676
f 1676//1676 1675//1675 1677//1677
f 1676//1676 1677//1677 1678//1678
f 1678//1678 1677//1677 1679//1679
f 1678//1678 1679//1679 1680//1680
f 1680//1680 1679//1679 1681//1681
f 1680//1680 1681//1681 1682//1682
f 1682//1682 1681//1681 1683//1683
f 1682//1682 1683//1683 1605//1605
f 1605//1605 1683//1683 1603//1603
f 1605//1605 1603//1603 1607//1607
f 1607//1607 1603//1603 1602//1602
f 1607//1607 1602//1602 1608//1608
f 1608//1608 1602//1602 1633//1633
f 1608//1608 1633//1633 1684//1684
f 1684//1684 1633//1633 1634//1634
f 1684//1684 1634//1634 1685//1685
f 1685//1685 1634//1634 1635//1635
f 1685//1685 1635//1635 1686//1686
f 1604//1604 1606//1606 1687//1687
f 1687//1687 1606//1606 1608//1608
f 1687//1687 1608//1608 1688//1688
f 1688//1688 1608//1608 1684//1684
f 1688//1688 1684//1684 1689//1689
f 1689//1689 1684//1684 1685//1685
f 1689//1689 1685//1685 1690//1690
f 1690//1690 1685//1685 1686//1686
f 1690//1690 1686//1686 1691//1691
f 346//346 345//345 1692//1692
f 1692//1692 345//345 1647//1647
f 1692//1692 1647//1647 1693//1693
f 1693//1693 1647//1647 340//340
f 1693//1693 340//340 1694//1694
f 1694//1694 340//340 339//339
f 1694//1694 339//339 1695//1695
f 1695//1695 339//339 1631//1631
f 1695//1695 1631//1631 1696//1696
f 1696//1696 1631//1631 1632//1632
f 1696//1696 1632//1632 1697//1697
f 1698//1698 1699//1699 1700//1700
f 1700//1700 1699//1699 1701//1701
f 1700//1700 1701//1701 1702//1702
f 1702//1702 1701//1701 1703//1703
f 1702//1702 1703//1703 1704//1704
f 1704//1704 1703//1703 1705//1705
f 1704//1704 1705//1705 338//338
f 1706//1706 1707//1707 1708//1708
f 1708//1708 1707//1707 336//336
f 1708//1708 336//336 1709//1709
f 1709//1709 336//336 338//338
f 1709//1709 338//338 1710//1710
f 1710//1710 338//338 1705//1705
f 1646//1646 1674//1674 1588//1588
f 1588//1588 1674//1674 1676//1676
f 1588//1588 1676//1676 1586//1586
f 1586//1586 1676//1676 1678//1678
f 1586//1586 1678//1678 1584//1584
f 1584//1584 1678//1678 1680//1680
f 1584//1584 1680//1680 1582//1582
f 1582//1582 1680//1680 1682//1682
f 1582//1582 1682//1682 1580//1580
f 1580//1580 1682//1682 1605//1605
f 1580//1580 1605//1605 1626//1626
f 1626//1626 1605//1605 1604//1604
f 1626//1626 1604//1604 1628//1628
f 1628//1628 1604//1604 1687//1687
f 1628//1628 1687//1687 1630//1630
f 1630//1630 1687//1687 1688//1688
f 1630//1630 1688//1688 1632//1632
f 1632//1632 1688//1688 1689//1689
f 1632//1632 1689//1689 1697//1697
f 1697//1697 1689//1689 1690//1690
f 1697//1697 1690//1690 1711//1711
f 1711//1711 1690//1690 1691//1691
f 334//334 333//333 1712//1712
f 1712//1712 333//333 1713//1713
f 1712//1712 1713//1713 1714//1714
f 1714//1714 1713//1713 1715//1715
f 1714//1714 1715//1715 1716//1716
f 1716//1716 1715//1715 1717//1717
f 1716//1716 1717//1717 1673//1673
f 1718//1718 1717//1717 1719//1719
f 1719//1719 1717//1717 1715//1715
f 1719//1719 1715//1715 1720//1720
f 1720//1720 1715//1715 1713//1713
f 1720//1720 1713//1713 1721//1721
f 1721//1721 1713//1713 333//333
f 1721//1721 333//333 1722//1722
f 1722//1722 333//333 335//335
f 1722//1722 335//335 1723//1723
f 1724//1724 1725//1725 1726//1726
f 1727//1727 1726//1726 1728//1728
f 1728//1728 1726//1726 1725//1725
f 328//328 1728//1728 329//329
f 329//329 1728//1728 1725//1725
f 329//329 1725//1725 1729//1729
f 1729//1729 1725//1725 1724//1724
f 1729//1729 1724//1724 1730//1730
f 1730//1730 1724//1724 1731//1731
f 1730//1730 1731//1731 1732//1732
f 1732//1732 1731//1731 1733//1733
f 1732//1732 1733//1733 1734//1734
f 1734//1734 1733//1733 1735//1735
f 337//337 327//327 338//338
f 338//338 327//327 329//329
f 338//338 329//329 1704//1704
f 1704//1704 329//329 1729//1729
f 1704//1704 1729//1729 1702//1702
f 1702//1702 1729//1729 1730//1730
f 1702//1702 1730//1730 1700//1700
f 1700//1700 1730//1730 1732//1732
f 1700//1700 1732//1732 1698//1698
f 1698//1698 1732//1732 1734//1734
f 1636//1636 1706//1706 351//351
f 351//351 1706//1706 1708//1708
f 351//351 1708//1708 352//352
f 352//352 1708//1708 1709//1709
f 352//352 1709//1709 354//354
f 354//354 1709//1709 1710//1710
f 354//354 1710//1710 1619//1619
f 1619//1619 1710//1710 1705//1705
f 1619//1619 1705//1705 1621//1621
f 1621//1621 1705//1705 1703//1703
f 1621//1621 1703//1703 1623//1623
f 1623//1623 1703//1703 1701//1701
f 1623//1623 1701//1701 1625//1625
f 1625//1625 1701//1701 1699//1699
f 1003//1003 1736//1736 1004//1004
f 1004//1004 1736//1736 958//958
f 1004//1004 958//958 1005//1005
f 1005//1005 958//958 1010//1010
f 1005//1005 1010//1010 1006//1006
f 1006//1006 1010//1010 1011//1011
f 1006//1006 1011//1011 1007//1007
f 1007//1007 1011//1011 1013//1013
f 1007//1007 1013//1013 1009//1009
f 1009//1009 1013//1013 1015//1015
f 1009//1009 1015//1015 1466//1466
f 1466//1466 1015//1015 1017//1017
f 1466//1466 1017//1017 1467//1467
f 1467//1467 1017//1017 1056//1056
f 1467//1467 1056//1056 1468//1468
f 1468//1468 1056//1056 1432//1432
f 1468//1468 1432//1432 1411//1411
f 1411//1411 1432//1432 1430//1430
f 1411//1411 1430//1430 1412//1412
f 1412//1412 1430//1430 1428//1428
f 1412//1412 1428//1428 1414//1414
f 1414//1414 1428//1428 1426//1426
f 1414//1414 1426//1426 373//373
f 373//373 1426//1426 1424//1424
f 373//373 1424//1424 371//371
f 371//371 1424//1424 1422//1422
f 371//371 1422//1422 372//372
f 372//372 1422//1422 1420//1420
f 372//372 1420//1420 1438//1438
f 1438//1438 1420//1420 1419//1419
f 1438//1438 1419//1419 1482//1482
f 1737//1737 1738//1738 1439//1439
f 342//342 344//344 1573//1573
f 1573//1573 344//344 1661//1661
f 1573//1573 1661//1661 1572//1572
f 1572//1572 1661//1661 1659//1659
f 1572//1572 1659//1659 1571//1571
f 1571//1571 1659//1659 1658//1658
f 1571//1571 1658//1658 1739//1739
f 1740//1740 1741//1741 1739//1739
f 1739//1739 1741//1741 1742//1742
f 1739//1739 1742//1742 1571//1571
f 1571//1571 1742//1742 1743//1743
f 1571//1571 1743//1743 1567//1567
f 1567//1567 1743//1743 1744//1744
f 1567//1567 1744//1744 1568//1568
f 1568//1568 1744//1744 360//360
f 1568//1568 360//360 1745//1745
f 1745//1745 360//360 359//359
f 1745//1745 359//359 1746//1746
f 343//343 1663//1663 344//344
f 344//344 1663//1663 1747//1747
f 344//344 1747//1747 1660//1660
f 1660//1660 1747//1747 1748//1748
f 1660//1660 1748//1748 1658//1658
f 1658//1658 1748//1748 1749//1749
f 1658//1658 1749//1749 1739//1739
f 1739//1739 1749//1749 1750//1750
f 1739//1739 1750//1750 1740//1740
f 1439//1439 1738//1738 1440//1440
f 1440//1440 1738//1738 1751//1751
f 1440//1440 1751//1751 1442//1442
f 1442//1442 1751//1751 1752//1752
f 1442//1442 1752//1752 1537//1537
f 1537//1537 1752//1752 1753//1753
f 1537//1537 1753//1753 1527//1527
f 1527//1527 1753//1753 1754//1754
f 1527//1527 1754//1754 1526//1526
f 1526//1526 1754//1754 1755//1755
f 1526//1526 1755//1755 1525//1525
f 1525//1525 1755//1755 1756//1756
f 1525//1525 1756//1756 365//365
f 365//365 1756//1756 1757//1757
f 365//365 1757//1757 363//363
f 363//363 1757//1757 1758//1758
f 363//363 1758//1758 1524//1524
f 1524//1524 1758//1758 1759//1759
f 1524//1524 1759//1759 1535//1535
f 1535//1535 1759//1759 1760//1760
f 1535//1535 1760//1760 1534//1534
f 1534//1534 1760//1760 1761//1761
f 1534//1534 1761//1761 1533//1533
f 1533//1533 1761//1761 1762//1762
f 1533//1533 1762//1762 1485//1485
f 1485//1485 1762//1762 1763//1763
f 1485//1485 1763//1763 1394//1394
f 1394//1394 1763//1763 1764//1764
f 1394//1394 1764//1764 1395//1395
f 1395//1395 1764//1764 1765//1765
f 1395//1395 1765//1765 1368//1368
f 1368//1368 1765//1765 1766//1766
f 1368//1368 1766//1766 1369//1369
f 1369//1369 1766//1766 1767//1767
f 1369//1369 1767//1767 1367//1367
f 1367//1367 1767//1767 1768//1768
f 1367//1367 1768//1768 1282//1282
f 1282//1282 1768//1768 374//374
f 1282//1282 374//374 1283//1283
f 1283//1283 374//374 204//204
f 1283//1283 204//204 202//202
f 1751//1751 1769//1769 1752//1752
f 1752//1752 1769//1769 1770//1770
f 1752//1752 1770//1770 1753//1753
f 1753//1753 1770//1770 1771//1771
f 1753//1753 1771//1771 1754//1754
f 1754//1754 1771//1771 1772//1772
f 1754//1754 1772//1772 1755//1755
f 1755//1755 1772//1772 1773//1773
f 1755//1755 1773//1773 1756//1756
f 1756//1756 1773//1773 1774//1774
f 1756//1756 1774//1774 1757//1757
f 1757//1757 1774//1774 1775//1775
f 1757//1757 1775//1775 1758//1758
f 1758//1758 1775//1775 1776//1776
f 1758//1758 1776//1776 1759//1759
f 1759//1759 1776//1776 1777//1777
f 1759//1759 1777//1777 1760//1760
f 1760//1760 1777//1777 1778//1778
f 1760//1760 1778//1778 1761//1761
f 1761//1761 1778//1778 1779//1779
f 1761//1761 1779//1779 1762//1762
f 1762//1762 1779//1779 1780//1780
f 1762//1762 1780//1780 1763//1763
f 1763//1763 1780//1780 1781//1781
f 1763//1763 1781//1781 1764//1764
f 1764//1764 1781//1781 1782//1782
f 1764//1764 1782//1782 1765//1765
f 1765//1765 1782//1782 1783//1783
f 1765//1765 1783//1783 1766//1766
f 1766//1766 1783//1783 1784//1784
f 1766//1766 1784//1784 1767//1767
f 1785//1785 1786//1786 1787//1787
f 1787//1787 1786//1786 1788//1788
f 1787//1787 1788//1788 1789//1789
f 1789//1789 1788//1788 1790//1790
f 1789//1789 1790//1790 1791//1791
f 1791//1791 1790//1790 1792//1792
f 1791//1791 1792//1792 1793//1793
f 1793//1793 1792//1792 1794//1794
f 1793//1793 1794//1794 1795//1795
f 1795//1795 1794//1794 1796//1796
f 1795//1795 1796//1796 1797//1797
f 1797//1797 1796//1796 1798//1798
f 1797//1797 1798//1798 1799//1799
f 1799//1799 1798//1798 1800//1800
f 206//206 374//374 1379//1379
f 1379//1379 374//374 1768//1768
f 1379//1379 1768//1768 1801//1801
f 1801//1801 1768//1768 1767//1767
f 1801//1801 1767//1767 1802//1802
f 1802//1802 1767//1767 1784//1784
f 1802//1802 1784//1784 1803//1803
f 1803//1803 1784//1784 1783//1783
f 1803//1803 1783//1783 1804//1804
f 1804//1804 1783//1783 1782//1782
f 1804//1804 1782//1782 1805//1805
f 1805//1805 1782//1782 1781//1781
f 1805//1805 1781//1781 1806//1806
f 1806//1806 1781//1781 1780//1780
f 1806//1806 1780//1780 1807//1807
f 1807//1807 1780//1780 1779//1779
f 1807//1807 1779//1779 1808//1808
f 1808//1808 1779//1779 1778//1778
f 1808//1808 1778//1778 1809//1809
f 1809//1809 1778//1778 1777//1777
f 1809//1809 1777//1777 1810//1810
f 1810//1810 1777//1777 1776//1776
f 1810//1810 1776//1776 1811//1811
f 1811//1811 1776//1776 1775//1775
f 1811//1811 1775//1775 1785//1785
f 1812//1812 1813//1813 1814//1814
f 1814//1814 1813//1813 1815//1815
f 1814//1814 1815//1815 1816//1816
f 1816//1816 1815//1815 1817//1817
f 1816//1816 1817//1817 1818//1818
f 1818//1818 1817//1817 1819//1819
f 1818//1818 1819//1819 1820//1820
f 1820//1820 1819//1819 1821//1821
f 1820//1820 1821//1821 1822//1822
f 1822//1822 1821//1821 1823//1823
f 1822//1822 1823//1823 1824//1824
f 1824//1824 1823//1823 1825//1825
f 1824//1824 1825//1825 1826//1826
f 1826//1826 1825//1825 1827//1827
f 1826//1826 1827//1827 1828//1828
f 1828//1828 1827//1827 1829//1829
f 1828//1828 1829//1829 1830//1830
f 1830//1830 1829//1829 1831//1831
f 1830//1830 1831//1831 1832//1832
f 1832//1832 1831//1831 1833//1833
f 1832//1832 1833//1833 1834//1834
f 1834//1834 1833//1833 1835//1835
f 1834//1834 1835//1835 1836//1836
f 1836//1836 1835//1835 1837//1837
f 1836//1836 1837//1837 1838//1838
f 1838//1838 1837//1837 1839//1839
f 1838//1838 1839//1839 1840//1840
f 1840//1840 1839//1839 1841//1841
f 1840//1840 1841//1841 1842//1842
f 1842//1842 1841//1841 1843//1843
f 1842//1842 1843//1843 1844//1844
f 1844//1844 1843//1843 1845//1845
f 1844//1844 1845//1845 1846//1846
f 1846//1846 1845//1845 1847//1847
f 1846//1846 1847//1847 1848//1848
f 1848//1848 1847//1847 1849//1849
f 1848//1848 1849//1849 1850//1850
f 1850//1850 1849//1849 1410//1410
f 1850//1850 1410//1410 375//375
f 375//375 1410//1410 110//110
f 375//375 110//110 103//103
f 358//358 360//360 1561//1561
f 1561//1561 360//360 1744//1744
f 1561//1561 1744//1744 1559//1559
f 1559//1559 1744//1744 1743//1743
f 1559//1559 1743//1743 1851//1851
f 1851//1851 1743//1743 1742//1742
f 1851//1851 1742//1742 1852//1852
f 1852//1852 1742//1742 1741//1741
f 1852//1852 1741//1741 1853//1853
f 1853//1853 1741//1741 1740//1740
f 1853//1853 1740//1740 1854//1854
f 1854//1854 1740//1740 1855//1855
f 1854//1854 1855//1855 1812//1812
f 1812//1812 1855//1855 1856//1856
f 1812//1812 1856//1856 1813//1813
f 1813//1813 1856//1856 1857//1857
f 1813//1813 1857//1857 1815//1815
f 1815//1815 1857//1857 1858//1858
f 1815//1815 1858//1858 1817//1817
f 1817//1817 1858//1858 1859//1859
f 1817//1817 1859//1859 1819//1819
f 1819//1819 1859//1859 1860//1860
f 1819//1819 1860//1860 1821//1821
f 1821//1821 1860//1860 1861//1861
f 1821//1821 1861//1861 1823//1823
f 1823//1823 1861//1861 1862//1862
f 1823//1823 1862//1862 1825//1825
f 1825//1825 1862//1862 1863//1863
f 1825//1825 1863//1863 1827//1827
f 1827//1827 1863//1863 1864//1864
f 1827//1827 1864//1864 1829//1829
f 1829//1829 1864//1864 1865//1865
f 1829//1829 1865//1865 1831//1831
f 1831//1831 1865//1865 1866//1866
f 1831//1831 1866//1866 1833//1833
f 1833//1833 1866//1866 1867//1867
f 1833//1833 1867//1867 1835//1835
f 1835//1835 1867//1867 1868//1868
f 1835//1835 1868//1868 1837//1837
f 1837//1837 1868//1868 1869//1869
f 1837//1837 1869//1869 1839//1839
f 1839//1839 1869//1869 1870//1870
f 1839//1839 1870//1870 1841//1841
f 1841//1841 1870//1870 1871//1871
f 1841//1841 1871//1871 1843//1843
f 1843//1843 1871//1871 1872//1872
f 1843//1843 1872//1872 1845//1845
f 1845//1845 1872//1872 1873//1873
f 1845//1845 1873//1873 1847//1847
f 1847//1847 1873//1873 1874//1874
f 1847//1847 1874//1874 1849//1849
f 1849//1849 1874//1874 1875//1875
f 1849//1849 1875//1875 1410//1410
f 1410//1410 1875//1875 107//107
f 1410//1410 107//107 109//109
f 1876//1876 1877//1877 1878//1878
f 1878//1878 1877//1877 1879//1879
f 1878//1878 132//132 1876//1876
f 1876//1876 132//132 134//134
f 1876//1876 134//134 135//135
f 1855//1855 1880//1880 1856//1856
f 1856//1856 1880//1880 1881//1881
f 1856//1856 1881//1881 1857//1857
f 1857//1857 1881//1881 1882//1882
f 1857//1857 1882//1882 1858//1858
f 1858//1858 1882//1882 1883//1883
f 1858//1858 1883//1883 1859//1859
f 1859//1859 1883//1883 1884//1884
f 1859//1859 1884//1884 1860//1860
f 1860//1860 1884//1884 1885//1885
f 1860//1860 1885//1885 1861//1861
f 1861//1861 1885//1885 1886//1886
f 1861//1861 1886//1886 1862//1862
f 1862//1862 1886//1886 1887//1887
f 1862//1862 1887//1887 1863//1863
f 1863//1863 1887//1887 1888//1888
f 1863//1863 1888//1888 1864//1864
f 1864//1864 1888//1888 1889//1889
f 1864//1864 1889//1889 1865//1865
f 1865//1865 1889//1889 1890//1890
f 1865//1865 1890//1890 1866//1866
f 1866//1866 1890//1890 1891//1891
f 1866//1866 1891//1891 1867//1867
f 1867//1867 1891//1891 1892//1892
f 1867//1867 1892//1892 1868//1868
f 1868//1868 1892//1892 1893//1893
f 1868//1868 1893//1893 1869//1869
f 1869//1869 1893//1893 1894//1894
f 1869//1869 1894//1894 1870//1870
f 1870//1870 1894//1894 1895//1895
f 1870//1870 1895//1895 1871//1871
f 1871//1871 1895//1895 1896//1896
f 1871//1871 1896//1896 1872//1872
f 1872//1872 1896//1896 1897//1897
f 1872//1872 1897//1897 1873//1873
f 1873//1873 1897//1897 1898//1898
f 1873//1873 1898//1898 1874//1874
f 1874//1874 1898//1898 369//369
f 1874//1874 369//369 1875//1875
f 1875//1875 369//369 111//111
f 1875//1875 111//111 107//107
f 1899//1899 141//141 142//142
f 1900//1900 1901//1901 1902//1902
f 1902//1902 1901//1901 1903//1903
f 1902//1902 1903//1903 1904//1904
f 1904//1904 1903//1903 1905//1905
f 1904//1904 1905//1905 1906//1906
f 1906//1906 1905//1905 1907//1907
f 1906//1906 1907//1907 1908//1908
f 1908//1908 1907//1907 1909//1909
f 1908//1908 1909//1909 1910//1910
f 1910//1910 1909//1909 1911//1911
f 1910//1910 1911//1911 1912//1912
f 1912//1912 1911//1911 1913//1913
f 1912//1912 1913//1913 1914//1914
f 1914//1914 1913//1913 1915//1915
f 1914//1914 1915//1915 1916//1916
f 1916//1916 1915//1915 1917//1917
f 1916//1916 1917//1917 1918//1918
f 1918//1918 1917//1917 1919//1919
f 1918//1918 1919//1919 1920//1920
f 1920//1920 1919//1919 1921//1921
f 1920//1920 1921//1921 1922//1922
f 1922//1922 1921//1921 1923//1923
f 1922//1922 1923//1923 1924//1924
f 1924//1924 1923//1923 1925//1925
f 1924//1924 1925//1925 1926//1926
f 1926//1926 1925//1925 1927//1927
f 1926//1926 1927//1927 1928//1928
f 1928//1928 1927//1927 1929//1929
f 1928//1928 1929//1929 1930//1930
f 1930//1930 1929//1929 1931//1931
f 1930//1930 1931//1931 1932//1932
f 1932//1932 1931//1931 1933//1933
f 1932//1932 1933//1933 1934//1934
f 1934//1934 1933//1933 1935//1935
f 1934//1934 1935//1935 1936//1936
f 1936//1936 1935//1935 1937//1937
f 1936//1936 1937//1937 1938//1938
f 1938//1938 1937//1937 1939//1939
f 1938//1938 1939//1939 1494//1494
f 1494//1494 1939//1939 114//114
f 1494//1494 114//114 116//116
f 1940//1940 1941//1941 1942//1942
f 1942//1942 1941//1941 1943//1943
f 1942//1942 1943//1943 1944//1944
f 1944//1944 1943//1943 1945//1945
f 1944//1944 1945//1945 1946//1946
f 1946//1946 1945//1945 1947//1947
f 1946//1946 1947//1947 1948//1948
f 1948//1948 1947//1947 1949//1949
f 1948//1948 1949//1949 1950//1950
f 1950//1950 1949//1949 1951//1951
f 1950//1950 1951//1951 1952//1952
f 1952//1952 1951//1951 1953//1953
f 1952//1952 1953//1953 1954//1954
f 1954//1954 1953//1953 1955//1955
f 1954//1954 1955//1955 1956//1956
f 1956//1956 1955//1955 1957//1957
f 1956//1956 1957//1957 1958//1958
f 1958//1958 1957//1957 1959//1959
f 1958//1958 1959//1959 1960//1960
f 1960//1960 1959//1959 1961//1961
f 1960//1960 1961//1961 1962//1962
f 1962//1962 1961//1961 1963//1963
f 1962//1962 1963//1963 1964//1964
f 1964//1964 1963//1963 1965//1965
f 1964//1964 1965//1965 1966//1966
f 1966//1966 1965//1965 1967//1967
f 1966//1966 1967//1967 1968//1968
f 1968//1968 1967//1967 1969//1969
f 1968//1968 1969//1969 1970//1970
f 1970//1970 1969//1969 1971//1971
f 1970//1970 1971//1971 1972//1972
f 1972//1972 1971//1971 1973//1973
f 1972//1972 1973//1973 1974//1974
f 1974//1974 1973//1973 1975//1975
f 1974//1974 1975//1975 1976//1976
f 1976//1976 1975//1975 1977//1977
f 1976//1976 1977//1977 1978//1978
f 1978//1978 1977//1977 1536//1536
f 1978//1978 1536//1536 361//361
f 361//361 1536//1536 124//124
f 361//361 124//124 119//119
f 1979//1979 1980//1980 1981//1981
f 1981//1981 1980//1980 1982//1982
f 1981//1981 1982//1982 1983//1983
f 1983//1983 1982//1982 1984//1984
f 1983//1983 1984//1984 1985//1985
f 1985//1985 1984//1984 1986//1986
f 1985//1985 1986//1986 1987//1987
f 1987//1987 1986//1986 1988//1988
f 1987//1987 1988//1988 1989//1989
f 1989//1989 1988//1988 1990//1990
f 1989//1989 1990//1990 1991//1991
f 1991//1991 1990//1990 1992//1992
f 1991//1991 1992//1992 1993//1993
f 1993//1993 1992//1992 1994//1994
f 1993//1993 1994//1994 1995//1995
f 1995//1995 1994//1994 1996//1996
f 1995//1995 1996//1996 1997//1997
f 1997//1997 1996//1996 1998//1998
f 1997//1997 1998//1998 1999//1999
f 1999//1999 1998//1998 2000//2000
f 1999//1999 2000//2000 2001//2001
f 2001//2001 2000//2000 2002//2002
f 2001//2001 2002//2002 2003//2003
f 2003//2003 2002//2002 2004//2004
f 2003//2003 2004//2004 2005//2005
f 2005//2005 2004//2004 2006//2006
f 2005//2005 2006//2006 2007//2007
f 2007//2007 2006//2006 2008//2008
f 2007//2007 2008//2008 2009//2009
f 2009//2009 2008//2008 2010//2010
f 2009//2009 2010//2010 2011//2011
f 2011//2011 2010//2010 2012//2012
f 2011//2011 2012//2012 2013//2013
f 2013//2013 2012//2012 2014//2014
f 2013//2013 2014//2014 2015//2015
f 2015//2015 2014//2014 2016//2016
f 2015//2015 2016//2016 2017//2017
f 2017//2017 2016//2016 362//362
f 2017//2017 362//362 2018//2018
f 2018//2018 362//362 128//128
f 2018//2018 128//128 121//121
f 2019//2019 2020//2020 2021//2021
f 2021//2021 2020//2020 2022//2022
f 2021//2021 150//150 2019//2019
f 2019//2019 150//150 152//152
f 2019//2019 152//152 153//153
f 1879//1879 2023//2023 2024//2024
f 2024//2024 2023//2023 2025//2025
f 2024//2024 2025//2025 2026//2026
f 2026//2026 2025//2025 2027//2027
f 2026//2026 2027//2027 2028//2028
f 2028//2028 2027//2027 2029//2029
f 2028//2028 2029//2029 2030//2030
f 2030//2030 2029//2029 2031//2031
f 2030//2030 2031//2031 2032//2032
f 2032//2032 2031//2031 2033//2033
f 2032//2032 2033//2033 2034//2034
f 2034//2034 2033//2033 2035//2035
f 2034//2034 2035//2035 2036//2036
f 2036//2036 2035//2035 2037//2037
f 2036//2036 2037//2037 2038//2038
f 2038//2038 2037//2037 2039//2039
f 2038//2038 2039//2039 2040//2040
f 2040//2040 2039//2039 2041//2041
f 2040//2040 2041//2041 2042//2042
f 2042//2042 2041//2041 2043//2043
f 2042//2042 2043//2043 2044//2044
f 2045//2045 159//159 160//160
f 1671//1671 2046//2046 1669//1669
f 1669//1669 2046//2046 2047//2047
f 1669//1669 2047//2047 1667//1667
f 1667//1667 2047//2047 2048//2048
f 1667//1667 2048//2048 1665//1665
f 1665//1665 2048//2048 2049//2049
f 1665//1665 2049//2049 1663//1663
f 1663//1663 2049//2049 2050//2050
f 1663//1663 2050//2050 1747//1747
f 1747//1747 2050//2050 2051//2051
f 1747//1747 2051//2051 1748//1748
f 1748//1748 2051//2051 2052//2052
f 1748//1748 2052//2052 1749//1749
f 1749//1749 2052//2052 2053//2053
f 1749//1749 2053//2053 1750//1750
f 1750//1750 2053//2053 2054//2054
f 1750//1750 2054//2054 1740//1740
f 1740//1740 2054//2054 1900//1900
f 1740//1740 1900//1900 1855//1855
f 1855//1855 1900//1900 1902//1902
f 1855//1855 1902//1902 1880//1880
f 1880//1880 1902//1902 1904//1904
f 1880//1880 1904//1904 1881//1881
f 1881//1881 1904//1904 1906//1906
f 1881//1881 1906//1906 1882//1882
f 1882//1882 1906//1906 1908//1908
f 1882//1882 1908//1908 1883//1883
f 1883//1883 1908//1908 1910//1910
f 1883//1883 1910//1910 1884//1884
f 1884//1884 1910//1910 1912//1912
f 1884//1884 1912//1912 1885//1885
f 1885//1885 1912//1912 1914//1914
f 1885//1885 1914//1914 1886//1886
f 1886//1886 1914//1914 1916//1916
f 1886//1886 1916//1916 1887//1887
f 1887//1887 1916//1916 1918//1918
f 1887//1887 1918//1918 1888//1888
f 1888//1888 1918//1918 1920//1920
f 1888//1888 1920//1920 1889//1889
f 1889//1889 1920//1920 1922//1922
f 1889//1889 1922//1922 1890//1890
f 1890//1890 1922//1922 1924//1924
f 1890//1890 1924//1924 1891//1891
f 1891//1891 1924//1924 1926//1926
f 1891//1891 1926//1926 1892//1892
f 1892//1892 1926//1926 1928//1928
f 1892//1892 1928//1928 1893//1893
f 1893//1893 1928//1928 1930//1930
f 1893//1893 1930//1930 1894//1894
f 1894//1894 1930//1930 1932//1932
f 1894//1894 1932//1932 1895//1895
f 1895//1895 1932//1932 1934//1934
f 1895//1895 1934//1934 1896//1896
f 1896//1896 1934//1934 1936//1936
f 1896//1896 1936//1936 1897//1897
f 1897//1897 1936//1936 1938//1938
f 1897//1897 1938//1938 1898//1898
f 1898//1898 1938//1938 1494//1494
f 1898//1898 1494//1494 369//369
f 369//369 1494//1494 117//117
f 369//369 117//117 112//112
f 1673//1673 1717//1717 1671//1671
f 1671//1671 1717//1717 1718//1718
f 1671//1671 1718//1718 2046//2046
f 2046//2046 1718//1718 2055//2055
f 2046//2046 2055//2055 2047//2047
f 2055//2055 2056//2056 2047//2047
f 2047//2047 2056//2056 2057//2057
f 2047//2047 2057//2057 2048//2048
f 2048//2048 2057//2057 2058//2058
f 2048//2048 2058//2058 2049//2049
f 2049//2049 2058//2058 2059//2059
f 2049//2049 2059//2059 2050//2050
f 2050//2050 2059//2059 2060//2060
f 2050//2050 2060//2060 2051//2051
f 2051//2051 2060//2060 2061//2061
f 2051//2051 2061//2061 2052//2052
f 2052//2052 2061//2061 2062//2062
f 2052//2052 2062//2062 2053//2053
f 2053//2053 2062//2062 2063//2063
f 2053//2053 2063//2063 2054//2054
f 2054//2054 2063//2063 1940//1940
f 2054//2054 1940//1940 1900//1900
f 1900//1900 1940//1940 1942//1942
f 1900//1900 1942//1942 1901//1901
f 1901//1901 1942//1942 1944//1944
f 1901//1901 1944//1944 1903//1903
f 1903//1903 1944//1944 1946//1946
f 1903//1903 1946//1946 1905//1905
f 1905//1905 1946//1946 1948//1948
f 1905//1905 1948//1948 1907//1907
f 1907//1907 1948//1948 1950//1950
f 1907//1907 1950//1950 1909//1909
f 1909//1909 1950//1950 1952//1952
f 1909//1909 1952//1952 1911//1911
f 1911//1911 1952//1952 1954//1954
f 1911//1911 1954//1954 1913//1913
f 1913//1913 1954//1954 1956//1956
f 1913//1913 1956//1956 1915//1915
f 1915//1915 1956//1956 1958//1958
f 1915//1915 1958//1958 1917//1917
f 1917//1917 1958//1958 1960//1960
f 1917//1917 1960//1960 1919//1919
f 1919//1919 1960//1960 1962//1962
f 1919//1919 1962//1962 1921//1921
f 1921//1921 1962//1962 1964//1964
f 1921//1921 1964//1964 1923//1923
f 1923//1923 1964//1964 1966//1966
f 1923//1923 1966//1966 1925//1925
f 1925//1925 1966//1966 1968//1968
f 1925//1925 1968//1968 1927//1927
f 1927//1927 1968//1968 1970//1970
f 1927//1927 1970//1970 1929//1929
f 1929//1929 1970//1970 1972//1972
f 1929//1929 1972//1972 1931//1931
f 1931//1931 1972//1972 1974//1974
f 1931//1931 1974//1974 1933//1933
f 1933//1933 1974//1974 1976//1976
f 1933//1933 1976//1976 1935//1935
f 1935//1935 1976//1976 1978//1978
f 1935//1935 1978//1978 1937//1937
f 1937//1937 1978//1978 361//361
f 1937//1937 361//361 1939//1939
f 1939//1939 361//361 118//118
f 1939//1939 118//118 114//114
f 2058//2058 2064//2064 2059//2059
f 2059//2059 2064//2064 2065//2065
f 2059//2059 2065//2065 2060//2060
f 2060//2060 2065//2065 2066//2066
f 2060//2060 2066//2066 2061//2061
f 2061//2061 2066//2066 2067//2067
f 2061//2061 2067//2067 2062//2062
f 2062//2062 2067//2067 2068//2068
f 2062//2062 2068//2068 2063//2063
f 2063//2063 2068//2068 1979//1979
f 2063//2063 1979//1979 1940//1940
f 1940//1940 1979//1979 1981//1981
f 1940//1940 1981//1981 1941//1941
f 1941//1941 1981//1981 1983//1983
f 1941//1941 1983//1983 1943//1943
f 1943//1943 1983//1983 1985//1985
f 1943//1943 1985//1985 1945//1945
f 1945//1945 1985//1985 1987//1987
f 1945//1945 1987//1987 1947//1947
f 1947//1947 1987//1987 1989//1989
f 1947//1947 1989//1989 1949//1949
f 1949//1949 1989//1989 1991//1991
f 1949//1949 1991//1991 1951//1951
f 1951//1951 1991//1991 1993//1993
f 1951//1951 1993//1993 1953//1953
f 1953//1953 1993//1993 1995//1995
f 1953//1953 1995//1995 1955//1955
f 1955//1955 1995//1995 1997//1997
f 1955//1955 1997//1997 1957//1957
f 1957//1957 1997//1997 1999//1999
f 1957//1957 1999//1999 1959//1959
f 1959//1959 1999//1999 2001//2001
f 1959//1959 2001//2001 1961//1961
f 1961//1961 2001//2001 2003//2003
f 1961//1961 2003//2003 1963//1963
f 1963//1963 2003//2003 2005//2005
f 1963//1963 2005//2005 1965//1965
f 1965//1965 2005//2005 2007//2007
f 1965//1965 2007//2007 1967//1967
f 1967//1967 2007//2007 2009//2009
f 1967//1967 2009//2009 1969//1969
f 1969//1969 2009//2009 2011//2011
f 1969//1969 2011//2011 1971//1971
f 1971//1971 2011//2011 2013//2013
f 1971//1971 2013//2013 1973//1973
f 1973//1973 2013//2013 2015//2015
f 1973//1973 2015//2015 1975//1975
f 1975//1975 2015//2015 2017//2017
f 1975//1975 2017//2017 1977//1977
f 1977//1977 2017//2017 2018//2018
f 1977//1977 2018//2018 1536//1536
f 1536//1536 2018//2018 121//121
f 1536//1536 121//121 123//123
f 318//318 320//320 2069//2069
f 2069//2069 320//320 2070//2070
f 2069//2069 2070//2070 2071//2071
f 2072//2072 2073//2073 2074//2074
f 2075//2075 2076//2076 2077//2077
f 2077//2077 2076//2076 2078//2078
f 2077//2077 2078//2078 2079//2079
f 296//296 317//317 319//319
f 319//319 317//317 316//316
f 319//319 316//316 320//320
f 296//296 319//319 297//297
f 297//297 319//319 318//318
f 297//297 318//318 2080//2080
f 2080//2080 318//318 2069//2069
f 2080//2080 2069//2069 2081//2081
f 2081//2081 2069//2069 2071//2071
f 2081//2081 2071//2071 2082//2082
f 313//313 2083//2083 2084//2084
f 348//348 350//350 2085//2085
f 2085//2085 350//350 2086//2086
f 2085//2085 2086//2086 2087//2087
f 2087//2087 2086//2086 2088//2088
f 2087//2087 2088//2088 2089//2089
f 2089//2089 2088//2088 2090//2090
f 2089//2089 2090//2090 2091//2091
f 2091//2091 2090//2090 2092//2092
f 2091//2091 2092//2092 2093//2093
f 2093//2093 2092//2092 2094//2094
f 2093//2093 2094//2094 2095//2095
f 2095//2095 2094//2094 2096//2096
f 2095//2095 2096//2096 2097//2097
f 2097//2097 2096//2096 2098//2098
f 2097//2097 2098//2098 2083//2083
f 2083//2083 2098//2098 2099//2099
f 2083//2083 2099//2099 2084//2084
f 2100//2100 2101//2101 2102//2102
f 2103//2103 309//309 2104//2104
f 331//331 2105//2105 332//332
f 332//332 2105//2105 2106//2106
f 332//332 2106//2106 310//310
f 2103//2103 2104//2104 2107//2107
f 2107//2107 2104//2104 2108//2108
f 2107//2107 2108//2108 2109//2109
f 2109//2109 2108//2108 2110//2110
f 2109//2109 2110//2110 2111//2111
f 2112//2112 2106//2106 2113//2113
f 2113//2113 2106//2106 2105//2105
f 2113//2113 2105//2105 2114//2114
f 2114//2114 2105//2105 331//331
f 2114//2114 331//331 2115//2115
f 2115//2115 331//331 330//330
f 2115//2115 330//330 2116//2116
f 2117//2117 2118//2118 2119//2119
f 2120//2120 2121//2121 2122//2122
f 2122//2122 2121//2121 2123//2123
f 2122//2122 2123//2123 2124//2124
f 2124//2124 2123//2123 2125//2125
f 2126//2126 2127//2127 2128//2128
f 2128//2128 2127//2127 2129//2129
f 2128//2128 2129//2129 2130//2130
f 2130//2130 2129//2129 2131//2131
f 2130//2130 2131//2131 2132//2132
f 2132//2132 2131//2131 2133//2133
f 2132//2132 2133//2133 2134//2134
f 2127//2127 2135//2135 2129//2129
f 2129//2129 2135//2135 2136//2136
f 2129//2129 2136//2136 2131//2131
f 2131//2131 2136//2136 2137//2137
f 2131//2131 2137//2137 2133//2133
f 310//310 2106//2106 311//311
f 311//311 2106//2106 2112//2112
f 311//311 2112//2112 2138//2138
f 2138//2138 2112//2112 2139//2139
f 2138//2138 2139//2139 2140//2140
f 2140//2140 2139//2139 2141//2141
f 2140//2140 2141//2141 304//304
f 2133//2133 2142//2142 2134//2134
f 2134//2134 2142//2142 2143//2143
f 2134//2134 2143//2143 2144//2144
f 2144//2144 2143//2143 2145//2145
f 2144//2144 2145//2145 2146//2146
f 2147//2147 2148//2148 2149//2149
f 2149//2149 2148//2148 2150//2150
f 2149//2149 2150//2150 2151//2151
f 2151//2151 2150//2150 2152//2152
f 2151//2151 2152//2152 2153//2153
f 2153//2153 2152//2152 314//314
f 313//313 2084//2084 314//314
f 314//314 2084//2084 2154//2154
f 314//314 2154//2154 2153//2153
f 2153//2153 2154//2154 2155//2155
f 2153//2153 2155//2155 2151//2151
f 2151//2151 2155//2155 2156//2156
f 2151//2151 2156//2156 2149//2149
f 2149//2149 2156//2156 2157//2157
f 2149//2149 2157//2157 2147//2147
f 2158//2158 2159//2159 2160//2160
f 2160//2160 2159//2159 2161//2161
f 2160//2160 2161//2161 2162//2162
f 2162//2162 2161//2161 2102//2102
f 2162//2162 2102//2102 2163//2163
f 2163//2163 2102//2102 2101//2101
f 2163//2163 2101//2101 2164//2164
f 2164//2164 2101//2101 2099//2099
f 2111//2111 2110//2110 2165//2165
f 2165//2165 2110//2110 2166//2166
f 2165//2165 2166//2166 2167//2167
f 2168//2168 302//302 2169//2169
f 2169//2169 302//302 304//304
f 2169//2169 304//304 2170//2170
f 2170//2170 304//304 2141//2141
f 2171//2171 2168//2168 2172//2172
f 2172//2172 2168//2168 2169//2169
f 2172//2172 2169//2169 2173//2173
f 2173//2173 2169//2169 2170//2170
f 2173//2173 2170//2170 2174//2174
f 2174//2174 2170//2170 2141//2141
f 2174//2174 2141//2141 2175//2175
f 2175//2175 2141//2141 2139//2139
f 2175//2175 2139//2139 2176//2176
f 2176//2176 2139//2139 2112//2112
f 2176//2176 2112//2112 2177//2177
f 2177//2177 2112//2112 2113//2113
f 2177//2177 2113//2113 2178//2178
f 2178//2178 2113//2113 2114//2114
f 2178//2178 2114//2114 2179//2179
f 308//308 2111//2111 2180//2180
f 2180//2180 2111//2111 2165//2165
f 2180//2180 2165//2165 2181//2181
f 2181//2181 2165//2165 2167//2167
f 2181//2181 2167//2167 2182//2182
f 2179//2179 2119//2119 2178//2178
f 2178//2178 2119//2119 2118//2118
f 2178//2178 2118//2118 2177//2177
f 2177//2177 2118//2118 2117//2117
f 2177//2177 2117//2117 2176//2176
f 2176//2176 2117//2117 2183//2183
f 2176//2176 2183//2183 2175//2175
f 2175//2175 2183//2183 2184//2184
f 2175//2175 2184//2184 2174//2174
f 2174//2174 2184//2184 2185//2185
f 2174//2174 2185//2185 2173//2173
f 2173//2173 2185//2185 2186//2186
f 2173//2173 2186//2186 2172//2172
f 2172//2172 2186//2186 2187//2187
f 2172//2172 2187//2187 2171//2171
f 2171//2171 2187//2187 2188//2188
f 2189//2189 2188//2188 2190//2190
f 2190//2190 2188//2188 2187//2187
f 2190//2190 2187//2187 2191//2191
f 2191//2191 2187//2187 2186//2186
f 2191//2191 2186//2186 2192//2192
f 2192//2192 2186//2186 2185//2185
f 2192//2192 2185//2185 2193//2193
f 2193//2193 2185//2185 2184//2184
f 2193//2193 2184//2184 2194//2194
f 2194//2194 2184//2184 2183//2183
f 2194//2194 2183//2183 2195//2195
f 2195//2195 2183//2183 2117//2117
f 2195//2195 2117//2117 2125//2125
f 2125//2125 2117//2117 2119//2119
f 2125//2125 2119//2119 2124//2124
f 2124//2124 2119//2119 2179//2179
f 2124//2124 2179//2179 2122//2122
f 2122//2122 2179//2179 2114//2114
f 2122//2122 2114//2114 2120//2120
f 2120//2120 2114//2114 2115//2115
f 2120//2120 2115//2115 2196//2196
f 2196//2196 2115//2115 2116//2116
f 2145//2145 2197//2197 2146//2146
f 2146//2146 2197//2197 2198//2198
f 2146//2146 2198//2198 2199//2199
f 2199//2199 2198//2198 2200//2200
f 2199//2199 2200//2200 2201//2201
f 2201//2201 2200//2200 2202//2202
f 2201//2201 2202//2202 2203//2203
f 2203//2203 2202//2202 2204//2204
f 2203//2203 2204//2204 2205//2205
f 2206//2206 2075//2075 2207//2207
f 2207//2207 2075//2075 2077//2077
f 2207//2207 2077//2077 2208//2208
f 2208//2208 2077//2077 2079//2079
f 2208//2208 2079//2079 2209//2209
f 135//135 326//326 1876//1876
f 1876//1876 326//326 2210//2210
f 1876//1876 2210//2210 1877//1877
f 1877//1877 2210//2210 2211//2211
f 1877//1877 2211//2211 2212//2212
f 2212//2212 2211//2211 2213//2213
f 2212//2212 2213//2213 2214//2214
f 2214//2214 2213//2213 2215//2215
f 2214//2214 2215//2215 2216//2216
f 2216//2216 2215//2215 2217//2217
f 2216//2216 2217//2217 2218//2218
f 2218//2218 2217//2217 2219//2219
f 2218//2218 2219//2219 2220//2220
f 2220//2220 2219//2219 2221//2221
f 2220//2220 2221//2221 2222//2222
f 2222//2222 2221//2221 2223//2223
f 2222//2222 2223//2223 2224//2224
f 2224//2224 2223//2223 2225//2225
f 2224//2224 2225//2225 2226//2226
f 2226//2226 2225//2225 2227//2227
f 2226//2226 2227//2227 2228//2228
f 2228//2228 2227//2227 2229//2229
f 2228//2228 2229//2229 2230//2230
f 2230//2230 2229//2229 2231//2231
f 2230//2230 2231//2231 2232//2232
f 2232//2232 2231//2231 2233//2233
f 2232//2232 2233//2233 2234//2234
f 2234//2234 2233//2233 2235//2235
f 2234//2234 2235//2235 2236//2236
f 2236//2236 2235//2235 2237//2237
f 2236//2236 2237//2237 2238//2238
f 2238//2238 2237//2237 2239//2239
f 2238//2238 2239//2239 2240//2240
f 1879//1879 1877//1877 2023//2023
f 2023//2023 1877//1877 2212//2212
f 2023//2023 2212//2212 2025//2025
f 2025//2025 2212//2212 2214//2214
f 2025//2025 2214//2214 2027//2027
f 2027//2027 2214//2214 2216//2216
f 2027//2027 2216//2216 2029//2029
f 2029//2029 2216//2216 2218//2218
f 2029//2029 2218//2218 2031//2031
f 2031//2031 2218//2218 2220//2220
f 2031//2031 2220//2220 2033//2033
f 2033//2033 2220//2220 2222//2222
f 2033//2033 2222//2222 2035//2035
f 2035//2035 2222//2222 2224//2224
f 2035//2035 2224//2224 2037//2037
f 2037//2037 2224//2224 2226//2226
f 2037//2037 2226//2226 2039//2039
f 2039//2039 2226//2226 2228//2228
f 2039//2039 2228//2228 2041//2041
f 2041//2041 2228//2228 2230//2230
f 2041//2041 2230//2230 2043//2043
f 2043//2043 2230//2230 2232//2232
f 2043//2043 2232//2232 2044//2044
f 2044//2044 2232//2232 2234//2234
f 2044//2044 2234//2234 2241//2241
f 2241//2241 2234//2234 2236//2236
f 2241//2241 2236//2236 2242//2242
f 2242//2242 2236//2236 2238//2238
f 2242//2242 2238//2238 2243//2243
f 2243//2243 2238//2238 2240//2240
f 2243//2243 2240//2240 2244//2244
f 2244//2244 2245//2245 2246//2246
f 294//294 293//293 2247//2247
f 2247//2247 293//293 2246//2246
f 2247//2247 2246//2246 2248//2248
f 2248//2248 2246//2246 2245//2245
f 2248//2248 2245//2245 2249//2249
f 2244//2244 2246//2246 2243//2243
f 2243//2243 2246//2246 293//293
f 2243//2243 293//293 2242//2242
f 2242//2242 293//293 295//295
f 2242//2242 295//295 2241//2241
f 2241//2241 295//295 2250//2250
f 2241//2241 2250//2250 2044//2044
f 2044//2044 2250//2250 2251//2251
f 2044//2044 2251//2251 2042//2042
f 2042//2042 2251//2251 2252//2252
f 2042//2042 2252//2252 2040//2040
f 2040//2040 2252//2252 2253//2253
f 2040//2040 2253//2253 2038//2038
f 2038//2038 2253//2253 2254//2254
f 2038//2038 2254//2254 2036//2036
f 2036//2036 2254//2254 2255//2255
f 2036//2036 2255//2255 2034//2034
f 2034//2034 2255//2255 2256//2256
f 2034//2034 2256//2256 2032//2032
f 2032//2032 2256//2256 2257//2257
f 2032//2032 2257//2257 2030//2030
f 2030//2030 2257//2257 2258//2258
f 2030//2030 2258//2258 2028//2028
f 2028//2028 2258//2258 2259//2259
f 2028//2028 2259//2259 2026//2026
f 2026//2026 2259//2259 2260//2260
f 2026//2026 2260//2260 2024//2024
f 2024//2024 2260//2260 2261//2261
f 2024//2024 2261//2261 1879//1879
f 1879//1879 2261//2261 324//324
f 1879//1879 324//324 1878//1878
f 1878//1878 324//324 136//136
f 1878//1878 136//136 132//132
f 2239//2239 2206//2206 2240//2240
f 2240//2240 2206//2206 2207//2207
f 2240//2240 2207//2207 2244//2244
f 2244//2244 2207//2207 2208//2208
f 2244//2244 2208//2208 2245//2245
f 2245//2245 2208//2208 2209//2209
f 2245//2245 2209//2209 2249//2249
f 2262//2262 2263//2263 2264//2264
f 2264//2264 2263//2263 2265//2265
f 2264//2264 2265//2265 2266//2266
f 2266//2266 2265//2265 2267//2267
f 2266//2266 2267//2267 2268//2268
f 2268//2268 2267//2267 2269//2269
f 2268//2268 2269//2269 2270//2270
f 2073//2073 2262//2262 2271//2271
f 2271//2271 2262//2262 2264//2264
f 2271//2271 2264//2264 2272//2272
f 2272//2272 2264//2264 2266//2266
f 2272//2272 2266//2266 2273//2273
f 2273//2273 2266//2266 2268//2268
f 2273//2273 2268//2268 291//291
f 291//291 2268//2268 2270//2270
f 291//291 2270//2270 292//292
f 2249//2249 2274//2274 2248//2248
f 2248//2248 2274//2274 2275//2275
f 2248//2248 2275//2275 2247//2247
f 2247//2247 2275//2275 2276//2276
f 2247//2247 2276//2276 294//294
f 294//294 2276//2276 2277//2277
f 294//294 2277//2277 295//295
f 295//295 2277//2277 2278//2278
f 295//295 2278//2278 2250//2250
f 2250//2250 2278//2278 2279//2279
f 2250//2250 2279//2279 2251//2251
f 2251//2251 2279//2279 2280//2280
f 2251//2251 2280//2280 2252//2252
f 2252//2252 2280//2280 2281//2281
f 2252//2252 2281//2281 2253//2253
f 2253//2253 2281//2281 2282//2282
f 2253//2253 2282//2282 2254//2254
f 2254//2254 2282//2282 2283//2283
f 2254//2254 2283//2283 2255//2255
f 2255//2255 2283//2283 2284//2284
f 2255//2255 2284//2284 2256//2256
f 2256//2256 2284//2284 2285//2285
f 2256//2256 2285//2285 2257//2257
f 2257//2257 2285//2285 2286//2286
f 2257//2257 2286//2286 2258//2258
f 2258//2258 2286//2286 2287//2287
f 2258//2258 2287//2287 2259//2259
f 2259//2259 2287//2287 2288//2288
f 2259//2259 2288//2288 2260//2260
f 2260//2260 2288//2288 2289//2289
f 2260//2260 2289//2289 2261//2261
f 2261//2261 2289//2289 1899//1899
f 2261//2261 1899//1899 324//324
f 324//324 1899//1899 142//142
f 324//324 142//142 137//137
f 2274//2274 2290//2290 2275//2275
f 2275//2275 2290//2290 2291//2291
f 2275//2275 2291//2291 2276//2276
f 2276//2276 2291//2291 2292//2292
f 2276//2276 2292//2292 2277//2277
f 2277//2277 2292//2292 2293//2293
f 2277//2277 2293//2293 2278//2278
f 2278//2278 2293//2293 2294//2294
f 2278//2278 2294//2294 2279//2279
f 2279//2279 2294//2294 2295//2295
f 2279//2279 2295//2295 2280//2280
f 2280//2280 2295//2295 2296//2296
f 2280//2280 2296//2296 2281//2281
f 2281//2281 2296//2296 2297//2297
f 2281//2281 2297//2297 2282//2282
f 2282//2282 2297//2297 2298//2298
f 2282//2282 2298//2298 2283//2283
f 2283//2283 2298//2298 2299//2299
f 2283//2283 2299//2299 2284//2284
f 2284//2284 2299//2299 2300//2300
f 2284//2284 2300//2300 2285//2285
f 2285//2285 2300//2300 2301//2301
f 2285//2285 2301//2301 2286//2286
f 2286//2286 2301//2301 2302//2302
f 2286//2286 2302//2302 2287//2287
f 2287//2287 2302//2302 2303//2303
f 2287//2287 2303//2303 2288//2288
f 2288//2288 2303//2303 2304//2304
f 2288//2288 2304//2304 2289//2289
f 2289//2289 2304//2304 2305//2305
f 2289//2289 2305//2305 1899//1899
f 1899//1899 2305//2305 139//139
f 1899//1899 139//139 141//141
f 2290//2290 2306//2306 2291//2291
f 2291//2291 2306//2306 2307//2307
f 2291//2291 2307//2307 2292//2292
f 2292//2292 2307//2307 2308//2308
f 2292//2292 2308//2308 2293//2293
f 2293//2293 2308//2308 2309//2309
f 2293//2293 2309//2309 2294//2294
f 2294//2294 2309//2309 2310//2310
f 2294//2294 2310//2310 2295//2295
f 2295//2295 2310//2310 2311//2311
f 2295//2295 2311//2311 2296//2296
f 2296//2296 2311//2311 2312//2312
f 2296//2296 2312//2312 2297//2297
f 2297//2297 2312//2312 2313//2313
f 2297//2297 2313//2313 2298//2298
f 2298//2298 2313//2313 2314//2314
f 2298//2298 2314//2314 2299//2299
f 2299//2299 2314//2314 2315//2315
f 2299//2299 2315//2315 2300//2300
f 2300//2300 2315//2315 2316//2316
f 2300//2300 2316//2316 2301//2301
f 2301//2301 2316//2316 2317//2317
f 2301//2301 2317//2317 2302//2302
f 2302//2302 2317//2317 2318//2318
f 2302//2302 2318//2318 2303//2303
f 2303//2303 2318//2318 2319//2319
f 2303//2303 2319//2319 2304//2304
f 2304//2304 2319//2319 325//325
f 2304//2304 325//325 2305//2305
f 2305//2305 325//325 146//146
f 2305//2305 146//146 139//139
f 2306//2306 2320//2320 2307//2307
f 2307//2307 2320//2320 2321//2321
f 2307//2307 2321//2321 2308//2308
f 2308//2308 2321//2321 2322//2322
f 2308//2308 2322//2322 2309//2309
f 2309//2309 2322//2322 2323//2323
f 2309//2309 2323//2323 2310//2310
f 2310//2310 2323//2323 2324//2324
f 2310//2310 2324//2324 2311//2311
f 2311//2311 2324//2324 2325//2325
f 2311//2311 2325//2325 2312//2312
f 2312//2312 2325//2325 2326//2326
f 2312//2312 2326//2326 2313//2313
f 2313//2313 2326//2326 2327//2327
f 2313//2313 2327//2327 2314//2314
f 2314//2314 2327//2327 2328//2328
f 2314//2314 2328//2328 2315//2315
f 2315//2315 2328//2328 2329//2329
f 2315//2315 2329//2329 2316//2316
f 2316//2316 2329//2329 2330//2330
f 2316//2316 2330//2330 2317//2317
f 2317//2317 2330//2330 2331//2331
f 2317//2317 2331//2331 2318//2318
f 2318//2318 2331//2331 2332//2332
f 2318//2318 2332//2332 2319//2319
f 2319//2319 2332//2332 2333//2333
f 2319//2319 2333//2333 325//325
f 325//325 2333//2333 143//143
f 325//325 143//143 145//145
f 2334//2334 2335//2335 2320//2320
f 2320//2320 2335//2335 2336//2336
f 2320//2320 2336//2336 2321//2321
f 2321//2321 2336//2336 2337//2337
f 2321//2321 2337//2337 2322//2322
f 2322//2322 2337//2337 2338//2338
f 2322//2322 2338//2338 2323//2323
f 2323//2323 2338//2338 2339//2339
f 2323//2323 2339//2339 2324//2324
f 2324//2324 2339//2339 2340//2340
f 2324//2324 2340//2340 2325//2325
f 2325//2325 2340//2340 2341//2341
f 2325//2325 2341//2341 2326//2326
f 2326//2326 2341//2341 2342//2342
f 2326//2326 2342//2342 2327//2327
f 2327//2327 2342//2342 2343//2343
f 2327//2327 2343//2343 2328//2328
f 2328//2328 2343//2343 2344//2344
f 2328//2328 2344//2344 2329//2329
f 2329//2329 2344//2344 2345//2345
f 2329//2329 2345//2345 2330//2330
f 2330//2330 2345//2345 2346//2346
f 2330//2330 2346//2346 2331//2331
f 2331//2331 2346//2346 2347//2347
f 2331//2331 2347//2347 2332//2332
f 2332//2332 2347//2347 323//323
f 2332//2332 323//323 2333//2333
f 2333//2333 323//323 147//147
f 2333//2333 147//147 143//143
f 2348//2348 2349//2349 2350//2350
f 2350//2350 2349//2349 2351//2351
f 2350//2350 2351//2351 2352//2352
f 2352//2352 2351//2351 2353//2353
f 2352//2352 2353//2353 2354//2354
f 2354//2354 2353//2353 2355//2355
f 2354//2354 2355//2355 2356//2356
f 2356//2356 2355//2355 2357//2357
f 2356//2356 2357//2357 2358//2358
f 2358//2358 2357//2357 2359//2359
f 2358//2358 2359//2359 2360//2360
f 2360//2360 2359//2359 2361//2361
f 2360//2360 2361//2361 2362//2362
f 2362//2362 2361//2361 2363//2363
f 2362//2362 2363//2363 2364//2364
f 2364//2364 2363//2363 2045//2045
f 2364//2364 2045//2045 321//321
f 321//321 2045//2045 160//160
f 321//321 160//160 155//155
f 286//286 288//288 2348//2348
f 2348//2348 288//288 2349//2349
f 2349//2349 288//288 2365//2365
f 2349//2349 2365//2365 2351//2351
f 2351//2351 2365//2365 2366//2366
f 2351//2351 2366//2366 2353//2353
f 2353//2353 2366//2366 2367//2367
f 2353//2353 2367//2367 2355//2355
f 2355//2355 2367//2367 2368//2368
f 2355//2355 2368//2368 2357//2357
f 2357//2357 2368//2368 2369//2369
f 2357//2357 2369//2369 2359//2359
f 2359//2359 2369//2369 2370//2370
f 2359//2359 2370//2370 2361//2361
f 2361//2361 2370//2370 2371//2371
f 2361//2361 2371//2371 2363//2363
f 2363//2363 2371//2371 2372//2372
f 2363//2363 2372//2372 2045//2045
f 2045//2045 2372//2372 157//157
f 2045//2045 157//157 159//159
f 2373//2373 287//287 2374//2374
f 2374//2374 287//287 286//286
f 2374//2374 286//286 2375//2375
f 2375//2375 286//286 2348//2348
f 2375//2375 2348//2348 2376//2376
f 2376//2376 2348//2348 2350//2350
f 2376//2376 2350//2350 2377//2377
f 2377//2377 2350//2350 2352//2352
f 2377//2377 2352//2352 2378//2378
f 2378//2378 2352//2352 2354//2354
f 2378//2378 2354//2354 2379//2379
f 2379//2379 2354//2354 2356//2356
f 2379//2379 2356//2356 2380//2380
f 2380//2380 2356//2356 2358//2358
f 2380//2380 2358//2358 2381//2381
f 2381//2381 2358//2358 2360//2360
f 2381//2381 2360//2360 2382//2382
f 2382//2382 2360//2360 2362//2362
f 2382//2382 2362//2362 2383//2383
f 2383//2383 2362//2362 2364//2364
f 2383//2383 2364//2364 2022//2022
f 2022//2022 2364//2364 321//321
f 2022//2022 321//321 2021//2021
f 2021//2021 321//321 154//154
f 2021//2021 154//154 150//150
f 2384//2384 2385//2385 2386//2386
f 2386//2386 2385//2385 2387//2387
f 2386//2386 2387//2387 2388//2388
f 2389//2389 2390//2390 2391//2391
f 2391//2391 2390//2390 2392//2392
f 2391//2391 2392//2392 2393//2393
f 2393//2393 2392//2392 2394//2394
f 2390//2390 2395//2395 2392//2392
f 2392//2392 2395//2395 2396//2396
f 2392//2392 2396//2396 2394//2394
f 2394//2394 2396//2396 2384//2384
f 2397//2397 284//284 2398//2398
f 2398//2398 284//284 283//283
f 2398//2398 283//283 2373//2373
f 2373//2373 283//283 287//287
f 287//287 283//283 285//285
f 287//287 285//285 288//288
f 288//288 285//285 2399//2399
f 288//288 2399//2399 2365//2365
f 2365//2365 2399//2399 2400//2400
f 2365//2365 2400//2400 2366//2366
f 2366//2366 2400//2400 2401//2401
f 2366//2366 2401//2401 2367//2367
f 2367//2367 2401//2401 2402//2402
f 2367//2367 2402//2402 2368//2368
f 2368//2368 2402//2402 2403//2403
f 2368//2368 2403//2403 2369//2369
f 2369//2369 2403//2403 2404//2404
f 2369//2369 2404//2404 2370//2370
f 2370//2370 2404//2404 2405//2405
f 2370//2370 2405//2405 2371//2371
f 2371//2371 2405//2405 322//322
f 2371//2371 322//322 2372//2372
f 2372//2372 322//322 161//161
f 2372//2372 161//161 157//157
f 2406//2406 281//281 2407//2407
f 2407//2407 281//281 280//280
f 2407//2407 280//280 2397//2397
f 2408//2408 176//176 177//177
f 2409//2409 2410//2410 2411//2411
f 2411//2411 2410//2410 2412//2412
f 2411//2411 2412//2412 2413//2413
f 2413//2413 2412//2412 2414//2414
f 2413//2413 2414//2414 2415//2415
f 2415//2415 2414//2414 2416//2416
f 2415//2415 2416//2416 2417//2417
f 2417//2417 2416//2416 2418//2418
f 2417//2417 2418//2418 2419//2419
f 2419//2419 2418//2418 2420//2420
f 2419//2419 2420//2420 289//289
f 289//289 2420//2420 167//167
f 289//289 167//167 169//169
f 2421//2421 2422//2422 2423//2423
f 2423//2423 2422//2422 2424//2424
f 2423//2423 2424//2424 2425//2425
f 2425//2425 2424//2424 2426//2426
f 2425//2425 2426//2426 2427//2427
f 2427//2427 2426//2426 2408//2408
f 2427//2427 2408//2408 278//278
f 278//278 2408//2408 177//177
f 278//278 177//177 172//172
f 2428//2428 2429//2429 2430//2430
f 2430//2430 2429//2429 279//279
f 2430//2430 279//279 2431//2431
f 2431//2431 279//279 178//178
f 2431//2431 178//178 174//174
f 2422//2422 2428//2428 2424//2424
f 2424//2424 2428//2428 2430//2430
f 2424//2424 2430//2430 2426//2426
f 2426//2426 2430//2430 2431//2431
f 2426//2426 2431//2431 2408//2408
f 2408//2408 2431//2431 174//174
f 2408//2408 174//174 176//176
f 2432//2432 2409//2409 2433//2433
f 2433//2433 2409//2409 2411//2411
f 2433//2433 2411//2411 2434//2434
f 2434//2434 2411//2411 2413//2413
f 2434//2434 2413//2413 2435//2435
f 2435//2435 2413//2413 2415//2415
f 2435//2435 2415//2415 2436//2436
f 2436//2436 2415//2415 2417//2417
f 2436//2436 2417//2417 2437//2437
f 2437//2437 2417//2417 2419//2419
f 2437//2437 2419//2419 2438//2438
f 2438//2438 2419//2419 289//289
f 2438//2438 289//289 2439//2439
f 2439//2439 289//289 170//170
f 2439//2439 170//170 165//165
f 2410//2410 2421//2421 2412//2412
f 2412//2412 2421//2421 2423//2423
f 2412//2412 2423//2423 2414//2414
f 2414//2414 2423//2423 2425//2425
f 2414//2414 2425//2425 2416//2416
f 2416//2416 2425//2425 2427//2427
f 2416//2416 2427//2427 2418//2418
f 2418//2418 2427//2427 278//278
f 2418//2418 278//278 2420//2420
f 2420//2420 278//278 171//171
f 2420//2420 171//171 167//167
f 2384//2384 2386//2386 2394//2394
f 2394//2394 2386//2386 2388//2388
f 2394//2394 2388//2388 2393//2393
f 2393//2393 2388//2388 2440//2440
f 2393//2393 2440//2440 2391//2391
f 2391//2391 2440//2440 2441//2441
f 2391//2391 2441//2441 2389//2389
f 2442//2442 298//298 2443//2443
f 2443//2443 298//298 297//297
f 2443//2443 297//297 2444//2444
f 2444//2444 297//297 2080//2080
f 2444//2444 2080//2080 2445//2445
f 2445//2445 2080//2080 2081//2081
f 2445//2445 2081//2081 2446//2446
f 2446//2446 2081//2081 2082//2082
f 2446//2446 2082//2082 2447//2447
f 2448//2448 2442//2442 2449//2449
f 2449//2449 2442//2442 2443//2443
f 2449//2449 2443//2443 2450//2450
f 2450//2450 2443//2443 2444//2444
f 2450//2450 2444//2444 2451//2451
f 2451//2451 2444//2444 2445//2445
f 2451//2451 2445//2445 2452//2452
f 2452//2452 2445//2445 2446//2446
f 2452//2452 2446//2446 2453//2453
f 2453//2453 2446//2446 2447//2447
f 2453//2453 2447//2447 2454//2454
f 2454//2454 2447//2447 2455//2455
f 312//312 314//314 2456//2456
f 2456//2456 314//314 2152//2152
f 2456//2456 2152//2152 2457//2457
f 2457//2457 2152//2152 2150//2150
f 2457//2457 2150//2150 2458//2458
f 2458//2458 2150//2150 2148//2148
f 2458//2458 2148//2148 2459//2459
f 2459//2459 2148//2148 2147//2147
f 2459//2459 2147//2147 2460//2460
f 2460//2460 2147//2147 2461//2461
f 2460//2460 2461//2461 2462//2462
f 2463//2463 2448//2448 2464//2464
f 2464//2464 2448//2448 2449//2449
f 2464//2464 2449//2449 2462//2462
f 2462//2462 2449//2449 2450//2450
f 2462//2462 2450//2450 2460//2460
f 2460//2460 2450//2450 2451//2451
f 2460//2460 2451//2451 2459//2459
f 2459//2459 2451//2451 2452//2452
f 2459//2459 2452//2452 2458//2458
f 2458//2458 2452//2452 2453//2453
f 2458//2458 2453//2453 2457//2457
f 2457//2457 2453//2453 2454//2454
f 2457//2457 2454//2454 2456//2456
f 2456//2456 2454//2454 2455//2455
f 2456//2456 2455//2455 312//312
f 2072//2072 2465//2465 2466//2466
f 2466//2466 2465//2465 2467//2467
f 2466//2466 2467//2467 2468//2468
f 2468//2468 2467//2467 2469//2469
f 2468//2468 2469//2469 2470//2470
f 2470//2470 2469//2469 2471//2471
f 2470//2470 2471//2471 2472//2472
f 2472//2472 2471//2471 2473//2473
f 2472//2472 2473//2473 2474//2474
f 2474//2474 2473//2473 2475//2475
f 2474//2474 2475//2475 2476//2476
f 2476//2476 2475//2475 2477//2477
f 2476//2476 2477//2477 2478//2478
f 2478//2478 2477//2477 2479//2479
f 2480//2480 2479//2479 2481//2481
f 2481//2481 2479//2479 2477//2477
f 2481//2481 2477//2477 2482//2482
f 2482//2482 2477//2477 2475//2475
f 2465//2465 315//315 2467//2467
f 2467//2467 315//315 317//317
f 2467//2467 317//317 2469//2469
f 2469//2469 317//317 296//296
f 2469//2469 296//296 2471//2471
f 2471//2471 296//296 298//298
f 2471//2471 298//298 2473//2473
f 2473//2473 298//298 2442//2442
f 2473//2473 2442//2442 2475//2475
f 2475//2475 2442//2442 2448//2448
f 2475//2475 2448//2448 2482//2482
f 2482//2482 2448//2448 2463//2463
f 2482//2482 2463//2463 2481//2481
f 2481//2481 2463//2463 2483//2483
f 2481//2481 2483//2483 2480//2480
f 2484//2484 2485//2485 2486//2486
f 2486//2486 2485//2485 2487//2487
f 2486//2486 2487//2487 2488//2488
f 2489//2489 2490//2490 2491//2491
f 2491//2491 2490//2490 2492//2492
f 2491//2491 2492//2492 2493//2493
f 2493//2493 2492//2492 2494//2494
f 2493//2493 2494//2494 2495//2495
f 2495//2495 2494//2494 2496//2496
f 2496//2496 2497//2497 2495//2495
f 2495//2495 2497//2497 2498//2498
f 2495//2495 2498//2498 2493//2493
f 2493//2493 2498//2498 2499//2499
f 2493//2493 2499//2499 2491//2491
f 2164//2164 2500//2500 2163//2163
f 2163//2163 2500//2500 2501//2501
f 2163//2163 2501//2501 2162//2162
f 2162//2162 2501//2501 2502//2502
f 2162//2162 2502//2502 2160//2160
f 2160//2160 2502//2502 2503//2503
f 2160//2160 2503//2503 2158//2158
f 2158//2158 2503//2503 2504//2504
f 2158//2158 2504//2504 2505//2505
f 2505//2505 2504//2504 2506//2506
f 2505//2505 2506//2506 2507//2507
f 2508//2508 2509//2509 2510//2510
f 2510//2510 2509//2509 2511//2511
f 2510//2510 2511//2511 2512//2512
f 2512//2512 2511//2511 2513//2513
f 2512//2512 2513//2513 2514//2514
f 2514//2514 2513//2513 2515//2515
f 2514//2514 2515//2515 2516//2516
f 2516//2516 2515//2515 2517//2517
f 2516//2516 2517//2517 2518//2518
f 2518//2518 2517//2517 2519//2519
f 2518//2518 2519//2519 2520//2520
f 2100//2100 2102//2102 2521//2521
f 2521//2521 2102//2102 2161//2161
f 2521//2521 2161//2161 2522//2522
f 2522//2522 2161//2161 2159//2159
f 2522//2522 2159//2159 2489//2489
f 2489//2489 2159//2159 2158//2158
f 2489//2489 2158//2158 2490//2490
f 2490//2490 2158//2158 2505//2505
f 2490//2490 2505//2505 2492//2492
f 2492//2492 2505//2505 2507//2507
f 2492//2492 2507//2507 2494//2494
f 2461//2461 2488//2488 2462//2462
f 2462//2462 2488//2488 2487//2487
f 2462//2462 2487//2487 2464//2464
f 2464//2464 2487//2487 2485//2485
f 2464//2464 2485//2485 2463//2463
f 2463//2463 2485//2485 2484//2484
f 2463//2463 2484//2484 2483//2483
f 2483//2483 2484//2484 2523//2523
f 2483//2483 2523//2523 2480//2480
f 2480//2480 2523//2523 2524//2524
f 2525//2525 300//300 2526//2526
f 2526//2526 300//300 299//299
f 2526//2526 299//299 2527//2527
f 2528//2528 2525//2525 2529//2529
f 2529//2529 2525//2525 2526//2526
f 2529//2529 2526//2526 2530//2530
f 2530//2530 2526//2526 2527//2527
f 2530//2530 2527//2527 2531//2531
f 2167//2167 2532//2532 2182//2182
f 2182//2182 2532//2532 2533//2533
f 2182//2182 2533//2533 2534//2534
f 2534//2534 2533//2533 2535//2535
f 2534//2534 2535//2535 2536//2536
f 306//306 305//305 2537//2537
f 2537//2537 305//305 2538//2538
f 2537//2537 2538//2538 275//275
f 275//275 2538//2538 2539//2539
f 275//275 2539//2539 276//276
f 276//276 2539//2539 2540//2540
f 276//276 2540//2540 2541//2541
f 2542//2542 2543//2543 2544//2544
f 308//308 2180//2180 307//307
f 307//307 2180//2180 2181//2181
f 307//307 2181//2181 2545//2545
f 2545//2545 2181//2181 2182//2182
f 2545//2545 2182//2182 2546//2546
f 2546//2546 2182//2182 2534//2534
f 2546//2546 2534//2534 2547//2547
f 2547//2547 2534//2534 2536//2536
f 2547//2547 2536//2536 2548//2548
f 2549//2549 2528//2528 2550//2550
f 2550//2550 2528//2528 2529//2529
f 2550//2550 2529//2529 2551//2551
f 2551//2551 2529//2529 2530//2530
f 2551//2551 2530//2530 2552//2552
f 2552//2552 2530//2530 2531//2531
f 2552//2552 2531//2531 2553//2553
f 301//301 307//307 299//299
f 299//299 307//307 2545//2545
f 299//299 2545//2545 2527//2527
f 2527//2527 2545//2545 2546//2546
f 2527//2527 2546//2546 2531//2531
f 2531//2531 2546//2546 2547//2547
f 2531//2531 2547//2547 2553//2553
f 2553//2553 2547//2547 2548//2548
f 2553//2553 2548//2548 2554//2554
f 2555//2555 2556//2556 2557//2557
f 2557//2557 2556//2556 2558//2558
f 2557//2557 2558//2558 2559//2559
f 2560//2560 2561//2561 2562//2562
f 2562//2562 2561//2561 2563//2563
f 2562//2562 2563//2563 2564//2564
f 2564//2564 2563//2563 2565//2565
f 2564//2564 2565//2565 2542//2542
f 2560//2560 2566//2566 2567//2567
f 2560//2560 2567//2567 2561//2561
f 2561//2561 2567//2567 2568//2568
f 2561//2561 2568//2568 2563//2563
f 2563//2563 2568//2568 2569//2569
f 2563//2563 2569//2569 2565//2565
f 2543//2543 2542//2542 2570//2570
f 2570//2570 2542//2542 2565//2565
f 2570//2570 2565//2565 2559//2559
f 2559//2559 2565//2565 2569//2569
f 2559//2559 2569//2569 2557//2557
f 2557//2557 2569//2569 2568//2568
f 2557//2557 2568//2568 2555//2555
f 2555//2555 2568//2568 2567//2567
f 2555//2555 2567//2567 2571//2571
f 2571//2571 2567//2567 2566//2566
f 2571//2571 2566//2566 2572//2572
f 2573//2573 2574//2574 2575//2575
f 2575//2575 2574//2574 2576//2576
f 2575//2575 2576//2576 2577//2577
f 277//277 2578//2578 2579//2579
f 2579//2579 2578//2578 2576//2576
f 2579//2579 2576//2576 2580//2580
f 2580//2580 2576//2576 2574//2574
f 2580//2580 2574//2574 272//272
f 272//272 2574//2574 2573//2573
f 272//272 2573//2573 273//273
f 2532//2532 2581//2581 2533//2533
f 2533//2533 2581//2581 2544//2544
f 2533//2533 2544//2544 2535//2535
f 2535//2535 2544//2544 2543//2543
f 2535//2535 2543//2543 2536//2536
f 2536//2536 2543//2543 2570//2570
f 2536//2536 2570//2570 2548//2548
f 2548//2548 2570//2570 2559//2559
f 2548//2548 2559//2559 2554//2554
f 2554//2554 2559//2559 2558//2558
f 2554//2554 2558//2558 2582//2582
f 2582//2582 2558//2558 2556//2556
f 303//303 302//302 305//305
f 305//305 302//302 2168//2168
f 305//305 2168//2168 2538//2538
f 2538//2538 2168//2168 2171//2171
f 2538//2538 2171//2171 2539//2539
f 2539//2539 2171//2171 2188//2188
f 2539//2539 2188//2188 2540//2540
f 2540//2540 2188//2188 2189//2189
f 2540//2540 2189//2189 2541//2541
f 2541//2541 2189//2189 2583//2583
f 2541//2541 2583//2583 2584//2584
f 277//277 276//276 2578//2578
f 2578//2578 276//276 2541//2541
f 2578//2578 2541//2541 2576//2576
f 2576//2576 2541//2541 2584//2584
f 2576//2576 2584//2584 2577//2577
f 2585//2585 2395//2395 2586//2586
f 2586//2586 2395//2395 2390//2390
f 2586//2586 2390//2390 2587//2587
f 2587//2587 2390//2390 2389//2389
f 2587//2587 2389//2389 2588//2588
f 2588//2588 2389//2389 2441//2441
f 2588//2588 2441//2441 292//292
f 292//292 2441//2441 2440//2440
f 292//292 2440//2440 290//290
f 290//290 2440//2440 2388//2388
f 2406//2406 2589//2589 2590//2590
f 2073//2073 2072//2072 2262//2262
f 2262//2262 2072//2072 2466//2466
f 2262//2262 2466//2466 2263//2263
f 2263//2263 2466//2466 2468//2468
f 2263//2263 2468//2468 2265//2265
f 2265//2265 2468//2468 2470//2470
f 2265//2265 2470//2470 2267//2267
f 2267//2267 2470//2470 2472//2472
f 2267//2267 2472//2472 2269//2269
f 2269//2269 2472//2472 2474//2474
f 2269//2269 2474//2474 2270//2270
f 2270//2270 2474//2474 2476//2476
f 2270//2270 2476//2476 292//292
f 292//292 2476//2476 2478//2478
f 292//292 2478//2478 2588//2588
f 2588//2588 2478//2478 2479//2479
f 2588//2588 2479//2479 2587//2587
f 2587//2587 2479//2479 2480//2480
f 2587//2587 2480//2480 2586//2586
f 2586//2586 2480//2480 2524//2524
f 2586//2586 2524//2524 2585//2585
f 2099//2099 2101//2101 2084//2084
f 2084//2084 2101//2101 2100//2100
f 2084//2084 2100//2100 2154//2154
f 2154//2154 2100//2100 2521//2521
f 2154//2154 2521//2521 2155//2155
f 2155//2155 2521//2521 2522//2522
f 2155//2155 2522//2522 2156//2156
f 2156//2156 2522//2522 2489//2489
f 2156//2156 2489//2489 2157//2157
f 2157//2157 2489//2489 2491//2491
f 2157//2157 2491//2491 2147//2147
f 2147//2147 2491//2491 2499//2499
f 2147//2147 2499//2499 2461//2461
f 2461//2461 2499//2499 2498//2498
f 2461//2461 2498//2498 2488//2488
f 2488//2488 2498//2498 2497//2497
f 2488//2488 2497//2497 2486//2486
f 2486//2486 2497//2497 2496//2496
f 2486//2486 2496//2496 2484//2484
f 2484//2484 2496//2496 2591//2591
f 2484//2484 2591//2591 2523//2523
f 2523//2523 2591//2591 2592//2592
f 2523//2523 2592//2592 2524//2524
f 2524//2524 2592//2592 2593//2593
f 2524//2524 2593//2593 2585//2585
f 2590//2590 2589//2589 2594//2594
f 2595//2595 2596//2596 2594//2594
f 2594//2594 2596//2596 2597//2597
f 2594//2594 2597//2597 2590//2590
f 2598//2598 2599//2599 2600//2600
f 2601//2601 2602//2602 2603//2603
f 2604//2604 2605//2605 2606//2606
f 2606//2606 2605//2605 2607//2607
f 2606//2606 2607//2607 2608//2608
f 2608//2608 2607//2607 2609//2609
f 2589//2589 2610//2610 2594//2594
f 2594//2594 2610//2610 2611//2611
f 2594//2594 2611//2611 2595//2595
f 2595//2595 2611//2611 2612//2612
f 2595//2595 2612//2612 2596//2596
f 2596//2596 2612//2612 2613//2613
f 2610//2610 2604//2604 2611//2611
f 2611//2611 2604//2604 2606//2606
f 2611//2611 2606//2606 2612//2612
f 2612//2612 2606//2606 2608//2608
f 2612//2612 2608//2608 2613//2613
f 2613//2613 2608//2608 2609//2609
f 2613//2613 2609//2609 2614//2614
f 2599//2599 2601//2601 2600//2600
f 2600//2600 2601//2601 2603//2603
f 2600//2600 2603//2603 2615//2615
f 2615//2615 2603//2603 2616//2616
f 2617//2617 2618//2618 2619//2619
f 2620//2620 2618//2618 2621//2621
f 2621//2621 2618//2618 2617//2617
f 2621//2621 2617//2617 2622//2622
f 2622//2622 2617//2617 2623//2623
f 2622//2622 2623//2623 2624//2624
f 2624//2624 2623//2623 2625//2625
f 2624//2624 2625//2625 2626//2626
f 2626//2626 2625//2625 2627//2627
f 2626//2626 2627//2627 2628//2628
f 2628//2628 2627//2627 2629//2629
f 2628//2628 2629//2629 2630//2630
f 2630//2630 2629//2629 2631//2631
f 2630//2630 2632//2632 2628//2628
f 2628//2628 2632//2632 2633//2633
f 2628//2628 2633//2633 2626//2626
f 2626//2626 2633//2633 2634//2634
f 2626//2626 2634//2634 2624//2624
f 2624//2624 2634//2634 2635//2635
f 2624//2624 2635//2635 2622//2622
f 2622//2622 2635//2635 2636//2636
f 2622//2622 2636//2636 2621//2621
f 2621//2621 2636//2636 2637//2637
f 2621//2621 2637//2637 2620//2620
f 2637//2637 2638//2638 2620//2620
f 2620//2620 2638//2638 190//190
f 2620//2620 190//190 191//191
f 2632//2632 2639//2639 2633//2633
f 2633//2633 2639//2639 2640//2640
f 2633//2633 2640//2640 2634//2634
f 2634//2634 2640//2640 2641//2641
f 2634//2634 2641//2641 2635//2635
f 2635//2635 2641//2641 2642//2642
f 2635//2635 2642//2642 2636//2636
f 2636//2636 2642//2642 2643//2643
f 2636//2636 2643//2643 2637//2637
f 2637//2637 2643//2643 2644//2644
f 2637//2637 2644//2644 2638//2638
f 2645//2645 2646//2646 2647//2647
f 2647//2647 2646//2646 2648//2648
f 2649//2649 2650//2650 2651//2651
f 2651//2651 2650//2650 2652//2652
f 2653//2653 2654//2654 2652//2652
f 2652//2652 2654//2654 2647//2647
f 2652//2652 2647//2647 2651//2651
f 2651//2651 2647//2647 2648//2648
f 2651//2651 2648//2648 2649//2649
f 2655//2655 2656//2656 2657//2657
f 2657//2657 2656//2656 2658//2658
f 2657//2657 2658//2658 2659//2659
f 2660//2660 2653//2653 2659//2659
f 2659//2659 2653//2653 2652//2652
f 2659//2659 2652//2652 2657//2657
f 2657//2657 2652//2652 2650//2650
f 2657//2657 2650//2650 2655//2655
f 2655//2655 2650//2650 2649//2649
f 2656//2656 2661//2661 2658//2658
f 2658//2658 2661//2661 2662//2662
f 2658//2658 2662//2662 2659//2659
f 2659//2659 2662//2662 2663//2663
f 2659//2659 2663//2663 2660//2660
f 2605//2605 2598//2598 2607//2607
f 2607//2607 2598//2598 2600//2600
f 2607//2607 2600//2600 2609//2609
f 2609//2609 2600//2600 2615//2615
f 2609//2609 2615//2615 2614//2614
f 2614//2614 2615//2615 2616//2616
f 2614//2614 2616//2616 2664//2664
f 2664//2664 2616//2616 2665//2665
f 2665//2665 2666//2666 2664//2664
f 2664//2664 2666//2666 2667//2667
f 2664//2664 2667//2667 2668//2668
f 2669//2669 2670//2670 2671//2671
f 270//270 269//269 2672//2672
f 2672//2672 269//269 2670//2670
f 2672//2672 2670//2670 2663//2663
f 2663//2663 2670//2670 2669//2669
f 2663//2663 2669//2669 2660//2660
f 2646//2646 2549//2549 2648//2648
f 2648//2648 2549//2549 2550//2550
f 2648//2648 2550//2550 2649//2649
f 2649//2649 2550//2550 2551//2551
f 2649//2649 2551//2551 2655//2655
f 2655//2655 2551//2551 2552//2552
f 2655//2655 2552//2552 2656//2656
f 2656//2656 2552//2552 2553//2553
f 2656//2656 2553//2553 2661//2661
f 2661//2661 2553//2553 2554//2554
f 2661//2661 2554//2554 2662//2662
f 2662//2662 2554//2554 2582//2582
f 2662//2662 2582//2582 2663//2663
f 2663//2663 2582//2582 2556//2556
f 2663//2663 2556//2556 2672//2672
f 2672//2672 2556//2556 2555//2555
f 2672//2672 2555//2555 270//270
f 270//270 2555//2555 2571//2571
f 270//270 2571//2571 271//271
f 271//271 2571//2571 2572//2572
f 268//268 267//267 2673//2673
f 2673//2673 267//267 2674//2674
f 2673//2673 2674//2674 2675//2675
f 2675//2675 2674//2674 2676//2676
f 2675//2675 2676//2676 2677//2677
f 2678//2678 2679//2679 2680//2680
f 2680//2680 2679//2679 2681//2681
f 2680//2680 2681//2681 2682//2682
f 2677//2677 2683//2683 2684//2684
f 2686//2686 2685//2685 2687//2687
f 2688//2688 2689//2689 2687//2687
f 2645//2645 2647//2647 2690//2690
f 2690//2690 2647//2647 2654//2654
f 2690//2690 2654//2654 2691//2691
f 2691//2691 2654//2654 2653//2653
f 2691//2691 2653//2653 2692//2692
f 2692//2692 2653//2653 2660//2660
f 2692//2692 2660//2660 2693//2693
f 2693//2693 2660//2660 2669//2669
f 2693//2693 2669//2669 2694//2694
f 2694//2694 2669//2669 2671//2671
f 2694//2694 2671//2671 2695//2695
f 2695//2695 2671//2671 2696//2696
f 2695//2695 2696//2696 2697//2697
f 2697//2697 2696//2696 2688//2688
f 2697//2697 2688//2688 2685//2685
f 2685//2685 2688//2688 2687//2687
f 2666//2666 2678//2678 2667//2667
f 2667//2667 2678//2678 2680//2680
f 2667//2667 2680//2680 2668//2668
f 2668//2668 2680//2680 2682//2682
f 2668//2668 2682//2682 2698//2698
f 2698//2698 2682//2682 2699//2699
f 2698//2698 2699//2699 2700//2700
f 2683//2683 2677//2677 2701//2701
f 2701//2701 2677//2677 2676//2676
f 2701//2701 2676//2676 2702//2702
f 2702//2702 2676//2676 2674//2674
f 2702//2702 2674//2674 2703//2703
f 2703//2703 2674//2674 267//267
f 2703//2703 267//267 266//266
f 2703//2703 266//266 2704//2704
f 2639//2639 2705//2705 2640//2640
f 2640//2640 2705//2705 2706//2706
f 2640//2640 2706//2706 2641//2641
f 2641//2641 2706//2706 2707//2707
f 2641//2641 2707//2707 2642//2642
f 2642//2642 2707//2707 2708//2708
f 2642//2642 2708//2708 2643//2643
f 2643//2643 2708//2708 2709//2709
f 2643//2643 2709//2709 2644//2644
f 2710//2710 2711//2711 265//265
f 2699//2699 263//263 2700//2700
f 2700//2700 263//263 262//262
f 2700//2700 262//262 2712//2712
f 2713//2713 2711//2711 2714//2714
f 2714//2714 2711//2711 2710//2710
f 2714//2714 2710//2710 261//261
f 2713//2713 67//67 197//197
f 2713//2713 197//197 2711//2711
f 2711//2711 197//197 196//196
f 2711//2711 196//196 265//265
f 265//265 196//196 195//195
f 265//265 195//195 193//193
f 264//264 263//263 2686//2686
f 2686//2686 263//263 2699//2699
f 2686//2686 2699//2699 2685//2685
f 2685//2685 2699//2699 2682//2682
f 2685//2685 2682//2682 2697//2697
f 2697//2697 2682//2682 2681//2681
f 2697//2697 2681//2681 2695//2695
f 2695//2695 2681//2681 2679//2679
f 2695//2695 2679//2679 2694//2694
f 2694//2694 2679//2679 2678//2678
f 2694//2694 2678//2678 2693//2693
f 2693//2693 2678//2678 2666//2666
f 2693//2693 2666//2666 2692//2692
f 2692//2692 2666//2666 2665//2665
f 2692//2692 2665//2665 2691//2691
f 2691//2691 2665//2665 2616//2616
f 2691//2691 2616//2616 2690//2690
f 2690//2690 2616//2616 2603//2603
f 2690//2690 2603//2603 2645//2645
f 2645//2645 2603//2603 2602//2602
f 2645//2645 2602//2602 2646//2646
f 264//264 259//259 262//262
f 262//262 259//259 261//261
f 262//262 261//261 2712//2712
f 2712//2712 261//261 2710//2710
f 2712//2712 2710//2710 2715//2715
f 2715//2715 2710//2710 265//265
f 2715//2715 265//265 2716//2716
f 2716//2716 265//265 192//192
f 2716//2716 192//192 188//188
f 2432//2432 2597//2597 2631//2631
f 2631//2631 2597//2597 2596//2596
f 2631//2631 2596//2596 2630//2630
f 2630//2630 2596//2596 2613//2613
f 2630//2630 2613//2613 2632//2632
f 2632//2632 2613//2613 2614//2614
f 2632//2632 2614//2614 2639//2639
f 2639//2639 2614//2614 2664//2664
f 2639//2639 2664//2664 2705//2705
f 2705//2705 2664//2664 2668//2668
f 2705//2705 2668//2668 2706//2706
f 2706//2706 2668//2668 2698//2698
f 2706//2706 2698//2698 2707//2707
f 2707//2707 2698//2698 2700//2700
f 2707//2707 2700//2700 2708//2708
f 2708//2708 2700//2700 2712//2712
f 2708//2708 2712//2712 2709//2709
f 2709//2709 2712//2712 2715//2715
f 2709//2709 2715//2715 2644//2644
f 2644//2644 2715//2715 2716//2716
f 2644//2644 2716//2716 2638//2638
f 2638//2638 2716//2716 188//188
f 2638//2638 188//188 190//190
f 309//309 311//311 2104//2104
f 2104//2104 311//311 2138//2138
f 2104//2104 2138//2138 2108//2108
f 2108//2108 2138//2138 2140//2140
f 2108//2108 2140//2140 2110//2110
f 2110//2110 2140//2140 304//304
f 2110//2110 304//304 2166//2166
f 2166//2166 304//304 303//303
f 2166//2166 303//303 2167//2167
f 2167//2167 303//303 306//306
f 2167//2167 306//306 2532//2532
f 2532//2532 306//306 2537//2537
f 2532//2532 2537//2537 2581//2581
f 2581//2581 2537//2537 275//275
f 2581//2581 275//275 2544//2544
f 2544//2544 275//275 277//277
f 2544//2544 277//277 2542//2542
f 2542//2542 277//277 2579//2579
f 2542//2542 2579//2579 2564//2564
f 2564//2564 2579//2579 2580//2580
f 2564//2564 2580//2580 2562//2562
f 2562//2562 2580//2580 272//272
f 2562//2562 272//272 2560//2560
f 2560//2560 272//272 274//274
f 2560//2560 274//274 2566//2566
f 2566//2566 274//274 2717//2717
f 2566//2566 2717//2717 2572//2572
f 2572//2572 2717//2717 2704//2704
f 2572//2572 2704//2704 271//271
f 271//271 2704//2704 266//266
f 271//271 266//266 269//269
f 269//269 266//266 268//268
f 269//269 268//268 2670//2670
f 2670//2670 268//268 2673//2673
f 2670//2670 2673//2673 2671//2671
f 2671//2671 2673//2673 2675//2675
f 2671//2671 2675//2675 2696//2696
f 2696//2696 2675//2675 2677//2677
f 2696//2696 2677//2677 2688//2688
f 2688//2688 2677//2677 2684//2684
f 2688//2688 2684//2684 2689//2689
f 191//191 186//186 2620//2620
f 2620//2620 186//186 185//185
f 2620//2620 185//185 2618//2618
f 2618//2618 185//185 181//181
f 2618//2618 181//181 2619//2619
f 2619//2619 181//181 183//183
f 2619//2619 183//183 184//184
f 2432//2432 2631//2631 2409//2409
f 2409//2409 2631//2631 2629//2629
f 2409//2409 2629//2629 2410//2410
f 2410//2410 2629//2629 2627//2627
f 2410//2410 2627//2627 2421//2421
f 2421//2421 2627//2627 2625//2625
f 2421//2421 2625//2625 2422//2422
f 2422//2422 2625//2625 2623//2623
f 2422//2422 2623//2623 2428//2428
f 2428//2428 2623//2623 2617//2617
f 2428//2428 2617//2617 2429//2429
f 2429//2429 2617//2617 2619//2619
f 2429//2429 2619//2619 279//279
f 279//279 2619//2619 184//184
f 279//279 184//184 179//179
f 2718//2718 2126//2126 2196//2196
f 2196//2196 2126//2126 2128//2128
f 2196//2196 2128//2128 2120//2120
f 2120//2120 2128//2128 2130//2130
f 2120//2120 2130//2130 2121//2121
f 2121//2121 2130//2130 2132//2132
f 2121//2121 2132//2132 2123//2123
f 2123//2123 2132//2132 2134//2134
f 2123//2123 2134//2134 2125//2125
f 2125//2125 2134//2134 2144//2144
f 2125//2125 2144//2144 2195//2195
f 2195//2195 2144//2144 2146//2146
f 2195//2195 2146//2146 2194//2194
f 2194//2194 2146//2146 2199//2199
f 2194//2194 2199//2199 2193//2193
f 2193//2193 2199//2199 2201//2201
f 2193//2193 2201//2201 2192//2192
f 2192//2192 2201//2201 2203//2203
f 2192//2192 2203//2203 2191//2191
f 2191//2191 2203//2203 2205//2205
f 2191//2191 2205//2205 2190//2190
f 2190//2190 2205//2205 2719//2719
f 2190//2190 2719//2719 2189//2189
f 2189//2189 2719//2719 2720//2720
f 2189//2189 2720//2720 2583//2583
f 2406//2406 2590//2590 281//281
f 281//281 2590//2590 2597//2597
f 281//281 2597//2597 282//282
f 282//282 2597//2597 2432//2432
f 282//282 2432//2432 2721//2721
f 2721//2721 2432//2432 2433//2433
f 2721//2721 2433//2433 2722//2722
f 2722//2722 2433//2433 2434//2434
f 2722//2722 2434//2434 2723//2723
f 2723//2723 2434//2434 2435//2435
f 2723//2723 2435//2435 2724//2724
f 2724//2724 2435//2435 2436//2436
f 2724//2724 2436//2436 2725//2725
f 2725//2725 2436//2436 2437//2437
f 2725//2725 2437//2437 2726//2726
f 2726//2726 2437//2437 2438//2438
f 2726//2726 2438//2438 2727//2727
f 2727//2727 2438//2438 2439//2439
f 2727//2727 2439//2439 2728//2728
f 2728//2728 2439//2439 165//165
f 2728//2728 165//165 164//164
f 2397//2397 280//280 284//284
f 284//284 280//280 282//282
f 284//284 282//282 285//285
f 285//285 282//282 2721//2721
f 285//285 2721//2721 2399//2399
f 2399//2399 2721//2721 2722//2722
f 2399//2399 2722//2722 2400//2400
f 2400//2400 2722//2722 2723//2723
f 2400//2400 2723//2723 2401//2401
f 2401//2401 2723//2723 2724//2724
f 2401//2401 2724//2724 2402//2402
f 2402//2402 2724//2724 2725//2725
f 2402//2402 2725//2725 2403//2403
f 2403//2403 2725//2725 2726//2726
f 2403//2403 2726//2726 2404//2404
f 2404//2404 2726//2726 2727//2727
f 2404//2404 2727//2727 2405//2405
f 2405//2405 2727//2727 2728//2728
f 2405//2405 2728//2728 322//322
f 322//322 2728//2728 164//164
f 322//322 164//164 162//162
f 2602//2602 2520//2520 2646//2646
f 2646//2646 2520//2520 2519//2519
f 2646//2646 2519//2519 2549//2549
f 2549//2549 2519//2519 2517//2517
f 2549//2549 2517//2517 2528//2528
f 2528//2528 2517//2517 2515//2515
f 2528//2528 2515//2515 2525//2525
f 2525//2525 2515//2515 2513//2513
f 2525//2525 2513//2513 300//300
f 300//300 2513//2513 2511//2511
f 300//300 2511//2511 301//301
f 301//301 2511//2511 2509//2509
f 301//301 2509//2509 308//308
f 308//308 2509//2509 2508//2508
f 308//308 2508//2508 2111//2111
f 2111//2111 2508//2508 2729//2729
f 2111//2111 2729//2729 2109//2109
f 2109//2109 2729//2729 2730//2730
f 2109//2109 2730//2730 2107//2107
f 2107//2107 2730//2730 2731//2731
f 2107//2107 2731//2731 2103//2103
f 2103//2103 2731//2731 2732//2732
f 2103//2103 2732//2732 309//309
f 309//309 2732//2732 1735//1735
f 309//309 1735//1735 310//310
f 310//310 1735//1735 1733//1733
f 310//310 1733//1733 332//332
f 332//332 1733//1733 1731//1731
f 332//332 1731//1731 330//330
f 330//330 1731//1731 1724//1724
f 330//330 1724//1724 2116//2116
f 2116//2116 1724//1724 1726//1726
f 2116//2116 1726//1726 2196//2196
f 2196//2196 1726//1726 1727//1727
f 2196//2196 1727//1727 2718//2718
f 2733//2733 2734//2734 2735//2735
f 2733//2733 2735//2735 2736//2736
f 2736//2736 2735//2735 2737//2737
f 2736//2736 2737//2737 2738//2738
f 2739//2739 2740//2740 2741//2741
f 2741//2741 2742//2742 2739//2739
f 2739//2739 2742//2742 2743//2743
f 2739//2739 2743//2743 2744//2744
f 2744//2744 2743//2743 2745//2745
f 2744//2744 2745//2745 2746//2746
f 2737//2737 2747//2747 2738//2738
f 2738//2738 2747//2747 2748//2748
f 2738//2738 2748//2748 2749//2749
f 2749//2749 2748//2748 2750//2750
f 2749//2749 2750//2750 2740//2740
f 2740//2740 2750//2750 2751//2751
f 2740//2740 2751//2751 2741//2741
f 2752//2752 2753//2753 2736//2736
f 2736//2736 2753//2753 2754//2754
f 2736//2736 2754//2754 2733//2733
f 2745//2745 2755//2755 2746//2746
f 2746//2746 2755//2755 2756//2756
f 2746//2746 2756//2756 2757//2757
f 2757//2757 2756//2756 2758//2758
f 2757//2757 2758//2758 2759//2759
f 2758//2758 2760//2760 2759//2759
f 2759//2759 2760//2760 2761//2761
f 2759//2759 2761//2761 2762//2762
f 2763//2763 2764//2764 2765//2765
f 2765//2765 2764//2764 2766//2766
f 2765//2765 2766//2766 2767//2767
f 2761//2761 2768//2768 2762//2762
f 2762//2762 2768//2768 2769//2769
f 2762//2762 2769//2769 2770//2770
f 2770//2770 2769//2769 2771//2771
f 2770//2770 2771//2771 2763//2763
f 2763//2763 2771//2771 2772//2772
f 2763//2763 2772//2772 2764//2764
f 2766//2766 2773//2773 2767//2767
f 2767//2767 2773//2773 2774//2774
f 2767//2767 2774//2774 2775//2775
f 2775//2775 2774//2774 2776//2776
f 2775//2775 2776//2776 2777//2777
f 255//255 254//254 2778//2778
f 2779//2779 2780//2780 2781//2781
f 256//256 258//258 2782//2782
f 2783//2783 2784//2784 2785//2785
f 2785//2785 2784//2784 2786//2786
f 2785//2785 2786//2786 2787//2787
f 2779//2779 2781//2781 2788//2788
f 2788//2788 2781//2781 2789//2789
f 2788//2788 2789//2789 2790//2790
f 2790//2790 2789//2789 2791//2791
f 2790//2790 2791//2791 1541//1541
f 1541//1541 2791//2791 1549//1549
f 1541//1541 1549//1549 1542//1542
f 1542//1542 1549//1549 1548//1548
f 1542//1542 1548//1548 1540//1540
f 1540//1540 1548//1548 1547//1547
f 1540//1540 1547//1547 1538//1538
f 1538//1538 2787//2787 1539//1539
f 1539//1539 2787//2787 2786//2786
f 1539//1539 2786//2786 1541//1541
f 1541//1541 2786//2786 2784//2784
f 1541//1541 2784//2784 2790//2790
f 2790//2790 2784//2784 2792//2792
f 2790//2790 2792//2792 2788//2788
f 2788//2788 2792//2792 2793//2793
f 2788//2788 2793//2793 2779//2779
f 258//258 2794//2794 2782//2782
f 2782//2782 2794//2794 2795//2795
f 2782//2782 2795//2795 2796//2796
f 2796//2796 2795//2795 2797//2797
f 2796//2796 2797//2797 2798//2798
f 2798//2798 2797//2797 2799//2799
f 2800//2800 2801//2801 2802//2802
f 2802//2802 2801//2801 2803//2803
f 2802//2802 2803//2803 2804//2804
f 2804//2804 2803//2803 2805//2805
f 2804//2804 2805//2805 2806//2806
f 2806//2806 2805//2805 2807//2807
f 2806//2806 2807//2807 2808//2808
f 1785//1785 1775//1775 1786//1786
f 1786//1786 1775//1775 1774//1774
f 1786//1786 1774//1774 1788//1788
f 1788//1788 1774//1774 1773//1773
f 1788//1788 1773//1773 1790//1790
f 1790//1790 1773//1773 1772//1772
f 1790//1790 1772//1772 1792//1792
f 1792//1792 1772//1772 1771//1771
f 1792//1792 1771//1771 1794//1794
f 1794//1794 1771//1771 1770//1770
f 1794//1794 1770//1770 1796//1796
f 1796//1796 1770//1770 1769//1769
f 1796//1796 1769//1769 1798//1798
f 1798//1798 1769//1769 1751//1751
f 1798//1798 1751//1751 1800//1800
f 1800//1800 1751//1751 1738//1738
f 1800//1800 1738//1738 2809//2809
f 2809//2809 1738//1738 1737//1737
f 2809//2809 1737//1737 2810//2810
f 2810//2810 1737//1737 2811//2811
f 2810//2810 2811//2811 2812//2812
f 2812//2812 2811//2811 2813//2813
f 2812//2812 2813//2813 2814//2814
f 2814//2814 2813//2813 2799//2799
f 2814//2814 2799//2799 2800//2800
f 2800//2800 2799//2799 2797//2797
f 2800//2800 2797//2797 2801//2801
f 2801//2801 2797//2797 2795//2795
f 2801//2801 2795//2795 2803//2803
f 2803//2803 2795//2795 2794//2794
f 2803//2803 2794//2794 2805//2805
f 2805//2805 2794//2794 258//258
f 2805//2805 258//258 2807//2807
f 1473//1473 377//377 1472//1472
f 1472//1472 377//377 376//376
f 1472//1472 376//376 1471//1471
f 1471//1471 376//376 1388//1388
f 1471//1471 1388//1388 1470//1470
f 1470//1470 1388//1388 1384//1384
f 1470//1470 1384//1384 1469//1469
f 1469//1469 1384//1384 1383//1383
f 1469//1469 1383//1383 1343//1343
f 1343//1343 1383//1383 1381//1381
f 1343//1343 1381//1381 1344//1344
f 1344//1344 1381//1381 1380//1380
f 1344//1344 1380//1380 1389//1389
f 1389//1389 1380//1380 1385//1385
f 1389//1389 1385//1385 1390//1390
f 1390//1390 1385//1385 1393//1393
f 1390//1390 1393//1393 1483//1483
f 1483//1483 1393//1393 1409//1409
f 1483//1483 1409//1409 1521//1521
f 1521//1521 1409//1409 1408//1408
f 1521//1521 1408//1408 1519//1519
f 1519//1519 1408//1408 378//378
f 1519//1519 378//378 1517//1517
f 1517//1517 378//378 377//377
f 1517//1517 377//377 1515//1515
f 1515//1515 377//377 1473//1473
f 1515//1515 1473//1473 1513//1513
f 1513//1513 1473//1473 1474//1474
f 1513//1513 1474//1474 1511//1511
f 1511//1511 1474//1474 1475//1475
f 1511//1511 1475//1475 1509//1509
f 1509//1509 1475//1475 1476//1476
f 1509//1509 1476//1476 1507//1507
f 1507//1507 1476//1476 1477//1477
f 1507//1507 1477//1477 1505//1505
f 1505//1505 1477//1477 1478//1478
f 1505//1505 1478//1478 1503//1503
f 1503//1503 1478//1478 1479//1479
f 1503//1503 1479//1479 1443//1443
f 1443//1443 1479//1479 1480//1480
f 1443//1443 1480//1480 1441//1441
f 1441//1441 1480//1480 1481//1481
f 1441//1441 1481//1481 1439//1439
f 1439//1439 1481//1481 1482//1482
f 1439//1439 1482//1482 1737//1737
f 1737//1737 1482//1482 1419//1419
f 1737//1737 1419//1419 2811//2811
f 2811//2811 1419//1419 1551//1551
f 2811//2811 1551//1551 2813//2813
f 2813//2813 1551//1551 1550//1550
f 2813//2813 1550//1550 2799//2799
f 2799//2799 1550//1550 1549//1549
f 2799//2799 1549//1549 2798//2798
f 2798//2798 1549//1549 2791//2791
f 2798//2798 2791//2791 2796//2796
f 2796//2796 2791//2791 2789//2789
f 2796//2796 2789//2789 2782//2782
f 2782//2782 2789//2789 2781//2781
f 2782//2782 2781//2781 256//256
f 256//256 2781//2781 2780//2780
f 256//256 2780//2780 257//257
f 2815//2815 2816//2816 2817//2817
f 2817//2817 2816//2816 2818//2818
f 2817//2817 2818//2818 2819//2819
f 2819//2819 2818//2818 2820//2820
f 2819//2819 2820//2820 2821//2821
f 2821//2821 2820//2820 2822//2822
f 2821//2821 2822//2822 2823//2823
f 2824//2824 2815//2815 2825//2825
f 2825//2825 2815//2815 2817//2817
f 2825//2825 2817//2817 2826//2826
f 2826//2826 2817//2817 2819//2819
f 2826//2826 2819//2819 2827//2827
f 2827//2827 2819//2819 2821//2821
f 2827//2827 2821//2821 2828//2828
f 2828//2828 2821//2821 2823//2823
f 2828//2828 2823//2823 2829//2829
f 2829//2829 2823//2823 2830//2830
f 2829//2829 2830//2830 2831//2831
f 2831//2831 2830//2830 2832//2832
f 2831//2831 2832//2832 2833//2833
f 2833//2833 2832//2832 2834//2834
f 2816//2816 2835//2835 2818//2818
f 2818//2818 2835//2835 2836//2836
f 2818//2818 2836//2836 2820//2820
f 2820//2820 2836//2836 2837//2837
f 2820//2820 2837//2837 2822//2822
f 2822//2822 2837//2837 2838//2838
f 2822//2822 2838//2838 2823//2823
f 2823//2823 2838//2838 1746//1746
f 2823//2823 1746//1746 2830//2830
f 2830//2830 1746//1746 359//359
f 2830//2830 359//359 2832//2832
f 2832//2832 359//359 358//358
f 2832//2832 358//358 2834//2834
f 2834//2834 358//358 1562//1562
f 105//105 1379//1379 375//375
f 375//375 1379//1379 1801//1801
f 375//375 1801//1801 1850//1850
f 1850//1850 1801//1801 1802//1802
f 1850//1850 1802//1802 1848//1848
f 1848//1848 1802//1802 1803//1803
f 1848//1848 1803//1803 1846//1846
f 1846//1846 1803//1803 1804//1804
f 1846//1846 1804//1804 1844//1844
f 1844//1844 1804//1804 1805//1805
f 1844//1844 1805//1805 1842//1842
f 1842//1842 1805//1805 1806//1806
f 1842//1842 1806//1806 1840//1840
f 1840//1840 1806//1806 1807//1807
f 1840//1840 1807//1807 1838//1838
f 1838//1838 1807//1807 1808//1808
f 1838//1838 1808//1808 1836//1836
f 1836//1836 1808//1808 1809//1809
f 1836//1836 1809//1809 1834//1834
f 1834//1834 1809//1809 1810//1810
f 1834//1834 1810//1810 1832//1832
f 1832//1832 1810//1810 1811//1811
f 1832//1832 1811//1811 1830//1830
f 1830//1830 1811//1811 1785//1785
f 1830//1830 1785//1785 1828//1828
f 1828//1828 1785//1785 1787//1787
f 1828//1828 1787//1787 1826//1826
f 1826//1826 1787//1787 1789//1789
f 1826//1826 1789//1789 1824//1824
f 1824//1824 1789//1789 1791//1791
f 1824//1824 1791//1791 1822//1822
f 1822//1822 1791//1791 1793//1793
f 1822//1822 1793//1793 1820//1820
f 1820//1820 1793//1793 1795//1795
f 1820//1820 1795//1795 1818//1818
f 1818//1818 1795//1795 1797//1797
f 1818//1818 1797//1797 1816//1816
f 1816//1816 1797//1797 1799//1799
f 1816//1816 1799//1799 1814//1814
f 1814//1814 1799//1799 1800//1800
f 1814//1814 1800//1800 1812//1812
f 1812//1812 1800//1800 2809//2809
f 1812//1812 2809//2809 1854//1854
f 1854//1854 2809//2809 2810//2810
f 1854//1854 2810//2810 1853//1853
f 1853//1853 2810//2810 2812//2812
f 1853//1853 2812//2812 1852//1852
f 1852//1852 2812//2812 2814//2814
f 1852//1852 2814//2814 1851//1851
f 1851//1851 2814//2814 2800//2800
f 1851//1851 2800//2800 1559//1559
f 1559//1559 2800//2800 2802//2802
f 1559//1559 2802//2802 1560//1560
f 1560//1560 2802//2802 2804//2804
f 1560//1560 2804//2804 1562//1562
f 1562//1562 2804//2804 2806//2806
f 1562//1562 2806//2806 2834//2834
f 2834//2834 2806//2806 2808//2808
f 2834//2834 2808//2808 2833//2833
f 255//255 2839//2839 253//253
f 253//253 2839//2839 2840//2840
f 253//253 2840//2840 2841//2841
f 2841//2841 2840//2840 2842//2842
f 2841//2841 2842//2842 2843//2843
f 2842//2842 2844//2844 2843//2843
f 2843//2843 2844//2844 2845//2845
f 2843//2843 2845//2845 2846//2846
f 2845//2845 2847//2847 2846//2846
f 2846//2846 2847//2847 2848//2848
f 2846//2846 2848//2848 2849//2849
f 2849//2849 2848//2848 2850//2850
f 2849//2849 2850//2850 2851//2851
f 2850//2850 2852//2852 2851//2851
f 2851//2851 2852//2852 2853//2853
f 2851//2851 2853//2853 2854//2854
f 2854//2854 2853//2853 2855//2855
f 2854//2854 2855//2855 2856//2856
f 2855//2855 2857//2857 2856//2856
f 2856//2856 2857//2857 2858//2858
f 2856//2856 2858//2858 2859//2859
f 2858//2858 2860//2860 2859//2859
f 2859//2859 2860//2860 2861//2861
f 2859//2859 2861//2861 2862//2862
f 2862//2862 2861//2861 2863//2863
f 2862//2862 2863//2863 2864//2864
f 2863//2863 2865//2865 2864//2864
f 2864//2864 2865//2865 2866//2866
f 2864//2864 2866//2866 2867//2867
f 2868//2868 2869//2869 2870//2870
f 2866//2866 2871//2871 2867//2867
f 2867//2867 2871//2871 2872//2872
f 2867//2867 2872//2872 2873//2873
f 2873//2873 2872//2872 2874//2874
f 2873//2873 2874//2874 2869//2869
f 2869//2869 2874//2874 2875//2875
f 2869//2869 2875//2875 2870//2870
f 2876//2876 2877//2877 2878//2878
f 2878//2878 2877//2877 2868//2868
f 2878//2878 2868//2868 2879//2879
f 2879//2879 2868//2868 2870//2870
f 248//248 250//250 249//249
f 249//249 250//250 252//252
f 249//249 252//252 2880//2880
f 2880//2880 252//252 2881//2881
f 2880//2880 2881//2881 2882//2882
f 2882//2882 2881//2881 2883//2883
f 2882//2882 2883//2883 2884//2884
f 2884//2884 2883//2883 2885//2885
f 2884//2884 2885//2885 2886//2886
f 2886//2886 2885//2885 2887//2887
f 2886//2886 2887//2887 2888//2888
f 2888//2888 2887//2887 2889//2889
f 2888//2888 2889//2889 2890//2890
f 2890//2890 2889//2889 2891//2891
f 2890//2890 2891//2891 2892//2892
f 2892//2892 2891//2891 2893//2893
f 2892//2892 2893//2893 2894//2894
f 2894//2894 2893//2893 2895//2895
f 2894//2894 2895//2895 2896//2896
f 2896//2896 2895//2895 2897//2897
f 2896//2896 2897//2897 2898//2898
f 2898//2898 2897//2897 2899//2899
f 2898//2898 2899//2899 2900//2900
f 2900//2900 2899//2899 2901//2901
f 2900//2900 2901//2901 2902//2902
f 2902//2902 2901//2901 2903//2903
f 2902//2902 2903//2903 2904//2904
f 2904//2904 2903//2903 2905//2905
f 2904//2904 2905//2905 2906//2906
f 2906//2906 2905//2905 2907//2907
f 2906//2906 2907//2907 2777//2777
f 2777//2777 2907//2907 2908//2908
f 2777//2777 2908//2908 2775//2775
f 2775//2775 2908//2908 2824//2824
f 2775//2775 2824//2824 2767//2767
f 2767//2767 2824//2824 2825//2825
f 2767//2767 2825//2825 2765//2765
f 2765//2765 2825//2825 2826//2826
f 2765//2765 2826//2826 2763//2763
f 2763//2763 2826//2826 2827//2827
f 2763//2763 2827//2827 2770//2770
f 2770//2770 2827//2827 2828//2828
f 2770//2770 2828//2828 2762//2762
f 2762//2762 2828//2828 2829//2829
f 2762//2762 2829//2829 2759//2759
f 2759//2759 2829//2829 2831//2831
f 2759//2759 2831//2831 2757//2757
f 2757//2757 2831//2831 2833//2833
f 2757//2757 2833//2833 2746//2746
f 2746//2746 2833//2833 2808//2808
f 2746//2746 2808//2808 2744//2744
f 2744//2744 2808//2808 2807//2807
f 2744//2744 2807//2807 2739//2739
f 2739//2739 2807//2807 258//258
f 2739//2739 258//258 2740//2740
f 2740//2740 258//258 257//257
f 2740//2740 257//257 2749//2749
f 2749//2749 257//257 2780//2780
f 2749//2749 2780//2780 2738//2738
f 2738//2738 2780//2780 2779//2779
f 2738//2738 2779//2779 2736//2736
f 2736//2736 2779//2779 2793//2793
f 2736//2736 2793//2793 2752//2752
f 2752//2752 2793//2793 2792//2792
f 2752//2752 2792//2792 2909//2909
f 2909//2909 2792//2792 2784//2784
f 2909//2909 2784//2784 2910//2910
f 2910//2910 2784//2784 2783//2783
f 2877//2877 247//247 2868//2868
f 2868//2868 247//247 249//249
f 2868//2868 249//249 2869//2869
f 2869//2869 249//249 2880//2880
f 2869//2869 2880//2880 2873//2873
f 2873//2873 2880//2880 2882//2882
f 2873//2873 2882//2882 2867//2867
f 2867//2867 2882//2882 2884//2884
f 2867//2867 2884//2884 2864//2864
f 2864//2864 2884//2884 2886//2886
f 2864//2864 2886//2886 2862//2862
f 2862//2862 2886//2886 2888//2888
f 2862//2862 2888//2888 2859//2859
f 2859//2859 2888//2888 2890//2890
f 2859//2859 2890//2890 2856//2856
f 2856//2856 2890//2890 2892//2892
f 2856//2856 2892//2892 2854//2854
f 2854//2854 2892//2892 2894//2894
f 2854//2854 2894//2894 2851//2851
f 2851//2851 2894//2894 2896//2896
f 2851//2851 2896//2896 2849//2849
f 2849//2849 2896//2896 2898//2898
f 2849//2849 2898//2898 2846//2846
f 2846//2846 2898//2898 2900//2900
f 2846//2846 2900//2900 2843//2843
f 2843//2843 2900//2900 2902//2902
f 2843//2843 2902//2902 2841//2841
f 2841//2841 2902//2902 2904//2904
f 2841//2841 2904//2904 253//253
f 253//253 2904//2904 2906//2906
f 253//253 2906//2906 254//254
f 254//254 2906//2906 2777//2777
f 254//254 2777//2777 2778//2778
f 2778//2778 2777//2777 2776//2776
f 2911//2911 2912//2912 2913//2913
f 2913//2913 2912//2912 2914//2914
f 2913//2913 2914//2914 2915//2915
f 2915//2915 2914//2914 2916//2916
f 2915//2915 2916//2916 2917//2917
f 2917//2917 2916//2916 2918//2918
f 2917//2917 2918//2918 2919//2919
f 2919//2919 2918//2918 2920//2920
f 2919//2919 2920//2920 2921//2921
f 2921//2921 2920//2920 2922//2922
f 2921//2921 2922//2922 2923//2923
f 2923//2923 2922//2922 2924//2924
f 2923//2923 2924//2924 2925//2925
f 2925//2925 2924//2924 2926//2926
f 2925//2925 2926//2926 2927//2927
f 2927//2927 2926//2926 2928//2928
f 2927//2927 2928//2928 2929//2929
f 2929//2929 2928//2928 2930//2930
f 2929//2929 2930//2930 2931//2931
f 2931//2931 2930//2930 2932//2932
f 2912//2912 2933//2933 2914//2914
f 2914//2914 2933//2933 2934//2934
f 2914//2914 2934//2934 2916//2916
f 2916//2916 2934//2934 2935//2935
f 2916//2916 2935//2935 2918//2918
f 2918//2918 2935//2935 2936//2936
f 2918//2918 2936//2936 2920//2920
f 2920//2920 2936//2936 2937//2937
f 2920//2920 2937//2937 2922//2922
f 2922//2922 2937//2937 2938//2938
f 2922//2922 2938//2938 2924//2924
f 2924//2924 2938//2938 2939//2939
f 2924//2924 2939//2939 2926//2926
f 2926//2926 2939//2939 2940//2940
f 2926//2926 2940//2940 2928//2928
f 2928//2928 2940//2940 2941//2941
f 2928//2928 2941//2941 2930//2930
f 2930//2930 2941//2941 2942//2942
f 2930//2930 2942//2942 2932//2932
f 2932//2932 2942//2942 2943//2943
f 239//239 241//241 240//240
f 240//240 241//241 243//243
f 240//240 243//243 2944//2944
f 2944//2944 243//243 2945//2945
f 2944//2944 2945//2945 2946//2946
f 2946//2946 2945//2945 2947//2947
f 2946//2946 2947//2947 2948//2948
f 2948//2948 2947//2947 2949//2949
f 2948//2948 2949//2949 2950//2950
f 2950//2950 2949//2949 2951//2951
f 242//242 244//244 243//243
f 243//243 244//244 246//246
f 243//243 246//246 2945//2945
f 2945//2945 246//246 2952//2952
f 2945//2945 2952//2952 2947//2947
f 2947//2947 2952//2952 2953//2953
f 2947//2947 2953//2953 2949//2949
f 2949//2949 2953//2953 2954//2954
f 2949//2949 2954//2954 2951//2951
f 2951//2951 2954//2954 2955//2955
f 2933//2933 2956//2956 2934//2934
f 2934//2934 2956//2956 2957//2957
f 2934//2934 2957//2957 2935//2935
f 2935//2935 2957//2957 2958//2958
f 2935//2935 2958//2958 2936//2936
f 2936//2936 2958//2958 2959//2959
f 2936//2936 2959//2959 2937//2937
f 2937//2937 2959//2959 2960//2960
f 2937//2937 2960//2960 2938//2938
f 2938//2938 2960//2960 2961//2961
f 2938//2938 2961//2961 2939//2939
f 2939//2939 2961//2961 2962//2962
f 2939//2939 2962//2962 2940//2940
f 2940//2940 2962//2962 2963//2963
f 2940//2940 2963//2963 2941//2941
f 2941//2941 2963//2963 2964//2964
f 2941//2941 2964//2964 2942//2942
f 2942//2942 2964//2964 2965//2965
f 2942//2942 2965//2965 2943//2943
f 2943//2943 2965//2965 2966//2966
f 2967//2967 2956//2956 2968//2968
f 2968//2968 2956//2956 2933//2933
f 2968//2968 2933//2933 2955//2955
f 2955//2955 2933//2933 2912//2912
f 2955//2955 2912//2912 2951//2951
f 2951//2951 2912//2912 2911//2911
f 2951//2951 2911//2911 2950//2950
f 2969//2969 2970//2970 2971//2971
f 2972//2972 2973//2973 2974//2974
f 2974//2974 2973//2973 2969//2969
f 2974//2974 2969//2969 2975//2975
f 2976//2976 2977//2977 2978//2978
f 2978//2978 2977//2977 2972//2972
f 2978//2978 2972//2972 2979//2979
f 2979//2979 2972//2972 2974//2974
f 2979//2979 2974//2974 2980//2980
f 2969//2969 2971//2971 2975//2975
f 2975//2975 2971//2971 2981//2981
f 2975//2975 2981//2981 207//207
f 207//207 2982//2982 2975//2975
f 2975//2975 2982//2982 2983//2983
f 2975//2975 2983//2983 2974//2974
f 2974//2974 2983//2983 2984//2984
f 2974//2974 2984//2984 2980//2980
f 245//245 2970//2970 246//246
f 246//246 2970//2970 2969//2969
f 246//246 2969//2969 2952//2952
f 2952//2952 2969//2969 2973//2973
f 2952//2952 2973//2973 2953//2953
f 2953//2953 2973//2973 2972//2972
f 2953//2953 2972//2972 2954//2954
f 2954//2954 2972//2972 2977//2977
f 2954//2954 2977//2977 2955//2955
f 2955//2955 2977//2977 2976//2976
f 2955//2955 2976//2976 2968//2968
f 251//251 238//238 252//252
f 252//252 238//238 240//240
f 252//252 240//240 2881//2881
f 2881//2881 240//240 2944//2944
f 2881//2881 2944//2944 2883//2883
f 2883//2883 2944//2944 2946//2946
f 2883//2883 2946//2946 2885//2885
f 2885//2885 2946//2946 2948//2948
f 2885//2885 2948//2948 2887//2887
f 2887//2887 2948//2948 2950//2950
f 2887//2887 2950//2950 2889//2889
f 2889//2889 2950//2950 2911//2911
f 2889//2889 2911//2911 2891//2891
f 2891//2891 2911//2911 2913//2913
f 2891//2891 2913//2913 2893//2893
f 2893//2893 2913//2913 2915//2915
f 2893//2893 2915//2915 2895//2895
f 2895//2895 2915//2915 2917//2917
f 2895//2895 2917//2917 2897//2897
f 2897//2897 2917//2917 2919//2919
f 2897//2897 2919//2919 2899//2899
f 2899//2899 2919//2919 2921//2921
f 2899//2899 2921//2921 2901//2901
f 2901//2901 2921//2921 2923//2923
f 2901//2901 2923//2923 2903//2903
f 2903//2903 2923//2923 2925//2925
f 2903//2903 2925//2925 2905//2905
f 2905//2905 2925//2925 2927//2927
f 2905//2905 2927//2927 2907//2907
f 2907//2907 2927//2927 2929//2929
f 2907//2907 2929//2929 2908//2908
f 2908//2908 2929//2929 2931//2931
f 2908//2908 2931//2931 2824//2824
f 2824//2824 2931//2931 2932//2932
f 2824//2824 2932//2932 2815//2815
f 2815//2815 2932//2932 2943//2943
f 2815//2815 2943//2943 2816//2816
f 2816//2816 2943//2943 2966//2966
f 2816//2816 2966//2966 2835//2835
f 1691//1691 1723//1723 1711//1711
f 1711//1711 1723//1723 335//335
f 1711//1711 335//335 1697//1697
f 1697//1697 335//335 334//334
f 1697//1697 334//334 1696//1696
f 1696//1696 334//334 1712//1712
f 1696//1696 1712//1712 1695//1695
f 1695//1695 1712//1712 1714//1714
f 1695//1695 1714//1714 1694//1694
f 1694//1694 1714//1714 1716//1716
f 1694//1694 1716//1716 1693//1693
f 1693//1693 1716//1716 1673//1673
f 1693//1693 1673//1673 1692//1692
f 1692//1692 1673//1673 1672//1672
f 1692//1692 1672//1672 346//346
f 346//346 1672//1672 1670//1670
f 346//346 1670//1670 347//347
f 347//347 1670//1670 1668//1668
f 347//347 1668//1668 1650//1650
f 1650//1650 1668//1668 1666//1666
f 1650//1650 1666//1666 1654//1654
f 1654//1654 1666//1666 1664//1664
f 1654//1654 1664//1664 1657//1657
f 1657//1657 1664//1664 1662//1662
f 1657//1657 1662//1662 1656//1656
f 1656//1656 1662//1662 343//343
f 1656//1656 343//343 1655//1655
f 1655//1655 343//343 342//342
f 1655//1655 342//342 1579//1579
f 1579//1579 342//342 1573//1573
f 1579//1579 1573//1573 1578//1578
f 1578//1578 1573//1573 1570//1570
f 1578//1578 1570//1570 1563//1563
f 1563//1563 1570//1570 1568//1568
f 1563//1563 1568//1568 1564//1564
f 1564//1564 1568//1568 1745//1745
f 1564//1564 1745//1745 1565//1565
f 1565//1565 1745//1745 1746//1746
f 1565//1565 1746//1746 1543//1543
f 1543//1543 1746//1746 2838//2838
f 1543//1543 2838//2838 1544//1544
f 1544//1544 2838//2838 2837//2837
f 1544//1544 2837//2837 1574//1574
f 1574//1574 2837//2837 2836//2836
f 1574//1574 2836//2836 356//356
f 356//356 2836//2836 2835//2835
f 356//356 2835//2835 357//357
f 357//357 2835//2835 2966//2966
f 357//357 2966//2966 1645//1645
f 1645//1645 2966//2966 2965//2965
f 1645//1645 2965//2965 1646//1646
f 1646//1646 2965//2965 2964//2964
f 1646//1646 2964//2964 1674//1674
f 1674//1674 2964//2964 2963//2963
f 1674//1674 2963//2963 1675//1675
f 1675//1675 2963//2963 2962//2962
f 1675//1675 2962//2962 1677//1677
f 1677//1677 2962//2962 2961//2961
f 1677//1677 2961//2961 1679//1679
f 1679//1679 2961//2961 2960//2960
f 1679//1679 2960//2960 1681//1681
f 1681//1681 2960//2960 2959//2959
f 1681//1681 2959//2959 1683//1683
f 1683//1683 2959//2959 2958//2958
f 1683//1683 2958//2958 1603//1603
f 1603//1603 2958//2958 2957//2957
f 1603//1603 2957//2957 1609//1609
f 1609//1609 2957//2957 2956//2956
f 1609//1609 2956//2956 1610//1610
f 1610//1610 2956//2956 2967//2967
f 1610//1610 2967//2967 1612//1612
f 2985//2985 2986//2986 237//237
f 237//237 2986//2986 2987//2987
f 237//237 2987//2987 235//235
f 2988//2988 2989//2989 2990//2990
f 2990//2990 2989//2989 2991//2991
f 2992//2992 2993//2993 2994//2994
f 2994//2994 2993//2993 2995//2995
f 2994//2994 2995//2995 2996//2996
f 2996//2996 2995//2995 2997//2997
f 2996//2996 2997//2997 2998//2998
f 2998//2998 2997//2997 2999//2999
f 3000//3000 3001//3001 3002//3002
f 3003//3003 226//226 3004//3004
f 3004//3004 226//226 228//228
f 3004//3004 228//228 3005//3005
f 3005//3005 228//228 3006//3006
f 3007//3007 219//219 3008//3008
f 3008//3008 219//219 221//221
f 3008//3008 221//221 3009//3009
f 3010//3010 2999//2999 3011//3011
f 3011//3011 2999//2999 2997//2997
f 3011//3011 2997//2997 3012//3012
f 3012//3012 2997//2997 2995//2995
f 3012//3012 2995//2995 3013//3013
f 3013//3013 2995//2995 2993//2993
f 3013//3013 2993//2993 3014//3014
f 3014//3014 2993//2993 3015//3015
f 3014//3014 3015//3015 3016//3016
f 3016//3016 3015//3015 3017//3017
f 3016//3016 3017//3017 3018//3018
f 3018//3018 3017//3017 3019//3019
f 230//230 3020//3020 231//231
f 231//231 3020//3020 3021//3021
f 231//231 3021//3021 3022//3022
f 3022//3022 3021//3021 3023//3023
f 3022//3022 3023//3023 3024//3024
f 3024//3024 3023//3023 3025//3025
f 3024//3024 3025//3025 3026//3026
f 3026//3026 3025//3025 3027//3027
f 3028//3028 3029//3029 3030//3030
f 3030//3030 3029//3029 3031//3031
f 3032//3032 3033//3033 3034//3034
f 3035//3035 3036//3036 3037//3037
f 3038//3038 3039//3039 3040//3040
f 3040//3040 3039//3039 3041//3041
f 3042//3042 3043//3043 3044//3044
f 3045//3045 3030//3030 3046//3046
f 3046//3046 3030//3030 3031//3031
f 3046//3046 3031//3031 3047//3047
f 3048//3048 3045//3045 3049//3049
f 3049//3049 3045//3045 3046//3046
f 3049//3049 3046//3046 3032//3032
f 3032//3032 3046//3046 3047//3047
f 3032//3032 3047//3047 3033//3033
f 3050//3050 3051//3051 3052//3052
f 3053//3053 3054//3054 3055//3055
f 3055//3055 3054//3054 3056//3056
f 3057//3057 3058//3058 3059//3059
f 3060//3060 3061//3061 3062//3062
f 3062//3062 3061//3061 3063//3063
f 3064//3064 3048//3048 3065//3065
f 3065//3065 3048//3048 3049//3049
f 3065//3065 3049//3049 3066//3066
f 3066//3066 3049//3049 3032//3032
f 3066//3066 3032//3032 3042//3042
f 3042//3042 3032//3032 3034//3034
f 3042//3042 3034//3034 3043//3043
f 3067//3067 3064//3064 3068//3068
f 3068//3068 3064//3064 3065//3065
f 3068//3068 3065//3065 3069//3069
f 3069//3069 3065//3065 3066//3066
f 3069//3069 3066//3066 3070//3070
f 3070//3070 3066//3066 3042//3042
f 3070//3070 3042//3042 3071//3071
f 3071//3071 3042//3042 3044//3044
f 3071//3071 3044//3044 3038//3038
f 3072//3072 3007//3007 3073//3073
f 3073//3073 3007//3007 3008//3008
f 3073//3073 3008//3008 3074//3074
f 3074//3074 3008//3008 3009//3009
f 3074//3074 3009//3009 3075//3075
f 217//217 3072//3072 218//218
f 218//218 3072//3072 3073//3073
f 218//218 3073//3073 3076//3076
f 3076//3076 3073//3073 3074//3074
f 3076//3076 3074//3074 3077//3077
f 3077//3077 3074//3074 3075//3075
f 3077//3077 3075//3075 212//212
f 212//212 211//211 3077//3077
f 3077//3077 211//211 3078//3078
f 3077//3077 3078//3078 3076//3076
f 3076//3076 3078//3078 3079//3079
f 3076//3076 3079//3079 218//218
f 218//218 3079//3079 3080//3080
f 218//218 3080//3080 216//216
f 3081//3081 3082//3082 210//210
f 210//210 3082//3082 211//211
f 211//211 3082//3082 3083//3083
f 211//211 3083//3083 3078//3078
f 3078//3078 3083//3083 3084//3084
f 3078//3078 3084//3084 3079//3079
f 3079//3079 3084//3084 3085//3085
f 3079//3079 3085//3085 3080//3080
f 3086//3086 3087//3087 3088//3088
f 3088//3088 3087//3087 3089//3089
f 3088//3088 3089//3089 3090//3090
f 3090//3090 3089//3089 3091//3091
f 3090//3090 3091//3091 3092//3092
f 3092//3092 3091//3091 3093//3093
f 3092//3092 3093//3093 3094//3094
f 3094//3094 3093//3093 3095//3095
f 3094//3094 3095//3095 3096//3096
f 3096//3096 3095//3095 3097//3097
f 3096//3096 3097//3097 3098//3098
f 3098//3098 3097//3097 3099//3099
f 3098//3098 3099//3099 3100//3100
f 3100//3100 3099//3099 3101//3101
f 3100//3100 3101//3101 3102//3102
f 3102//3102 3101//3101 3103//3103
f 3102//3102 3103//3103 3104//3104
f 3105//3105 3106//3106 3107//3107
f 3107//3107 3106//3106 3108//3108
f 3109//3109 3110//3110 3111//3111
f 3111//3111 3110//3110 3112//3112
f 3111//3111 3112//3112 3113//3113
f 3113//3113 3112//3112 3114//3114
f 3113//3113 3114//3114 3115//3115
f 3115//3115 3114//3114 3107//3107
f 3115//3115 3107//3107 213//213
f 213//213 3107//3107 3108//3108
f 213//213 3108//3108 214//214
f 3116//3116 3117//3117 3118//3118
f 3118//3118 3117//3117 3119//3119
f 3118//3118 3119//3119 3120//3120
f 3120//3120 3119//3119 3121//3121
f 3120//3120 3121//3121 3122//3122
f 3122//3122 3121//3121 3123//3123
f 3122//3122 3123//3123 3124//3124
f 3124//3124 3123//3123 3125//3125
f 3124//3124 3125//3125 3126//3126
f 3126//3126 3125//3125 3127//3127
f 3126//3126 3127//3127 3128//3128
f 3128//3128 3127//3127 3129//3129
f 3128//3128 3129//3129 3130//3130
f 3130//3130 3129//3129 3131//3131
f 3130//3130 3131//3131 223//223
f 223//223 3131//3131 3132//3132
f 223//223 3132//3132 224//224
f 3081//3081 3133//3133 3082//3082
f 3082//3082 3133//3133 3134//3134
f 3082//3082 3134//3134 3083//3083
f 3083//3083 3134//3134 3135//3135
f 3083//3083 3135//3135 3084//3084
f 3084//3084 3135//3135 3136//3136
f 3084//3084 3136//3136 3085//3085
f 450//450 3137//3137 451//451
f 451//451 3137//3137 3138//3138
f 451//451 3138//3138 453//453
f 453//453 3138//3138 3139//3139
f 453//453 3139//3139 3105//3105
f 3105//3105 3107//3107 453//453
f 453//453 3107//3107 3114//3114
f 453//453 3114//3114 452//452
f 452//452 3114//3114 3112//3112
f 452//452 3112//3112 779//779
f 779//779 3112//3112 3110//3110
f 779//779 3110//3110 517//517
f 517//517 3110//3110 3109//3109
f 517//517 3109//3109 516//516
f 3140//3140 3116//3116 3141//3141
f 3141//3141 3116//3116 3118//3118
f 3141//3141 3118//3118 3142//3142
f 3142//3142 3118//3118 3120//3120
f 3142//3142 3120//3120 3143//3143
f 3143//3143 3120//3120 3122//3122
f 3143//3143 3122//3122 3144//3144
f 3144//3144 3122//3122 3124//3124
f 3144//3144 3124//3124 3145//3145
f 3145//3145 3124//3124 3126//3126
f 3145//3145 3126//3126 3146//3146
f 3146//3146 3126//3126 3128//3128
f 3146//3146 3128//3128 3147//3147
f 3147//3147 3128//3128 3130//3130
f 3147//3147 3130//3130 3148//3148
f 3148//3148 3130//3130 223//223
f 3148//3148 223//223 3149//3149
f 3149//3149 223//223 225//225
f 3149//3149 225//225 3150//3150
f 3151//3151 3140//3140 3152//3152
f 3152//3152 3140//3140 3141//3141
f 3152//3152 3141//3141 3153//3153
f 3153//3153 3141//3141 3142//3142
f 3153//3153 3142//3142 3154//3154
f 3154//3154 3142//3142 3143//3143
f 3154//3154 3143//3143 3155//3155
f 3155//3155 3143//3143 3144//3144
f 3155//3155 3144//3144 3156//3156
f 3156//3156 3144//3144 3145//3145
f 3156//3156 3145//3145 3157//3157
f 3157//3157 3145//3145 3146//3146
f 3157//3157 3146//3146 3158//3158
f 3158//3158 3146//3146 3147//3147
f 3158//3158 3147//3147 3159//3159
f 3159//3159 3147//3147 3148//3148
f 3159//3159 3148//3148 3160//3160
f 3160//3160 3148//3148 3149//3149
f 3160//3160 3149//3149 232//232
f 232//232 3149//3149 3150//3150
f 232//232 3150//3150 233//233
f 3161//3161 3151//3151 3162//3162
f 3162//3162 3151//3151 3152//3152
f 3162//3162 3152//3152 3163//3163
f 3163//3163 3152//3152 3153//3153
f 3163//3163 3153//3153 3164//3164
f 3164//3164 3153//3153 3154//3154
f 3164//3164 3154//3154 3165//3165
f 3165//3165 3154//3154 3155//3155
f 3165//3165 3155//3155 3166//3166
f 3166//3166 3155//3155 3156//3156
f 3166//3166 3156//3156 3167//3167
f 3167//3167 3156//3156 3157//3157
f 3167//3167 3157//3157 3168//3168
f 3168//3168 3157//3157 3158//3158
f 3168//3168 3158//3158 3169//3169
f 3169//3169 3158//3158 3159//3159
f 3169//3169 3159//3159 3170//3170
f 3170//3170 3159//3159 3160//3160
f 3170//3170 3160//3160 3171//3171
f 3171//3171 3160//3160 232//232
f 3171//3171 232//232 3172//3172
f 3172//3172 232//232 234//234
f 3172//3172 234//234 3173//3173
f 3174//3174 3161//3161 3175//3175
f 3175//3175 3161//3161 3162//3162
f 3175//3175 3162//3162 3176//3176
f 3176//3176 3162//3162 3163//3163
f 3176//3176 3163//3163 3177//3177
f 3177//3177 3163//3163 3164//3164
f 3177//3177 3164//3164 3178//3178
f 3178//3178 3164//3164 3165//3165
f 3178//3178 3165//3165 3179//3179
f 3179//3179 3165//3165 3166//3166
f 3179//3179 3166//3166 3180//3180
f 3180//3180 3166//3166 3167//3167
f 3180//3180 3167//3167 3181//3181
f 3181//3181 3167//3167 3168//3168
f 3181//3181 3168//3168 3182//3182
f 3182//3182 3168//3168 3169//3169
f 3182//3182 3169//3169 3183//3183
f 3183//3183 3169//3169 3170//3170
f 3183//3183 3170//3170 3184//3184
f 3184//3184 3170//3170 3171//3171
f 3184//3184 3171//3171 2986//2986
f 2986//2986 3171//3171 3172//3172
f 2986//2986 3172//3172 2987//2987
f 2987//2987 3172//3172 3173//3173
f 2987//2987 3173//3173 235//235
f 2985//2985 2988//2988 2986//2986
f 2986//2986 2988//2988 2990//2990
f 2986//2986 2990//2990 3184//3184
f 3184//3184 2990//2990 3185//3185
f 3184//3184 3185//3185 3183//3183
f 3183//3183 3185//3185 3186//3186
f 3183//3183 3186//3186 3182//3182
f 3182//3182 3186//3186 3187//3187
f 3182//3182 3187//3187 3181//3181
f 3181//3181 3187//3187 3188//3188
f 3181//3181 3188//3188 3180//3180
f 3180//3180 3188//3188 3189//3189
f 3180//3180 3189//3189 3179//3179
f 3179//3179 3189//3189 3190//3190
f 3179//3179 3190//3190 3178//3178
f 3178//3178 3190//3190 3191//3191
f 3178//3178 3191//3191 3177//3177
f 3177//3177 3191//3191 3192//3192
f 3177//3177 3192//3192 3176//3176
f 3176//3176 3192//3192 3193//3193
f 3176//3176 3193//3193 3175//3175
f 3175//3175 3193//3193 3194//3194
f 3175//3175 3194//3194 3174//3174
f 3174//3174 3194//3194 3195//3195
f 3196//3196 3195//3195 3197//3197
f 3197//3197 3195//3195 3194//3194
f 3197//3197 3194//3194 3198//3198
f 3198//3198 3194//3194 3193//3193
f 3198//3198 3193//3193 3199//3199
f 3199//3199 3193//3193 3192//3192
f 3199//3199 3192//3192 3200//3200
f 3200//3200 3192//3192 3191//3191
f 3200//3200 3191//3191 3201//3201
f 3201//3201 3191//3191 3190//3190
f 3201//3201 3190//3190 3202//3202
f 3202//3202 3190//3190 3189//3189
f 3202//3202 3189//3189 3203//3203
f 3203//3203 3189//3189 3188//3188
f 3203//3203 3188//3188 3204//3204
f 3204//3204 3188//3188 3187//3187
f 3204//3204 3187//3187 3205//3205
f 3205//3205 3187//3187 3186//3186
f 3205//3205 3186//3186 3206//3206
f 3206//3206 3186//3186 3185//3185
f 3206//3206 3185//3185 3207//3207
f 3207//3207 3185//3185 2990//2990
f 3207//3207 2990//2990 3208//3208
f 3208//3208 2990//2990 2991//2991
f 3208//3208 2991//2991 3209//3209
f 3209//3209 3210//3210 3208//3208
f 3208//3208 3210//3210 3211//3211
f 3208//3208 3211//3211 3207//3207
f 3207//3207 3211//3211 3212//3212
f 3207//3207 3212//3212 3206//3206
f 3206//3206 3212//3212 3213//3213
f 3206//3206 3213//3213 3205//3205
f 3205//3205 3213//3213 3214//3214
f 3205//3205 3214//3214 3204//3204
f 3204//3204 3214//3214 3215//3215
f 3204//3204 3215//3215 3203//3203
f 3203//3203 3215//3215 3216//3216
f 3203//3203 3216//3216 3202//3202
f 3202//3202 3216//3216 3217//3217
f 3202//3202 3217//3217 3201//3201
f 3201//3201 3217//3217 3218//3218
f 3201//3201 3218//3218 3200//3200
f 3200//3200 3218//3218 3219//3219
f 3200//3200 3219//3219 3199//3199
f 3199//3199 3219//3219 3220//3220
f 3199//3199 3220//3220 3198//3198
f 3198//3198 3220//3220 3221//3221
f 3198//3198 3221//3221 3197//3197
f 3197//3197 3221//3221 3222//3222
f 3197//3197 3222//3222 3196//3196
f 3196//3196 3222//3222 3223//3223
f 3224//3224 3225//3225 3223//3223
f 3223//3223 3225//3225 3226//3226
f 3223//3223 3226//3226 3196//3196
f 3196//3196 3226//3226 3227//3227
f 3196//3196 3227//3227 3195//3195
f 3195//3195 3227//3227 3228//3228
f 3195//3195 3228//3228 3174//3174
f 3174//3174 3228//3228 3229//3229
f 3174//3174 3229//3229 3161//3161
f 3161//3161 3229//3229 3230//3230
f 3161//3161 3230//3230 3151//3151
f 3151//3151 3230//3230 3231//3231
f 3151//3151 3231//3231 3140//3140
f 3140//3140 3231//3231 3232//3232
f 3140//3140 3232//3232 3116//3116
f 3116//3116 3232//3232 3233//3233
f 3116//3116 3233//3233 3117//3117
f 3117//3117 3233//3233 3133//3133
f 3117//3117 3133//3133 3119//3119
f 3119//3119 3133//3133 3081//3081
f 3119//3119 3081//3081 3121//3121
f 3121//3121 3081//3081 210//210
f 3121//3121 210//210 3123//3123
f 3123//3123 210//210 212//212
f 3123//3123 212//212 3125//3125
f 3125//3125 212//212 3075//3075
f 3125//3125 3075//3075 3127//3127
f 3127//3127 3075//3075 3009//3009
f 3127//3127 3009//3009 3129//3129
f 3129//3129 3009//3009 221//221
f 3129//3129 221//221 3131//3131
f 3131//3131 221//221 222//222
f 3131//3131 222//222 3132//3132
f 3224//3224 483//483 3225//3225
f 3225//3225 483//483 485//485
f 3225//3225 485//485 3226//3226
f 3226//3226 485//485 487//487
f 3226//3226 487//487 3227//3227
f 3227//3227 487//487 489//489
f 3227//3227 489//489 3228//3228
f 3228//3228 489//489 466//466
f 3228//3228 466//466 3229//3229
f 3229//3229 466//466 468//468
f 3229//3229 468//468 3230//3230
f 3230//3230 468//468 470//470
f 3230//3230 470//470 3231//3231
f 3231//3231 470//470 472//472
f 3231//3231 472//472 3232//3232
f 3232//3232 472//472 474//474
f 3232//3232 474//474 3233//3233
f 3233//3233 474//474 476//476
f 3233//3233 476//476 3133//3133
f 3133//3133 476//476 478//478
f 3133//3133 478//478 3134//3134
f 3134//3134 478//478 480//480
f 3134//3134 480//480 3135//3135
f 3135//3135 480//480 482//482
f 3135//3135 482//482 3136//3136
f 3038//3038 3040//3040 3071//3071
f 3071//3071 3040//3040 3234//3234
f 3071//3071 3234//3234 3070//3070
f 3070//3070 3234//3234 3235//3235
f 3070//3070 3235//3235 3069//3069
f 3069//3069 3235//3235 3236//3236
f 3069//3069 3236//3236 3068//3068
f 3068//3068 3236//3236 3237//3237
f 3068//3068 3237//3237 3067//3067
f 3238//3238 3237//3237 3239//3239
f 3239//3239 3237//3237 3236//3236
f 3239//3239 3236//3236 3240//3240
f 3240//3240 3236//3236 3235//3235
f 3240//3240 3235//3235 3241//3241
f 3241//3241 3235//3235 3234//3234
f 3241//3241 3234//3234 3242//3242
f 3242//3242 3234//3234 3040//3040
f 3242//3242 3040//3040 3035//3035
f 3035//3035 3040//3040 3041//3041
f 3035//3035 3041//3041 3036//3036
f 2992//2992 3003//3003 2993//2993
f 2993//2993 3003//3003 3004//3004
f 2993//2993 3004//3004 3015//3015
f 3015//3015 3004//3004 3005//3005
f 3015//3015 3005//3005 3017//3017
f 3017//3017 3005//3005 3006//3006
f 3017//3017 3006//3006 3019//3019
f 3019//3019 3006//3006 3243//3243
f 3019//3019 3243//3243 3244//3244
f 3244//3244 3243//3243 3245//3245
f 3244//3244 3245//3245 3246//3246
f 3246//3246 3245//3245 3247//3247
f 3246//3246 3247//3247 3248//3248
f 3248//3248 3247//3247 3249//3249
f 3248//3248 3249//3249 3250//3250
f 3250//3250 3249//3249 3251//3251
f 3250//3250 3251//3251 3252//3252
f 3252//3252 3251//3251 3253//3253
f 3254//3254 3238//3238 3255//3255
f 3255//3255 3238//3238 3239//3239
f 3255//3255 3239//3239 3256//3256
f 3256//3256 3239//3239 3240//3240
f 3256//3256 3240//3240 3257//3257
f 3257//3257 3240//3240 3241//3241
f 3257//3257 3241//3241 3258//3258
f 3258//3258 3241//3241 3242//3242
f 3258//3258 3242//3242 3259//3259
f 3259//3259 3242//3242 3035//3035
f 3259//3259 3035//3035 3260//3260
f 3260//3260 3035//3035 3037//3037
f 3260//3260 3037//3037 3261//3261
f 3020//3020 3000//3000 3021//3021
f 3021//3021 3000//3000 3002//3002
f 3021//3021 3002//3002 3023//3023
f 3023//3023 3002//3002 3262//3262
f 3023//3023 3262//3262 3025//3025
f 3025//3025 3262//3262 3263//3263
f 3025//3025 3263//3263 3027//3027
f 3027//3027 3263//3263 3264//3264
f 3027//3027 3264//3264 3265//3265
f 3265//3265 3264//3264 3266//3266
f 3265//3265 3266//3266 3267//3267
f 3267//3267 3266//3266 3268//3268
f 3267//3267 3268//3268 3269//3269
f 3269//3269 3268//3268 3270//3270
f 3269//3269 3270//3270 3271//3271
f 3271//3271 3270//3270 3272//3272
f 3271//3271 3272//3272 3273//3273
f 3273//3273 3272//3272 3274//3274
f 3273//3273 3274//3274 3275//3275
f 3275//3275 3274//3274 3276//3276
f 3275//3275 3276//3276 3277//3277
f 3277//3277 3276//3276 3278//3278
f 3277//3277 3278//3278 3279//3279
f 3280//3280 3281//3281 3253//3253
f 3103//3103 3282//3282 3104//3104
f 3104//3104 3282//3282 3283//3283
f 3104//3104 3283//3283 3284//3284
f 3284//3284 3283//3283 966//966
f 3285//3285 3286//3286 3287//3287
f 3287//3287 3286//3286 3010//3010
f 3287//3287 3010//3010 3288//3288
f 3288//3288 3010//3010 3011//3011
f 3288//3288 3011//3011 3289//3289
f 3289//3289 3011//3011 3012//3012
f 3289//3289 3012//3012 3086//3086
f 3086//3086 3012//3012 3013//3013
f 3086//3086 3013//3013 3087//3087
f 3087//3087 3013//3013 3014//3014
f 3087//3087 3014//3014 3089//3089
f 3089//3089 3014//3014 3016//3016
f 3089//3089 3016//3016 3091//3091
f 3091//3091 3016//3016 3018//3018
f 3091//3091 3018//3018 3093//3093
f 3093//3093 3018//3018 3019//3019
f 3093//3093 3019//3019 3095//3095
f 3095//3095 3019//3019 3244//3244
f 3095//3095 3244//3244 3097//3097
f 3097//3097 3244//3244 3246//3246
f 3097//3097 3246//3246 3099//3099
f 3099//3099 3246//3246 3248//3248
f 3099//3099 3248//3248 3101//3101
f 3101//3101 3248//3248 3250//3250
f 3101//3101 3250//3250 3103//3103
f 3103//3103 3250//3250 3252//3252
f 3103//3103 3252//3252 3282//3282
f 3282//3282 3252//3252 3290//3290
f 3282//3282 3290//3290 3283//3283
f 3283//3283 3290//3290 3291//3291
f 3283//3283 3291//3291 966//966
f 966//966 3291//3291 3292//3292
f 966//966 3292//3292 967//967
f 967//967 3292//3292 3293//3293
f 967//967 3293//3293 969//969
f 969//969 3293//3293 3294//3294
f 969//969 3294//3294 971//971
f 971//971 3294//3294 3295//3295
f 971//971 3295//3295 973//973
f 973//973 3295//3295 3296//3296
f 973//973 3296//3296 954//954
f 954//954 3296//3296 3297//3297
f 954//954 3297//3297 952//952
f 952//952 3297//3297 3298//3298
f 952//952 3298//3298 738//738
f 3281//3281 956//956 3299//3299
f 3299//3299 956//956 955//955
f 3299//3299 955//955 3300//3300
f 3300//3300 955//955 981//981
f 3300//3300 981//981 3301//3301
f 3301//3301 981//981 983//983
f 3301//3301 983//983 3302//3302
f 3302//3302 983//983 985//985
f 3302//3302 985//985 3303//3303
f 3303//3303 985//985 987//987
f 3303//3303 987//987 3304//3304
f 3304//3304 987//987 989//989
f 3304//3304 989//989 980//980
f 3253//3253 3281//3281 3252//3252
f 3252//3252 3281//3281 3299//3299
f 3252//3252 3299//3299 3290//3290
f 3290//3290 3299//3299 3300//3300
f 3290//3290 3300//3300 3291//3291
f 3291//3291 3300//3300 3301//3301
f 3291//3291 3301//3301 3292//3292
f 3292//3292 3301//3301 3302//3302
f 3292//3292 3302//3302 3293//3293
f 3293//3293 3302//3302 3303//3303
f 3293//3293 3303//3303 3294//3294
f 3294//3294 3303//3303 3304//3304
f 3294//3294 3304//3304 3295//3295
f 3295//3295 3304//3304 980//980
f 3295//3295 980//980 3296//3296
f 3296//3296 980//980 979//979
f 3296//3296 979//979 3297//3297
f 3297//3297 979//979 978//978
f 3297//3297 978//978 3298//3298
f 227//227 229//229 228//228
f 228//228 229//229 231//231
f 228//228 231//231 3006//3006
f 3006//3006 231//231 3022//3022
f 3006//3006 3022//3022 3243//3243
f 3243//3243 3022//3022 3024//3024
f 3243//3243 3024//3024 3245//3245
f 3245//3245 3024//3024 3026//3026
f 3245//3245 3026//3026 3247//3247
f 3247//3247 3026//3026 3027//3027
f 3247//3247 3027//3027 3249//3249
f 3249//3249 3027//3027 3265//3265
f 3249//3249 3265//3265 3251//3251
f 3251//3251 3265//3265 3267//3267
f 3251//3251 3267//3267 3253//3253
f 3253//3253 3267//3267 3269//3269
f 3253//3253 3269//3269 3280//3280
f 3280//3280 3269//3269 3271//3271
f 3280//3280 3271//3271 3305//3305
f 3305//3305 3271//3271 3306//3306
f 3306//3306 3271//3271 3273//3273
f 3306//3306 3273//3273 3307//3307
f 3307//3307 3273//3273 3275//3275
f 3307//3307 3275//3275 1026//1026
f 1026//1026 3275//3275 3277//3277
f 1026//1026 3277//3277 1024//1024
f 1024//1024 3277//3277 3279//3279
f 1024//1024 3279//3279 1022//1022
f 1022//1022 3279//3279 3308//3308
f 1022//1022 3308//3308 1020//1020
f 1020//1020 3308//3308 3309//3309
f 1020//1020 3309//3309 1018//1018
f 1018//1018 3309//3309 3310//3310
f 1018//1018 3310//3310 1048//1048
f 1048//1048 3310//3310 3311//3311
f 1048//1048 3311//3311 1046//1046
f 1046//1046 3311//3311 3312//3312
f 1046//1046 3312//3312 1044//1044
f 1044//1044 3312//3312 3313//3313
f 1044//1044 3313//3313 1042//1042
f 1042//1042 3313//3313 3314//3314
f 1042//1042 3314//3314 1040//1040
f 1040//1040 3314//3314 3315//3315
f 1040//1040 3315//3315 1038//1038
f 1038//1038 3315//3315 3316//3316
f 1038//1038 3316//3316 1039//1039
f 3317//3317 3254//3254 3318//3318
f 3318//3318 3254//3254 3255//3255
f 3318//3318 3255//3255 3319//3319
f 3319//3319 3255//3255 3256//3256
f 3319//3319 3256//3256 3320//3320
f 3320//3320 3256//3256 3257//3257
f 3320//3320 3257//3257 3321//3321
f 3321//3321 3257//3257 3258//3258
f 3321//3321 3258//3258 3322//3322
f 3322//3322 3258//3258 3259//3259
f 3322//3322 3259//3259 3323//3323
f 3323//3323 3259//3259 3260//3260
f 3323//3323 3260//3260 3050//3050
f 3050//3050 3260//3260 3261//3261
f 3050//3050 3261//3261 3051//3051
f 3324//3324 3317//3317 3325//3325
f 3325//3325 3317//3317 3318//3318
f 3325//3325 3318//3318 3326//3326
f 3326//3326 3318//3318 3319//3319
f 3326//3326 3319//3319 3327//3327
f 3327//3327 3319//3319 3320//3320
f 3327//3327 3320//3320 3328//3328
f 3328//3328 3320//3320 3321//3321
f 3328//3328 3321//3321 3329//3329
f 3329//3329 3321//3321 3322//3322
f 3329//3329 3322//3322 3330//3330
f 3330//3330 3322//3322 3323//3323
f 3330//3330 3323//3323 3331//3331
f 3331//3331 3323//3323 3050//3050
f 3331//3331 3050//3050 3332//3332
f 3332//3332 3050//3050 3052//3052
f 3332//3332 3052//3052 3333//3333
f 3334//3334 3335//3335 3336//3336
f 3336//3336 3335//3335 3337//3337
f 3336//3336 3337//3337 3338//3338
f 3338//3338 3337//3337 3339//3339
f 3338//3338 3339//3339 3340//3340
f 3340//3340 3339//3339 3341//3341
f 3340//3340 3341//3341 3342//3342
f 3342//3342 3341//3341 3343//3343
f 3342//3342 3343//3343 3344//3344
f 3344//3344 3343//3343 3345//3345
f 3344//3344 3345//3345 3346//3346
f 3346//3346 3345//3345 3347//3347
f 3346//3346 3347//3347 3348//3348
f 3348//3348 3347//3347 3349//3349
f 3348//3348 3349//3349 3350//3350
f 3350//3350 3349//3349 3351//3351
f 3350//3350 3351//3351 3352//3352
f 3352//3352 3351//3351 3353//3353
f 3352//3352 3353//3353 3057//3057
f 3057//3057 3353//3353 3354//3354
f 3057//3057 3354//3354 3058//3058
f 3335//3335 3324//3324 3337//3337
f 3337//3337 3324//3324 3325//3325
f 3337//3337 3325//3325 3339//3339
f 3339//3339 3325//3325 3326//3326
f 3339//3339 3326//3326 3341//3341
f 3341//3341 3326//3326 3327//3327
f 3341//3341 3327//3327 3343//3343
f 3343//3343 3327//3327 3328//3328
f 3343//3343 3328//3328 3345//3345
f 3345//3345 3328//3328 3329//3329
f 3345//3345 3329//3329 3347//3347
f 3347//3347 3329//3329 3330//3330
f 3347//3347 3330//3330 3349//3349
f 3349//3349 3330//3330 3331//3331
f 3349//3349 3331//3331 3351//3351
f 3351//3351 3331//3331 3332//3332
f 3351//3351 3332//3332 3353//3353
f 3353//3353 3332//3332 3333//3333
f 3353//3353 3333//3333 3354//3354
f 3053//3053 3055//3055 3355//3355
f 3355//3355 3055//3055 3356//3356
f 3355//3355 3356//3356 3357//3357
f 3357//3357 3356//3356 3358//3358
f 3357//3357 3358//3358 3359//3359
f 3359//3359 3358//3358 3360//3360
f 3359//3359 3360//3360 3361//3361
f 3361//3361 3360//3360 3362//3362
f 3361//3361 3362//3362 3363//3363
f 3363//3363 3362//3362 3364//3364
f 3363//3363 3364//3364 3365//3365
f 3365//3365 3364//3364 3366//3366
f 3365//3365 3366//3366 3367//3367
f 3367//3367 3366//3366 3368//3368
f 3367//3367 3368//3368 1030//1030
f 1030//1030 3368//3368 3369//3369
f 1030//1030 3369//3369 405//405
f 405//405 3369//3369 397//397
f 405//405 397//397 403//403
f 403//403 397//397 399//399
f 403//403 399//399 1028//1028
f 3060//3060 3062//3062 3370//3370
f 3370//3370 3062//3062 3371//3371
f 3370//3370 3371//3371 3372//3372
f 3372//3372 3371//3371 3373//3373
f 3372//3372 3373//3373 3374//3374
f 3374//3374 3373//3373 3375//3375
f 3374//3374 3375//3375 3376//3376
f 3376//3376 3375//3375 3377//3377
f 3376//3376 3377//3377 3378//3378
f 3378//3378 3377//3377 3379//3379
f 3378//3378 3379//3379 3380//3380
f 3380//3380 3379//3379 3381//3381
f 3380//3380 3381//3381 3382//3382
f 3382//3382 3381//3381 3383//3383
f 3382//3382 3383//3383 3384//3384
f 3384//3384 3383//3383 1035//1035
f 3384//3384 1035//1035 3385//3385
f 3385//3385 1035//1035 400//400
f 3385//3385 400//400 3386//3386
f 3386//3386 400//400 402//402
f 3386//3386 402//402 398//398
f 398//398 397//397 3386//3386
f 3386//3386 397//397 3369//3369
f 3386//3386 3369//3369 3385//3385
f 3385//3385 3369//3369 3368//3368
f 3385//3385 3368//3368 3384//3384
f 3384//3384 3368//3368 3366//3366
f 3384//3384 3366//3366 3382//3382
f 3382//3382 3366//3366 3364//3364
f 3382//3382 3364//3364 3380//3380
f 3380//3380 3364//3364 3362//3362
f 3380//3380 3362//3362 3378//3378
f 3378//3378 3362//3362 3360//3360
f 3378//3378 3360//3360 3376//3376
f 3376//3376 3360//3360 3358//3358
f 3376//3376 3358//3358 3374//3374
f 3374//3374 3358//3358 3356//3356
f 3374//3374 3356//3356 3372//3372
f 3372//3372 3356//3356 3055//3055
f 3372//3372 3055//3055 3370//3370
f 3370//3370 3055//3055 3056//3056
f 3370//3370 3056//3056 3060//3060
f 1034//1034 3334//3334 1033//1033
f 1033//1033 3334//3334 3336//3336
f 1033//1033 3336//3336 1032//1032
f 1032//1032 3336//3336 3338//3338
f 1032//1032 3338//3338 1031//1031
f 1031//1031 3338//3338 3340//3340
f 1031//1031 3340//3340 1030//1030
f 1030//1030 3340//3340 3342//3342
f 1030//1030 3342//3342 3367//3367
f 3367//3367 3342//3342 3344//3344
f 3367//3367 3344//3344 3365//3365
f 3365//3365 3344//3344 3346//3346
f 3365//3365 3346//3346 3363//3363
f 3363//3363 3346//3346 3348//3348
f 3363//3363 3348//3348 3361//3361
f 3361//3361 3348//3348 3350//3350
f 3361//3361 3350//3350 3359//3359
f 3359//3359 3350//3350 3352//3352
f 3359//3359 3352//3352 3357//3357
f 3357//3357 3352//3352 3057//3057
f 3357//3357 3057//3057 3355//3355
f 3355//3355 3057//3057 3059//3059
f 3355//3355 3059//3059 3053//3053
f 3001//3001 3028//3028 3002//3002
f 3002//3002 3028//3028 3030//3030
f 3002//3002 3030//3030 3262//3262
f 3262//3262 3030//3030 3045//3045
f 3262//3262 3045//3045 3263//3263
f 3263//3263 3045//3045 3048//3048
f 3263//3263 3048//3048 3264//3264
f 3264//3264 3048//3048 3064//3064
f 3264//3264 3064//3064 3266//3266
f 3266//3266 3064//3064 3067//3067
f 3266//3266 3067//3067 3268//3268
f 3268//3268 3067//3067 3237//3237
f 3268//3268 3237//3237 3270//3270
f 3270//3270 3237//3237 3238//3238
f 3270//3270 3238//3238 3272//3272
f 3272//3272 3238//3238 3254//3254
f 3272//3272 3254//3254 3274//3274
f 3274//3274 3254//3254 3317//3317
f 3274//3274 3317//3317 3276//3276
f 3276//3276 3317//3317 3324//3324
f 3276//3276 3324//3324 3278//3278
f 3278//3278 3324//3324 3335//3335
f 3278//3278 3335//3335 3279//3279
f 3279//3279 3335//3335 3334//3334
f 3279//3279 3334//3334 3308//3308
f 3308//3308 3334//3334 1034//1034
f 3308//3308 1034//1034 3309//3309
f 3309//3309 1034//1034 1029//1029
f 3309//3309 1029//1029 3310//3310
f 3310//3310 1029//1029 1028//1028
f 3310//3310 1028//1028 3311//3311
f 3311//3311 1028//1028 399//399
f 3311//3311 399//399 3312//3312
f 3312//3312 399//399 398//398
f 3312//3312 398//398 3313//3313
f 3313//3313 398//398 402//402
f 3313//3313 402//402 3314//3314
f 3314//3314 402//402 401//401
f 3314//3314 401//401 3315//3315
f 3315//3315 401//401 1037//1037
f 3315//3315 1037//1037 3316//3316
f 3224//3224 3387//3387 483//483
f 483//483 3387//3387 3388//3388
f 483//483 3388//3388 484//484
f 484//484 3388//3388 3389//3389
f 484//484 3389//3389 492//492
f 492//492 3389//3389 3390//3390
f 492//492 3390//3390 493//493
f 493//493 3390//3390 720//720
f 493//493 720//720 494//494
f 494//494 720//720 503//503
f 494//494 503//503 495//495
f 495//495 503//503 505//505
f 495//495 505//505 496//496
f 496//496 505//505 507//507
f 496//496 507//507 497//497
f 497//497 507//507 509//509
f 497//497 509//509 498//498
f 498//498 509//509 511//511
f 498//498 511//511 499//499
f 499//499 511//511 513//513
f 499//499 513//513 500//500
f 500//500 513//513 515//515
f 500//500 515//515 501//501
f 501//501 515//515 516//516
f 501//501 516//516 502//502
f 502//502 516//516 3109//3109
f 502//502 3109//3109 481//481
f 481//481 3109//3109 3111//3111
f 481//481 3111//3111 482//482
f 482//482 3111//3111 3113//3113
f 482//482 3113//3113 3136//3136
f 3136//3136 3113//3113 3115//3115
f 3136//3136 3115//3115 3085//3085
f 3085//3085 3115//3115 213//213
f 3085//3085 213//213 3080//3080
f 3080//3080 213//213 215//215
f 3080//3080 215//215 216//216
f 260//260 3391//3391 261//261
f 261//261 3391//3391 3392//3392
f 261//261 3392//3392 2714//2714
f 2714//2714 3392//3392 2713//2713
f 2713//2713 3392//3392 3393//3393
f 2713//2713 3393//3393 67//67
f 67//67 3393//3393 3394//3394
f 67//67 3394//3394 65//65
f 2385//2385 2334//2334 2387//2387
f 2387//2387 2334//2334 2320//2320
f 2387//2387 2320//2320 2388//2388
f 2388//2388 2320//2320 2306//2306
f 2388//2388 2306//2306 290//290
f 290//290 2306//2306 2290//2290
f 290//290 2290//2290 291//291
f 291//291 2290//2290 2274//2274
f 291//291 2274//2274 2273//2273
f 2273//2273 2274//2274 2249//2249
f 2273//2273 2249//2249 2272//2272
f 2272//2272 2249//2249 2209//2209
f 2272//2272 2209//2209 2271//2271
f 2271//2271 2209//2209 2079//2079
f 2271//2271 2079//2079 2073//2073
f 2073//2073 2079//2079 2078//2078
f 2073//2073 2078//2078 2074//2074
f 2074//2074 2078//2078 2076//2076
f 2074//2074 2076//2076 3395//3395
f 3395//3395 2076//2076 2075//2075
f 3395//3395 2075//2075 3396//3396
f 3396//3396 2075//2075 2206//2206
f 3396//3396 2206//2206 3397//3397
f 3397//3397 2206//2206 2239//2239
f 3397//3397 2239//2239 3398//3398
f 3398//3398 2239//2239 2237//2237
f 3398//3398 2237//2237 3399//3399
f 3399//3399 2237//2237 2235//2235
f 3399//3399 2235//2235 3400//3400
f 3400//3400 2235//2235 2233//2233
f 3400//3400 2233//2233 3401//3401
f 3401//3401 2233//2233 2231//2231
f 3401//3401 2231//2231 3402//3402
f 3402//3402 2231//2231 2229//2229
f 3402//3402 2229//2229 3403//3403
f 3403//3403 2229//2229 2227//2227
f 3403//3403 2227//2227 3404//3404
f 3404//3404 2227//2227 2225//2225
f 3404//3404 2225//2225 3405//3405
f 3405//3405 2225//2225 2223//2223
f 3405//3405 2223//2223 3406//3406
f 3406//3406 2223//2223 2221//2221
f 3406//3406 2221//2221 3407//3407
f 3407//3407 2221//2221 2219//2219
f 3407//3407 2219//2219 3408//3408
f 3408//3408 2219//2219 2217//2217
f 3408//3408 2217//2217 3409//3409
f 3409//3409 2217//2217 2215//2215
f 3409//3409 2215//2215 3410//3410
f 3410//3410 2215//2215 2213//2213
f 3410//3410 2213//2213 3411//3411
f 3411//3411 2213//2213 2211//2211
f 3411//3411 2211//2211 3412//3412
f 3412//3412 2211//2211 2210//2210
f 3412//3412 2210//2210 3413//3413
f 3413//3413 2210//2210 326//326
f 3413//3413 326//326 3414//3414
f 3414//3414 326//326 129//129
f 3414//3414 129//129 125//125
f 2976//2976 349//349 2968//2968
f 2968//2968 349//349 348//348
f 2968//2968 348//348 2967//2967
f 2967//2967 348//348 2085//2085
f 2967//2967 2085//2085 1612//1612
f 1612//1612 2085//2085 2087//2087
f 1612//1612 2087//2087 1613//1613
f 1613//1613 2087//2087 2089//2089
f 1613//1613 2089//2089 1635//1635
f 1635//1635 2089//2089 2091//2091
f 1635//1635 2091//2091 1686//1686
f 1686//1686 2091//2091 2093//2093
f 1686//1686 2093//2093 1691//1691
f 1691//1691 2093//2093 2095//2095
f 1691//1691 2095//2095 1723//1723
f 1723//1723 2095//2095 2097//2097
f 1723//1723 2097//2097 1722//1722
f 1722//1722 2097//2097 2083//2083
f 1722//1722 2083//2083 1721//1721
f 1721//1721 2083//2083 313//313
f 1721//1721 313//313 1720//1720
f 1720//1720 313//313 312//312
f 1720//1720 312//312 1719//1719
f 1719//1719 312//312 2455//2455
f 1719//1719 2455//2455 1718//1718
f 1718//1718 2455//2455 2447//2447
f 1718//1718 2447//2447 2055//2055
f 2055//2055 2447//2447 2082//2082
f 2055//2055 2082//2082 2056//2056
f 2056//2056 2082//2082 2071//2071
f 2056//2056 2071//2071 2057//2057
f 2057//2057 2071//2071 2070//2070
f 2057//2057 2070//2070 2058//2058
f 2058//2058 2070//2070 320//320
f 2058//2058 320//320 2064//2064
f 2064//2064 320//320 316//316
f 2064//2064 316//316 2065//2065
f 2065//2065 316//316 315//315
f 2065//2065 315//315 2066//2066
f 2066//2066 315//315 2465//2465
f 2066//2066 2465//2465 2067//2067
f 2067//2067 2465//2465 2072//2072
f 2067//2067 2072//2072 2068//2068
f 2068//2068 2072//2072 2074//2074
f 2068//2068 2074//2074 1979//1979
f 1979//1979 2074//2074 3395//3395
f 1979//1979 3395//3395 1980//1980
f 1980//1980 3395//3395 3396//3396
f 1980//1980 3396//3396 1982//1982
f 1982//1982 3396//3396 3397//3397
f 1982//1982 3397//3397 1984//1984
f 1984//1984 3397//3397 3398//3398
f 1984//1984 3398//3398 1986//1986
f 1986//1986 3398//3398 3399//3399
f 1986//1986 3399//3399 1988//1988
f 1988//1988 3399//3399 3400//3400
f 1988//1988 3400//3400 1990//1990
f 1990//1990 3400//3400 3401//3401
f 1990//1990 3401//3401 1992//1992
f 1992//1992 3401//3401 3402//3402
f 1992//1992 3402//3402 1994//1994
f 1994//1994 3402//3402 3403//3403
f 1994//1994 3403//3403 1996//1996
f 1996//1996 3403//3403 3404//3404
f 1996//1996 3404//3404 1998//1998
f 1998//1998 3404//3404 3405//3405
f 1998//1998 3405//3405 2000//2000
f 2000//2000 3405//3405 3406//3406
f 2000//2000 3406//3406 2002//2002
f 2002//2002 3406//3406 3407//3407
f 2002//2002 3407//3407 2004//2004
f 2004//2004 3407//3407 3408//3408
f 2004//2004 3408//3408 2006//2006
f 2006//2006 3408//3408 3409//3409
f 2006//2006 3409//3409 2008//2008
f 2008//2008 3409//3409 3410//3410
f 2008//2008 3410//3410 2010//2010
f 2010//2010 3410//3410 3411//3411
f 2010//2010 3411//3411 2012//2012
f 2012//2012 3411//3411 3412//3412
f 2012//2012 3412//3412 2014//2014
f 2014//2014 3412//3412 3413//3413
f 2014//2014 3413//3413 2016//2016
f 2016//2016 3413//3413 3414//3414
f 2016//2016 3414//3414 362//362
f 362//362 3414//3414 125//125
f 362//362 125//125 127//127
f 2982//2982 207//207 209//209
f 2982//2982 209//209 2983//2983
f 2983//2983 209//209 1616//1616
f 2983//2983 1616//1616 2984//2984
f 2984//2984 1616//1616 1617//1617
f 2984//2984 1617//1617 2980//2980
f 2980//2980 1617//1617 1618//1618
f 2980//2980 1618//1618 2979//2979
f 2979//2979 1618//1618 1620//1620
f 2979//2979 1620//1620 2978//2978
f 2978//2978 1620//1620 1622//1622
f 2978//2978 1622//1622 2976//2976
f 2976//2976 1622//1622 1624//1624
f 2976//2976 1624//1624 349//349
f 349//349 1624//1624 1625//1625
f 349//349 1625//1625 350//350
f 350//350 1625//1625 1699//1699
f 350//350 1699//1699 2086//2086
f 2086//2086 1699//1699 1698//1698
f 2086//2086 1698//1698 2088//2088
f 2088//2088 1698//1698 1734//1734
f 2088//2088 1734//1734 2090//2090
f 2090//2090 1734//1734 1735//1735
f 2090//2090 1735//1735 2092//2092
f 2092//2092 1735//1735 2732//2732
f 2092//2092 2732//2732 2094//2094
f 2094//2094 2732//2732 2731//2731
f 2094//2094 2731//2731 2096//2096
f 2096//2096 2731//2731 2730//2730
f 2096//2096 2730//2730 2098//2098
f 2098//2098 2730//2730 2729//2729
f 2098//2098 2729//2729 2099//2099
f 2099//2099 2729//2729 2508//2508
f 2099//2099 2508//2508 2164//2164
f 2164//2164 2508//2508 2510//2510
f 2164//2164 2510//2510 2500//2500
f 2500//2500 2510//2510 2512//2512
f 2500//2500 2512//2512 2501//2501
f 2501//2501 2512//2512 2514//2514
f 2501//2501 2514//2514 2502//2502
f 2502//2502 2514//2514 2516//2516
f 2502//2502 2516//2516 2503//2503
f 2503//2503 2516//2516 2518//2518
f 2503//2503 2518//2518 2504//2504
f 2504//2504 2518//2518 2520//2520
f 2504//2504 2520//2520 2506//2506
f 2506//2506 2520//2520 2602//2602
f 2506//2506 2602//2602 2507//2507
f 2507//2507 2602//2602 2601//2601
f 2507//2507 2601//2601 2494//2494
f 2494//2494 2601//2601 2599//2599
f 2494//2494 2599//2599 2496//2496
f 2496//2496 2599//2599 2598//2598
f 2496//2496 2598//2598 2591//2591
f 2591//2591 2598//2598 2605//2605
f 2591//2591 2605//2605 2592//2592
f 2592//2592 2605//2605 2604//2604
f 2592//2592 2604//2604 2593//2593
f 2593//2593 2604//2604 2610//2610
f 2593//2593 2610//2610 2585//2585
f 2585//2585 2610//2610 2589//2589
f 2585//2585 2589//2589 2395//2395
f 2395//2395 2589//2589 2406//2406
f 2395//2395 2406//2406 2396//2396
f 2396//2396 2406//2406 2407//2407
f 2396//2396 2407//2407 2384//2384
f 2384//2384 2407//2407 2397//2397
f 2384//2384 2397//2397 2385//2385
f 2385//2385 2397//2397 2398//2398
f 2385//2385 2398//2398 2334//2334
f 2334//2334 2398//2398 2373//2373
f 2334//2334 2373//2373 2335//2335
f 2335//2335 2373//2373 2374//2374
f 2335//2335 2374//2374 2336//2336
f 2336//2336 2374//2374 2375//2375
f 2336//2336 2375//2375 2337//2337
f 2337//2337 2375//2375 2376//2376
f 2337//2337 2376//2376 2338//2338
f 2338//2338 2376//2376 2377//2377
f 2338//2338 2377//2377 2339//2339
f 2339//2339 2377//2377 2378//2378
f 2339//2339 2378//2378 2340//2340
f 2340//2340 2378//2378 2379//2379
f 2340//2340 2379//2379 2341//2341
f 2341//2341 2379//2379 2380//2380
f 2341//2341 2380//2380 2342//2342
f 2342//2342 2380//2380 2381//2381
f 2342//2342 2381//2381 2343//2343
f 2343//2343 2381//2381 2382//2382
f 2343//2343 2382//2382 2344//2344
f 2344//2344 2382//2382 2383//2383
f 2344//2344 2383//2383 2345//2345
f 2345//2345 2383//2383 2022//2022
f 2345//2345 2022//2022 2346//2346
f 2346//2346 2022//2022 2020//2020
f 2346//2346 2020//2020 2347//2347
f 2347//2347 2020//2020 2019//2019
f 2347//2347 2019//2019 323//323
f 323//323 2019//2019 153//153
f 323//323 153//153 148//148
f 3210//3210 3285//3285 3211//3211
f 3211//3211 3285//3285 3287//3287
f 3211//3211 3287//3287 3212//3212
f 3212//3212 3287//3287 3288//3288
f 3212//3212 3288//3288 3213//3213
f 3213//3213 3288//3288 3289//3289
f 3213//3213 3289//3289 3214//3214
f 3214//3214 3289//3289 3086//3086
f 3214//3214 3086//3086 3215//3215
f 3215//3215 3086//3086 3088//3088
f 3215//3215 3088//3088 3216//3216
f 3216//3216 3088//3088 3090//3090
f 3216//3216 3090//3090 3217//3217
f 3217//3217 3090//3090 3092//3092
f 3217//3217 3092//3092 3218//3218
f 3218//3218 3092//3092 3094//3094
f 3218//3218 3094//3094 3219//3219
f 3219//3219 3094//3094 3096//3096
f 3219//3219 3096//3096 3220//3220
f 3220//3220 3096//3096 3098//3098
f 3220//3220 3098//3098 3221//3221
f 3221//3221 3098//3098 3100//3100
f 3221//3221 3100//3100 3222//3222
f 3222//3222 3100//3100 3102//3102
f 3222//3222 3102//3102 3223//3223
f 3223//3223 3102//3102 3104//3104
f 3223//3223 3104//3104 3224//3224
f 3224//3224 3104//3104 3284//3284
f 3224//3224 3284//3284 3387//3387
f 3387//3387 3284//3284 966//966
f 3387//3387 966//966 3388//3388
f 3388//3388 966//966 968//968
f 3388//3388 968//968 3389//3389
f 3389//3389 968//968 970//970
f 3389//3389 970//970 3390//3390
f 3390//3390 970//970 972//972
f 3390//3390 972//972 720//720
f 720//720 972//972 973//973
f 720//720 973//973 719//719
f 719//719 973//973 954//954
f 719//719 954//954 718//718
f 718//718 954//954 953//953
f 718//718 953//953 717//717
f 717//717 953//953 737//737
f 717//717 737//737 1167//1167
f 1167//1167 737//737 736//736
f 1167//1167 736//736 1168//1168
f 1168//1168 736//736 735//735
f 1168//1168 735//735 1169//1169
f 1169//1169 735//735 729//729
f 1169//1169 729//729 1170//1170
f 1170//1170 729//729 728//728
f 1170//1170 728//728 1089//1089
f 1089//1089 728//728 734//734
f 1089//1089 734//734 743//743
f 743//743 734//734 733//733
f 743//743 733//733 741//741
f 741//741 733//733 732//732
f 741//741 732//732 739//739
f 739//739 732//732 731//731
f 739//739 731//731 1457//1457
f 1457//1457 731//731 738//738
f 1457//1457 738//738 1061//1061
f 1061//1061 738//738 3298//3298
f 1061//1061 3298//3298 1059//1059
f 1059//1059 3298//3298 978//978
f 1059//1059 978//978 1109//1109
f 1109//1109 978//978 980//980
f 1109//1109 980//980 1110//1110
f 1110//1110 980//980 989//989
f 1110//1110 989//989 1112//1112
f 1112//1112 989//989 988//988
f 1112//1112 988//988 1002//1002
f 1002//1002 988//988 986//986
f 1002//1002 986//986 990//990
f 990//990 986//986 984//984
f 990//990 984//984 974//974
f 974//974 984//984 982//982
f 974//974 982//982 963//963
f 963//963 982//982 957//957
f 963//963 957//957 414//414
f 414//414 957//957 956//956
f 414//414 956//956 415//415
f 415//415 956//956 3281//3281
f 415//415 3281//3281 1003//1003
f 1003//1003 3281//3281 3280//3280
f 1003//1003 3280//3280 1736//1736
f 1736//1736 3280//3280 3305//3305
f 1736//1736 3305//3305 958//958
f 958//958 3305//3305 3306//3306
f 958//958 3306//3306 959//959
f 959//959 3306//3306 3307//3307
f 959//959 3307//3307 961//961
f 961//961 3307//3307 1026//1026
f 961//961 1026//1026 962//962
f 962//962 1026//1026 1025//1025
f 962//962 1025//1025 1051//1051
f 1051//1051 1025//1025 1023//1023
f 1051//1051 1023//1023 1052//1052
f 1052//1052 1023//1023 1021//1021
f 1052//1052 1021//1021 1053//1053
f 1053//1053 1021//1021 1019//1019
f 1053//1053 1019//1019 1054//1054
f 1054//1054 1019//1019 1050//1050
f 1054//1054 1050//1050 1055//1055
f 1055//1055 1050//1050 1049//1049
f 1055//1055 1049//1049 1555//1555
f 1555//1555 1049//1049 1047//1047
f 1555//1555 1047//1047 1556//1556
f 1556//1556 1047//1047 1045//1045
f 1556//1556 1045//1045 1557//1557
f 1557//1557 1045//1045 1043//1043
f 1557//1557 1043//1043 1558//1558
f 1558//1558 1043//1043 1041//1041
f 1558//1558 1041//1041 1554//1554
f 1554//1554 1041//1041 1039//1039
f 1554//1554 1039//1039 1552//1552
f 1552//1552 1039//1039 3316//3316
f 1552//1552 3316//3316 1546//1546
f 1546//1546 3316//3316 1037//1037
f 1546//1546 1037//1037 1547//1547
f 1547//1547 1037//1037 1036//1036
f 1547//1547 1036//1036 1538//1538
f 1538//1538 1036//1036 1035//1035
f 1538//1538 1035//1035 2787//2787
f 2787//2787 1035//1035 3383//3383
f 2787//2787 3383//3383 2785//2785
f 2785//2785 3383//3383 3381//3381
f 2785//2785 3381//3381 2783//2783
f 2783//2783 3381//3381 3379//3379
f 2783//2783 3379//3379 2910//2910
f 2910//2910 3379//3379 3377//3377
f 2910//2910 3377//3377 2909//2909
f 2909//2909 3377//3377 3375//3375
f 2909//2909 3375//3375 2752//2752
f 2752//2752 3375//3375 3373//3373
f 2752//2752 3373//3373 2753//2753
f 2753//2753 3373//3373 3371//3371
f 2753//2753 3371//3371 2754//2754
f 2754//2754 3371//3371 3062//3062
f 2754//2754 3062//3062 2733//2733
f 2733//2733 3062//3062 3063//3063
f 2733//2733 3063//3063 2734//2734
f 3415//3415 3416//3416 3417//3417
f 3418//3418 3419//3419 3420//3420
f 3421//3421 3422//3422 3423//3423
f 28//28 27//27 3424//3424
f 3426//3426 3427//3427 3428//3428
f 3429//3429 3430//3430 3431//3431
f 3432//3432 3433//3433 3434//3434
f 3435//3435 3436//3436 3437//3437
f 536//536 535//535 3438//3438
f 3439//3439 3440//3440 3441//3441
f 3442//3442 3443//3443 3444//3444
f 3445//3445 3446//3446 3447//3447
f 3448//3448 3449//3449 3450//3450
f 3451//3451 3452//3452 3453//3453
f 3454//3454 3455//3455 3456//3456
f 3457//3457 3458//3458 3459//3459
f 3456//3456 3455//3455 3460//3460
f 3461//3461 3462//3462 3463//3463
f 450//450 460//460 3464//3464
f 3465//3465 3466//3466 3467//3467
f 3468//3468 3469//3469 3470//3470
f 55//55 54//54 3471//3471
f 3472//3472 3473//3473 3474//3474
f 3475//3475 3476//3476 3477//3477
f 2701//2701 2702//2702 3478//3478
f 2684//2684 2683//2683 3479//3479
f 2575//2575 2577//2577 3480//3480
f 2202//2202 2200//2200 3481//3481
f 327//327 337//337 3482//3482
f 1728//1728 328//328 3483//3483
f 336//336 1707//1707 3484//3484
f 1614//1614 208//208 3485//3485
f 1636//1636 1615//1615 3486//3486
f 1707//1707 1706//1706 3484//3484
f 3484//3484 1706//1706 3487//3487
f 3484//3484 3487//3487 3488//3488
f 2126//2126 3489//3489 2127//2127
f 2127//2127 3489//3489 3490//3490
f 3491//3491 2137//2137 3492//3492
f 3492//3492 2137//2137 2136//2136
f 3492//3492 2136//2136 3490//3490
f 3490//3490 2136//2136 2135//2135
f 3490//3490 2135//2135 2127//2127
f 3493//3493 2718//2718 3494//3494
f 3494//3494 2718//2718 1727//1727
f 3494//3494 1727//1727 1728//1728
f 2197//2197 2145//2145 3495//3495
f 3495//3495 2145//2145 2143//2143
f 3495//3495 2143//2143 2142//2142
f 2198//2198 2197//2197 3496//3496
f 3496//3496 2197//2197 3495//3495
f 3496//3496 3495//3495 3497//3497
f 1728//1728 3498//3498 3494//3494
f 3494//3494 3498//3498 3499//3499
f 3494//3494 3499//3499 3493//3493
f 3493//3493 3499//3499 3500//3500
f 3493//3493 3500//3500 3501//3501
f 3502//3502 3503//3503 3500//3500
f 3500//3500 3503//3503 3504//3504
f 3500//3500 3504//3504 3501//3501
f 3505//3505 3506//3506 3507//3507
f 3507//3507 3506//3506 3508//3508
f 3507//3507 3508//3508 3491//3491
f 3491//3491 3508//3508 2133//2133
f 3491//3491 2133//2133 2137//2137
f 3476//3476 2720//2720 2719//2719
f 2202//2202 3509//3509 2204//2204
f 2204//2204 3509//3509 3476//3476
f 2204//2204 3476//3476 2205//2205
f 2205//2205 3476//3476 2719//2719
f 2720//2720 3476//3476 2583//2583
f 2583//2583 3476//3476 3475//3475
f 2583//2583 3475//3475 2584//2584
f 274//274 273//273 3510//3510
f 3510//3510 273//273 2573//2573
f 3511//3511 3512//3512 3513//3513
f 3513//3513 3512//3512 3514//3514
f 3513//3513 3514//3514 2704//2704
f 2704//2704 3514//3514 2703//2703
f 2689//2689 3515//3515 2687//2687
f 2687//2687 3515//3515 3516//3516
f 3517//3517 260//260 259//259
f 3517//3517 259//259 3518//3518
f 260//260 3517//3517 3391//3391
f 3391//3391 3517//3517 3519//3519
f 3391//3391 3519//3519 3392//3392
f 259//259 264//264 3518//3518
f 3518//3518 264//264 2686//2686
f 3518//3518 2686//2686 3520//3520
f 3520//3520 2686//2686 3516//3516
f 3516//3516 2686//2686 2687//2687
f 2577//2577 2584//2584 3480//3480
f 3480//3480 2584//2584 3475//3475
f 3480//3480 3475//3475 3521//3521
f 3521//3521 3475//3475 3477//3477
f 3521//3521 3477//3477 3522//3522
f 3523//3523 3524//3524 3525//3525
f 3525//3525 3524//3524 3526//3526
f 3525//3525 3526//3526 3478//3478
f 3478//3478 3526//3526 3479//3479
f 3478//3478 3479//3479 2701//2701
f 2701//2701 3479//3479 2683//2683
f 3527//3527 3519//3519 3528//3528
f 3528//3528 3519//3519 3517//3517
f 3528//3528 3517//3517 3529//3529
f 3529//3529 3517//3517 3518//3518
f 3529//3529 3518//3518 3530//3530
f 3530//3530 3518//3518 3531//3531
f 3531//3531 3518//3518 3520//3520
f 3531//3531 3520//3520 3532//3532
f 3532//3532 3520//3520 3516//3516
f 3532//3532 3516//3516 3533//3533
f 3533//3533 3516//3516 3515//3515
f 3533//3533 3515//3515 3534//3534
f 3519//3519 58//58 60//60
f 65//65 3394//3394 61//61
f 61//61 3394//3394 3393//3393
f 61//61 3393//3393 60//60
f 60//60 3393//3393 3519//3519
f 3519//3519 3393//3393 3392//3392
f 3535//3535 3536//3536 3537//3537
f 3537//3537 3536//3536 3538//3538
f 3537//3537 3538//3538 3539//3539
f 3539//3539 3538//3538 3540//3540
f 3539//3539 3540//3540 3541//3541
f 3472//3472 3474//3474 3542//3542
f 3543//3543 3544//3544 3545//3545
f 3546//3546 3547//3547 3548//3548
f 3548//3548 3547//3547 3549//3549
f 3548//3548 3549//3549 3550//3550
f 3550//3550 3549//3549 3551//3551
f 3550//3550 3551//3551 3552//3552
f 3552//3552 3551//3551 3553//3553
f 3552//3552 3553//3553 3497//3497
f 3497//3497 3553//3553 3481//3481
f 3497//3497 3481//3481 3496//3496
f 3496//3496 3481//3481 2200//2200
f 3496//3496 2200//2200 2198//2198
f 2573//2573 2575//2575 3510//3510
f 3510//3510 2575//2575 3480//3480
f 3510//3510 3480//3480 3554//3554
f 3554//3554 3480//3480 3521//3521
f 3554//3554 3521//3521 3555//3555
f 3555//3555 3521//3521 3522//3522
f 3555//3555 3522//3522 3556//3556
f 3557//3557 3523//3523 3558//3558
f 3558//3558 3523//3523 3525//3525
f 3558//3558 3525//3525 3559//3559
f 3559//3559 3525//3525 3478//3478
f 3559//3559 3478//3478 2703//2703
f 2703//2703 3478//3478 2702//2702
f 3559//3559 2703//2703 3514//3514
f 3559//3559 3514//3514 3558//3558
f 3558//3558 3514//3514 3512//3512
f 3558//3558 3512//3512 3557//3557
f 3557//3557 3512//3512 3511//3511
f 3557//3557 3511//3511 3560//3560
f 3556//3556 3561//3561 3555//3555
f 3555//3555 3561//3561 3562//3562
f 3555//3555 3562//3562 3554//3554
f 3554//3554 3562//3562 3563//3563
f 3554//3554 3563//3563 3510//3510
f 3510//3510 3563//3563 3564//3564
f 3510//3510 3564//3564 274//274
f 274//274 3564//3564 2717//2717
f 52//52 64//64 3527//3527
f 54//54 52//52 3471//3471
f 3471//3471 52//52 3527//3527
f 3471//3471 3527//3527 3565//3565
f 3565//3565 3527//3527 3528//3528
f 3565//3565 3528//3528 3566//3566
f 3566//3566 3528//3528 3529//3529
f 3566//3566 3529//3529 3567//3567
f 3567//3567 3529//3529 3530//3530
f 3567//3567 3530//3530 3568//3568
f 3568//3568 3530//3530 3531//3531
f 3568//3568 3531//3531 3569//3569
f 3569//3569 3531//3531 3532//3532
f 3569//3569 3532//3532 3570//3570
f 3570//3570 3532//3532 3533//3533
f 3570//3570 3533//3533 3571//3571
f 3571//3571 3533//3533 3534//3534
f 3571//3571 3534//3534 3572//3572
f 2202//2202 3481//3481 3509//3509
f 3509//3509 3481//3481 3553//3553
f 3509//3509 3553//3553 3476//3476
f 3476//3476 3553//3553 3551//3551
f 3476//3476 3551//3551 3477//3477
f 3477//3477 3551//3551 3549//3549
f 3477//3477 3549//3549 3522//3522
f 3522//3522 3549//3549 3547//3547
f 3522//3522 3547//3547 3556//3556
f 3556//3556 3547//3547 3573//3573
f 3556//3556 3573//3573 3561//3561
f 3527//3527 64//64 63//63
f 3527//3527 63//63 3519//3519
f 3519//3519 63//63 62//62
f 3519//3519 62//62 58//58
f 3474//3474 3574//3574 3575//3575
f 3575//3575 3574//3574 3576//3576
f 3575//3575 3576//3576 3577//3577
f 3577//3577 3576//3576 3578//3578
f 3577//3577 3578//3578 3579//3579
f 3580//3580 3581//3581 3582//3582
f 3582//3582 3581//3581 3583//3583
f 3542//3542 3474//3474 3584//3584
f 3584//3584 3474//3474 3575//3575
f 3584//3584 3575//3575 3585//3585
f 3585//3585 3575//3575 3577//3577
f 3585//3585 3577//3577 3586//3586
f 3586//3586 3577//3577 3579//3579
f 3586//3586 3579//3579 3587//3587
f 3588//3588 3589//3589 3590//3590
f 3590//3590 3589//3589 3591//3591
f 3590//3590 3591//3591 3592//3592
f 3592//3592 3591//3591 3593//3593
f 3592//3592 3593//3593 3594//3594
f 3594//3594 3593//3593 3595//3595
f 3594//3594 3595//3595 3596//3596
f 3596//3596 3595//3595 3597//3597
f 3596//3596 3597//3597 3598//3598
f 3598//3598 3597//3597 3599//3599
f 3598//3598 3599//3599 3600//3600
f 3600//3600 3599//3599 3601//3601
f 3600//3600 3601//3601 3602//3602
f 3602//3602 3601//3601 3603//3603
f 3602//3602 3603//3603 3604//3604
f 3604//3604 3603//3603 3605//3605
f 3604//3604 3605//3605 3606//3606
f 3606//3606 3605//3605 3607//3607
f 3606//3606 3607//3607 3608//3608
f 3608//3608 3607//3607 3609//3609
f 3608//3608 3609//3609 3610//3610
f 3610//3610 3609//3609 3611//3611
f 3610//3610 3611//3611 3612//3612
f 3612//3612 3611//3611 3613//3613
f 3612//3612 3613//3613 3614//3614
f 3463//3463 3462//3462 3615//3615
f 3615//3615 3462//3462 3616//3616
f 3615//3615 3616//3616 3617//3617
f 3618//3618 3619//3619 3620//3620
f 3620//3620 3619//3619 3621//3621
f 3620//3620 3621//3621 3622//3622
f 3622//3622 3621//3621 3623//3623
f 3622//3622 3623//3623 3624//3624
f 3624//3624 3623//3623 3625//3625
f 3624//3624 3625//3625 3626//3626
f 3626//3626 3625//3625 3627//3627
f 3626//3626 3627//3627 3628//3628
f 3628//3628 3627//3627 3629//3629
f 3628//3628 3629//3629 3630//3630
f 3630//3630 3629//3629 3631//3631
f 3630//3630 3631//3631 3632//3632
f 3632//3632 3631//3631 3633//3633
f 3632//3632 3633//3633 3634//3634
f 3634//3634 3633//3633 3635//3635
f 3634//3634 3635//3635 3636//3636
f 3636//3636 3635//3635 3637//3637
f 3636//3636 3637//3637 3638//3638
f 3638//3638 3637//3637 3639//3639
f 3638//3638 3639//3639 3640//3640
f 3640//3640 3639//3639 3641//3641
f 3640//3640 3641//3641 3642//3642
f 3642//3642 3641//3641 3643//3643
f 3642//3642 3643//3643 3644//3644
f 3643//3643 3645//3645 3644//3644
f 3644//3644 3645//3645 3646//3646
f 3644//3644 3646//3646 3647//3647
f 3647//3647 3646//3646 3648//3648
f 3647//3647 3648//3648 3649//3649
f 3645//3645 3650//3650 3646//3646
f 3646//3646 3650//3650 3651//3651
f 3646//3646 3651//3651 3648//3648
f 3648//3648 3651//3651 3652//3652
f 3648//3648 3652//3652 3649//3649
f 51//51 50//50 3588//3588
f 43//43 51//51 3619//3619
f 3619//3619 51//51 3588//3588
f 3619//3619 3588//3588 3621//3621
f 3621//3621 3588//3588 3590//3590
f 3621//3621 3590//3590 3623//3623
f 3623//3623 3590//3590 3592//3592
f 3623//3623 3592//3592 3625//3625
f 3625//3625 3592//3592 3594//3594
f 3625//3625 3594//3594 3627//3627
f 3627//3627 3594//3594 3596//3596
f 3627//3627 3596//3596 3629//3629
f 3629//3629 3596//3596 3598//3598
f 3629//3629 3598//3598 3631//3631
f 3631//3631 3598//3598 3600//3600
f 3631//3631 3600//3600 3633//3633
f 3633//3633 3600//3600 3602//3602
f 3633//3633 3602//3602 3635//3635
f 3635//3635 3602//3602 3604//3604
f 3635//3635 3604//3604 3637//3637
f 3637//3637 3604//3604 3606//3606
f 3637//3637 3606//3606 3639//3639
f 3639//3639 3606//3606 3608//3608
f 3639//3639 3608//3608 3641//3641
f 3641//3641 3608//3608 3610//3610
f 3641//3641 3610//3610 3643//3643
f 3643//3643 3610//3610 3612//3612
f 3643//3643 3612//3612 3645//3645
f 3645//3645 3612//3612 3614//3614
f 3645//3645 3614//3614 3650//3650
f 50//50 49//49 3588//3588
f 3588//3588 49//49 48//48
f 3588//3588 48//48 3589//3589
f 3589//3589 48//48 57//57
f 57//57 55//55 3589//3589
f 3589//3589 55//55 3471//3471
f 3589//3589 3471//3471 3591//3591
f 3591//3591 3471//3471 3565//3565
f 3591//3591 3565//3565 3593//3593
f 3593//3593 3565//3565 3566//3566
f 3593//3593 3566//3566 3595//3595
f 3595//3595 3566//3566 3567//3567
f 3595//3595 3567//3567 3597//3597
f 3597//3597 3567//3567 3568//3568
f 3597//3597 3568//3568 3599//3599
f 3599//3599 3568//3568 3569//3569
f 3599//3599 3569//3569 3601//3601
f 3601//3601 3569//3569 3570//3570
f 3601//3601 3570//3570 3603//3603
f 3603//3603 3570//3570 3571//3571
f 3603//3603 3571//3571 3605//3605
f 3605//3605 3571//3571 3572//3572
f 3605//3605 3572//3572 3607//3607
f 3653//3653 3583//3583 3654//3654
f 3654//3654 3583//3583 3581//3581
f 3654//3654 3581//3581 3655//3655
f 3655//3655 3581//3581 3580//3580
f 3578//3578 3653//3653 3579//3579
f 3579//3579 3653//3653 3654//3654
f 3579//3579 3654//3654 3587//3587
f 3587//3587 3654//3654 3655//3655
f 3587//3587 3655//3655 3466//3466
f 3466//3466 3655//3655 3580//3580
f 3466//3466 3465//3465 3587//3587
f 3587//3587 3465//3465 3656//3656
f 3587//3587 3656//3656 3586//3586
f 3586//3586 3656//3656 3657//3657
f 3586//3586 3657//3657 3585//3585
f 3585//3585 3657//3657 3658//3658
f 3585//3585 3658//3658 3584//3584
f 3584//3584 3658//3658 3659//3659
f 3584//3584 3659//3659 3542//3542
f 3542//3542 3659//3659 3660//3660
f 3542//3542 3660//3660 3472//3472
f 3472//3472 3660//3660 3661//3661
f 3472//3472 3661//3661 3473//3473
f 3470//3470 3469//3469 3662//3662
f 3662//3662 3469//3469 3663//3663
f 3662//3662 3663//3663 3664//3664
f 3664//3664 3663//3663 3665//3665
f 3664//3664 3665//3665 3666//3666
f 3667//3667 3139//3139 3138//3138
f 3137//3137 3668//3668 3138//3138
f 3138//3138 3668//3668 3669//3669
f 3138//3138 3669//3669 3667//3667
f 3582//3582 3468//3468 3580//3580
f 3580//3580 3468//3468 3470//3470
f 3580//3580 3470//3470 3466//3466
f 3466//3466 3470//3470 3662//3662
f 3466//3466 3662//3662 3467//3467
f 3467//3467 3662//3662 3664//3664
f 3467//3467 3664//3664 3668//3668
f 3668//3668 3664//3664 3666//3666
f 3668//3668 3666//3666 3669//3669
f 460//460 459//459 3464//3464
f 3464//3464 459//459 3670//3670
f 3464//3464 3670//3670 3671//3671
f 3671//3671 3670//3670 3672//3672
f 3671//3671 3672//3672 3673//3673
f 3673//3673 3672//3672 3674//3674
f 3673//3673 3674//3674 3675//3675
f 3675//3675 3674//3674 3676//3676
f 3675//3675 3676//3676 3677//3677
f 3677//3677 3676//3676 3678//3678
f 463//463 462//462 3679//3679
f 457//457 455//455 3680//3680
f 3137//3137 450//450 3668//3668
f 3668//3668 450//450 3464//3464
f 3668//3668 3464//3464 3467//3467
f 3467//3467 3464//3464 3671//3671
f 3467//3467 3671//3671 3465//3465
f 3465//3465 3671//3671 3673//3673
f 3465//3465 3673//3673 3656//3656
f 3656//3656 3673//3673 3675//3675
f 3656//3656 3675//3675 3657//3657
f 3657//3657 3675//3675 3677//3677
f 3657//3657 3677//3677 3658//3658
f 3658//3658 3677//3677 3678//3678
f 3658//3658 3678//3678 3659//3659
f 459//459 457//457 3670//3670
f 3670//3670 457//457 3680//3680
f 3670//3670 3680//3680 3672//3672
f 3672//3672 3680//3680 3681//3681
f 3672//3672 3681//3681 3674//3674
f 3674//3674 3681//3681 3682//3682
f 3674//3674 3682//3682 3676//3676
f 3676//3676 3682//3682 3683//3683
f 3676//3676 3683//3683 3678//3678
f 3678//3678 3683//3683 3684//3684
f 3678//3678 3684//3684 3659//3659
f 3659//3659 3684//3684 3685//3685
f 3659//3659 3685//3685 3660//3660
f 3660//3660 3685//3685 3543//3543
f 3660//3660 3543//3543 3661//3661
f 3661//3661 3543//3543 3545//3545
f 3661//3661 3545//3545 3473//3473
f 455//455 463//463 3680//3680
f 3680//3680 463//463 3679//3679
f 3680//3680 3679//3679 3681//3681
f 3681//3681 3679//3679 3686//3686
f 3681//3681 3686//3686 3682//3682
f 3682//3682 3686//3686 3687//3687
f 3682//3682 3687//3687 3683//3683
f 3683//3683 3687//3687 3688//3688
f 3683//3683 3688//3688 3684//3684
f 3684//3684 3688//3688 3546//3546
f 3684//3684 3546//3546 3685//3685
f 3685//3685 3546//3546 3548//3548
f 3685//3685 3548//3548 3543//3543
f 3543//3543 3548//3548 3550//3550
f 3543//3543 3550//3550 3544//3544
f 3544//3544 3550//3550 3552//3552
f 3544//3544 3552//3552 3505//3505
f 3505//3505 3552//3552 3497//3497
f 3505//3505 3497//3497 3506//3506
f 3506//3506 3497//3497 3495//3495
f 3506//3506 3495//3495 3508//3508
f 3508//3508 3495//3495 2142//2142
f 3508//3508 2142//2142 2133//2133
f 3689//3689 3690//3690 3691//3691
f 3691//3691 3690//3690 3454//3454
f 3458//3458 3692//3692 3459//3459
f 3459//3459 3692//3692 3693//3693
f 3459//3459 3693//3693 3694//3694
f 3695//3695 3457//3457 3696//3696
f 3697//3697 3698//3698 3699//3699
f 3699//3699 3698//3698 3700//3700
f 3699//3699 3700//3700 3701//3701
f 3702//3702 3697//3697 3703//3703
f 3703//3703 3697//3697 3699//3699
f 3703//3703 3699//3699 3445//3445
f 3445//3445 3699//3699 3701//3701
f 3445//3445 3701//3701 3446//3446
f 3704//3704 3695//3695 3705//3705
f 3705//3705 3695//3695 3696//3696
f 3705//3705 3696//3696 3706//3706
f 3706//3706 3696//3696 3707//3707
f 3450//3450 3449//3449 3708//3708
f 3708//3708 3449//3449 3709//3709
f 3708//3708 3709//3709 3710//3710
f 3710//3710 3709//3709 3711//3711
f 3710//3710 3711//3711 3712//3712
f 3451//3451 3453//3453 3433//3433
f 3713//3713 3714//3714 3715//3715
f 3715//3715 3714//3714 3716//3716
f 3715//3715 3716//3716 3717//3717
f 3717//3717 3716//3716 3718//3718
f 3717//3717 3718//3718 3719//3719
f 3720//3720 3713//3713 3721//3721
f 3721//3721 3713//3713 3715//3715
f 3721//3721 3715//3715 3722//3722
f 3722//3722 3715//3715 3717//3717
f 3722//3722 3717//3717 3442//3442
f 3442//3442 3717//3717 3719//3719
f 3442//3442 3719//3719 3443//3443
f 3723//3723 3724//3724 3725//3725
f 3725//3725 3724//3724 3726//3726
f 3725//3725 3726//3726 3727//3727
f 3727//3727 3726//3726 3728//3728
f 3727//3727 3728//3728 3729//3729
f 3729//3729 3728//3728 39//39
f 3729//3729 39//39 3730//3730
f 3730//3730 39//39 37//37
f 3730//3730 37//37 36//36
f 3731//3731 3732//3732 3733//3733
f 3733//3733 3732//3732 3734//3734
f 3733//3733 3734//3734 3735//3735
f 3735//3735 3734//3734 3736//3736
f 3735//3735 3736//3736 3737//3737
f 3737//3737 3736//3736 3738//3738
f 3737//3737 3738//3738 3739//3739
f 3739//3739 3740//3740 3737//3737
f 3737//3737 3740//3740 3741//3741
f 3737//3737 3741//3741 3735//3735
f 3735//3735 3741//3741 3742//3742
f 3735//3735 3742//3742 3733//3733
f 3733//3733 3742//3742 3439//3439
f 3733//3733 3439//3439 3731//3731
f 3731//3731 3439//3439 3441//3441
f 30//30 3726//3726 31//31
f 31//31 3726//3726 3724//3724
f 31//31 3724//3724 33//33
f 33//33 3724//3724 34//34
f 30//30 41//41 3726//3726
f 3726//3726 41//41 3728//3728
f 3728//3728 41//41 40//40
f 3728//3728 40//40 39//39
f 2689//2689 2684//2684 3515//3515
f 3515//3515 2684//2684 3479//3479
f 3515//3515 3479//3479 3534//3534
f 3534//3534 3479//3479 3526//3526
f 3534//3534 3526//3526 3572//3572
f 3572//3572 3526//3526 3524//3524
f 3572//3572 3524//3524 3607//3607
f 3607//3607 3524//3524 3523//3523
f 3607//3607 3523//3523 3609//3609
f 3609//3609 3523//3523 3557//3557
f 3609//3609 3557//3557 3611//3611
f 3611//3611 3557//3557 3560//3560
f 3611//3611 3560//3560 3613//3613
f 3613//3613 3560//3560 3743//3743
f 3613//3613 3743//3743 3614//3614
f 3614//3614 3743//3743 3744//3744
f 3614//3614 3744//3744 3650//3650
f 3650//3650 3744//3744 3745//3745
f 3650//3650 3745//3745 3651//3651
f 3651//3651 3745//3745 3617//3617
f 3651//3651 3617//3617 3652//3652
f 3652//3652 3617//3617 3616//3616
f 3652//3652 3616//3616 3746//3746
f 3746//3746 3616//3616 3462//3462
f 3746//3746 3462//3462 3747//3747
f 3747//3747 3462//3462 3461//3461
f 3747//3747 3461//3461 3748//3748
f 3748//3748 3461//3461 3463//3463
f 3748//3748 3463//3463 3749//3749
f 3749//3749 3463//3463 3750//3750
f 3749//3749 3750//3750 3751//3751
f 3751//3751 3750//3750 3752//3752
f 3753//3753 3754//3754 3755//3755
f 3755//3755 3754//3754 3756//3756
f 3755//3755 3756//3756 3757//3757
f 3757//3757 3756//3756 3758//3758
f 3757//3757 3758//3758 3759//3759
f 3759//3759 3758//3758 3453//3453
f 3759//3759 3453//3453 3691//3691
f 3691//3691 3453//3453 3452//3452
f 3691//3691 3452//3452 3689//3689
f 434//434 3751//3751 445//445
f 445//445 3751//3751 3752//3752
f 445//445 3752//3752 461//461
f 3433//3433 3453//3453 3434//3434
f 3434//3434 3453//3453 3758//3758
f 3434//3434 3758//3758 3760//3760
f 3760//3760 3758//3758 3756//3756
f 3760//3760 3756//3756 3438//3438
f 3438//3438 3756//3756 3754//3754
f 3438//3438 3754//3754 536//536
f 433//433 527//527 3761//3761
f 3761//3761 527//527 3753//3753
f 3761//3761 3753//3753 3762//3762
f 3762//3762 3753//3753 3755//3755
f 3762//3762 3755//3755 3763//3763
f 3763//3763 3755//3755 3757//3757
f 3763//3763 3757//3757 3764//3764
f 3764//3764 3757//3757 3759//3759
f 3764//3764 3759//3759 3765//3765
f 3765//3765 3759//3759 3691//3691
f 527//527 530//530 3753//3753
f 3753//3753 530//530 3754//3754
f 3754//3754 530//530 531//531
f 3754//3754 531//531 536//536
f 3438//3438 3435//3435 3760//3760
f 3760//3760 3435//3435 3437//3437
f 3760//3760 3437//3437 3434//3434
f 3434//3434 3437//3437 3766//3766
f 3434//3434 3766//3766 3432//3432
f 535//535 570//570 3438//3438
f 3438//3438 570//570 3767//3767
f 3438//3438 3767//3767 3435//3435
f 3435//3435 3767//3767 3768//3768
f 3435//3435 3768//3768 3436//3436
f 3436//3436 3768//3768 3769//3769
f 3436//3436 3769//3769 3437//3437
f 3437//3437 3769//3769 3770//3770
f 3437//3437 3770//3770 3766//3766
f 3771//3771 3772//3772 3773//3773
f 3773//3773 3772//3772 3774//3774
f 3773//3773 3774//3774 3775//3775
f 3775//3775 3774//3774 3776//3776
f 3775//3775 3776//3776 3777//3777
f 3777//3777 3776//3776 3431//3431
f 3777//3777 3431//3431 3778//3778
f 3778//3778 3431//3431 3430//3430
f 3778//3778 3430//3430 3779//3779
f 3780//3780 3781//3781 3782//3782
f 3782//3782 3781//3781 3783//3783
f 3782//3782 3783//3783 3784//3784
f 3784//3784 3783//3783 3785//3785
f 3784//3784 3785//3785 3786//3786
f 3786//3786 3785//3785 3787//3787
f 3786//3786 3787//3787 3788//3788
f 3788//3788 3787//3787 3789//3789
f 3788//3788 3789//3789 3448//3448
f 3448//3448 3789//3789 3790//3790
f 3448//3448 3790//3790 3449//3449
f 3449//3449 3790//3790 3791//3791
f 3449//3449 3791//3791 3709//3709
f 3709//3709 3791//3791 3694//3694
f 3709//3709 3694//3694 3711//3711
f 3711//3711 3694//3694 3693//3693
f 3711//3711 3693//3693 3712//3712
f 3712//3712 3693//3693 3692//3692
f 3450//3450 3771//3771 3448//3448
f 3448//3448 3771//3771 3773//3773
f 3448//3448 3773//3773 3788//3788
f 3788//3788 3773//3773 3775//3775
f 3788//3788 3775//3775 3786//3786
f 3786//3786 3775//3775 3777//3777
f 3786//3786 3777//3777 3784//3784
f 3784//3784 3777//3777 3778//3778
f 3784//3784 3778//3778 3782//3782
f 3782//3782 3778//3778 3779//3779
f 3782//3782 3779//3779 3780//3780
f 3792//3792 3793//3793 3794//3794
f 3794//3794 3793//3793 3795//3795
f 3794//3794 3795//3795 3796//3796
f 3796//3796 3795//3795 3797//3797
f 3796//3796 3797//3797 3798//3798
f 3798//3798 3797//3797 3799//3799
f 3798//3798 3799//3799 3800//3800
f 3740//3740 3792//3792 3741//3741
f 3741//3741 3792//3792 3794//3794
f 3741//3741 3794//3794 3742//3742
f 3742//3742 3794//3794 3796//3796
f 3742//3742 3796//3796 3439//3439
f 3439//3439 3796//3796 3798//3798
f 3439//3439 3798//3798 3440//3440
f 3440//3440 3798//3798 3800//3800
f 3440//3440 3800//3800 3441//3441
f 3799//3799 3427//3427 3800//3800
f 3800//3800 3427//3427 3426//3426
f 3800//3800 3426//3426 3441//3441
f 3441//3441 3426//3426 3723//3723
f 3441//3441 3723//3723 3731//3731
f 3731//3731 3723//3723 3725//3725
f 3731//3731 3725//3725 3732//3732
f 3732//3732 3725//3725 3727//3727
f 3732//3732 3727//3727 3734//3734
f 3734//3734 3727//3727 3729//3729
f 3734//3734 3729//3729 3736//3736
f 3736//3736 3729//3729 3730//3730
f 3736//3736 3730//3730 3738//3738
f 3801//3801 3781//3781 3802//3802
f 3802//3802 3781//3781 3780//3780
f 3802//3802 3780//3780 3803//3803
f 3803//3803 3780//3780 3779//3779
f 3803//3803 3779//3779 3804//3804
f 3804//3804 3779//3779 3430//3430
f 3804//3804 3430//3430 3805//3805
f 3805//3805 3430//3430 3429//3429
f 3805//3805 3429//3429 3806//3806
f 568//568 567//567 3806//3806
f 3806//3806 567//567 3805//3805
f 3805//3805 567//567 564//564
f 3805//3805 564//564 3804//3804
f 3804//3804 564//564 3803//3803
f 3803//3803 564//564 572//572
f 3803//3803 572//572 3802//3802
f 3802//3802 572//572 571//571
f 3802//3802 571//571 3801//3801
f 3801//3801 571//571 428//428
f 3714//3714 3702//3702 3716//3716
f 3716//3716 3702//3702 3703//3703
f 3716//3716 3703//3703 3718//3718
f 3718//3718 3703//3703 3445//3445
f 3718//3718 3445//3445 3719//3719
f 3719//3719 3445//3445 3447//3447
f 3719//3719 3447//3447 3443//3443
f 3443//3443 3447//3447 3807//3807
f 3443//3443 3807//3807 3444//3444
f 3444//3444 3807//3807 3808//3808
f 3444//3444 3808//3808 3809//3809
f 3809//3809 3808//3808 3810//3810
f 3809//3809 3810//3810 3811//3811
f 3811//3811 3810//3810 3812//3812
f 3811//3811 3812//3812 3813//3813
f 3813//3813 3812//3812 3814//3814
f 3813//3813 3814//3814 3815//3815
f 3815//3815 3814//3814 3816//3816
f 3815//3815 3816//3816 3817//3817
f 3817//3817 3816//3816 3818//3818
f 3817//3817 3818//3818 3819//3819
f 3820//3820 3821//3821 3822//3822
f 3822//3822 3821//3821 3823//3823
f 3822//3822 3823//3823 3824//3824
f 3824//3824 3823//3823 3424//3424
f 3824//3824 3424//3424 3825//3825
f 3825//3825 3424//3424 27//27
f 588//588 590//590 3826//3826
f 3826//3826 590//590 3827//3827
f 3826//3826 3827//3827 3828//3828
f 3828//3828 3827//3827 3428//3428
f 3828//3828 3428//3428 3829//3829
f 3829//3829 3428//3428 3427//3427
f 3829//3829 3427//3427 3830//3830
f 3830//3830 3427//3427 3799//3799
f 3698//3698 3704//3704 3700//3700
f 3700//3700 3704//3704 3705//3705
f 3700//3700 3705//3705 3701//3701
f 3701//3701 3705//3705 3706//3706
f 3701//3701 3706//3706 3446//3446
f 3446//3446 3706//3706 3707//3707
f 3446//3446 3707//3707 3447//3447
f 3447//3447 3707//3707 3831//3831
f 3447//3447 3831//3831 3807//3807
f 3807//3807 3831//3831 3832//3832
f 3807//3807 3832//3832 3808//3808
f 3808//3808 3832//3832 3833//3833
f 3808//3808 3833//3833 3810//3810
f 3810//3810 3833//3833 3834//3834
f 3810//3810 3834//3834 3812//3812
f 3812//3812 3834//3834 3835//3835
f 3812//3812 3835//3835 3814//3814
f 3814//3814 3835//3835 3836//3836
f 3814//3814 3836//3836 3816//3816
f 3816//3816 3836//3836 3837//3837
f 3816//3816 3837//3837 3818//3818
f 3818//3818 3837//3837 3425//3425
f 3818//3818 3425//3425 3819//3819
f 3819//3819 3425//3425 581//581
f 3819//3819 581//581 589//589
f 589//589 588//588 3819//3819
f 3819//3819 588//588 3826//3826
f 3819//3819 3826//3826 3817//3817
f 3817//3817 3826//3826 3828//3828
f 3817//3817 3828//3828 3815//3815
f 3815//3815 3828//3828 3829//3829
f 3815//3815 3829//3829 3813//3813
f 3813//3813 3829//3829 3830//3830
f 3813//3813 3830//3830 3811//3811
f 3811//3811 3830//3830 3799//3799
f 3811//3811 3799//3799 3809//3809
f 3809//3809 3799//3799 3797//3797
f 3809//3809 3797//3797 3444//3444
f 3444//3444 3797//3797 3795//3795
f 3444//3444 3795//3795 3442//3442
f 3442//3442 3795//3795 3793//3793
f 3442//3442 3793//3793 3722//3722
f 3722//3722 3793//3793 3792//3792
f 3722//3722 3792//3792 3721//3721
f 3721//3721 3792//3792 3740//3740
f 3721//3721 3740//3740 3720//3720
f 3720//3720 3740//3740 3739//3739
f 592//592 426//426 3838//3838
f 3838//3838 426//426 3839//3839
f 3838//3838 3839//3839 3840//3840
f 606//606 595//595 3820//3820
f 3820//3820 595//595 594//594
f 3820//3820 594//594 3821//3821
f 3457//3457 3459//3459 3696//3696
f 3696//3696 3459//3459 3694//3694
f 3696//3696 3694//3694 3707//3707
f 3707//3707 3694//3694 3791//3791
f 3707//3707 3791//3791 3831//3831
f 3831//3831 3791//3791 3790//3790
f 3831//3831 3790//3790 3832//3832
f 3832//3832 3790//3790 3789//3789
f 3832//3832 3789//3789 3833//3833
f 3833//3833 3789//3789 3787//3787
f 3833//3833 3787//3787 3834//3834
f 3834//3834 3787//3787 3785//3785
f 3834//3834 3785//3785 3835//3835
f 3835//3835 3785//3785 3783//3783
f 3835//3835 3783//3783 3836//3836
f 3836//3836 3783//3783 3781//3781
f 3836//3836 3781//3781 3837//3837
f 3837//3837 3781//3781 3801//3801
f 3837//3837 3801//3801 3425//3425
f 3425//3425 3801//3801 428//428
f 3425//3425 428//428 581//581
f 3840//3840 19//19 29//29
f 594//594 592//592 3821//3821
f 3821//3821 592//592 3838//3838
f 3821//3821 3838//3838 3823//3823
f 3823//3823 3838//3838 3840//3840
f 3823//3823 3840//3840 3424//3424
f 3424//3424 3840//3840 29//29
f 3424//3424 29//29 28//28
f 3458//3458 3460//3460 3692//3692
f 3692//3692 3460//3460 3455//3455
f 3692//3692 3455//3455 3712//3712
f 3712//3712 3455//3455 3454//3454
f 3712//3712 3454//3454 3710//3710
f 3710//3710 3454//3454 3690//3690
f 3710//3710 3690//3690 3708//3708
f 3708//3708 3690//3690 3689//3689
f 3708//3708 3689//3689 3450//3450
f 3450//3450 3689//3689 3452//3452
f 3450//3450 3452//3452 3771//3771
f 3771//3771 3452//3452 3451//3451
f 3771//3771 3451//3451 3772//3772
f 3772//3772 3451//3451 3433//3433
f 3772//3772 3433//3433 3774//3774
f 3774//3774 3433//3433 3432//3432
f 3774//3774 3432//3432 3776//3776
f 3776//3776 3432//3432 3766//3766
f 3776//3776 3766//3766 3431//3431
f 3431//3431 3766//3766 3770//3770
f 3431//3431 3770//3770 3429//3429
f 3429//3429 3770//3770 3769//3769
f 3429//3429 3769//3769 3806//3806
f 3806//3806 3769//3769 3768//3768
f 3806//3806 3768//3768 568//568
f 568//568 3768//3768 3767//3767
f 568//568 3767//3767 569//569
f 569//569 3767//3767 570//570
f 27//27 25//25 3825//3825
f 3825//3825 25//25 24//24
f 3825//3825 24//24 35//35
f 590//590 606//606 3827//3827
f 3827//3827 606//606 3820//3820
f 3827//3827 3820//3820 3428//3428
f 3428//3428 3820//3820 3822//3822
f 3428//3428 3822//3822 3426//3426
f 3426//3426 3822//3822 3824//3824
f 3426//3426 3824//3824 3723//3723
f 3723//3723 3824//3824 3825//3825
f 3723//3723 3825//3825 3724//3724
f 3724//3724 3825//3825 35//35
f 3724//3724 35//35 34//34
f 462//462 461//461 3679//3679
f 3679//3679 461//461 3752//3752
f 3679//3679 3752//3752 3686//3686
f 3686//3686 3752//3752 3750//3750
f 3686//3686 3750//3750 3687//3687
f 3687//3687 3750//3750 3463//3463
f 3687//3687 3463//3463 3688//3688
f 3688//3688 3463//3463 3615//3615
f 3688//3688 3615//3615 3546//3546
f 3546//3546 3615//3615 3617//3617
f 3546//3546 3617//3617 3547//3547
f 3547//3547 3617//3617 3745//3745
f 3547//3547 3745//3745 3573//3573
f 3573//3573 3745//3745 3744//3744
f 3573//3573 3744//3744 3561//3561
f 3561//3561 3744//3744 3743//3743
f 3561//3561 3743//3743 3562//3562
f 3562//3562 3743//3743 3560//3560
f 3562//3562 3560//3560 3563//3563
f 3563//3563 3560//3560 3511//3511
f 3563//3563 3511//3511 3564//3564
f 3564//3564 3511//3511 3513//3513
f 3564//3564 3513//3513 2717//2717
f 2717//2717 3513//3513 2704//2704
f 3841//3841 3842//3842 3843//3843
f 234//234 233//233 3844//3844
f 236//236 235//235 3845//3845
f 3845//3845 235//235 3173//3173
f 225//225 224//224 3846//3846
f 222//222 220//220 3847//3847
f 224//224 3132//3132 3846//3846
f 3846//3846 3132//3132 3848//3848
f 3846//3846 3848//3848 3849//3849
f 3849//3849 3848//3848 3850//3850
f 3849//3849 3850//3850 3851//3851
f 3851//3851 3850//3850 3852//3852
f 3851//3851 3852//3852 3853//3853
f 3853//3853 3852//3852 3854//3854
f 3853//3853 3854//3854 3855//3855
f 3855//3855 3854//3854 3856//3856
f 3855//3855 3856//3856 3857//3857
f 3857//3857 3856//3856 3858//3858
f 3857//3857 3858//3858 3859//3859
f 3859//3859 3858//3858 3860//3860
f 3859//3859 3860//3860 3861//3861
f 3861//3861 3860//3860 3862//3862
f 3132//3132 222//222 3848//3848
f 3848//3848 222//222 3847//3847
f 3848//3848 3847//3847 3850//3850
f 3850//3850 3847//3847 3863//3863
f 3850//3850 3863//3863 3852//3852
f 3852//3852 3863//3863 3864//3864
f 3852//3852 3864//3864 3854//3854
f 3854//3854 3864//3864 3865//3865
f 3854//3854 3865//3865 3856//3856
f 3856//3856 3865//3865 3866//3866
f 3856//3856 3866//3866 3858//3858
f 3858//3858 3866//3866 3867//3867
f 3858//3858 3867//3867 3860//3860
f 3860//3860 3867//3867 3868//3868
f 3860//3860 3868//3868 3862//3862
f 3862//3862 3868//3868 3582//3582
f 3869//3869 3416//3416 3870//3870
f 3870//3870 3416//3416 3415//3415
f 3870//3870 3415//3415 3871//3871
f 3869//3869 217//217 216//216
f 3872//3872 3417//3417 3873//3873
f 3873//3873 3417//3417 3416//3416
f 3873//3873 3416//3416 3874//3874
f 3874//3874 3416//3416 3869//3869
f 3874//3874 3869//3869 3875//3875
f 3875//3875 3869//3869 216//216
f 3875//3875 216//216 215//215
f 217//217 3869//3869 3072//3072
f 3072//3072 3869//3869 3870//3870
f 3072//3072 3870//3870 3007//3007
f 3007//3007 3870//3870 3871//3871
f 3007//3007 3871//3871 219//219
f 3876//3876 3877//3877 3878//3878
f 3878//3878 3877//3877 3879//3879
f 3878//3878 3879//3879 3880//3880
f 3880//3880 3879//3879 3881//3881
f 3880//3880 3881//3881 3882//3882
f 3882//3882 3881//3881 3883//3883
f 3882//3882 3883//3883 3884//3884
f 3884//3884 3883//3883 3885//3885
f 3884//3884 3885//3885 3886//3886
f 3877//3877 3872//3872 3879//3879
f 3879//3879 3872//3872 3873//3873
f 3879//3879 3873//3873 3881//3881
f 3881//3881 3873//3873 3874//3874
f 3881//3881 3874//3874 3883//3883
f 3883//3883 3874//3874 3875//3875
f 3883//3883 3875//3875 3885//3885
f 3885//3885 3875//3875 215//215
f 220//220 219//219 3847//3847
f 3847//3847 219//219 3871//3871
f 3847//3847 3871//3871 3863//3863
f 3863//3863 3871//3871 3415//3415
f 3863//3863 3415//3415 3864//3864
f 3864//3864 3415//3415 3417//3417
f 3864//3864 3417//3417 3865//3865
f 3865//3865 3417//3417 3872//3872
f 3865//3865 3872//3872 3866//3866
f 3866//3866 3872//3872 3877//3877
f 3866//3866 3877//3877 3867//3867
f 3867//3867 3877//3877 3876//3876
f 3867//3867 3876//3876 3868//3868
f 3887//3887 248//248 3888//3888
f 3888//3888 248//248 247//247
f 3888//3888 247//247 2877//2877
f 2877//2877 2876//2876 3888//3888
f 3888//3888 2876//2876 3889//3889
f 3888//3888 3889//3889 3890//3890
f 3891//3891 3892//3892 3893//3893
f 3894//3894 3895//3895 3896//3896
f 241//241 239//239 3897//3897
f 3897//3897 239//239 238//238
f 3897//3897 238//238 3898//3898
f 3898//3898 238//238 251//251
f 3898//3898 251//251 3887//3887
f 3887//3887 251//251 250//250
f 3887//3887 250//250 248//248
f 3899//3899 3900//3900 3901//3901
f 3901//3901 3900//3900 3894//3894
f 3901//3901 3894//3894 3902//3902
f 3902//3902 3894//3894 3896//3896
f 3903//3903 3895//3895 3904//3904
f 3904//3904 3895//3895 3894//3894
f 3904//3904 3894//3894 3905//3905
f 3905//3905 3894//3894 3900//3900
f 3906//3906 3907//3907 3908//3908
f 3908//3908 3907//3907 3909//3909
f 3908//3908 3909//3909 3841//3841
f 3842//3842 3841//3841 3910//3910
f 3910//3910 3841//3841 3909//3909
f 3910//3910 3909//3909 3911//3911
f 3911//3911 3909//3909 3907//3907
f 3911//3911 3907//3907 3912//3912
f 3913//3913 3903//3903 3914//3914
f 3914//3914 3903//3903 3904//3904
f 3914//3914 3904//3904 3915//3915
f 3915//3915 3904//3904 3905//3905
f 3915//3915 3905//3905 3906//3906
f 3906//3906 3905//3905 3900//3900
f 3906//3906 3900//3900 3907//3907
f 3907//3907 3900//3900 3899//3899
f 3907//3907 3899//3899 3912//3912
f 3916//3916 3913//3913 3917//3917
f 3917//3917 3913//3913 3914//3914
f 3917//3917 3914//3914 3918//3918
f 3918//3918 3914//3914 3915//3915
f 3918//3918 3915//3915 3919//3919
f 3919//3919 3915//3915 3906//3906
f 3919//3919 3906//3906 3920//3920
f 3920//3920 3906//3906 3908//3908
f 3920//3920 3908//3908 3921//3921
f 3921//3921 3908//3908 3841//3841
f 3921//3921 3841//3841 3421//3421
f 3421//3421 3841//3841 3843//3843
f 3421//3421 3843//3843 3422//3422
f 242//242 241//241 3922//3922
f 3922//3922 241//241 3897//3897
f 3922//3922 3897//3897 3923//3923
f 3923//3923 3897//3897 3898//3898
f 3923//3923 3898//3898 3924//3924
f 3924//3924 3898//3898 3887//3887
f 3924//3924 3887//3887 3925//3925
f 3925//3925 3887//3887 3888//3888
f 3925//3925 3888//3888 3891//3891
f 3891//3891 3888//3888 3890//3890
f 3891//3891 3890//3890 3892//3892
f 2970//2970 245//245 3926//3926
f 244//244 242//242 3927//3927
f 3927//3927 242//242 3922//3922
f 3927//3927 3922//3922 3928//3928
f 3928//3928 3922//3922 3923//3923
f 3928//3928 3923//3923 3916//3916
f 3916//3916 3923//3923 3924//3924
f 3916//3916 3924//3924 3913//3913
f 3913//3913 3924//3924 3925//3925
f 3913//3913 3925//3925 3903//3903
f 3903//3903 3925//3925 3891//3891
f 3903//3903 3891//3891 3895//3895
f 3895//3895 3891//3891 3893//3893
f 3895//3895 3893//3893 3896//3896
f 245//245 244//244 3926//3926
f 3926//3926 244//244 3927//3927
f 3926//3926 3927//3927 3929//3929
f 3929//3929 3927//3927 3928//3928
f 3929//3929 3928//3928 3930//3930
f 3930//3930 3928//3928 3916//3916
f 3930//3930 3916//3916 3931//3931
f 3931//3931 3916//3916 3917//3917
f 3931//3931 3917//3917 3932//3932
f 3932//3932 3917//3917 3918//3918
f 3932//3932 3918//3918 3933//3933
f 3933//3933 3918//3918 3919//3919
f 3933//3933 3919//3919 3934//3934
f 3934//3934 3919//3919 3920//3920
f 3934//3934 3920//3920 3935//3935
f 3935//3935 3920//3920 3921//3921
f 3935//3935 3921//3921 3936//3936
f 3936//3936 3921//3921 3421//3421
f 3936//3936 3421//3421 3937//3937
f 3937//3937 3421//3421 3423//3423
f 3937//3937 3423//3423 3938//3938
f 2971//2971 2970//2970 3939//3939
f 3939//3939 2970//2970 3926//3926
f 3939//3939 3926//3926 3940//3940
f 3940//3940 3926//3926 3929//3929
f 3940//3940 3929//3929 3941//3941
f 3941//3941 3929//3929 3930//3930
f 3941//3941 3930//3930 3942//3942
f 3942//3942 3930//3930 3931//3931
f 3942//3942 3931//3931 3943//3943
f 3943//3943 3931//3931 3932//3932
f 3943//3943 3932//3932 3944//3944
f 3944//3944 3932//3932 3933//3933
f 3944//3944 3933//3933 3945//3945
f 3945//3945 3933//3933 3934//3934
f 3945//3945 3934//3934 3946//3946
f 3946//3946 3934//3934 3935//3935
f 3946//3946 3935//3935 3947//3947
f 3947//3947 3935//3935 3936//3936
f 3947//3947 3936//3936 3948//3948
f 3948//3948 3936//3936 3937//3937
f 3948//3948 3937//3937 3418//3418
f 3418//3418 3937//3937 3938//3938
f 3418//3418 3938//3938 3419//3419
f 2971//2971 3939//3939 2981//2981
f 2981//2981 3939//3939 3949//3949
f 2981//2981 3949//3949 207//207
f 3485//3485 208//208 3949//3949
f 3949//3949 208//208 207//207
f 1615//1615 1614//1614 3486//3486
f 3486//3486 1614//1614 3485//3485
f 3486//3486 3485//3485 3950//3950
f 3950//3950 3485//3485 3949//3949
f 3950//3950 3949//3949 3951//3951
f 3951//3951 3949//3949 3939//3939
f 3951//3951 3939//3939 3952//3952
f 3952//3952 3939//3939 3940//3940
f 3952//3952 3940//3940 3953//3953
f 3953//3953 3940//3940 3941//3941
f 3953//3953 3941//3941 3954//3954
f 3954//3954 3941//3941 3942//3942
f 3954//3954 3942//3942 3955//3955
f 3955//3955 3942//3942 3943//3943
f 3955//3955 3943//3943 3956//3956
f 3956//3956 3943//3943 3944//3944
f 3956//3956 3944//3944 3957//3957
f 3957//3957 3944//3944 3945//3945
f 3957//3957 3945//3945 3958//3958
f 3958//3958 3945//3945 3946//3946
f 3958//3958 3946//3946 3959//3959
f 3959//3959 3946//3946 3947//3947
f 3959//3959 3947//3947 3960//3960
f 3960//3960 3947//3947 3948//3948
f 3960//3960 3948//3948 3961//3961
f 3961//3961 3948//3948 3418//3418
f 3961//3961 3418//3418 3962//3962
f 3962//3962 3418//3418 3420//3420
f 3962//3962 3420//3420 3963//3963
f 328//328 327//327 3483//3483
f 3483//3483 327//327 3482//3482
f 3483//3483 3482//3482 3964//3964
f 3964//3964 3482//3482 3965//3965
f 3964//3964 3965//3965 3966//3966
f 3966//3966 3965//3965 3967//3967
f 3966//3966 3967//3967 3968//3968
f 3968//3968 3967//3967 3969//3969
f 3968//3968 3969//3969 3970//3970
f 3970//3970 3969//3969 3971//3971
f 3970//3970 3971//3971 3972//3972
f 3972//3972 3971//3971 3973//3973
f 3972//3972 3973//3973 3974//3974
f 3974//3974 3973//3973 3975//3975
f 3974//3974 3975//3975 3976//3976
f 3976//3976 3975//3975 3977//3977
f 3976//3976 3977//3977 3978//3978
f 3978//3978 3977//3977 3979//3979
f 3978//3978 3979//3979 3980//3980
f 3980//3980 3979//3979 3981//3981
f 3980//3980 3981//3981 3982//3982
f 3982//3982 3981//3981 3983//3983
f 3982//3982 3983//3983 3984//3984
f 3984//3984 3983//3983 3985//3985
f 3984//3984 3985//3985 3986//3986
f 3986//3986 3985//3985 3987//3987
f 3986//3986 3987//3987 3988//3988
f 3988//3988 3987//3987 3989//3989
f 3988//3988 3989//3989 3990//3990
f 3990//3990 3989//3989 3991//3991
f 3990//3990 3991//3991 3992//3992
f 3992//3992 3991//3991 3993//3993
f 3992//3992 3993//3993 3845//3845
f 3845//3845 3993//3993 3994//3994
f 3845//3845 3994//3994 236//236
f 3498//3498 1728//1728 3483//3483
f 3498//3498 3483//3483 3995//3995
f 3995//3995 3483//3483 3964//3964
f 3995//3995 3964//3964 3996//3996
f 3996//3996 3964//3964 3966//3966
f 3996//3996 3966//3966 3997//3997
f 3997//3997 3966//3966 3968//3968
f 3997//3997 3968//3968 3998//3998
f 3998//3998 3968//3968 3970//3970
f 3998//3998 3970//3970 3999//3999
f 3999//3999 3970//3970 3972//3972
f 3999//3999 3972//3972 4000//4000
f 4000//4000 3972//3972 3974//3974
f 4000//4000 3974//3974 4001//4001
f 4001//4001 3974//3974 3976//3976
f 4001//4001 3976//3976 4002//4002
f 4002//4002 3976//3976 3978//3978
f 4002//4002 3978//3978 4003//4003
f 4003//4003 3978//3978 3980//3980
f 4003//4003 3980//3980 4004//4004
f 4004//4004 3980//3980 3982//3982
f 4004//4004 3982//3982 4005//4005
f 4005//4005 3982//3982 3984//3984
f 4005//4005 3984//3984 4006//4006
f 4006//4006 3984//3984 3986//3986
f 4006//4006 3986//3986 4007//4007
f 4007//4007 3986//3986 3988//3988
f 4007//4007 3988//3988 4008//4008
f 4008//4008 3988//3988 3990//3990
f 4008//4008 3990//3990 4009//4009
f 4009//4009 3990//3990 3992//3992
f 4009//4009 3992//3992 3844//3844
f 3844//3844 3992//3992 3845//3845
f 3844//3844 3845//3845 234//234
f 234//234 3845//3845 3173//3173
f 233//233 3150//3150 3844//3844
f 3844//3844 3150//3150 4010//4010
f 3844//3844 4010//4010 4009//4009
f 4009//4009 4010//4010 4011//4011
f 4009//4009 4011//4011 4008//4008
f 4008//4008 4011//4011 4012//4012
f 4008//4008 4012//4012 4007//4007
f 4007//4007 4012//4012 4013//4013
f 4007//4007 4013//4013 4006//4006
f 4006//4006 4013//4013 4014//4014
f 4006//4006 4014//4014 4005//4005
f 4005//4005 4014//4014 4015//4015
f 4005//4005 4015//4015 4004//4004
f 4004//4004 4015//4015 4016//4016
f 4004//4004 4016//4016 4003//4003
f 4003//4003 4016//4016 4017//4017
f 4003//4003 4017//4017 4002//4002
f 4002//4002 4017//4017 4018//4018
f 4002//4002 4018//4018 4001//4001
f 4001//4001 4018//4018 4019//4019
f 4001//4001 4019//4019 4000//4000
f 4000//4000 4019//4019 4020//4020
f 4000//4000 4020//4020 3999//3999
f 3999//3999 4020//4020 4021//4021
f 3999//3999 4021//4021 3998//3998
f 3998//3998 4021//4021 4022//4022
f 3998//3998 4022//4022 3997//3997
f 3997//3997 4022//4022 4023//4023
f 3997//3997 4023//4023 3996//3996
f 3996//3996 4023//4023 4024//4024
f 3996//3996 4024//4024 3995//3995
f 3995//3995 4024//4024 3535//3535
f 3995//3995 3535//3535 3498//3498
f 3498//3498 3535//3535 3537//3537
f 3498//3498 3537//3537 3499//3499
f 3499//3499 3537//3537 3539//3539
f 3499//3499 3539//3539 3500//3500
f 3500//3500 3539//3539 3541//3541
f 3500//3500 3541//3541 3502//3502
f 337//337 336//336 3482//3482
f 3482//3482 336//336 3484//3484
f 3482//3482 3484//3484 3965//3965
f 3965//3965 3484//3484 3488//3488
f 3965//3965 3488//3488 3967//3967
f 3967//3967 3488//3488 4025//4025
f 3967//3967 4025//4025 3969//3969
f 3969//3969 4025//4025 4026//4026
f 3969//3969 4026//4026 3971//3971
f 3971//3971 4026//4026 4027//4027
f 3971//3971 4027//4027 3973//3973
f 3973//3973 4027//4027 4028//4028
f 3973//3973 4028//4028 3975//3975
f 3975//3975 4028//4028 4029//4029
f 3975//3975 4029//4029 3977//3977
f 3977//3977 4029//4029 4030//4030
f 3977//3977 4030//4030 3979//3979
f 3979//3979 4030//4030 4031//4031
f 3979//3979 4031//4031 3981//3981
f 3981//3981 4031//4031 4032//4032
f 3981//3981 4032//4032 3983//3983
f 3983//3983 4032//4032 4033//4033
f 3983//3983 4033//4033 3985//3985
f 3985//3985 4033//4033 4034//4034
f 3985//3985 4034//4034 3987//3987
f 3987//3987 4034//4034 4035//4035
f 3987//3987 4035//4035 3989//3989
f 3989//3989 4035//4035 4036//4036
f 3989//3989 4036//4036 3991//3991
f 3991//3991 4036//4036 4037//4037
f 3991//3991 4037//4037 3993//3993
f 3993//3993 4037//4037 4038//4038
f 3993//3993 4038//4038 3994//3994
f 1706//1706 1636//1636 3487//3487
f 3487//3487 1636//1636 3486//3486
f 3487//3487 3486//3486 3488//3488
f 3488//3488 3486//3486 3950//3950
f 3488//3488 3950//3950 4025//4025
f 4025//4025 3950//3950 3951//3951
f 4025//4025 3951//3951 4026//4026
f 4026//4026 3951//3951 3952//3952
f 4026//4026 3952//3952 4027//4027
f 4027//4027 3952//3952 3953//3953
f 4027//4027 3953//3953 4028//4028
f 4028//4028 3953//3953 3954//3954
f 4028//4028 3954//3954 4029//4029
f 4029//4029 3954//3954 3955//3955
f 4029//4029 3955//3955 4030//4030
f 4030//4030 3955//3955 3956//3956
f 4030//4030 3956//3956 4031//4031
f 4031//4031 3956//3956 3957//3957
f 4031//4031 3957//3957 4032//4032
f 4032//4032 3957//3957 3958//3958
f 4032//4032 3958//3958 4033//4033
f 4033//4033 3958//3958 3959//3959
f 4033//4033 3959//3959 4034//4034
f 4034//4034 3959//3959 3960//3960
f 4034//4034 3960//3960 4035//4035
f 4035//4035 3960//3960 3961//3961
f 4035//4035 3961//3961 4036//4036
f 4036//4036 3961//3961 3962//3962
f 4036//4036 3962//3962 4037//4037
f 4037//4037 3962//3962 3963//3963
f 4037//4037 3963//3963 4038//4038
f 15//15 23//23 600//600
f 600//600 23//23 3839//3839
f 600//600 3839//3839 425//425
f 425//425 3839//3839 426//426
f 23//23 22//22 3839//3839
f 3839//3839 22//22 3840//3840
f 3840//3840 22//22 20//20
f 3840//3840 20//20 19//19
f 47//47 46//46 3618//3618
f 3618//3618 46//46 45//45
f 3618//3618 45//45 3619//3619
f 3619//3619 45//45 44//44
f 3619//3619 44//44 43//43
f 36//36 47//47 3730//3730
f 3730//3730 47//47 3618//3618
f 3730//3730 3618//3618 3738//3738
f 3738//3738 3618//3618 3620//3620
f 3738//3738 3620//3620 3739//3739
f 3739//3739 3620//3620 3622//3622
f 3739//3739 3622//3622 3720//3720
f 3720//3720 3622//3622 3624//3624
f 3720//3720 3624//3624 3713//3713
f 3713//3713 3624//3624 3626//3626
f 3713//3713 3626//3626 3714//3714
f 3714//3714 3626//3626 3628//3628
f 3714//3714 3628//3628 3702//3702
f 3702//3702 3628//3628 3630//3630
f 3702//3702 3630//3630 3697//3697
f 3697//3697 3630//3630 3632//3632
f 3697//3697 3632//3632 3698//3698
f 3698//3698 3632//3632 3634//3634
f 3698//3698 3634//3634 3704//3704
f 3704//3704 3634//3634 3636//3636
f 3704//3704 3636//3636 3695//3695
f 3695//3695 3636//3636 3638//3638
f 3695//3695 3638//3638 3457//3457
f 3457//3457 3638//3638 3640//3640
f 3457//3457 3640//3640 3458//3458
f 3458//3458 3640//3640 3642//3642
f 3458//3458 3642//3642 3460//3460
f 3460//3460 3642//3642 3644//3644
f 3460//3460 3644//3644 3456//3456
f 3456//3456 3644//3644 3647//3647
f 3456//3456 3647//3647 3454//3454
f 3454//3454 3647//3647 3649//3649
f 3454//3454 3649//3649 3691//3691
f 3691//3691 3649//3649 3652//3652
f 3691//3691 3652//3652 3765//3765
f 3765//3765 3652//3652 3746//3746
f 3765//3765 3746//3746 3764//3764
f 3764//3764 3746//3746 3747//3747
f 3764//3764 3747//3747 3763//3763
f 3763//3763 3747//3747 3748//3748
f 3763//3763 3748//3748 3762//3762
f 3762//3762 3748//3748 3749//3749
f 3762//3762 3749//3749 3761//3761
f 3761//3761 3749//3749 3751//3751
f 3761//3761 3751//3751 433//433
f 433//433 3751//3751 434//434
f 215//215 214//214 3885//3885
f 3885//3885 214//214 3108//3108
f 3885//3885 3108//3108 3886//3886
f 3886//3886 3108//3108 3106//3106
f 3886//3886 3106//3106 3105//3105
f 3582//3582 3868//3868 3468//3468
f 3468//3468 3868//3868 3876//3876
f 3468//3468 3876//3876 3469//3469
f 3469//3469 3876//3876 3878//3878
f 3469//3469 3878//3878 3663//3663
f 3663//3663 3878//3878 3880//3880
f 3663//3663 3880//3880 3665//3665
f 3665//3665 3880//3880 3882//3882
f 3665//3665 3882//3882 3666//3666
f 3666//3666 3882//3882 3884//3884
f 3666//3666 3884//3884 3669//3669
f 3669//3669 3884//3884 3886//3886
f 3669//3669 3886//3886 3667//3667
f 3667//3667 3886//3886 3105//3105
f 3667//3667 3105//3105 3139//3139
f 2126//2126 2718//2718 3489//3489
f 3489//3489 2718//2718 3493//3493
f 3489//3489 3493//3493 3490//3490
f 3490//3490 3493//3493 3501//3501
f 3490//3490 3501//3501 3492//3492
f 3492//3492 3501//3501 3504//3504
f 3492//3492 3504//3504 3491//3491
f 3491//3491 3504//3504 3503//3503
f 3491//3491 3503//3503 3507//3507
f 3507//3507 3503//3503 3502//3502
f 3507//3507 3502//3502 3505//3505
f 3505//3505 3502//3502 3541//3541
f 3505//3505 3541//3541 3544//3544
f 3544//3544 3541//3541 3540//3540
f 3544//3544 3540//3540 3545//3545
f 3545//3545 3540//3540 3538//3538
f 3545//3545 3538//3538 3473//3473
f 3473//3473 3538//3538 3536//3536
f 3473//3473 3536//3536 3474//3474
f 3474//3474 3536//3536 3535//3535
f 3474//3474 3535//3535 3574//3574
f 3574//3574 3535//3535 4024//4024
f 3574//3574 4024//4024 3576//3576
f 3576//3576 4024//4024 4023//4023
f 3576//3576 4023//4023 3578//3578
f 3578//3578 4023//4023 4022//4022
f 3578//3578 4022//4022 3653//3653
f 3653//3653 4022//4022 4021//4021
f 3653//3653 4021//4021 3583//3583
f 3583//3583 4021//4021 4020//4020
f 3583//3583 4020//4020 3582//3582
f 3582//3582 4020//4020 4019//4019
f 3582//3582 4019//4019 3862//3862
f 3862//3862 4019//4019 4018//4018
f 3862//3862 4018//4018 3861//3861
f 3861//3861 4018//4018 4017//4017
f 3861//3861 4017//4017 3859//3859
f 3859//3859 4017//4017 4016//4016
f 3859//3859 4016//4016 3857//3857
f 3857//3857 4016//4016 4015//4015
f 3857//3857 4015//4015 3855//3855
f 3855//3855 4015//4015 4014//4014
f 3855//3855 4014//4014 3853//3853
f 3853//3853 4014//4014 4013//4013
f 3853//3853 4013//4013 3851//3851
f 3851//3851 4013//4013 4012//4012
f 3851//3851 4012//4012 3849//3849
f 3849//3849 4012//4012 4011//4011
f 3849//3849 4011//4011 3846//3846
f 3846//3846 4011//4011 4010//4010
f 3846//3846 4010//4010 225//225
f 225//225 4010//4010 3150//3150
f 180//180 182//182 4039//4039
f 4039//4039 182//182 187//187
f 4039//4039 187//187 189//189
f 168//168 173//173 4039//4039
f 4039//4039 173//173 175//175
f 4039//4039 175//175 180//180
f 158//158 163//163 4039//4039
f 4039//4039 163//163 166//166
f 4039//4039 166//166 168//168
f 149//149 151//151 4039//4039
f 4039//4039 151//151 156//156
f 4039//4039 156//156 158//158
f 138//138 140//140 4039//4039
f 4039//4039 140//140 144//144
f 4039//4039 144//144 149//149
f 126//126 131//131 4039//4039
f 4039//4039 131//131 133//133
f 4039//4039 133//133 138//138
f 115//115 120//120 4039//4039
f 4039//4039 120//120 122//122
f 4039//4039 122//122 126//126
f 104//104 108//108 4039//4039
f 4039//4039 108//108 113//113
f 4039//4039 113//113 115//115
f 200//200 203//203 4039//4039
f 4039//4039 203//203 106//106
f 4039//4039 106//106 104//104
f 78//78 68//68 4039//4039
f 4039//4039 68//68 71//71
f 4039//4039 71//71 200//200
f 89//89 88//88 4039//4039
f 4039//4039 88//88 80//80
f 4039//4039 80//80 78//78
f 7//7 2//2 4039//4039
f 4039//4039 2//2 1//1
f 4039//4039 1//1 89//89
f 26//26 21//21 4039//4039
f 4039//4039 21//21 14//14
f 4039//4039 14//14 7//7
f 42//42 38//38 4039//4039
f 4039//4039 38//38 32//32
f 4039//4039 32//32 26//26
f 59//59 53//53 4039//4039
f 4039//4039 53//53 56//56
f 4039//4039 56//56 42//42
f 189//189 194//194 4039//4039
f 4039//4039 194//194 66//66
f 4039//4039 66//66 59//59
f 2865//2865 2863//2863 4040//4040
f 4040//4040 2863//2863 4041//4041
f 2858//2858 4042//4042 2860//2860
f 2860//2860 4042//4042 4041//4041
f 2860//2860 4041//4041 2861//2861
f 2861//2861 4041//4041 2863//2863
f 2853//2853 4043//4043 2855//2855
f 2855//2855 4043//4043 4042//4042
f 2855//2855 4042//4042 2857//2857
f 2857//2857 4042//4042 2858//2858
f 2853//2853 2852//2852 4043//4043
f 4043//4043 2852//2852 2850//2850
f 4043//4043 2850//2850 4044//4044
f 2845//2845 4045//4045 2847//2847
f 2847//2847 4045//4045 4044//4044
f 2847//2847 4044//4044 2848//2848
f 2848//2848 4044//4044 2850//2850
f 2840//2840 4046//4046 2842//2842
f 2842//2842 4046//4046 4045//4045
f 2842//2842 4045//4045 2844//2844
f 2844//2844 4045//4045 2845//2845
f 2840//2840 2839//2839 4046//4046
f 4046//4046 2839//2839 255//255
f 4046//4046 255//255 4047//4047
f 2774//2774 4048//4048 2776//2776
f 2776//2776 4048//4048 4047//4047
f 2776//2776 4047//4047 2778//2778
f 2778//2778 4047//4047 255//255
f 2764//2764 4049//4049 2766//2766
f 2766//2766 4049//4049 4048//4048
f 2766//2766 4048//4048 2773//2773
f 2773//2773 4048//4048 2774//2774
f 2764//2764 2772//2772 4049//4049
f 4049//4049 2772//2772 2771//2771
f 4049//4049 2771//2771 4050//4050
f 2761//2761 4051//4051 2768//2768
f 2768//2768 4051//4051 4050//4050
f 2768//2768 4050//4050 2769//2769
f 2769//2769 4050//4050 2771//2771
f 2756//2756 4052//4052 2758//2758
f 2758//2758 4052//4052 4051//4051
f 2758//2758 4051//4051 2760//2760
f 2760//2760 4051//4051 2761//2761
f 2756//2756 2755//2755 4052//4052
f 4052//4052 2755//2755 2745//2745
f 4052//4052 2745//2745 4053//4053
f 2741//2741 4054//4054 2742//2742
f 2742//2742 4054//4054 4053//4053
f 2742//2742 4053//4053 2743//2743
f 2743//2743 4053//4053 2745//2745
f 2748//2748 4055//4055 2750//2750
f 2750//2750 4055//4055 4054//4054
f 2750//2750 4054//4054 2751//2751
f 2751//2751 4054//4054 2741//2741
f 2748//2748 2747//2747 4055//4055
f 4055//4055 2747//2747 2737//2737
f 4055//4055 2737//2737 4056//4056
f 3063//3063 4057//4057 2734//2734
f 2734//2734 4057//4057 4056//4056
f 2734//2734 4056//4056 2735//2735
f 2735//2735 4056//4056 2737//2737
f 3056//3056 4058//4058 3060//3060
f 3060//3060 4058//4058 4057//4057
f 3060//3060 4057//4057 3061//3061
f 3061//3061 4057//4057 3063//3063
f 3056//3056 3054//3054 4058//4058
f 4058//4058 3054//3054 3053//3053
f 4058//4058 3053//3053 4059//4059
f 3053//3053 3059//3059 4059//4059
f 4059//4059 3059//3059 3058//3058
f 4059//4059 3058//3058 4060//4060
f 3052//3052 4061//4061 3333//3333
f 3333//3333 4061//4061 4060//4060
f 3333//3333 4060//4060 3354//3354
f 3354//3354 4060//4060 3058//3058
f 3052//3052 3051//3051 4061//4061
f 4061//4061 3051//3051 3261//3261
f 4061//4061 3261//3261 4062//4062
f 3041//3041 4063//4063 3036//3036
f 3036//3036 4063//4063 4062//4062
f 3036//3036 4062//4062 3037//3037
f 3037//3037 4062//4062 3261//3261
f 3041//3041 3039//3039 4063//4063
f 4063//4063 3039//3039 3038//3038
f 4063//4063 3038//3038 4064//4064
f 3034//3034 4065//4065 3043//3043
f 3043//3043 4065//4065 4064//4064
f 3043//3043 4064//4064 3044//3044
f 3044//3044 4064//4064 3038//3038
f 3034//3034 3033//3033 4065//4065
f 4065//4065 3033//3033 3047//3047
f 4065//4065 3047//3047 4066//4066
f 3028//3028 4067//4067 3029//3029
f 3029//3029 4067//4067 4066//4066
f 3029//3029 4066//4066 3031//3031
f 3031//3031 4066//4066 3047//3047
f 3028//3028 3001//3001 4067//4067
f 4067//4067 3001//3001 3000//3000
f 4067//4067 3000//3000 4068//4068
f 229//229 4069//4069 230//230
f 230//230 4069//4069 4068//4068
f 230//230 4068//4068 3020//3020
f 3020//3020 4068//4068 3000//3000
f 3003//3003 4070//4070 226//226
f 226//226 4070//4070 4069//4069
f 226//226 4069//4069 227//227
f 227//227 4069//4069 229//229
f 3003//3003 2992//2992 4070//4070
f 4070//4070 2992//2992 2994//2994
f 4070//4070 2994//2994 4071//4071
f 2999//2999 4072//4072 2998//2998
f 2998//2998 4072//4072 4071//4071
f 2998//2998 4071//4071 2996//2996
f 2996//2996 4071//4071 2994//2994
f 3285//3285 4073//4073 3286//3286
f 3286//3286 4073//4073 4072//4072
f 3286//3286 4072//4072 3010//3010
f 3010//3010 4072//4072 2999//2999
f 2991//2991 4074//4074 3209//3209
f 3209//3209 4074//4074 4073//4073
f 3209//3209 4073//4073 3210//3210
f 3210//3210 4073//4073 3285//3285
f 2991//2991 2989//2989 4074//4074
f 4074//4074 2989//2989 2988//2988
f 4074//4074 2988//2988 4075//4075
f 2988//2988 2985//2985 4075//4075
f 4075//4075 2985//2985 237//237
f 4075//4075 237//237 4076//4076
f 237//237 236//236 4076//4076
f 4076//4076 236//236 3994//3994
f 4076//4076 3994//3994 4077//4077
f 3994//3994 4038//4038 4077//4077
f 4077//4077 4038//4038 3963//3963
f 4077//4077 3963//3963 4078//4078
f 3938//3938 4079//4079 3419//3419
f 3419//3419 4079//4079 4078//4078
f 3419//3419 4078//4078 3420//3420
f 3420//3420 4078//4078 3963//3963
f 3843//3843 4080//4080 3422//3422
f 3422//3422 4080//4080 4079//4079
f 3422//3422 4079//4079 3423//3423
f 3423//3423 4079//4079 3938//3938
f 3911//3911 4081//4081 3910//3910
f 3910//3910 4081//4081 4080//4080
f 3910//3910 4080//4080 3842//3842
f 3842//3842 4080//4080 3843//3843
f 3901//3901 4082//4082 3899//3899
f 3899//3899 4082//4082 4081//4081
f 3899//3899 4081//4081 3912//3912
f 3912//3912 4081//4081 3911//3911
f 3901//3901 3902//3902 4082//4082
f 4082//4082 3902//3902 3896//3896
f 4082//4082 3896//3896 4083//4083
f 3890//3890 4084//4084 3892//3892
f 3892//3892 4084//4084 4083//4083
f 3892//3892 4083//4083 3893//3893
f 3893//3893 4083//4083 3896//3896
f 3890//3890 3889//3889 4084//4084
f 4084//4084 3889//3889 2876//2876
f 4084//4084 2876//2876 4085//4085
f 2870//2870 4086//4086 2879//2879
f 2879//2879 4086//4086 4085//4085
f 2879//2879 4085//4085 2878//2878
f 2878//2878 4085//4085 2876//2876
f 2870//2870 2875//2875 4086//4086
f 4086//4086 2875//2875 2874//2874
f 4086//4086 2874//2874 4087//4087
f 2874//2874 2872//2872 4087//4087
f 4087//4087 2872//2872 2871//2871
f 4087//4087 2871//2871 4040//4040
f 4040//4040 2871//2871 2866//2866
f 4040//4040 2866//2866 2865//2865
f 4086//4086 4087//4087 4088//4088
f 4088//4088 4087//4087 4040//4040
f 4088//4088 4040//4040 4041//4041
f 4083//4083 4084//4084 4088//4088
f 4088//4088 4084//4084 4085//4085
f 4088//4088 4085//4085 4086//4086
f 4080//4080 4081//4081 4088//4088
f 4088//4088 4081//4081 4082//4082
f 4088//4088 4082//4082 4083//4083
f 4077//4077 4078//4078 4088//4088
f 4088//4088 4078//4078 4079//4079
f 4088//4088 4079//4079 4080//4080
f 4074//4074 4075//4075 4088//4088
f 4088//4088 4075//4075 4076//4076
f 4088//4088 4076//4076 4077//4077
f 4071//4071 4072//4072 4088//4088
f 4088//4088 4072//4072 4073//4073
f 4088//4088 4073//4073 4074//4074
f 4068//4068 4069//4069 4088//4088
f 4088//4088 4069//4069 4070//4070
f 4088//4088 4070//4070 4071//4071
f 4065//4065 4066//4066 4088//4088
f 4088//4088 4066//4066 4067//4067
f 4088//4088 4067//4067 4068//4068
f 4062//4062 4063//4063 4088//4088
f 4088//4088 4063//4063 4064//4064
f 4088//4088 4064//4064 4065//4065
f 4059//4059 4060//4060 4088//4088
f 4088//4088 4060//4060 4061//4061
f 4088//4088 4061//4061 4062//4062
f 4056//4056 4057//4057 4088//4088
f 4088//4088 4057//4057 4058//4058
f 4088//4088 4058//4058 4059//4059
f 4053//4053 4054//4054 4088//4088
f 4088//4088 4054//4054 4055//4055
f 4088//4088 4055//4055 4056//4056
f 4050//4050 4051//4051 4088//4088
f 4088//4088 4051//4051 4052//4052
f 4088//4088 4052//4052 4053//4053
f 4047//4047 4048//4048 4088//4088
f 4088//4088 4048//4048 4049//4049
f 4088//4088 4049//4049 4050//4050
f 4044//4044 4045//4045 4088//4088
f 4088//4088 4045//4045 4046//4046
f 4088//4088 4046//4046 4047//4047
f 4041//4041 4042//4042 4088//4088
f 4088//4088 4042//4042 4043//4043
f 4088//4088 4043//4043 4044//4044
# 8172 faces, 0 coords texture

# End of File
