####
#
# OBJ File Generated by Meshlab
#
####
# Object wrist_spherical_2.obj
#
# Vertices: 3858
# Faces: 7712
#
####
vn -1.7497251969918626 3.0091764802747876 -2.6004192483076660
v -0.0176145993173122 0.1036249026656151 -0.0259896498173475
vn -2.0974177982002660 3.0140602129624248 -2.3293847907171465
v -0.0210775695741177 0.1036249026656151 -0.0232840701937675
vn -0.9676227327173812 3.0047610006935725 -2.9809549949413565
v -0.0097340336069465 0.1036249026656151 -0.0298332497477531
vn 0.0000000000000000 6.2831853071795924 0.0000000000000000
v 0.0000000000000000 0.1036249026656151 0.0001250000059372
vn 2.7662757451652107 3.0061870247970370 -1.4732770424138679
v 0.0278127696365118 0.1036249026656151 -0.0146633898839355
vn 3.0658693450474823 3.0068601080549548 -0.6507597128466380
v 0.0308115407824516 0.1036249026656151 -0.0064241881482303
vn 2.2584325681604649 3.0027476661574424 2.1728595857502659
v 0.0226591806858778 0.1036249026656151 0.0220066905021667
vn 1.1749875027901742 3.0129184519221943 2.9059035263482071
v 0.0118000498041511 0.1036249026656151 0.0293312594294548
vn 1.5689157319392018 3.0086672629087667 2.7133225915354582
v 0.0157499890774488 0.1036249026656151 0.0274047795683146
vn -0.1120240625526656 3.0077173951655425 3.1322095315344067
v -0.0010992879979312 0.1036249026656151 0.0316057801246643
vn 0.3333721559552152 3.0030042067203628 3.1162150073324741
v 0.0032926199492067 0.1036249026656151 0.0314523503184319
vn -0.9679769417032006 3.0004637144709889 2.9806045517513051
v -0.0097340336069465 0.1036249026656151 0.0300832893699408
vn -1.2746947143897005 -2.8629920648358542 3.0019502321538853
v -0.0128121897578239 -0.0287766996771097 0.0000000000000000
vn -2.5981534379207516 -1.7524712996275564 3.0019331392589819
v -0.0261147003620863 -0.0176145993173122 0.0000000000000000
vn -3.0863308929716098 -0.5442050749781175 3.0019947016136448
v -0.0310213491320610 -0.0054699177853763 0.0000000000000000
vn -2.9805545767860893 -0.9684324327266971 3.0019474943028581
v -0.0299582406878471 -0.0097340336069465 0.0000000000000000
vn -3.1172226708412847 0.3269093299764771 3.0104027561740971
v -0.0313273593783379 0.0032926199492067 0.0000000000000000
vn -1.4747556653287712 2.7653289329914608 3.0044150539215591
v -0.0147883798927069 0.0278128907084465 0.0000000000000000
vn 0.0000000000000000 0.0000000000000000 6.2831853071795791
v 0.0000000000000000 0.0000000000000000 0.0000000000000000
vn -0.2258963414423402 3.1262719096478566 3.0122141512482341
v -0.0021973249968141 0.0314232707023621 0.0000000000000000
vn -1.0713253297522698 2.9454028598468689 3.0091429053678826
v -0.0107735898345709 0.0296002607792616 0.0000000000000000
vn 3.0863313929016019 -0.5442030242628889 3.0019974549975976
v 0.0310213491320610 -0.0054699177853763 0.0000000000000000
vn 2.9805547043188767 -0.9684328715483221 3.0019526783623371
v 0.0299582406878471 -0.0097340336069465 0.0000000000000000
vn 2.0144609487208958 -2.4007352219277185 3.0019715841481140
v 0.0202477499842644 -0.0241304002702236 0.0000000000000000
vn 0.4361498768211901 -3.1034455778061600 3.0019997901491497
v 0.0043839211575687 -0.0311933699995279 0.0000000000000000
vn 0.8638038575509490 -3.0125423025284785 3.0019476910209035
v 0.0086825480684638 -0.0302797500044107 0.0000000000000000
vn -6.2416160834870933 0.7207880058119995 -0.0259598362246311
v -0.0313127003610134 0.0032908909488469 -0.0170404892414808
vn -6.2582720182089062 0.4858007140680772 -0.0742485965089407
v -0.0313930511474609 0.0025932779535651 -0.0170765500515699
vn -6.2734563725443513 0.3392316602762127 -0.0321761859526954
v -0.0314621888101101 0.0012264839606360 -0.0171079002320766
vn -6.2095631250533669 0.9300875753739549 -0.0337206331125634
v -0.0311598703265190 0.0046165580861270 -0.0169717594981194
vn -3.0415212050275469 0.7574524666609167 3.0125380956571655
v -0.0305642392486334 0.0076205129735172 0.0000000000000000
vn -6.0943388987002649 1.5282440088820102 -0.0336763465088996
v -0.0304268505424261 0.0081052184104919 -0.0166445896029472
vn -6.0972646810668305 1.5153001275883176 -0.0537892371683608
v -0.0305490400642157 0.0076166978105903 -0.0166988894343376
vn -6.1320712090066296 1.3443419684435096 -0.0568203523944328
v -0.0307848993688822 0.0066736931912601 -0.0168038606643677
vn -5.9147176041362686 2.1059617706141887 -0.0374716585974558
v -0.0296847801655531 0.0105386897921562 -0.0163182597607374
vn -6.0359302299931707 1.7294843425215398 -0.0396764191579697
v -0.0303018596023321 0.0086048236116767 -0.0165889803320169
vn -2.9042404117724128 1.1782961990398333 3.0083144482250015
v -0.0292062703520060 0.0118000498041511 0.0000000000000000
vn -5.7599368247297029 2.4982634144365559 -0.0439768137959533
v -0.0289271399378777 0.0124639803543687 -0.0159920994192362
vn -5.3899737294164609 3.2199564080616967 -0.0468486323053735
v -0.0270091798156500 0.0162096600979567 -0.0151965599507093
vn -4.9275595877648009 3.8895327718646726 -0.0727087622421685
v -0.0246621891856194 0.0195965692400932 -0.0142884803935885
vn -5.0327004314762513 3.7571000844640388 -0.1067088448036864
v -0.0248165708035231 0.0193890891969204 -0.0143469497561455
vn -2.4698938776829529 1.9289930054289695 3.0027686251998413
v -0.0248222891241312 0.0193932596594095 0.0000000000000000
vn -2.7143073003834202 1.5664007919797949 3.0016904045767068
v -0.0272797904908657 0.0157499890774488 0.0000000000000000
vn -5.1656516035891364 3.5676159149388278 -0.0341511788318334
v -0.0258587002754211 0.0179882608354092 -0.0147422496229410
vn -4.4602077852158963 4.4238166656600226 -0.0277335316649162
v -0.0218794904649258 0.0226569697260857 -0.0133103700354695
vn -1.8421630333129020 2.5352050468774316 3.0017688396961337
v -0.0185151603072882 0.0254839602857828 0.0000000000000000
vn -2.9404456604068101 5.5510400244108933 0.1152997434592945
v -0.0147809898480773 0.0277986507862806 -0.0113244596868753
vn -3.1005889245295495 5.4599928851372788 0.1283135968330322
v -0.0154680600389838 0.0274405404925346 -0.0114786000922322
vn -2.1768295652356748 2.2544740259357350 3.0029320603115126
v -0.0218816902488470 0.0226591806858778 0.0000000000000000
vn -3.9364588483916139 4.8966201591790623 0.0742796873174870
v -0.0192601606249809 0.0249114595353603 -0.0124920597299933
vn -2.3816804731522057 5.8099146275134199 0.1625745015104407
v -0.0118377795442939 0.0291909500956535 -0.0107133900746703
vn -2.0243230399426770 5.9453321341640084 0.0704582467473658
v -0.0098673095926642 0.0299145504832268 -0.0103822899982333
vn -2.2205903818868240 5.8719510464269851 0.2115138523309591
v -0.0113333398476243 0.0293762590736151 -0.0106285801157355
vn -1.4333312747588314 6.1089310471251341 0.2541715852770030
v -0.0069193239323795 0.0307157002389431 -0.0100045800209045
vn -0.6513981349578750 3.0656057384543240 3.0068001627647756
v -0.0065491790883243 0.0308116599917412 0.0000000000000000
vn -0.7772157665340997 6.2291647892194852 0.2245932454691084
v -0.0040116901509464 0.0312434993684292 -0.0097506036981940
vn -1.0187745395324299 6.1887650320275629 0.2707385245374224
v -0.0046382541768253 0.0311424694955349 -0.0097993612289429
vn -1.2081740431692645 6.1621045709807110 0.1677586787366261
v -0.0060099358670413 0.0309213902801275 -0.0099062323570251
vn -1.4071551998984202 6.1151709926462932 0.2222635905709386
v -0.0065465560182929 0.0307999793440104 -0.0099642267450690
vn -0.0612266458328939 6.2814817925701387 0.0718197937671735
v 0.0000000000000000 0.0314999781548977 -0.0096249580383301
vn 0.2219936898079124 3.1268095713902486 3.0180842008999185
v 0.0021973249968141 0.0314232707023621 0.0000000000000000
vn 1.1374889548253035 6.1706905395393354 0.2302427819017860
v 0.0062263011932373 0.0308673903346062 -0.0099320411682129
vn 1.0739684495056538 2.9450722518503665 3.0200080198742634
v 0.0107735898345709 0.0296002607792616 0.0000000000000000
vn 0.6485935681611988 3.0668587032586929 3.0188091726907107
v 0.0065491790883243 0.0308116599917412 0.0000000000000000
vn 2.3340134683046561 5.8291445132184982 0.1838296939912072
v 0.0121601801365614 0.0290475394576788 -0.0107773495838046
vn 2.3119190019660918 5.8381486717759952 0.1537706339998687
v 0.0107702603563666 0.0295917894691229 -0.0105304699391127
vn 3.4229064655381864 5.2674227635147197 0.0969978608200102
v 0.0175604801625013 0.0261365696787834 -0.0120136700570583
vn 3.2316946229186310 5.3845119845323657 0.0485782420393268
v 0.0161857604980469 0.0270234905183315 -0.0116533599793911
vn 3.0673435094093957 5.4813288717253430 0.1066086264172052
v 0.0147826597094536 0.0278025791049004 -0.0113230897113681
vn 1.4764827826042950 2.7647281854430688 3.0094857055738147
v 0.0147883798927069 0.0278128907084465 0.0000000000000000
vn 4.1981015666258585 4.6702571968334361 -0.0225068568541826
v 0.0210456792265177 0.0234377905726433 -0.0130378603935242
vn 2.1797766937397149 2.2523338784604565 3.0119002828657742
v 0.0218816902488470 0.0226591806858778 0.0000000000000000
vn 1.8383742947608757 2.5385453266984168 3.0116600454861699
v 0.0185151603072882 0.0254839602857828 0.0000000000000000
vn 4.7441257661609813 4.1132357462835465 -0.0239342217494592
v 0.0238679591566324 0.0205564405769110 -0.0139979701489210
vn 2.4694949446277361 1.9300217857843107 3.0091232775505206
v 0.0248222891241312 0.0193932596594095 0.0000000000000000
vn 4.5018046176663358 4.3765915598009615 0.0203855099948981
v 0.0225479602813721 0.0219962503761053 -0.0135347796604037
vn 4.3773339282548482 4.5068520467008746 0.0625966888654407
v 0.0222657900303602 0.0222669802606106 -0.0134415002539754
vn 5.0175587029484134 3.7740075343603050 -0.0402274078116965
v 0.0251650791615248 0.0189463403075933 -0.0144767696037889
vn 2.7149185679401988 1.5659840543987291 3.0077489584655495
v 0.0272797904908657 0.0157499890774488 0.0000000000000000
vn 2.9048605122510933 1.1772123728151931 3.0112803225972491
v 0.0292062703520060 0.0118000498041511 0.0000000000000000
vn 5.2539082511186583 3.4370519745226171 -0.0419669731164247
v 0.0263266507536173 0.0172961894422770 -0.0149250002577901
vn 3.0416131762930836 0.7573931887514282 3.0141114249454599
v 0.0305642392486334 0.0076205129735172 0.0000000000000000
vn 5.9501638945557573 2.0008795862653317 -0.0627776535186416
v 0.0298947598785162 0.0099270930513740 -0.0164098702371120
vn 5.8384546295456996 2.3125011661263803 -0.0651562214158933
v 0.0292034707963467 0.0117990896105766 -0.0161103606224060
vn 3.1172626000371331 0.3276674260412631 3.0129437586875665
v 0.0313273593783379 0.0032926199492067 0.0000000000000000
vn 6.1285156781706984 1.3836379730111474 -0.0251018674725818
v 0.0308744907379150 0.0062192669138312 -0.0168439708650112
vn 6.1251951239475204 1.3987927705921817 -0.0449629697609312
v 0.0305559597909451 0.0076186060905457 -0.0167017504572868
vn 6.0725761794441162 1.5930162864873660 -0.0697354927032507
v 0.0304821692407131 0.0079427948221564 -0.0166688505560160
vn 3.1321469172322165 -0.1130706909789346 3.0074644181444157
v 0.0314807817339897 -0.0010992879979312 0.0000000000000000
vn 0.0000024518947675 -3.1339373857102535 3.0019459358520808
v 0.0000000000000000 -0.0314999781548977 0.0000000000000000
vn 1.3061544295175758 -6.1458087305024227 0.0266473105544727
v 0.0051777358166873 -0.0310246907174587 -0.0171249508857727
vn 0.4317192389965837 -6.2681174637984896 0.0360057151183192
v 0.0028723469004035 -0.0312990508973598 -0.0171249508857727
vn 2.1500406682628581 -5.9037664913693453 0.0252910971632480
v 0.0118795000016689 -0.0291161499917507 -0.0171249508857727
vn 2.5489803299769496 -5.7272463881550468 0.0164158589872324
v 0.0128121897578239 -0.0287766996771097 -0.0171249508857727
vn 1.2746888285931566 -2.8629946906527031 3.0019506059579375
v 0.0128121897578239 -0.0287766996771097 0.0000000000000000
vn 2.9545791254354055 -5.5451181065156705 0.0151010409266656
v 0.0160466991364956 -0.0270568691194057 -0.0171249508857727
vn 2.9497507725728602 -5.5476042903604741 0.0271304823322900
v 0.0139900995418429 -0.0281503703445196 -0.0171249508857727
vn 4.0228009488008443 -4.8068015169579041 -0.0035300645946564
v 0.0202477499842644 -0.0241304002702236 -0.0171249508857727
vn 1.6607485874912327 -2.6577242226225581 3.0019750398013150
v 0.0166924502700567 -0.0267134904861450 0.0000000000000000
vn 4.3646286697565646 -4.5196811728259849 0.0213605187456979
v 0.0215833708643913 -0.0228405501693487 -0.0171249508857727
vn 2.3289575213212048 -2.0970318715220539 3.0019735754478356
v 0.0234090592712164 -0.0210775695741177 0.0000000000000000
vn 4.6487778587892459 -4.2035309342171763 -0.0153306048436043
v 0.0234090592712164 -0.0210775695741177 -0.0171249508857727
vn 2.5981556386522096 -1.7524677547725869 3.0019307891904186
v 0.0261147003620863 -0.0176145993173122 0.0000000000000000
vn 2.8167790659579519 -1.3738092596607967 3.0019908785887806
v 0.0283119603991508 -0.0138086602091789 0.0000000000000000
vn 5.8255228473071883 -2.3535860190746667 -0.0341599323724547
v 0.0284290891140699 -0.0135187497362494 -0.0171249508857727
vn 5.6389730323765503 -2.7348637929353661 -0.0223938782423858
v 0.0283119603991508 -0.0138086602091789 -0.0171249508857727
vn 5.4327650130870708 -3.1563505218889327 -0.0034881328590661
v 0.0273045804351568 -0.0155535899102688 -0.0171249508857727
vn 6.0964296563546121 -1.5202375384404005 -0.0204114962132405
v 0.0300971791148186 -0.0091769685968757 -0.0171249508857727
vn 6.2483070921700508 -0.6610273429137288 0.0057486072031876
v 0.0313522815704346 -0.0023217198904604 -0.0171249508857727
vn 6.2655009202893845 -0.3608051614927913 -0.0433201922298648
v 0.0314807817339897 -0.0010992879979312 -0.0171249508857727
vn 6.2793578322584649 0.0481567434355386 -0.0579519978553272
v 0.0314999781548977 0.0000000000000000 -0.0171249508857727
vn -6.2510150351233236 -0.6330833466567263 0.0200820127422494
v -0.0312370602041483 -0.0034183850511909 -0.0171249508857727
vn -6.2779436738473109 0.1640270115172860 -0.0419048695050749
v -0.0314944908022881 0.0005867460276932 -0.0171224400401115
vn -6.2809255427683244 -0.0406282100485543 -0.0878650710913057
v -0.0314970016479492 0.0000000000000000 -0.0171235706657171
vn -3.1321080421930922 -0.1118233745314905 3.0059229326605172
v -0.0314807817339897 -0.0010992879979312 0.0000000000000000
vn -6.2638333846119298 -0.3609529359589292 -0.0612702547850542
v -0.0314807817339897 -0.0010992879979312 -0.0171249508857727
vn -2.8167813379247026 -1.3738048650572046 3.0019939843688461
v -0.0283119603991508 -0.0138086602091789 0.0000000000000000
vn -4.9508341342212558 -3.8687660372928003 0.0124362849998815
v -0.0240345001220703 -0.0202770791947842 -0.0171249508857727
vn -2.3289567554161188 -2.0970324368736888 3.0019699830043418
v -0.0234090592712164 -0.0210775695741177 0.0000000000000000
vn -4.9510987288324397 -3.8684178590904619 0.0137519501165264
v -0.0254685804247856 -0.0184414908289909 -0.0171249508857727
vn -2.0144591203091333 -2.4007362564115322 3.0019645700135933
v -0.0202477499842644 -0.0241304002702236 0.0000000000000000
vn -3.6930624175913827 -5.0830654536582554 0.0327700695000634
v -0.0189758501946926 -0.0250544492155313 -0.0171249508857727
vn -1.6607487743922160 -2.6577235386380709 3.0019661494946916
v -0.0166924502700567 -0.0267134904861450 0.0000000000000000
vn -2.9394738332331869 -5.5531129882416579 0.0136377064222267
v -0.0130175901576877 -0.0286674406379461 -0.0171249508857727
vn -2.1488375512180125 -5.9039537811109843 0.0460517502730770
v -0.0108436895534396 -0.0294931493699551 -0.0171249508857727
vn -0.8638034252921001 -3.0125428566061272 3.0019570234968178
v -0.0086825480684638 -0.0302797500044107 0.0000000000000000
vn -0.4361498290217927 -3.1034459461801762 3.0020077759771069
v -0.0043839211575687 -0.0311933699995279 0.0000000000000000
vn 5.3195814449668504 -1.9174971162003036 2.7342649032201654
v 0.0256142597645521 0.0410481616854668 -0.0214574895799160
vn 3.6193300372339072 -4.2735096893638920 2.8337930109488694
v 0.0238118693232536 0.0555743500590324 -0.0016031860141084
vn 4.3194047422525097 -3.8874277514787021 2.3706491256990767
v 0.0259196702390909 0.0583203993737698 -0.0005510619957931
vn 6.2761895527309335 0.0039280201734373 0.2957246873805917
v 0.0313516817986965 0.0864999815821648 0.0028884999919683
vn -0.0225359738930319 -5.5398633266292396 2.9602083119813654
v 0.0000000000000000 0.0557384416460991 0.0089373579248786
vn 0.4787424346335496 -4.0816569933735165 4.7243870762281581
v 0.0029323101043701 0.0676390528678894 0.0282299499958754
vn 0.6288978799425170 -0.7581489416912586 6.1878076830139888
v 0.0030792949255556 0.0751163884997368 0.0312588810920715
vn 1.2484497566957411 -0.0734728744850309 6.1434400436396706
v 0.0062005510553718 0.0797633528709412 0.0310789905488491
vn 1.8792089822830371 0.0360442988176205 5.9245670633933880
v 0.0121567798778415 0.0834609791636467 0.0292332693934441
vn 0.0619881404058138 3.1791569484039690 5.4078839018357439
v 0.0000000000000000 0.0330757386982441 -0.0127846002578735
vn 0.6838835113027997 3.5901081980770666 5.1042569366150303
v 0.0028474330902100 0.0326795503497124 -0.0127636697143316
vn 4.3549627632588876 4.5288686408121368 0.0273426502715384
v 0.0218698903918266 0.0226469002664089 -0.0133104901760817
vn 3.5936463043686961 2.1942006894513750 4.6596223655414928
v 0.0155660500749946 0.0296739898622036 -0.0170242693275213
vn 3.7766175306084477 1.6365508781902833 4.7408598056134998
v 0.0176470801234245 0.0288769006729126 -0.0183484498411417
vn 4.6218328330746781 2.0049971539009523 3.7518089627577127
v 0.0220708791166544 0.0249756500124931 -0.0210751798003912
vn 5.9682542930163001 1.9349231230106905 -0.1313655774275609
v 0.0298232994973660 0.0098294010385871 -0.0210421606898308
vn 5.7330156830927193 1.0971004512050546 2.3214922282457717
v 0.0277433898299932 0.0193438492715359 -0.0274589601904154
vn 5.6134557963099709 0.8253147216357530 2.6954375185199404
v 0.0273186508566141 0.0217048507183790 -0.0273890402168036
vn 5.3948035219574040 0.3006670638349473 3.2023999796311213
v 0.0264843702316284 0.0264572501182556 -0.0267463903874159
vn 6.2162993817899963 0.7624898825753639 -0.4022008137923080
v 0.0268465802073479 0.0322378799319267 -0.0293154697865248
vn 6.2410738483700996 0.6881137757065918 0.0837098639782694
v 0.0271004997193813 0.0300374608486891 -0.0293188598006964
vn 6.1978468028928564 0.8259035958820273 -0.4862313907610704
v 0.0271561704576015 0.0294016506522894 -0.0302332602441311
vn 6.2249160315896823 0.7949448233748269 0.0108472335355867
v 0.0274267699569464 0.0273913703858852 -0.0300514604896307
vn 6.1408695683606487 0.9237186753464480 -0.8571716780834375
v 0.0277633592486382 0.0244322996586561 -0.0314111709594727
vn 6.1198050999764328 0.8730561717892487 -1.0621066250818263
v 0.0286276899278164 0.0179812908172607 -0.0320397615432739
vn 6.1643298533914361 0.7748614296601202 0.9202751287216350
v 0.0279283504933119 0.0232672598212957 -0.0297276899218559
vn 6.2066329999243806 0.7818877253802314 0.5029474486118960
v 0.0276512503623962 0.0254935603588820 -0.0297209601849318
vn 6.2060648527133457 0.8370788331756516 0.3712764954006822
v 0.0280379001051188 0.0227916799485683 -0.0301486793905497
vn 6.1896014458708848 0.8244008448344633 -0.6438785912029446
v 0.0293882396072149 0.0131764998659492 -0.0312560684978962
vn 6.1948526208073620 0.8700922195381643 -0.5051321517089471
v 0.0289825703948736 0.0160665493458509 -0.0313599705696106
vn 6.2041313090369012 0.8727510099183342 -0.2398915126707141
v 0.0296550896018744 0.0117617798969150 -0.0302031002938747
vn 6.1254457382658032 0.7134453597985034 -1.1148926869520712
v 0.0294435601681471 0.0119537701830268 -0.0320071503520012
vn 6.1782164726111608 0.4892318961823444 -0.9667834622682462
v 0.0303876902908087 0.0052731027826667 -0.0303629003465176
vn 6.1284505672739149 0.6436690477803273 -1.1255640239744578
v 0.0298638902604580 0.0089063644409180 -0.0315639898180962
vn 6.1986632197434126 0.4067980726009617 -0.8795693659791135
v 0.0305548906326294 0.0041694641113281 -0.0297859907150269
vn 6.2000960499994644 0.8549440956020578 -0.3290949900824106
v 0.0303775593638420 0.0071713319048285 -0.0286553502082825
vn 6.1819893049634267 0.4408180775698302 -0.9518409386810089
v 0.0304837804287672 0.0046257372014225 -0.0300762001425028
vn 6.1998267000908802 0.8428766386208667 -0.3342342217742727
v 0.0302086994051933 0.0081998100504279 -0.0291743800044060
vn 6.2168565980102821 0.3380492665835947 -0.7846759945334935
v 0.0307123009115458 0.0031752579379827 -0.0290890894830227
vn 6.2033365829999179 0.3635997880122196 -0.8533909891751927
v 0.0306677799671888 0.0034453270491213 -0.0293254796415567
vn 6.2177068936354152 0.7638755290139420 -0.3304601708676015
v 0.0308216791599989 0.0047387480735779 -0.0263222996145487
vn 6.2113547074407691 0.7956340198704406 -0.3481577519351666
v 0.0306853000074625 0.0054258098825812 -0.0272625591605902
vn 6.2213300204286792 0.2956400497683855 -0.7525334482124966
v 0.0308076702058315 0.0025967350229621 -0.0285827498883009
vn 6.2565689636361688 0.1683392415949105 -0.4799497463969131
v 0.0311137996613979 0.0010163780534640 -0.0259445905685425
vn 6.2228743682248613 0.7369227460158208 -0.3076564710253272
v 0.0309451799839735 0.0041941399686038 -0.0251779500395060
vn 6.2465523872406248 0.2177529013371941 -0.5775129005973366
v 0.0309921503067017 0.0015884039457887 -0.0271992608904839
vn 6.2656868630520375 0.0870489904285468 -0.3306951133268954
v 0.0312999412417412 0.0003569849941414 -0.0232077799737453
vn 6.2537220201033330 0.6053852585982737 -0.0405812200525192
v 0.0313282012939453 0.0031269190367311 -0.0170474592596292
vn 6.2656118332802766 0.3916000197140403 -0.0667554470105440
v 0.0314353704452515 0.0020161271095276 -0.0170958004891872
vn 6.2710942916443244 0.0548765571411746 -0.2016235596679174
v 0.0314444787800312 0.0000628587004030 -0.0198778491467237
vn 6.2310622115766590 0.6847165927771430 -0.2498644841494578
v 0.0311508700251579 0.0035170910414308 -0.0223695002496243
vn 6.1306292572347711 1.3214702983197903 -0.1910791288426315
v 0.0306449495255947 0.0067331790924072 -0.0217744708061218
vn 6.2270172823360497 0.7119424234113205 -0.2835862410803456
v 0.0310554504394531 0.0037938349414617 -0.0238357707858086
vn 6.1272877335775338 1.3524181661754995 -0.0505354829191713
v 0.0302904807031155 0.0079451203346252 -0.0253759603947401
vn 6.1269765669975387 1.3504424792278216 0.0494986758309008
v 0.0301464702934027 0.0085993399843574 -0.0262265801429749
vn 6.2028635601355608 0.8994196737290808 -0.2852565320705656
v 0.0281728506088257 0.0218668505549431 -0.0310041904449463
vn 6.2016751845166276 0.8769229915063647 -0.3889810181803082
v 0.0285743400454521 0.0189906898885965 -0.0312611982226372
vn 6.1976584950366114 0.8835937147669485 0.3005998531158576
v 0.0284407697618008 0.0200197603553534 -0.0304388906806707
vn 6.2007436662932376 0.9121259599130367 0.1351564690331263
v 0.0288506709039211 0.0172037407755852 -0.0305742006748915
vn 6.2020010175746512 0.9276731557985873 -0.0353034651422087
v 0.0292584802955389 0.0144211603328586 -0.0305115506052971
vn 6.1566464392390605 0.9997492221854554 0.6866225787209148
v 0.0290178004652262 0.0156973600387573 -0.0297757908701897
vn 6.2030916895346335 0.8545737634979326 -0.3753481515455264
v 0.0300312004983425 0.0093151917681098 -0.0296006705611944
vn 6.1955048146984684 0.9492498731148599 0.2509449257562273
v 0.0299783907830715 0.0097057223320007 -0.0285631995648146
vn 6.1800803468853012 1.0902215842717253 0.1964496397582956
v 0.0297983791679144 0.0107818795368075 -0.0289605800062418
vn 6.1234317296763514 1.3078526318109076 0.4996838025448389
v 0.0296498499810696 0.0111993495374918 -0.0279324594885111
vn 6.0284994815927941 1.4221895350467297 1.0464429057906974
v 0.0290537402033806 0.0136392703279853 -0.0276100598275661
vn 6.1273267931290212 1.3412737210684098 -0.1745913526674037
v 0.0305406991392374 0.0070205922238529 -0.0231142006814480
vn 6.1270076214863201 1.3495804673267831 -0.1260908348888742
v 0.0304219704121351 0.0074183340184391 -0.0243366900831461
vn 6.1263638134567975 1.3371483227495817 0.1725972108436164
v 0.0299909692257643 0.0093688359484076 -0.0269156601279974
vn 5.9643105524545810 1.8170930382174260 0.7390044331397960
v 0.0291133504360914 0.0123415496200323 -0.0256778504699469
vn 6.2048085851015857 0.8282458042411958 -0.3508595582166439
v 0.0305368900299072 0.0062417979352176 -0.0280285403132439
vn 6.1291646073781560 1.2949002748892706 0.4008982174717181
v 0.0298250894993544 0.0102398898452520 -0.0274748802185059
vn 6.1402014246180201 1.2770444972543746 -0.1843219222034243
v 0.0308025404810905 0.0063960552215576 -0.0190638806670904
vn 6.1626954884584242 1.1942355917196805 -0.0465049792841538
v 0.0309164505451918 0.0060346717946231 -0.0168626904487610
vn 6.2360776650467260 0.6574030334815660 -0.2023803671304709
v 0.0312893912196159 0.0032309289090335 -0.0194229409098625
vn 6.2217087980706101 0.8322767876630849 -0.0795974622416103
v 0.0312407594174147 0.0040324921719730 -0.0170080605894327
vn 6.2536992651630747 0.6056321585068045 -0.0405670148153009
v 0.0313123390078545 0.0032911889720708 -0.0170402508229017
vn 4.2300749202776196 -1.4599580219257895 4.4060024402441256
v 0.0241348706185818 0.0343610011041164 -0.0229576807469130
vn 4.1697979874948512 -1.0645596235366936 4.5741169919605449
v 0.0237212702631950 0.0329169593751431 -0.0229745507240295
vn 3.6249532637099433 -1.3917300702111872 4.9341628365598069
v 0.0220912601798773 0.0340264998376369 -0.0213621798902750
vn 3.8870133058794081 -1.2372637791586962 4.7743006911050676
v 0.0229305606335402 0.0334867797791958 -0.0221554003655910
vn 3.6307745960646396 -1.8437028452835300 4.7803488939678740
v 0.0226113703101873 0.0353850685060024 -0.0212943498045206
vn 3.9328707668132719 -1.6481037695773850 4.6106389174168623
v 0.0234005991369486 0.0348870716989040 -0.0221127793192863
vn 3.8754458926192439 -2.4915821469795256 4.2691417350628269
v 0.0236512999981642 0.0383582711219788 -0.0206905603408813
vn 4.0864935392066943 -0.7167537866307671 4.7161778247656336
v 0.0232933703809977 0.0315572582185268 -0.0228446703404188
vn 4.4518209557809003 -0.8972362655001738 4.3381394834036708
v 0.0244565606117249 0.0323157906532288 -0.0238163992762566
vn 4.2740106543283050 -0.2494023583483903 4.5966712311313493
v 0.0236905794590712 0.0295971594750881 -0.0233916603028774
vn 3.1655339573385950 -1.6473988377545370 5.1640584481532521
v 0.0202929899096489 0.0350171886384487 -0.0198621693998575
vn 3.2069574694854688 -1.1369790430577531 5.2777397072819250
v 0.0196988508105278 0.0338158607482910 -0.0198106691241264
vn 2.8730653030668867 -2.2998469446228875 5.0855847236602045
v 0.0199812594801188 0.0367196686565876 -0.0190233495086432
vn 2.6045427126281959 -2.8699973110117716 4.9410939866144838
v 0.0197241902351379 0.0384147688746452 -0.0179983898997307
vn 3.7256466445136782 -0.0998188005927947 5.0558876247314481
v 0.0205084607005119 0.0304938498884439 -0.0207308493554592
vn 2.6401457197288583 -3.2622735598831678 4.6720396791391794
v 0.0204367600381374 0.0398010611534119 -0.0174868702888489
vn 2.8449887681938009 -2.7626696809573321 4.8684506141818940
v 0.0206343494355679 0.0380527898669243 -0.0187136493623257
vn 3.3850241546984208 -1.5280049854252522 5.0615425312564009
v 0.0212099496275187 0.0345366001129150 -0.0205971505492926
vn 3.4527916588880787 -1.0575228371251615 5.1377526794682025
v 0.0206502601504326 0.0332999788224697 -0.0205283705145121
vn 3.6217999511683363 -0.9553288971076315 5.0412908781348564
v 0.0215700808912516 0.0327518507838249 -0.0212743803858757
vn 3.4883582721173427 -0.6068069889593180 5.1876147311117888
v 0.0200895592570305 0.0321559906005859 -0.0203246399760246
vn 3.8828468318708493 -0.4472246991074615 4.9164676685191040
v 0.0219663903117180 0.0309484004974365 -0.0218113604933023
vn 5.5317352751062936 1.0875468394222976 2.7701905085311940
v 0.0271577797830105 0.0204805694520473 -0.0266611501574516
vn 5.6762122951103073 1.4091295996047242 2.2895055941203735
v 0.0275824591517448 0.0183183494955301 -0.0265399795025587
vn 5.6533110248176897 1.8134137778631150 2.0422871187040403
v 0.0273498799651861 0.0176036898046732 -0.0254264399409294
vn 5.4976735984767302 1.9092890594479373 2.3553394791463238
v 0.0266423802822828 0.0188400708138943 -0.0246792994439602
vn 5.2359365557978501 0.4581388948770012 3.4404717048874902
v 0.0263000708073378 0.0250295903533697 -0.0262984000146389
vn 5.3780502532759158 0.7639215789888391 3.1552125479605748
v 0.0267272498458624 0.0227397605776787 -0.0265674497932196
vn 5.1507516917319318 0.7064839353595223 3.5256442729168991
v 0.0260638501495123 0.0237398706376553 -0.0257484894245863
vn 5.1439898164820370 1.0729920496250795 3.4385482961118137
v 0.0257781706750393 0.0226355697959661 -0.0250611901283264
vn 5.3474265657717712 1.5073203719465198 2.9235888891172248
v 0.0262163802981377 0.0206641498953104 -0.0249887704849243
vn 5.1828160853475822 1.5478199102692991 3.1843303381360881
v 0.0254417601972818 0.0217658802866936 -0.0242089591920376
vn 5.3269857145416282 1.9433396721115086 2.7003071450835900
v 0.0258747898042202 0.0200276896357536 -0.0239268504083157
vn 5.3350602121025528 1.0814960017070736 3.1328424713247829
v 0.0265001002699137 0.0215807501226664 -0.0258618500083685
vn 5.5118025217096944 1.4618439420369231 2.6295132769323852
v 0.0269317608326674 0.0195147898048162 -0.0257670804858208
vn 5.3972541914059180 2.2482542406502928 2.2965745609799630
v 0.0260843001306057 0.0192278604954481 -0.0236896798014641
vn 5.0187930578395310 1.5843908115204086 3.4177903581956270
v 0.0246127806603909 0.0228205900639296 -0.0234323702752590
vn 5.2083229408161662 1.8873289739386450 2.9634079287381976
v 0.0250514708459377 0.0211666803807020 -0.0231737401336432
vn 5.5301465855960021 2.8956546004907624 0.6781536660515832
v 0.0268494393676519 0.0166590791195631 -0.0218968894332647
vn 5.7619448961393660 2.4835867824965638 0.2128575632202041
v 0.0284309908747673 0.0134490700438619 -0.0222913604229689
vn 5.5391751013943100 2.7673342188600638 1.0430943254085525
v 0.0266713500022888 0.0171898603439331 -0.0225062891840935
vn 5.5092910828052792 2.6085194589882601 1.5102611512934758
v 0.0264837704598904 0.0178011003881693 -0.0229941606521606
vn 5.7549500324289120 2.2332025174201542 1.1525230759968019
v 0.0279313903301954 0.0151633601635695 -0.0243631601333618
vn 5.8673368674827229 1.7650124679666317 1.3863959428517922
v 0.0283775907009840 0.0145496698096395 -0.0254940893501043
vn 5.7888337077881644 1.6985616939032064 1.7442926793055844
v 0.0279920604079962 0.0163193903863430 -0.0261643491685390
vn 5.9160419646420070 1.5703686144996400 1.4096838004849417
v 0.0285621806979179 0.0149958701804280 -0.0268929600715637
vn 5.9753176328577968 1.2669394109560825 1.4668723011143368
v 0.0286605898290873 0.0158172808587551 -0.0280671697109938
vn 6.0517846522521701 1.0551929440741710 1.3057390934558510
v 0.0286756698042154 0.0169630590826273 -0.0290288906544447
vn 5.9959662263558258 0.8974437543161516 1.6328388814804065
v 0.0282613597810268 0.0195325594395399 -0.0290181599557400
vn 5.9436024518168056 0.7462514192878781 1.8789696004486496
v 0.0278466902673244 0.0221329908818007 -0.0288177691400051
vn 5.6630659400493748 0.4452886065418660 2.6780858817791424
v 0.0270038805902004 0.0255959592759609 -0.0276106502860785
vn 5.5827809279591660 0.1805665577651211 2.8720251121110243
v 0.0266144797205925 0.0280006509274244 -0.0271075908094645
vn 5.4840413721853567 -0.1700214959178029 3.0575570412739164
v 0.0262531600892544 0.0303466897457838 -0.0264546796679497
vn 5.7398820376582407 0.0534694392426137 2.5520475069452901
v 0.0266919694840908 0.0296342894434929 -0.0273529794067144
vn 5.3693182826941523 -0.5911450355058885 3.2049761101353971
v 0.0259293895214796 0.0326348505914211 -0.0256280805915594
vn 5.5719422883006970 -0.7102741957852271 2.8120510127932312
v 0.0260881707072258 0.0343290492892265 -0.0255548898130655
vn 5.2490992693496814 -1.0455391312663469 3.2867055911673453
v 0.0256519895046949 0.0348730608820915 -0.0246198698878288
vn 5.4815815406604154 -1.1258354355798361 2.8534498889039677
v 0.0258634593337774 0.0366027913987637 -0.0243792496621609
vn 5.1567557410043587 -1.4546759717050430 3.2771501227404141
v 0.0254302602261305 0.0370703898370266 -0.0234263502061367
vn 5.7505255389463414 2.5138700246378596 -0.0709313791193180
v 0.0287046991288662 0.0127924596890807 -0.0202039405703545
vn 5.7630420118559904 2.4805482918386113 -0.1449742266149800
v 0.0289185605943203 0.0124107496812940 -0.0179577991366386
vn 5.2203877255576163 3.4565289066742935 0.4753953054620032
v 0.0253631398081779 0.0187909603118896 -0.0199560504406691
vn 5.5106178532060222 2.9865064818530422 0.3704323101293996
v 0.0270168706774712 0.0162167493253946 -0.0211469493806362
vn 5.2531090859147236 3.3226779579092502 0.8916554536123956
v 0.0251868907362223 0.0191986504942179 -0.0206229593604803
vn 4.3725868397923007 0.5395116979940331 4.4759917512068474
v 0.0228317901492119 0.0273102503269911 -0.0225386600941420
vn 4.5976160368660572 1.0433536476297054 4.1438731087569227
v 0.0232829991728067 0.0255276504904032 -0.0226905904710293
vn 4.4256510626024292 1.0353915530318589 4.3277165931214192
v 0.0223588906228542 0.0264012794941664 -0.0219225808978081
vn 4.2566143072815192 1.0287530405178265 4.4945191812807010
v 0.0213961601257324 0.0272298995405436 -0.0211705490946770
vn 5.1789459430821072 3.5464249196536182 -0.0782126800151234
v 0.0259444694966078 0.0178326908499002 -0.0164716802537441
vn 4.8413788811636413 3.9926864701595162 0.2138718921254297
v 0.0238226596266031 0.0206177793443203 -0.0172732397913933
vn 4.8953165126972138 3.8805783302752643 0.6337407453008561
v 0.0234957896173000 0.0211606603115797 -0.0187472701072693
vn 5.1844319363619356 3.5396744235686715 0.1153213295895774
v 0.0256804805248976 0.0182032492011786 -0.0182930808514357
vn 4.9446252716705938 3.7086115807799578 1.1074714785080282
v 0.0233149491250515 0.0215323492884636 -0.0193389598280191
vn 5.2696535987852648 3.1522944682570926 1.3134097176954767
v 0.0250004492700100 0.0196841899305582 -0.0211655404418707
vn 4.9703875149295165 3.4987330241166306 1.5760228718141733
v 0.0231247507035732 0.0219721700996161 -0.0198219995945692
vn 4.9309645830925346 2.9619151684367440 2.5197716783828108
v 0.0227203909307718 0.0230306908488274 -0.0205179993063211
vn 5.2616550658893173 2.9433178748675064 1.7564668712877944
v 0.0248051807284355 0.0202402397990227 -0.0215998794883490
vn 5.4580371532888661 3.1015934266261449 -0.0384866165725896
v 0.0274132397025824 0.0155164496973157 -0.0153602901846170
vn 4.8160157039250189 4.0276144213020642 -0.0286968104550595
v 0.0240996405482292 0.0202687904238701 -0.0156447794288397
vn 5.1395662982696217 3.6141586189450932 0.0160012234238286
v 0.0261407401412725 0.0175601802766323 -0.0148532902821898
vn 5.3514349967763790 3.2908667698427014 -0.0731175876791993
v 0.0272731706500053 0.0157459899783134 -0.0153041398152709
vn 5.4889781727295066 3.0421495633625746 -0.1131944967733831
v 0.0275574903935194 0.0152076398953795 -0.0172511897981167
vn 5.4872707886476650 3.0490488022763169 -0.0039216972006448
v 0.0273154899477959 0.0155901899561286 -0.0192789994180202
vn 5.4951571907575616 3.0333113777497771 0.1396775445424821
v 0.0271725598722696 0.0158647801727057 -0.0202596709132195
vn 5.9770905742721805 1.9040161900594366 -0.1673328371012441
v 0.0300073008984327 0.0094633689150214 -0.0185678601264954
vn 6.0233540896840765 1.7874709331364151 -0.0331334480904892
v 0.0300996806472540 0.0092349639162421 -0.0165001694113016
vn 5.5664702859215627 2.9137516227717448 -0.0002638900994417
v 0.0277197901159525 0.0149307800456882 -0.0154871903359890
vn 5.6462423725309803 2.7447234891720500 -0.0520717394892969
v 0.0283729992806911 0.0136828999966383 -0.0157574992626905
vn 5.7600431920596220 2.5086939064477782 -0.0327518979953810
v 0.0290533900260925 0.0121518904343247 -0.0160463992506266
vn 5.9663205114795694 1.9464727636417674 -0.0658095478521072
v 0.0297068897634745 0.0101181799545884 -0.0222566705197096
vn 5.7521727740496509 2.5127871059982869 0.0396606286039876
v 0.0285744592547417 0.0130771901458502 -0.0212985798716545
vn 5.9700174134102149 1.9379039011931072 0.0489657147313738
v 0.0295764803886414 0.0105052497237921 -0.0233615003526211
vn 5.7727707061952325 2.4261245111751135 0.4555308520981348
v 0.0282753705978394 0.0139231598004699 -0.0231313705444336
vn 5.7770157837983547 2.3417484174532168 0.7493853846508186
v 0.0281084701418877 0.0144977504387498 -0.0238147899508476
vn 5.9748338240640928 1.9124374398728463 0.2150995735751697
v 0.0294336602091789 0.0110074803233147 -0.0242981892079115
vn 5.9767429542049131 1.8711156959400541 0.4209820901680885
v 0.0292789898812771 0.0116232000291348 -0.0250622592866421
vn 5.9459555309247429 1.7332478290198094 1.0470867432703008
v 0.0289378706365824 0.0131504498422146 -0.0261734705418348
vn 6.0696522919045552 1.4001141250653157 0.7940455938092172
v 0.0294202491641045 0.0117176696658134 -0.0268377605825663
vn 6.1144832614647910 1.2608720759587260 0.6841565108585224
v 0.0294666793197393 0.0122366501018405 -0.0283024907112122
vn 6.0933847917000392 1.1810720843417537 0.9629434140019613
v 0.0290804505348206 0.0145043702796102 -0.0288052503019571
vn 6.1715342697983715 1.0609603760062338 0.4309893384814112
v 0.0294179897755384 0.0131386499851942 -0.0295113902539015
vn 6.1350427754714838 0.9189208575035823 0.9319058447943488
v 0.0286070704460144 0.0183729492127895 -0.0297999903559685
vn 6.1095763649806187 0.8141779824008452 1.1658482637626519
v 0.0281950794160366 0.0210806708782911 -0.0296304803341627
vn 5.8941678811940585 0.5826695533538431 2.0822838535563304
v 0.0274407807737589 0.0246951505541801 -0.0284684803336859
vn 5.8422078988874597 0.3721725879466461 2.2709183269329274
v 0.0270528700202703 0.0271965805441141 -0.0279865805059671
vn 6.0658521788645476 0.6955320435711988 1.4629929574463099
v 0.0277907792478800 0.0237472597509623 -0.0293091498315334
vn 1.7189336818566345 -3.3500273455583285 5.0231113718085005
v 0.0148255797103047 0.0399075709283352 -0.0149681502953172
vn 1.9748702181010687 -2.7480667293759495 5.2859009767755163
v 0.0150544000789523 0.0384494587779045 -0.0159155707806349
vn 2.8931730619867615 -1.2672957781723988 5.4271617989791086
v 0.0177184902131557 0.0347557589411736 -0.0184643808752298
vn 2.5645828228907366 -1.3737272324715293 5.5643065096221491
v 0.0156580805778503 0.0355794988572598 -0.0172439794987440
vn 2.8130587799750906 -0.7990140720596551 5.5585951719397571
v 0.0160170700401068 0.0341660901904106 -0.0176839791238308
vn 3.3800840992304209 -0.1970429604394052 5.2901730673144884
v 0.0185040794312954 0.0317062698304653 -0.0193218495696783
vn 3.6673054214599343 0.4099441885314805 5.0800398306746946
v 0.0189310908317566 0.0302067901939154 -0.0195887591689825
vn 2.9604663526176309 0.3075145509929182 5.5277946685879717
v 0.0145992003381252 0.0324685499072075 -0.0170498397201300
vn 0.8125182051166493 -4.0589882742149417 4.7211647945947881
v 0.0084573030471802 0.0424047708511353 -0.0114622702822089
vn 1.4129350380925239 -2.9220269246277746 5.3713172698144138
v 0.0108717596158385 0.0394452810287476 -0.0140593601390719
vn 0.9610107641424381 -3.5769339621817933 5.0682259091706854
v 0.0085758557543159 0.0410908982157707 -0.0125144701451063
vn 1.9225818331385311 -1.5104970430285058 5.7828956200445454
v 0.0113669596612453 0.0369020700454712 -0.0152087798342109
vn 2.1338823802643390 -0.9285169767905248 5.8336515294318225
v 0.0116612901911139 0.0356801711022854 -0.0155586600303650
vn 1.5903241556514751 -1.5533370646524096 5.8716281664967234
v 0.0091546168550849 0.0374062582850456 -0.0144073897972703
vn 2.5652182615363257 0.2489373167613855 5.7246132285698046
v 0.0123108001425862 0.0333722792565823 -0.0159772001206875
vn 0.2775816773695150 -3.6611452690465058 5.0898361190269155
v 0.0021578660234809 0.0416525006294250 -0.0113589698448777
vn 0.0893744590468149 -2.8312169224949173 5.5912140173280518
v 0.0000000000000000 0.0401513502001762 -0.0122109595686197
vn 0.2611928017568387 -4.1075265473800311 4.7402601985601152
v 0.0021246070973575 0.0428862497210503 -0.0103740599006414
vn 0.4739384121862633 -3.6383209078470489 5.0936745136968034
v 0.0043108458630741 0.0415360890328884 -0.0115884495899081
vn 0.5774566538858869 -3.0365533859302363 5.4618163223089127
v 0.0043976898305118 0.0403411909937859 -0.0123570496216416
vn 0.0119886216686478 -4.1403731863833375 4.7206210851041401
v 0.0000000000000000 0.0428789816796780 -0.0102497898042202
vn -0.0453525848438821 -3.7572266561869778 5.0183336175836333
v 0.0000000000000000 0.0418663583695889 -0.0111407004296780
vn 0.0017802285844999 -3.3265045980404899 5.3257930974987930
v 0.0000000000000000 0.0416793785989285 -0.0112573504447937
vn 0.3059245498868671 -3.0651247279217682 5.4672045311263702
v 0.0022021529730409 0.0404762588441372 -0.0121116600930691
vn 0.0240024724761024 -3.3243971127178442 5.3268195632464188
v 0.0000000000000000 0.0405019484460354 -0.0119921499863267
vn 0.3931983716503507 -4.1160930360361601 4.7254917352363552
v 0.0042457580566406 0.0427863486111164 -0.0105895902961493
vn 0.7251208870366972 -3.6125446200366209 5.0823730816631256
v 0.0064509510993958 0.0413480885326862 -0.0119762998074293
vn 1.0524360678805240 -2.2954540510354384 5.7446965843742923
v 0.0067295432090759 0.0389428697526455 -0.0133573999628425
vn 0.6991624670399429 -2.3239585421771656 5.7868612522673102
v 0.0045033688656986 0.0391955897212029 -0.0129153700545430
vn 1.2253407640948153 -1.5895299875530733 5.9488981717842719
v 0.0069057340733707 0.0378047786653042 -0.0137606803327799
vn 1.1507429977299013 -2.9724429039768547 5.4059222391301045
v 0.0087352991104126 0.0398238785564899 -0.0133431497961283
vn 0.8760888015023811 -3.0089270704479270 5.4373158256240854
v 0.0065765380859375 0.0401227399706841 -0.0127709498628974
vn 1.3722762985117836 -2.2601789300785193 5.6908702469096770
v 0.0089300265535712 0.0385969802737236 -0.0139661999419332
vn 1.7698674024458638 -0.9765991291944127 5.9463834601523704
v 0.0094034066423774 0.0362585708498955 -0.0147143602371216
vn 0.5406583029930244 -0.5907743395036926 6.2287249560662827
v 0.0024595260620117 0.0363030992448330 -0.0133694997057319
vn 2.5280492667974945 0.9910163077068452 5.6596869057611681
v 0.0114562502130866 0.0327505394816399 -0.0155396396294236
vn 1.4903247730377862 -0.5158758926361313 6.0785072801827864
v 0.0073102707974613 0.0356856510043144 -0.0142112895846367
vn 1.9306689287575036 -0.4572073730647337 5.9584752167102817
v 0.0096710324287415 0.0351624414324760 -0.0149303600192070
vn 1.3659345270274204 -1.0218506874057851 6.0441791122351791
v 0.0071007600054145 0.0367160998284817 -0.0140303904190660
vn 0.8183893674300053 -1.6210492542090544 6.0098342354926633
v 0.0046247830614448 0.0380958914756775 -0.0132895698770881
vn 0.4413075554065698 -1.6210055327325814 6.0488971090672665
v 0.0023179049603641 0.0382754802703857 -0.0130091896280646
vn 0.3542107553989987 -2.3415889148935496 5.8109846727905126
v 0.0022560351062566 0.0393517017364502 -0.0126527501270175
vn 3.9890377145862699 1.4630002094751970 4.6277131294635039
v 0.0187436901032925 0.0281519796699286 -0.0190162602812052
vn 4.1342837959553433 1.6084854850325181 4.4432967403962520
v 0.0198108498007059 0.0273808799684048 -0.0197083894163370
vn 3.5997127286148780 1.0305312017360233 5.0359615792115626
v 0.0172264501452446 0.0301067791879177 -0.0183736607432365
vn 3.6168915562336119 1.4464026536017112 4.9293032947132680
v 0.0165230594575405 0.0295557901263237 -0.0177075807005167
vn 2.9724487370233845 1.0221231164919955 5.4324308542224085
v 0.0138292899355292 0.0318188592791557 -0.0165676400065422
vn 2.7390147847180439 1.6321035963365826 5.4067359320379396
v 0.0117753697559237 0.0318119488656521 -0.0154713904485106
vn 3.1263714449473072 2.2242548033346106 4.9722250225499742
v 0.0131693398579955 0.0308575592935085 -0.0158996507525444
vn 1.0221066086190886 -4.0103069513521099 4.7220816576790288
v 0.0105447703972459 0.0421256981790066 -0.0121060600504279
vn 1.4435059813819506 -3.4525779049704228 5.0401863615158131
v 0.0127697503194213 0.0403708815574646 -0.0140091702342033
vn 1.1934967548268727 -3.5260848613455487 5.0545101106447179
v 0.0106839500367641 0.0407650396227837 -0.0131921702995896
vn 1.6851900457159648 -2.8491955233957529 5.3320936042332265
v 0.0129805803298950 0.0389873906970024 -0.0149168903008103
vn 1.6693397730845987 -2.2139994028775449 5.6295954770128578
v 0.0111015997827053 0.0381590686738491 -0.0147241903468966
vn 1.9668718137030332 -2.1478948576074464 5.5591132406041277
v 0.0132387802004814 0.0376298986375332 -0.0156257692724466
vn 2.2450621360016827 -1.4522030869894595 5.6809439121077707
v 0.0135370399802923 0.0362931415438652 -0.0161563698202372
vn 2.3253582585876496 -0.4000038920020773 5.8202270617038891
v 0.0119780795648694 0.0345014892518520 -0.0158149003982544
vn 2.8037620248862796 0.9643186277057634 5.5306917816744932
v 0.0126528702676296 0.0323059484362602 -0.0160345993936062
vn 2.4869311156118368 1.6074554658923139 5.5344563619516398
v 0.0105311796069145 0.0322584509849548 -0.0150074902921915
vn 2.8777076097576595 2.2140163287453722 5.1244542245847882
v 0.0119340997189283 0.0313760600984097 -0.0153927803039551
vn 3.2252698056805866 2.6945040320168641 4.6664217313710310
v 0.0133391600102186 0.0304225608706474 -0.0157902799546719
vn 3.3603864891803541 2.2248621324446778 4.8169653697059731
v 0.0143804503604770 0.0302898790687323 -0.0164445005357265
vn 2.9780946885988278 1.6505885927944641 5.2730437412183431
v 0.0129978600889444 0.0313176512718201 -0.0159759502857924
vn 3.2221969592513093 1.0057647902442242 5.2900366277040334
v 0.0149843599647284 0.0312898717820644 -0.0171368699520826
vn 3.3238333858008211 0.3588657520840973 5.3142679344323245
v 0.0168092790991068 0.0314145609736443 -0.0182595793157816
vn 2.6941773319483691 -0.3392261131893745 5.6631089729048227
v 0.0142246400937438 0.0337052904069424 -0.0168501697480679
vn 3.0419947458851442 -0.2736882157483437 5.4880239733466372
v 0.0164034906774759 0.0327749811112881 -0.0180238392204046
vn 2.4796800667268153 -0.8703593576733213 5.7045631913223644
v 0.0138681503012776 0.0349825583398342 -0.0165515504777431
vn 2.2719504337825698 -2.0562346897347092 5.4773251810196211
v 0.0153345400467515 0.0370086990296841 -0.0166680794209242
vn 1.2548887631489387 -3.9399763585828422 4.7252538412442293
v 0.0126138897612691 0.0417879782617092 -0.0128879500553012
vn 3.4595357817408381 4.0538304182662079 3.3194621840487057
v 0.0138299399986863 0.0292881708592176 -0.0152474604547024
vn 3.8658562697311609 3.9283004712470007 3.0068279567787837
v 0.0163103900849819 0.0279085002839565 -0.0163426902145147
vn 3.4331470728929085 3.6203997633102931 3.8124247008814325
v 0.0136702600866556 0.0296359006315470 -0.0154663901776075
vn 3.8362961360054362 3.5217804002356536 3.5076109922731362
v 0.0161303803324699 0.0283004604279995 -0.0165769997984171
vn 3.3242685012351894 3.1457493546061617 4.2981051530602841
v 0.0135063501074910 0.0300147496163845 -0.0156463906168938
vn 4.4779697124818387 0.1813984835648033 4.4009622069991980
v 0.0241130497306585 0.0276098791509867 -0.0238217692822218
vn 4.1488812160345159 0.4947492913792756 4.6873831978641185
v 0.0219076797366142 0.0280965492129326 -0.0217702891677618
vn 4.1217242770265319 0.0533412361685994 4.7388970521556661
v 0.0223899409174919 0.0291301608085632 -0.0222363397479057
vn 3.9827421897051014 0.4702424094915885 4.8318988049930445
v 0.0209469702094793 0.0288408901542425 -0.0210209395736456
vn 4.0817779907905454 1.0554897298152084 4.6486871429394325
v 0.0203986708074808 0.0280140601098537 -0.0204371791332960
vn 4.3321052021259252 1.4510817522426038 4.3120574385478507
v 0.0208462402224541 0.0265634004026651 -0.0204218607395887
vn 3.9395275743591700 2.1394310178508147 4.3985650161869971
v 0.0178561806678772 0.0282991491258144 -0.0182778798043728
vn 4.4509528232515265 2.4773891203206801 3.6733087045699366
v 0.0202468000352383 0.0261173807084560 -0.0195173602551222
vn 4.1825005036967013 2.9860686317369116 3.6089740511741093
v 0.0182669702917337 0.0272338893264532 -0.0180096607655287
vn 4.5423605063398220 2.8393625705056658 3.2776799495230300
v 0.0204600598663092 0.0255366507917643 -0.0193496905267239
vn 4.6392267277044557 3.8078029664446271 1.8449210663065334
v 0.0210683904588223 0.0240486804395914 -0.0185037795454264
vn 4.2713047534074926 4.0758368417654651 2.1362466780964389
v 0.0188495498150587 0.0259108506143093 -0.0172392707318068
vn 4.6043487645581642 4.0538236529425298 1.3389116929280929
v 0.0212571006268263 0.0236537996679544 -0.0180732607841492
vn 4.2293909344831455 4.3562338186951086 1.5989396162775438
v 0.0190307404845953 0.0255586504936218 -0.0168543998152018
vn 4.5401094174963408 4.2594811640944901 0.8138901987355671
v 0.0214367508888245 0.0233182907104492 -0.0175489708781242
vn 3.7817765617146462 4.8515857515796181 1.2501804964178114
v 0.0168125592172146 0.0269730594009161 -0.0152986599132419
vn 3.3867868724284858 5.2217814659170081 0.8400935428984828
v 0.0158343892544508 0.0273630600422621 -0.0138408504426479
vn 3.4501907191323231 4.4523566737109039 2.7728352275622083
v 0.0139845600351691 0.0289738699793816 -0.0149844801053405
vn 3.8340746769734246 4.6102904772479647 1.8600074661264867
v 0.0166525803506374 0.0272413399070501 -0.0157108902931213
vn 3.2746305835607696 5.1195350772578712 1.5662101471695875
v 0.0142751904204488 0.0284562706947327 -0.0143042802810669
vn 3.3795106171743940 5.1792218622887196 1.1002351484876733
v 0.0155613999813795 0.0277442894876003 -0.0147876702249050
vn 3.1226362149004419 5.3718793302426935 0.8926385057262938
v 0.0145300598815084 0.0280945803970098 -0.0134149696677923
vn 3.0890811253881858 5.4690131846824155 0.1332366216835110
v 0.0149363800883293 0.0277172904461622 -0.0113592697307467
vn 2.5251499876630499 5.6477693472165633 1.0736174260596445
v 0.0118179898709059 0.0293693505227566 -0.0126459002494812
vn 2.9382757568774927 5.3748950233302217 1.3871036755345896
v 0.0130776697769761 0.0289182607084513 -0.0134544903412461
vn 3.0220762097948954 5.1754820826280366 1.8729357983457093
v 0.0129559002816677 0.0291075706481934 -0.0138520495966077
vn 3.0862495049777721 4.8937140054081318 2.4369807841051281
v 0.0128250699490309 0.0293342992663383 -0.0141998501494527
vn 3.7333398124346640 5.0536571131059880 -0.0252705326100344
v 0.0185064598917961 0.0254721604287624 -0.0122754499316216
vn 3.8967778059783669 4.9248439018532277 0.0177611572095599
v 0.0195765402168036 0.0246780496090651 -0.0125826504081488
vn 3.9898601869533641 4.8476943504214907 0.1133473881579332
v 0.0197862908244133 0.0245205704122782 -0.0139547502622008
vn 4.0618317819524128 4.7934319538532471 0.0490355600939730
v 0.0200076606124640 0.0243140999227762 -0.0127162896096706
vn 2.8496713578780888 4.5791058330045722 3.2121387668744656
v 0.0113613596186042 0.0301604792475700 -0.0140495803207159
vn 3.1323098560576934 4.1093896417211653 3.5655892339948663
v 0.0125446897000074 0.0298934504389763 -0.0147513700649142
vn 2.8538069562875714 4.1419131114661756 3.7564667396142677
v 0.0112313600257039 0.0304408594965935 -0.0142938401550055
vn 2.8292765761467025 3.6696255096885286 4.2366114389842640
v 0.0110971899703145 0.0307510402053595 -0.0145008498802781
vn 3.0948575098796054 3.8317129555781220 3.8999814491060976
v 0.0123970499262214 0.0302215795964003 -0.0149639798328280
vn 2.3431657777892738 0.9057780207161348 5.7507592102778808
v 0.0102403704077005 0.0331518612802029 -0.0150851598009467
vn 2.9659555755416873 2.5117098080830491 4.9360094649835489
v 0.0120911002159119 0.0309645496308804 -0.0152827501296997
vn 3.4714723437831383 2.3692437866078908 4.6661254216448347
v 0.0145616503432393 0.0298293791711330 -0.0163352396339178
vn 3.7092194835900338 2.6472004055956706 4.3212096338011836
v 0.0157572608441114 0.0291858892887831 -0.0169149003922939
vn 3.2043432715536770 1.6611522468110129 5.1353849882785445
v 0.0141973402351141 0.0307765007019043 -0.0165184698998928
vn 3.4167419561189365 1.6680333832378502 4.9943126496077346
v 0.0153728695586324 0.0301889702677727 -0.0170965697616339
vn 3.3753248023298648 1.0408181540084565 5.1870738278279571
v 0.0161170903593302 0.0307191591709852 -0.0177396498620510
vn 0.6601783448410599 1.4067706702666818 6.0815594343616359
v 0.0026941290125251 0.0338847003877163 -0.0132766896858811
vn 0.6980018397942336 2.0025494515896631 5.9109891439069742
v 0.0027333491016179 0.0335510894656181 -0.0131835900247097
vn 1.4259314436133925 2.5705977546498806 5.5488322682199067
v 0.0055181980133057 0.0328717790544033 -0.0134237995371222
vn -0.0231659120685821 1.9451234853160140 5.9669764018743940
v 0.0000000000000000 0.0336656495928764 -0.0130430404096842
vn 0.4278707004293592 1.4327326573693455 6.0319567052556264
v 0.0013871189439669 0.0333300791680813 -0.0129730701446533
vn 1.6551084477821711 0.1131311796755039 6.0546264535465513
v 0.0075299730524421 0.0347187481820583 -0.0143061801791191
vn 1.8253645848713975 0.8321768731423960 5.9466076582311915
v 0.0077554578892887 0.0338225886225700 -0.0143090402707458
vn 1.6233469980716864 1.4989714636454639 5.8754158006070165
v 0.0066813821904361 0.0333029590547085 -0.0138930603861809
vn 2.3331960014789459 2.1670699229875270 5.4130053091328900
v 0.0093954196199775 0.0322621390223503 -0.0145033001899719
vn 2.0326822533893454 2.1331582446082065 5.5459754278761775
v 0.0080952038988471 0.0326278805732727 -0.0141279604285955
vn 2.7036317596630770 2.6865894896919889 4.9907628724469681
v 0.0108185997232795 0.0314544998109341 -0.0148154404014349
vn 2.4802652537364449 3.1693441800340372 4.8197392948935995
v 0.0096489191055298 0.0315444394946098 -0.0142508698627353
vn 2.5535977934598644 4.6119933966308029 3.4079601408923486
v 0.0100078498944640 0.0306629501283169 -0.0136419497430325
vn 2.8130230864746033 4.9570123477518298 2.6314106788233413
v 0.0114863496273756 0.0299117509275675 -0.0137641998007894
vn 2.5215074690761172 5.0047637849844033 2.8288263087042829
v 0.0101193701848388 0.0304268505424261 -0.0133681800216436
vn 2.4872067456801785 5.2036280078364809 2.4897790001744697
v 0.0102252904325724 0.0302222892642021 -0.0130540700629354
vn 2.5558558702740886 4.1596900027304482 3.9464117291337928
v 0.0098918667063117 0.0309289600700140 -0.0138784004375339
vn 2.5298039671349906 3.6720619627318580 4.4197757711321835
v 0.0097720017656684 0.0312232896685600 -0.0140803996473551
vn 2.2112405275396485 3.6655296998232978 4.5925775914449849
v 0.0084236860275269 0.0316368900239468 -0.0137068601325154
vn 2.1654742057032204 3.1506885980844572 4.9808504625330698
v 0.0083163380622864 0.0319429598748684 -0.0138751799240708
vn 2.4146582846975035 2.6666388445596825 5.1471118339078439
v 0.0095231533050537 0.0318911597132683 -0.0143914800137281
vn 1.7112091889309693 2.0946487699509060 5.6677766933034883
v 0.0067767500877380 0.0329408608376980 -0.0138048501685262
vn 1.4703323576346534 0.9130121525625892 6.0370786903515272
v 0.0064892168156803 0.0340903885662556 -0.0139956399798393
vn 1.2364036221801185 0.7553044715376144 6.1064769361323474
v 0.0052089090459049 0.0343123599886894 -0.0137377902865410
vn 1.1159924137471020 0.0387497130637991 6.1775542820563771
v 0.0050541157834232 0.0351534411311150 -0.0137549601495266
vn 2.1172410226067737 5.9134942294474078 0.0693107704937578
v 0.0104766404256225 0.0297066494822502 -0.0104783698916435
vn 2.4828653819720934 5.7445750381046228 0.5036579534393436
v 0.0120017500594258 0.0291630607098341 -0.0117372795939445
vn 2.6346646723165605 5.4730068058936032 1.5935400101370714
v 0.0117156496271491 0.0295165702700615 -0.0130591895431280
vn 2.7509046445350815 5.2562619636012933 2.0560729800973885
v 0.0116052599623799 0.0296967606991529 -0.0134341698139906
vn -0.0128908662317192 1.4865663198891499 6.1005302342871781
v 0.0000000000000000 0.0339947901666164 -0.0131284501403570
vn 0.3598765181881878 1.5494908676029604 6.0766810553874988
v 0.0013479590415955 0.0339678488671780 -0.0131835900247097
vn 0.3972264072524412 1.9826858755898891 5.9453020711574966
v 0.0013676279922947 0.0336384698748589 -0.0130897704511881
vn 0.6784780585807859 2.4891723432348556 5.7245234567895737
v 0.0027720918878913 0.0332386381924152 -0.0130673004314303
vn 1.0616455394170474 2.2527143175395405 5.7659453226312518
v 0.0041505689732730 0.0330850407481194 -0.0132164899259806
vn 0.6799740168857277 3.0510775796392959 5.4440967851535840
v 0.0028101799543947 0.0329479500651360 -0.0129274697974324
vn 1.5094286442545410 3.6308151118311724 4.8943140572438404
v 0.0056667318567634 0.0322834812104702 -0.0131188603118062
vn 1.5321196299398006 4.1506797758072462 4.4533285405249252
v 0.0057381391525269 0.0320248603820801 -0.0129273496568203
vn 1.1580224729646089 4.1383014181790241 4.5760840372730227
v 0.0043169260025024 0.0322627983987331 -0.0127227902412415
vn 1.1639496674585363 4.6299073229952468 4.0760286631926457
v 0.0043691392056644 0.0320358797907829 -0.0125069599598646
vn 1.1552243686976098 5.0654728261166806 3.5230302713478689
v 0.0044192071072757 0.0318335816264153 -0.0122640701010823
vn 0.6924712941300175 5.0634637334682928 3.6446909934951379
v 0.0029521579854190 0.0320137701928616 -0.0121228601783514
vn 0.6885560343118516 4.1233535961972727 4.6826946764501800
v 0.0028836131095886 0.0324339792132378 -0.0125753795728087
vn 1.1379600926138722 3.9015324520305623 4.7880287881378498
v 0.0042629241943359 0.0325137898325920 -0.0129123898223042
vn 0.6319828468357566 5.9463594125746866 1.9140151253219113
v 0.0030400149989873 0.0315696485340595 -0.0112455403432250
vn 0.6075758995711843 6.0967815039654862 1.3748219648863327
v 0.0030648699030280 0.0314731486141682 -0.0108995996415615
vn 0.0239192974882820 6.0885848196104702 1.5176027029245052
v 0.0000000000000000 0.0316337905824184 -0.0107992803677917
vn 0.5880228029040240 6.1973175129037319 0.8176247916106489
v 0.0030881159473211 0.0314030013978481 -0.0105268899351358
vn 0.9791426230953260 6.1573132322885540 0.7341583589646475
v 0.0046225190162659 0.0312121491879225 -0.0106322700157762
vn 1.0638323568566785 5.9172255734971815 1.8127555761228693
v 0.0045505762100220 0.0313816592097282 -0.0113667799159884
vn 1.0205371804636925 6.0586052967752142 1.3014279035885228
v 0.0045877690427005 0.0312837883830070 -0.0110125504434109
vn 0.9112982730018976 6.2106944891080049 0.2205409223483901
v 0.0045856228098273 0.0311643406748772 -0.0097889304161072
vn 1.0997228068627718 5.7108005690858343 2.3663253706676053
v 0.0045104022137821 0.0315060615539551 -0.0116938902065158
vn 1.1327067943887543 5.4286138232504300 2.9427148726813384
v 0.0044666519388556 0.0316568017005920 -0.0119931595399976
vn 0.6625522413139207 5.7296266717299140 2.4792588357978418
v 0.0030131929088384 0.0316921398043633 -0.0115648498758674
vn 0.0284860436860915 5.7902880902858289 2.4136481339649674
v 0.0000000000000000 0.0318473502993584 -0.0114475395530462
vn 0.0328434110275597 5.9553024498107598 1.9691839341400665
v 0.0000000000000000 0.0317190811038017 -0.0111404601484537
vn 1.2918493853293080 6.0888335601378119 0.7932898183056623
v 0.0061432118527591 0.0309464894235134 -0.0107783600687981
vn 1.3343230581848917 6.1345199032116078 0.1996151757204592
v 0.0065487017855048 0.0308089796453714 -0.0099601140245795
vn 1.0300383385101124 2.0262655517393844 5.8541635618028751
v 0.0040928120724857 0.0334040485322475 -0.0133320596069098
vn 1.4599989298600728 3.1012072104591462 5.2601087684028425
v 0.0055932989344001 0.0325660705566406 -0.0132840797305107
vn 1.8705560870635187 3.6504518308792444 4.7530581932746072
v 0.0070545668713748 0.0319907590746880 -0.0133848702535033
vn 1.8947027636291147 4.1613689012342476 4.3013532061795274
v 0.0071428408846259 0.0317223593592644 -0.0131905600428581
vn 1.5372952760516347 4.6361232918331883 3.9430906371692682
v 0.0058071608655155 0.0317911505699158 -0.0127081796526909
vn 1.5233448078765273 5.0647275384147479 3.3813192255790301
v 0.0058734412305057 0.0315829515457153 -0.0124600501731038
vn 1.4917370928318350 5.4185854643004365 2.7977662906586747
v 0.0059362640604377 0.0314014516770840 -0.0121817495673895
vn 1.4476772911088074 5.6883209271807722 2.2300432466532754
v 0.0059942598454654 0.0312471892684698 -0.0118728801608086
vn 1.3783211351712248 5.9121272869998291 1.5914492049212714
v 0.0060476060025394 0.0311200600117445 -0.0115347504615784
vn 1.7122059560374558 5.8604297617407433 1.4562633729777368
v 0.0075261588208377 0.0307864490896463 -0.0117499800398946
vn 1.7297039200088724 6.0360209126112370 0.1767562993641600
v 0.0085489153862000 0.0303176604211330 -0.0101938797160983
vn 0.0519862687244029 3.9899069221120298 4.8390746845068753
v 0.0000000000000000 0.0325724408030510 -0.0124361496418715
vn 0.6967247423805233 4.6250377549053949 4.1863178102932226
v 0.0029186010360718 0.0322118885815144 -0.0123619996011257
vn 0.0539080321772371 4.7165831238697749 4.1350712380555361
v 0.0000000000000000 0.0323557816445827 -0.0122262798249722
vn 0.6795667874973863 5.4380304742636518 3.0616009523136611
v 0.0029839270282537 0.0318403802812099 -0.0118572702631354
vn 0.0280166839942781 5.3374540623372839 3.2960614581107053
v 0.0000000000000000 0.0319919511675835 -0.0117321601137519
vn 2.5236645445403147 5.7501379707586366 0.1149383774806660
v 0.0124788796529174 0.0289227906614542 -0.0108339702710509
vn 2.8539464532400975 5.5944824329185945 0.0586246383445739
v 0.0143810501322150 0.0280255600810051 -0.0112285595387220
vn 3.0379650450182925 5.4828932836029542 0.3799576023637066
v 0.0147506501525640 0.0278638601303101 -0.0123982997611165
vn 2.8691274107498641 5.4987873284864222 0.9961345349402013
v 0.0131905600428581 0.0287638902664185 -0.0130155598744750
vn 3.4053619574814809 4.7922679605258596 2.2037348779438513
v 0.0141334496438503 0.0286957602947950 -0.0146717997267842
vn 3.1263703395971931 4.5316035370331083 3.0162415803622160
v 0.0126875601708889 0.0295969806611538 -0.0144982896745205
vn 2.7858218257271550 3.1733012848723545 4.6467851790232002
v 0.0109593803063035 0.0310894791036844 -0.0146740600466728
vn 2.6142574386670701 2.1952621589546593 5.2714897426026184
v 0.0106756603345275 0.0318445488810539 -0.0149262500926852
vn 2.2181954073778032 1.5749233722073042 5.6568807262013863
v 0.0092663159593940 0.0326563715934753 -0.0145868603140116
vn 1.9307176913823878 1.5382337404967503 5.7713135735953820
v 0.0079824924468994 0.0330048687756062 -0.0142139699310064
vn 2.0351487315550716 0.9529974102288554 5.8628977970305307
v 0.0090063810348511 0.0335094891488552 -0.0146736502647400
vn 2.1357720710504200 0.1846880524001915 5.9005781020400656
v 0.0099518289789557 0.0341236516833305 -0.0150566603988409
vn 0.9988123667217065 -0.5713634633612305 6.1731022712026089
v 0.0049031372182071 0.0360677801072598 -0.0136843901127577
vn 0.9145495470006562 -1.0632327096203198 6.1214302338892459
v 0.0047590727917850 0.0370501801371574 -0.0135304899886250
vn 0.4875220095425664 -1.1020170603781803 6.1637783355614459
v 0.0023862121161073 0.0372560583055019 -0.0132323503494263
vn 0.0291318606091778 -1.3955948139770524 6.1192714742539103
v 0.0000000000000000 0.0383243486285210 -0.0128720896318555
vn 0.0397731516279095 -1.9062122918557849 5.9743335390771373
v 0.0000000000000000 0.0388112589716911 -0.0127605702728033
vn 0.0627489090825797 -0.0662028641833726 6.2711111656591783
v 0.0000000000000000 0.0354486703872681 -0.0132967801764607
vn 0.5995297962653534 0.7142694391985209 6.2058635805617701
v 0.0026149740442634 0.0346134901046753 -0.0133948903530836
vn 0.5762440827791695 -0.0464544622648263 6.2516440490136338
v 0.0025362959131598 0.0354209505021572 -0.0134247504174709
vn 0.8586569767482111 0.8637882222192732 6.1615466828056693
v 0.0039164419285953 0.0344873592257500 -0.0135383000597358
vn 0.9733062006660043 1.4296865537851116 6.0340633433813293
v 0.0040343399159610 0.0337444506585598 -0.0134239699691534
vn 1.2989244392471482 1.4610329440279519 5.9649973042775937
v 0.0053645959123969 0.0335499010980129 -0.0136286597698927
vn 1.3722835163628375 2.0575719275918298 5.7724973121330541
v 0.0054418439976871 0.0331999585032463 -0.0135384695604444
vn 2.1053969808063631 2.6375331568421796 5.2956740364381076
v 0.0082066645845771 0.0322736501693726 -0.0140151903033257
vn 1.7748845957201469 2.6043726735412540 5.4312749032888075
v 0.0068710441701114 0.0326008684933186 -0.0136911803856492
vn 1.8289062016844366 3.1264262531686486 5.1288431466801914
v 0.0069637889973819 0.0322838984429836 -0.0135513497516513
vn 2.2365128086455757 4.1654898045719309 4.1298436695717538
v 0.0085281720384955 0.0313565693795681 -0.0135090900585055
vn 1.8974873807668349 4.6374609213522398 3.7813299958857738
v 0.0072281952016056 0.0314797684550285 -0.0129667501896620
vn 2.2365921171264298 4.6309645032113256 3.5995459931795040
v 0.0086292624473572 0.0311032496392727 -0.0132795497775078
vn 2.2101107323273701 5.0369439802663845 3.0252399677614612
v 0.0087263584136963 0.0308781806379557 -0.0130158597603440
vn 1.8769883527718392 5.0562494215089444 3.2120212679570246
v 0.0073102111928165 0.0312639400362968 -0.0127117000520229
vn 1.8360020187643489 5.3979399667844197 2.6281501565780903
v 0.0073879947885871 0.0310761891305447 -0.0124236904084682
vn 2.1604427847487138 5.3646015995784033 2.4436113532009145
v 0.0088185658678412 0.0306825600564480 -0.0127158695831895
vn 1.7814082386565879 5.6537297277261338 2.0715992468959428
v 0.0074598779901862 0.0309171602129936 -0.0121023599058390
vn 2.1374648388184667 5.5866377878035509 1.9102815852563526
v 0.0089039802551270 0.0305175706744194 -0.0123791601508856
vn 2.0881938121358479 5.7753734998273840 1.3019576971245339
v 0.0089827766641974 0.0303822699934244 -0.0120093803852797
vn 1.6185191894991515 6.0189073591367199 0.7403903100221019
v 0.0076449508778751 0.0306069795042276 -0.0109647503122687
vn 1.9816958247006082 5.9233026702064020 0.6284451141678680
v 0.0091241588816047 0.0301953498274088 -0.0111888004466891
vn 1.9232382246834490 5.9750951321054595 0.1998814167070733
v 0.0092447400093079 0.0300971791148186 -0.0102965803816915
vn 4.1003556289645093 0.0773920029814335 4.7594646505809175
v 0.0200691800564528 0.0864999815821648 0.0243427697569132
vn 4.0178681962259759 -0.0022876715010906 4.8186906866076962
v 0.0201241895556450 0.0834247991442680 0.0243993904441595
vn 3.8126751709053810 0.0597555002097352 4.9836434302446744
v 0.0191416703164577 0.0864999815821648 0.0251418892294168
vn 4.1005022814595087 0.0773918422246965 4.7593415229457099
v 0.0193822905421257 0.0864999815821648 0.0249345805495977
vn 2.1016525633506946 -5.0641772645979426 3.0650320949655612
v 0.0184722505509853 0.0556551814079285 0.0034341809805483
vn 3.4884486761893303 0.0570807902689976 5.2248624570270259
v 0.0175783596932888 0.0864999815821648 0.0262000504881144
vn 2.5914547831460251 0.0232481306536060 5.7134975500276663
v 0.0128706600517035 0.0864999815821648 0.0288755800575018
vn 2.8722140027033238 0.0631231033426044 5.5872978177173769
v 0.0149214798584580 0.0864999815821648 0.0278106909245253
vn 1.5705731562642651 -4.4284873562090565 4.1681494365061074
v 0.0165172796696424 0.0441357381641865 -0.0118618598207831
vn 1.6700445849067684 -4.1114418538428836 4.4438566432460567
v 0.0165476705878973 0.0425164587795734 -0.0134858395904303
vn 2.4336754328818775 -0.1056531507809837 5.7770097258957698
v 0.0121517702937126 0.0797492787241936 0.0292407795786858
vn 1.5356216672078968 0.0251560895026828 6.0924333447083798
v 0.0092025389894843 0.0864999815821648 0.0302363000810146
vn 1.8309298042060993 -1.1602878099018332 5.8790512146332681
v 0.0090640177950263 0.0738093778491020 0.0298300907015800
vn 2.4193957970936451 -1.1521295535545455 5.6638785735872830
v 0.0119452401995659 0.0738207623362541 0.0287730600684881
vn 2.9374366738088433 -1.4787937068540744 5.3239329407946663
v 0.0146157704293728 0.0725252032279968 0.0271608792245388
vn 3.3550803498212947 -2.0028255570301727 4.8932123586216774
v 0.0171017590910196 0.0712749883532524 0.0251969601958990
vn 3.2279754538921144 -2.5569201933351517 4.7142677373567627
v 0.0169698502868414 0.0700488612055779 0.0247100498527288
vn 3.5359687382307370 -2.9813492226729368 4.2207626444407280
v 0.0192278008908033 0.0689364597201347 0.0223015490919352
vn 3.9964622422051779 -2.8094740000299714 3.9187898292326029
v 0.0214484892785549 0.0689905807375908 0.0202836897224188
vn 1.5358433515765197 0.0273095024457784 6.0923442544820006
v 0.0076075792312622 0.0864999815821648 0.0306379701942205
vn 1.1687471966542404 0.0521817636510231 6.1637230608686755
v 0.0059088459238410 0.0864999815821648 0.0310658793896437
vn -0.0314996041816983 -1.1156804215881313 6.1552861103298184
v 0.0000000000000000 0.0741856023669243 0.0312779508531094
vn 0.6115859559050820 -1.1766685537284525 6.1227869631887453
v 0.0030617709271610 0.0737956687808037 0.0310545507818460
vn 1.2319837877984483 -1.1651409260167671 6.0316933901097833
v 0.0060931439511478 0.0738009810447693 0.0305934492498636
vn 1.8003852609471294 -1.6152459724760815 5.7759335651758388
v 0.0090041747316718 0.0724866911768913 0.0295407697558403
vn 1.2110692698585677 -1.6315788395668380 5.9224198832739381
v 0.0060523147694767 0.0724740028381348 0.0302984695881605
vn 1.7473642278947399 -2.1727228047314515 5.6030617258769020
v 0.0089361071586609 0.0711920782923698 0.0291367694735527
vn 2.2019510552619410 -2.7374028903518473 5.1776007209928583
v 0.0116830402985215 0.0699774622917175 0.0275753699243069
vn 2.3046704221522987 -2.1295284219199542 5.4160541043199153
v 0.0117802601307631 0.0712143704295158 0.0280979797244072
vn 2.5664568978388278 -3.2531249459476141 4.6914864300533230
v 0.0142685696482658 0.0688455700874329 0.0256295800209045
vn 2.7240513161370257 -2.6564365530625871 4.9686792901128634
v 0.0143946995958686 0.0700101777911186 0.0262742601335049
vn 2.8573762831506277 -3.6583157467843876 4.2044972821869466
v 0.0166739802807570 0.0677871108055115 0.0233277603983879
vn 3.0577836419252451 -3.1293332531543063 4.4776384152011390
v 0.0168268606066704 0.0688880011439323 0.0240888502448797
vn -0.0912002221583004 -1.4148109011913610 6.1111064401939155
v 0.0000000000000000 0.0737987682223320 0.0311882402747869
vn 1.1742378410393008 -2.2029868876795651 5.7381296675551363
v 0.0060058231465518 0.0711755678057671 0.0298867803066969
vn 1.6653429536782125 -2.7996219535552807 5.3409208193758317
v 0.0088606467470527 0.0699511691927910 0.0286007504910231
vn 2.0650814283666357 -3.3531659101393982 4.8641209318502332
v 0.0115774795413017 0.0688096806406975 0.0269102994352579
vn 2.3824443456311997 -3.7962725444123828 4.3740824401656431
v 0.0141336899250746 0.0677427574992180 0.0248403493314981
vn 3.1063248828539880 -3.9357988969781488 3.7594327479764460
v 0.0188852492719889 0.0667854472994804 0.0207023601979017
vn 3.3480700379041815 -4.0878576329769398 3.3748573703760001
v 0.0208929702639580 0.0658204481005669 0.0177880506962538
vn 0.0482431025292991 -0.2441615542706465 6.2743561675420230
v 0.0000000000000000 0.0775963589549065 0.0316088683903217
vn 0.0406519907820092 -0.4873802740047483 6.2488273587466914
v 0.0000000000000000 0.0767062902450562 0.0315741784870625
vn 0.6265266486279905 -0.3660113332475805 6.2251884710604379
v 0.0031040899921209 0.0775949880480766 0.0314755998551846
vn 1.2426020828138749 -0.7578618604691683 6.0939807602959117
v 0.0061278338544071 0.0751189514994621 0.0307954493910074
vn 2.3713741178759871 -1.5911047653138213 5.5737012970672293
v 0.0118680000305176 0.0725038573145866 0.0284914895892143
vn 2.8420337441954158 -2.0729026361041241 5.1789589816438060
v 0.0145107498392463 0.0712421536445618 0.0267802402377129
vn 3.7929820954769804 -3.2947479343506991 3.7414477958501076
v 0.0212722998112440 0.0678942725062370 0.0195862594991922
vn 3.3289097746777476 -3.4915023884227736 3.9950469358561289
v 0.0190611407160759 0.0678377673029900 0.0215713903307915
vn 3.5711004398988866 -3.7265391789563069 3.5543034451293742
v 0.0210866890847683 0.0668426677584648 0.0187555495649576
vn 0.6264994590995121 -0.0766138152209124 6.2380894027220801
v 0.0031159520149231 0.0797671005129814 0.0315443798899651
vn 0.5133431590611451 0.0430775305378486 6.2561999076756383
v 0.0022861950565130 0.0864999815821648 0.0315417610108852
vn 0.6023629865239752 -1.6291891557945899 6.0146813255935836
v 0.0030410280451179 0.0724660679697990 0.0307561699301004
vn 1.1170787985242201 -2.8436621236163893 5.4581674414895982
v 0.0059542651288211 0.0699316784739494 0.0293408595025539
vn 1.5561639681826824 -3.4299244218951235 4.9973360978397716
v 0.0087785720825195 0.0687807723879814 0.0279190503060818
vn 2.1899271941930958 -4.2512310798769821 4.0504632604283506
v 0.0139910504221916 0.0666896700859070 0.0239027701318264
vn 2.6449344749207819 -4.1097773029581726 3.9227309531171732
v 0.0165124498307705 0.0667343735694885 0.0224227905273438
vn 2.3971731996918186 -4.5221584336075829 3.6143643446339202
v 0.0163436494767666 0.0657134577631950 0.0213702898472548
vn 2.8868208815784673 -4.2983605454996967 3.5365408440700743
v 0.0187015496194363 0.0657640025019646 0.0196910500526428
vn 2.9212059884349495 -4.6320443482842952 3.0588033958396550
v 0.0204871799796820 0.0637935921549797 0.0154168596491218
vn 0.0409969825203746 -2.7432887006611852 5.6165854848487449
v 0.0000000000000000 0.0701591894030571 0.0300597492605448
vn 0.0450292263310759 -3.1919845090719292 5.4081595086007619
v 0.0000000000000000 0.0699248909950256 0.0299216508865356
vn 1.0410756501915366 -3.4843655060697531 5.0918255970528268
v 0.0058981771580875 0.0687595009803772 0.0286469999700785
vn 0.5165586379684401 -3.5099646397639468 5.1530056598718206
v 0.0029628269840032 0.0687462016940117 0.0290865805000067
vn 1.7118877042831389 -5.0374941113134275 3.3192140525359637
v 0.0135285798460245 0.0636478587985039 0.0201510693877935
vn 1.9741950363558503 -4.6605995292696365 3.6934729666088666
v 0.0138418599963188 0.0656693503260612 0.0228131990879774
vn 0.9939617416555525 -5.1934542426102013 3.3729191382719126
v 0.0082954159006476 0.0635832473635674 0.0221498608589172
vn 0.7682177617528557 -4.8986492385365681 3.8316308370493100
v 0.0057076811790466 0.0655800700187683 0.0256268903613091
vn 0.6558937415138250 -5.2386466244113841 3.3860815947479930
v 0.0055675501935184 0.0635620877146721 0.0227818395942450
vn 1.4302353332635769 -3.9905799169325276 4.6087259527794586
v 0.0086906552314758 0.0676750466227531 0.0270859003067017
vn 0.9537413758411422 -4.0497914688898558 4.6793853887362618
v 0.0058380360715091 0.0676528811454773 0.0277992393821478
vn 0.0357360752598107 -4.3609232504708038 4.4871312153670200
v 0.0000000000000000 0.0670779868960381 0.0278613492846489
vn 0.4132724957442381 -4.5537694127148169 4.2838505329184553
v 0.0028999440837651 0.0665851831436157 0.0272141601890326
vn 0.0449963677063778 -4.0200899542924731 4.8271655124207200
v 0.0000000000000000 0.0676586031913757 0.0283448603004217
vn 1.5606621130306804 -4.7659165145643128 3.7569902312429315
v 0.0112194996327162 0.0656320974230766 0.0240092799067497
vn 1.3009261681259199 -4.4472781782019144 4.2196147580805388
v 0.0085975518450141 0.0666214823722839 0.0260971691459417
vn 0.8647855362017128 -4.5059094448948569 4.2689453286897514
v 0.0057743778452277 0.0665990710258484 0.0267936494201422
vn 1.1598794399269037 -4.8443137347481207 3.8019410236427733
v 0.0085001578554511 0.0656021833419800 0.0249495506286621
vn 1.9352555320189240 -5.1772539888420788 2.9838493452306980
v 0.0171197596937418 0.0581118986010551 0.0085137477144599
vn 2.2351429855237508 -5.0407942326736972 2.9990976492422381
v 0.0179169699549675 0.0616216585040092 0.0140905901789665
vn 1.5811356493891813 -5.2947881656136584 2.9869074038441941
v 0.0148871503770351 0.0580807887017727 0.0097680091857910
vn 1.8492908074025967 -5.1740045918442616 3.0361308258732618
v 0.0156216602772474 0.0615711808204651 0.0155526902526617
vn 1.1669168963734209 -5.3524231774203628 3.0672868435727128
v 0.0106830000877380 0.0614900514483452 0.0178281608968973
vn 0.4663826415213502 -5.5329077818205628 2.9376376828993642
v 0.0051303501240909 0.0579985901713371 0.0128511702641845
vn 0.5647446706663526 -5.4460770768590887 3.0728947613545929
v 0.0054218168370426 0.0614382587373257 0.0192093793302774
vn 0.2697294123975100 -5.4643407599695948 3.0799720523652772
v 0.0027208919636905 0.0614245496690273 0.0195564609020948
vn -0.0084405328895495 -5.5191795761817062 2.9940707034436538
v 0.0000000000000000 0.0606081411242485 0.0181943699717522
vn 0.0454015532807282 -4.7284328614781748 4.1365957089204644
v 0.0000000000000000 0.0666108727455139 0.0273279491811991
vn 0.3737615536561751 -4.9169127456316728 3.8657950155557117
v 0.0028660891111940 0.0655663609504700 0.0260356608778238
vn 2.6574974428932006 -4.8680524570372548 2.9373553979820093
v 0.0200667902827263 0.0616781711578369 0.0124211898073554
vn 2.0894861777862888 -4.9266457628687981 3.2690212751483854
v 0.0159894805401564 0.0636903569102287 0.0187962595373392
vn 1.4949557942624867 -5.2759075851912351 3.0568522823199586
v 0.0132031999528408 0.0615271888673306 0.0168001595884562
vn 1.3442548745612266 -5.1274749913755109 3.3516942341556630
v 0.0109563395380974 0.0636121034622192 0.0212711598724127
vn 0.8587856147124924 -5.4081346414311922 3.0716754874699590
v 0.0080825090408325 0.0614602491259575 0.0186323504894972
vn 0.3321025165267144 -5.2674097965658042 3.3895360763984841
v 0.0027949209325016 0.0635488629341125 0.0231627803295851
vn 0.0308532049187198 -5.4472891137030173 3.1310035340215387
v 0.0000000000000000 0.0614481493830681 0.0196558795869350
vn 0.5949348116176960 -2.2224255382171410 5.8195788665507973
v 0.0030174849089235 0.0711653828620911 0.0303397700190544
vn 0.5563043079130232 -2.8787366743326506 5.5243443850345564
v 0.0029913180042058 0.0699196979403496 0.0297878906130791
vn 1.9064479736648379 -3.9065861683906533 4.5077143654885861
v 0.0114642903208733 0.0677052736282349 0.0260967593640089
vn 1.7421646445556898 -4.3629150659704612 4.1479251501841965
v 0.0113446703180671 0.0666518807411194 0.0251309797167778
vn 2.6564619071922646 -4.5909004340482298 3.3468368472321384
v 0.0185114704072475 0.0647563934326172 0.0185339991003275
vn 2.4767571148479215 -4.8207096722314411 3.1595402318154915
v 0.0183164402842522 0.0637390017509460 0.0172148905694485
vn 1.0817537871252585 -5.2708510194890277 3.2428687388270592
v 0.0132413497194648 0.0515611693263054 -0.0007316590053961
vn 0.9892219000991856 -5.1434567874624246 3.4694783434094321
v 0.0129138799384236 0.0497028790414333 -0.0035129180178046
vn 0.7807547684268684 -5.2168445681926974 3.4123906172151197
v 0.0108062000945210 0.0498396717011929 -0.0027617209125310
vn 0.5898466192656829 -5.2621596599842286 3.3810065321007814
v 0.0086703887209296 0.0499539896845818 -0.0021580450702459
vn 0.2877096834283658 -5.4431487727940988 3.1235080232756172
v 0.0044795270077884 0.0518639609217644 0.0015348190208897
vn 0.1592982398406659 -5.4484803649133688 3.1231771659594192
v 0.0022423260379583 0.0518948994576931 0.0017405149992555
vn 0.2678191963265153 -5.3174036317271351 3.3351022539341733
v 0.0043513169512153 0.0501116514205933 -0.0013654819922522
vn 0.1528726365642535 -5.3402984636443183 3.3054795642337127
v 0.0021772980690002 0.0501531884074211 -0.0011712310370058
vn 0.0419523023730984 -5.1450144635173718 3.6021870819716248
v 0.0000000000000000 0.0484988614916801 -0.0035829539410770
vn 0.1583393432341310 -5.0269008187337718 3.7630266296607173
v 0.0021063080057502 0.0469928905367851 -0.0058172340504825
vn 0.1754451062141390 -5.1743463593857664 3.5575002790969532
v 0.0021324749104679 0.0485232397913933 -0.0036782019305974
vn 0.2606724410198949 -5.1778162769869907 3.5479434415129956
v 0.0042628040537238 0.0484717413783073 -0.0038675658870488
vn 0.4112020767531046 -5.1572141716112698 3.5636830341808161
v 0.0063868160359561 0.0483887717127800 -0.0041879410855472
vn 0.5870591646340225 -4.9517791040194643 3.8204262125993877
v 0.0084018697962165 0.0466964803636074 -0.0067828889004886
vn 0.9700225521669944 -5.0272122268220780 3.6404072942691328
v 0.0126853501424193 0.0479624792933464 -0.0059583778493106
vn 0.9778207272107799 -4.8535177559077676 3.8662960029185540
v 0.0125484401360154 0.0463196001946926 -0.0080941310152411
vn 1.3718423745461008 -4.2342247192245637 4.4306372163780274
v 0.0145542602986097 0.0429081916809082 -0.0124367401003838
vn 1.2758236425346106 -4.5408374953713686 4.1479302149132282
v 0.0145276701077819 0.0444670915603638 -0.0108268801122904
vn 1.0272279500184713 -4.6233058070444999 4.1258457906929324
v 0.0124958697706461 0.0447535514831543 -0.0099461665377021
vn 0.8976056248571871 -4.3893448712439413 4.4010345958022485
v 0.0104606701061130 0.0435341484844685 -0.0107848001644015
vn 0.4600632319681813 -4.7554024853691530 4.0777000051386727
v 0.0062823891639709 0.0453600808978081 -0.0081508746370673
vn 0.2936741654429540 -4.7753897681587567 4.0697390737910775
v 0.0041928291320801 0.0454772710800171 -0.0078203668817878
vn 0.3339506750409974 -4.4878040230235312 4.3806993080778085
v 0.0042054648511112 0.0440980717539787 -0.0093402862548828
vn 0.1994216352510257 -4.7676920860803467 4.0832599280050585
v 0.0020973079372197 0.0455499812960625 -0.0076252222061157
vn 1.2259405742687937 -4.7758410082939582 3.8922106210523095
v 0.0145843597128987 0.0460783801972866 -0.0089684715494514
vn 0.8142594957398896 -4.6833803666249958 4.1055644225382135
v 0.0104382596910000 0.0449977517127991 -0.0092118382453918
vn 0.7672469601112977 -4.9106239947552446 3.8416067151205757
v 0.0104839801788330 0.0465254709124565 -0.0073687429539859
vn 0.6303358923894959 -4.7258120531889114 4.0892487431852516
v 0.0083647957071662 0.0452000387012959 -0.0086155533790588
vn 0.4242752539046221 -4.9807083836511907 3.8043434733206922
v 0.0063100447878242 0.0468318983912468 -0.0063289399258792
vn 0.2694564063519642 -5.0003259284352151 3.7926934951602140
v 0.0042109480127692 0.0469312593340874 -0.0060071940533817
vn 1.0954988813421693 -5.3889014966846061 3.0378464459696035
v 0.0119642000645399 0.0557144805788994 0.0068117380142212
vn 1.2643367786136932 -5.3841447152620585 2.9784641007744606
v 0.0125526702031493 0.0580535493791103 0.0108286701142788
vn 0.9777462803798097 -5.4511229881233509 2.9646983646422753
v 0.0101363603025675 0.0580306015908718 0.0116958599537611
vn 0.8395337055679897 -5.4511466510069981 3.0084636021077071
v 0.0096417656168342 0.0557290911674500 0.0075781340710819
vn 0.7141002973886941 -5.4997498167309757 2.9501442299068033
v 0.0076568122021854 0.0580121800303459 0.0123700397089124
vn 0.6083886393661461 -5.4964328163829421 2.9817415955265463
v 0.0072717661969364 0.0557406507432461 0.0081709623336792
vn 0.3943383543264244 -5.5274050420225169 2.9605259932529000
v 0.0048668379895389 0.0557492896914482 0.0085923671722412
vn 0.2146217150135897 -5.5557866597018082 2.9227655569374309
v 0.0025728340260684 0.0579901896417141 0.0131394797936082
vn -0.0190449066823736 -5.5573740952900454 2.9283986435288991
v 0.0000000000000000 0.0566624887287617 0.0106734000146389
vn 6.2768020605837700 -0.0122142433185860 0.2820292114765861
v 0.0313783809542656 0.0864999815821648 0.0023201699368656
vn 6.2687270436728193 -0.1732434222451039 -0.0676022158103788
v 0.0314371511340141 0.0811970829963684 -0.0001931919978233
vn 6.2491436891905128 -0.0940449280723683 0.5267545749591592
v 0.0313633605837822 0.0832723900675774 0.0029060239903629
vn 6.2379674618442875 -0.3178195644910459 0.5523419760214832
v 0.0312550589442253 0.0795627832412720 0.0028892750851810
vn 6.2202948503307152 -0.5775108796805841 0.5528402390202309
v 0.0309591796249151 0.0752579495310783 0.0026929369196296
vn 6.2571865159246602 -0.4124650658538547 -0.0689023735494906
v 0.0312237702310085 0.0770733878016472 -0.0002826380077749
vn 6.2005701000013271 0.0383929617697112 1.0143705617682088
v 0.0309087000787258 0.0864999815821648 0.0059661259874701
vn 6.1652405506490799 -0.1059651105086954 1.1536493928290150
v 0.0309402905404568 0.0832939669489861 0.0059846630319953
vn 6.0395634096167399 0.0509673638603058 1.7313912247635916
v 0.0301736500114202 0.0864999815821648 0.0089853396639228
vn 6.1207453269044194 0.0167443632874028 1.3767723020495835
v 0.0307327508926392 0.0864999815821648 0.0070350170135498
vn 6.2199460354340665 -0.8468703384589014 -0.0509063306238296
v 0.0305536892265081 0.0706814527511597 -0.0012805459555238
vn 6.1780920407697906 -1.0818512245625909 -0.0507279820259813
v 0.0295822601765394 0.0647349879145622 -0.0045464029535651
vn 6.1860885462114243 -1.0415847170063135 -0.0476530870511193
v 0.0299860797822475 0.0669957920908928 -0.0029209249187261
vn 6.2052164355811854 -0.9269499954206313 -0.0419155626001409
v 0.0303619503974915 0.0692999884486198 -0.0017326469533145
vn 6.1174401848523008 -1.3706599076187813 0.2780532456356577
v 0.0291216894984245 0.0622599683701992 -0.0053910007700324
vn 5.6621464181989261 -2.2210337271820952 1.5603593074982496
v 0.0264796596020460 0.0500494800508022 -0.0144079895690084
vn 5.9379382760271930 -1.8758712260314507 0.8066235563592742
v 0.0276177506893873 0.0554382801055908 -0.0105429803952575
vn 6.0867504770839904 -1.4975967019162659 0.2832766856604175
v 0.0283844992518425 0.0585065409541130 -0.0090695610269904
vn 6.0272960569224905 -1.6120720717528472 0.5706387976629578
v 0.0293940901756287 0.0643129870295525 -0.0019527670228854
vn 5.1519941371524949 -2.9593712955795790 2.0018761576292876
v 0.0277077499777079 0.0641039013862610 0.0050024390220642
vn 5.6985594954507892 -2.3302126653471693 1.1871076548775388
v 0.0285616498440504 0.0621266886591911 -0.0012999169994146
vn 5.5462913405579783 -2.6022698818660630 1.3654231303128948
v 0.0278009697794914 0.0584241710603237 -0.0052857389673591
vn 5.5562725043768468 -0.0687330444257842 2.9111346052720406
v 0.0278964005410671 0.0833557769656181 0.0147692495957017
vn 5.6416144571638833 0.0226798877621871 2.7454939467239972
v 0.0283176805824041 0.0864999815821648 0.0139218503609300
vn 5.8172194078134298 -0.0853640369071439 2.3465841789081852
v 0.0291987601667643 0.0833358690142632 0.0119451796635985
vn 5.7982821204125514 0.0480170929385249 2.4192962929136179
v 0.0291530396789312 0.0864999815821648 0.0119197899475694
vn 5.4792988481678435 0.0389982763567147 3.0742704522109250
v 0.0277736708521843 0.0864999815821648 0.0148913804441690
vn 5.2412753869753868 -0.0464184863578783 3.4457001717159130
v 0.0263216402381659 0.0833747908473015 0.0174524690955877
vn 4.8547758468650652 -0.8198255008551329 3.8750106681470995
v 0.0241787992417812 0.0751748606562614 0.0197067800909281
vn 5.2150615722876097 -0.7970373661645254 3.3825709502773798
v 0.0259855892509222 0.0751870796084404 0.0171972494572401
vn 5.1581518584818431 -1.2001939203015919 3.3482060368961717
v 0.0257406793534756 0.0726842805743217 0.0168402697890997
vn 5.4645523523609469 -1.1855098859979858 2.8219394720846269
v 0.0272921901196241 0.0727244615554810 0.0141820898279548
vn 5.7830133903602405 -0.7349803711357352 2.3072553883747950
v 0.0288229491561651 0.0752137824892998 0.0117056900635362
vn 5.9415431917366321 -0.9993027116886076 1.7270309756587929
v 0.0295854806900024 0.0728112980723381 0.0084634423255920
vn 6.1333440049588477 -0.6131057205072536 1.1461764830924468
v 0.0305415894836187 0.0752427503466606 0.0057628750801086
vn 5.6343212902536131 -1.5410032536207066 2.2644503522707016
v 0.0282774493098259 0.0703817605972290 0.0107489796355367
vn 5.7260316729345888 -1.1002469249624300 2.2920726333447621
v 0.0285782795399427 0.0727669522166252 0.0113809695467353
vn 5.8606278880912068 -1.4062802369730620 1.7075882237017930
v 0.0292907897382975 0.0704503580927849 0.0078593492507935
vn 6.0422323789609464 -1.2134307021949875 1.1368556608094658
v 0.0300147496163845 0.0705211684107780 0.0048778648488224
vn 4.6405525812359327 0.0518786345310635 4.2354507434170401
v 0.0226270500570536 0.0864999815821648 0.0219771806150675
vn 4.4811949165973735 -0.1955897951020277 4.3810610577778313
v 0.0223799906671047 0.0796988010406494 0.0222676899284124
vn 4.8847541216496326 -0.4749829398906245 3.9016719812856668
v 0.0243450906127691 0.0775569006800652 0.0198726598173380
vn 4.8910115695361185 -0.2164924200712964 3.9174624557332152
v 0.0244403406977654 0.0796824023127556 0.0199387595057487
vn 5.2522822557283302 -0.2356239744985374 3.4169219754558844
v 0.0262602493166924 0.0796646997332573 0.0174196902662516
vn 5.2443991564074510 -0.4822975923897888 3.4029141721953988
v 0.0261580906808376 0.0775488615036011 0.0173551999032497
vn 5.5619952651738815 -0.2522081126826111 2.8847232953711517
v 0.0278223697096109 0.0796458721160889 0.0147352796047926
vn 5.8115577341478808 -0.4849234651540007 2.3049328018578610
v 0.0290008708834648 0.0775315687060356 0.0118513703346252
vn 4.4766607433257626 -0.4643859295526737 4.3641758484485713
v 0.0222926698625088 0.0775642916560173 0.0222002808004618
vn 5.5254337745524333 -0.7685752149561058 2.8583660174379695
v 0.0275383498519659 0.0752000808715820 0.0145214702934027
vn 5.5529090743408531 -0.4853935734961806 2.8728886154381339
v 0.0277145504951477 0.0775404497981071 0.0146725699305534
vn 5.9903017237137925 -0.6604581191625544 1.7261161452086700
v 0.0298270508646965 0.0752280876040459 0.0087766638025641
vn 6.0162586864010770 -0.3135144266634619 1.7358373610993769
v 0.0301206707954407 0.0796055719256401 0.0089781284332275
vn 3.4953532720395506 0.0437586870969661 5.2083603113939017
v 0.0176335498690605 0.0834385678172112 0.0262711606919765
vn 4.0264563845403760 -0.1740365422488997 4.8031062593702298
v 0.0200979690998793 0.0797138810157776 0.0243826508522034
vn 4.4825403956881846 -0.0081129457623721 4.3881268272378140
v 0.0224168803542852 0.0834093615412712 0.0222914796322584
vn 4.8800071363804545 -0.0184829286590096 3.9401369831643978
v 0.0244892798364162 0.0833926722407341 0.0199680905789137
vn 5.8171745561303698 -0.2644983421311232 2.3272497803185699
v 0.0291130505502224 0.0796262025833130 0.0119122797623277
vn 6.0210814265316772 -0.0980794967902581 1.7582270377232363
v 0.0302164498716593 0.0833151936531067 0.0090073943138123
vn 3.5310065804600659 -0.1526900862104381 5.1788402074268216
v 0.0176163893193007 0.0797274112701416 0.0262624602764845
vn 4.0238580701387461 -0.4509987275137818 4.7855750865052364
v 0.0200196504592896 0.0775710865855217 0.0243141595274210
vn 4.4473815212923711 -0.8372965296067120 4.3311050966619264
v 0.0221352502703667 0.0751634836196899 0.0220257602632046
vn 4.7921641610479364 -1.2696315312440232 3.8286633871237772
v 0.0239390693604946 0.0726463720202446 0.0193301998078823
vn 5.0879691370232818 -1.5891905203242975 3.2959490107859541
v 0.0255945902317762 0.0714488625526428 0.0165410600602627
vn 5.5402015776067941 -1.9058652466641604 2.2263896551433104
v 0.0281094908714294 0.0692546889185905 0.0102869803085923
vn 5.7439609088570158 -1.8460854305204881 1.6903037716567344
v 0.0289536695927382 0.0682514905929565 0.0068797459825873
vn 2.9788058865654969 0.0661504359856380 5.5191757249400464
v 0.0149689903482795 0.0834506675601006 0.0278877597302198
vn 2.9996809097333670 -0.1325720425023350 5.5042707141310609
v 0.0149588501080871 0.0797392725944519 0.0278872791677713
vn 3.9964970233649204 -0.8494901687708530 4.7463614637459628
v 0.0198741499334574 0.0751530528068542 0.0241310000419617
vn 4.3824451765762609 -1.3318627439423238 4.2698596330473864
v 0.0219051800668240 0.0726113915443420 0.0216282606124878
vn 4.7077593440475560 -1.7126753916814434 3.7642898423131017
v 0.0237951800227165 0.0713996812701225 0.0190145894885063
vn 5.3432246339231710 -1.7260264303230806 2.7740019880974680
v 0.0269870702177286 0.0703162476420403 0.0135181499645114
vn 5.2119060357440681 -2.1612452246932103 2.7275857073987355
v 0.0268159508705139 0.0691823884844780 0.0130317797884345
vn 5.6479342465212534 -2.1276470981060811 1.6934316188457799
v 0.0287725906819105 0.0672053024172783 0.0062374467961490
vn 5.9645167068922582 -1.5550552973517309 1.1288265418900458
v 0.0296858493238688 0.0683342814445496 0.0039439788088202
vn 4.5821616810401684 -3.4616707707879053 2.5145829466032530
v 0.0260424595326185 0.0650100708007812 0.0099353790283203
vn 4.1178935945886002 -4.0188654423246222 2.5015679041877332
v 0.0254088006913662 0.0618811808526516 0.0062612891197205
vn 4.6611668900437699 -3.4454221875040449 2.3892176264413738
v 0.0265245996415615 0.0640265867114067 0.0076008429750800
vn 4.4245969717664178 -3.8089895007542562 2.2999037338146193
v 0.0261047407984734 0.0619194507598877 0.0050838580355048
vn 4.6497129283527832 -3.6044670499806983 2.1727815330050957
v 0.0267365500330925 0.0619589611887932 0.0038691749796271
vn 4.9157077163512160 -2.8731320153078630 2.6193790275685305
v 0.0264442507177591 0.0670464634895325 0.0117203500121832
vn 5.0730421376257882 -2.5264512846528273 2.6748993230869416
v 0.0266345702111721 0.0680954977869987 0.0124336397275329
vn 4.5909642645258835 -2.1485289990866643 3.6809192343580821
v 0.0236372891813517 0.0701960921287537 0.0185926500707865
vn 4.1660841545652056 -2.3021342710328181 4.0700351583378822
v 0.0216136500239372 0.0701422020792961 0.0208515506237745
vn 3.8400060155254900 -1.9190316104257921 4.5607867712862342
v 0.0195279698818922 0.0713123604655266 0.0233628693968058
vn 2.4389990204616341 -0.4056330095301791 5.7592783082282981
v 0.0121049797162414 0.0775870010256767 0.0291712805628777
vn 1.8828205166429823 0.0279141753674489 5.9849804903851478
v 0.0094515681266785 0.0864999815821648 0.0301734805107117
vn 1.8472639498124210 -0.0823731895837719 5.9903281807873912
v 0.0092225065454841 0.0797573924064636 0.0303083006292582
vn 3.3244906228970788 -4.5310433630208582 2.7961843335377439
v 0.0229802709072828 0.0582271814346313 0.0036100740544498
vn 3.6216618910299379 -4.3605855611431537 2.6869372003250738
v 0.0238374993205070 0.0618081614375114 0.0084948530420661
vn 3.1198606769762995 -4.6452019392178565 2.8391986641756959
v 0.0220484696328640 0.0617404505610466 0.0105523401871324
vn 3.6097056860900572 -4.1270909048759155 3.0442904400367183
v 0.0226898696273565 0.0648725628852844 0.0146191697567701
vn 4.0955430463693343 -3.8222423697549530 2.8168117548712122
v 0.0244807004928589 0.0649389028549194 0.0123652797192335
vn 4.2897559853322420 -3.5340691198889962 2.8991383669419060
v 0.0246871691197157 0.0659501478075981 0.0133697902783751
vn 3.8961665273408701 -4.0943416533981321 2.7360479398031154
v 0.0245313607156277 0.0555589683353901 -0.0025992980226874
vn 3.8403502166978933 -4.2249790344888556 2.6075430152361680
v 0.0245667602866888 0.0582722984254360 0.0016114709433168
vn 3.9569925627683435 -4.1663276526637976 2.5088828227376792
v 0.0249825697392225 0.0599283501505852 0.0037130110431463
vn 4.4006999561915059 -3.7053621562617138 2.4868528855808210
v 0.0258339606225491 0.0639895722270012 0.0088466396555305
vn 3.8867020550374756 -4.0907570258339234 2.7330188789518859
v 0.0242691598832607 0.0639190599322319 0.0112181901931763
vn 2.2171765484741957 0.0511239250577168 5.8783179278206283
v 0.0117837702855468 0.0864999815821648 0.0292881708592176
vn 3.0002146641231802 -0.4204327423858334 5.4871383912781475
v 0.0149009795859456 0.0775824710726738 0.0278177801519632
vn 3.5300819250954460 -0.4360420436988178 5.1613018353311597
v 0.0175479594618082 0.0775770470499992 0.0261932592839003
vn 3.5056671088311075 -0.8571660558001224 5.1166986546394995
v 0.0174170695245266 0.0751437470316887 0.0260017495602369
vn 3.9321703213628760 -1.3853024187537406 4.6697764220355626
v 0.0196585599333048 0.0725792571902275 0.0237123891711235
vn 4.2922709569885367 -1.8220330850337232 4.1837978968051548
v 0.0217663608491421 0.0713540911674500 0.0212956592440605
vn 4.9795365784013468 -1.9790674792332472 3.2479791956640436
v 0.0254347901791334 0.0702541992068291 0.0161408707499504
vn 4.8417855665504987 -2.3970753432644325 3.1729371759284506
v 0.0252625904977322 0.0691139101982117 0.0156282708048820
vn 5.4288787552903912 -2.2207107412539160 2.2095816952090663
v 0.0279317405074835 0.0681715607643127 0.0097193121910095
vn 5.3074878341733243 -2.5194606207739794 2.1839014335267453
v 0.0277454797178507 0.0671238824725151 0.0090426802635193
vn 5.5210072150607834 -2.4129712781274364 1.7476819921334157
v 0.0285848900675774 0.0661807581782341 0.0054894681088626
vn 5.7376869674667415 -2.1040286670070039 1.4185202448140024
v 0.0289933606982231 0.0662224814295769 0.0040675988420844
vn 5.5826539097423344 -2.4735083197308025 1.4417346377468689
v 0.0286097507923841 0.0641848966479301 0.0022838111035526
vn 5.3535491040993426 -2.7981077209194045 1.7020057785944034
v 0.0281952004879713 0.0641440674662590 0.0036562678869814
vn 4.9641789374687626 -3.2964019806948888 1.9672554833172480
v 0.0273009501397610 0.0619995482265949 0.0026196830440313
vn 5.2138778116266140 -3.0236277066705135 1.7451335461006803
v 0.0277952495962381 0.0620411001145840 0.0013391970423982
vn 6.1015740935000604 -1.3355809520830897 0.6656379271574888
v 0.0268203597515821 0.0498080812394619 -0.0166806504130363
vn 5.7684469406939414 -2.2469938253421509 1.0337619464860102
v 0.0280782505869865 0.0584516488015652 -0.0065330262295902
vn 5.8564604195091130 -2.0440842385031486 0.9428945472678576
v 0.0288283806294203 0.0621711015701294 -0.0026509759481996
vn 4.1926220145809401 -3.7117333762911460 2.8409768146873158
v 0.0247573796659708 0.0505086705088615 -0.0101230703294277
vn 6.2628226294614286 0.0829634498199412 0.4770892732970439
v 0.0264182593673468 0.0375874601304531 -0.0260039493441582
vn 6.2715846965560216 0.2231454965962413 -0.1010377784782947
v 0.0263608600944281 0.0396390482783318 -0.0255840998142958
vn 6.2563291199183340 -0.1993237839225724 0.5119745641550930
v 0.0263203904032707 0.0400019809603691 -0.0245165806263685
vn 6.2607270856609016 0.0558967591844844 -0.0504404220243821
v 0.0263571701943874 0.0420964881777763 -0.0238789897412062
vn 6.2401437393706241 -0.4342336490779351 0.5551536713824711
v 0.0263023898005486 0.0423859916627407 -0.0228344704955816
vn 6.2749626386393587 -0.1645565188094248 0.0154243489157281
v 0.0263556800782681 0.0430518910288811 -0.0232160594314337
vn 6.1896559668573863 -0.8526716778147085 0.6560583039894736
v 0.0263736806809902 0.0447820983827114 -0.0209631901234388
vn 6.1446320003330390 -1.1193969479628576 0.6354300696171635
v 0.0265432503074408 0.0472396612167358 -0.0189095698297024
vn 6.1118429162101000 -1.0876816027831182 0.9623531839787313
v 0.0263208691030741 0.0448926612734795 -0.0204189997166395
vn 6.1519268782617287 -0.8110455661764799 0.9790285786136735
v 0.0262486897408962 0.0425243899226189 -0.0223024394363165
vn 6.2351105466712635 0.3674310922897551 0.6686618126523540
v 0.0267618801444769 0.0328896604478359 -0.0279172603040934
vn 6.2512145074656686 0.5678979934732917 0.1776056147732782
v 0.0268175005912781 0.0326134487986565 -0.0284020900726318
vn 6.2347761806543414 0.5681544227177326 0.5110372377947817
v 0.0270448904484510 0.0303553901612759 -0.0288468003273010
vn 6.2264520959216627 0.6449034968414480 -0.2790088220273185
v 0.0266448799520731 0.0346436500549316 -0.0282566491514444
vn 6.2605596120072224 0.3727098109208034 0.3251162992341058
v 0.0265869405120611 0.0351274013519287 -0.0272981505841017
vn 6.2491467115722923 0.3557515443297302 -0.1285878646551893
v 0.0264786407351494 0.0371684990823269 -0.0269855801016092
vn 6.0340079007198906 -1.1125872141570936 1.3468908333601135
v 0.0261701904237270 0.0426656007766724 -0.0217739902436733
vn 5.9846687872213469 -0.7400185903393355 1.7598395543659204
v 0.0261754896491766 0.0382055006921291 -0.0244904700666666
vn 6.1230217701963827 -0.4505009816240392 1.3282654139367358
v 0.0262827798724174 0.0379946790635586 -0.0249901991337538
vn 6.0328654341082046 -0.3853093799373256 1.7077373654942083
v 0.0263421498239040 0.0358556509017944 -0.0258207898586988
vn 6.0731018474723539 -0.0520421420485720 1.6044461087377415
v 0.0265712700784206 0.0334606692194939 -0.0269616805016994
vn 6.1771303676543425 0.1707919114525206 1.1264667420532075
v 0.0266805794090033 0.0331717692315578 -0.0274368505924940
vn 5.5467305827598956 -1.6563015169201523 2.4402589643103720
v 0.0257932506501675 0.0408741794526577 -0.0219572708010674
vn 5.7469780826964865 -1.3916952264180429 2.1209875662728739
v 0.0259490609169006 0.0406966805458069 -0.0224604606628418
vn 5.6951192246176117 -0.8878703532615577 2.4980524050845734
v 0.0260470490902662 0.0363573990762234 -0.0248575806617737
vn 5.8738643571876628 -0.6451308034722315 2.1318688643305901
v 0.0262071397155523 0.0361070595681667 -0.0253376904875040
vn 5.9316778705139628 -0.2781137279156248 2.0498356100115074
v 0.0264349505305290 0.0337527915835381 -0.0264907404780388
vn 5.9833132294690703 0.0579796623071573 1.9134027302278374
v 0.0267163496464491 0.0313472710549831 -0.0274581909179688
vn 5.6532262416958510 -1.9724681266935100 1.8785982716022467
v 0.0260154604911804 0.0452367588877678 -0.0188096705824137
vn 5.8757546212968235 -1.4142434092657625 1.7143134584238751
v 0.0260661803185940 0.0428099595010281 -0.0212501809000969
vn 5.6608807190069292 -1.7368629483168241 2.0884873747399815
v 0.0259371902793646 0.0429559908807278 -0.0207309704273939
vn 5.9301591505452809 -1.0957759747716902 1.7590030553341180
v 0.0260804798454046 0.0405185781419277 -0.0229676906019449
vn 5.8111765795668457 -1.0235456607306617 2.1553233520405328
v 0.0260421596467495 0.0384187586605549 -0.0239953901618719
vn 6.1054104826253992 0.2429525879457189 1.4570964608389241
v 0.0268535595387220 0.0310117006301880 -0.0279166605323553
vn 6.0182053066627113 0.3145773311581634 1.7718181622952045
v 0.0270422603935003 0.0288815405219793 -0.0282431803643703
vn 6.1911000194459476 0.4214108482231439 0.9724377197946955
v 0.0269633494317532 0.0306797605007887 -0.0283789597451687
vn 6.2294530625869999 0.1127170572329132 0.8004194643076725
v 0.0265316907316446 0.0353647395968437 -0.0268010403960943
vn 6.1547789661025289 -0.1247110790591439 1.2491782910175120
v 0.0264505706727505 0.0356072708964348 -0.0263082906603813
vn 6.2143610474776096 -0.1802694601260289 0.9000631145106077
v 0.0263632498681545 0.0377888604998589 -0.0254950504750013
vn 6.1881265832641352 -0.4963089989628860 0.9605760167347279
v 0.0262658502906561 0.0401703715324402 -0.0239960495382547
vn 6.0814864222436222 -0.7892712424934206 1.3610578040954355
v 0.0261862799525261 0.0403423905372620 -0.0234794002026320
vn 5.9614663793370282 -1.4241554359522466 1.3567509246860219
v 0.0262438002973795 0.0450053811073303 -0.0198781397193670
vn 5.9999164013746924 -1.5274091580817668 1.0573989417814005
v 0.0264160595834255 0.0474099516868591 -0.0177973508834839
vn 4.8306125107454188 1.5969372775273030 3.6751953128149939
v 0.0237343907356262 0.0238279700279236 -0.0226621609181166
vn 4.9567963963045392 1.0629618457648864 3.7045353787184614
v 0.0249977707862854 0.0236445590853691 -0.0242629591375589
vn 4.9346787807389312 0.6518152351803620 3.8310896594033399
v 0.0253366790711880 0.0246968790888786 -0.0249322596937418
vn 4.7264070089151513 0.5996543230408077 4.0923133105364036
v 0.0245518591254950 0.0256102606654167 -0.0241225901991129
vn 4.9819354484154452 0.3569732597941212 3.8102234018022560
v 0.0256322603672743 0.0259303990751505 -0.0254645906388760
vn 4.9618581128778860 -0.2178742844063820 3.8459438574874834
v 0.0254919491708279 0.0295119807124138 -0.0253573600202799
vn 5.1077370795417858 0.1553415298870945 3.6532865631882752
v 0.0258852802217007 0.0272931996732950 -0.0258901696652174
vn 4.7993607794940898 -0.6651549950886160 3.9965609563694073
v 0.0251294896006584 0.0316830798983574 -0.0246780496090651
vn 5.1540648266427187 -0.4190345305388396 3.5653973209120404
v 0.0257310792803764 0.0310252904891968 -0.0255585908889771
vn 4.6146213753499117 -1.1842499216834481 4.0918966283080120
v 0.0248067900538445 0.0338068008422852 -0.0238264705985785
vn 5.0032042913158579 -0.8936763402562204 3.6901278327195732
v 0.0254076700657606 0.0332301817834377 -0.0247176792472601
vn 4.4333804084046511 -1.7135276520360403 4.1044086916120186
v 0.0245330892503262 0.0358908697962761 -0.0227935891598463
vn 4.8507323536516935 -1.3905720348420476 3.7391479336995994
v 0.0251320600509644 0.0353901907801628 -0.0236954595893621
vn 4.3064945715900471 -2.1655977463090710 4.0265702887979744
v 0.0243175607174635 0.0379449687898159 -0.0215746704488993
vn 4.9315776168839314 -2.3335007218118129 3.1104107759094362
v 0.0251902900636196 0.0413800403475761 -0.0204677507281303
vn 5.0261954443733625 -1.9344544190832387 3.2307575841560068
v 0.0252732597291470 0.0392362400889397 -0.0220435801893473
vn 6.1819606945426973 -1.0707483812720922 -0.1593363783590171
v 0.0283986907452345 0.0585155412554741 -0.0103255501016974
vn 5.9487043085411768 -1.8829097733870652 0.6755886074540132
v 0.0282731596380472 0.0584792383015156 -0.0077962870709598
vn 5.7300630811681099 -2.2680436621988393 1.2036232736263035
v 0.0274149700999260 0.0554565712809563 -0.0093321800231934
vn 5.2275367629972083 -2.5357486327469538 2.3825653166604486
v 0.0256930496543646 0.0454664789140224 -0.0177592001855373
vn 4.8102908370098518 -2.9560093703176449 2.7505793543451733
v 0.0252825003117323 0.0456844493746758 -0.0167279802262783
vn 4.1411445712548787 -2.6665022390339752 3.8979120518918338
v 0.0241692606359720 0.0399786792695522 -0.0201652608811855
vn 3.5192227397393241 -2.7384618703970367 4.4235156538022213
v 0.0229229908436537 0.0387500487267971 -0.0198374893516302
vn 3.7100606825758278 -2.2183954065487059 4.5563405583837033
v 0.0231314804404974 0.0368281602859497 -0.0210689902305603
vn 4.7388261622996701 -1.8259089111986320 3.6956009206300386
v 0.0249132495373487 0.0375147983431816 -0.0224877502769232
vn 5.2827563335286039 -0.0195053223622343 3.3977766088372028
v 0.0260930005460978 0.0287678800523281 -0.0262264590710402
vn 5.7375423256063218 0.6582851406922362 2.4671930265967408
v 0.0274122897535563 0.0231356602162123 -0.0279836598783731
vn 5.4994783691629223 0.5648703187650563 2.9812943836281027
v 0.0268959905952215 0.0240963604301214 -0.0271389391273260
vn 5.8180814499942279 0.8635135396962332 2.2023433843703293
v 0.0278306603431702 0.0206407904624939 -0.0282108709216118
vn 5.9068988200606460 1.0851671770779725 1.8406437989173898
v 0.0282498002052307 0.0181761905550957 -0.0282530691474676
vn 5.8349175513212304 1.3450992988658041 1.8978011031328483
v 0.0281609799712896 0.0170840006321669 -0.0273073893040419
vn 5.7194812655692440 2.0771570861416038 1.5569637464157642
v 0.0277450606226921 0.0159093700349331 -0.0248014908283949
vn 5.6242178038295210 2.0957803197578153 1.8558063523042831
v 0.0270469691604376 0.0172209702432156 -0.0240962505340576
vn 5.2261523089723259 2.7091817962203968 2.1870214242755308
v 0.0246020499616861 0.0208591800183058 -0.0219444595277309
vn 5.4602475418538967 2.4574119536623713 1.8971558391778662
v 0.0262876693159342 0.0184832792729139 -0.0233820602297783
vn 5.1362512563109943 2.4379687933786447 2.6684951958300873
v 0.0243923608213663 0.0215333700180054 -0.0222162604331970
vn 4.9383004567487410 2.1187915575232847 3.2546776053717643
v 0.0232558809220791 0.0232966504991055 -0.0216796901077032
vn 5.0225201039228864 2.1099913312144696 3.1228459440057610
v 0.0241770707070827 0.0222566705197096 -0.0224236808717251
vn 6.1259766787199137 0.9248357222806446 -0.9664558206096108
v 0.0282264892011881 0.0209607407450676 -0.0318452715873718
vn 6.2134075998791278 0.8653219740914035 -0.1386846162978262
v 0.0277873799204826 0.0246681496500969 -0.0306064393371344
vn 6.2058653567647930 0.6412238688137795 0.6900243096615652
v 0.0272901002317667 0.0281226597726345 -0.0291380807757378
vn 6.1300676496775104 0.4848696718777877 1.2819102064071490
v 0.0271799508482218 0.0285000801086426 -0.0286888405680656
vn 6.1486869197984753 0.6629785705675246 1.0977515558074544
v 0.0275413896888494 0.0259189605712891 -0.0292852502316236
vn 6.0360762921509679 0.5399866693265306 1.6438981926704301
v 0.0274034701287746 0.0263485908508301 -0.0288527607917786
vn 5.9029422062646564 0.1986426298072367 2.1411567032129075
v 0.0268789492547512 0.0292614605277777 -0.0277986507862806
vn 5.6592044875488652 -0.3076822252030474 2.7091582170842048
v 0.0263673607259989 0.0320093594491482 -0.0265448596328497
vn 5.8392699759873343 -0.1204193133126957 2.3140725076323521
v 0.0265536904335022 0.0316814705729485 -0.0270015504211187
vn 5.7691492506538795 -0.4924052456493279 2.4370065020318723
v 0.0262733604758978 0.0340437814593315 -0.0260224901139736
vn 5.6198937887630489 -1.2856409736473347 2.4952311501051909
v 0.0258839707821608 0.0386312007904053 -0.0235037803649902
vn 5.3737278065678238 -1.5787056789326792 2.8441139171573306
v 0.0257024709135294 0.0388394482433796 -0.0230146609246731
vn 5.2904778011568139 -2.2234061856064202 2.5472046519807980
v 0.0256080608814955 0.0432441793382168 -0.0197050496935844
vn 4.3592444525105725 -3.6956505283371950 2.6001924025955354
v 0.0252048894762993 0.0529325008392334 -0.0075033297762275
vn 3.9530736740741159 -3.6305722560296316 3.2628896602487059
v 0.0242196898907423 0.0460949502885342 -0.0147504797205329
vn 3.5271577443546156 -3.8804152197136870 3.4567288632034172
v 0.0235799495130777 0.0462900884449482 -0.0138154001906514
vn 5.7906966776975244 -2.1370337490958518 1.1013379267733618
v 0.0289490800350904 0.0642267987132072 0.0008887170115486
vn 4.5389268855854015 -3.6333555850238373 2.3709076739992372
v 0.0257836505770683 0.0555265508592129 -0.0047128200531006
vn 4.2157674180437033 -3.8891482463677778 2.5556041066600006
v 0.0251901708543301 0.0555429384112358 -0.0036364789120853
vn 3.6757278030550524 -4.1969141964404946 2.8822989259550629
v 0.0239266697317362 0.0530530810356140 -0.0054883952252567
vn 3.3330722246807847 -4.3739260966142410 3.0316895397259929
v 0.0231960993260145 0.0531100593507290 -0.0045436020009220
vn 3.0258773871152265 -4.6351895236066367 2.9647812700714571
v 0.0222094003111124 0.0556035600602627 0.0002590139920358
vn 2.1313033228691625 -4.8589918857652341 3.3590580083178518
v 0.0192833505570889 0.0511620007455349 -0.0041195149533451
vn 1.7636842851738896 -5.0083128243763353 3.3560301531964813
v 0.0173569899052382 0.0513111911714077 -0.0028138749767095
vn 1.5439337455228959 -4.8554704423638526 3.6739227728416282
v 0.0167278591543436 0.0475336909294128 -0.0078850984573364
vn 1.1940433111921511 -4.9764462362184059 3.6424032544304250
v 0.0147325899451971 0.0477628707885742 -0.0068407650105655
vn 0.7557848487272860 -5.0848046853521627 3.6110678797441467
v 0.0106044998392463 0.0481334887444973 -0.0052284589037299
vn 0.4217637222016889 -5.2949368771581273 3.3548684622125200
v 0.0065170521847904 0.0500448904931545 -0.0016936060274020
vn 0.5733649127792404 -5.1270248727033785 3.5848080136084626
v 0.0085019459947944 0.0482757613062859 -0.0046409959904850
vn 2.8967139472351642 -4.0505580248164108 3.8271488304240071
v 0.0219859406352043 0.0447204709053040 -0.0141214700415730
vn 2.3987281298197898 -4.4819179011297292 3.6872500786121032
v 0.0204582791775465 0.0469803810119629 -0.0104935700073838
vn 2.9797136360253531 -3.7139804992176626 4.0950737127727237
v 0.0219513699412346 0.0428390502929688 -0.0159596800804138
vn 3.2586640540354668 -3.5423522471482989 4.0372536296660693
v 0.0227242708206177 0.0425748787820339 -0.0167886596173048
vn 5.2910364761768038 -2.9397528980970078 1.6638536774379880
v 0.0274430494755507 0.0583973489701748 -0.0040598511695862
vn 5.1694221607288009 -3.0224264494941164 1.8860622436599206
v 0.0267565809190273 0.0554924607276917 -0.0069679608568549
vn 4.6589917115759958 -3.4306738826665728 2.4441366685370109
v 0.0257418695837259 0.0528693683445454 -0.0085681080818176
vn 4.5807507070268585 -3.4071198585093048 2.6185319800516713
v 0.0253065805882215 0.0503993593156338 -0.0111493403092027
vn 4.3787118697759242 -3.3205153067960818 3.0411072398396248
v 0.0247894506901503 0.0458927713334560 -0.0157226901501417
vn 3.4902103255705552 -3.6872053767916828 3.6937630681569584
v 0.0234630703926086 0.0442711710929871 -0.0158388596028090
vn 3.9840822110405525 -3.3689996257684163 3.4968262139164614
v 0.0241112709045410 0.0440285801887512 -0.0167565904557705
vn 3.3691625581509768 -3.1918077386879320 4.2329261679841785
v 0.0227841697633266 0.0406623408198357 -0.0184126403182745
vn 6.0217944360915201 -1.6606394784898093 0.5572885863660086
v 0.0290153604000807 0.0622158609330654 -0.0040165181271732
vn 5.3322557505051602 -2.6595861151145974 1.9820951836917586
v 0.0261728707700968 0.0501709505915642 -0.0132972002029419
vn 5.4754881475984174 -2.6452795637548485 1.5642333452651083
v 0.0271272007375956 0.0554747506976128 -0.0081386556848884
vn 4.9710253779923050 -3.0536031482028516 2.3247822729594367
v 0.0257802605628967 0.0502873584628105 -0.0122091695666313
vn 4.4233732038815630 -3.0415254343377245 3.2594094870597337
v 0.0246893707662821 0.0437766909599304 -0.0177102591842413
vn 4.0381875672575394 -3.0612407618049016 3.7114784466794584
v 0.0240975003689528 0.0420016609132290 -0.0185606405138969
vn 3.6294100384167449 -3.3403276495426653 3.8895314378485786
v 0.0234419703483582 0.0422957502305508 -0.0176563803106546
vn 3.7333485185487012 -2.9533900115605065 4.0983213935795453
v 0.0235077701508999 0.0403296910226345 -0.0192719604820013
vn 3.1936424943384414 -2.9466552825252461 4.5350048456993868
v 0.0221397802233696 0.0391205511987209 -0.0190177503973246
vn 3.3933162803577224 -2.4255214160027894 4.6949684158023990
v 0.0223447605967522 0.0372597500681877 -0.0202505495399237
vn 3.3531016234783806 -2.0166160278857079 4.9106415140637356
v 0.0217738691717386 0.0358562394976616 -0.0205053593963385
vn 2.5538890267261465 -4.6747523319810185 3.3257502930153309
v 0.0210816804319620 0.0509962998330593 -0.0056086769327521
vn 2.9864862882877672 -4.3759842038460155 3.3702440276482526
v 0.0223585907369852 0.0486719608306885 -0.0097906580194831
vn 6.2380278761921097 0.0101085185249073 0.6622029229591930
v 0.0313261710107327 0.0864999815821648 0.0034283390268683
vn 6.1539537155678117 -0.3238722241365139 1.1525755251429795
v 0.0308368802070618 0.0795844718813896 0.0059608807787299
vn 6.0995735165249645 -0.8960609471962030 1.1409169055725570
v 0.0303033497184515 0.0728569626808167 0.0054581160657108
vn 6.1974971915245165 -0.7939777908516745 0.5437444970628880
v 0.0307235699146986 0.0729039907455444 0.0023940799292177
vn 6.1630449730566399 -1.0191032436154317 0.5414769671332058
v 0.0304390694946051 0.0705941915512085 0.0018342729890719
vn 6.1174030775361086 -1.2588601522270229 0.5394603434287677
v 0.0301159601658583 0.0684197470545769 0.0009422309813090
vn 6.0697880416448857 -1.4647995698811265 0.5443234997848750
v 0.0297642908990383 0.0663525983691216 -0.0003112560079899
vn 5.8856846255294153 -1.8728320959034270 1.0783863639754392
v 0.0293271504342556 0.0662650987505913 0.0026240940205753
vn 5.4524499809990381 -2.7218684405968991 1.4944580866224491
v 0.0282164793461561 0.0620833598077297 0.0000314616991091
vn 5.0136651840844220 -3.2520466759923607 1.9239495020545101
v 0.0270076896995306 0.0583711788058281 -0.0028595919720829
vn 4.8593525632104990 -3.3468820091856415 2.1458140098382881
v 0.0263072792440653 0.0555096790194511 -0.0058246250264347
vn 3.9533379748861313 -4.0030402223982007 2.7815654056381458
v 0.0245980005711317 0.0529938898980618 -0.0064755668863654
vn 3.7868364921927489 -3.9812079053918064 3.0372275183062296
v 0.0241383891552687 0.0506146512925625 -0.0091346502304077
vn 3.2173680138880627 -4.3353936061595189 3.1999212205631569
v 0.0227146707475185 0.0508138500154018 -0.0072829718701541
vn 3.5462531592317079 -3.9858855961186466 3.3168298963591223
v 0.0238020997494459 0.0483915805816650 -0.0115819498896599
vn 2.9085769071658536 -4.2241516989667014 3.6245504422800501
v 0.0221187397837639 0.0466528497636318 -0.0120676700025797
vn 2.3305746094399820 -4.3261882988506395 3.9123722601534383
v 0.0203131996095181 0.0451240502297878 -0.0125726396217942
vn 1.8825423339223915 -4.5261976628295377 3.9278427255037922
v 0.0184955503791571 0.0454831682145596 -0.0112001802772284
vn 2.0304663502074809 -3.9442982606584920 4.4452752550241641
v 0.0184781495481730 0.0420671701431274 -0.0146921798586845
vn 1.9293456351561280 -4.2747643051911197 4.1778737702096018
v 0.0184419695287943 0.0437563583254814 -0.0130592500790954
vn 2.4836610126088861 -3.7218136389645284 4.4070318823014292
v 0.0203114692121744 0.0415554009377956 -0.0160597506910563
vn 2.3760253872067092 -4.0621029314457564 4.1595723966573050
v 0.0202672407031059 0.0433253012597561 -0.0144245000556111
vn 2.9714376574905712 -3.4254209331672199 4.3453517780175810
v 0.0220056697726250 0.0409770607948303 -0.0175895597785711
vn 2.8923454796674397 -3.0963082778631486 4.6370828832033366
v 0.0213087704032660 0.0394707918167114 -0.0182336494326591
vn 3.1047740253612885 -2.6061320213474302 4.7961245250840241
v 0.0215100608766079 0.0376677513122559 -0.0194648504257202
vn 3.1013013040664532 -2.1679565720165619 5.0097191663449259
v 0.0208950601518154 0.0363010689616203 -0.0197478495538235
vn 3.8880557772083395 -0.8430824654539431 4.8603624785242081
v 0.0224530603736639 0.0321710705757141 -0.0220471005886793
vn 4.3886194258957758 -0.5370997993252918 4.4617184254263922
v 0.0240842700004578 0.0309102497994900 -0.0236644707620144
vn 4.5717214476018766 -0.1099730225605124 4.3070991783351751
v 0.0244807004928589 0.0288670007139444 -0.0242108702659607
vn 0.2096608864628098 -5.5407498295307125 2.9548182857708358
v 0.0024389619939029 0.0557545982301235 0.0088440766558051
vn 0.4513282333158630 -5.4182930023737299 3.1472624539372509
v 0.0067050447687507 0.0518142506480217 0.0011882180115208
vn 0.6312649778567107 -5.3818218168785581 3.1787491633461853
v 0.0089128613471985 0.0517467781901360 0.0006979259778745
vn 0.8357820497348180 -5.3316685016801078 3.2158719976066004
v 0.0110956998541951 0.0516621395945549 0.0000605001987424
vn 1.3284123637996372 -5.1726567068084330 3.3068979185533922
v 0.0153350802138448 0.0514441691339016 -0.0016871090047061
vn 1.3846622462772382 -5.3059381349893977 3.0653073737782499
v 0.0142225604504347 0.0556972585618496 0.0058680172078311
vn 1.7146569490698751 -5.1969023194165107 3.0846065773066451
v 0.0163989607244730 0.0556774698197842 0.0047431578859687
vn 2.3338333324959786 -5.0235544308343112 2.9603452924031144
v 0.0192289892584085 0.0581467710435390 0.0070673217996955
vn 2.4893895870110114 -4.9028189177105190 3.0326882457801547
v 0.0204188805073500 0.0556305013597012 0.0019392370013520
vn 2.7838770228154726 -4.8225183021227265 2.9035379829331909
v 0.0211914703249931 0.0581852681934834 0.0054311151616275
vn 3.3914678119489552 -4.3911240644169585 2.9231905617183425
v 0.0224791690707207 0.0638536810874939 0.0134133603423834
vn 3.1365082675167715 -4.3782742574424685 3.2148936653675855
v 0.0206927005201578 0.0648116990923882 0.0166804697364569
vn 3.8184837808069121 -3.8341775854320206 3.1656577786013806
v 0.0228954497724771 0.0658826828002930 0.0156756006181240
vn 4.0337537163351929 -3.4799537638129454 3.3004023590434528
v 0.0230944696813822 0.0669054910540581 0.0165976807475090
vn 0.2203174595916265 6.2654188431026991 -0.2253299163277019
v 0.0005936429952271 0.0314943715929985 -0.0096277594566345
vn 0.0179676226231827 6.1803068866413708 1.0766042132363354
v 0.0000000000000000 0.0315771587193012 -0.0105725498870015
vn 0.6535343847870423 6.2418461045857905 0.2056153003269504
v 0.0031296610832214 0.0313311815261841 -0.0097077479586005
vn -0.0124133754392333 6.2709606310345043 0.3159567606639213
v 0.0000000000000000 0.0315036699175835 -0.0098438849672675
vn 0.4783997606946724 5.8173107457775446 -1.5464144443335801
v 0.0025798080023378 0.0313941799104214 -0.0096771121025085
vn 0.3088277947372671 6.2632009310704202 -0.2817232325022794
v 0.0021967880893499 0.0314134918153286 -0.0096675753593445
vn 4.8923702782708602 3.9424752115797084 -0.0029391044680145
v 0.0243106391280890 0.0200068894773722 -0.0141613399609923
vn 4.8924957756800902 3.9423199546716550 -0.0031482108164931
v 0.0248118601739407 0.0193848591297865 -0.0143463602289557
vn 4.4237202283126704 4.4558293265214539 0.0328071502878105
v 0.0220414903014898 0.0225020591169596 -0.0147967897355556
vn 4.4649538991507516 4.4022802578896965 0.3343766050328261
v 0.0217624902725220 0.0228231493383646 -0.0162473898380995
vn 4.6408869500270491 3.5116544956094531 2.3577991961230862
v 0.0208718702197075 0.0244976803660393 -0.0188516899943352
vn 4.6070768748602768 3.1847559594504551 2.8401467374800906
v 0.0206688009202480 0.0249953791499138 -0.0191297493875027
vn 4.9667322824746787 3.2446411842113529 2.0582528906142477
v 0.0229261498898268 0.0224737506359816 -0.0202096700668335
vn 4.8328993601775849 2.6422936215063659 3.0173340114232343
v 0.0225085597485304 0.0236366894096136 -0.0207606498152018
vn 4.7305155562946553 2.3481434286517731 3.4004489371522579
v 0.0222916603088379 0.0242866799235344 -0.0209451895207167
vn 4.2981323955966335 2.0699630251245869 4.0852299499894800
v 0.0200300794094801 0.0267333891242743 -0.0196360908448696
vn 4.4705961803924659 1.5637387188632339 4.1230889917312421
v 0.0218473598361015 0.0256990697234869 -0.0211539808660746
vn 4.8043631936732840 1.9599099022052802 3.5406863797867087
v 0.0230350401252508 0.0240240599960089 -0.0218175593763590
vn 4.6566434044584719 1.5558072462415147 3.9142674208501078
v 0.0228111706674099 0.0247874800115824 -0.0219016596674919
vn 4.7743439265259395 1.0526794343065804 3.9380220811070252
v 0.0241642501205206 0.0246086698025465 -0.0234716497361660
vn 4.5205545321917935 0.5789697242777163 4.3213055945741399
v 0.0237149503082037 0.0264814402908087 -0.0233236495405436
vn 4.7437534024434989 0.2638312292244238 4.1097313908885242
v 0.0249011497944593 0.0267905499786139 -0.0246378704905510
vn 4.8299943344516940 0.0161611939847021 4.0169136239682919
v 0.0252144895493984 0.0280990004539490 -0.0250448491424322
vn 4.6559323168457425 -0.3949779770687986 4.1980224382136369
v 0.0248194895684719 0.0302284900099039 -0.0245030503720045
vn 4.0187949659199305 -2.0185704977491774 4.3833309241456755
v 0.0238633695989847 0.0363719388842583 -0.0219174604862928
vn 4.4847583532140263 -2.7229287396963660 3.4521471787669649
v 0.0246827602386475 0.0416957698762417 -0.0194990597665310
vn 4.5866176673963919 -2.3224267020307039 3.6075936090281941
v 0.0247604791074991 0.0396134816110134 -0.0210903808474541
vn 4.8668449515269145 -2.6594822813741601 2.9453796275750066
v 0.0251902900636196 0.0435167513787746 -0.0186957698315382
vn 5.9264775748055092 -1.7738955042060907 1.0707820774072869
v 0.0266964994370937 0.0499270483851433 -0.0155372601002455
vn 6.0630094166969233 -1.5766832125788239 0.4711498682348018
v 0.0277336798608303 0.0554201602935791 -0.0117651801556349
vn 0.0349178853660959 -4.9375336837220392 3.8773875621269891
v 0.0000000000000000 0.0465682707726955 -0.0063272709958255
vn 1.5179394175680774 -3.8424664743412391 4.7283796786815788
v 0.0146561795845628 0.0413910709321499 -0.0138129498809576
vn 1.1178519920883256 -4.3242060191763851 4.4150771586272546
v 0.0125200701877475 0.0432463809847832 -0.0115385595709085
vn 0.7039185911878748 -4.4348572595503963 4.3906224175700981
v 0.0083851208910346 0.0437722802162170 -0.0101685496047139
vn 0.6065616201157419 -4.0927585319233932 4.7231197335999013
v 0.0063571920618415 0.0426251813769341 -0.0109542002901435
vn 0.5194567751113829 -4.4664202082606650 4.3844448450861631
v 0.0062995548360050 0.0439603887498379 -0.0096853971481323
vn 0.1896819325060083 -4.5153494519960278 4.3599079636376228
v 0.0021039240527898 0.0441833697259426 -0.0091364383697510
vn 0.0225774803531361 -4.4639156172380812 4.4086625594509359
v 0.0000000000000000 0.0440733991563320 -0.0091989040374756
vn 3.6071611688482399 5.1409691720774386 0.0113564467724460
v 0.0179476700723171 0.0258868895471096 -0.0121150603517890
vn 3.5526433295469366 5.1735159370386690 0.2294590842138721
v 0.0173512604087591 0.0263117495924234 -0.0131460996344686
vn 3.6702146034083114 5.0537600029482963 0.6458013217945124
v 0.0171013399958611 0.0265709701925516 -0.0142897898331285
vn 4.0569362774434881 4.7677679462492959 0.4844621455485912
v 0.0195163395255804 0.0248107891529799 -0.0152434697374701
vn 4.1528346242554930 4.5945989146050543 1.0260243703389493
v 0.0192035995423794 0.0252579990774393 -0.0163899008184671
vn 3.8578700440129365 4.2987157246139382 2.4599255571276246
v 0.0164847895503044 0.0275542698800564 -0.0160565897822380
vn 4.2773833640412491 3.7415720332542421 2.6699207220135937
v 0.0186611991375685 0.0263102594763041 -0.0175534393638372
vn 4.2460147926702092 3.3733806037035570 3.1656680412196834
v 0.0184666495770216 0.0267526507377625 -0.0178072992712259
vn 3.7766409125542655 3.0950997473341961 3.9479974984550754
v 0.0159457903355360 0.0287271700799465 -0.0167663600295782
vn 4.0919711979009374 2.5847177001694517 4.0016981610593536
v 0.0180631801486015 0.0277504902333021 -0.0181656405329704
vn 3.7391187973187421 1.0493277365605560 4.9292124547152572
v 0.0183112602680922 0.0294519606977701 -0.0190361700952053
vn 3.9488385762303260 1.0450948088340881 4.7647959913241191
v 0.0193694792687893 0.0287544708698988 -0.0197247806936502
vn 3.1457660884710488 -0.7075533204221195 5.3902782204458184
v 0.0180971007794142 0.0332258902490139 -0.0189449694007635
vn 2.5960715311527127 -1.9313862649525877 5.3785983073225925
v 0.0173766594380140 0.0362904593348503 -0.0178467594087124
vn 2.9252797975551559 -1.7685404267793341 5.2650142932131327
v 0.0193454008549452 0.0354689918458462 -0.0191583000123501
vn 2.2934012726557702 -2.6102228489422106 5.2273955373964274
v 0.0170802399516106 0.0378265902400017 -0.0170543696731329
vn 2.6351833800501514 -2.4252671958760872 5.1556071571111257
v 0.0190377794206142 0.0371128916740417 -0.0183326601982117
vn 2.0300997626092907 -3.2106848382534565 4.9981943420542585
v 0.0168376509100199 0.0393705889582634 -0.0160709600895643
vn 2.4207421100384718 -2.9920781892251194 4.9615508587935304
v 0.0187848806381226 0.0387544594705105 -0.0173195004463196
vn 1.8216560749736468 -3.7096940924180495 4.7272522282066713
v 0.0166572891175747 0.0409309789538383 -0.0148851796984673
vn 2.1899120431161432 -3.5352071589894933 4.7050425897998771
v 0.0185953900218010 0.0404028818011284 -0.0161090400069952
vn 1.5221154446501703 -4.6702791138832245 3.9155868171608255
v 0.0165745001286268 0.0458003804087639 -0.0100008798763156
vn 1.9111774624935882 -4.6977699754867936 3.7061393170629615
v 0.0186478402465582 0.0472734495997429 -0.0091004958376288
vn 2.7549509627904532 -4.7068884922921583 3.1112700095675967
v 0.0215779505670071 0.0532174706459045 -0.0027871720958501
vn 4.7238895055843537 -3.5403575707587129 2.1384954465601420
v 0.0264986697584391 0.0583454892039299 -0.0016887179808691
vn 4.5001349012434293 -3.7361285643017772 2.2742421185977997
v 0.0263226591050625 0.0599997602403164 0.0014509550528601
vn 4.9385390620744323 -3.2405005320116418 2.1031465794097985
v 0.0271500907838345 0.0640646815299988 0.0063185091130435
vn 5.4446631212933587 -2.5850084015051071 1.7393969021764066
v 0.0283919498324394 0.0651659891009331 0.0046331877820194
vn 5.0519820458065681 -3.0273677448051672 2.1471954187443925
v 0.0273532792925835 0.0650859996676445 0.0073503251187503
vn 5.1780441260523800 -2.7938528575502728 2.1616154721239296
v 0.0275521799921989 0.0660997033119202 0.0082539906725287
vn 4.7490509927126929 -3.1861640162607814 2.5665240150728765
v 0.0262463595718145 0.0660225674510002 0.0108886901289225
vn 4.4859232942635199 -3.1950706490182759 2.9905739499654698
v 0.0248873792588711 0.0669735595583916 0.0142462803050876
vn 4.6741336017989106 -2.8102836969358078 3.0847220673953437
v 0.0250796601176262 0.0680235624313354 0.0149979498237371
vn 4.2440036822761380 -3.0674122357322542 3.4394290950486157
v 0.0232854392379522 0.0679563805460930 0.0173888802528381
vn 4.4340065140069145 -2.6141025845517092 3.5700122718906315
v 0.0234668795019388 0.0690498873591423 0.0180526897311211
vn 3.7101522322762648 -2.4387173895566145 4.4146541364240699
v 0.0193838402628899 0.0700929686427116 0.0228967592120171
vn 3.4447198297635166 -1.4302536047211332 5.0251544959081613
v 0.0172210894525051 0.0725504681468010 0.0255627594888210
vn 2.9945557552421467 -0.8483683910741429 5.4332194084980809
v 0.0147874895483255 0.0751355811953545 0.0276187006384134
vn 2.4305395231824192 -0.7659401337693414 5.7245518253950713
v 0.0120110502466559 0.0751286670565605 0.0289655905216932
vn 1.8467463947107128 -0.7619249432054525 5.9387142786285629
v 0.0091149210929871 0.0751230716705322 0.0300280991941690
vn 1.2459913412394374 -0.3819083642963805 6.1303105939690381
v 0.0061768288724124 0.0775932595133781 0.0310098491609097
vn 1.8522190211131837 -0.3924915355790830 5.9746167808205328
v 0.0091871609911323 0.0775905773043633 0.0302388593554497
vn -5.9624734333169425 0.3935482815394900 -1.9377093641914844
v -0.0268255993723869 0.0537610612809658 -0.0186243597418070
vn -6.2250966060348105 -0.3450599966819453 -0.7628478322020248
v -0.0271281506866217 0.0523592792451382 -0.0171823501586914
vn -6.0987496376975159 0.2171104063834331 -1.4863088811368792
v -0.0268092695623636 0.0522671900689602 -0.0189243499189615
vn -2.5402140858904918 -4.2098425311854015 3.9091564502423219
v -0.0210366807878017 0.0449440404772758 -0.0131630804389715
vn -5.8079105585185884 0.5502593248650869 -2.3109763958931406
v -0.0265199504792690 0.0553134605288506 -0.0191815402358770
vn -6.2735209493936477 -0.0978266205348019 0.1599259746384601
v -0.0314721390604973 0.0832589790225029 0.0010177489602938
vn -1.5621442765084932 -5.3011659453274724 2.9871804519187255
v -0.0147614404559135 0.0580794811248779 0.0098305940628052
vn -0.6435963760527270 -4.5302687712585454 4.2863572286003810
v -0.0043025608174503 0.0665908977389336 0.0270441696047783
vn -0.7104224869795547 -4.0748771685067160 4.7056592407752005
v -0.0043504228815436 0.0676447674632072 0.0280559007078409
vn -5.3416134181549726 0.0517862164840605 3.3072341537525589
v -0.0266685392707586 0.0864999815821648 0.0167895499616861
vn -5.3415642868216118 0.0517560482693638 3.3073241104143465
v -0.0269415900111198 0.0864999815821648 0.0163486003875732
vn -0.0093277540887893 -0.1601977916234376 6.2730067510702296
v 0.0000000000000000 0.0797685906291008 0.0316932685673237
vn -0.9359900204729339 -0.0651945193190483 6.2034143661776380
v -0.0046226968988776 0.0797655507922173 0.0313564501702785
vn -0.3581242017098848 0.0388275187074787 6.2725965304211240
v -0.0010967249982059 0.0864999815821648 0.0315612517297268
vn 6.2381474865649755 -0.3595619871871611 0.0129553828009705
v 0.0264371000230312 0.0445447489619255 -0.0220337491482496
vn 6.1980747572196710 -0.7604927694743649 -0.0173444629401405
v 0.0269010607153177 0.0496805906295776 -0.0178252998739481
vn 6.2773539962738081 -0.0645926961709053 -0.0390210013411437
v 0.0314607582986355 0.0832508802413940 -0.0002038590027951
vn -1.8951450330946498 2.0133356026588496 -5.6374345491988560
v -0.0115923797711730 0.0513270385563374 -0.0336821600794792
vn 1.0338741906130240 0.1079898018866596 -6.1932265886296571
v 0.0051623578183353 0.0793215632438660 -0.0309911891818047
vn 0.6802697070497874 0.0306745327310395 -6.2459757916379015
v 0.0028519630432129 0.0864999815821648 -0.0311972405761480
vn 6.2711608857179053 0.0855190535330450 -0.2605941729336425
v 0.0313144885003567 0.0003274880000390 -0.0228737499564886
vn 6.1531430531171321 0.5370051633431927 -1.0475593471527729
v 0.0302157904952765 0.0064316978678107 -0.0308761000633240
vn 5.9417797357072919 0.9872553883426024 -1.7277795659764847
v 0.0277236700057983 0.0227364804595709 -0.0328778587281704
vn 6.2053609494175870 0.8153540437904421 -0.4283811402001322
v 0.0268650595098734 0.0320682488381863 -0.0293703600764275
vn 2.9440457756800753 0.8972245783062955 -5.4687028744056008
v 0.0202301703393459 0.0186230503022671 -0.0419609509408474
vn -0.5492468584286857 0.6682959002713587 -6.2154697897242350
v -0.0048442478291690 0.0139638697728515 -0.0466174408793449
vn -5.5867371404848551 2.8636173465170973 -0.0177195806651954
v -0.0280129890888929 0.0144056603312492 -0.0156070496886969
vn -5.4928384249316693 3.0500399875607425 0.0282186928929600
v -0.0279415808618069 0.0145339900627732 -0.0155778499320149
vn -5.5456729001434981 2.9438411312348158 -0.0701988168592047
v -0.0277912598103285 0.0147857600823045 -0.0173509698361158
vn -5.3455219551893851 -3.2729977542825766 -0.3234228350173162
v -0.0266994796693325 -0.0164715591818094 -0.0230859499424696
vn -5.5750197062524478 2.7009349900849400 1.0378043333904352
v -0.0269702598452568 0.0167470499873161 -0.0226734802126884
vn -5.0780918305943992 3.6920584136431684 0.1729657116180613
v -0.0251106601208448 0.0190168004482985 -0.0179354492574930
vn -4.8159522306601605 4.0240624623231165 0.2494775406981281
v -0.0236946903169155 0.0207829400897026 -0.0171755496412516
vn 0.0357154669231590 2.7419760422355952 5.6402502044285683
v 0.0000000000000000 0.0332036614418030 -0.0128600001335144
vn -0.0184967148180664 2.3096458236950888 5.8363511274867523
v 0.0000000000000000 0.0333606004714966 -0.0129221603274345
vn -0.5229784100845243 1.9868935346422332 5.9339870081226600
v -0.0020714988932014 0.0335905514657497 -0.0131176700815558
vn -3.4559863415933827 -1.7247835664961282 4.9541392302846177
v -0.0218310896307230 0.0349833890795708 -0.0207777600735426
vn -3.2577242349321089 -1.5826686206271434 5.1284678317431727
v -0.0206620600074530 0.0348142907023430 -0.0200667902827263
vn -0.4354575296475368 -0.0461645331735972 6.2628937664522608
v -0.0019264810252935 0.0354483686387539 -0.0133616896346211
vn -0.8549270139505994 -3.0076589635846616 5.4420867377146225
v -0.0065468540415168 0.0401224382221699 -0.0127510996535420
vn -1.2088080400000256 -1.5828045040459604 5.9534602543704516
v -0.0068787927739322 0.0378055498003960 -0.0137377902865410
vn -0.6896927710703235 -1.0724821751196549 6.1497559020063921
v -0.0035838480107486 0.0371676608920097 -0.0133392801508307
vn 0.0712439686104026 -0.9667984257189939 6.1991699258559407
v 0.0000000000000000 0.0370970889925957 -0.0131529504433274
vn -1.3484141508740439 -1.0178680882786291 6.0491500244811913
v -0.0070741171948612 0.0367177687585354 -0.0140060698613524
vn -1.0282591640044525 -1.0491471476381597 6.1063674457591279
v -0.0053299060091376 0.0369775816798210 -0.0136221600696445
vn -0.3641158709468245 -1.0776091668841121 6.1765561170346031
v -0.0018123979680240 0.0372754894196987 -0.0131746502593160
vn -0.3130878440159731 -1.6192908068908669 6.0573294986517974
v -0.0017593499505892 0.0382916890084743 -0.0129547696560621
vn -0.2779240308866143 -2.3576420022168652 5.8074580911476197
v -0.0017106529558077 0.0393651686608791 -0.0126018496230245
vn -0.6200118312322618 -1.6207298425631604 6.0333154157349025
v -0.0034807920455933 0.0381978712975979 -0.0131096802651882
vn -0.9205598906812523 -1.5475163422886686 6.0160863878165660
v -0.0051796431653202 0.0380321703851223 -0.0133758699521422
vn -1.4707916821777873 -1.5126944636864526 5.9146680278021666
v -0.0085573792457581 0.0375181995332241 -0.0141946598887444
vn -2.4443583051133482 -0.8610702157897699 5.7196763111441031
v -0.0138036003336310 0.0349971614778042 -0.0164732895791531
vn -1.9744544765509024 -0.9300121801134993 5.8891073245211549
v -0.0104893995448947 0.0359908901154995 -0.0150660797953606
vn -2.3822854823307615 -0.3258788474322037 5.8033450660558854
v -0.0124882403761148 0.0343289896845818 -0.0159928705543280
vn -1.6452353462543572 -0.9864428719218208 5.9805889109331112
v -0.0087938299402595 0.0363882705569267 -0.0144896497949958
vn -2.1033638429396606 -0.4292088084200875 5.9020115136713924
v -0.0107822995632887 0.0348583981394768 -0.0152993695810437
vn -1.7963071850340240 -0.4729872449254144 5.9992675826150457
v -0.0090471496805549 0.0353121683001518 -0.0146945696324110
vn -1.4665556316158979 -0.5188091472152229 6.0845053032015812
v -0.0072831511497498 0.0356886908411980 -0.0141858402639627
vn -1.5242656674143060 -2.2070578909235903 5.6728038735966422
v -0.0099689960479736 0.0383920595049858 -0.0142811499536037
vn -1.2595771369926529 -2.9440438469109886 5.3984608328111250
v -0.0097537627443671 0.0396459586918354 -0.0136406999081373
vn -1.8823210883876982 -2.7412379011383625 5.3237904442048665
v -0.0144603801891208 0.0385998412966728 -0.0155709898099303
vn -2.0947936491879822 -2.6785103356408171 5.2745454379276699
v -0.0159875694662333 0.0381604991853237 -0.0163697600364685
vn -2.3963152696242251 -1.9946592313257741 5.4461132518957864
v -0.0162809398025274 0.0366770587861538 -0.0171384792774916
vn -1.6084051752026685 -2.8571308362133649 5.3519116204250503
v -0.0129091702401638 0.0389930009841919 -0.0148496003821492
vn -2.1637007675865463 -2.0766173993667429 5.5120281966614852
v -0.0147393904626369 0.0371837615966797 -0.0163086596876383
vn -1.8885971782743662 -2.1568326564306153 5.5829354685998567
v -0.0131704797968268 0.0376376509666443 -0.0155546599999070
vn -2.6907274176157658 -1.3211748492450566 5.5166680912677419
v -0.0166179500520229 0.0352013707160950 -0.0177316591143608
vn -2.6153645775503067 -2.4270836713158772 5.1636149164352894
v -0.0189402606338263 0.0371337495744228 -0.0181982498615980
vn -3.5260196939642192 -2.3125091177110138 4.6554559553166222
v -0.0226436797529459 0.0370838604867458 -0.0204591695219278
vn -3.6142752434848555 -2.0689727901930390 4.7016256839258537
v -0.0227742698043585 0.0361362583935261 -0.0210029408335686
vn -3.7204916841508573 -1.7658235469645418 4.7419486267879254
v -0.0229188706725836 0.0351836606860161 -0.0215003397315741
vn -3.6266603779358819 -1.3129712006028986 4.9575186654760071
v -0.0219990592449903 0.0340696498751640 -0.0211820006370544
vn -3.8530155231884908 -0.8128164246842255 4.8928038917656860
v -0.0223667006939650 0.0322237014770508 -0.0218637492507696
vn -2.9135448477756469 -1.7654255751958725 5.2717164786226425
v -0.0192534904927015 0.0354952812194824 -0.0190196000039577
vn -3.2042268759546819 -1.1275748513148283 5.2811716584233901
v -0.0196116492152214 0.0338488817214966 -0.0196678601205349
vn -2.9420486501100447 -1.2672077292822057 5.4014783108062865
v -0.0181379895657301 0.0345577485859394 -0.0186654906719923
vn -2.9473942350260067 -0.7532319121519047 5.4935977979618746
v -0.0169903598725796 0.0337373614311218 -0.0181888900697231
vn -2.6651349574662389 -0.3424591713583782 5.6764949113779819
v -0.0141602698713541 0.0337247811257839 -0.0167688708752394
vn -3.1760077423908255 -0.2418528153701534 5.4129563423851481
v -0.0173895899206400 0.0322911702096462 -0.0185447894036770
vn -3.4961675510838433 -0.9941943020928761 5.1210412256388187
v -0.0210261903703213 0.0330717489123344 -0.0207352004945278
vn -4.0432505546783393 -0.3486845088224232 4.7946978618466627
v -0.0227687899023294 0.0303547903895378 -0.0224052593111992
vn -3.7334250971736491 -0.4821561977599524 5.0284261012000844
v -0.0214259605854750 0.0313152596354485 -0.0212645493447781
vn -4.7110615151319770 0.9835206972069712 4.0370280672642647
v -0.0240893904119730 0.0247192904353142 -0.0232858005911112
vn -4.7703333107009191 -0.0048524777225109 4.0856126401489306
v -0.0251498799771070 0.0281917992979288 -0.0248187705874443
vn -4.9252297175938722 0.3396287327070918 3.8826960110686453
v -0.0255720596760511 0.0260403696447611 -0.0252392794936895
vn -4.5712283887158609 0.2003473185145428 4.3037389153909356
v -0.0244426708668470 0.0272976700216532 -0.0240215603262186
vn -4.3873309836543575 -0.1899642913673037 4.4914808367263532
v -0.0240168496966362 0.0293138604611158 -0.0235929396003485
vn -4.2487707805846062 0.0797632770109383 4.6260531147812642
v -0.0231960993260145 0.0284671708941460 -0.0228331591933966
vn -3.4372896073799359 -0.5812798092370324 5.2242873318178038
v -0.0200060606002808 0.0321973487734795 -0.0201782491058111
vn -3.6822658405363557 -0.1103229302190281 5.0872819751137461
v -0.0204277001321316 0.0305454693734646 -0.0205818992108107
vn -3.4187080869491688 -0.1409082667841210 5.2680355763038875
v -0.0189361497759819 0.0314584895968437 -0.0195334497839212
vn 0.0257984672373694 0.9310241621138873 6.2024958032327211
v 0.0000000000000000 0.0344226881861687 -0.0132257901132107
vn -0.5457640082052726 2.4987146904996380 5.7345269018696552
v -0.0020992748904973 0.0332806706428528 -0.0130016803741455
vn 0.0503466348371238 3.6013878166309197 5.1340955194660811
v 0.0000000000000000 0.0327902995049953 -0.0126160895451903
vn 0.0627949539582653 4.3781320449447341 4.4889625716740937
v 0.0000000000000000 0.0324532911181450 -0.0123378001153469
vn -0.5870297757148266 4.6073255403162499 4.2227514590438613
v -0.0022011990658939 0.0322628617286682 -0.0123008396476507
vn 0.0403386188561797 5.0450179235964496 3.7235169218771236
v 0.0000000000000000 0.0321570597589016 -0.0119990697130561
vn -0.5696393569186076 5.4257919240422314 3.1056803763474417
v -0.0022444119676948 0.0318949818611145 -0.0118016600608826
vn 0.0213328405696431 5.5743240712824784 2.8732810864652394
v 0.0000000000000000 0.0319128595292568 -0.0116044804453850
vn -0.5360662122752982 5.9486890659065867 1.9365531514238978
v -0.0022799370344728 0.0316269882023335 -0.0111980997025967
vn -0.4116400097158657 5.9973550098157471 -1.2098904643644015
v -0.0020021200180054 0.0314362607896328 -0.0096564292907715
vn -0.5141760701763284 5.9979156074227813 -1.2607926706171839
v -0.0021967880893499 0.0314175412058830 -0.0096655478700995
vn 0.0224164055477665 6.2443068927117098 0.6248797609187823
v 0.0000000000000000 0.0315634608268738 -0.0104362899437547
vn -0.5356419018273011 6.2547005202552253 0.1770360651256726
v -0.0023285739589483 0.0314049683511257 -0.0096717467531562
vn -0.9450180429615567 1.0898040554425275 6.1120178534601894
v -0.0039818282239139 0.0341056510806084 -0.0134731503203511
vn -1.3345630601707084 0.6396898187264262 6.1026050002377419
v -0.0058295130729675 0.0342089496552944 -0.0138433501124382
vn -1.4104999995355585 1.1391073856466227 6.0132943441121318
v -0.0059154029004276 0.0338121615350246 -0.0138021698221564
vn -1.0308995372073355 2.0189207746391755 5.8554886401739266
v -0.0040965080261230 0.0334048792719841 -0.0133129898458719
vn -1.5373846665635011 2.0693236024493267 5.7262081230783410
v -0.0060857529751956 0.0330808684229851 -0.0136480899527669
vn -1.1060810168452169 3.0644096028422281 5.3663641842795249
v -0.0042072529904544 0.0327900610864162 -0.0130583001300693
vn -1.1336364263385403 3.6031807995053651 5.0136623166990155
v -0.0042604198679328 0.0325163602828979 -0.0128944497555494
vn -1.1507806997585799 4.1291543896937508 4.5853808804037719
v -0.0043118000030518 0.0322660803794861 -0.0127053800970316
vn -1.1547835384029956 4.6217038115096889 4.0868846239049494
v -0.0043609729036689 0.0320397615432739 -0.0124903898686171
vn -1.0860499964431933 5.7091196121013148 2.3742220208137934
v -0.0044914479367435 0.0315122604370117 -0.0116804800927639
vn -1.6108362740877953 5.6697622592038917 2.1636427145190105
v -0.0066825738176703 0.0311006903648376 -0.0119690801948309
vn -1.0472603147276531 5.9162287626273748 1.8220943536010636
v -0.0045275678858161 0.0313887000083923 -0.0113548003137112
vn -1.5565170943371187 5.8572519118450517 1.6433879701871570
v -0.0067386617884040 0.0309726502746344 -0.0116254603490233
vn -1.4847637397203832 5.9904140864616267 1.1624453546437508
v -0.0067900409922004 0.0308719798922539 -0.0112542500719428
vn -1.6276365909628665 6.0647673656382315 0.0801180761234172
v -0.0078806867823005 0.0304982606321573 -0.0101084699854255
vn -0.4676572950098897 6.2119104287137503 0.7717865916327423
v -0.0023077719379216 0.0314627811312675 -0.0104883899912238
vn -1.0086400765810521 6.0581733058546954 1.3065062143596184
v -0.0045602321624756 0.0312916003167629 -0.0110023003071547
vn -0.5144230898112432 6.0994478597447852 1.4013294891495858
v -0.0022947189863771 0.0315315686166286 -0.0108565604314208
vn -0.5481524742433781 5.7271284106375129 2.5129780669109549
v -0.0022631878964603 0.0317481681704521 -0.0115130497142673
vn -1.1203424929890917 5.4245084531642220 2.9532435651735156
v -0.0044515128247440 0.0316621586680412 -0.0119785601273179
vn -1.1443365807420984 5.0594152400614956 3.5341898682131747
v -0.0044077029451728 0.0318382903933525 -0.0122483903542161
vn -0.5825736013220104 5.0562981007207215 3.6741213618027593
v -0.0022236099466681 0.0320667587220669 -0.0120640899986029
vn -0.5885002735206248 4.1110378190286596 4.7073747061389328
v -0.0021774170454592 0.0324829816818237 -0.0125125003978610
vn -0.5741356730297337 3.5818672238900273 5.1236824673967885
v -0.0021523830946535 0.0327263399958611 -0.0126994801685214
vn -1.0709101143219930 2.5322225325111640 5.6444539410843131
v -0.0041524758562446 0.0330864712595940 -0.0131976604461670
vn -0.5594788584258631 3.0332795547849729 5.4685415365851267
v -0.0021262760274112 0.0329923592507839 -0.0128623796626925
vn -0.9882611560291097 1.5358113897561463 6.0080438473765696
v -0.0040395250543952 0.0337448716163635 -0.0134046599268913
vn -0.5038958906480435 1.4975218203949956 6.0781490230982138
v -0.0020431280136108 0.0339217707514763 -0.0132108898833394
vn -0.4767817943254475 1.0630095355461340 6.1715208574310498
v -0.0020142788998783 0.0342735610902309 -0.0132814599201083
vn -0.8937573780885261 0.5917326114871579 6.1869775926984554
v -0.0039237728342414 0.0344868786633015 -0.0135189797729254
vn -0.4536294790324424 0.5500551196321216 6.2387700929922527
v -0.0019850730895996 0.0346455499529839 -0.0133299799636006
vn 0.0599921730384559 0.4227426807607695 6.2608163910765420
v 0.0000000000000000 0.0347102805972099 -0.0132456999272108
vn -1.7374153986582683 0.6926413094155438 5.9945672578150750
v -0.0077247610315681 0.0338290892541409 -0.0142820402979851
vn -1.4745679594426824 1.5866858096854757 5.8948802196844978
v -0.0060009951703250 0.0334358811378479 -0.0137372603639960
vn -1.5959433559239824 2.5791118888441460 5.4981670949243249
v -0.0061693191528320 0.0327478013932705 -0.0135339396074414
vn -1.9969570731726822 2.1196098561891015 5.5637733974164432
v -0.0080592632293701 0.0326378904283047 -0.0141006698831916
vn -2.0708130548460120 2.6226235430661413 5.3163596612303987
v -0.0081684580072761 0.0322847887873650 -0.0139880701899529
vn -1.6467778429615982 3.1038578136420849 5.2034558389179573
v -0.0062512750737369 0.0324374996125698 -0.0133944703266025
vn -1.6859641289296481 3.6330097380427260 4.8345455759882761
v -0.0063310861587524 0.0321505591273308 -0.0132289500907063
vn -1.7094746711619575 4.1490221512729457 4.3899160101855257
v -0.0064084520563483 0.0318881794810295 -0.0130364801734686
vn -1.7136827350643116 4.6309721913912405 3.8757228384506117
v -0.0064829578623176 0.0316509604454041 -0.0128156496211886
vn -2.2092642020593072 4.1560828709962863 4.1539182730844582
v -0.0084813833236694 0.0313714705407619 -0.0134831601753831
vn -1.6965790871042741 5.0562898629989199 3.3106687991228334
v -0.0065540671348572 0.0314400717616081 -0.0125648900866508
vn -1.6603687210486857 5.4054271295391310 2.7269188147063086
v -0.0066211218945682 0.0312563702464104 -0.0122828399762511
vn -2.1876535133546429 5.0330232776449302 3.0477585628991335
v -0.0086722970008850 0.0308956503868103 -0.0129916602745652
vn -2.0777704225546811 5.6055423812075258 1.9200504945793724
v -0.0088413348421454 0.0305377803742886 -0.0123578896746039
vn -1.4478060076851400 6.0746363089942577 0.6534086049853002
v -0.0068374271504581 0.0307980701327324 -0.0108578801155090
vn -0.9755566923749712 6.1591337225113714 0.7293511931578370
v -0.0045899148099124 0.0312209706753492 -0.0106235696002841
vn -2.5908362519998862 5.2868618630738027 2.1807698094882721
v -0.0108458902686834 0.0299972798675299 -0.0132037904113531
vn -2.1400296528692286 5.3628652192830177 2.4645319102180956
v -0.0087603917345405 0.0307014491409063 -0.0126929795369506
vn -2.6488132682558736 4.9792802135330740 2.7568143033029395
v -0.0107378903776407 0.0302050691097975 -0.0135236904025078
vn -2.6807756955052282 4.5910911346069145 3.3381590355597588
v -0.0106237502768636 0.0304452702403069 -0.0138015700504184
vn -2.2118742321909313 4.6241735794050722 3.6234630745176117
v -0.0085789561271667 0.0311194602400064 -0.0132544003427029
vn -2.6520129069148917 3.6600614088892147 4.3579289773817695
v -0.0103808604180813 0.0310164596885443 -0.0142440702766180
vn -2.1816639623468426 3.6547780172231228 4.6151522587610971
v -0.0083800554275513 0.0316505990922451 -0.0136803900822997
vn -2.1338847164322350 3.1388927612863768 5.0016925756241966
v -0.0082755675539374 0.0319553017616272 -0.0138483000919223
vn -2.5256859078240925 2.6605084831423351 5.0967239909790116
v -0.0101228896528482 0.0316977500915527 -0.0145557504147291
vn -2.4393768626369976 2.1670889237380613 5.3658994658116494
v -0.0099899172782898 0.0320761688053608 -0.0146667901426554
vn -1.9169430901094842 1.6400106511930841 5.7513204740964312
v -0.0079485774040222 0.0330135785043240 -0.0141866803169250
vn -1.8346995839848410 1.1925877524788813 5.8871581072657921
v -0.0078368782997131 0.0334109589457512 -0.0142468800768256
vn -2.1299649534069598 0.7495356470773530 5.8597482067853495
v -0.0095831751823425 0.0333475396037102 -0.0148317804560065
vn -1.6010187677357886 0.0726653201871591 6.0707043888593279
v -0.0075014820322394 0.0347234606742859 -0.0142799001187086
vn -1.2301638048148522 0.0269623085055286 6.1568366000506618
v -0.0056582088582218 0.0350608788430691 -0.0138565795496106
vn -2.9231908457266318 5.3754032582772817 1.4134983723811856
v -0.0129864802584052 0.0289627891033888 -0.0134101500734687
vn -2.4363141628275460 5.6754731470166782 1.1293525731678222
v -0.0110365701839328 0.0296812001615763 -0.0124430600553751
vn -3.0000397208766838 5.1769128119562087 1.9036309971166920
v -0.0128700695931911 0.0291495900601149 -0.0138044897466898
vn -2.5190929180907591 5.5067607080953653 1.6618395122689802
v -0.0109453704208136 0.0298231802880764 -0.0128416996449232
vn -2.6812468868314441 4.1426578956492701 3.8809431128142977
v -0.0105044804513454 0.0307163000106812 -0.0140405800193548
vn -3.0768198572496854 3.6401317828596573 4.0874504919546748
v -0.0123285604640841 0.0302531700581312 -0.0149087896570563
vn -3.0189486223697726 3.1634828982253307 4.5066665615826063
v -0.0121804401278496 0.0306081697344780 -0.0150841400027275
vn -2.5983423758214252 3.1622235277586408 4.7619724044539913
v -0.0102533595636487 0.0313440486788750 -0.0144151998683810
vn -2.6233531735528013 1.2942879139853150 5.5583999429215805
v -0.0115607902407646 0.0322897993028164 -0.0154629899188876
vn -2.3445863486904956 1.6931642357716954 5.5750777039291339
v -0.0098552098497748 0.0324781499803066 -0.0147491600364447
vn -2.2461858210663026 1.2479011903943151 5.7312703131380545
v -0.0097194314002991 0.0329023487865925 -0.0148038798943162
vn -2.4912478211618576 0.8010551594696624 5.7086543283041271
v -0.0114029003307223 0.0327674709260464 -0.0154829602688551
vn -1.8848397995308086 5.9484540167062168 0.6882646097375941
v -0.0090461960062385 0.0302195493131876 -0.0111729502677917
vn -2.7538146780413100 5.6445615410721697 0.0918649820803712
v -0.0136304404586554 0.0283982697874308 -0.0110662495717406
vn -2.5640717035425267 5.7331397656859542 0.1488703548730148
v -0.0134458504617214 0.0284798704087734 -0.0110299503430724
vn -2.7539758365561333 5.6268669747236508 0.4368164740230298
v -0.0132835498079658 0.0285982396453619 -0.0120223695412278
vn -2.3268952050353211 5.8053196006816581 0.5551644800208806
v -0.0111982803791761 0.0294842701405287 -0.0115642501041293
vn -2.1503183800855079 5.9005180624847240 0.1310796059909080
v -0.0107676899060607 0.0295839905738831 -0.0105335703119636
vn -3.7007791735520250 4.8944575866181967 1.3213520284645421
v -0.0167101603001356 0.0270452406257391 -0.0152277899906039
vn -1.9954357412923700 5.8000401039863263 1.3360657331430863
v -0.0089153638109565 0.0304037891328335 -0.0119898896664381
vn -1.7621627174526315 6.0248965253733999 0.2029859886292055
v -0.0091544380411506 0.0301240608096123 -0.0102840596809983
vn -3.2724969508405013 5.2289309368305030 1.1811707680111190
v -0.0149583797901869 0.0279625598341227 -0.0140514904633164
vn -3.4427700026566930 4.7707386534501186 2.1921322887985708
v -0.0146858599036932 0.0284071508795023 -0.0148576395586133
vn -3.4847339256673235 4.4289547198790968 2.7669146555240172
v -0.0145365502685308 0.0286901500076056 -0.0151754599064589
vn -3.8053287326532734 3.5139285009348225 3.5502125876984301
v -0.0160472895950079 0.0283564906567335 -0.0164945702999830
vn -3.3990204907605057 3.1377350518570752 4.2469155374048562
v -0.0140534602105618 0.0297521892935038 -0.0158435702323914
vn -3.5438363177683385 2.2033405147522847 4.6941174980778619
v -0.0154925500974059 0.0297175608575344 -0.0169389806687832
vn -3.4200545810644361 1.7679675734489435 4.9629027111821227
v -0.0153016997501254 0.0302286706864834 -0.0170109793543816
vn -3.2884844149133574 1.3497905760004514 5.1788742116058568
v -0.0151094701141119 0.0307643990963697 -0.0170479994267225
vn -3.1337416064788615 0.8770472472522733 5.3712467620730564
v -0.0149168903008103 0.0313220582902431 -0.0170516893267632
vn -2.9696395564839899 1.3283758060157169 5.3732401156589997
v -0.0133593603968620 0.0315764509141445 -0.0162139497697353
vn -2.6073863370209445 0.2181618955168456 5.7077391143668912
v -0.0128310900181532 0.0331791602075100 -0.0161622706800699
vn -3.9941573122362026 1.7390431617611730 4.5253901993190482
v -0.0186644699424505 0.0282145701348782 -0.0188992004841566
vn -4.2517956941459367 1.7075296784969369 4.2971122920250444
v -0.0202509704977274 0.0270543601363897 -0.0199291706085205
vn -4.3832617854290721 2.0750034642359507 3.9920708556130027
v -0.0204697791486979 0.0263950806111097 -0.0198567491024733
vn -4.3336612379916000 2.9118621634104667 3.4907606910396680
v -0.0192933604121208 0.0264905598014593 -0.0185555797070265
vn -4.3997117061574009 3.2816753459313852 3.0516422076387353
v -0.0194946508854628 0.0259858891367912 -0.0183472000062466
vn -4.6585346377923109 3.1339979553043178 2.8141040783240081
v -0.0211038496345282 0.0246269702911377 -0.0193457007408142
vn -4.6948260416663210 3.4553687492513165 2.3357242870055854
v -0.0213041901588440 0.0241215806454420 -0.0190639402717352
vn -4.4339229255662742 3.6345985969597123 2.5615102931396163
v -0.0196901503950357 0.0255221705883741 -0.0180847607553005
vn -3.1699437369033041 0.2971531102772227 5.4120915293586460
v -0.0161940995603800 0.0317251607775688 -0.0178459808230400
vn -3.6880037774974666 0.9194949096649497 4.9997446051956409
v -0.0182350799441338 0.0295035801827908 -0.0189190506935120
vn -3.8535279125254247 1.3564743069965697 4.7718200370569255
v -0.0184500794857740 0.0288474503904581 -0.0189284607768059
vn -3.7186804972864653 1.7605002207174509 4.7462329288193601
v -0.0170128904283047 0.0292724892497063 -0.0179234705865383
vn -3.8472415522249293 2.1761671278725276 4.4624713021317994
v -0.0172162596136332 0.0287158396095037 -0.0178530793637037
vn -4.1253682916725296 2.1321888948708843 4.2293943944846601
v -0.0188771393150091 0.0276083908975124 -0.0188289806246758
vn -3.9605733241600798 2.5962291352631830 4.1254731182115991
v -0.0174170695245266 0.0281878691166639 -0.0177427493035793
vn -4.2406127118280779 2.5269058218555602 3.8834094970019182
v -0.0190871898084879 0.0270325504243374 -0.0187152605503798
vn -4.1494135428402075 3.7910440811369108 2.7995394699271499
v -0.0179945807904005 0.0268049798905849 -0.0171470604836941
vn -4.4315781010909223 3.9558141201058428 2.0349987662445068
v -0.0198786798864603 0.0251042805612087 -0.0177579503506422
vn -4.1027015357024492 4.4343911185248679 1.7121865442509154
v -0.0183486901223660 0.0260851904749870 -0.0164726898074150
vn -3.4297631950633591 0.3345999591601722 5.2493405345693933
v -0.0178072992712259 0.0308717396110296 -0.0187943503260612
vn -3.9440299883037442 0.9340926241183600 4.7978417868828078
v -0.0198086500167847 0.0284533500671387 -0.0199441891163588
vn -4.1105299483473763 1.3476942392920055 4.5551070675276577
v -0.0200302600860596 0.0277418401092291 -0.0199573598802090
vn -4.6272530976135320 2.0067912114993502 3.7442266148993810
v -0.0219871904700994 0.0250752493739128 -0.0209266506135464
vn -4.4985505697207211 2.4406075337942639 3.6411951356123793
v -0.0206856708973646 0.0257679801434278 -0.0197373591363430
vn -4.5917640522295375 2.7949563121413528 3.2484371465403110
v -0.0208973791450262 0.0251772906631231 -0.0195680800825357
vn -4.1950741597181489 0.9475620003855679 4.5776440049369986
v -0.0213162805885077 0.0273071508854628 -0.0210193898528814
vn -4.3590467130283344 1.3342883504893157 4.3222209184990481
v -0.0215413495898247 0.0265365801751614 -0.0210338793694973
vn -4.6062535930736601 1.3193488964513844 4.0627739294357745
v -0.0229732897132635 0.0252299904823303 -0.0221487805247307
vn -4.4981715485101930 1.6687795792499955 4.0549179007310157
v -0.0217653494328260 0.0257910396903753 -0.0210039597004652
vn -4.7396700026500733 1.6241980797075646 3.7894662732034026
v -0.0231978800147772 0.0244230590760708 -0.0221141502261162
vn -4.7402461998390226 2.3409828705836992 3.3918623122321021
v -0.0222056508064270 0.0243938490748405 -0.0207986794412136
vn -4.9706188883885591 2.2307237678731564 3.1264570449861209
v -0.0236382391303778 0.0229094605892897 -0.0218889694660902
vn -4.8316654334958988 2.6626511186413619 3.0028721419570230
v -0.0224197506904602 0.0237516704946756 -0.0206168796867132
vn -5.4672879589257830 2.2058734576721832 2.1692486863057918
v -0.0264003798365593 0.0188024006783962 -0.0238723699003458
vn -5.4105070325538787 1.9756035499747098 2.5066697487177287
v -0.0261950399726629 0.0196110606193542 -0.0241131708025932
vn -3.4195921721713729 0.9016333981511957 5.1899084173533279
v -0.0166025701910257 0.0304594598710537 -0.0179522596299648
vn -3.5812573984886780 1.3582006218358309 4.9787904556159770
v -0.0168079696595669 0.0298546496778727 -0.0179557800292969
vn -3.6533760836558296 2.6466235280224826 4.3694014397671115
v -0.0156809594482183 0.0292335692793131 -0.0168300792574883
vn -3.7424554047913992 3.0866999029527191 3.9880529869969843
v -0.0158662702888250 0.0287789702415466 -0.0166826806962490
vn -4.0522269581321160 3.0100615122273862 3.7363893679196636
v -0.0176144801080227 0.0276913605630398 -0.0175902806222439
vn -4.1169037442660041 3.4092848976340600 3.2960042804409508
v -0.0178072992712259 0.0272293593734503 -0.0173931699246168
vn -3.8365498582244326 3.9232406779227498 3.0515973913859606
v -0.0162231903523207 0.0279684606939554 -0.0162621699273586
vn -4.1441960078492102 4.1408165705768072 2.2588853654578358
v -0.0181753598153591 0.0264222603291273 -0.0168433692306280
vn -3.8304894936652962 4.2990254826750416 2.5029944483407722
v -0.0163930002599955 0.0276184603571892 -0.0159785691648722
vn -3.7873020953164533 4.6168416251147590 1.9399731437440164
v -0.0165557805448771 0.0273095890879631 -0.0156360808759928
vn -3.6487852972236601 5.1144684145027259 0.0651031714123516
v -0.0185086708515882 0.0254746600985527 -0.0122752701863647
vn -3.7557964348370279 5.0315236188090742 0.0855162154297184
v -0.0188884697854519 0.0252086501568556 -0.0123804798349738
vn -5.1218492824318442 2.7857248034818793 2.3362405639652364
v -0.0240593496710062 0.0215652491897345 -0.0214315000921488
vn -4.8980530941443616 2.9679622689528444 2.5783154725491331
v -0.0226282402873039 0.0231533590704203 -0.0203774496912956
vn -3.5907092778860665 5.1034252085321299 0.6980464547590111
v -0.0169856492429972 0.0266507808119059 -0.0142291700467467
vn -3.9255108758234805 4.8698501045876652 0.5572344663078587
v -0.0188064500689507 0.0253708902746439 -0.0149285700172186
vn -3.8570028159121135 4.9543563896378142 0.1749822677984187
v -0.0190560799092054 0.0250979606062174 -0.0136911803856492
vn -3.5083698407579185 5.2035877670887905 0.2535707601536920
v -0.0172202493995428 0.0263995490968227 -0.0130967395380139
vn -4.6536159220750672 4.2121183128760933 -0.0625875992936371
v -0.0232395492494106 0.0212642494589090 -0.0137743903324008
vn -4.5071222573853165 4.3770928053004123 0.0728631189150894
v -0.0226324703544378 0.0218859892338514 -0.0135671403259039
vn -4.9165870540278833 3.7330440277574843 1.1549899758570621
v -0.0232092700898647 0.0216775499284267 -0.0192141495645046
vn -4.3245575982158808 4.4497675384258208 0.9576574326906196
v -0.0202301703393459 0.0244243703782558 -0.0168680492788553
vn -4.5367617744017235 4.3303858726207958 0.3351059554351841
v -0.0221673808991909 0.0224331598728895 -0.0164133906364441
vn -4.3746293029090468 4.5012521792423836 -0.1047956433897534
v -0.0218079593032598 0.0227301698178053 -0.0132859898731112
vn -4.2203087306763214 4.6545003753228738 0.0393675129975272
v -0.0210015699267387 0.0234592501074076 -0.0130269499495625
vn -4.9357132427908965 3.2563389443147113 2.1157399110558082
v -0.0228301808238029 0.0226040408015251 -0.0200733505189419
vn -4.9410394569713612 3.5171477124396882 1.6293324467258461
v -0.0230241995304823 0.0221099797636271 -0.0196907501667738
vn -4.6961735029306926 3.7471128141848480 1.8271237204027950
v -0.0214970707893372 0.0236662607640028 -0.0187110900878906
vn -4.3943872873111989 4.2243676341039702 1.5087630083124874
v -0.0200591608881950 0.0247367601841688 -0.0173557903617620
vn -4.6646417149202941 3.9906012088275951 1.3242776111869403
v -0.0216814801096916 0.0232668500393629 -0.0182734709233046
vn -4.0250543598275739 4.6842559970724773 1.1251409923669469
v -0.0185129605233669 0.0257975999265909 -0.0160267893224955
vn -4.2399573229679497 4.6124348353371127 0.4367427666163485
v -0.0205357596278191 0.0239637400954962 -0.0156605802476406
vn -4.1884582532373331 4.6795385729595989 0.1054892198884952
v -0.0207945704460144 0.0236687604337931 -0.0143085699528456
vn -4.0665547884485154 4.7862403148662747 0.0299060220146337
v -0.0204231701791286 0.0239820405840874 -0.0128411604091525
vn -4.7905449637818034 4.0597329779211924 0.0452068192300860
v -0.0239532496780157 0.0204474907368422 -0.0155678903684020
vn -5.4847296377767369 3.0638301070837768 -0.0309864533099985
v -0.0272684600204229 0.0157436691224575 -0.0153026496991515
vn -5.3104468234308850 3.3506170719896113 -0.0334742545835401
v -0.0266420803964138 0.0167759601026773 -0.0167852006852627
vn -5.2625326766084459 3.4325160029517656 -0.0115099769424134
v -0.0268099904060364 0.0165176894515753 -0.0151178799569607
vn -5.0646298387798181 3.7119305850545863 0.0018024705905300
v -0.0253600403666496 0.0186652503907681 -0.0161872506141663
vn -5.0273834648727043 3.7679596300651328 0.0291667415770339
v -0.0255447607487440 0.0184102002531290 -0.0146231595426798
vn -5.3119590388849982 3.3501685632095928 0.0766144682768574
v -0.0264070592820644 0.0171386506408453 -0.0186816994100809
vn -5.3218965361612600 3.3274072733852544 0.2428274748717261
v -0.0262681804597378 0.0173987708985806 -0.0195949599146843
vn -4.8685254229676502 3.9073488695874969 0.6828257086440392
v -0.0233839694410563 0.0213128905743361 -0.0186303798109293
vn -4.6052309498710216 4.1906112443741392 0.8117809799301720
v -0.0218559503555298 0.0229286495596170 -0.0177398901432753
vn -4.5103233569931964 4.3700748381736023 0.0598047566929856
v -0.0224291607737541 0.0221169497817755 -0.0149379903450608
vn -4.7587109758007982 4.1024526662601888 0.0070838493249965
v -0.0241476800292730 0.0201997701078653 -0.0141024496406317
vn -3.6131705514472072 5.1399183373922614 0.0450652430836931
v -0.0174174904823303 0.0262393895536661 -0.0119732003659010
vn -3.4402211767024089 5.2543764336676908 0.0609540945755266
v -0.0172463003546000 0.0263592600822449 -0.0119257504120469
vn -3.1393397677067552 5.4288188530596102 0.3430507738669949
v -0.0152936503291130 0.0275682806968689 -0.0125367604196072
vn -3.2045441711177509 5.3443361801414451 0.7811261676839807
v -0.0150792002677917 0.0277991797775030 -0.0135740600526333
vn -2.8398621830765984 5.5218546168006553 0.9366671610972461
v -0.0130934696644545 0.0288108494132757 -0.0129749700427055
vn -3.3738824555261515 5.0334271232708945 1.6465580649441334
v -0.0148273697122931 0.0281640794128180 -0.0144830895587802
vn -3.0652973258578133 4.8921343244903852 2.4667236004077302
v -0.0127441799268126 0.0293736997991800 -0.0141496602445841
vn -3.1033829344360613 4.5267035039781423 3.0478194845905988
v -0.0126111498102546 0.0296337604522705 -0.0144459595903754
vn -3.1068640897084205 4.1007301602034616 3.5982714259297719
v -0.0124723901972175 0.0299276690930128 -0.0146974902600050
vn -3.4902541284165882 4.0272617018771513 3.3194854905776277
v -0.0143808703869581 0.0290104690939188 -0.0154417697340250
vn -3.4597803713837916 3.5913433180841534 3.8158244512168937
v -0.0142195802181959 0.0293653607368469 -0.0156626701354980
vn -3.3137437710574429 2.6744933797552877 4.6159299120635193
v -0.0138836503028870 0.0301686506718397 -0.0159875694662333
vn -3.2095575417126705 2.2115187451634459 4.9248160887697869
v -0.0137106701731682 0.0306129995733500 -0.0160963498055935
vn -2.9389807856715677 2.6793195079702450 4.8601452887538885
v -0.0120288701727986 0.0309909507632256 -0.0152260595932603
vn -2.8425721583544594 2.1991449417110713 5.1504201478495624
v -0.0118744904175401 0.0313999615609646 -0.0153356697410345
vn -3.0928990963998606 1.7594552569291078 5.1757931345093908
v -0.0135356700047851 0.0310828592628241 -0.0161713901907206
vn -2.7354668534721824 1.7344127349610472 5.3811991988812986
v -0.0117181502282619 0.0318334586918354 -0.0154142901301384
vn -2.8246005159453667 0.8435809150950369 5.5451064470042875
v -0.0131825795397162 0.0320917889475822 -0.0162256900221109
vn -2.2971392127732218 0.1732383215680797 5.8408872606360154
v -0.0110887801274657 0.0337800905108452 -0.0154415899887681
vn -4.2765945397157212 -2.1893952418170342 4.0451380063711513
v -0.0245407801121473 0.0377811715006828 -0.0217864494770765
vn -5.0561775257713899 -1.3119328545718498 3.4907033975997894
v -0.0254765693098307 0.0360339805483818 -0.0237783696502447
vn -4.8498522007987575 -1.3609571915062457 3.7539243308885584
v -0.0252038799226284 0.0353241488337517 -0.0236696600914001
vn -4.7779010756733253 -1.6068419656393291 3.7489848745994698
v -0.0250825807452202 0.0363945886492729 -0.0230913702398539
vn -5.2607543664683645 -0.6727190053117498 3.3668098606437900
v -0.0258841495960951 0.0327090583741665 -0.0253589693456888
vn -5.3092716075874691 -0.3913022140289337 3.3360233256785095
v -0.0260445401072502 0.0315782986581326 -0.0257946792989969
vn -4.3752582398578035 -1.9149544629526951 4.0780245047552226
v -0.0246454402804375 0.0367443487048149 -0.0224160496145487
vn -4.1997993207650977 -1.4459211488646384 4.4374167448591315
v -0.0240511801093817 0.0344159007072449 -0.0227351691573858
vn -4.7362392358801255 -0.8645034834207975 4.0328619922834950
v -0.0252076908946037 0.0325197502970695 -0.0244709793478251
vn -4.8289297966439282 -0.6090615537464859 3.9691174302598258
v -0.0253781601786613 0.0314383506774902 -0.0248716399073601
vn -4.5216739072744296 -0.6185484918126454 4.3123900049279680
v -0.0245601497590542 0.0313489995896816 -0.0239547397941351
vn -4.9165059532414901 -0.3722286963765590 3.8899341559877634
v -0.0255582891404629 0.0303447805345058 -0.0252288505434990
vn -5.0762306243992130 -0.6233109527138215 3.6480406651412238
v -0.0256477501243353 0.0320559702813625 -0.0251289606094360
vn -5.4266345504503661 0.0031461252981419 3.1650827847093348
v -0.0263953804969788 0.0292761903256178 -0.0265327598899603
vn -5.8984362663712497 -0.5882745542700615 2.0761006747475559
v -0.0262591801583767 0.0360651016235352 -0.0252910796552896
vn -6.2237346161354550 0.5734809055872804 0.5759806474655570
v -0.0271191000938416 0.0303018596023321 -0.0287733599543571
vn -6.2198036024666523 0.7308587746608594 0.4016364287424215
v -0.0274533592164516 0.0276954695582390 -0.0295155607163906
vn -6.2080654853931767 0.8739215200130753 -0.2695070098945493
v -0.0275352001190186 0.0271133705973625 -0.0301675703376532
vn -5.3856563494065579 0.3064919101700344 3.2198722308015597
v -0.0265832506120205 0.0263630691915751 -0.0267077591270208
vn -5.0257598299069164 -0.1030955896478772 3.7658354362504531
v -0.0257468800991774 0.0292388703674078 -0.0255457703024149
vn -5.8390274440486989 0.7052284590832343 2.2036321358258202
v -0.0277385693043470 0.0225401502102613 -0.0283409897238016
vn -5.1278880794591952 0.1753487178091319 3.6234643136656972
v -0.0261448603123426 0.0269911792129278 -0.0260734502226114
vn -5.5911828193047928 0.4171727608180076 2.8331750851555664
v -0.0269784908741713 0.0257173702120781 -0.0273442808538675
vn -5.6619653384013606 0.6111994313003470 2.6504059205550883
v -0.0273914895951748 0.0232778694480658 -0.0277207400649786
vn -5.6545731134634645 0.7372366502274614 2.6298184333460153
v -0.0276017691940069 0.0220427494496107 -0.0278572998940945
vn -5.4766546478514000 0.5118264498081286 3.0346872833000980
v -0.0269985701888800 0.0239975992590189 -0.0270987693220377
vn -5.7108377392126943 0.8158043537305821 2.4809719876340437
v -0.0278129503130913 0.0208064895123243 -0.0279532596468925
vn -5.5034978531355963 0.9235643633951294 2.8763276666242432
v -0.0272057000547647 0.0212282501161098 -0.0268090907484293
vn -5.4315146498401630 0.7726345370649180 3.0508820848385221
v -0.0269906502217054 0.0223797503858805 -0.0267404895275831
vn -5.1973619555831680 0.8624976085016586 3.4191311291092532
v -0.0262256804853678 0.0227926895022392 -0.0256075803190470
vn -5.1107326929111636 0.6720421188921082 3.5893143696132661
v -0.0260066892951727 0.0238695703446865 -0.0255253892391920
vn -5.3417243140958126 0.5806421917857357 3.2496887449836342
v -0.0267758890986443 0.0235393606126308 -0.0266280695796013
vn -5.2858716291169721 1.0684795793999964 3.2194833979254875
v -0.0264442507177591 0.0217317901551723 -0.0256429892033339
vn -5.8109661310061425 1.0437229639335390 2.1425333021161141
v -0.0282335802912712 0.0183671694248915 -0.0280030891299248
vn -5.7508765622529321 0.9732687549014694 2.3297118552588998
v -0.0280239507555962 0.0195780899375677 -0.0280036907643080
vn -5.9763206492750882 1.0130755490855872 1.6481934181301958
v -0.0285738706588745 0.0174738708883524 -0.0285817906260490
vn -5.9053802481691067 0.8817204120809277 1.9500639273083800
v -0.0281570497900248 0.0199907999485731 -0.0285544898360968
vn -6.0775326655047053 1.0169107811834550 1.2136422379348017
v -0.0288665797561407 0.0165603701025248 -0.0291513800621033
vn -6.1450572136106487 0.7907509539096800 -0.9570557287280097
v -0.0295176506042480 0.0127621795982122 -0.0313189588487148
vn -6.1894219036560916 0.8751250856203850 0.5638464021095970
v -0.0284782592207193 0.0202366691082716 -0.0301740691065788
vn -6.0682200082795914 0.5875762980108372 1.5028090450064320
v -0.0274846497923136 0.0262860003858805 -0.0287922602146864
vn -5.9109002701822124 0.4425270032086823 2.0764192787353797
v -0.0272351503372192 0.0269054695963860 -0.0281418506056070
vn -5.6173631510286803 -0.0517075145410593 2.8101158654094189
v -0.0265661403536797 0.0299107991158962 -0.0268505793064833
vn -5.3842162761861863 -0.2381525191085201 3.2275087871446266
v -0.0262153707444668 0.0304342508316040 -0.0261855702847242
vn -6.2052418672466452 0.9593513334520282 0.0315072946751917
v -0.0296940803527832 0.0120642697438598 -0.0299713592976332
vn -6.0928573756484870 -0.2445924703404821 1.5041290880800351
v -0.0264508705586195 0.0357005000114441 -0.0260156895965338
vn -6.1231974689764401 0.0691056687671373 1.3933480614537275
v -0.0266886893659830 0.0332808382809162 -0.0271470490843058
vn -6.2235542008184597 0.3607679755557584 0.7385149321653567
v -0.0268276892602444 0.0328415594995022 -0.0278480593115091
vn -5.8358560711178162 0.8971344301804798 -2.1017454955020067
v -0.0280862990766764 0.0189099907875061 -0.0336925908923149
vn -5.3310286595223575 0.1708911837045092 -3.2809577019414804
v -0.0283869504928589 0.0059285159222782 -0.0359405800700188
vn -5.2478495021502019 0.4088162977195691 -3.3951045710232890
v -0.0279580894857645 0.0094774961471558 -0.0363037511706352
vn -6.0450119053040403 1.0497367592921925 -1.3352674274053182
v -0.0265711508691311 0.0338993594050407 -0.0296798907220364
vn -5.5213577637802640 1.2373671434649276 -2.6825078369658382
v -0.0265538599342108 0.0271883606910706 -0.0337569713592529
vn -5.1067585635384862 1.2931770660204336 -3.3866920941227172
v -0.0259428601711988 0.0263882800936699 -0.0351582691073418
vn -5.1234372882986161 1.1200672938300622 -3.4238197678376321
v -0.0262956600636244 0.0232241693884134 -0.0357459709048271
vn -4.7002803499393409 1.0976813405901031 -3.9965846545775769
v -0.0255178809165955 0.0223017893731594 -0.0370422005653381
vn -4.7374704076140297 0.8918836689469675 -4.0053986504568213
v -0.0259141903370619 0.0189009904861450 -0.0374143682420254
vn -4.3411798930617014 0.8299200463839569 -4.4477294541139987
v -0.0249869804829359 0.0178755503147840 -0.0386114716529846
vn -4.0193783437417032 0.5395282002430526 -4.7849774068186761
v -0.0243550501763821 0.0131099801510572 -0.0398837886750698
vn -3.8442694690687129 -0.0487540235718404 -4.9535011634952308
v -0.0240872502326965 0.0038374660070986 -0.0405983887612820
vn -3.6723873654537611 -0.4610774511703843 -5.0601549307271725
v -0.0232442002743483 -0.0017029040027410 -0.0409475490450859
vn -6.2448038882453965 0.6277458511603831 0.0578196904106850
v -0.0269081499427557 0.0323952995240688 -0.0285446606576443
vn -6.1761521558360002 0.9136776471177529 -0.6634349889323125
v -0.0272225700318813 0.0292941909283400 -0.0301310997456312
vn -6.0450114032993207 1.0248053357355082 -1.3259916113888539
v -0.0275292899459600 0.0260219499468803 -0.0315125510096550
vn -5.5324897161312343 0.9800441783991231 -2.7678435101428081
v -0.0272796694189310 0.0209906604140997 -0.0347991511225700
vn -5.1698563017343773 0.7783374895618811 -3.4521071372861227
v -0.0270963907241821 0.0165582802146673 -0.0363686606287956
vn -5.1984784623763449 0.6065839490436200 -3.4431943457216589
v -0.0275245904922485 0.0130561497062445 -0.0364286787807941
vn -4.8915105245951782 0.2781633334612355 -3.9066314759934571
v -0.0272179804742336 0.0080006122589111 -0.0374623499810696
vn -5.1348963575700726 -1.1347528025927964 3.4363362408536018
v -0.0255989991128445 0.0349357686936855 -0.0243513491004705
vn -5.2964440933538457 -1.3408996596218925 3.0984668407770943
v -0.0257159397006035 0.0367799885571003 -0.0238618794828653
vn -5.7897855951225683 -0.1568922241656907 2.4306746189313757
v -0.0265355706214905 0.0317764803767204 -0.0267186705023050
vn -5.7155419198731394 -0.5373862117437422 2.5490632626972278
v -0.0262476801872253 0.0341248512268066 -0.0257383491843939
vn -6.2146402117682733 0.8314738989645507 0.2314720145917523
v -0.0278210602700710 0.0250155907124281 -0.0300814490765333
vn -6.2102616245004132 0.8839349845957951 0.0736996048969319
v -0.0282126609236002 0.0222615506500006 -0.0304921790957451
vn -6.1501112681792538 0.9086232132585882 -0.7918587042575372
v -0.0287005901336670 0.0186259709298611 -0.0313426814973354
vn -6.0299925882182066 0.8589149615155452 -1.4789423855714778
v -0.0286994501948357 0.0170903801918030 -0.0325411483645439
vn -5.6338434322444124 0.3424927966521664 -2.7136100294193373
v -0.0289470497518778 0.0075619812123477 -0.0347764417529106
vn -5.7793813460503287 -0.0088187600050090 -2.4334274909974196
v -0.0295466706156731 0.0027890799101442 -0.0337647683918476
vn -5.3243516293244175 1.7542093674510002 2.8345593455139531
v -0.0259838700294495 0.0204696003347635 -0.0242878701537848
vn -5.5522341141493303 1.6485846826599548 2.4309508330625063
v -0.0270859003067017 0.0187208596616983 -0.0254219695925713
vn -5.7651531947036032 1.5412438869135909 1.9578475660391130
v -0.0280447602272034 0.0168720409274101 -0.0265439692884684
vn -6.0394961479030833 0.9065352925371832 1.4649335209755552
v -0.0284531693905592 0.0191556792706251 -0.0291484501212835
vn -6.1590056195128353 1.0014892737856071 0.7066190098975959
v -0.0291090607643127 0.0156313702464104 -0.0297122001647949
vn -5.6475311308110152 1.2316399257896444 2.4531539828226054
v -0.0276317503303289 0.0189833007752895 -0.0267942491918802
vn -5.5765272925584837 1.0777634440061610 2.6764368283526254
v -0.0274197999387980 0.0200932603329420 -0.0268287006765604
vn -5.3810406846127199 1.2652482508666607 2.9822861576934958
v -0.0266612693667412 0.0206944905221462 -0.0256269499659538
vn -5.1151394939902435 1.2869241571310357 3.4117210118047887
v -0.0255489908158779 0.0223085805773735 -0.0244562607258558
vn -4.9808256109062627 0.9925063305740327 3.6963845257770958
v -0.0253275595605373 0.0232753697782755 -0.0244584605097771
vn -5.6357677665213908 1.8731955388030621 2.0442370640806704
v -0.0272910501807928 0.0177999697625637 -0.0252236705273390
vn -5.8884900423731414 1.8514176903352140 1.1602067684265078
v -0.0286191701889038 0.0141038801521063 -0.0256384592503309
vn -6.1763144939753474 1.0531530196165120 0.4429618060903258
v -0.0295068603008986 0.0130758797749877 -0.0294496994465590
vn -5.7839180343837233 0.5265250328232710 2.3922266123004245
v -0.0273276492953300 0.0250548701733351 -0.0279811006039381
vn -6.1159192867194774 0.8333357529213642 1.1472267902087416
v -0.0282845403999090 0.0210135504603386 -0.0295665804296732
vn -5.9966109449819855 0.7764277974713160 1.6951200026046673
v -0.0280372500419617 0.0217838808894157 -0.0289561692625284
vn -6.1390442477483917 0.9189617497369549 0.9438747782883072
v -0.0286985002458096 0.0183055903762579 -0.0297356806695461
vn -6.1974133153942939 0.9166995493891038 0.3905841063798183
v -0.0288904905319214 0.0174486003816128 -0.0303182601928711
vn -6.2028580647825464 0.9458590395776054 0.2071765032746883
v -0.0292988996952772 0.0146949803456664 -0.0302664600312710
vn -6.2028697120933280 0.8803110063474376 -0.3425904629307974
v -0.0294372998178005 0.0137342801317573 -0.0308007001876831
vn -6.2030277992309104 0.8410714071550600 -0.4608305224852938
v -0.0298306904733181 0.0110285803675652 -0.0304716806858778
vn -5.3014437301223278 0.0576776525494045 3.3698624281375555
v -0.0261867605149746 0.0286794900894165 -0.0261902809143066
vn -5.5051596581614737 0.1623411788604116 3.0217871192463512
v -0.0265832506120205 0.0281038805842400 -0.0268392506986856
vn -5.7177340778496148 0.2937093660702156 2.5846358157380531
v -0.0269336700439453 0.0275127794593573 -0.0274907890707254
vn -5.9554743835965080 0.6330101065777582 1.8892071479501316
v -0.0276280604302883 0.0243749599903822 -0.0286151692271233
vn -6.0928215050298142 0.7317016350661276 1.3262420662995202
v -0.0278768502175808 0.0236817505210638 -0.0292465593665838
vn -6.2048708199070193 0.8993075335629637 -0.2127245936901037
v -0.0290302000939846 0.0165676400065422 -0.0308822896331549
vn -6.1546816477884079 0.7020812744928770 -0.9745483251617687
v -0.0299100801348686 0.0099814534187317 -0.0309547707438469
vn -6.0674877449765523 0.5185618976251425 -1.4871404701731679
v -0.0299124699085951 0.0079719424247742 -0.0319550596177578
vn -6.2055244163290793 0.9196223152724061 -0.0830724234016085
v -0.0300665404647589 0.0096453418955207 -0.0293855592608452
vn -6.0923508859062219 1.1551877869283769 0.9904805087994991
v -0.0292679592967033 0.0140795698389411 -0.0289196893572807
vn -6.0684272601764935 1.1098639063778695 1.1707199616367214
v -0.0290693603456020 0.0153005700558424 -0.0290676895529032
vn -5.8800404176599432 1.1489565039269574 1.8790314190242359
v -0.0284405890852213 0.0171828791499138 -0.0279460493475199
vn -5.9442732507885623 1.3113841199001612 1.5391339858055844
v -0.0286439005285501 0.0160345993936062 -0.0278274994343519
vn -5.4710346100909790 1.4601388189885913 2.7182195508603124
v -0.0268755499273539 0.0196882393211126 -0.0255547706037760
vn -5.2245026716243146 1.5227007337928391 3.1379794330406012
v -0.0257681608200073 0.0213710591197014 -0.0244007706642151
vn -6.2342611287374012 0.7194868962064729 -0.1471132225847396
v -0.0312545783817768 0.0036434528883547 -0.0193703696131706
vn -6.2415835229858549 0.7210881194234828 -0.0259193708368860
v -0.0312831886112690 0.0035467140842229 -0.0170271899551153
vn -6.1811140005784946 1.1273386028255334 -0.0091099372085908
v -0.0309360604733229 0.0058440561406314 -0.0168715696781874
vn -5.6371005430335348 -0.9405637072947453 2.6060267325772868
v -0.0260135494172573 0.0364263616502285 -0.0245729591697454
vn -5.9990400110854383 0.1006005705670763 1.8557505588177592
v -0.0267844703048468 0.0312935709953308 -0.0274037700146437
vn -5.9523369129876569 -0.2272611437194623 1.9910146227872831
v -0.0264952704310417 0.0337047502398491 -0.0264401994645596
vn -6.1457064350169226 0.3414803771972358 1.2435252968389225
v -0.0269789602607489 0.0308063607662916 -0.0280926804989576
vn -6.1614571090321579 0.5598832402597538 1.0704777575193531
v -0.0273124501109123 0.0282687507569790 -0.0288556795567274
vn -6.1855789587251016 0.9005450587277952 -0.4964604854645916
v -0.0279030706733465 0.0243605896830559 -0.0307101607322693
vn -6.1601314102269109 0.9355188939039417 -0.6736588769969606
v -0.0282946806401014 0.0215302705764771 -0.0310963895171881
vn -6.0373269128391689 0.9281344877827649 -1.4043375426121916
v -0.0282920505851507 0.0201503597199917 -0.0323479697108269
vn -5.8365687630943865 0.7910590886647575 -2.1417911195429173
v -0.0284983497112989 0.0157000999897718 -0.0338374897837639
vn -5.8476040677667411 0.6626359247274632 -2.1539597283456438
v -0.0289153996855021 0.0124306604266167 -0.0338128805160522
vn -5.5818005731266558 0.5415346624294257 -2.7894575114037825
v -0.0285274907946587 0.0109543800354004 -0.0350815616548061
vn -6.2266281601724431 0.7766341799355809 -0.1058469368310657
v -0.0272004008293152 0.0297894403338432 -0.0294479709118605
vn -6.1503955154452967 0.9658765611213714 -0.8167317224262931
v -0.0275576692074537 0.0265500508248806 -0.0308281704783440
vn -6.0488169101191671 0.9735578016052389 -1.3185523133172978
v -0.0278988406062126 0.0231287404894829 -0.0320102497935295
vn -5.8387378557784153 0.9902840721789731 -2.0494560974839029
v -0.0276885591447353 0.0220286808907986 -0.0333970710635185
vn -5.5543981838854792 0.7064641615126088 -2.8086101608067602
v -0.0281032901257277 0.0143792601302266 -0.0351580902934074
vn -5.5415951352341617 0.8473096411970735 -2.7951241684167876
v -0.0276840906590223 0.0177358891814947 -0.0350573584437370
vn -5.0048220670068817 0.0073934737656412 -3.7664946185038866
v -0.0276569705456495 0.0042979707941413 -0.0370459482073784
vn -4.8291053577179017 -0.4435372146125142 -3.9711442400693340
v -0.0272005703300238 -0.0009879790013656 -0.0373137481510639
vn -4.6772879562331138 -0.1400638756618136 -4.1663346532244114
v -0.0267666503787041 0.0027030699420720 -0.0381003618240356
vn -6.2297463021133188 0.6842735531272450 -0.3803034851529462
v -0.0266891699284315 0.0345680713653564 -0.0281804800033569
vn -6.2027295837773915 0.8234027552662142 -0.5194140284600810
v -0.0269298497587442 0.0319643616676331 -0.0292494799941778
vn -6.0648430921948835 1.0335759394442199 -1.2233302395011039
v -0.0271928906440735 0.0288310591131449 -0.0308358594775200
vn -6.1042479715044324 0.9670013458684263 -1.0831489427887659
v -0.0268990900367498 0.0315620787441730 -0.0299736801534891
vn -5.8433709176838322 1.0749853251314112 -1.9899114749206113
v -0.0273148994892836 0.0250528994947672 -0.0329367518424988
vn -5.8537024774418942 1.1420058545406102 -1.9193649768948646
v -0.0269745495170355 0.0279839001595974 -0.0322941504418850
vn -5.5241081528008591 1.1129631376981897 -2.7320286229570696
v -0.0268996898084879 0.0241407696157694 -0.0343709513545036
vn -4.8204183518300292 0.5022641057651221 -3.9747347550101839
v -0.0267744008451700 0.0117308404296637 -0.0376308485865593
vn -4.4514412797668790 0.4030637536060968 -4.3978803622583680
v -0.0258649494498968 0.0104338498786092 -0.0387707911431789
vn -4.5401885637292256 0.1583226674467454 -4.3192288915642694
v -0.0263180695474148 0.0065556759946048 -0.0385640785098076
vn -4.3477725915074625 -0.2727461880293891 -4.5040321419019680
v -0.0257265493273735 0.0011684889905155 -0.0391071997582912
vn -5.8292126391612982 -2.3447868995869281 0.0141263701557759
v -0.0288884602487087 -0.0123818498104811 -0.0171249508857727
vn -5.9122291998886345 2.1103745841460246 -0.1077377711811409
v -0.0296580698341131 0.0105341598391533 -0.0183455906808376
vn -5.9025026541750947 2.1424108906095687 -0.0611593194001423
v -0.0294866506010294 0.0108899399638176 -0.0207259599119425
vn -6.0538726272739458 1.6585656425862152 -0.1210437706898004
v -0.0303583703935146 0.0082929730415344 -0.0187566801905632
vn -6.1590970707240800 1.2083099595228657 -0.1367219320455860
v -0.0308930799365044 0.0059905638918281 -0.0190998893231153
vn -6.2697787059482337 0.2602015604340039 -0.1468768156206161
v -0.0314374491572380 0.0012615319574252 -0.0195607505738735
vn -6.2669777249830947 0.2779201625525248 -0.2348652346399542
v -0.0313289687037468 0.0014965529553592 -0.0226416494697332
vn -6.2697857761509068 -0.2394115754456364 -0.1330714772607930
v -0.0314408503472805 -0.0011082879500464 -0.0197000503540039
vn -6.1635159416526859 -1.1677578024452884 -0.1489627859769805
v -0.0309333801269531 -0.0057325358502567 -0.0200262591242790
vn -6.2349409681246257 -0.6504955999933579 -0.3082593065535292
v -0.0311645790934563 -0.0032248490024358 -0.0233469605445862
vn -6.0735099332100564 -1.5686300475784207 -0.1388852293785405
v -0.0304223801940680 -0.0080018630251288 -0.0201888605952263
vn -5.7741728193074389 -2.4136495767304051 -0.4513360021616026
v -0.0287802796810865 -0.0121651804074645 -0.0248342696577311
vn -5.5750521581844286 -2.8351188296740339 -0.5090795383645214
v -0.0277782604098320 -0.0142673803493381 -0.0251772906631231
vn -5.8255919683565658 -2.3538682196612104 -0.0100877103066713
v -0.0297609493136406 -0.0102222496643662 -0.0171249508857727
vn -5.9254762224260062 -2.0563268173761617 -0.1665455133545052
v -0.0297448597848415 -0.0102344695478678 -0.0203437805175781
vn -5.9578587703674248 -1.9474158200222453 -0.0067310527746567
v -0.0299582406878471 -0.0097340336069465 -0.0171249508857727
vn -6.1000741905354730 -1.5054350717718676 0.0161477922028844
v -0.0303938891738653 -0.0079867243766785 -0.0171249508857727
vn -5.0953339218512363 -3.6184627610737481 -0.5596732431284988
v -0.0253264904022217 -0.0182172004133463 -0.0258226897567511
vn -5.3489011144455301 -3.2364972327786776 -0.5367293189249198
v -0.0266248509287834 -0.0162875000387430 -0.0255081001669168
vn -5.3481028675527273 -3.1667151886171148 -0.8422838923768325
v -0.0265308599919081 -0.0159510895609856 -0.0278995595872402
vn -5.5718775128907643 -2.7714541285075383 -0.7889353642394038
v -0.0276857595890760 -0.0139411604031920 -0.0274720694869757
vn -5.7672342307483149 -2.3588005168191213 -0.7308408238972336
v -0.0286897998303175 -0.0118488604202867 -0.0270282607525587
vn -5.9349062592535446 -1.9949844016199667 -0.4128227450656908
v -0.0296241603791714 -0.0099906921386719 -0.0244822502136230
vn -5.9311042461566776 -1.9355125591401268 -0.6690598559001938
v -0.0295360591262579 -0.0096837868914008 -0.0265720393508673
vn -6.0619673945816999 -1.5068431451608895 -0.6037462604545576
v -0.0302199702709913 -0.0074661970138550 -0.0261006895452738
vn -6.0666614712209785 -1.5598616667651786 -0.3816327199196313
v -0.0303055606782436 -0.0077629080042243 -0.0241186600178480
vn -6.1666753550675697 -1.1138503655137852 -0.3465268395725983
v -0.0308204796165228 -0.0055046668276191 -0.0237384997308254
vn -6.1615793392299354 -1.0676267899331380 -0.5334222025148710
v -0.0307371597737074 -0.0052210087887943 -0.0256081800907850
vn -6.2687949247137809 -0.1869952962649571 -0.2719670199160357
v -0.0313330814242363 -0.0008996370015666 -0.0229734703898430
vn -6.2627570404225503 0.3041766668566132 -0.3107161582488552
v -0.0312486793845892 0.0017580980202183 -0.0241814795881510
vn -6.2287438886586344 0.7596515455101870 -0.1916415550186952
v -0.0311385896056890 0.0039217472076416 -0.0222748499363661
vn -6.1535775073071282 1.2376208627423826 -0.1471847767996244
v -0.0307629704475403 0.0063017602078617 -0.0218265000730753
vn -6.0406609805174423 1.7152214945249480 -0.0639095045124753
v -0.0301094595342875 0.0089115500450134 -0.0225652996450663
vn -6.0440169670081811 1.6988475075880252 -0.1039535569277791
v -0.0302090607583523 0.0086307516321540 -0.0213086009025574
vn -5.9002864418997589 2.1514061469545203 0.0134525320522470
v -0.0293768607079983 0.0111702596768737 -0.0218918900936842
vn -5.7318630206953998 2.5661038255258179 0.0894945925539224
v -0.0284847598522902 0.0133444601669908 -0.0211658403277397
vn -4.5048070493364847 -4.3254083533499283 -0.5945060407297216
v -0.0223259907215834 -0.0217660591006279 -0.0263957902789116
vn -5.0727483541379685 -3.6922695156716050 -0.1305585401214090
v -0.0254577901214361 -0.0184822604060173 -0.0209173504263163
vn -5.0898596283980675 -3.6569546684438943 -0.3305920667569926
v -0.0254016499966383 -0.0184059701859951 -0.0233082696795464
vn -5.1961574798821513 -3.5060852156984392 0.0024118934681060
v -0.0261147003620863 -0.0176145993173122 -0.0171249508857727
vn -4.8146502240185924 -3.9809553773507425 -0.5786910755550316
v -0.0238907895982265 -0.0200468804687262 -0.0261188708245754
vn -4.5115974699733812 -4.2441248717724207 -0.9689172976958316
v -0.0222338996827602 -0.0214024707674980 -0.0290455799549818
vn -5.4433921166893278 -3.1380734520409206 0.0131162289733772
v -0.0267533008009195 -0.0165084004402161 -0.0171249508857727
vn -5.3528737989882131 -3.2731435644388571 -0.1287715275991229
v -0.0267549697309732 -0.0165464803576469 -0.0207822900265455
vn -5.4415158391874412 -3.1413849438715875 0.0035334822644600
v -0.0279179792851210 -0.0144912004470825 -0.0171249508857727
vn -5.6316176736250014 -2.7525779104005359 -0.0011790237863425
v -0.0283119603991508 -0.0138086602091789 -0.0171249508857727
vn -5.5805962733965657 -2.8535654326987867 -0.3134006669343855
v -0.0278517603874207 -0.0144465500488877 -0.0228524804115295
vn -5.5595606682847656 -2.9081328089982437 -0.1317547773771298
v -0.0279060006141663 -0.0145198702812195 -0.0206403695046902
vn -5.7810093367763971 -2.4341669242476627 -0.1497949066129059
v -0.0289046708494425 -0.0124123599380255 -0.0204936806112528
vn -6.0965422494956121 -1.5196915441401526 -0.0236560844067028
v -0.0309572797268629 -0.0057269930839539 -0.0171249508857727
vn -6.1697152745865527 -1.1053332794315571 -0.0102838309448201
v -0.0310213491320610 -0.0054699177853763 -0.0171249508857727
vn -6.2392994700253928 -0.6526851793791492 -0.1060866356251707
v -0.0312742516398430 -0.0034369819331914 -0.0198583006858826
vn -5.5281184848096556 1.3410603983328531 -2.6176803105695341
v -0.0262518506497145 0.0301398597657681 -0.0329522415995598
vn -5.1015183902238963 1.4519085396876306 -3.3294375787456310
v -0.0256350599229336 0.0294473692774773 -0.0343777500092983
vn -4.6704122394625491 1.3075970598167193 -3.9676094339323256
v -0.0251575708389282 0.0255822502076626 -0.0364784002304077
vn -4.2915546212239652 1.0580583399495789 -4.4462847726263899
v -0.0245826803147793 0.0213986001908779 -0.0382612906396389
vn -3.9573847034733625 0.7673955045103432 -4.8047864607956159
v -0.0239172503352165 0.0168920699506998 -0.0397364385426044
vn -3.7305587446584396 0.2278916215395337 -5.0376230969621680
v -0.0236220899969339 0.0079967966303229 -0.0408627912402153
vn -3.4976177251909717 -0.1379232981945658 -5.2034940735523438
v -0.0227825008332729 0.0025694959331304 -0.0415154583752155
vn -3.1622207456300879 -0.2164482137475062 -5.4124551065960720
v -0.0213683806359768 0.0013674489455298 -0.0423592887818813
vn -3.3082518318154723 -0.5348818227468137 -5.3028304568783957
v -0.0218254905194044 -0.0030324449762702 -0.0417685508728027
vn -5.9844095096690753 1.9135414608872745 -0.0323209253165158
v -0.0297557692974806 0.0103160701692104 -0.0163494907319546
vn -5.8424569667263064 2.3107514232968045 -0.0502771697479540
v -0.0291907694190741 0.0117939701303840 -0.0161055903881788
vn -5.7314432670406301 2.5668229134725027 -0.0179919863584908
v -0.0286052804440260 0.0130677800625563 -0.0200876500457525
vn -5.5336696035631050 2.9699406927288905 0.0272337286022339
v -0.0275751892477274 0.0151535803452134 -0.0194028001278639
vn -5.7398574129585622 2.5431308005935107 -0.0807830630921671
v -0.0287995897233486 0.0127020403742790 -0.0178743600845337
vn -2.2495056943392426 1.6954796234583600 -5.6038356515874348
v -0.0172047000378370 0.0286754891276360 -0.0409844517707825
vn -1.7779877824191577 1.3581098073074469 -5.8565493797226482
v -0.0143991699442267 0.0241574607789516 -0.0431826710700989
vn -1.8126001858637197 0.7568627708660390 -5.9588663714599548
v -0.0150136901065707 0.0162315908819437 -0.0444113612174988
vn -1.3875942939836730 0.7166716908098351 -6.0751573203964764
v -0.0117191597819328 0.0152211701497436 -0.0454204604029655
vn -1.2907363238442300 1.3129122129438628 -5.9964710087178119
v -0.0112013798207045 0.0233940407633781 -0.0441669784486294
vn -0.9071190981333590 0.9827808874082884 -6.1305516434160969
v -0.0081054558977485 0.0187358800321817 -0.0455983802676201
vn -1.3324808813891600 1.0134558956325033 -6.0452089672163174
v -0.0114414598792791 0.0193991605192423 -0.0448865815997124
vn -1.4427629186852360 0.4500596570053291 -6.0891714292881867
v -0.0120263602584600 0.0108518600463867 -0.0457593686878681
vn -1.5133537219130013 0.1529660284026649 -6.0913387664594847
v -0.0123551404103637 0.0062829852104187 -0.0458975993096828
vn -1.1846306404727123 -0.5194439632801968 -6.1410397052928163
v -0.0093122720718384 -0.0046463008038700 -0.0462895594537258
vn -1.1069929283636173 -0.1702897000179365 -6.1775079720635313
v -0.0090502500534058 0.0004068670095876 -0.0465986691415310
vn -1.3451254293984336 -0.1516874172530339 -6.1303298315460273
v -0.0108914896845818 0.0009136780281551 -0.0462459884583950
vn -1.2752724453316149 0.1385152668178056 -6.1461409402332219
v -0.0105888796970248 0.0057508340105414 -0.0463111884891987
vn -0.9930927753105659 0.4143619784280619 -6.1823854217007712
v -0.0085451602935791 0.0099855056032538 -0.0465035997331142
vn -0.9492946788320817 0.6860028626522636 -6.1642684420806217
v -0.0083141317591071 0.0144606800749898 -0.0461477600038052
vn -1.0474133197349067 0.1173972065254109 -6.1898267269201783
v -0.0087925186380744 0.0053014750592411 -0.0466576814651489
vn 2.1626575151575897 1.3757896854274758 -5.7282726766271015
v 0.0166420899331570 0.0249115806072950 -0.0422986708581448
vn 2.4712978500473990 1.1380536670020551 -5.6519006050398168
v 0.0184358898550272 0.0217396002262831 -0.0422716699540615
vn 5.9984058310226542 1.0859979725172431 -1.4796926686319287
v 0.0265058800578117 0.0340139791369438 -0.0298152491450310
vn 2.1543914476403971 0.2308263127180281 -5.8916048451699368
v 0.0165112596005201 0.0080411434173584 -0.0446291491389275
vn 2.8643177751937698 0.0547978755007317 -5.5838018626702102
v 0.0200776997953653 0.0053621530532837 -0.0431487485766411
vn -2.6374649793195966 1.7340840228532284 -5.4222951221383617
v -0.0186525508761406 0.0291296802461147 -0.0401944518089294
vn -2.2637666200357054 1.4146655141167934 -5.6745152793599605
v -0.0174599792808294 0.0250957608222961 -0.0418752990663052
vn -2.6673012016227782 1.4481223270539136 -5.4912465335639977
v -0.0189146902412176 0.0256248693913221 -0.0410885810852051
vn -2.3208345965169266 1.1294344462197732 -5.7160648310949247
v -0.0177735593169928 0.0213641505688429 -0.0425791703164577
vn -1.8051731366238448 1.0777688183089962 -5.9079596180994525
v -0.0146843697875738 0.0202807690948248 -0.0438917800784111
vn -1.2746451832167800 -0.9085194045515822 -6.0772439187028349
v -0.0095725646242499 -0.0096959471702576 -0.0456473790109158
vn -3.0251625036608529 1.4776984039703918 -5.2927834394492503
v -0.0203014593571424 0.0261892601847649 -0.0402071401476860
vn -2.7165924001808848 1.1583493396005886 -5.5358424830667028
v -0.0192363802343607 0.0219751503318548 -0.0417931601405144
vn -2.1606051315418613 0.7997875263907885 -5.8383094205921795
v -0.0166007801890373 0.0168245993554592 -0.0437915883958340
vn -1.8934500583283174 0.4833360546897669 -5.9626938257352267
v -0.0153777496889234 0.0120018702000380 -0.0447343513369560
vn -1.8524196394662169 -0.0995628080449863 -5.9969131841080685
v -0.0144605599343777 0.0022027490194887 -0.0453374907374382
vn -1.7674752870771429 0.1841616387572915 -6.0211052530109797
v -0.0140837999060750 0.0068951239809394 -0.0454141385853291
vn -1.5926521860450444 -0.1283853520144199 -6.0709478991851231
v -0.0126974498853087 0.0015133609995246 -0.0458261892199516
vn -1.4365198515089630 -0.4964115365456115 -6.0887200087109488
v -0.0111989900469780 -0.0040781488642097 -0.0459332391619682
vn -3.0721804187719761 1.1961593191664728 -5.3368154734395299
v -0.0206272602081299 0.0226268693804741 -0.0409152507781982
vn -2.7828381429227305 0.8716955836956746 -5.5557646643701446
v -0.0196070596575737 0.0181723795831203 -0.0423033796250820
vn -2.4576553055603836 0.8310260186868809 -5.7143043383718890
v -0.0181353595107794 0.0174726806581020 -0.0430901013314724
vn -2.2348585901860458 0.5131253009049076 -5.8429519884620440
v -0.0169852897524834 0.0126764699816704 -0.0441086813807487
vn -2.0343746313484190 0.2096282056517347 -5.9350320258334470
v -0.0157671496272087 0.0075843930244446 -0.0448583886027336
vn -2.1253390430377315 -0.0647143727220916 -5.9057324291491442
v -0.0161724593490362 0.0029785630758852 -0.0447777509689331
vn -1.9658334474539239 -0.4331636693297524 -5.9431372753743137
v -0.0148433996364474 -0.0026347041130066 -0.0450198017060757
vn -1.6960012273516432 -0.4678865732217936 -6.0235438771821741
v -0.0130454795435071 -0.0034063449129462 -0.0455103516578674
vn -1.8165997041012822 -0.8433352795082233 -5.9469138652249214
v -0.0133909499272704 -0.0083194365724921 -0.0448701903223991
vn -1.5428462121694770 -0.8791623336096290 -6.0189370660200225
v -0.0115043502300978 -0.0090649118646979 -0.0452913604676723
vn -1.6423626574661694 -1.2173836566934604 -5.9344024888370752
v -0.0116541897878051 -0.0114985704421997 -0.0448182784020901
vn -1.3588170923572800 -1.2535052191426574 -5.9984010633209941
v -0.0097001791000366 -0.0121606504544616 -0.0451719686388969
vn -3.8091527631174973 1.5203114070577606 -4.7431825663755474
v -0.0228096805512905 0.0274099707603455 -0.0381489917635918
vn -3.4089896986299575 1.5029484863503817 -5.0451027267580706
v -0.0216053705662489 0.0267848894000053 -0.0392271801829338
vn -3.1356538838671963 0.9166061541179140 -5.3555404926408485
v -0.0210024695843458 0.0189187508076429 -0.0414279587566853
vn -2.8602474396127144 0.5979070044827515 -5.5531640996324372
v -0.0200161896646023 0.0142091503366828 -0.0426161810755730
vn -2.5361439412584770 0.5523203849804346 -5.7141634737028495
v -0.0185348894447088 0.0134135400876403 -0.0434035584330559
vn -2.6202106166529893 0.2902736228812322 -5.6957984020024695
v -0.0189617797732353 0.0091805448755622 -0.0435207411646843
vn -2.3185219535707464 0.2465036641247676 -5.8278392111671184
v -0.0173963904380798 0.0083473920822144 -0.0442280694842339
vn -2.0980655997225539 -0.8001952207206525 -5.8592327987809814
v -0.0152233801782131 -0.0074637532234192 -0.0443830415606499
vn -1.7371020300190267 -1.5425879712551356 -5.8291892614306375
v -0.0118006402626634 -0.0138615900650620 -0.0442283712327480
vn -1.4391510968677408 -1.5862687654577523 -5.8983793861071687
v -0.0098250498995185 -0.0145541997626424 -0.0445780716836452
vn -1.2157213012409323 -2.0117122188964713 -5.8161281393530215
v -0.0079066753387451 -0.0174409691244364 -0.0441356785595417
vn -6.2021378315045155 0.9253443902543610 -0.1833149414930156
v -0.0302414800971746 0.0085429539903998 -0.0289687495678663
vn -6.2050261791272527 0.9067420456594606 -0.2270192766236191
v -0.0304070692509413 0.0075267548672855 -0.0284605007618666
vn -6.1656220700632192 0.1996022616026390 -1.1538651198441461
v -0.0306190792471170 0.0029407138936222 -0.0300849601626396
vn -6.0824614980482332 -0.1177256363264945 -1.5332603222061965
v -0.0304409805685282 0.0008086839807220 -0.0309842806309462
vn -5.9548519423468891 -0.4464790419224402 -1.9180755927169351
v -0.0300812702625990 -0.0012552730040625 -0.0319143496453762
vn -5.8932482338382997 -0.3000562611362484 -2.1255917141992877
v -0.0299123506993055 -0.0000123995996546 -0.0326370485126972
vn -5.7884698600684965 -0.7697645367900640 -2.2857693895320894
v -0.0295473895967007 -0.0033092489466071 -0.0328160487115383
vn -5.7025233437343692 -0.5950187144770371 -2.5405559648511673
v -0.0293743591755629 -0.0020061729010195 -0.0335938893258572
vn -5.4817727527300173 -0.8731059712686779 -2.9171997447395612
v -0.0286683999001980 -0.0039874310605228 -0.0345068499445915
vn -5.2386976061706996 -1.1315977009464420 -3.2547667138497878
v -0.0278008505702019 -0.0059241051785648 -0.0353840515017509
vn -4.9757402377351818 -1.3720340467945815 -3.5597319819012907
v -0.0267792902886868 -0.0077912798151374 -0.0362295508384705
vn -4.6945401922453369 -1.5962436290356177 -3.8365925242863552
v -0.0256126504391432 -0.0095819225534797 -0.0370366498827934
vn -4.8584208680465757 -1.8946022511679543 -3.4762154551656139
v -0.0257997494190931 -0.0111074997112155 -0.0360716506838799
vn -4.5743248631758586 -2.1345118331196269 -3.7130292565312226
v -0.0244981609284878 -0.0128683997318149 -0.0367940589785576
vn -4.2754458351115314 -2.3569483069105805 -3.9272731682754074
v -0.0230683591216803 -0.0145385796204209 -0.0374693796038628
vn -3.9587108803965618 -2.5637539143090122 -4.1229636747324907
v -0.0215199496597052 -0.0161077901721001 -0.0380965396761894
vn -3.7705613352120451 -2.1705899808065898 -4.5121778049019055
v -0.0213378593325615 -0.0144371902570128 -0.0391651913523674
vn -3.6391086127954919 -2.7503115578530029 -4.2920884830108665
v -0.0198624692857265 -0.0175660792738199 -0.0386744700372219
vn -3.8305853761521496 -3.2154052461684528 -3.7599206040951660
v -0.0200274493545294 -0.0191053692251444 -0.0373991690576077
vn -5.5133445034102611 2.3635683003675068 1.8625338008013241
v -0.0265988707542419 0.0180502496659756 -0.0235605798661709
vn -5.7201764731763181 2.0965916907186388 1.5277940873094367
v -0.0276814606040716 0.0161280594766140 -0.0246116500347853
vn -6.1428590297279033 1.2653396787551456 0.2782983107504900
v -0.0299971606582403 0.0097871422767639 -0.0275718495249748
vn -6.2085359278700443 0.8833389775525251 -0.2562860905028826
v -0.0305624008178711 0.0066086049191654 -0.0278453808277845
vn -6.2082578481499064 0.5352212588604440 -0.7321224224093716
v -0.0306151509284973 0.0052023530006409 -0.0292720701545477
vn -6.1922762956806139 0.1130254332902734 -1.0147391256372140
v -0.0307721402496099 0.0019329780479893 -0.0293602906167507
vn -5.8743212237667422 -0.9537855488928424 -1.9740003211712307
v -0.0297093894332647 -0.0044807191006839 -0.0319042801856995
vn -5.5917262406026369 -1.0770921753050509 -2.6237807163132709
v -0.0288457795977592 -0.0053483839146793 -0.0336774513125420
vn -5.3696025824977021 -1.3662406695379039 -2.9328003237174749
v -0.0279823504388332 -0.0073413248173892 -0.0345062613487244
vn -5.4998865438943731 -1.6154252876694299 -2.5328775332250233
v -0.0281524006277323 -0.0086150160059333 -0.0334825515747070
vn -5.1243495690732503 -1.6386697514057971 -3.2163601486800273
v -0.0269641801714897 -0.0092635145410895 -0.0353064499795437
vn -4.4624262198760984 -2.7500947080213867 -3.4236521354180987
v -0.0232429504394531 -0.0159986596554518 -0.0362626910209656
vn -4.2220009723544516 1.5254292073081326 -4.3754950400623649
v -0.0238953791558743 0.0280652008950710 -0.0369783006608486
vn -3.8458410910206711 1.2670796938696134 -4.7880732737610483
v -0.0231340508908033 0.0240364596247673 -0.0388737916946411
vn -3.4521719042841559 1.2332558087808354 -5.0889173858487577
v -0.0219320002943277 0.0233146492391825 -0.0399417802691460
vn -2.7146242659617528 0.0264946933356217 -5.6580428233299473
v -0.0194057803601027 0.0047736759297550 -0.0434398017823696
vn -2.4121023513502102 -0.0229489197304234 -5.7942294524459159
v -0.0178240500390530 0.0038368699606508 -0.0441457591950893
vn -2.2461962762409931 -0.3914544185602593 -5.8454292065649671
v -0.0165840908885002 -0.0017669199733064 -0.0444600507616997
vn -2.3876982624144185 -0.7490354092762000 -5.7537291309204006
v -0.0169926807284355 -0.0065020318143070 -0.0438295006752014
vn -2.2230423860176769 -1.1215081648805629 -5.7611116321732458
v -0.0154096400365233 -0.0098194470629096 -0.0439176484942436
vn -1.9299050965663944 -1.1736570848311869 -5.8559139734334753
v -0.0135603500530124 -0.0107166701927781 -0.0444002710282803
vn -1.6345465412704339 -2.4022254058885877 -5.5565110339726580
v -0.0100638801231980 -0.0190331898629665 -0.0429879985749722
vn -1.5311473832000386 -1.9682024469341177 -5.7561462901194353
v -0.0099465250968933 -0.0168528500944376 -0.0438540503382683
vn -1.2991035059521727 -2.4563566718076384 -5.6209715416985455
v -0.0080016851425171 -0.0196444895118475 -0.0432634912431240
vn -4.6534451547486801 1.5085115771954405 -3.9155487301677425
v -0.0248433891683817 0.0287491604685783 -0.0357202813029289
vn -4.6517213385250642 1.6918237095063318 -3.8419259748794223
v -0.0245853606611490 0.0318101607263088 -0.0347675606608391
vn -4.2497753198748729 1.2941541769594731 -4.4232450980938367
v -0.0242154002189636 0.0247928500175476 -0.0377174615859985
vn -3.5107819925154815 0.9641030421956255 -5.1073244835269564
v -0.0223075691610575 0.0197063591331244 -0.0404605790972710
vn -3.2096606278290754 0.6497795087800791 -5.3513978683359360
v -0.0214161798357964 0.0150575004518032 -0.0417434498667717
vn -3.5789056967487176 0.7068310773779795 -5.1029137980432573
v -0.0227215792983770 0.0159527603536844 -0.0407828614115715
vn -3.0351783317364669 0.0843963839414995 -5.4911568701617162
v -0.0209074001759291 0.0057839751243591 -0.0426583811640739
vn -2.9423634779482621 0.3415472685121190 -5.5322660722441892
v -0.0204530898481607 0.0100795598700643 -0.0427345596253872
vn -2.5380167190399106 -0.3421107418817756 -5.7272845845871627
v -0.0182583890855312 -0.0008074059733190 -0.0438306890428066
vn -2.6862589609588854 -0.6891812909158676 -5.6276735508589448
v -0.0186892691999674 -0.0054392809979618 -0.0432092510163784
vn -2.5224238871917408 -1.0603442803195740 -5.6479311862705543
v -0.0171929001808167 -0.0088113537058234 -0.0433700606226921
vn -2.3411546444303717 -1.4277277172436886 -5.6437087484672519
v -0.0155919697135687 -0.0121062900871038 -0.0433394908905029
vn -2.0372456465112849 -1.4899108572320527 -5.7448933921601686
v -0.0137260500341654 -0.0130440499633551 -0.0438155494630337
vn -1.8454117478608729 -1.9146332427561390 -5.6814866988073796
v -0.0119431596249342 -0.0161308608949184 -0.0435100682079792
vn -1.7477163947615681 -2.8893094211627379 -5.2790772778909849
v -0.0101761799305677 -0.0210717897862196 -0.0419684015214443
vn -1.4897689644048828 -3.5214188202207755 -4.9570941609292323
v -0.0081790676340461 -0.0235978905111551 -0.0410380885004997
vn -3.8272684404836497 -0.6593726678290917 -4.9243531743791635
v -0.0234701000154018 -0.0037839999422431 -0.0405339486896992
vn -3.1352999308851244 -0.9071239961717654 -5.3596918027816640
v -0.0205225907266140 -0.0064837927930057 -0.0420807600021362
vn -2.9602356010845097 -1.2719567304263211 -5.3835135421101930
v -0.0191069804131985 -0.0098893037065864 -0.0421984717249870
vn -2.4755248451433500 -1.7753100195806688 -5.4832770034925948
v -0.0157690607011318 -0.0143018895760179 -0.0426376983523369
vn -2.2966141140050511 -2.2570991505202640 -5.3803161381887676
v -0.0140427900478244 -0.0173984691500664 -0.0422561690211296
vn -5.4257566203861396 -0.0680748509137680 -3.1339688697576285
v -0.0288015007972717 0.0025323031004518 -0.0352785512804985
vn -5.5372417171028729 -0.2632320398622925 -2.9318192908268270
v -0.0290001593530178 0.0009300169767812 -0.0348168015480042
vn -5.1315475486057824 -0.2654004477541042 -3.5879702060582974
v -0.0280813500285149 0.0007525220280513 -0.0363186486065388
vn -4.5194497341728015 -0.6046252474316309 -4.3011850977374770
v -0.0261679794639349 -0.0026639690622687 -0.0382675491273403
vn -4.2333739821091489 -0.7584946496920624 -4.5637273280862809
v -0.0249945502728224 -0.0042698378674686 -0.0391729399561882
vn -4.0670619383683118 -1.2099140689853527 -4.6190349613763813
v -0.0239056907594204 -0.0077397217974067 -0.0394007489085197
vn -3.2707926902294675 -1.1767600731853693 -5.2230054145444536
v -0.0207367502152920 -0.0086215734481812 -0.0415343604981899
vn -3.2748261768040177 -1.9417325079191485 -4.9818884463184911
v -0.0195013806223869 -0.0139880701899529 -0.0407152697443962
vn -3.1097341585236071 -1.5894651509247577 -5.2100235338667762
v -0.0193076692521572 -0.0119931595399976 -0.0415210686624050
vn -2.9594797244831130 -3.0766070623072408 -4.5815546484646790
v -0.0162591896951199 -0.0201192405074835 -0.0396775007247925
vn -2.7854181056923379 -3.7590206140041698 -4.1514541909713252
v -0.0144657399505377 -0.0228366795927286 -0.0387479588389397
vn -5.8717676319599015 1.1751145655407156 -1.8415703651015136
v -0.0266773700714111 0.0308279898017645 -0.0314636789262295
vn -5.1463544696530983 0.9456950547493607 -3.4438935206258021
v -0.0266834404319525 0.0199483595788479 -0.0361446700990200
vn -4.7755011395013307 0.6979965398575583 -3.9998834628385325
v -0.0263363700360060 0.0153766795992851 -0.0376076586544514
vn -4.3922683617409133 0.6166953572098773 -4.4331224159789580
v -0.0254178605973721 0.0142200496047735 -0.0387789011001587
vn -4.0904857136301134 0.3118056313590168 -4.7441224654998777
v -0.0248094704002142 0.0091880550608039 -0.0398503504693508
vn -4.1929625288798684 0.0500401722122953 -4.6610443920880069
v -0.0252701602876186 0.0051665902137756 -0.0396117493510246
vn -4.0136386637962307 -0.3903449498389009 -4.7968453628446461
v -0.0245483499020338 -0.0003008260100614 -0.0400590784847736
vn -3.9192986794124853 -0.9457716002344632 -4.8063672227887464
v -0.0236910507082939 -0.0058026900514960 -0.0400214716792107
vn -3.5949287140198591 -1.0685059060355986 -5.0295539906975115
v -0.0222682897001505 -0.0072563881985843 -0.0408086702227592
vn -3.4594133600099939 -0.8134185948929216 -5.1718187912791640
v -0.0220493599772453 -0.0051763649098575 -0.0413395687937737
vn -2.7923276731813571 -1.6885457036529259 -5.3568408777185876
v -0.0175791904330254 -0.0132046900689602 -0.0421095415949821
vn -2.9511007716517170 -2.0603505213277038 -5.1343235350872476
v -0.0177628900855780 -0.0152452504262328 -0.0412870608270168
vn -2.6248928455714036 -2.1653256737433759 -5.2666011709444627
v -0.0159400701522827 -0.0163840595632792 -0.0418010912835598
vn -2.7867786341787353 -2.5972808457817820 -4.9764176352315470
v -0.0161038003861904 -0.0183306895196438 -0.0408187508583069
vn -2.4454041640641098 -2.7095503232109932 -5.0944576646319462
v -0.0141917401924729 -0.0193800907582045 -0.0412590503692627
vn -2.2415785454093382 -3.3344333325847297 -4.8020498950150490
v -0.0123375598341227 -0.0221445504575968 -0.0404678508639336
vn -2.6048621480293344 -3.2142485908257097 -4.7001771699662411
v -0.0143330600112677 -0.0212008897215128 -0.0400997884571552
vn -2.3729647566178804 -3.8437630086860475 -4.3385709573957048
v -0.0124549800530076 -0.0238057896494865 -0.0390971787273884
vn -2.4822204955045004 -4.2244344869307024 -3.9094584268985919
v -0.0125105902552605 -0.0245565697550774 -0.0383188687264919
vn -1.9810410613235037 -3.9671098141247567 -4.4228041838735885
v -0.0103829503059387 -0.0246279798448086 -0.0393944904208183
vn -3.8973247867390088 1.0120416958474314 -4.8075936727760880
v -0.0235067605972290 0.0205329004675150 -0.0394027791917324
vn -3.6499696089273597 0.4672568026069553 -5.0807064572043359
v -0.0231632497161627 0.0120492503046989 -0.0409156605601311
vn -3.2875457358394571 0.4007889094493120 -5.3289563362584165
v -0.0218578502535820 0.0110379401594400 -0.0418668910861015
vn -3.3754368738934621 0.1516656458592780 -5.2860411255087110
v -0.0223168693482876 0.0068607921712101 -0.0417998991906643
vn -2.8428302788179693 -0.2841661531283454 -5.5847678829438632
v -0.0198564492166042 0.0002392360038357 -0.0431306883692741
vn -2.9898443247741118 -0.6175290118530256 -5.4806565066077830
v -0.0203035399317741 -0.0042806859128177 -0.0425222516059875
vn -2.8279111380713311 -0.9892105225553786 -5.5141400693850624
v -0.0189003907144070 -0.0076976409181952 -0.0427576787769794
vn -2.6488124802215101 -1.3553456102513008 -5.5239682057758372
v -0.0173887591809034 -0.0110527798533440 -0.0428003594279289
vn -2.1597696104206245 -1.8505290868515045 -5.5910181009640052
v -0.0138872796669602 -0.0152789903804660 -0.0431045815348625
vn -1.9667532201261684 -2.3358668265131706 -5.4765683843752146
v -0.0120807802304626 -0.0182831808924675 -0.0426519513130188
vn -2.0992761028087434 -2.8068662749454365 -5.1950050876478953
v -0.0122124496847391 -0.0202955007553101 -0.0416424795985222
vn -1.8698611494406934 -3.4370735385698996 -4.8874935895994547
v -0.0102827502414584 -0.0229451004415751 -0.0407809615135193
vn -1.5802388269077472 -4.0692282549026277 -4.4902501304217957
v -0.0082602500915527 -0.0252986494451761 -0.0396387502551079
vn -1.2187711043659297 -4.5789518050578559 -4.1028972193854365
v -0.0061261048540473 -0.0265894494950771 -0.0390275716781616
vn -2.9312656414378484 -4.2878991934997908 -3.4974157956521577
v -0.0145889502018690 -0.0242578908801079 -0.0371409617364407
vn -3.1225867146896698 -2.4699839150754150 -4.8401975385651754
v -0.0179387908428907 -0.0171527806669474 -0.0403221808373928
vn -3.5913248085244347 -1.8096351352089057 -4.8110027796823411
v -0.0211456995457411 -0.0126188900321722 -0.0400865599513054
vn -3.4233937955547855 -1.4777153977913309 -5.0436824030977707
v -0.0209449492394924 -0.0106734596192837 -0.0408729910850525
vn -3.7472996251561770 -1.3513693133485090 -4.8451089822302125
v -0.0224809590727091 -0.0092525482177734 -0.0401660688221455
vn -3.9139393058221779 -1.6609789666011823 -4.6091993722311138
v -0.0226860605180264 -0.0111448699608445 -0.0394021794199944
vn -4.2281165193268642 -1.4968372449050764 -4.3823153940492947
v -0.0241125803440809 -0.0095758428797126 -0.0386624895036221
vn -4.3838975977971160 -1.0526129198007457 -4.3603367903546504
v -0.0252087693661451 -0.0061445832252502 -0.0385774895548820
vn -4.6915485921341924 -0.8807150644059663 -4.0685440892321516
v -0.0263798795640469 -0.0044737448915839 -0.0377006493508816
vn -4.9865213658987448 -0.6939016192007192 -3.7404648116128953
v -0.0274086501449347 -0.0027303691022098 -0.0367787405848503
vn -5.1101669864241615 -0.9078162397106494 -3.5199901577754322
v -0.0276091601699591 -0.0043814769014716 -0.0361382886767387
vn -5.3735078297054217 -0.6774690501622356 -3.1613331725363656
v -0.0284809395670891 -0.0025061359629035 -0.0352174602448940
vn -5.2690934896106620 -0.4888652261890200 -3.3659748832056948
v -0.0282849594950676 -0.0009207740076818 -0.0358187481760979
vn -5.6182193963891072 -0.4264001563660880 -2.7532366111493802
v -0.0291915498673916 -0.0005879569798708 -0.0342577584087849
vn -5.9949393078134863 0.1361094227724168 -1.8399585823350182
v -0.0300999805331230 0.0032759900204837 -0.0322110615670681
vn -5.7046190163588681 0.1391876606237609 -2.5858226819762513
v -0.0293524805456400 0.0043185348622501 -0.0341854616999626
vn -5.9242797655410335 0.3249050124757284 -2.0149557768472199
v -0.0297256708145142 0.0061087012290955 -0.0330543518066406
vn -5.8754802516039257 0.5060229382355546 -2.1186797063844049
v -0.0293276906013489 0.0091968765482306 -0.0335700511932373
vn -6.0415109368736850 0.6551026367147273 -1.5369531821678684
v -0.0295190792530775 0.0109050795435905 -0.0323940515518188
vn -6.0300736008287199 0.7683950847516597 -1.5287400449683495
v -0.0291115604341030 0.0139788901433349 -0.0325720906257629
vn -6.1444684598773938 0.8595455022176530 -0.8898286400074072
v -0.0291115008294582 0.0156756602227688 -0.0314316712319851
vn -6.2070557892786518 0.9021233032282726 -0.0728474556489018
v -0.0286188703030348 0.0194367691874504 -0.0307647492736578
vn -6.1810733798513056 0.8151803636884831 0.7260717625498864
v -0.0280715804547071 0.0229826495051384 -0.0298767592757940
vn -6.1724041659127122 0.7162402310439439 0.8937756417033917
v -0.0276797991245985 0.0256611704826355 -0.0294432602822781
vn -6.0377582986634710 0.3773406776402410 1.6851741306659342
v -0.0271173696964979 0.0288230702280998 -0.0281853601336479
vn -5.8559940525112335 0.1775908406945064 2.2645517439815794
v -0.0268678609281778 0.0293724499642849 -0.0275172498077154
vn -5.5135994545480145 -0.4522559615247401 2.9746831836458978
v -0.0262344405055046 0.0322494506835938 -0.0260367896407843
vn -5.4040954718389838 -0.8903114689182148 3.0749522280640318
v -0.0259478595107794 0.0345361791551113 -0.0250418707728386
vn -5.1823245256964503 -0.8432683959786991 3.4501031045518364
v -0.0257352497428656 0.0338279008865356 -0.0248779598623514
vn -4.9240922401730547 -1.1128489967638755 3.7389892623025203
v -0.0253393594175577 0.0342450700700283 -0.0242016892880201
vn -0.7810227658366992 -4.6426232481389214 -4.1374020853635063
v -0.0039235348813236 -0.0269516706466675 -0.0391577407717705
vn -0.7497333393217583 -4.2050624517492796 -4.5786286103098597
v -0.0039048790931702 -0.0261721592396498 -0.0399630591273308
vn -1.1692538618273502 -4.1489178691207700 -4.5422129180190938
v -0.0060973158106208 -0.0258144699037075 -0.0398287698626518
vn -1.0280290943146788 -3.0092813643904979 -5.3995631218710134
v -0.0059719081036747 -0.0221909806132317 -0.0424432717263699
vn 0.1063840961572562 -4.2436063463629434 -4.6027293829149531
v 0.0005252119735815 -0.0264067593961954 -0.0400589704513550
vn -0.3236621637908516 -4.2369631046840137 -4.5987903687078173
v -0.0016937849577516 -0.0263699796050787 -0.0400402508676052
vn -0.7069370072913266 -3.6330936830419973 -5.0484346899807448
v -0.0038655989337713 -0.0244475007057190 -0.0413789711892605
vn 0.5603010308802108 -4.6633206260265583 -4.1496032112097563
v 0.0027543900068849 -0.0270634796470404 -0.0392116904258728
vn 0.1127616659799221 -4.6853254906115627 -4.1608494619275023
v 0.0005277370219119 -0.0271894894540310 -0.0392507910728455
vn -0.3064041074822054 -3.6591239304450531 -5.0695736024476910
v -0.0016766190528870 -0.0246396008878946 -0.0414601489901543
vn -0.2871465662924723 -3.0667661371987744 -5.4568531122884094
v -0.0016583800315857 -0.0227135997265577 -0.0426742993295193
vn -0.6600530417515369 -3.0460120551859844 -5.4362223842778832
v -0.0038237569388002 -0.0225277505815029 -0.0425899587571621
vn -0.6167211275866390 -2.5275617524075531 -5.7049904776921032
v -0.0037797091063112 -0.0204387903213501 -0.0436281487345695
vn 0.5353470135910339 -4.2250795136780726 -4.5901058977296776
v 0.0027412769850343 -0.0262819491326809 -0.0400187894701958
vn 0.9585771603950868 -4.1813639070012236 -4.5616058147105667
v 0.0049436087720096 -0.0259968601167202 -0.0399205610156059
vn 0.5012070181199287 -3.6486094794273343 -5.0618939707878736
v 0.0027135009877384 -0.0245528798550367 -0.0414376817643642
vn 0.0979388542391261 -3.6643121464883919 -5.0741222305467897
v 0.0005198830040172 -0.0246747694909573 -0.0414799414575100
vn 0.0892809069567172 -3.0710248970245502 -5.4612957779394717
v 0.0005142129957676 -0.0227472707629204 -0.0426947399973869
vn -0.2694195423471978 -2.5440699244828133 -5.7244752897688862
v -0.0016391270328313 -0.0206177793443203 -0.0437150001525879
vn -0.5773762074501172 -2.0687616919055629 -5.8939445749600345
v -0.0037337539251894 -0.0182048603892326 -0.0445083901286125
vn 0.4644476960731382 -3.0587620271643741 -5.4493596298333342
v 0.0026839969214052 -0.0226284805685282 -0.0426508709788322
vn 0.0811328887035083 -2.5475525439376017 -5.7286718271765897
v 0.0005082429852337 -0.0206498503684998 -0.0437361001968384
vn -0.5425038107171232 -1.6674960896714013 -6.0253464074475094
v -0.0036861300468445 -0.0158499404788017 -0.0452424809336662
vn -0.8430603408936791 -1.6486113682323609 -5.9959007855887805
v -0.0057590599171817 -0.0155509700998664 -0.0450860783457756
vn -0.7952867395025813 -1.3045775615157422 -6.0881584718649098
v -0.0056833620183170 -0.0131130795925856 -0.0456849895417690
vn 1.7810571732366938 -4.0229980928378550 -4.4570179260895229
v 0.0092637529596686 -0.0249526500701904 -0.0395560786128044
vn 1.3744195360968572 -4.1136469703591070 -4.5171518704774387
v 0.0071213240735233 -0.0255528595298529 -0.0397659502923489
vn 0.8993937540249723 -3.6125911981781025 -5.0330092867764131
v 0.0048938980326056 -0.0242747608572245 -0.0413344502449036
vn 0.4304815223234582 -2.5380625524177365 -5.7174300416991342
v 0.0026529429014772 -0.0205347500741482 -0.0436909683048725
vn 0.0735839713119001 -2.0848763731843198 -5.9159988559295442
v 0.0005020130192861 -0.0184069797396660 -0.0446184799075127
vn -0.2531863071575977 -2.0819388708765421 -5.9120700758126814
v -0.0016190400347114 -0.0183765795081854 -0.0445969700813293
vn -1.6467397538761481 -4.4884573511573720 -4.0537398050499860
v -0.0082986345514655 -0.0260673705488443 -0.0388434492051601
vn -1.6918801524240838 -4.8160582954302775 -3.6357986382860634
v -0.0083355903625488 -0.0267761908471584 -0.0379720889031887
vn -1.2523009039528989 -4.9148979410957772 -3.6804758832402884
v -0.0061537618748844 -0.0273040495812893 -0.0381495915353298
vn -0.3361643212248250 -4.6784726347266128 -4.1567005293908643
v -0.0017018909566104 -0.0271520595997572 -0.0392325483262539
vn -0.3447412947465524 -5.0236639642603755 -3.7292303641722979
v -0.0017096990486607 -0.0278731491416693 -0.0383471809327602
vn 1.0016541667664400 -4.6128630608241572 -4.1230669169947838
v 0.0049671530723572 -0.0267753005027771 -0.0391165614128113
vn 1.4758556203661275 -4.8664785636173731 -3.6618541877954289
v 0.0071871280670166 -0.0270396992564201 -0.0380907617509365
vn 1.4347558426882494 -4.5351578272508775 -4.0815091467806681
v 0.0071548810228705 -0.0263263508677483 -0.0389666482806206
vn -3.2856278307718174 -4.0882374282666003 -3.4183148367556231
v -0.0165402796119452 -0.0231223702430725 -0.0367682501673698
vn -3.6739936156384534 -3.9114480369493556 -3.2086162099329427
v -0.0184074603021145 -0.0218484904617071 -0.0363494716584682
vn -3.4241765631593930 -4.6766956814877574 -2.3661243021609617
v -0.0166638400405645 -0.0242775604128838 -0.0348701402544975
vn -3.4515116949105460 -4.9427662512468507 -1.6757193075416943
v -0.0167742893099785 -0.0251646004617214 -0.0325950905680656
vn -5.7135903210817469 1.3815527300133332 2.2094639289533036
v -0.0278404895216227 0.0179067794233561 -0.0267010908573866
vn -5.8129470933262377 1.6714788794553053 1.6930433389955692
v -0.0282433591783047 0.0158876702189445 -0.0263179503381252
vn -6.0316752204276494 1.5679380523089590 0.7765343217189349
v -0.0293959900736809 0.0119870901107788 -0.0266294404864311
vn -6.0001901857331381 1.4593990522598870 1.1388271348760988
v -0.0290344897657633 0.0138830495998263 -0.0273841004818678
vn -6.1359580858749894 1.1982381394091881 0.5821686418323615
v -0.0296480003744364 0.0117946797981858 -0.0284085795283318
vn -6.1416832560481058 1.2323896211166592 0.4094557600933866
v -0.0298269893974066 0.0107511803507805 -0.0280341506004333
vn -6.1754888009141728 0.6411660700880139 -0.8622718682684657
v -0.0302789807319641 0.0074294800870121 -0.0302893500775099
vn -6.1965652323918725 0.5872568365396780 -0.7789794906508590
v -0.0304517708718777 0.0062693348154426 -0.0298282504081726
vn -6.1402293431837576 0.2826388926804944 -1.2654417250014640
v -0.0304554700851440 0.0040619368664920 -0.0306935906410217
vn -6.0994207343773406 0.3823317751132724 -1.4116101339698521
v -0.0302822496742010 0.0052828188054264 -0.0312031507492065
vn -6.0413847964348415 -0.0022708269433595 -1.6919207083732986
v -0.0302752796560526 0.0019897220190614 -0.0316495783627033
vn -5.8335647644740591 -0.1589068858154068 -2.2977445484711785
v -0.0297336503863335 0.0013405679492280 -0.0332510396838188
vn -4.8305759361393594 -1.1198398201745212 -3.8390025785651813
v -0.0265840794891119 -0.0061887498013675 -0.0370241887867451
vn -4.5353851977869928 -1.3162606278669338 -4.1256642682833675
v -0.0254152994602919 -0.0079214572906494 -0.0378683805465698
vn -4.3982092881707935 -1.8041541329681947 -4.0867282514703822
v -0.0243105795234442 -0.0112918000668287 -0.0377973914146423
vn -4.0909516469002067 -1.9953456079725911 -4.3104338295747064
v -0.0228824000805616 -0.0129135800525546 -0.0385071597993374
vn -3.4521129327986246 -2.3274953717516147 -4.6847353072570188
v -0.0196866896003485 -0.0158527400344610 -0.0397705994546413
vn -3.3044398114588271 -2.9218408119640067 -4.4458537453122551
v -0.0181055609136820 -0.0189054608345032 -0.0392019711434841
vn -3.1376607807577712 -3.6088389933212919 -4.0309623254470210
v -0.0164049807935953 -0.0217261891812086 -0.0383477807044983
vn -3.4914902284190683 -3.4213563132375748 -3.9033803564707279
v -0.0182622596621513 -0.0204801503568888 -0.0378977581858635
vn -3.3869844510210965 -4.4008772120968711 -2.9066165359214393
v -0.0166035797446966 -0.0237319394946098 -0.0358633883297443
vn -2.9880557213424677 -4.6262285733570288 -2.9933204292234206
v -0.0146466400474310 -0.0248782597482204 -0.0362198911607265
vn -3.8299237355832112 -4.8537826501589798 -1.0275423587426222
v -0.0187602005898952 -0.0244547706097364 -0.0296807792037725
vn -4.7472085309848797 -3.4970255647192205 -2.0993520943848694
v -0.0235521700233221 -0.0183191802352667 -0.0331172905862331
vn -4.8048182339841663 -3.7507661455624568 -1.4436238215238935
v -0.0236837808042765 -0.0191281996667385 -0.0310652796179056
vn -5.0804984578581163 -3.4025066132762869 -1.3673903615498491
v -0.0251181703060865 -0.0173228904604912 -0.0306031703948975
vn -5.5014321217612121 -2.4635618176809198 -1.7076589038821204
v -0.0274439994245768 -0.0126908998936415 -0.0314257703721523
vn -5.7012324029003931 -2.0864250795320718 -1.5555743355777525
v -0.0284528695046902 -0.0106420498341322 -0.0308056399226189
vn -6.0457918179378058 -1.4261380516630808 -0.8766447214481650
v -0.0301162600517273 -0.0070039620622993 -0.0279299002140760
vn -6.0108478068769200 -1.3010347276012122 -1.2270783455787464
v -0.0299951992928982 -0.0063478942029178 -0.0295047704130411
vn -6.2399719039018651 -0.0513063906437717 -0.6753612544206011
v -0.0310417991131544 0.0003257750067860 -0.0274167601019144
vn -6.2471675084691958 0.3747411274689319 -0.4815676167191343
v -0.0310373902320862 0.0027009239420295 -0.0267997905611992
vn -5.7400004537018967 2.5365424344617331 0.2654159509409141
v -0.0283492803573608 0.0137079898267984 -0.0221434794366360
vn -5.7495536985935587 2.4760714675242661 0.5151540420087161
v -0.0281994901597500 0.0141728501766920 -0.0229701902717352
vn -5.5529608670541588 2.9109470421338850 0.3809262128223408
v -0.0272997003048658 0.0157727003097534 -0.0212960802018642
vn -5.5634353656304896 2.5461629608003378 1.4211593385988086
v -0.0267891790717840 0.0173621699213982 -0.0231675505638123
vn -5.7427215508874969 2.2687947005175011 1.1527944934225665
v -0.0278642699122429 0.0153928902000189 -0.0241813603788614
vn -5.7526368956014942 2.3850766968173356 0.8202514691790563
v -0.0280373599380255 0.0147376600652933 -0.0236424803733826
vn -5.9036503466460131 1.9669024555764856 0.8542653250361290
v -0.0287939906120300 0.0133218700066209 -0.0251669809222221
vn -6.0406491630665444 1.6371923526914136 0.5214358941299110
v -0.0295628905296326 0.0111588798463345 -0.0261131506413221
vn -6.1456302456547549 1.2772704483334358 0.1519634046891102
v -0.0301572605967522 0.0089136362075806 -0.0270077493041754
vn -6.1468847370851041 1.2820316278974007 0.0413443700010689
v -0.0303061604499817 0.0081439008936286 -0.0263129398226738
vn -6.2127898749022439 0.8567496394172526 -0.2678329484440608
v -0.0307060405611992 0.0058029289357364 -0.0270927492529154
vn -6.2213017798245822 0.4803297372281623 -0.6653812331130350
v -0.0307679697871208 0.0042414059862494 -0.0286046806722879
vn -6.2183514338714652 0.0263986518474973 -0.8495437440198387
v -0.0309134703129530 0.0010554790496826 -0.0284841004759073
vn -6.1248766489139417 -0.2391141846774766 -1.3368959677115415
v -0.0305959507822990 -0.0002526209864300 -0.0301970802247524
vn -6.0173518805022788 -0.6003441318725642 -1.6629527149824690
v -0.0302393995225430 -0.0023725619539618 -0.0310634896159172
vn -5.7010570823847377 -1.2921866206903545 -2.2633592795087036
v -0.0290117803961039 -0.0065717687830329 -0.0327080413699150
vn -5.6165299558661532 -1.8655521753153674 -2.0585301027649683
v -0.0283096991479397 -0.0097229480743408 -0.0322663709521294
vn -5.2730162121317434 -1.9236611326890087 -2.7837784840622852
v -0.0271374508738518 -0.0105865001678467 -0.0342314802110195
vn -5.4059636745149158 -2.2105417831470984 -2.2643034441669769
v -0.0272978506982327 -0.0117369797080755 -0.0329560600221157
vn -5.0229568035390297 -2.2158476730390024 -3.0157221109109980
v -0.0259752795100212 -0.0124782901257277 -0.0349488817155361
vn -5.1702395906098495 -2.5398518131368117 -2.4556948972605093
v -0.0261375904083252 -0.0136701399460435 -0.0336177907884121
vn -4.7520548800603697 -2.4914883047712202 -3.2290555550371098
v -0.0246740505099297 -0.0142849599942565 -0.0356273613870144
vn -4.1504179561915526 -2.9938222117747282 -3.6032325187343375
v -0.0216909591108561 -0.0176088791340590 -0.0368536710739136
vn -4.0024741666576746 -3.6886239160903900 -3.0772913174165240
v -0.0201804600656033 -0.0204430799931288 -0.0358861610293388
vn -3.7966580649879269 -4.3660162301976522 -2.3732101761464812
v -0.0185401998460293 -0.0229807402938604 -0.0344903394579887
vn -3.4536258686847883 -5.1228994845224127 -1.0501456909555584
v -0.0168687701225281 -0.0257800798863173 -0.0299561601132154
vn -5.5687038208699713 2.8250566258327043 0.6796650744667923
v -0.0271408502012491 0.0162143707275391 -0.0220559798181057
vn -5.9103567568510051 2.0442092257760933 0.5836829267793955
v -0.0289583802223206 0.0126273604109883 -0.0245794001966715
vn -5.9088896359178742 2.1023035642382943 0.3408837669778751
v -0.0291113797575235 0.0120317898690701 -0.0238485895097256
vn -6.0430129481513895 1.7036046469973383 0.1537237569449086
v -0.0298631694167852 0.0098012676462531 -0.0246807895600796
vn -6.0437308682606901 1.6769562103956548 0.3244461287455684
v -0.0297189895063639 0.0104261003434658 -0.0254734698683023
vn -6.1474431234139093 1.2800433876276833 -0.0474583891970014
v -0.0304426494985819 0.0074918270111084 -0.0254555903375149
vn -6.2171586735371962 0.8300798127548145 -0.2643500255055451
v -0.0308370497077703 0.0051248068921268 -0.0261679794639349
vn -6.2349553854927455 0.4251411650397547 -0.5783533629336599
v -0.0309091806411743 0.0034021730534732 -0.0277928691357374
vn -6.1972342227336297 -0.4695727206587285 -0.8615678190952721
v -0.0308691803365946 -0.0019434690475464 -0.0281020905822515
vn -6.1651730367910780 -0.3605644813447011 -1.1054462341540474
v -0.0307390596717596 -0.0011762379435822 -0.0292502604424953
vn -6.1198014950486517 -0.8922552868359249 -1.0490984212714571
v -0.0305182896554470 -0.0041534299962223 -0.0288136005401611
vn -6.0752654551533958 -0.7544930157786538 -1.3635784454283648
v -0.0303854905068874 -0.0033451910130680 -0.0300447903573513
vn -5.9523820805726126 -1.1377332216787621 -1.6092917259005501
v -0.0298590604215860 -0.0055006141774356 -0.0308161899447441
vn -5.7993176010196725 -1.5072212923722406 -1.8402352525767414
v -0.0291653797030449 -0.0076363678090274 -0.0315542817115784
vn -5.8715478459003307 -1.6978093553090259 -1.3951534750128032
v -0.0293051600456238 -0.0085201850160956 -0.0301664993166924
vn -5.2750626329966321 -2.8249076727151490 -1.8491104769558202
v -0.0262856408953667 -0.0146580897271633 -0.0320214591920376
vn -5.0234897486592356 -3.1694075872363854 -1.9796006376151805
v -0.0249856691807508 -0.0165370702743530 -0.0325865708291531
vn -4.9111356874601775 -2.8526194520548165 -2.6324221626844899
v -0.0248370692133904 -0.0155166899785399 -0.0342445895075798
vn -4.6299258190504702 -3.1488745795179245 -2.7945333845664417
v -0.0234046503901482 -0.0172678790986538 -0.0348323509097099
vn -4.3225919244770994 -3.4306547288437041 -2.9450331633723872
v -0.0218493901193142 -0.0189134404063225 -0.0353799387812614
vn -4.1208939599169279 -4.0986032815501714 -2.3075555387446460
v -0.0203201696276665 -0.0215503498911858 -0.0340704917907715
vn -4.4422802291123409 -3.8104228770382695 -2.2102334957624108
v -0.0219939891248941 -0.0199936591088772 -0.0336122512817383
vn -4.1750505165861069 -4.3909202253019854 -1.5741387682878389
v -0.0204447507858276 -0.0224014502018690 -0.0318964682519436
vn -3.8245994871932560 -4.6787633248037119 -1.6283381585180043
v -0.0186585690826178 -0.0238507892936468 -0.0322631001472473
vn -3.4392950066764860 -5.2079605173576420 -0.6230070161880594
v -0.0169471502304077 -0.0261656008660793 -0.0271019898355007
vn -3.9360957636441318 0.4185128392825862 4.8757049711119294
v -0.0208673402667046 0.0289045497775078 -0.0208701398223639
vn -4.4488268309031023 0.9638184496442030 4.3283470627344522
v -0.0227472707629204 0.0260629598051310 -0.0221360903233290
vn -4.8571188783279302 1.3038743663170393 3.7646293197534968
v -0.0243139807134867 0.0238207504153252 -0.0232930704951286
vn -4.9807232130968266 1.5763589306763066 3.4886420721777904
v -0.0245367791503668 0.0229498706758022 -0.0232499800622463
vn -4.8629465456223055 1.9306071552532493 3.4762996289183006
v -0.0234198495745659 0.0236477795988321 -0.0220288001000881
vn -5.0944955149111841 1.8470709135161041 3.1774334521278105
v -0.0247566606849432 0.0221125409007072 -0.0231528803706169
vn -5.1933798486426479 2.1093313160995151 2.8354010924654052
v -0.0249723698943853 0.0213150903582573 -0.0229975506663322
vn -5.0578443714413730 2.5163844074120316 2.7461578968816678
v -0.0238517504185438 0.0222134497016668 -0.0216911993920803
vn -5.2734275940534374 2.3564438329441684 2.4690522641681283
v -0.0251828990876675 0.0205633603036404 -0.0227802898734808
vn -5.3325870066326377 2.5868265515952604 2.0801684060605168
v -0.0253868605941534 0.0198637805879116 -0.0224964004009962
vn -5.3688380407223555 2.8019261721785869 1.6660854441076218
v -0.0255832597613335 0.0192226693034172 -0.0221368595957756
vn -5.1598133770015906 3.0384177218477788 1.8949625786542863
v -0.0242598000913858 0.0209707003086805 -0.0211014691740274
vn -5.1687389079392458 3.2658160894475876 1.4362885060222417
v -0.0244519691914320 0.0204365793615580 -0.0206855498254299
vn -5.3799308239793735 2.9942436191076860 1.2410249211241129
v -0.0257709603756666 0.0186480805277824 -0.0216837506741285
vn -5.1512139811834059 3.4529040809195886 0.9947433682704794
v -0.0246346499770880 0.0199705902487040 -0.0201659705489874
vn -5.3687146396644563 3.1504992464828465 0.8379413405424975
v -0.0259486995637417 0.0181484799832106 -0.0211172606796026
vn -5.3429359984605282 3.2641503508120269 0.5016950313763858
v -0.0261151697486639 0.0177314803004265 -0.0204201899468899
vn -5.1179984032140089 3.5954074948293098 0.5663088475620646
v -0.0248065497726202 0.0195794701576233 -0.0195276699960232
vn -5.5385593635006485 2.9576320093994437 0.1662676524071202
v -0.0274446606636047 0.0154233500361443 -0.0203966405242682
vn -5.9038145869670222 2.1380761150006213 0.1466263601998228
v -0.0292514506727457 0.0115455901250243 -0.0229513607919216
vn -6.0410953903934477 1.7162156318288024 0.0222519454972050
v -0.0299939494580030 0.0092959403991699 -0.0237097702920437
vn -6.1481432140059589 1.2723089422914482 -0.1091899845504233
v -0.0305653791874647 0.0069697489961982 -0.0244081597775221
vn -6.1498532885904487 1.2593471872771720 -0.1439568210640266
v -0.0306723695248365 0.0065793390385807 -0.0231760703027248
vn -6.2212919536247622 0.8051998942454481 -0.2486519349498680
v -0.0309539996087551 0.0045878291130066 -0.0250415802001953
vn -6.2250149969960429 0.7834041276160750 -0.2273737350014906
v -0.0310546699911356 0.0041935439221561 -0.0237195398658514
vn -6.2565056838928559 0.3339833221363764 -0.3882205362958852
v -0.0311511699110270 0.0021522040478885 -0.0255937501788139
vn -6.2550936608719034 -0.1125232255587484 -0.5141208985329039
v -0.0311555806547403 -0.0002405209961580 -0.0261248908936977
vn -6.2640320382146415 -0.1546630661514906 -0.3857633909397152
v -0.0312529802322388 -0.0006411470239982 -0.0246155802160501
vn -6.2183935229078369 -0.5546182716138619 -0.6362118175130265
v -0.0309845805168152 -0.0025376670528203 -0.0267163496464491
vn -6.2298680466193082 -0.6110646029372655 -0.4587222072247350
v -0.0310832802206278 -0.0029563899151981 -0.0251013003289700
vn -6.1476262878127823 -0.9985626524263388 -0.7597508839546130
v -0.0306362491101027 -0.0047795171849430 -0.0273318793624640
vn -5.9131887262694587 -1.8428402049050454 -0.9865844256195329
v -0.0294295493513346 -0.0092035531997681 -0.0285025797784328
vn -5.7484350208078911 -2.2534146554902184 -1.0915930018265325
v -0.0285804793238640 -0.0113516999408603 -0.0290562491863966
vn -5.5529942027818020 -2.6535020958388915 -1.1909754152690069
v -0.0275741796940565 -0.0134266000241041 -0.0295941792428493
vn -5.3299651142909745 -3.0367931010002467 -1.2832056516995105
v -0.0264175496995449 -0.0154193602502346 -0.0301116704940796
vn -5.0970539918461046 -3.5437904211745268 -0.8898428827966163
v -0.0252319499850273 -0.0178710799664259 -0.0283059403300285
vn -4.8192043247223015 -3.9022281135628605 -0.9316923333648426
v -0.0237968508154154 -0.0196917001157999 -0.0286882501095533
vn -4.4992994034636382 -4.0839280399051177 -1.5134783150038593
v -0.0221230909228325 -0.0208244901150465 -0.0314966998994350
vn -4.1736841482145355 -4.6433389992768603 -0.6070040117720057
v -0.0206407904624939 -0.0233644805848598 -0.0266525708138943
vn -4.1836539275580371 -4.5594443299368459 -1.0006582261744379
v -0.0205518603324890 -0.0229929592460394 -0.0293767992407084
vn -2.6048043308963242 -5.7087495256958016 -0.1093381430181550
v -0.0129796797409654 -0.0286862794309855 -0.0216189604252577
vn -2.5626319005518039 -5.7209412737759617 0.0140664653482834
v -0.0128121897578239 -0.0287766996771097 -0.0171249508857727
vn -3.0093906810181448 -5.5059955014483570 -0.1036131118887142
v -0.0150595903396606 -0.0276460591703653 -0.0215476695448160
vn -2.9496571643363558 -5.5474943433091513 0.0403416067276948
v -0.0150735899806023 -0.0275743007659912 -0.0171249508857727
vn -3.3308280703216342 -5.3105859084728806 0.0127384459505068
v -0.0166924502700567 -0.0267134904861450 -0.0171249508857727
vn -3.6863171073256344 -5.0881114006352259 0.0138765115482248
v -0.0170917492359877 -0.0264233890920877 -0.0171249508857727
vn 1.9804120196266559 -5.3052700686610503 -2.6837002985461424
v 0.0094252815470099 -0.0276462994515896 -0.0358940884470940
vn 2.0161820703764044 -5.5052046512435737 -2.2137621057167713
v 0.0094611039385200 -0.0281512700021267 -0.0347448512911797
vn 1.5444768466638625 -5.6456143492377118 -2.2409196305185759
v 0.0072752828709781 -0.0287790801376104 -0.0349127016961575
vn 1.5317611356434992 -5.4339938558203000 -2.7185675910922895
v 0.0072473278269172 -0.0282698795199394 -0.0360723696649075
vn 0.5998207717767832 -5.5928980480878074 -2.7600401027331296
v 0.0027906289324164 -0.0290266796946526 -0.0362873598933220
vn -0.8361905922439952 -5.7839746028221644 -2.2634808239616655
v -0.0039901728741825 -0.0294213797897100 -0.0350703001022339
vn -0.8302291212457572 -5.5680571580588989 -2.7511767110737413
v -0.0039747948758304 -0.0289090797305107 -0.0362399816513062
vn -1.3071909707040597 -5.7030505122440349 -2.2465980508760532
v -0.0062291622161865 -0.0290450993925333 -0.0349627695977688
vn -1.7674552725460302 -5.5875695213007486 -2.2228835511486040
v -0.0084362616762519 -0.0285031702369452 -0.0348107814788818
vn -1.7533609714360465 -5.3776632725535194 -2.6978061807632283
v -0.0084044933319092 -0.0279978495091200 -0.0359642505645752
vn -2.1968374661692827 -5.2343728193197325 -2.6554192957785676
v -0.0105609800666571 -0.0272989794611931 -0.0357567593455315
vn -2.6674324273632672 -5.3892777632477795 -1.7286432799586819
v -0.0127525897696614 -0.0273584704846144 -0.0331499502062798
vn -2.2343235232478302 -5.4304565883249865 -2.1899352389072115
v -0.0106001403182745 -0.0277989506721497 -0.0346154496073723
vn -0.8369812466243991 -5.9647710885031335 -1.7145430614700699
v -0.0040042991749942 -0.0298590604215860 -0.0337938591837883
vn -0.3580758972892992 -5.8291967971260412 -2.2731037715724502
v -0.0017309179529548 -0.0296300593763590 -0.0351320505142212
vn 0.1240633445533068 -5.8377893468827260 -2.2754884756951483
v 0.0005368490237743 -0.0296700000762939 -0.0351471900939941
vn 0.1240522398422678 -6.0187878969065851 -1.7247635864304991
v 0.0005392549792305 -0.0301096998155117 -0.0338654518127441
vn 0.6047294493713172 -5.8095202940839723 -2.2711512418615705
v 0.0028015968855470 -0.0295405890792608 -0.0351149998605251
vn 1.0792713825441034 -5.7451469654327267 -2.2594773513419444
v 0.0050516119226813 -0.0292430501431227 -0.0350363813340664
vn 0.6049868846832936 -5.9901333654363178 -1.7234891491686479
v 0.0028123250231147 -0.0299798808991909 -0.0338355787098408
vn 1.0803310229419030 -5.9249024072546188 -1.7177258176245029
v 0.0050705070607364 -0.0296808406710625 -0.0337625704705715
vn 1.5468721157509433 -5.8240661567111243 -1.7072291771766270
v 0.0073019862174988 -0.0292144995182753 -0.0336474701762199
vn 0.1322334225350866 -6.2734246099934596 -0.0787767061023745
v 0.0005611369851977 -0.0314929410815239 -0.0218153502792120
vn 0.0078087661298666 -6.2692145859364699 0.0267970968999966
v 0.0000000000000000 -0.0314999781548977 -0.0171249508857727
vn -0.4489684006876218 -6.2668942080701147 0.0355108925188075
v -0.0017724629724398 -0.0313760600984097 -0.0171249508857727
vn 1.4818376780975673 -6.0971466562755472 -0.0881423088047010
v 0.0074581499211490 -0.0305936895310879 -0.0217572990804911
vn 1.7301921843550829 -6.0256161010394891 0.0232151732177086
v 0.0086825480684638 -0.0302797500044107 -0.0171249508857727
vn 1.0590916243104553 -6.1847845508383994 -0.0861539264284738
v 0.0051832189783454 -0.0310639701783657 -0.0217881705611944
vn 1.3036280953146511 -6.1462861519628964 0.0324740271220048
v 0.0074560642242432 -0.0305403992533684 -0.0171249508857727
vn 0.8772359461621119 -6.2075727319265281 0.0268842644529867
v 0.0043839211575687 -0.0311933699995279 -0.0171249508857727
vn 0.5622401173572675 -6.2494839421180490 -0.0744488274118871
v 0.0028800358995795 -0.0313641987740993 -0.0218076705932617
vn 0.4383931296920844 -6.2677990798421925 0.0215120077773668
v 0.0005489540053532 -0.0314615890383720 -0.0171249508857727
vn -0.4387833069551876 -6.2678223289252077 0.0121684469822966
v -0.0040954938158393 -0.0312135796993971 -0.0171249508857727
vn -0.8621714809168894 -6.2095146890072632 0.0226802617188086
v -0.0043839211575687 -0.0311933699995279 -0.0171249508857727
vn -1.3207448306382119 -6.1425909823827212 0.0310762515849163
v -0.0063776960596442 -0.0307697001844645 -0.0171249508857727
vn -1.7145829549142091 -6.0296659352296569 0.0146521505388024
v -0.0086825480684638 -0.0302797500044107 -0.0171249508857727
vn -2.1682914261102515 -5.8885053462951511 -0.0931288406601721
v -0.0108291497454047 -0.0295694991946220 -0.0216795802116394
vn 1.8569115212556009 -4.4312453575940438 -4.0256015765935569
v 0.0093067279085517 -0.0257192794233561 -0.0387632809579372
vn 1.2013413427219666 -2.9859341716905043 -5.3771004539156175
v 0.0069751730188727 -0.0219381991773844 -0.0423749610781670
vn 1.2912055167518222 -3.5566796372499256 -4.9878691740305650
v 0.0070505142211914 -0.0238419696688652 -0.0411718413233757
vn 0.8353129489524626 -3.0303363077767140 -5.4211294290926730
v 0.0048410887829959 -0.0223583504557610 -0.0425438806414604
vn -0.2390448706664271 -1.6782154267085752 -6.0419636584934917
v -0.0015982979675755 -0.0160142704844475 -0.0453323684632778
vn -0.2266723405715700 -1.3287721234936749 -6.1304913128917224
v -0.0015769599704072 -0.0135549902915955 -0.0459333583712578
vn -0.5121941507923007 -1.3200771371172979 -6.1151786548760949
v -0.0036371939349920 -0.0133984601125121 -0.0458427593111992
vn -0.4806627906439373 -0.9621652252037842 -6.1829492585016492
v -0.0035871861036867 -0.0108743896707892 -0.0463213883340359
vn 2.3286404046904083 -4.6121834145187570 -3.5476232188733237
v 0.0114617897197604 -0.0256571695208549 -0.0376484915614128
vn 2.2667906956862787 -4.3025550179026020 -3.9552189257415304
v 0.0114120803773403 -0.0249578896909952 -0.0385075807571411
vn 2.1772164078523550 -3.9101597691383763 -4.3816425297241510
v 0.0113603398203850 -0.0241997800767422 -0.0392921492457390
vn 2.0523223176263254 -3.3878484566485807 -4.8495521540598272
v 0.0112511496990919 -0.0225232802331448 -0.0406733714044094
vn 1.6757058433932102 -3.4815316420158848 -4.9267111659016880
v 0.0091729760169983 -0.0232569500803947 -0.0409511886537075
vn 0.7763110075329057 -2.5153814588767029 -5.6910165779458541
v 0.0047854180447757 -0.0202733799815178 -0.0435808785259724
vn 0.3997147249015067 -2.0773318867268635 -5.9056564384467674
v 0.0026205179747194 -0.0182958804070950 -0.0445725917816162
vn 0.3723783635007655 -1.6745603490983147 -6.0362879433320575
v 0.0025869600940496 -0.0159359499812126 -0.0453076884150505
vn 0.0669451043013338 -1.6805992010472399 -6.0456541082408908
v 0.0004955630283803 -0.0160429403185844 -0.0453542396426201
vn -0.2137440663556143 -0.9691571615428461 -6.1968104620262645
v -0.0015551439719275 -0.0110229803249240 -0.0464122816920280
vn -0.4469775363473349 -0.5608591261478583 -6.2349232275049316
v -0.0034852619282901 -0.0057051181793213 -0.0469619594514370
vn -0.6919381312761540 -0.5513388336207569 -6.2133340564429496
v -0.0054484000429511 -0.0054616332054138 -0.0468041785061359
vn 0.0552469510895948 -0.9707000799005036 -6.1999888849499278
v 0.0004821610054933 -0.0110482499003410 -0.0464344583451748
vn 0.0611429551332478 -1.3307329503840837 -6.1339299896170880
v 0.0004889320116490 -0.0135819902643561 -0.0459554716944695
vn 0.6749375435652338 -1.6602677688890477 -6.0140007648762737
v 0.0046672821044922 -0.0156939607113600 -0.0451936684548855
vn 0.7226367593206583 -2.0594068351285619 -5.8813304425668029
v 0.0047273631207645 -0.0180438701063395 -0.0444600507616997
vn 1.0424823516464752 -2.0313462170956180 -5.8429783333691319
v 0.0068132281303406 -0.0176522694528103 -0.0442826710641384
vn 1.1182136092646977 -2.4801882413144423 -5.6495254708265588
v 0.0068958988413215 -0.0198669992387295 -0.0434070788323879
vn 1.4564432227710633 -2.4324914537476694 -5.5930339761711894
v 0.0089749088510871 -0.0193178001791239 -0.0431707501411438
vn 1.5619438084773949 -2.9259727509187998 -5.3173335944958930
v 0.0090764760971069 -0.0213702898472548 -0.0421455502510071
vn 2.4205620603736575 -3.2761556522712554 -4.7562675968320400
v 0.0132748400792480 -0.0216445904225111 -0.0403397604823112
vn 2.5622332055933472 -3.7760600696297661 -4.2909105489738941
v 0.0134006701409817 -0.0232982002198696 -0.0389754697680473
vn 2.6749476595266435 -4.1430974350257124 -3.8692974738364940
v 0.0134602701291442 -0.0240460000932217 -0.0382009707391262
vn 2.7321740422293019 -4.4475299845774598 -3.4703027004946163
v 0.0135175501927733 -0.0247358605265617 -0.0373530909419060
vn 3.3783668619969691 0.6795930261680352 -5.2437753083607772
v 0.0219889804720879 0.0155900698155165 -0.0413685999810696
vn 3.9016116063112687 0.2684645626761589 -4.9054265350191715
v 0.0241295602172613 0.0086852312088013 -0.0404735803604126
vn 4.2765096613138134 0.3577523778485931 -4.5747009539191312
v 0.0252501908689737 0.0099031319841743 -0.0394303686916828
vn 4.7342104811503471 0.2192741825523650 -4.1053394491987074
v 0.0266802906990051 0.0073551530949771 -0.0381258688867092
vn 5.2961440494696390 -0.1786061189118569 -3.3504597179859283
v 0.0283575002104044 0.0016906260279939 -0.0358940884470940
vn 5.1778127863279542 0.0860734822093526 -3.5318015464572792
v 0.0279358606785536 0.0051681390032172 -0.0365924797952175
vn 5.6476724711512452 -0.1533105711681957 -2.7245697665800663
v 0.0291926804929972 0.0019112220034003 -0.0343907400965691
vn 6.0510557184973131 0.2544028317757669 -1.6280758869968917
v 0.0301162600517273 0.0044205780141056 -0.0318760797381401
vn 1.8423673205074642 1.3569061729216099 -5.8409156521134964
v 0.0151140596717596 0.0244389697909355 -0.0429464504122734
vn 1.9266758655589933 1.0917506586577392 -5.8668520768581427
v 0.0154045801609755 0.0206032898277044 -0.0436588488519192
vn 2.2896033963729057 0.8291603952537885 -5.7846402437813564
v 0.0172982793301344 0.0172218605875969 -0.0435260497033596
vn 2.5986587914775674 0.8603424318209917 -5.6471968720642023
v 0.0187987592071295 0.0178982596844435 -0.0427871905267239
vn 3.0209592698585492 0.6255239148191740 -5.4649152394955847
v 0.0206384006887674 0.0147152496501803 -0.0422792993485928
vn 3.1022959750026380 0.3715753512926682 -5.4427617321622881
v 0.0210752394050360 0.0106433602049947 -0.0424032807350159
vn 3.4542207266521854 0.4339644579624742 -5.2207829129906953
v 0.0224278494715691 0.0116313602775335 -0.0414998494088650
vn 4.0117884244844939 -0.0021109566422190 -4.8205095332084786
v 0.0245916806161404 0.0045930137857795 -0.0402222797274590
vn 4.3725562253651145 0.1036462594197511 -4.4934518883600925
v 0.0257060509175062 0.0059514641761780 -0.0392077490687370
vn 4.5182430108140137 -0.2073521880343004 -4.3388596295178115
v 0.0261590406298637 0.0020216100383550 -0.0387216806411743
vn 5.0021261673989201 -0.3615798149145724 -3.7612758445994814
v 0.0275558792054653 -0.0000523048984178 -0.0369227491319180
vn 4.8570359298339048 -0.0651462989031383 -3.9607976621456462
v 0.0271244607865810 0.0035729999653995 -0.0376837812364101
vn 5.9060384370157815 -0.0408052342166679 -2.1126249559421333
v 0.0298392698168755 0.0024030799977481 -0.0328650400042534
vn 5.9585926686998194 -0.1651126474105360 -1.9538862194609870
v 0.0300194006413221 0.0010762809542939 -0.0322719812393188
vn 6.0878505223273089 0.1383542681945389 -1.5082268413115476
v 0.0302937608212233 0.0031582110095769 -0.0313340984284878
vn -2.1189304081218614 -4.6893611347589648 -3.5779010930455630
v -0.0104759903624654 -0.0260899607092142 -0.0377441011369228
vn -0.8021548907342995 -4.9846113101347278 -3.7116515110309916
v -0.0039414158090949 -0.0276703797280788 -0.0382750593125820
vn -0.3513469594706580 -5.3398831207141990 -3.2583637718617440
v -0.0017171499785036 -0.0285292807966471 -0.0373746715486050
vn 0.1169288261034448 -5.0312209143772044 -3.7328695270703154
v 0.0005301620112732 -0.0279112998396158 -0.0383647605776787
vn 0.5770884786967283 -5.0069319380882522 -3.7229415078697787
v 0.0027670259587467 -0.0277842804789543 -0.0383270904421806
vn 1.0310186043720984 -4.9517138686935027 -3.6990891532927641
v 0.0049897432327271 -0.0274931695312262 -0.0382353588938713
vn 1.9089480308494955 -4.7527525434493798 -3.6113655806951792
v 0.0093480944633484 -0.0264264903962612 -0.0378947816789150
vn 2.7901598352194985 -4.7193317460714859 -3.0370893380495305
v 0.0135723901912570 -0.0253640990704298 -0.0364228412508965
vn 3.1214804395321027 -4.1905402097218651 -3.4513690425803425
v 0.0155046498402953 -0.0236678700894117 -0.0370096489787102
vn 3.1957535957317247 -4.5072559094912119 -2.9584922341954814
v 0.0155658703297377 -0.0242861490696669 -0.0360943600535393
vn 4.0042479908284330 -4.5313063704033354 -1.6214023982529429
v 0.0194951798766851 -0.0231125894933939 -0.0321329794824123
vn 3.2601914590655152 -5.0595405488461500 -1.7122906671788476
v 0.0157321598380804 -0.0257420502603054 -0.0327877886593342
vn 2.8345166760665297 -5.0008396828111454 -2.4767727521490928
v 0.0136245395988226 -0.0259265806525946 -0.0354015789926052
vn 2.4366235239521257 -5.1755613983701689 -2.5421927510608278
v 0.0115547701716423 -0.0268637500703335 -0.0356701016426086
vn -2.6462121715099434 -5.0905741604891137 -2.5049423352092290
v -0.0126636000350118 -0.0264425799250603 -0.0355045683681965
vn -2.1637785093735564 -4.9811108234906323 -3.1275789811338237
v -0.0105194998905063 -0.0267280898988247 -0.0367970392107964
vn -1.7280397834264698 -5.1171323892006244 -3.1776122141804386
v -0.0083708763122559 -0.0274210497736931 -0.0370154902338982
vn -1.2789682582782769 -5.2232378138532836 -3.2162740889523462
v -0.0061801671981812 -0.0279542803764343 -0.0371853709220886
vn -1.2973154229920534 -5.4894044067089922 -2.7292246417685524
v -0.0062053790315986 -0.0285357795655727 -0.0361257717013359
vn -0.8188267695671301 -5.2980852475156377 -3.2430982066307643
v -0.0039585228078067 -0.0283243004232645 -0.0373055897653103
vn -0.3558502728342453 -5.6119438931726329 -2.7636026251309844
v -0.0017242430476472 -0.0291160903871059 -0.0363056585192680
vn 0.1202869561724778 -5.3478687940798864 -3.2618301349721248
v 0.0005324829835445 -0.0285679604858160 -0.0373914800584316
vn 0.5905128681187464 -5.3218684511769503 -3.2533003410607675
v 0.0027791259344667 -0.0284399893134832 -0.0373554788529873
vn 0.1226661089128891 -5.6201824766548585 -2.7666846723640579
v 0.0005346930120140 -0.0291554909199476 -0.0363216884434223
vn 1.0542815536749446 -5.2624044872611364 -3.2331199462773319
v 0.0050113787874579 -0.0281464997678995 -0.0372675582766533
vn 1.0705343596740866 -5.5304361342878225 -2.7438677633949005
v 0.0050320019945502 -0.0287309791892767 -0.0362038612365723
vn 1.5087881842794020 -5.1708184518500975 -3.2012214085644790
v 0.0072179432027042 -0.0276889801025391 -0.0371291600167751
vn 1.9508743099870585 -5.0486428446834823 -3.1579838511765193
v 0.0093876123428345 -0.0270701590925455 -0.0369414612650871
vn 2.3785708681721252 -4.8975467376485344 -3.1032834832153311
v 0.0115093495696783 -0.0262938700616360 -0.0367055498063564
vn 3.2318393447887623 -4.7863504522148297 -2.4165066728611611
v 0.0156241599470377 -0.0248399898409843 -0.0350896716117859
vn 3.6154126078526434 -4.4881668077746957 -2.4279520872166600
v 0.0175427701324224 -0.0236100498586893 -0.0347355008125305
vn 0.9752294094170639 -1.6377082669208003 -5.9789105204969815
v 0.0067275757901371 -0.0153179699555039 -0.0450135394930840
vn 0.9164842228467374 -1.2959305279749784 -6.0729813937143966
v 0.0066395988687873 -0.0128878904506564 -0.0456119701266289
vn 1.2744083409787250 -1.6069430794200072 -5.9307447141870950
v 0.0087591996416450 -0.0148098403587937 -0.0447683893144131
vn 1.6762015462902737 -1.9448431576882896 -5.7237888843584068
v 0.0108853504061699 -0.0164593998342752 -0.0437365695834160
vn 2.1235042162934930 -2.2998888303672427 -5.4334868868275228
v 0.0130003597587347 -0.0178039595484734 -0.0425148010253906
vn 1.7912586053476596 -2.3724339258817713 -5.5212188580762742
v 0.0110128503292799 -0.0186289492994547 -0.0428730808198452
vn 2.2668362983545407 -2.7611695804547618 -5.1495696295593163
v 0.0131410900503397 -0.0198049508035183 -0.0415093787014484
vn 3.3152344963383564 -3.5147465418392123 -3.9742295717037490
v 0.0172707997262478 -0.0210699997842312 -0.0381878018379211
vn 3.8335015322659185 -3.8070611336176126 -3.1481332165080520
v 0.0192314907908440 -0.0211155992001295 -0.0361833497881889
vn 4.1660599641408034 -3.5553524945079920 -3.0213252208017156
v 0.0209511499851942 -0.0196455698460340 -0.0357029996812344
vn 4.2858845742536076 -3.9494157599310471 -2.2735651832006205
v 0.0210961606353521 -0.0207477807998657 -0.0339050814509392
vn 4.6554953785452771 -3.9119495782164107 -1.5023032971601111
v 0.0228464603424072 -0.0199606996029615 -0.0313401818275452
vn 4.5978185740652933 -3.6482904806978489 -2.1708035695767793
v 0.0227115694433451 -0.0191312991082668 -0.0334313511848450
vn -0.6099100023071409 0.0963785013031492 -6.2486924318222759
v -0.0051337480545044 0.0046585202217102 -0.0471544787287712
vn -0.3947866796325264 0.0949639147132419 -6.2658718642610154
v -0.0032818911131471 0.0044674868695438 -0.0473060011863708
vn -0.4177871930986307 -0.2031533489053771 -6.2612441278685891
v -0.0033826821018010 -0.0005355870234780 -0.0472614690661430
vn -0.1880613951399735 -0.2072160279120466 -6.2722026648251648
v -0.0014659760054201 -0.0006532089901157 -0.0473503395915031
vn -0.2000628337255178 -0.5661872326246284 -6.2471997639673935
v -0.0015106790233403 -0.0058379168622196 -0.0470524989068508
vn 0.0486707103755004 -0.5673404091245072 -6.2501076043877060
v 0.0004683570005000 -0.0058599109761417 -0.0470744892954826
vn 0.3485491431770734 -1.3258020904316354 -6.1254424254042465
v 0.0025525090750307 -0.0134792895987630 -0.0459085702896118
vn 0.3236828087185842 -0.9668561693199945 -6.1924348730571603
v 0.0025172820314765 -0.0109501397237182 -0.0463873706758022
vn 0.6332829661194349 -1.3142815240081935 -6.1051182010659577
v 0.0046054720878601 -0.0132476603612304 -0.0457935892045498
vn 1.3601719263952716 -1.9931509279242410 -5.7906198644623066
v 0.0088688731193542 -0.0171230994164944 -0.0440411493182182
vn 1.9170658703118564 -2.8510283781595795 -5.2416038923667392
v 0.0111351003870368 -0.0206579491496086 -0.0418566390872002
vn 2.7799073917918276 -3.1471077309053275 -4.6464472753589474
v 0.0152338696643710 -0.0206259395927191 -0.0399512015283108
vn 2.9670774645886113 -3.6772944675228993 -4.1004762541152795
v 0.0153741799294949 -0.0222529694437981 -0.0386070013046265
vn 3.4950604212246783 -4.0224620512531803 -3.2709895497364152
v 0.0174126606434584 -0.0224589705467224 -0.0366193614900112
vn 3.9513585089757863 -4.2306921214494482 -2.3659697325713345
v 0.0193699505180120 -0.0222433805465698 -0.0343402586877346
vn -1.7606296548376006 -5.9099467886791421 -1.1053029365218170
v -0.0085174441337585 -0.0295836906880140 -0.0307507496327162
vn -2.2185231934757259 -5.6158481869639800 -1.6657628878639854
v -0.0106367403641343 -0.0282264892011881 -0.0333707891404629
vn -1.7702971861212560 -5.7662403271782381 -1.6866138618874826
v -0.0084658861160278 -0.0289349500089884 -0.0335524603724480
vn -1.3008180283663759 -6.0262195944173147 -1.1124045723578362
v -0.0062891840934753 -0.0301340799778700 -0.0308681707829237
vn -1.3088308542419722 -5.8830192021765564 -1.7028073809061737
v -0.0062512150034308 -0.0294802691787481 -0.0336938500404358
vn -0.8315205710086166 -6.1075899901300659 -1.1175168016798367
v -0.0040279622189701 -0.0305164996534586 -0.0309512000530958
vn -0.3562443920772445 -6.1529499273680548 -1.1209169559261667
v -0.0017457000212744 -0.0307289902120829 -0.0309990607202053
vn -0.3583485172584318 -6.0102089538914978 -1.7219655546156822
v -0.0017368789995089 -0.0300692897289991 -0.0338515006005764
vn 0.1222686620857677 -6.1617183472052002 -1.1228120626787814
v 0.0005454859929159 -0.0307703595608473 -0.0310107991099358
vn 1.0719575097347402 -6.0696282913682005 -1.1219850116379884
v 0.0051064491271973 -0.0303393602371216 -0.0309256892651320
vn 1.9903134177581527 -5.8358477135359346 -1.1137495761273941
v 0.0095587959513068 -0.0292339902371168 -0.0307009797543287
vn 2.4303699516931752 -5.6688040756698133 -1.1059769538292703
v 0.0117147499695420 -0.0284358803182840 -0.0305383801460266
vn 2.0000818283233550 -5.6900324995121139 -1.6908458963189110
v 0.0094951977953315 -0.0285832807421684 -0.0334914885461330
vn 2.4566349975062431 -5.4799783229533148 -1.7570185754255496
v 0.0116387596353889 -0.0277912002056837 -0.0332953892648220
vn 2.8545151319551243 -5.4703763113098756 -1.0952051367901827
v 0.0138085400685668 -0.0274796392768621 -0.0303435903042555
vn 2.8569548291446840 -5.2845422434751370 -1.7477901459897149
v 0.0137213403359056 -0.0268422905355692 -0.0330604910850525
vn 3.6432393648917092 -4.8077129234909126 -1.6701692147524272
v 0.0176602005958557 -0.0244966708123684 -0.0324782691895962
vn 4.0110857117424406 -4.7038835109522719 -1.0408731389522352
v 0.0196071807295084 -0.0237198397517204 -0.0295745693147182
vn 4.3418305453791630 -4.2322362303429282 -1.5655842536857598
v 0.0212271790951490 -0.0215978603810072 -0.0317533016204834
vn 3.6115194602804115 -5.1304288962981870 -0.1329121260748007
v 0.0179855804890394 -0.0258156601339579 -0.0214383006095886
vn 4.6407725775378266 -4.2215573663317780 -0.1694651660491305
v 0.0232193991541862 -0.0212111398577690 -0.0211254898458719
vn 4.3244109066741290 -4.5453383128758542 -0.1488654170115222
v 0.0215891506522894 -0.0228738691657782 -0.0212391000241041
vn 4.3747022630112475 -4.5099333093820357 -0.0115381939792263
v 0.0232583805918694 -0.0212230607867241 -0.0171249508857727
vn 3.9649783352547256 -4.8621661620545762 -0.1502213245150500
v 0.0198412500321865 -0.0244113802909851 -0.0213434603065252
vn 3.7011063285984878 -5.0773933705179424 0.0026113592017804
v 0.0198672991245985 -0.0244068503379822 -0.0171249508857727
vn 3.6930901027582856 -5.0831382379899841 0.0245646025639183
v 0.0179830696433783 -0.0257757902145386 -0.0171249508857727
vn 3.3182159568456524 -5.3182380145477355 0.0072902085535982
v 0.0166924502700567 -0.0267134904861450 -0.0171249508857727
vn -3.0569336368421407 -5.3646807563626258 -1.0687627278661640
v -0.0148878600448370 -0.0269615594297647 -0.0302017908543348
vn -2.6411682059560793 -5.5775188776234179 -1.0838756953805773
v -0.0128282904624939 -0.0279932003468275 -0.0304166600108147
vn -2.2080616336955186 -5.7599413845024916 -1.0959367596996055
v -0.0107010602951050 -0.0288687907159328 -0.0305999498814344
vn -1.2901594132098060 -6.1040594128093382 -0.6342612317711557
v -0.0063198199495673 -0.0305421892553568 -0.0278090797364712
vn -0.8245579789635893 -6.1840611342055700 -0.6350358053409915
v -0.0040464401245117 -0.0309268794953823 -0.0278734508901834
vn -0.3536663380991996 -6.2286168433752751 -0.6361568122184540
v -0.0017516009975225 -0.0311409793794155 -0.0279105901718140
vn 0.1200124527691791 -6.2373538870401424 -0.6377670382041084
v 0.0005523919826373 -0.0311831794679165 -0.0279197599738836
vn 0.5995587394080111 -6.1338640506023303 -1.1231763477531245
v 0.0028335449751467 -0.0306400600820780 -0.0309860706329346
vn 1.0612324374515991 -6.1473323879679951 -0.6424960808264902
v 0.0051386947743595 -0.0307516995817423 -0.0278542004525661
vn 1.5366607071098841 -5.9698984731794971 -1.1188721125529457
v 0.0073521728627384 -0.0298697892576456 -0.0308302603662014
vn 2.4132004552871025 -5.7524882156694019 -0.6495313357502701
v 0.0117810899391770 -0.0288416706025600 -0.0275547504425049
vn 2.8374732503833462 -5.5557302357017031 -0.6502910436160579
v 0.0138843599706888 -0.0278815608471632 -0.0274038892239332
vn 3.2605150993613758 -5.2421987412265096 -1.0810853774173679
v 0.0158291999250650 -0.0263707600533962 -0.0301173906773329
vn 3.2442633058118671 -5.3288875179285604 -0.6495308800641435
v 0.0159132406115532 -0.0267679598182440 -0.0272286497056484
vn 3.6468206253843847 -4.9859557818830957 -1.0631006685872990
v 0.0177654605358839 -0.0251152496784925 -0.0298606697469950
vn 3.9989949542685217 -4.7904965873068743 -0.6418113434194288
v 0.0197040997445583 -0.0241054799407721 -0.0268079601228237
vn 4.3519943586794403 -4.3977331118321281 -1.0139698813165035
v 0.0213443003594875 -0.0221926495432854 -0.0292598605155945
vn 4.6626597369199665 -4.1514421747465988 -0.6223610830049795
v 0.0230713393539190 -0.0209126397967339 -0.0262990500777960
vn 4.6687211193549620 -4.0689393271491889 -0.9819975431662830
v 0.0229671504348516 -0.0205419007688761 -0.0289177801460028
vn 4.9568739529476451 -3.7983889037908360 -0.6073110397786485
v 0.0245725493878126 -0.0191385708749294 -0.0260140802711248
vn 4.9600088594464751 -3.7192956514319113 -0.9447863219461430
v 0.0244666896760464 -0.0187762901186943 -0.0285498406738043
vn 5.2248402063317894 -3.3503529376003027 -0.9020360924465665
v 0.0258343797177076 -0.0169051792472601 -0.0281580593436956
vn 5.4616858070367522 -2.9646287767159301 -0.8539439387973868
v 0.0270621702075005 -0.0149384699761868 -0.0277441702783108
vn 5.2068814362163476 -3.2141071255671969 -1.3528333513412132
v 0.0257112905383110 -0.0163541994988918 -0.0304218493402004
vn 4.9440570422069321 -3.5722092187344909 -1.4314161018888756
v 0.0243440791964531 -0.0182096902281046 -0.0308956503868103
vn 4.8860962895505846 -3.3289129182879060 -2.0575943473373446
v 0.0242068693041801 -0.0174025800079107 -0.0329210683703423
vn 3.9930819547268923 -3.1020499772730488 -3.6885246348036822
v 0.0207929592579603 -0.0183167997747660 -0.0372015796601772
vn 3.6617924485954325 -3.3175311319407692 -3.8394080917412881
v 0.0190802793949842 -0.0197553597390652 -0.0377189517021179
vn 3.4707543134974967 -2.8369239931277983 -4.3752743684447530
v 0.0189176704734564 -0.0181917492300272 -0.0390129610896111
vn 3.1303210230926064 -3.0005043924023651 -4.5196139103594293
v 0.0171181503683329 -0.0194729492068291 -0.0395087003707886
vn 2.9510135217239069 -2.5362177620820217 -4.9137676445005267
v 0.0169558506458998 -0.0176967903971672 -0.0406426712870598
vn 2.6114430003981051 -2.6562977479448158 -5.0405914326902916
v 0.0150846801698208 -0.0188161693513393 -0.0411044918000698
vn 2.4536618630733851 -2.2147142262620925 -5.3288418046258048
v 0.0149276796728373 -0.0168475508689880 -0.0420965515077114
vn 1.9917777776328336 -1.8862354101921315 -5.6416232311532957
v 0.0128535004332662 -0.0156643893569708 -0.0433697700500488
vn 1.1995040748772337 -1.2707353758652555 -6.0288038062211653
v 0.0086464276537299 -0.0124017000198364 -0.0453643687069416
vn 0.5899606867066726 -0.9576286001114829 -6.1742098791612117
v 0.0045424099080265 -0.0107291899621487 -0.0462720915675163
vn 0.5433357335023156 -0.5571845911890977 -6.2276053446533988
v 0.0044138431549072 -0.0055716629140079 -0.0469129607081413
vn 0.2737623829041310 -0.2056716501553192 -6.2691026724084047
v 0.0023732180707157 -0.0005923900171183 -0.0473260805010796
vn 0.2968871284690641 -0.5643442900736059 -6.2435382284868579
v 0.0024454589001834 -0.0057710399851203 -0.0470277592539787
vn 0.0429550673724449 -0.2080800663323743 -6.2748334775127708
v 0.0004544699913822 -0.0006721260142513 -0.0473719798028469
vn 0.0388317305871029 0.0911428551022864 -6.2782102375197510
v 0.0004408190143295 0.0043477411381900 -0.0474135801196098
vn -0.1785698114525270 0.0871512566516944 -6.2759850390074865
v -0.0014219880104065 0.0043638939969242 -0.0473925396800041
vn -0.5764062385319766 0.3940470597459047 -6.2369583364726271
v -0.0049840211868286 0.0094188451766968 -0.0469871684908867
vn -0.8267896249367493 0.1100741557845901 -6.2232576216403386
v -0.0069723720662296 0.0049369330517948 -0.0469385907053947
vn -0.8747528851616760 -0.1848559977133332 -6.2143738618220148
v -0.0071809291839600 -0.0000046584600568 -0.0468852482736111
vn -0.6459077942809612 -0.1957465603971713 -6.2420680543862925
v -0.0052897329442203 -0.0003192820004188 -0.0471061393618584
vn -0.9372844144025965 -0.5376511183434101 -6.1821978818501124
v -0.0073930621147156 -0.0051081180572510 -0.0465799495577812
vn -0.7454900356551810 -0.9497323197043694 -6.1585577285883772
v -0.0056060547940433 -0.0106028895825148 -0.0461628995835781
vn -1.0094797503773603 -0.9318980135340427 -6.1235113454917887
v -0.0076037640683353 -0.0102093797177076 -0.0459379516541958
vn -1.0770474149177971 -1.2823989339398187 -6.0493918819184875
v -0.0077071180567145 -0.0126996599137783 -0.0454610511660576
vn -1.1416944321999409 -1.6215536831904473 -5.9536695616078026
v -0.0078082680702209 -0.0151181798428297 -0.0448642894625664
vn -0.8980868719043742 -2.0453269551814079 -5.8619202456689612
v -0.0058326721191406 -0.0178925897926092 -0.0443542003631592
vn -0.9598061522322944 -2.4981944660875159 -5.6704408827173953
v -0.0059037799946964 -0.0201138798147440 -0.0434772893786430
vn -1.3906343043708782 -2.9568795856640420 -5.3472323141872158
v -0.0080926408991218 -0.0217046700417995 -0.0422356687486172
vn -1.1017677317111485 -3.5869344762636208 -5.0108457261130788
v -0.0060365791432559 -0.0240996405482292 -0.0412378907203674
vn -2.0632013979914414 -4.3725274605559861 -3.9900003981927039
v -0.0104303900152445 -0.0253885891288519 -0.0386067591607571
vn -2.5320142490702011 -4.5363782356620055 -3.5069188457602811
v -0.0125639997422695 -0.0252490006387234 -0.0374665781855583
vn -2.5845445185541416 -4.8167651299875605 -3.0661307746665445
v -0.0126150799915195 -0.0258789602667093 -0.0365314409136772
vn -3.0345367027138965 -4.9048296779527956 -2.4319871351212217
v -0.0147014800459146 -0.0254334807395935 -0.0352086983621120
vn -3.0576816219175540 -5.1807957027188403 -1.7163698961256149
v -0.0148019697517157 -0.0263358894735575 -0.0328910909593105
vn 6.2328345360323762 0.2756301098856089 -0.6841440202169327
v 0.0308582708239555 0.0023113479837775 -0.0282368008047342
vn 6.2035179721577665 -0.8764546677807289 -0.3787841580410864
v 0.0309698507189751 -0.0043569798581302 -0.0236041508615017
vn 6.1133613865973579 -1.2807443157272069 -0.6106371954292562
v 0.0304404404014349 -0.0063490858301520 -0.0259072706103325
vn 5.9961853528533302 -1.7213475517959838 -0.6781186634517802
v 0.0298374798148870 -0.0085849761962891 -0.0263851806521416
vn 5.9786041238955843 -1.6344161045576040 -0.9650348364688810
v 0.0297216698527336 -0.0081048598513007 -0.0282732807099819
vn 5.8288567201695116 -2.0500549065435436 -1.0726924082741147
v 0.0289515797048807 -0.0102677904069424 -0.0288435798138380
vn 5.7841628595897703 -1.8925681911034773 -1.5015184779951707
v 0.0288188997656107 -0.0095618357881904 -0.0305584594607353
vn 5.5999439314161128 -2.2731763485415062 -1.6558399530514896
v 0.0278868600726128 -0.0116377398371696 -0.0311934892088175
vn 5.5094778707193752 -2.0353600429968122 -2.1810830943376271
v 0.0277370791882277 -0.0106917601078749 -0.0326966606080532
vn 5.1468398557982686 -2.0668759821958171 -2.9129997768012332
v 0.0264852605760098 -0.0114845596253872 -0.0346806608140469
vn 4.8867400935059768 -2.3509507850698630 -3.1337309009022221
v 0.0252543594688177 -0.0133370701223612 -0.0353739783167839
vn 4.4239955235722350 -2.2449426971950568 -3.8278991898168693
v 0.0237110797315836 -0.0136534497141838 -0.0372185707092285
vn 4.2434109912832598 -1.9007775235838542 -4.2048780672904504
v 0.0235216598957777 -0.0120460903272033 -0.0382433496415615
vn 3.4324830751407274 -1.8781531549989217 -4.9002865117556809
v 0.0202515702694654 -0.0132442703470588 -0.0404877588152885
vn 3.7534190351696415 -1.7372061464337061 -4.7134350569619610
v 0.0218413397669792 -0.0118206702172756 -0.0398354493081570
vn 2.7961722818284445 -1.3176210742683543 -5.4603665392500282
v 0.0181767903268337 -0.0104070901870728 -0.0425850711762905
vn 1.6616700556075732 -0.8643618257761401 -5.9893518537992350
v 0.0123857799917459 -0.0086434483528137 -0.0451460406184196
vn 1.2880804457093975 -0.5095029567602439 -6.1209615672975319
v 0.0101971002295613 -0.0043192501179874 -0.0461684390902519
vn 1.2011124833850892 -0.1617191044146569 -6.1600854569001040
v 0.0099131455644965 0.0007048529805616 -0.0464784502983093
vn 0.9088250447527810 0.1172376703245343 -6.2115956877759819
v 0.0078285327181220 0.0051543707959354 -0.0468442998826504
vn 0.6486791089085349 0.3979616525481539 -6.2294986106446135
v 0.0058275461196899 0.0095661282539368 -0.0469179712235928
vn 6.2187249192589817 -0.2613686880821152 -0.8016434576964856
v 0.0309044700115919 -0.0007253899821080 -0.0278831701725721
vn 6.2497013432632418 0.1800106557165795 -0.5366347927265315
v 0.0310474000871181 0.0013069510459900 -0.0267078801989555
vn 1.8781522736305740 0.2030827860585457 -5.9867347942607294
v 0.0148586602881551 0.0073086610063910 -0.0452148914337158
vn 1.9686068993964327 -0.0830041716794736 -5.9600191755824348
v 0.0152485901489854 0.0026599159464240 -0.0451382882893085
vn 2.3771075238125308 -0.3687886065980125 -5.7949797763788622
v 0.0173489991575480 -0.0012130730319768 -0.0442341491580009
vn 2.6789279484605255 -0.3149394022530229 -5.6644941726690510
v 0.0189814493060112 -0.0002052430063486 -0.0435758791863918
vn 3.1474472475271034 -0.5836519196281091 -5.3955007207741366
v 0.0209855996072292 -0.0035791990812868 -0.0422446690499783
vn 3.2951772190204927 -0.8636355108392604 -5.2702011146044567
v 0.0212076902389526 -0.0057557220570743 -0.0418081805109978
vn 3.7540187265241096 -1.0105548092971159 -4.9240200182892426
v 0.0228995606303215 -0.0064573278650641 -0.0405153594911098
vn 4.2223870716315810 -1.1346055592504734 -4.4971690146095158
v 0.0244762804359198 -0.0068716998212039 -0.0390920005738735
vn 4.0775947088026152 -0.8810944123242639 -4.6853317172013060
v 0.0242602806538343 -0.0049611921422184 -0.0397027693688869
vn 4.9721577999598381 -1.0129110220140713 -3.6847592967174156
v 0.0270153805613518 -0.0052168359979987 -0.0366884395480156
vn 4.6812672050074555 -1.2196099055364991 -3.9903148872234837
v 0.0259191896766424 -0.0069860811345279 -0.0375515818595886
vn 5.4811605272254997 -1.2179341923946603 -2.7896037745526328
v 0.0283396802842617 -0.0063015809282660 -0.0341832004487514
vn 5.6896173722561549 -0.9214809820521043 -2.4702994807078764
v 0.0291236005723476 -0.0043006530031562 -0.0333282910287380
vn 6.1186683923035350 -0.5602095965809938 -1.2648435904421178
v 0.0305016599595547 -0.0022007219959050 -0.0297544505447149
vn 6.2376104987236340 -0.3323718815560596 -0.6139936630108458
v 0.0310269501060247 -0.0013214939972386 -0.0265309792011976
vn 5.6737626041549687 -2.6270601784818925 -0.5385313646520393
v 0.0282472893595695 -0.0132219698280096 -0.0250543896108866
vn 5.4637755451975938 -3.0339680357929462 -0.5661010462327507
v 0.0271678492426872 -0.0152823897078633 -0.0253905002027750
vn 5.4609914433905864 -3.0725574315482858 -0.3611415093598723
v 0.0272542797029018 -0.0154775902628899 -0.0230059009045362
vn 5.2245099748261481 -3.4249333634770909 -0.5885967982512466
v 0.0259407702833414 -0.0172584597021341 -0.0257107596844435
vn 5.2195439457297752 -3.4657810324347844 -0.3672623168770863
v 0.0260275602340698 -0.0174579601734877 -0.0232318602502346
vn 4.9495670507113640 -3.8408125882025823 -0.3707631975122966
v 0.0246589705348015 -0.0193421803414822 -0.0234459601342678
vn 4.6528563257528459 -4.1949548075335921 -0.3717624805112937
v 0.0231564007699490 -0.0211200695484877 -0.0236472394317389
vn 4.3428577506295385 -4.4827480155353836 -0.6338181708312151
v 0.0214455705136061 -0.0225712601095438 -0.0265641808509827
vn 4.3305945266903567 -4.5267226148059212 -0.3704664832179216
v 0.0215281806886196 -0.0227820798754692 -0.0238343402743340
vn 3.9846049889885471 -4.8341188151450778 -0.3670943741517426
v 0.0197830703109503 -0.0243192892521620 -0.0240065995603800
vn 3.6161654887934915 -5.1156862007904786 -0.3621197372845070
v 0.0179309807717800 -0.0257234498858452 -0.0241630598902702
vn 3.6322574720978622 -5.0730883288706377 -0.6469050034531865
v 0.0178566500544548 -0.0255070906132460 -0.0270297508686781
vn 3.2270944778556210 -5.3698792427523525 -0.3559606685782766
v 0.0159816704690456 -0.0269864704459906 -0.0243033692240715
vn 2.8200336369403791 -5.5946790391178789 -0.3490322020752746
v 0.0139459902420640 -0.0281016808003187 -0.0244268700480461
vn 2.3962085779345452 -5.7891446009299035 -0.3417849793330622
v 0.0118349697440863 -0.0290630999952555 -0.0245330892503262
vn 1.9740127724714320 -5.9175807045495095 -0.6475984264518582
v 0.0096144666895270 -0.0296427607536316 -0.0276805702596903
vn 1.5227021076759011 -6.0494990830773823 -0.6450866942638782
v 0.0073963990435004 -0.0302806403487921 -0.0277805905789137
vn 1.0507928976617973 -6.1774824934931356 -0.3225695270699817
v 0.0051649799570441 -0.0309743806719780 -0.0247433707118034
vn 0.5927417481927654 -6.2101788896684571 -0.6399667661311754
v 0.0028532140422612 -0.0310530606657267 -0.0279007498174906
vn 0.5859143359894450 -6.2389423382510349 -0.3180958668121311
v 0.0028693669009954 -0.0312754511833191 -0.0247759800404310
vn 0.1173942388755860 -6.2653860399115251 -0.3151372057274707
v 0.0005582000012510 -0.0314049683511257 -0.0247891508042812
vn -0.8188616528271996 -6.2127928019290950 -0.3140003746910573
v -0.0040611019358039 -0.0311468802392483 -0.0247563701122999
vn -1.7472551629582584 -5.9894843100546016 -0.6335283495924633
v -0.0085596442222595 -0.0299887601286173 -0.0277181807905436
vn -2.1930215674447924 -5.8413064263141026 -0.6323950204611334
v -0.0107539799064398 -0.0292700491845608 -0.0276011805981398
vn -2.1791974936759728 -5.8751038138262048 -0.3220154325230145
v -0.0107963597401977 -0.0294852796941996 -0.0245645008981228
vn -2.6253920418534493 -5.6606154361522840 -0.6305615928014275
v -0.0128908697515726 -0.0283898692578077 -0.0274590793997049
vn -2.6104266705526236 -5.6964815963107069 -0.3260337264100727
v -0.0129410596564412 -0.0286028906702995 -0.0244641900062561
vn -3.0413541603952297 -5.4490924380581660 -0.6276353933384212
v -0.0149589702486992 -0.0273530408740044 -0.0272924900054932
vn -3.0261657700285953 -5.4868620847510030 -0.3300879577538809
v -0.0150160696357489 -0.0275634508579969 -0.0243465900421143
vn -3.8174873103950864 -4.9387418593528896 -0.6162422242144641
v -0.0188446007668972 -0.0248335506767035 -0.0268883705139160
vn -3.8039063505642829 -4.9792616691436855 -0.3363478769912638
v -0.0189120694994926 -0.0250378791242838 -0.0240611992776394
vn -4.1617373684692396 -4.6844164582389611 -0.3378720911947561
v -0.0207118894904852 -0.0235652904957533 -0.0238945391029119
vn -4.8068569175147671 -4.0209967181661046 -0.3349746913987262
v -0.0239656493067741 -0.0202399399131536 -0.0235174801200628
vn 5.6837026029979754 -2.6522939510512646 -0.1832585216378631
v 0.0283960700035095 -0.0134998504072428 -0.0205921493470669
vn 6.0942367740751715 -1.5291789858438896 0.0040671995604859
v 0.0306606795638800 -0.0069168210029602 -0.0171249508857727
vn 6.0086130286223485 -1.7961329059773963 -0.1970842840025975
v 0.0300803706049919 -0.0091594448313117 -0.0202866699546576
vn 5.8545064781308698 -2.2070348125426316 -0.4776414278225258
v 0.0291723608970642 -0.0110897999256849 -0.0247032605111599
vn 5.6693536781127483 -2.5643187039846835 -0.8006617318352565
v 0.0281429793685675 -0.0128881903365254 -0.0273094698786736
vn 5.4426248180639663 -2.8399834364012793 -1.2668053161186144
v 0.0269396901130676 -0.0144038703292608 -0.0299208704382181
vn 5.3884728041223200 -2.6395782975829993 -1.7998789027663873
v 0.0268025901168585 -0.0136449895799160 -0.0318000912666321
vn 5.1501120185918001 -2.9920280937389951 -1.9338854447854834
v 0.0255733691155910 -0.0155705800279975 -0.0323765799403191
vn 5.0406314913693135 -2.6920115121021921 -2.5587468062929770
v 0.0254207793623209 -0.0145573001354933 -0.0340107604861259
vn 4.6066822155019356 -2.6184992368040234 -3.3363385889420383
v 0.0238892994821072 -0.0150992795825005 -0.0360267683863640
vn 4.3084690448761309 -2.8689352469078111 -3.5209736826427087
v 0.0223990604281425 -0.0167619492858648 -0.0366368815302849
vn 4.1187155948280543 -2.4591551483130312 -4.0302853338466305
v 0.0222237706184387 -0.0152742797508836 -0.0378664694726467
vn 3.6118956455271101 -2.2501921694307221 -4.6025192641892110
v 0.0204418804496527 -0.0150913503021002 -0.0395514890551567
vn 3.2846744270412747 -2.4009929752191210 -4.7681706741310466
v 0.0187448803335428 -0.0164527799934149 -0.0401246510446072
vn 3.1085400906746790 -2.0042929703123886 -5.0638061165500412
v 0.0185628496110439 -0.0145613504573703 -0.0410825014114380
vn 2.1774167864829930 -1.4626241898082251 -5.7004716713669170
v 0.0145942503586411 -0.0125238802284002 -0.0436489507555962
vn 2.3081208461338272 -1.8166980213942989 -5.5429004739369070
v 0.0147638898342848 -0.0147426696494222 -0.0429410897195339
vn 1.4835745125026367 -1.2385036329000303 -5.9719288637096124
v 0.0106177898123860 -0.0117918802425265 -0.0450515709817410
vn 0.7891802943579018 -0.5458099049278946 -6.2022027525233314
v 0.0063665499910712 -0.0052621960639954 -0.0467312894761562
vn 0.7323982866491036 -0.1909247050321760 -6.2326145150126937
v 0.0061823120340705 -0.0001377110020258 -0.0470343790948391
vn 0.5030415172964067 -0.2000019291420392 -6.2550760240655672
v 0.0042845010757446 -0.0004141720128246 -0.0472132489085197
vn 0.2560132883743484 0.0887310497968142 -6.2732828361029807
v 0.0023022289387882 0.0044187898747623 -0.0473687611520290
vn 5.9634864342023359 -1.9282116769352193 -0.0188298959330097
v 0.0299582406878471 -0.0097340336069465 -0.0171249508857727
vn 5.8400143317433049 -2.2830971038392933 -0.1843821182101539
v 0.0293184500187635 -0.0113605801016092 -0.0204418804496527
vn 5.8203906718309506 -2.3666198733638808 -0.0001499110310831
v 0.0293014608323574 -0.0113594504073262 -0.0171249508857727
vn 1.1339722269432981 0.1266290877286596 -6.1742819240026741
v 0.0096341371536255 0.0055709481239319 -0.0465389415621758
vn 1.4450207724416191 -0.1408463649782372 -6.1077387194252921
v 0.0117337703704834 0.0012671350268647 -0.0461006686091423
vn 1.8113131972185961 -0.4524401953769698 -5.9910277248026631
v 0.0138795897364616 -0.0029603240545839 -0.0453386902809143
vn 2.5250057151419849 -0.7231022903282055 -5.6982837264773414
v 0.0177689697593451 -0.0059004421345890 -0.0436074696481228
vn 2.6650019184437688 -1.0284764655860179 -5.5881653638044009
v 0.0179749708622694 -0.0081871151924133 -0.0431510806083679
vn 3.4318326871327560 -1.1258372017416640 -5.1301563485692485
v 0.0214251801371574 -0.0078683486208320 -0.0412677489221096
vn 3.9049725320705417 -1.2836654672580490 -4.7377111662326605
v 0.0231146793812513 -0.0084283938631415 -0.0398812815546989
vn 3.5853513334415097 -1.4173716447166749 -4.9478368764891547
v 0.0216367803514004 -0.0098966946825385 -0.0406134687364101
vn 4.0694752048881160 -1.5811667564375358 -4.5013994340390235
v 0.0233224593102932 -0.0102978898212314 -0.0391270518302917
vn 4.3794314146629247 -1.4088527873619408 -4.2614095746736806
v 0.0246849600225687 -0.0086835017427802 -0.0383650586009026
vn 4.8336435942640890 -1.4844994107518310 -3.7069468731400654
v 0.0261181499809027 -0.0086238384246826 -0.0367342792451382
vn 5.2463557254316475 -1.5000405978478313 -3.0857200283094390
v 0.0273981597274542 -0.0082475543022156 -0.0350043699145317
vn 5.5992852486800135 -1.4506918787616758 -2.4146736288376549
v 0.0285117607563734 -0.0075573921203613 -0.0331810712814331
vn 6.0652709532976550 -1.0933488183862221 -1.1648456674798147
v 0.0302006006240845 -0.0052378769032657 -0.0292288009077311
vn 6.2651716606076766 0.1204392935890396 -0.3714915117348888
v 0.0312184598296881 0.0006285660201684 -0.0244698505848646
vn 5.2234317192836963 -3.4737757464063241 -0.1643091703568950
v 0.0260921698063612 -0.0175474807620049 -0.0208732392638922
vn 5.2055272713685277 -3.4896168499053970 -0.0243514872510693
v 0.0261147003620863 -0.0176145993173122 -0.0171249508857727
vn 4.9511270659860918 -3.8683432881135129 0.0183879621014469
v 0.0247131492942572 -0.0194083992391825 -0.0171249508857727
vn 4.9428620164180579 -3.8634832654261233 -0.1606233259191401
v 0.0247230492532253 -0.0194326005876064 -0.0210033003240824
vn 5.1357825755717466 -0.5878677726342715 -3.5516063859471445
v 0.0277635995298624 -0.0017646549968049 -0.0364024005830288
vn 5.5928931791492618 -0.7326087241611747 -2.7413694083305700
v 0.0289447903633118 -0.0029627680778503 -0.0341361686587334
vn 5.7923172394654294 -0.4548762793922246 -2.3629383466059131
v 0.0295681897550821 -0.0009680410148576 -0.0332080684602261
vn 6.0125901524509437 -0.2929773177144802 -1.7645208150167848
v 0.0301905795931816 -0.0001438869949197 -0.0315718017518520
vn 6.0674367515009102 -0.4267294548858364 -1.5336404049801924
v 0.0303517505526543 -0.0012423390289769 -0.0307455006986856
vn 6.1908284643603810 -0.1693046652047502 -1.0094626290205893
v 0.0307689905166626 0.0000374597002519 -0.0290026608854532
vn 2.3681422896199984 -5.8103888390918970 -0.1067523283499547
v 0.0118740703910589 -0.0291545893996954 -0.0216618701815605
vn 2.1490401274550743 -5.9041038033342570 0.0282126462188989
v 0.0096906423568726 -0.0299127604812384 -0.0171249508857727
vn -4.2124736920593531 0.0142028199580367 -4.6617051919644705
v -0.0210420396178961 0.0864999815821648 -0.0232445504516363
vn -4.1488787557532074 -0.0003582885844828 -4.7121052889483286
v -0.0207248907536268 0.0830857679247856 -0.0235925894230604
vn -3.9161265295303398 0.0196165962401148 -4.9018905948067157
v -0.0196697693318129 0.0864999815821648 -0.0244787894189358
vn -3.8110776698968611 -0.0076177053084561 -4.9907660974833590
v -0.0186925493180752 0.0753942728042603 -0.0251948796212673
vn -4.4967693609536727 -0.0297015991187415 -4.3836911846710791
v -0.0218940898776054 0.0732792019844055 -0.0223467908799648
vn -4.5012972539411473 -0.1014861801801348 -4.3768019314843363
v -0.0221253596246243 0.0753789469599724 -0.0221513491123915
vn -3.6255720255420192 0.0112210821688758 -5.1315260584640807
v -0.0175886694341898 0.0864999815821648 -0.0259531699120998
vn -3.4207362414040645 0.0036044270170781 -5.2655495025343484
v -0.0170131903141737 0.0793567821383476 -0.0263858996331692
vn -3.3220473097064898 0.0195492763406528 -5.3212160562884590
v -0.0166882798075676 0.0864999815821648 -0.0265910606831312
vn -3.0194383591348277 0.0290723380733992 -5.5057198333425674
v -0.0150260897353292 0.0793479010462761 -0.0275722704827785
vn -3.0043996516437081 0.0054762885555551 -5.5182752149334133
v -0.0137995397672057 0.0864999815821648 -0.0281703993678093
vn -2.6022788006678024 0.0549318249834872 -5.7146077686349610
v -0.0129559598863125 0.0793401002883911 -0.0286091491580009
vn -1.6792274167368015 0.0097217972727855 -6.0545386903373988
v -0.0097287893295288 0.0864999815821648 -0.0298142991960049
vn -1.7254729585690809 0.0952818729432517 -6.0372895048957407
v -0.0086122145876288 0.0793277621269226 -0.0302105508744717
vn -2.0006371934577105 0.0074752011494519 -5.9452341355835472
v -0.0100922500714660 0.0864999815821648 -0.0297144595533609
vn -2.3567806993714226 0.0280703221727629 -5.8243295860037723
v -0.0129283601418138 0.0864999815821648 -0.0285677891224623
vn -2.3550195915152417 0.0318534138119817 -5.8250107480951625
v -0.0107839703559875 0.0864999815821648 -0.0294348001480103
vn -1.7431323231573987 0.2083603881629734 -6.0298261760403662
v -0.0085108866915107 0.0754211470484734 -0.0303270798176527
vn -1.7293928770670455 0.4081957616448471 -6.0239127864024873
v -0.0082716336473823 0.0713753700256348 -0.0305885598063469
vn -2.6189229835514070 0.1437378160970673 -5.7061549712515465
v -0.0128052802756429 0.0754126906394958 -0.0287321805953979
vn -3.0347064729070437 0.1047925511857745 -5.4971449826315801
v -0.0148526998236775 0.0754072591662407 -0.0276997592300177
vn -2.5966431935726524 0.3558817356143865 -5.7075525405864633
v -0.0124565903097391 0.0713347718119621 -0.0290466491132975
vn -3.0098423847051881 0.3291213212237940 -5.5023330158351040
v -0.0144565701484680 0.0713089704513550 -0.0280475597828627
vn -2.1692132306889085 0.3842741113964666 -5.8814936332086916
v -0.0103912902995944 0.0713569521903992 -0.0298951808363199
vn -1.9792460064439987 1.4347950773568141 -5.7860765947805231
v -0.0108334999531507 0.0590232610702515 -0.0316619798541069
vn -1.2218811294263876 0.0190294787867558 -6.1631752527387853
v -0.0063490858301520 0.0864999815821648 -0.0307260695844889
vn -0.9930023643136087 0.0062165216472493 -6.2002364856533578
v -0.0056900382041931 0.0864999815821648 -0.0308568403124809
vn -0.0476399935135347 0.0190217237946244 -6.2828799515932623
v -0.0017650719964877 0.0864999815821648 -0.0313092395663261
vn 0.5800153322134648 0.2573770550848153 -6.2480693822544175
v 0.0028295509982854 0.0754271671175957 -0.0314013883471489
vn 1.4999983302941404 0.1006056520418660 -6.0971570744217702
v 0.0074323411099613 0.0793253704905510 -0.0305239502340555
vn 1.4159730359172529 0.0075109174513096 -6.1214248224247569
v 0.0076100230216980 0.0864999815821648 -0.0303934793919325
vn 1.7227311320391174 0.0089902921665582 -6.0327216844977656
v 0.0087859630584717 0.0864999815821648 -0.0301247797906399
vn 1.9544110393621952 0.1998610663983605 -5.9649586004543931
v 0.0095476498827338 0.0754193589091301 -0.0300076603889465
vn 1.9375850151102230 0.0812410648826539 -5.9726767887297667
v 0.0096610179170966 0.0793303772807121 -0.0298900008201599
vn 2.3816850083999377 0.0565699290371162 -5.8101243693952345
v 0.0118360500782728 0.0793364569544792 -0.0290930792689323
vn 0.5749421429620468 0.4508820116680083 -6.2378983098273002
v 0.0027483699377626 0.0714035034179688 -0.0316264592111111
vn -0.9636574204025102 1.3598981022746637 -6.0564106196018823
v -0.0052696461789310 0.0590627714991570 -0.0330300889909267
vn -1.0975239085831321 1.0283686447180695 -6.0983692536741483
v -0.0055642719380558 0.0631593987345695 -0.0321784615516663
vn -1.2882426217155973 0.2323857760535703 -6.1422397769715724
v -0.0062873358838260 0.0754242464900017 -0.0308805704116821
vn -0.8255694489449154 0.2497701022754352 -6.2207076729963227
v -0.0040289158932865 0.0754263922572136 -0.0312662683427334
vn -1.2872492878965018 0.1021583709184397 -6.1456704530140485
v -0.0063624382019043 0.0793234109878540 -0.0307660605758429
vn -0.8116980220966274 0.1154539295969386 -6.2262158333496762
v -0.0040771961212158 0.0793203115463257 -0.0311532001942396
vn 0.0908614372095000 0.9971558992391762 -6.2008700684710174
v 0.0004789069935214 0.0631789490580559 -0.0326655507087708
vn 0.4880777404793362 1.0039218808870767 -6.1811863074085238
v 0.0025003550108522 0.0631749033927917 -0.0325706601142883
vn 0.4407671209582260 1.3138894591830006 -6.1266728225895886
v 0.0023660650476813 0.0590723715722561 -0.0333558917045593
vn -1.6583344133225073 1.4060755223779671 -5.8932144282009649
v -0.0090072751045227 0.0590392909944057 -0.0322251915931702
vn -1.2943514447898807 1.3792024344545235 -5.9900842290780743
v -0.0071505298838019 0.0590524598956108 -0.0326811596751213
vn -1.4781267369053870 1.6732354818554724 -5.8682287469090166
v -0.0085749616846442 0.0550733804702759 -0.0333650708198547
vn -1.6522994250835463 0.7051971315020075 -6.0182728673558987
v -0.0079335570335388 0.0672704502940178 -0.0310525801032782
vn -1.4885104135612242 1.0530812525059114 -6.0105557037040738
v -0.0075440402142704 0.0631426498293877 -0.0317598506808281
vn -2.0744493537777831 0.7102123143137526 -5.8854465842421773
v -0.0099735846742988 0.0672491714358330 -0.0304156504571438
vn -2.4859358257434292 0.7147531867588923 -5.7231396386749003
v -0.0119661595672369 0.0672233700752258 -0.0296350698918104
vn -1.8741160899234528 1.0826285274198444 -5.8962631814531781
v -0.0094928136095405 0.0631212517619133 -0.0312147699296474
vn -2.8723135050471242 0.7266409836800812 -5.5371105869352748
v -0.0139015903696418 0.0671935006976128 -0.0287142898887396
vn -2.2540153264391014 1.1146721968825390 -5.7554978718992604
v -0.0114023601636291 0.0630955100059509 -0.0305446907877922
vn -2.6116839053514798 1.1300484266262161 -5.5993689779470008
v -0.0132643496617675 0.0630654022097588 -0.0297510605305433
vn -2.3492471868573617 1.4575083411676197 -5.6398052140155359
v -0.0126218702644110 0.0590046606957912 -0.0309917908161879
vn -2.0706205228974168 1.6941360679017730 -5.6815340938920409
v -0.0120501499623060 0.0550956688821316 -0.0322813913226128
vn -2.4195631097081307 1.7327546798582989 -5.5317226225578917
v -0.0137374904006720 0.0551092587411404 -0.0315929017961025
vn -1.2630488490815333 2.1714168803366523 -5.7505129878526056
v -0.0107864700257778 0.0343663617968559 -0.0409963689744473
vn 6.2487379583391620 -0.6569836292974621 -0.0055604204500561
v 0.0311087891459465 -0.0046386118046939 -0.0171249508857727
vn 6.1733747042393849 -1.0835742707556246 -0.0161705699558770
v 0.0310213491320610 -0.0054699177853763 -0.0171249508857727
vn 6.1138007464871418 -1.3983937081377862 -0.1717891854603611
v 0.0306776706129313 -0.0069062109105289 -0.0201297905296087
vn 6.1191000775261264 -1.3314475386016247 -0.4120977393344086
v 0.0305380802601576 -0.0066496129147708 -0.0239717904478312
vn 6.0013453034022302 -1.7788739344063393 -0.4442105245543819
v 0.0299375001341105 -0.0088964700698853 -0.0243402700871229
vn 5.8477252614500124 -2.1498109054656878 -0.7417969588699536
v 0.0290700700134039 -0.0107668600976467 -0.0268551707267761
vn 5.6499613681901657 -2.4520196495892974 -1.1735120623893287
v 0.0280220508575439 -0.0123708797618747 -0.0293942596763372
vn 5.2874663452930868 -2.3710525224350087 -2.3768703715803197
v 0.0266507808119059 -0.0126645499840379 -0.0333708487451077
vn 3.9321184503137183 -2.0834621748947724 -4.4151792750249648
v 0.0220373794436455 -0.0136198904365301 -0.0389237888157368
vn 2.9446399180334080 -1.6426893412711612 -5.2895415980244849
v 0.0183731894940138 -0.0125389602035284 -0.0418990813195705
vn 2.6258259989129145 -1.7356314781281339 -5.4261139915569849
v 0.0166068598628044 -0.0136990500614047 -0.0424507781863213
vn 2.4847753225419456 -1.3954751369176770 -5.5903290548901046
v 0.0164224505424500 -0.0115214502438903 -0.0431487485766411
vn 2.0624423225849338 -1.1511821481860673 -5.8150870991875605
v 0.0144200902432203 -0.0102138500660658 -0.0442315898835659
vn 1.7705053119648473 -1.1988702328270193 -5.9012683496731633
v 0.0125452801585197 -0.0110611896961927 -0.0446739718317986
vn 1.3893181638079215 -0.8966054178129454 -6.0538529006664934
v 0.0104792695492506 -0.0093405237421393 -0.0455262586474419
vn 1.0369330475422429 -0.5299888691139928 -6.1669003196274987
v 0.0082966079935431 -0.0048440089449286 -0.0464830882847309
vn 0.9645513909882886 -0.1782549045552945 -6.2012022339163098
v 0.0080605736002326 0.0002358909987379 -0.0467895790934563
vn 0.6884275815720804 0.1014253233310610 -6.2404003147449991
v 0.0060012340545654 0.0048226108774543 -0.0470838509500027
vn 0.4721180887661011 0.0982291555000902 -6.2604631065563741
v 0.0041573639027774 0.0045771589502692 -0.0472586713731289
vn 0.2252738411647192 0.6623970823738184 -6.2364288702877335
v 0.0021705029066652 0.0137812402099371 -0.0468180701136589
vn -0.1544126624981941 0.9575136316434102 -6.2004869637327058
v -0.0013049240224063 0.0181057993322611 -0.0462716817855835
vn -0.8542787036481063 1.5686317435027348 -6.0158404351267638
v -0.0077794189564884 0.0267211701720953 -0.0439647994935513
vn -0.8747616524987879 1.2812000329177358 -6.0800765034255537
v -0.0079252123832703 0.0228197500109673 -0.0448668003082275
vn -1.2670499974556568 1.5975767848310896 -5.9329083817633839
v -0.0110068898648024 0.0272145792841911 -0.0432718917727470
vn -0.8424695905441565 1.8651174639089076 -5.9330328296226620
v -0.0076740379445255 0.0304489694535732 -0.0429042503237724
vn -1.2518754487199271 1.8997803021731638 -5.8475500246713112
v -0.0108658596873283 0.0308691803365946 -0.0422115884721279
vn -0.8790107942404221 2.3408816774716641 -5.7589659615060249
v -0.0076087107881904 0.0374314710497856 -0.0403620600700378
vn 6.2590283109138607 0.1356811142256363 -0.4346871463223448
v 0.0311508700251579 0.0008541099959984 -0.0255180504173040
vn 6.2487599055881917 -0.3736798378688949 -0.4635622900142751
v 0.0311360899358988 -0.0017486809520051 -0.0249538999050856
vn 6.1843105077333043 -0.7713070370624457 -0.7344787183488425
v 0.0307634398341179 -0.0036222930066288 -0.0271107498556376
vn 6.1586877612198307 -0.6793241602990899 -0.9857405121522921
v 0.0306391697376966 -0.0029997820965946 -0.0285552702844143
vn 6.0125294882339251 -0.9452324604387844 -1.5113804073247885
v 0.0300602894276381 -0.0044020409695804 -0.0305069591850042
vn 5.8742500944346627 -1.3209358780434524 -1.7472009918990772
v 0.0294483900070190 -0.0065537691116333 -0.0312560684978962
vn 5.7863938514261228 -1.1209400738853459 -2.1375698215524155
v 0.0292918607592583 -0.0055044880136847 -0.0323826596140862
vn 5.1077663365202630 -1.2500109480047765 -3.4151003849721766
v 0.0272116605192423 -0.0067957630380988 -0.0359097681939602
vn 2.9767967285133423 -0.9516149462693345 -5.4421215993685710
v 0.0196363907307386 -0.0070188641548157 -0.0425124689936638
vn 2.8313287540505803 -0.6584953638488217 -5.5600411459393362
v 0.0194208007305861 -0.0047851800918579 -0.0429600402712822
vn 2.0883204598238327 -0.4142984051214490 -5.9026133897375725
v 0.0156452599912882 -0.0021331899333745 -0.0448213815689087
vn 1.6148668528526215 0.1679923842254057 -6.0646851824922505
v 0.0131563497707248 0.0066507449373603 -0.0457266494631767
vn 1.7003064964530081 -0.1148370002745131 -6.0418849418229605
v 0.0135148698464036 0.0019199249800295 -0.0456545911729336
vn 1.3687884565337007 0.1505995611470820 -6.1255489338284557
v 0.0114123802632093 0.0060705537907779 -0.0461671911180019
vn 1.5409755198815696 0.4602327275412835 -6.0638990074472066
v 0.0128124896436930 0.0111821796745062 -0.0455895587801933
vn 0.6158036497148550 0.6730161479246305 -6.2086683117028549
v 0.0056654210202396 0.0140950595960021 -0.0465495511889458
vn -0.1486029065012040 1.2543732343890350 -6.1477571720772364
v -0.0012742870021611 0.0222744904458523 -0.0455240607261658
vn -0.4827845320881613 2.1117811977065304 -5.8915393037732917
v -0.0044224262237549 0.0337795615196228 -0.0421403609216213
vn 3.8120237371404944 -0.4027778268322532 -4.9644678216276583
v 0.0238117501139641 -0.0009197089821100 -0.0406124517321587
vn 3.3212951046636467 -0.1794851290964543 -5.3184690488153272
v 0.0219929795712233 0.0020518889650702 -0.0420421883463860
vn 2.7688851770802696 0.3167315069401762 -5.6238129690903129
v 0.0196299497038126 0.0097127547487617 -0.0432253405451775
vn 2.4538251763157866 0.2692350862893804 -5.7712431950665080
v 0.0181048493832350 0.0088439583778381 -0.0439668782055378
vn 2.0111247475316238 0.4994448737939516 -5.9225611340863713
v 0.0161128006875515 0.0124120702967048 -0.0445044003427029
vn 0.9789117472148721 0.9923846209409904 -6.1180274577327944
v 0.0088911652565002 0.0189260803163052 -0.0454832911491394
vn 0.9438033974910012 1.2922591915996824 -6.0677041772615974
v 0.0086965560913086 0.0229858700186014 -0.0447512790560722
vn 0.5539683501989677 2.1226397920909776 -5.8802799068569964
v 0.0051770210266113 0.0338419601321220 -0.0420677587389946
vn 0.2000410783139926 1.8373462986815745 -5.9981829331982626
v 0.0019949669949710 0.0300740506500006 -0.0435245595872402
vn -0.1838878716525987 2.2125234673645364 -5.8749998145103781
v -0.0012823930010200 0.0474731884896755 -0.0368482396006584
vn 0.3417176299217628 1.9449391127232851 -5.9608399266982168
v 0.0021502969320863 0.0511696897447109 -0.0355169698596001
vn 6.2370183193459283 0.2335276640435972 -0.6441435813662966
v 0.0309328995645046 0.0018904800526798 -0.0277263503521681
vn 5.9431977727198859 -0.7791007689831130 -1.8437884830429403
v 0.0299072805792093 -0.0033983578905463 -0.0315665602684021
vn 5.8676143394541143 -0.6130137538387010 -2.1289473355352593
v 0.0297428891062737 -0.0022471540141851 -0.0324531681835651
vn 5.3629653094837888 -0.9985073165297205 -3.0925094243582167
v 0.0281566902995110 -0.0049059391021729 -0.0350415706634521
vn 5.2471219552108392 -0.7889650452440227 -3.3427756966748499
v 0.0279642902314663 -0.0033880469854921 -0.0357781015336514
vn 4.8420531496374846 -0.7871006571790732 -3.9077478811736430
v 0.0268107596784830 -0.0035282960161567 -0.0373505912721157
vn 4.5357094464684682 -0.9693989290478348 -4.2220627058077689
v 0.0257116500288248 -0.0052345991134644 -0.0382477603852749
vn 4.3939978496521039 -0.6983266979089561 -4.4198998542007892
v 0.0254969503730536 -0.0033876290544868 -0.0388318784534931
vn 3.6192726643945097 -0.7632614352009379 -5.0687812734548485
v 0.0226785503327847 -0.0044041872024536 -0.0410389900207520
vn 3.9661788570925984 -0.6320373900316310 -4.8189936346058566
v 0.0240383706986904 -0.0029708740767092 -0.0402064882218838
vn 3.4724090820929177 -0.4977591745181759 -5.2007330049911271
v 0.0224528908729553 -0.0022885790094733 -0.0414615795016289
vn 2.9939915535888115 -0.2520278246602318 -5.5071514315800796
v 0.0205329600721598 0.0008849329897203 -0.0428452417254448
vn 2.5497877958468544 0.0011391961752837 -5.7350973676689847
v 0.0185394808650017 0.0043858280405402 -0.0438872501254082
vn 2.2512780328920989 -0.0446049263864285 -5.8590737907637989
v 0.0169265791773796 0.0034834740217775 -0.0445497594773769
vn 1.4801631691824149 0.7297903703619830 -6.0516325976033123
v 0.0124914003536105 0.0155154401436448 -0.0452513583004475
vn 1.0253273187353016 0.6945673536800417 -6.1510299417053016
v 0.0091165900230408 0.0146762700751424 -0.0460320711135864
vn 0.5852185909280332 0.9703266099296588 -6.1725463757080208
v 0.0055191512219608 0.0184186603873968 -0.0459882616996765
vn 0.5618576661014668 1.2685556959509205 -6.1207523394909922
v 0.0053929681889713 0.0225460492074490 -0.0452466011047363
vn 0.1993398044382168 1.5526286269085816 -6.0780877546352459
v 0.0020237560383976 0.0262817703187466 -0.0445889793336391
vn 0.2036310118286508 1.2564415827186144 -6.1458508956802369
v 0.0020636909175664 0.0223082900047302 -0.0455017611384392
vn -0.1428370346631194 1.5468821840626041 -6.0811940322874003
v -0.0012494920520112 0.0262525603175163 -0.0446113906800747
vn 0.2040010924758280 2.1053745038750362 -5.9097560442716990
v 0.0019790530204773 0.0336942598223686 -0.0423221513628960
vn -0.1382132839802823 1.8339019312845652 -6.0012529330623030
v -0.0012316700303927 0.0300490800291300 -0.0435474514961243
vn -0.1372000905949358 2.1017560730464693 -5.9132896894902247
v -0.0012217760086060 0.0336733981966972 -0.0423460006713867
vn 0.2144202070061941 2.3080176903528016 -5.8349659665933222
v 0.0019776821136475 0.0371648594737053 -0.0410017892718315
vn -0.1397040940970166 2.3041931176932078 -5.8390936182781603
v -0.0012208810076118 0.0371475815773010 -0.0410269387066364
vn 0.2307239840026184 2.3627213093061550 -5.8146304016701880
v 0.0019924039952457 0.0405607782304287 -0.0396090708673000
vn -0.1529089161542522 2.3689159106038891 -5.8146745283519836
v -0.0012300009839237 0.0405468903481960 -0.0396361909806728
vn -0.6663358937044658 2.2130483482531975 -5.8396004703782509
v -0.0046361680142581 0.0475162789225578 -0.0365909896790981
vn 6.2544891904170248 -0.4793757662157977 -0.1629982676685731
v 0.0313649699091911 -0.0022855990100652 -0.0198211595416069
vn 6.2539855749018178 -0.4097568959122207 -0.3439214748861337
v 0.0312302708625793 -0.0020314450375736 -0.0232391897588968
vn 6.1976758906672034 -0.8324117302471938 -0.5409226583705870
v 0.0308742504566908 -0.0040660500526428 -0.0254293605685234
vn 6.0976167608487684 -1.2068859600451409 -0.8516677208681155
v 0.0303273703902960 -0.0058876872062683 -0.0276925507932901
vn 5.9398734758471914 -1.4988547621299948 -1.3373492976963739
v 0.0295919701457024 -0.0074269170872867 -0.0298999492079020
vn 5.7058231554518359 -1.6846634926690489 -1.9709649763952946
v 0.0286719705909491 -0.0086516728624701 -0.0319898687303066
vn 5.3849216091528795 -1.7666474529065792 -2.6736234684494367
v 0.0275737605988979 -0.0095537900924683 -0.0339491888880730
vn 4.9900588141612090 -1.7655337475857538 -3.3566708683192874
v 0.0263072792440653 -0.0101297404617071 -0.0357852503657341
vn 4.7151005531940626 -2.0138001577820130 -3.6036585859940304
v 0.0250753704458475 -0.0119357695803046 -0.0365239903330803
vn 4.5445854731342328 -1.7012121393093600 -3.9694844123737334
v 0.0248851701617241 -0.0103778801858425 -0.0375127717852592
vn 3.2646987142233259 -1.5368320502971555 -5.1309270972502654
v 0.0200529601424932 -0.0112692704424262 -0.0412865802645683
vn 3.1121475857374836 -1.2279151861914999 -5.3078704129323517
v 0.0198475699871778 -0.0091871609911323 -0.0419580899178982
vn 2.3604090081484004 -1.0946738272670860 -5.7115165878774654
v 0.0162329599261284 -0.0092541566118598 -0.0437240004539490
vn 2.2283081146039700 -0.7784942156454513 -5.8139497945556702
v 0.0160395503044128 -0.0069189658388495 -0.0441872403025627
vn 1.9409141368010308 -0.8252138008304808 -5.9101008158313002
v 0.0142421703785658 -0.0078349113464355 -0.0446998402476311
vn 1.5451424997755152 -0.4838867250415017 -6.0630282202594703
v 0.0120606999844313 -0.0036901829298586 -0.0457872711122036
vn 1.0745517249679797 0.4213261923152591 -6.1680246805471324
v 0.0093664517626166 0.0102275004610419 -0.0463865883648396
vn 0.2129546641842255 0.9592534317264890 -6.1985216363811340
v 0.0021131630055606 0.0181444808840752 -0.0462493784725666
vn -0.4888135338938457 1.5518476437585913 -6.0617047218832454
v -0.0045211911201477 0.0263990703970194 -0.0444051586091518
vn -0.5032978303732738 1.2621879359275203 -6.1270108120933173
v -0.0046091671101749 0.0224449001252651 -0.0453136488795280
vn -0.4802616692216399 1.8428980772926431 -5.9807749615226147
v -0.0044577121734619 0.0301742497831583 -0.0433430597186089
vn -0.8493886831340596 2.1356892499315387 -5.8406816878431798
v -0.0076150889508426 0.0340119004249573 -0.0416973792016506
vn -0.4986037880190766 2.3152061841611351 -5.8150532171376232
v -0.0044189691543579 0.0372369810938835 -0.0408166013658047
vn 0.5465221002430826 0.7021718684807133 -6.2175443670999542
v 0.0026332130655646 0.0673025771975517 -0.0320040509104729
vn 0.7549220329622975 1.3088050826548832 -6.0972768607673817
v 0.0042713880538940 0.0590665899217129 -0.0331704616546631
vn 1.0052360822027806 1.6362453348923203 -5.9772843069157995
v 0.0058574671857059 0.0550615713000298 -0.0339351817965508
vn 0.8911940589457019 1.9630381452159580 -5.8970980445365484
v 0.0056129088625312 0.0512038394808769 -0.0351521894335747
vn 1.6373002426686774 1.6443957349357166 -5.8330468440698908
v 0.0094072222709656 0.0550786815583706 -0.0331437513232231
vn 0.7729303694834813 2.2607685408430833 -5.8078799723388475
v 0.0054264059290290 0.0475382804870605 -0.0364893600344658
vn 1.0462477023916774 2.3979096390024419 -5.7085965818492976
v 0.0084142675623298 0.0408474802970886 -0.0387981496751308
vn 1.5316898367558762 2.4452467783907492 -5.5747822550854957
v 0.0115847503766418 0.0411130711436272 -0.0379793606698513
vn 0.9670066196853502 2.3587166492853919 -5.7354262026163729
v 0.0083569884300232 0.0375154614448547 -0.0402293801307678
vn 0.9866108887256412 0.7085007208668898 -6.1623243338377947
v 0.0047495360486209 0.0672933980822563 -0.0317413806915283
vn 0.8839629950230931 1.0189458176110779 -6.1345755532514463
v 0.0045117731206119 0.0631655976176262 -0.0323472581803799
vn 1.1321556173310534 1.3392300517873081 -6.0318114533006542
v 0.0061624641530216 0.0590576492249966 -0.0328781008720398
vn 1.4529457828338088 1.3523858732858145 -5.9597952284961053
v 0.0080327978357673 0.0590458512306213 -0.0324783883988857
vn 3.3306904408199998 0.0147982022580839 -5.3276601370073147
v 0.0157321598380804 0.0864999815821648 -0.0271262507885695
vn 3.3345851628628180 0.0088954851433058 -5.3252567883126396
v 0.0159431602805853 0.0864999815821648 -0.0269943401217461
vn 3.3384628559201008 0.0143644977437120 -5.3228378552214046
v 0.0179042797535658 0.0864999815821648 -0.0257682800292969
vn 3.6179897321242094 0.0158600840069441 -5.1241906689865324
v 0.0182201806455851 0.0864999815821648 -0.0255707502365112
vn 4.9489569771203570 -0.0307281347698892 -3.8710392870034696
v 0.0254578497260809 0.0864999815821648 -0.0183697901666164
vn 5.0803237154318648 -0.0175576541468914 -3.6895317502383715
v 0.0258957706391811 0.0864999815821648 -0.0178098604083061
vn 5.2153424578640415 -0.0038226554637357 -3.5040672213923378
v 0.0260207001119852 0.0864999815821648 -0.0176239591091871
vn 2.6710534621853483 0.7398048317300678 -5.6354325448209792
v 0.0128900995478034 0.0672084018588066 -0.0292157493531704
vn 2.3708024450125325 0.3866719287915938 -5.8032140589752848
v 0.0113762598484755 0.0713462829589844 -0.0295123998075724
vn 2.3928436558430799 0.1687651842273896 -5.8039238693363595
v 0.0116978799924254 0.0754150673747063 -0.0292140804231167
vn 2.8173369490114544 0.1330305626990317 -5.6111006688074152
v 0.0137836895883083 0.0754100605845451 -0.0282624904066324
vn 2.7100866469137070 0.0102588852491600 -5.6685759557329467
v 0.0139083797112107 0.0864999815821648 -0.0280831996351480
vn 2.7912264402548019 0.3586207146851236 -5.6149927457593494
v 0.0134119903668761 0.0713222622871399 -0.0285918693989515
vn 3.1013163034104339 0.7228523195380867 -5.4128679761575436
v 0.0147951804101467 0.0671762824058533 -0.0282298903912306
vn 3.2096189380385738 0.3033357301796369 -5.3900337415041975
v 0.0153777003288269 0.0712946578860283 -0.0275232698768377
vn 3.2249157773609500 0.0934901150399202 -5.3879678574563510
v 0.0157938506454229 0.0754042789340019 -0.0271588508039713
vn 2.8101524435903658 0.0511731393163399 -5.6149287630622045
v 0.0139452796429396 0.0793437883257866 -0.0281375590711832
vn 2.9929885903920792 -0.0044839296399242 -5.5121905019667947
v 0.0151214003562927 0.0864999815821648 -0.0275080800056458
vn 3.2111398995347069 0.0332291370679159 -5.3951769002849561
v 0.0159775000065565 0.0793520808219910 -0.0270291492342949
vn 3.5992185496846480 0.2265149202803249 -5.1418274909277359
v 0.0172627493739128 0.0712639018893242 -0.0263122897595167
vn 3.5598842428179602 0.4422189752272417 -5.1558776460804063
v 0.0169628802686930 0.0691980719566345 -0.0266574602574110
vn 2.8230980428901811 1.1879819439381940 -5.4827755273253898
v 0.0141268903389573 0.0630478784441948 -0.0293320994824171
vn 2.8474635523422971 1.4610185456523326 -5.4049744587776498
v 0.0151716396212578 0.0589714609086514 -0.0298082791268826
vn 3.1450320825394273 1.3110715287008237 -5.2760590593269558
v 0.0159030500799417 0.0630117580294609 -0.0283600594848394
vn 0.1043167216824856 0.1122695811246123 -6.2782515682658948
v 0.0005486910231411 0.0793180987238884 -0.0314154587686062
vn 1.0362494031465430 0.4426200877310751 -6.1786749178342255
v 0.0049557681195438 0.0713953897356987 -0.0313398800790310
vn 1.8484621218321884 0.7250179169709957 -5.9585972812484407
v 0.0089044570922852 0.0672599598765373 -0.0307686906307936
vn 2.0500536505941307 1.1004690779004707 -5.8340950343071318
v 0.0104021998122334 0.0631082579493523 -0.0309123899787664
vn 1.6666241564503315 1.0688525761329974 -5.9608064739278035
v 0.0084708333015442 0.0631320998072624 -0.0315169617533684
vn 1.8228492091151445 1.3812425067585776 -5.8505382454907124
v 0.0098758926615119 0.0590311810374260 -0.0319714508950710
vn 2.1471456965404738 1.4048485781005269 -5.7336233622478892
v 0.0116852503269911 0.0590137802064419 -0.0313576981425285
vn 4.1591193786996516 0.6679272206650847 -4.6580940038039458
v 0.0200450997799635 0.0670579597353935 -0.0244847498834133
vn 3.8137405612065285 0.6899734838579228 -4.9418342882862953
v 0.0183819495141506 0.0671008825302124 -0.0258594695478678
vn 3.9007767885038653 0.4212834546828936 -4.9039051276139531
v 0.0187375508248806 0.0691589117050171 -0.0253510400652885
vn 3.9522291264419485 0.2047676258026596 -4.8763355138003179
v 0.0190574508160353 0.0712300464510918 -0.0249646902084351
vn 4.3209743448750295 -0.0028756966020216 -4.5569692874994256
v 0.0210390593856573 0.0732918903231621 -0.0231888797134161
vn 3.9857655929643294 0.0485397594561948 -4.8531937398610996
v 0.0193302594125271 0.0733156800270081 -0.0246934797614813
vn 3.9832113816923322 -0.0275520784493015 -4.8541856465545035
v 0.0195444803684950 0.0753907486796379 -0.0245208702981472
vn 4.3278445732195934 -0.0750927297839948 -4.5488301965373248
v 0.0212650801986456 0.0753830596804619 -0.0230014901608229
vn 4.0258224307988018 1.0118280055924445 -4.7128977109296981
v 0.0196481905877590 0.0650014802813530 -0.0251973792910576
vn 4.4857715304248726 0.6337966480104671 -4.3494967790831343
v 0.0216089393943548 0.0670119524002075 -0.0229912903159857
vn 4.5699577089838224 0.3349352263716360 -4.2947706490786111
v 0.0219923797994852 0.0690707489848137 -0.0223624706268311
vn 4.2459771111583100 0.3823290061021017 -4.6116531529890361
v 0.0204171501100063 0.0691163465380669 -0.0239171907305717
vn 4.2969627733186151 0.1553500152962070 -4.5774247793632927
v 0.0207523703575134 0.0711933895945549 -0.0234876796603203
vn 4.3172151299534649 -0.0648694002329328 -4.5577371100207174
v 0.0215033795684576 0.0793827697634697 -0.0228537898510695
vn 3.7222881447240801 -0.0161143150054539 -5.0361900728301361
v 0.0197918992489576 0.0830801725387573 -0.0243776999413967
vn 6.1927325170188432 0.0375545806767155 -1.0612542757374610
v 0.0310583692044020 0.0864999815821648 -0.0048195710405707
vn 6.1974141090843089 -0.0956610814183102 -0.9898665773973520
v 0.0310947801917791 0.0832187533378601 -0.0047985310666263
vn 6.2311815239660078 0.0170755109563844 -0.7340452201224694
v 0.0312990508973598 0.0864999815821648 -0.0034257760271430
vn 6.2549469006379796 -0.5412206188566066 -0.0305805996805174
v 0.0310675501823425 0.0752758905291557 -0.0004283479938749
vn 6.2445155397140573 -0.6215476602660105 -0.0284160574047579
v 0.0309726502746344 0.0741842910647392 -0.0005168300122023
vn 6.1827696277457171 -0.0007400397831501 -1.1182441066324726
v 0.0307821594178677 0.0864999815821648 -0.0064191222190857
vn 6.1081771464685488 -0.0816306543524761 -1.4397373378711236
v 0.0306502506136894 0.0832029506564140 -0.0070650568231940
vn 6.1941142324365188 -0.2818536266786341 -0.9682189655704664
v 0.0309892799705267 0.0795092508196831 -0.0047964449040592
vn 6.2694467380139303 -0.3412406014539651 -0.0362352248488506
v 0.0313515588641167 0.0795426890254021 -0.0002290779957548
vn 6.2358215827836894 -0.4907813827010101 -0.5213688405769342
v 0.0309681799262762 0.0752840563654900 -0.0027034869417548
vn 6.2557909386739974 -0.1016337473073837 -0.4839833430250868
v 0.0313724800944328 0.0832346603274345 -0.0025058379396796
vn 6.2471520824179461 -0.3036843728126821 -0.4996611448252021
v 0.0312639400362968 0.0795251727104187 -0.0025090570561588
vn 5.6600329678134749 -0.2017773909221605 -2.7057599549518621
v 0.0282643996179104 0.0794484615325928 -0.0135729899629951
vn 5.6593672331901734 -0.3017088354279315 -2.7015147504236685
v 0.0279774591326714 0.0753374025225639 -0.0137525703758001
vn 5.8382581238680409 -0.3429139716201430 -2.2829606182887372
v 0.0288930498063564 0.0753271505236626 -0.0116424495354295
vn 5.6534084865247207 -0.2867505943503684 -2.7181956280774857
v 0.0277311801910400 0.0731503888964653 -0.0140079800039530
vn 5.8252781819646291 -0.2560461276075999 -2.3311742636862958
v 0.0283483806997538 0.0709261819720268 -0.0123640801757574
vn 5.6190686918082440 0.0298551029588207 -2.8040976617302453
v 0.0270772501826286 0.0688631534576416 -0.0150889698415995
vn 5.5738986720427679 0.3122099655114156 -2.8759949671203100
v 0.0266927406191826 0.0668022036552429 -0.0159638505429029
vn 5.7792301038340295 0.1685155050287460 -2.4507063469764665
v 0.0276265703141689 0.0667447969317436 -0.0139838401228189
vn 5.7209415135704376 0.5070119065975477 -2.5386488728519252
v 0.0272274594753981 0.0646962523460388 -0.0151759898290038
vn 5.6270267748211316 0.8114230007605886 -2.6602382175810266
v 0.0268179699778557 0.0626126527786255 -0.0166458394378424
vn 5.4917933882578822 0.8488282487695318 -2.9146282056170807
v 0.0260131899267435 0.0587247610092163 -0.0194467902183533
vn 5.1837907639640379 -0.0540501599460146 -3.5398793137247422
v 0.0260344706475735 0.0831292793154716 -0.0175896808505058
vn 4.9338470907273351 -0.0236215004192531 -3.8808770396326842
v 0.0246658902615309 0.0831159874796867 -0.0194537006318569
vn 5.2070574255379931 -0.1501668038694350 -3.5026603113910451
v 0.0259745698422194 0.0794203802943230 -0.0175759699195623
vn 5.4500464293853490 -0.2588500071219693 -3.1065041973988841
v 0.0269113704562187 0.0753473564982414 -0.0157899800688028
vn 5.4484371835097063 -0.1767144418768092 -3.1119856313508798
v 0.0271928906440735 0.0794341489672661 -0.0156159903854132
vn 5.4435363607003868 -0.2273788665236022 -3.1224983488513542
v 0.0266648493707180 0.0731812119483948 -0.0160337593406439
vn 5.6424543395390385 -0.1700980128811171 -2.7514579890316289
v 0.0274272505193949 0.0709751769900322 -0.0144413700327277
vn 5.4288977147863022 -0.0923308493290788 -3.1554784318290734
v 0.0263587795197964 0.0710226818919182 -0.0164425894618034
vn 5.3974651634091293 0.1273244061709524 -3.2079261513276256
v 0.0260049700737000 0.0689182803034782 -0.0170485898852348
vn 5.2396639142861323 0.8063554610383040 -3.3665152956659385
v 0.0252023898065090 0.0648066923022270 -0.0188977699726820
vn 5.4936121808289720 0.6776214201191946 -2.9657966161701030
v 0.0262856408953667 0.0647522807121277 -0.0170780997723341
vn 5.3713154685538633 1.0080758569959722 -3.0892363468128488
v 0.0258674006909132 0.0626707002520561 -0.0184479895979166
vn 5.1956644784384958 1.0589570124808745 -3.3583532491433794
v 0.0250441990792751 0.0587605796754360 -0.0210803691297770
vn 5.4547117245818537 0.0306136832229880 -3.1179478537840333
v 0.0277796909213066 0.0864999815821648 -0.0146443797275424
vn 5.4397585514504891 -0.0641063259017674 -3.1328103722148772
v 0.0272621493786573 0.0831431671977043 -0.0156307797878981
vn 5.6242190921278814 0.0119516544323644 -2.7784816109314194
v 0.0282067600637674 0.0864999815821648 -0.0138972904533148
vn 5.8410332047518114 -0.2251201981882912 -2.2860621218024124
v 0.0291838608682156 0.0794631764292717 -0.0114581501111388
vn 5.8327462336503419 -0.3477043681898303 -2.2994294429282389
v 0.0286484900861979 0.0731187984347343 -0.0119079900905490
vn 5.9858556898444251 -0.3826818174779627 -1.8532183989447573
v 0.0296534802764654 0.0753166601061821 -0.0094708800315857
vn 5.9804510097963721 -0.4110119118810422 -1.8684744431421165
v 0.0294113699346781 0.0730862617492676 -0.0097448220476508
vn 5.8100172026705872 -0.0849541112982995 -2.3814636218065259
v 0.0280039906501770 0.0688064023852348 -0.0130510898306966
vn 5.9674019330106800 -0.2184466486632902 -1.9424977718919045
v 0.0287780705839396 0.0687480494379997 -0.0109453704208136
vn 5.9505072827180410 -0.0061159797830678 -2.0052411173202001
v 0.0284085795283318 0.0666858479380608 -0.0119336796924472
vn 5.7753636595613651 0.0156225126276540 -2.4745112992676521
v 0.0283255502581596 0.0864999815821648 -0.0136187598109245
vn 5.6569899887633062 -0.0762889938492467 -2.7198284608350023
v 0.0283429007977247 0.0831575915217400 -0.0135876499116421
vn 5.9907626272921402 -0.2462219005536807 -1.8550356833791819
v 0.0299468003213406 0.0794782564043999 -0.0092827081680298
vn 6.1016584469574573 -0.4210486264735330 -1.4139899140650596
v 0.0302549004554749 0.0753059908747673 -0.0072492947801948
vn 5.9755767487425757 -0.3508124338977044 -1.8972674729093368
v 0.0291158501058817 0.0708760619163513 -0.0102213602513075
vn 6.0827797809133983 -0.2141303903122547 -1.5414744205066071
v 0.0290317498147488 0.0666256472468376 -0.0098251700401306
vn 5.9150462878218546 0.2913408824064908 -2.0862811352378632
v 0.0280185900628567 0.0646388530731201 -0.0132014695554972
vn 6.2158570186405075 -0.6912403890247785 -0.5424017175939577
v 0.0304489694535732 0.0707199499011040 -0.0035204880405217
vn 6.2088983890559986 -0.7370357939415678 -0.5591864827815913
v 0.0301264505833387 0.0685665607452393 -0.0043424358591437
vn 6.1989781279529055 -0.9801673396507562 -0.0602485751898933
v 0.0302357599139214 0.0685264989733696 -0.0021315210033208
vn 5.9057222208834510 0.3626934441826156 -2.1017734472394483
v 0.0268188696354628 0.0553261004388332 -0.0183707401156425
vn 6.0292641385939421 0.0179403585005397 -1.7678744687482895
v 0.0300017502158880 0.0864999815821648 -0.0093149542808533
vn 5.9959583147096778 -0.0748240579885525 -1.8538468960278294
v 0.0300411507487297 0.0831875801086426 -0.0092933168634772
vn 6.1850806585931704 -0.4579734458034046 -0.9681660260208962
v 0.0306937601417303 0.0752950906753540 -0.0049895038828254
vn 6.1773727441987436 -0.5449216256929519 -0.9792016895116810
v 0.0304569005966187 0.0730193778872490 -0.0052757258526981
vn 6.2252105036578547 -0.6143508411677138 -0.5293612065899570
v 0.0307328701019287 0.0729851722717285 -0.0029938810039312
vn 6.1722857861651326 -0.5695320679402149 -0.9976299380465734
v 0.0301702003926039 0.0707727596163750 -0.0057872529141605
vn 6.1697757713788635 -0.5461019062738115 -1.0254619004345527
v 0.0298441592603922 0.0686279535293579 -0.0065784449689090
vn 6.1704264050016304 -0.4557061772953816 -1.0635907246300200
v 0.0294889807701111 0.0665642619132996 -0.0076704621315002
vn 6.2079119516835108 -0.7253295063881200 -0.5815614763724726
v 0.0297756697982550 0.0665019676089287 -0.0054834480397403
vn 6.1837070406607291 -1.0579293046711116 -0.0649499435063423
v 0.0298901703208685 0.0664590001106262 -0.0033069250639528
vn 6.2136582975651322 -0.6424830803619263 -0.6094983504326827
v 0.0294064804911613 0.0644592568278313 -0.0069646830670536
vn 6.2392935535634653 -0.6958912042782537 -0.0403041663725963
v 0.0308345500379801 0.0729585811495781 -0.0007360280142166
vn 6.2264464729939908 -0.7779529669519535 -0.0348331115748364
v 0.0306822005659342 0.0716068670153618 -0.0009777729865164
vn 0.5845269545408058 0.1124249126655834 -6.2517746900172373
v 0.0028634660411626 0.0793191716074944 -0.0312887988984585
vn 1.0453834113142235 0.2448940996120244 -6.1877202547378225
v 0.0051013231277466 0.0754254981875420 -0.0311047993600368
vn 1.4913722021337972 0.4290063369233641 -6.0859144233725520
v 0.0071370601654053 0.0713830515742302 -0.0308900400996208
vn 1.5047285382639446 0.2255045168984548 -6.0930637401411856
v 0.0073447218164802 0.0754228830337524 -0.0306392908096313
vn 2.2654379054840206 0.7332320332626582 -5.8115818686355212
v 0.0109232598915696 0.0672363564372063 -0.0300632696598768
vn 2.3225242494969964 2.3283137120359942 -5.3497491599140741
v 0.0151672903448343 0.0479821488261223 -0.0336161814630032
vn 2.7163021224931700 2.2841673272964487 -5.1829916226223789
v 0.0166907906532288 0.0480906888842583 -0.0328265987336636
vn 1.8128698888105530 2.3367283780935835 -5.5382310412788875
v 0.0120067000389099 0.0477925501763821 -0.0349136516451836
vn 1.4078937502869711 2.3990562903001509 -5.6236465472406527
v 0.0115122701972723 0.0378414914011955 -0.0394463501870632
vn 1.3464011837043353 1.9214852505772266 -5.8163281067423878
v 0.0116026904433966 0.0310354791581631 -0.0420327708125114
vn 1.3606960702102380 2.1933850349432835 -5.7163075259046083
v 0.0115211000666022 0.0345055982470512 -0.0408103391528130
vn 1.8214008810209976 2.4520804504764966 -5.4830366460236677
v 0.0146011700853705 0.0382593795657158 -0.0383508801460266
vn 2.1477126340724357 2.2566287442256519 -5.4505140416731521
v 0.0161156598478556 0.0352985784411430 -0.0390802584588528
vn 2.4470999395288056 2.0122475507149407 -5.4184718812390553
v 0.0176825504750013 0.0323512516915798 -0.0395826585590839
vn 2.7991427186660078 1.7538213023854778 -5.3359467838762109
v 0.0192824006080627 0.0294282995164394 -0.0398300811648369
vn 3.1977513621027733 1.4980263086421537 -5.1864314840304555
v 0.0208863597363234 0.0265538599342108 -0.0398077890276909
vn 2.8285417398475703 1.4702557434751502 -5.4054074298014658
v 0.0195416808128357 0.0259714704006910 -0.0407328009605408
vn 3.2439081001641599 1.2197749512566081 -5.2303468171851257
v 0.0212076902389526 0.0230448804795742 -0.0405246615409851
vn 3.6349124704896267 1.2552328539677351 -4.9563022615192125
v 0.0224608704447746 0.0237531606107950 -0.0395100712776184
vn 3.6911510674085735 0.9909712099748835 -4.9746697599099434
v 0.0228301808238029 0.0202036406844854 -0.0400391817092896
vn 4.1534207842400512 0.8003314411355913 -4.6316155548572606
v 0.0243709608912468 0.0174723807722330 -0.0392889901995659
vn 4.0978173567052396 1.0374139610029058 -4.6333682074155726
v 0.0239681005477905 0.0210493803024292 -0.0389426909387112
vn 4.5592571933033854 0.8614346960210022 -4.2192954102468443
v 0.0253705903887749 0.0184649806469679 -0.0381220504641533
vn 4.6037052924535100 0.6584375070379268 -4.2084787229658263
v 0.0257932506501675 0.0148772504180670 -0.0383048616349697
vn 5.7327074351416147 0.4082253052579903 -2.5029120625821570
v 0.0290532708168030 0.0084937205538154 -0.0343201681971550
vn 5.9558054565290739 0.5737539292715284 -1.8687146149225584
v 0.0293418709188700 0.0102147404104471 -0.0331661701202393
vn 6.1357415151256731 0.6728905938490326 -1.0835147650508858
v 0.0298385005444288 0.0090905418619514 -0.0315907485783100
vn 2.4642664211136931 2.2691087513637385 -5.3089098361302556
v 0.0175775792449713 0.0356121584773064 -0.0383240506052971
vn 3.1648631768608975 2.0285527571377604 -5.0244203938111749
v 0.0204347893595695 0.0331752784550190 -0.0377985797822475
vn 3.1709601813810551 1.7701538931895544 -5.1169930512371398
v 0.0206251703202724 0.0299279596656561 -0.0388978682458401
vn 3.5710054412452097 1.7750261830682401 -4.8430607884070405
v 0.0218804404139519 0.0304542705416679 -0.0378645583987236
vn 3.5940107760813875 1.5194561282325525 -4.9121257990101457
v 0.0221408605575562 0.0271672606468201 -0.0387845002114773
vn 4.0161551981403925 1.5284928064107175 -4.5684792565115639
v 0.0232871696352959 0.0278070494532585 -0.0376631617546082
vn 4.4784073523349912 1.3011484317220292 -4.1919099248140768
v 0.0246171895414591 0.0252546593546867 -0.0371989011764526
vn 4.0499310339451906 1.2843355688772267 -4.6134505789207942
v 0.0236033704131842 0.0244919005781412 -0.0384010598063469
vn 4.9223329061428318 1.1074325547979296 -3.7231912489381163
v 0.0258343797177076 0.0228209402412176 -0.0364904887974262
vn 4.9522214344033815 0.9172155665157604 -3.7364541340433863
v 0.0262211505323648 0.0194856505841017 -0.0368787609040737
vn 5.3195090605641200 0.9629707544806380 -3.1766045542126680
v 0.0269064903259277 0.0205374900251627 -0.0355782508850098
vn 5.9348298322399620 0.7136771741071302 -1.8860242831746628
v 0.0289320908486843 0.0133729502558708 -0.0333786010742188
vn 6.1145459657597723 0.8134984481582371 -1.1209305159991321
v 0.0289887692779303 0.0153082599863410 -0.0321565791964531
vn 6.1247365005179208 0.7812437151948202 -1.0989035047075510
v 0.0290369894355536 0.0149523001164198 -0.0321407914161682
vn 5.9999411123183153 0.4066237939150074 -1.7649344893054093
v 0.0297396704554558 0.0071952929720283 -0.0326832495629787
vn 5.8018219182931139 0.2143602321783662 -2.3641540473695168
v 0.0294570904225111 0.0053200121037662 -0.0337619706988335
vn 5.4706328834629785 0.2441572922399177 -3.0507979227412285
v 0.0285823903977871 0.0068080420605838 -0.0354654714465141
vn 5.3985161992187045 0.4657481543128633 -3.1547344076937311
v 0.0281579401344061 0.0102832904085517 -0.0358017608523369
vn 5.0196727975673028 0.5524776572866010 -3.7188478529033837
v 0.0270645599812269 0.0124554000794888 -0.0371316596865654
vn 4.6555171809666813 0.4538099834997161 -4.1779161141799621
v 0.0262331906706095 0.0111614400520921 -0.0383136793971062
vn 4.2106528427944436 0.5792681405882135 -4.6135119262183348
v 0.0248017907142639 0.0137564502656460 -0.0394494496285915
vn 3.7562537800297155 0.7385054225502544 -4.9703784169629763
v 0.0232383608818054 0.0165114905685186 -0.0403715893626213
vn 2.8778672816378221 1.1822993616130510 -5.4496689747612850
v 0.0198611002415419 0.0223725996911526 -0.0414445884525776
vn 2.4557517623087795 1.7310251015721243 -5.5105521904952912
v 0.0178674999624491 0.0289577804505825 -0.0406638905405998
vn 2.1395141784888647 1.7052240824368330 -5.6494387874477798
v 0.0163954403251410 0.0285184904932976 -0.0414028689265251
vn 2.1307415971653461 1.9923694114992441 -5.5583560212839540
v 0.0162166897207499 0.0319780707359314 -0.0403277799487114
vn 1.7711724104847704 2.2466158861944168 -5.5843276547438423
v 0.0146127901971340 0.0350085385143757 -0.0397428795695305
vn 1.7585625572091230 1.9742071788377709 -5.6896678337249611
v 0.0147085702046752 0.0316330716013908 -0.0409806892275810
vn 1.3471602483334808 1.6423860406431152 -5.9020782816933641
v 0.0117488503456116 0.0274100806564093 -0.0430980883538723
vn 1.7749470525838600 1.6870307252210475 -5.7765395693790591
v 0.0148788597434759 0.0281127598136663 -0.0420511886477470
vn 2.4864372014213831 1.4399232987159138 -5.5798620107696033
v 0.0181220695376396 0.0254232808947563 -0.0415620803833008
vn 3.3061599383025868 0.9431861360956731 -5.2485472028390472
v 0.0215787794440985 0.0193927790969610 -0.0410454794764519
vn 3.8240410989595950 0.5035028312997673 -4.9485144373787318
v 0.0236749593168497 0.0126716401427984 -0.0405148789286613
vn 5.0798696150503826 0.3410307269018787 -3.6598470358303032
v 0.0275017004460096 0.0087984800338745 -0.0369844995439053
vn 5.5614059667992386 0.0136993066497716 -2.8952824345936987
v 0.0289942603558302 0.0034814469981939 -0.0348348617553711
vn 5.8571715514397820 0.0891670041333792 -2.2412906905988019
v 0.0296513997018337 0.0038223860319704 -0.0333593413233757
vn 4.4672356472979171 0.0159101258483036 -4.4182307036173825
v 0.0231196805834770 0.0864999815821648 -0.0212186500430107
vn 4.6128990198509356 -0.0286132202401171 -4.2582516154382306
v 0.0231639705598354 0.0831032916903496 -0.0212126895785332
vn 4.9372334764865915 -0.1223846824011719 -3.8752022797883141
v 0.0246153399348259 0.0794071480631828 -0.0194423701614141
vn 5.2110988861638150 -0.2144633876624673 -3.4958261969986104
v 0.0257005598396063 0.0753569006919861 -0.0177438799291849
vn 5.2040766958189346 -0.1694872934542678 -3.5105324627971508
v 0.0254555903375149 0.0732108876109123 -0.0179746691137552
vn 5.0775239297848458 0.5168064934269685 -3.6595134201175323
v 0.0244032703340054 0.0669116899371147 -0.0196734592318535
vn 5.3389737891214573 0.4270139263536917 -3.2790347053231477
v 0.0256155692040920 0.0668579936027527 -0.0178634505718946
vn 4.9632804280773106 0.8989395487288724 -3.7412755670791622
v 0.0239872895181179 0.0648590922355652 -0.0206269007176161
vn 4.7974394481730034 1.2521480857234224 -3.8528769461945749
v 0.0235589705407619 0.0627811476588249 -0.0217933598905802
vn 5.0928206655633197 1.1527267168650612 -3.4863649564219821
v 0.0247774701565504 0.0627269670367241 -0.0201663896441460
vn 4.8797119206466384 1.2154189344043955 -3.7579770742135103
v 0.0239401999861002 0.0587953887879848 -0.0226263906806707
vn 5.3700475862713839 0.9858987653287463 -3.1001887924249814
v 0.0253014508634806 0.0552777014672756 -0.0216920897364616
vn 5.4843541184669196 1.1740019624811449 -2.8235761800752286
v 0.0255876705050468 0.0520882606506348 -0.0223004799336195
vn 6.0373138513536349 0.1596006829504925 -1.7275639522060526
v 0.0270926896482706 0.0553385615348816 -0.0174989700317383
vn 6.1197023305668639 -0.0462143934381453 -1.4151853378954176
v 0.0273209791630507 0.0553511902689934 -0.0166140701621771
vn 6.1756478015931133 -0.0537290149260157 -1.1460383432144867
v 0.0269795600324869 0.0523198805749416 -0.0181108694523573
vn 6.1815610932045164 -0.3067327184833470 -1.0729778001984953
v 0.0275028906762600 0.0553638897836208 -0.0157184600830078
vn 6.2381392679372025 -0.5944282093774432 -0.4347453924874142
v 0.0272057000547647 0.0524155385792255 -0.0163573604077101
vn 6.2086454098265200 -0.9551817442916902 -0.0942538400117100
v 0.0272442605346441 0.0524634681642056 -0.0154742496088147
vn 5.9186003848144004 0.7690974640655169 -1.9579299992197170
v 0.0261567793786526 0.0492813512682915 -0.0220589600503445
vn 5.9838009366412663 0.4855040000410630 -1.8475487444604726
v 0.0265598800033331 0.0522256381809711 -0.0198297500610352
vn 6.0528111102105981 0.5088982147621561 -1.5992208345963697
v 0.0263943597674370 0.0493620596826077 -0.0212311707437038
vn 6.0962277623228260 0.2129106475752607 -1.4990945323840823
v 0.0267934706062078 0.0522725507616997 -0.0189759694039822
vn 6.2229299152296971 -0.3386762039737070 -0.7830837359749582
v 0.0271172504872084 0.0523675605654716 -0.0172371808439493
vn 6.2249138534186201 -0.0815435545077705 -0.8316703389856446
v 0.0267238598316908 0.0495258495211601 -0.0195434596389532
vn 5.8512737182541166 0.5569998315962006 -2.1991699836157763
v 0.0276188794523478 0.0625531598925591 -0.0147692495957017
vn 5.7564552237684818 0.5779353530961953 -2.4255177378519486
v 0.0268341805785894 0.0586879812180996 -0.0177338700741529
vn 5.6802995529333318 0.6581766819201941 -2.5873041274617639
v 0.0261408593505621 0.0553015395998955 -0.0200678706169128
vn 5.5836932576104710 1.2123940476375783 -2.6100096516622688
v 0.0255420804023743 0.0491231605410576 -0.0236697699874640
vn 5.8342065881752925 1.0474900750882419 -2.0773690796383404
v 0.0258740708231926 0.0464929901063442 -0.0241526905447245
vn 6.2136451357488554 0.1827189971113097 -0.8951282733553415
v 0.0264477692544460 0.0468387603759766 -0.0217001996934414
vn 6.1565756215962608 0.2251955664411999 -1.2232649768301513
v 0.0265837907791138 0.0494436584413052 -0.0203917603939772
vn 6.2464550257598166 -0.2986919030212261 -0.6057152696121761
v 0.0268135592341423 0.0496084615588188 -0.0186889693140984
vn 6.2610798871706335 -0.1635016518487340 -0.4597563517923915
v 0.0265384893864393 0.0469557605683804 -0.0208664499223232
vn 5.7599521112996328 1.0041782835448074 -2.2960754299123707
v 0.0258720498532057 0.0492016598582268 -0.0228725597262383
vn 5.7060855895598008 0.9391751100171327 -2.4531965850406783
v 0.0259550791233778 0.0521335005760193 -0.0214938502758741
vn 5.8392952820000206 0.7648056898758200 -2.1828771742093229
v 0.0262798592448235 0.0521792694926262 -0.0206696894019842
vn 5.6154668530136869 0.8979382135059935 -2.6574953240025980
v 0.0258468892425299 0.0536756515502930 -0.0211907606571913
vn 5.8442355886354109 0.6193253674117786 -2.2124190898811684
v 0.0265323501080275 0.0537334606051445 -0.0195282604545355
vn 5.9751446080856745 0.2418061723606824 -1.8891152208633375
v 0.0274946596473455 0.0586503706872463 -0.0159533601254225
vn 6.1281607113730416 -0.1652957291427143 -1.3141230186272570
v 0.0279825907200575 0.0586119815707207 -0.0141177698969841
vn 1.2774863738925601 1.0411209303709195 -6.0610309153865813
v 0.0065046539530158 0.0631511807441711 -0.0319957695901394
vn 1.4215558259846337 0.7163933146062109 -6.0757665338688263
v 0.0068432679399848 0.0672791004180908 -0.0313289687037468
vn 2.1922961186842840 1.6810554413396128 -5.6394548889539902
v 0.0128533802926540 0.0551027618348598 -0.0319683514535427
vn 1.4542991077337672 1.9922546593675206 -5.7730153177787500
v 0.0090313553810120 0.0512661896646023 -0.0344522483646870
vn 1.2711601729204862 2.3054895359880110 -5.7010521684072133
v 0.0087449550628662 0.0476433001458645 -0.0358616709709167
vn 2.0250251100482375 2.0054118178296685 -5.5926966494115637
v 0.0123727899044752 0.0513543412089348 -0.0334038697183132
vn 2.0000026343805750 2.5568461495669137 -5.3693710250447193
v 0.0146832400932908 0.0414525792002678 -0.0368392392992973
vn 2.2299415657814121 2.4294981741769694 -5.3406868296995258
v 0.0148687902837992 0.0446672998368740 -0.0352477990090847
vn 2.8695970104651716 2.4475868001238381 -5.0194408874434320
v 0.0189698897302151 0.0390380583703518 -0.0360254012048244
vn 3.2457188406369877 2.4190497498638690 -4.7982677169149834
v 0.0203081890940666 0.0393331013619900 -0.0350488983094692
vn 4.0002574954426535 1.9751307736088615 -4.4092087422904154
v 0.0228411499410868 0.0340880714356899 -0.0356035791337490
vn 4.4451901044621351 1.7198815674659880 -4.0751590249405814
v 0.0240532699972391 0.0315697714686394 -0.0354960486292839
vn 4.4541372868794973 1.5180683959518193 -4.1446767062380827
v 0.0243064705282450 0.0284676495939493 -0.0364450812339783
vn 4.8984690037211429 1.3000866545580085 -3.6917699767719911
v 0.0254840794950724 0.0260391794145107 -0.0359111987054348
vn 5.2958915119356051 1.2735976820071930 -3.1034878936896089
v 0.0261857490986586 0.0268481895327568 -0.0345564410090446
vn 6.1149347691499996 0.9236632868190071 -1.0256911260878074
v 0.0283319894224405 0.0201704502105713 -0.0319441482424736
vn 2.9383418483647166 1.7261678279770121 -5.2762280179782479
v 0.0161418896168470 0.0551331602036953 -0.0303966905921698
vn 3.2550676842314621 1.7478146726415584 -5.0795993957227648
v 0.0177066903561354 0.0551505610346794 -0.0294586997479200
vn 3.6517557289294147 2.3626169012361755 -4.5254788829574375
v 0.0215619802474976 0.0396432802081108 -0.0339661799371243
vn 4.0241635419284423 2.1567643135012364 -4.3022070273845525
v 0.0227319002151489 0.0370699688792229 -0.0342843495309353
vn 4.0876274172731488 2.2665327308529268 -4.1873184711558959
v 0.0227121692150831 0.0399665795266628 -0.0327777788043022
vn 4.4809677521675759 2.0443317960854817 -3.8831345923153711
v 0.0237593594938517 0.0374733805656433 -0.0330141708254814
vn 4.9046874084220011 1.7790030438337860 -3.4777971929785685
v 0.0247495695948601 0.0350633785128593 -0.0330063700675964
vn 4.4526921973506379 1.8995523349942709 -3.9866453675699276
v 0.0238675400614738 0.0345690809190273 -0.0343523584306240
vn 5.2979877491969019 1.4096515274287109 -3.0399517202181467
v 0.0258882604539394 0.0298475604504347 -0.0337591692805290
vn 5.9418460411262615 1.1055998563177907 -1.6796027567911873
v 0.0270277801901102 0.0285431705415249 -0.0317206904292107
vn 6.1761839994330554 0.9092842926944035 -0.6255389710265149
v 0.0274829808622599 0.0266695600003004 -0.0309278909116983
vn 2.5052935160981367 2.4755553010115960 -5.1974863833864564
v 0.0175629798322916 0.0387599393725395 -0.0368984900414944
vn 2.5380824869853864 2.5691828519749587 -5.1335860163675830
v 0.0176489893347025 0.0418584905564785 -0.0353357717394829
vn 2.8090526971566523 2.2718002639222918 -5.1327164114980235
v 0.0189859792590141 0.0359478518366814 -0.0374696813523769
vn 3.1840919958242999 2.2593407642624301 -4.9135275927673794
v 0.0203256607055664 0.0363041684031487 -0.0365129709243774
vn 3.5679747868052436 2.0147611015729305 -4.7510984685648214
v 0.0216902401298285 0.0336222015321255 -0.0367527008056641
vn 3.9990417156935987 1.7611622438396413 -4.4994958178720070
v 0.0230296794325113 0.0310031697154045 -0.0367302782833576
vn 5.3046474633702827 1.1201800570539810 -3.1481765352952586
v 0.0265283491462469 0.0237469598650932 -0.0351614914834499
vn 5.6549782272715818 0.9911215424904847 -2.5170027447181194
v 0.0274107996374369 0.0216233693063259 -0.0342398807406425
vn 5.6572193222114455 0.8728262530424503 -2.5575340719403341
v 0.0278067495673895 0.0184410791844130 -0.0345211587846279
vn 5.9300438432564020 0.8328716377341059 -1.8485130088727175
v 0.0285196900367737 0.0165636502206326 -0.0333740711212158
vn 5.9355304906989446 0.9056619058161133 -1.7950892559601441
v 0.0281137805432081 0.0196949802339077 -0.0332009717822075
vn 6.2371458387203003 0.3846603814338070 -0.6360459462427904
v 0.0263021495193243 0.0419241711497307 -0.0247083902359009
vn 6.1528186571802825 0.6690240919714637 -1.0624104316585441
v 0.0262112002819777 0.0417349897325039 -0.0255091693252325
vn 6.1886812924822241 0.4404194393626213 -0.9724853128089410
v 0.0262799803167582 0.0442596599459648 -0.0236923601478338
vn 6.0209854343895142 0.9517088770328748 -1.5089078591265506
v 0.0260682702064514 0.0415470004081726 -0.0263037607073784
vn 5.8555909129228221 1.2012927816012942 -1.9245952293888866
v 0.0258747898042202 0.0413606688380241 -0.0270897708833218
vn 5.6626963865854760 1.4116300841926606 -2.3184565401514647
v 0.0256317798048258 0.0411767885088921 -0.0278643891215324
vn 3.6858219379173716 1.9505499449101604 -4.6968283378815086
v 0.0200309697538614 0.0516713783144951 -0.0291147790849209
vn 3.9637433475220440 1.6113087288936581 -4.5979700248023718
v 0.0206300597637892 0.0551889501512051 -0.0272734705358744
vn 4.0533440661644908 1.8723438300580413 -4.4171394477426871
v 0.0213660504668951 0.0517484508454800 -0.0279523693025112
vn 3.7879758039966913 2.1736522901152675 -4.5137232984697526
v 0.0209114495664835 0.0484638810157776 -0.0298527404665947
vn 4.1802084459959481 2.0660635523364594 -4.2068081309580041
v 0.0221561696380377 0.0486019812524319 -0.0286526605486870
vn 4.3772981029811548 2.1412912749391442 -3.9590826706427942
v 0.0229822900146246 0.0457383915781975 -0.0292862597852945
vn 4.2060150170257531 2.2643225933372499 -4.0725983855626371
v 0.0227921605110168 0.0428339801728725 -0.0311037804931402
vn 4.6578932649274751 2.0827764196450724 -3.6539365151020680
v 0.0238158702850342 0.0431032702326775 -0.0297834798693657
vn 5.0056124458077171 1.9031298164313986 -3.2656697956514980
v 0.0246217790991068 0.0406426712870598 -0.0300958696752787
vn 4.9397047476807661 1.8765956912507404 -3.3763473050890132
v 0.0246430002152920 0.0378878712654114 -0.0316475592553616
vn 5.3833142797674451 1.6361010867128425 -2.7640163712361332
v 0.0253619495779276 0.0383153483271599 -0.0302010700106621
vn 5.7152805557415167 1.3414284870888307 -2.2062494437343405
v 0.0259991791099310 0.0361009798943996 -0.0300992708653212
vn 5.7033415591480132 1.3302154875959196 -2.2299516539012325
v 0.0261744800955057 0.0333752594888210 -0.0313108488917351
vn 5.9659752227885061 1.1183334776659257 -1.5827679387264033
v 0.0267404895275831 0.0313166901469231 -0.0308631006628275
vn 6.1240871706924018 0.9595696273175848 -0.9982837093722638
v 0.0268279891461134 0.0316931009292603 -0.0301222801208496
vn 6.1840116410091497 0.8920804715090157 -0.5898072389251825
v 0.0272621493786573 0.0284309908747673 -0.0305473804473877
vn 6.1844321668442763 0.7353603180182460 -0.8058455635453625
v 0.0264231506735086 0.0369168482720852 -0.0278031807392836
vn 6.1124843537884210 0.8479356615069163 -1.1602724127979742
v 0.0262320004403591 0.0392113886773586 -0.0271396003663540
vn 6.0729541469513650 0.9733891496142260 -1.2631416542868161
v 0.0263333898037672 0.0366428382694721 -0.0285748802125454
vn 5.9694219669816277 1.0914536651003242 -1.6130694888032000
v 0.0260894801467657 0.0389832817018032 -0.0279199406504631
vn 3.5885445135605294 1.7071989830019771 -4.8641460876658646
v 0.0192063990980387 0.0551691614091396 -0.0284177009016275
vn 3.3308804624302297 1.9985441533151542 -4.9359810076106818
v 0.0186143498867750 0.0515983700752258 -0.0301735904067755
vn 3.4134854969854489 2.2425692785790154 -4.7719560500138147
v 0.0195759497582912 0.0483321510255337 -0.0309473797678947
vn 3.5523658269675669 2.3786341376894065 -4.6006823484290287
v 0.0205905996263027 0.0453422591090202 -0.0316894613206387
vn 3.7733158632173893 2.3862469104476833 -4.4144998864417087
v 0.0216446500271559 0.0425729714334011 -0.0323203802108765
vn 3.9538355698589949 2.2846131498972158 -4.3106436418634821
v 0.0218392591923475 0.0455363914370537 -0.0305403992533684
vn 4.5453475948593658 2.1174938221910629 -3.7705834300281316
v 0.0237387996166945 0.0403000712394714 -0.0314852483570576
vn 5.3404509233451707 1.5989691466472258 -2.8664389820413438
v 0.0254667904227972 0.0355733595788479 -0.0315826497972012
vn 5.3126884304119306 1.5201790700707043 -2.9596611700180153
v 0.0256453696638346 0.0327533408999443 -0.0327682383358479
vn 5.6768060690106559 1.2857050467979509 -2.3226814909343361
v 0.0264126602560282 0.0305724702775478 -0.0323285982012749
vn 6.0994593782357462 0.9931488581120245 -1.1087271978842748
v 0.0271136704832315 0.0289772693067789 -0.0309966802597046
vn 6.0812326638520036 0.9838321746844740 -1.2085646926667351
v 0.0274427495896816 0.0261814501136541 -0.0316843912005424
vn 6.2149180677856002 0.5851980193436818 -0.6823552150608629
v 0.0263225995004177 0.0394408702850342 -0.0263532903045416
vn 5.4163777620643625 1.6165581011793704 -2.7236954409809049
v 0.0253404900431633 0.0409958884119987 -0.0286250691860914
vn 5.1102536363895599 1.8281193583035562 -3.1476627719953831
v 0.0246958695352077 0.0433799587190151 -0.0283665005117655
vn 4.9986520289922174 1.6846564519681209 -3.4044239274704458
v 0.0243030693382025 0.0488936901092529 -0.0259456001222134
vn 4.8142954233755582 1.9342756538208685 -3.5332980881630651
v 0.0240005794912577 0.0459466502070427 -0.0279299002140760
vn 4.4303507828455366 1.7553525455391712 -4.0904586259479601
v 0.0226057693362236 0.0518291518092155 -0.0266860704869032
vn 4.5517146701826716 1.3265219459424735 -4.1166512735793130
v 0.0227140691131353 0.0588289387524128 -0.0240786597132683
vn 4.3192318224551158 1.5267936603962133 -4.2963836268554392
v 0.0219649598002434 0.0552097484469414 -0.0260264798998833
vn 4.1546190312007676 1.3308731998318160 -4.5164446595035113
v 0.0207791905850172 0.0628822967410088 -0.0247473698109388
vn 4.3545530778026134 0.9968070174858217 -4.4142994516702068
v 0.0212005898356438 0.0649566575884819 -0.0237826704978943
vn 4.9153315047910722 0.0427753634986992 -3.9087181458316338
v 0.0238068606704473 0.0711122676730156 -0.0201756898313761
vn 4.6184988703600158 0.1016607603496561 -4.2543972214552870
v 0.0223383903503418 0.0711540505290031 -0.0218886695802212
vn 4.9362338074610213 -0.1126228238912290 -3.8803371896324035
v 0.0241097807884216 0.0732392594218254 -0.0198204498738050
vn 4.9436052924784715 -0.1688180888744111 -3.8674012457641296
v 0.0243510603904724 0.0753660723567009 -0.0196035504341125
vn 4.6416053612438244 -0.0572355143523634 -4.2295306293465860
v 0.0226349793374538 0.0732663795351982 -0.0215615592896938
vn 4.6489138766183586 -0.1222793268486873 -4.2188622870695367
v 0.0228700004518032 0.0753747820854187 -0.0213593803346157
vn 4.6402298671035869 -0.0938022429093805 -4.2274600829770659
v 0.0231224801391363 0.0793945714831352 -0.0212048795074224
vn 1.9367738715342615 0.4102638104834684 -5.9605280946217380
v 0.0092809200286865 0.0713666602969170 -0.0302796903997660
vn 2.4274610807857431 1.1335007899327563 -5.6808570412975703
v 0.0122903501614928 0.0630801916122437 -0.0301834903657436
vn 2.5021319624634608 1.4439965556582914 -5.5778278679417275
v 0.0134530598297715 0.0589938685297966 -0.0306365396827459
vn 2.5856959295883404 1.7038408921240384 -5.4650981666763672
v 0.0145210595801473 0.0551172383129597 -0.0312328897416592
vn 2.5794830385962420 2.0198257008175120 -5.3571800785218180
v 0.0155883999541402 0.0514660403132439 -0.0319851003587246
vn 2.9887775503539031 2.0239404462514132 -5.1405870288410149
v 0.0171296503394842 0.0515298806130886 -0.0311297699809074
vn 3.0587400100419320 2.2820734427542821 -4.9892558872897794
v 0.0181643906980753 0.0482075810432434 -0.0319379493594170
vn 2.7460102975895455 2.4551877989600697 -5.0846419943197319
v 0.0178460404276848 0.0449826717376709 -0.0336706601083279
vn 3.1751273240241584 2.4361402443014857 -4.8409241028346335
v 0.0192543808370829 0.0451573692262173 -0.0327321812510490
vn 2.9908220359958806 2.5066222223099812 -4.9205782806135936
v 0.0190558992326260 0.0420836806297302 -0.0344354510307312
vn 3.3679729019250653 2.4627890981723737 -4.6928432492468373
v 0.0203929506242275 0.0423221513628960 -0.0334312915802002
vn 3.5891215424381633 2.2244974522762959 -4.6413677589191016
v 0.0215805694460869 0.0366791412234306 -0.0354511700570583
vn 4.8879815390849704 1.6435145411651491 -3.5666138160140024
v 0.0249318405985832 0.0321523509919643 -0.0341695509850979
vn 4.8862307870344024 1.4816385218199448 -3.6391197332844767
v 0.0251799803227186 0.0291469600051641 -0.0351376496255398
vn 5.6608316793300837 1.2084347830223843 -2.4027794197655288
v 0.0267043691128492 0.0276845600455999 -0.0331541784107685
vn 5.6547040417752470 1.1059412817506309 -2.4669985733939477
v 0.0270401798188686 0.0247038602828979 -0.0337897501885891
vn 5.9404376725954826 1.0273708997203619 -1.7229772131303509
v 0.0273585896939039 0.0256852507591248 -0.0323904715478420
vn 6.1388053562410523 0.9272924342036208 -0.8657027357380079
v 0.0278395991772413 0.0238608699291945 -0.0314826890826225
vn 6.2579629524369640 -0.5129353776985495 0.0003841825442225
v 0.0265713892877102 0.0470076687633991 -0.0200833603739738
vn 6.2526220420916783 0.1218807225440217 -0.5940180417449918
v 0.0263710599392653 0.0444117709994316 -0.0228762608021498
vn 6.0748520353910171 0.7482458688040297 -1.4062084028939741
v 0.0261374693363905 0.0441083908081055 -0.0245022699236870
vn 6.1222789015788344 0.4981573827495359 -1.3099044864077110
v 0.0263061504811049 0.0467224717140198 -0.0225275699049234
vn 5.9246415940153216 1.0249071968875627 -1.8141616611366316
v 0.0259444694966078 0.0439586006104946 -0.0253033004701138
vn 5.9936279232359233 0.7865403217327973 -1.7047869006895668
v 0.0261145792901516 0.0466070696711540 -0.0233459398150444
vn 5.7451589881164971 1.2717824672534572 -2.1954501755271068
v 0.0257022902369499 0.0438105985522270 -0.0260926391929388
vn 5.4952871870463342 1.5273567691083174 -2.6215944760634358
v 0.0254119597375393 0.0436646901071072 -0.0268677398562431
vn 5.6514939320507676 1.2798111267486214 -2.4241089691371793
v 0.0255859401077032 0.0463804602622986 -0.0249449592083693
vn 5.4518873778284469 1.4764851887142478 -2.7482890057144092
v 0.0252521000802517 0.0462697707116604 -0.0257206503301859
vn 5.2085403052183006 1.6674170064933473 -3.0844287721754480
v 0.0248749796301126 0.0461605712771416 -0.0264779906719923
vn 5.3524100962251335 1.4283800331539047 -2.9580084588883895
v 0.0251689497381449 0.0490455590188503 -0.0244488697499037
vn 4.8123346940916241 1.5884043228421385 -3.7082901202010214
v 0.0237337891012430 0.0519130788743496 -0.0253187995404005
vn 5.1936050643605354 1.3659536706444695 -3.2525717292616836
v 0.0247333608567715 0.0519995614886284 -0.0238544903695583
vn 5.0262044510223447 1.2360210640724196 -3.5558426462617811
v 0.0243156496435404 0.0552542805671692 -0.0232312604784966
vn 4.6751523338555163 1.4048346031805723 -3.9510364249856611
v 0.0231984797865152 0.0552315711975098 -0.0246776901185513
vn 4.4881803350945919 1.3141920791832398 -4.1907967166875277
v 0.0222228690981865 0.0628330707550049 -0.0233220998197794
vn 4.6673899537126990 0.9609398474818546 -4.0905774611451173
v 0.0226501803845167 0.0649091601371765 -0.0222572591155767
vn 5.1473462378676196 0.2093972586927935 -3.5918875241360659
v 0.0247947499155998 0.0689714476466179 -0.0189200602471828
vn 4.7923632867573005 0.5846489209339318 -4.0165581922638935
v 0.0230647902935743 0.0669630691409111 -0.0213851891458035
vn 4.8708770426062058 0.2779771370292225 -3.9545844186327912
v 0.0234543606638908 0.0690223500132561 -0.0206941906362772
vn 5.1859955783431317 -0.0216772726639233 -3.5418443964078139
v 0.0251495800912380 0.0710684582591057 -0.0183572694659233
vn 4.3086112345276932 -0.0183180382376992 -4.5662847806068276
v 0.0215363502502441 0.0830912515521049 -0.0228570606559515
vn 4.4672072221561621 0.0154783369931958 -4.4182656648386818
v 0.0226230006664991 0.0864999815821648 -0.0217208806425333
vn 4.4568655343410102 0.0372045370861871 -4.4286011749630969
v 0.0214932505041361 0.0864999815821648 -0.0228632595390081
vn 2.2104515492611596 2.4696133662849049 -5.3332237433480048
v 0.0161024890840054 0.0384999513626099 -0.0376721583306789
vn 2.7911501066457509 2.0257216826451878 -5.2434335682439510
v 0.0190935693681240 0.0327509604394436 -0.0387408696115017
vn 4.5155738607873204 1.0779189702931176 -4.2155819083583870
v 0.0249751806259155 0.0219228807836771 -0.0377571508288383
vn 4.9826768596885254 0.7366441592178389 -3.7370196487054446
v 0.0266344491392374 0.0160297695547342 -0.0370892807841301
vn 5.3354508209880960 0.8099886708792672 -3.1940375700896881
v 0.0273104906082153 0.0172167997807264 -0.0358215495944023
vn 5.3572602394035016 0.6503907540724415 -3.1938918974031281
v 0.0277308803051710 0.0137872602790594 -0.0359028503298759
vn 5.6646784610150958 0.7438290020493897 -2.5819147909809521
v 0.0282188002020121 0.0151595398783684 -0.0346464514732361
vn 5.6869376214362379 0.5913551239655643 -2.5714138956605104
v 0.0286374595016241 0.0118112498894334 -0.0345962606370449
vn 6.1837772793177388 -1.0376236234143184 -0.0599131493394462
v 0.0295240804553032 0.0644106790423393 -0.0048431148752570
vn 6.2098873072659266 -0.5849849539684406 -0.6486495933865403
v 0.0290289502590895 0.0623672604560852 -0.0088142147287726
vn 6.1953682455229266 -0.6344077620582507 -0.7087953911151872
v 0.0282895509153605 0.0585729405283928 -0.0122430901974440
vn 6.1875734142362404 -1.0238523774942603 -0.1547000246284810
v 0.0291407704353333 0.0622759386897087 -0.0067963600158691
vn 6.1870687971807303 -1.0431722052977290 -0.1865705440362184
v 0.0282774493098259 0.0579018518328667 -0.0109015703201294
vn 5.9035918784902970 0.0141816482478470 -2.1223498460450232
v 0.0296417400240898 0.0864999815821648 -0.0105338599532843
vn 5.8330237086209893 -0.0801240157362215 -2.3175709453595710
v 0.0292708799242973 0.0831723809242249 -0.0114714503288269
vn 6.1085966038653172 -0.2651693374642725 -1.4150020528964100
v 0.0305495802313089 0.0794937014579773 -0.0070582032203674
vn 6.0955791439536959 -0.4765375981212902 -1.4276741078648896
v 0.0300154592841864 0.0730530619621277 -0.0075300931930542
vn 6.0917216204460045 -0.4550836418762479 -1.4519175175043753
v 0.0297247692942619 0.0708248615264893 -0.0080251693725586
vn 6.0883353655206083 -0.3719956562735303 -1.4893861490064335
v 0.0293933693319559 0.0686885714530945 -0.0087838759645820
vn 6.1711345130657209 -0.2870071827499863 -1.1136992918403554
v 0.0291149597615004 0.0645201802253723 -0.0090824961662292
vn 6.0683326624584133 0.0266424713888536 -1.6096815300586873
v 0.0286504607647657 0.0645800828933716 -0.0111661497503519
vn 6.0331155299926067 0.2391456001677830 -1.7057496919821185
v 0.0282601695507765 0.0624923706054688 -0.0128298895433545
vn 6.1580698502872480 -0.1422778818521532 -1.1853290074849794
v 0.0287323500961065 0.0624302588403225 -0.0108398701995611
vn 6.2129540193717201 -0.5450629016342406 -0.7387804928837459
v 0.0276373606175184 0.0553766414523125 -0.0148146701976657
vn 6.1594932526726902 -1.0888676805070028 -0.1014941580577977
v 0.0278022792190313 0.0554030500352383 -0.0130025697872043
vn 6.1566204043278203 -0.0659793504035173 -1.2078791692475572
v 0.0306212902069092 0.0009509460069239 -0.0299244504421949
vn 6.1213266061100233 0.0382464535744065 -1.3753156463705911
v 0.0304624997079372 0.0019969339482486 -0.0306893493980169
vn 5.7185007729495654 -0.3019275632786049 -2.5592165688612094
v 0.0293843708932400 0.0004231090133544 -0.0338509604334831
vn 5.4979652553711000 -0.5510452411135800 -2.9673731018452463
v 0.0287566706538200 -0.0015076990239322 -0.0348270498216152
vn 5.4066438797506366 -0.3760454505026490 -3.1571392605531958
v 0.0285604503005743 0.0000486727985844 -0.0354104600846767
vn 4.6876355799469343 -0.5331098756164321 -4.1279201960120764
v 0.0265989806503057 -0.0017474290216342 -0.0379045009613037
vn 4.1782349157785088 -0.3281570111407490 -4.6612532077939131
v 0.0250509902834892 0.0005204210174270 -0.0396986007690430
vn 3.5404523412547824 0.1880547666685826 -5.1767821851602731
v 0.0228850804269314 0.0075171580538154 -0.0414416715502739
vn 3.6607274455673671 -0.0964033882028494 -5.0922713203139169
v 0.0233497601002455 0.0032900569494814 -0.0411675497889519
vn 3.1945191275602558 0.1169151142528402 -5.3999664354794206
v 0.0215302705764771 0.0064076180569828 -0.0423335991799831
vn 2.6844248313454049 0.5771333421617515 -5.6438080721134432
v 0.0192002002149820 0.0138914501294494 -0.0431044586002827
vn 2.3685999138934282 0.5347616950055242 -5.7881751162062054
v 0.0176877900958061 0.0131224896758795 -0.0438454709947109
vn 1.9309933628418408 0.7775276219662116 -5.9188577624194139
v 0.0157406907528639 0.0165970902889967 -0.0441803894937038
vn 1.4216542011999127 1.0277596835676299 -6.0226410801078627
v 0.0122015401721001 0.0196588598191738 -0.0447172485291958
vn 1.3776982773932214 1.3288272031058384 -5.9741277683569889
v 0.0119512602686882 0.0236207805573940 -0.0439961515367031
vn 0.9211519756158220 1.5998161267292821 -5.9972305175973144
v 0.0085393777117133 0.0268645808100700 -0.0438475608825684
vn 0.5480732158056358 1.5699124408571123 -6.0517263915699822
v 0.0052910437807441 0.0264863893389702 -0.0443372689187527
vn 0.9192762058264736 1.8817405052409244 -5.9145624072030119
v 0.0084260096773505 0.0305709801614285 -0.0427838489413261
vn 0.5466150835608630 1.8531384579541355 -5.9709860401821055
v 0.0052176709286869 0.0302486997097731 -0.0432733781635761
vn 0.9304482405693100 2.1531023491691910 -5.8198443588077229
v 0.0083630681037903 0.0341140590608120 -0.0415718518197536
vn 0.5776636261892730 2.3266169330720423 -5.8020499120190392
v 0.0051733250729740 0.0372883602976799 -0.0407397709786892
vn 0.6252358450238532 2.3731627453603643 -5.7809153784050009
v 0.0052108759991825 0.0406618714332581 -0.0393335781991482
vn 0.2916025732242861 2.2285364750533385 -5.8644954898697943
v 0.0020771019626409 0.0474806986749172 -0.0368148609995842
vn -0.8633534648593179 -0.1521064696300953 6.0875946193736539
v 0.0000000000000000 0.0800246521830559 0.0317032895982265
vn -1.8258154749390860 0.0561529326971430 6.0111565824450448
v -0.0097214570268989 0.0864999815821648 0.0300411507487297
vn -2.4822027872816386 0.0932711663680670 5.7709874141150621
v -0.0113031798973680 0.0864999815821648 0.0294956509023905
vn -2.4777487197695907 0.0843863214495591 5.7728965372812535
v -0.0134289795532823 0.0864999815821648 0.0285812001675367
vn -2.6733749392720760 0.0542581232857179 5.6793108356684021
v -0.0134664699435234 0.0834564492106438 0.0286492705345154
vn -1.3759278977525442 -0.0745844049661052 6.1208217862214322
v -0.0069018597714603 0.0797621607780457 0.0309286694973707
vn -1.4379768398560853 0.0688749595487010 6.1070091399334183
v -0.0072470298036933 0.0864999815821648 0.0307800695300102
vn -1.7861369975009633 0.1124432732453401 6.0221108338698697
v -0.0091108083724976 0.0864999815821648 0.0302234794944525
vn 0.0168075397821876 -1.3853395957978014 6.1239359917367633
v 0.0000000000000000 0.0724701806902885 0.0308799706399441
vn 0.0496379276809453 -0.7330113376670158 6.2365199358461734
v 0.0000000000000000 0.0751186609268188 0.0313876792788506
vn 0.0446121659334400 -1.8490710044323277 5.9744526616764446
v 0.0000000000000000 0.0719239115715027 0.0307531896978617
vn 0.0503785071255053 -2.2968882465378901 5.8455176608028934
v 0.0000000000000000 0.0711746811866760 0.0304588600993156
vn -0.4168549939677493 -2.8866077653821152 5.5390297103663526
v -0.0022245640866458 0.0699178501963615 0.0298546496778727
vn -1.3879146666715283 -0.3844877309935205 6.1046806863996732
v -0.0068753948435187 0.0775927901268005 0.0308594703674316
vn -1.8264732954338223 -0.8628502284433711 5.9297215108575942
v -0.0090357055887580 0.0751229524612427 0.0300526004284620
vn -1.6531149404302259 -2.8054649645543916 5.3475586687925238
v -0.0087831020355225 0.0699505805969238 0.0286243502050638
vn -1.8378546518174885 -0.3924962388993622 5.9842171413396992
v -0.0091074695810676 0.0775906965136528 0.0302634797990322
vn -2.2192258666589759 -1.5047309509820674 5.6573308952286965
v -0.0110662495717406 0.0724985525012016 0.0288180708885193
vn -2.1511896955664347 -2.1470438709514146 5.4776446131773673
v -0.0109837595373392 0.0712075829505920 0.0284212809056044
vn -2.0537220787798249 -2.7614852757561410 5.2310188688080519
v -0.0108923902735114 0.0699694678187370 0.0278944894671440
vn -3.5225457302708527 0.0400876544849709 5.2025742786861500
v -0.0174679700285196 0.0864999815821648 0.0263348799198866
vn -3.4746380237923433 0.0277245252696617 5.2274083607775506
v -0.0174949690699577 0.0834392905235291 0.0263644997030497
vn -4.7012295469200307 -0.0034837735213912 4.1520019868822136
v -0.0235044900327921 0.0864999815821648 0.0210960507392883
vn -5.7956142078572945 -0.0722303312036313 2.4080239690743381
v -0.0290725808590651 0.0833379626274109 0.0122541701421142
vn -5.6739366925022434 0.0115362846391355 2.6988680851463949
v -0.0287504699081182 0.0864999815821648 0.0129246702417731
vn -5.6644316095712979 0.0488996298180194 2.7182954133478097
v -0.0280759893357754 0.0864999815821648 0.0143365804105997
vn -5.3800213541113777 -0.0455609347659092 3.2325489771106479
v -0.0269933901727200 0.0833671614527702 0.0163813792169094
vn -5.3886191993483266 -0.2433250600869532 3.2059363520241670
v -0.0269268695265055 0.0796570703387260 0.0163477007299662
vn -5.5985428985046095 -0.4863727975127039 2.7925883046397946
v -0.0279244706034660 0.0775390788912773 0.0142589798197150
vn -5.6078101612423197 -0.2550134448673838 2.8042821295904590
v -0.0280330702662468 0.0796428918838501 0.0143214398995042
vn -3.8820719980309804 0.0395586570863956 4.9315794716282291
v -0.0193714406341314 0.0834291502833366 0.0250063501298428
vn -4.2114713747144128 0.0190894867614825 4.6532663178826974
v -0.0211426597088575 0.0834183022379875 0.0235144402831793
vn -4.2318348130011838 -0.1837217506933989 4.6289818813425105
v -0.0211121998727322 0.0797075033187866 0.0234944801777601
vn -4.5604609740516358 -0.1996690345949021 4.3049527428125183
v -0.0227601490914822 0.0796959921717644 0.0218718592077494
vn -5.1488906203980127 -1.8405192106770298 3.0605462652497075
v -0.0260945502668619 0.0702795907855034 0.0150949899107218
vn 0.0423752156284664 -3.1924964443306560 5.4073586310277220
v 0.0000000000000000 0.0687460824847221 0.0292263608425856
vn 0.0367683901357786 -3.5754749622076702 5.1272226220181141
v 0.0000000000000000 0.0686466619372368 0.0291677694767714
vn -0.8336131432611311 -2.8636082911186382 5.5040324705981893
v -0.0044378628954291 0.0699245929718018 0.0296071693301201
vn -1.3528069297267111 -1.5296651001370987 5.9166647796492731
v -0.0067368741147220 0.0724764987826347 0.0301505904644728
vn -0.9243351978850671 -0.8604021237492977 6.1350655336484010
v -0.0045682778581977 0.0751174613833427 0.0310716591775417
vn -0.4678971268321638 -0.8687675972869981 6.1855470719011514
v -0.0022904269862920 0.0751159712672234 0.0313282608985901
vn -0.4502079913596033 -0.0632806424555656 6.2571820895650276
v -0.0023178448900580 0.0797676965594292 0.0316140614449978
vn -0.4637871094407555 -0.3620836935662031 6.2445124363009388
v -0.0023089640308172 0.0775951668620110 0.0315452814102173
vn -0.9296578174543154 -0.3783291605645344 6.1914069460973717
v -0.0046050539240241 0.0775942802429199 0.0312874913215637
vn -1.3796192637580835 -0.8616777831717930 6.0490535489147437
v -0.0068208570592105 0.0751197934150696 0.0306456591933966
vn -1.7911965591465764 -1.5190805377534016 5.8025116266600838
v -0.0089256763458252 0.0724862813949585 0.0295649692416191
vn -1.3090184764887471 -2.2007299353506826 5.7159390519904223
v -0.0066852560266852 0.0711788535118103 0.0297403894364834
vn -1.7345669800245926 -2.1774488076432186 5.6111763391531762
v -0.0088580837473273 0.0711916014552116 0.0291606690734625
vn -1.2458695588219302 -2.8394173723062237 5.4386682183655610
v -0.0066279759630561 0.0699355602264404 0.0291963797062635
vn -1.1616833032461398 -3.4783904171622035 5.0754203184876623
v -0.0065656299702823 0.0687636733055115 0.0285049602389336
vn -1.0650406718686058 -4.0426271187972844 4.6664621178066943
v -0.0064987540245056 0.0676574110984802 0.0276600699871778
vn -0.4402873958269043 -1.5218258759075527 6.0534815733651746
v -0.0022617569193244 0.0724648833274841 0.0308246593922377
vn -0.4426641165927807 -2.2290287400998485 5.8365651814809896
v -0.0022441139444709 0.0711638927459717 0.0304074808955193
vn -0.9063728360943454 -1.5371778690818771 5.9988733731915200
v -0.0045115351676941 0.0724692866206169 0.0305712800472975
vn -0.8765629608993629 -2.2173072930712592 5.7913970298005681
v -0.0044766059145331 0.0711695477366447 0.0301566701382399
vn -0.3877107935967557 -3.5203272332109776 5.1634345183567714
v -0.0022032260894775 0.0687443017959595 0.0291522704064846
vn -0.7762066469473635 -3.5082145616057798 5.1280722649203492
v -0.0043956628069282 0.0687516927719116 0.0289088394492865
vn -0.3549463155725106 -4.0895562143143600 4.7336041600872303
v -0.0021803970448673 0.0676370784640312 0.0282942596822977
vn -0.3022531768951359 -4.5638115900219178 4.2871084312026868
v -0.0021562569309026 0.0665831491351128 0.0272768698632717
vn 0.0417297104687232 -4.7288367342811135 4.1357341953095643
v 0.0000000000000000 0.0655825734138489 0.0261538606137037
vn -0.2784314428368708 -4.9232713412747930 3.8705453045514244
v -0.0021309249568731 0.0655644536018372 0.0260965805500746
vn 0.0226711728702328 -4.9595965775406823 3.8278508622224381
v 0.0000000000000000 0.0652633905410767 0.0257894899696112
vn 0.0240122055158775 -5.1840374953274395 3.5477661391852466
v 0.0000000000000000 0.0635500475764275 0.0232859794050455
vn 0.0205982562784549 -5.3047077421645676 3.3510351187176708
v 0.0000000000000000 0.0634545609354973 0.0231464505195618
vn -0.2490509424967712 -5.2742388317871249 3.3897264642120257
v -0.0020778169855475 0.0635470673441887 0.0232194606214762
vn -0.1873344363335900 -5.4698134126018791 3.0780231880074593
v -0.0020226240158081 0.0614226981997490 0.0196080803871155
vn -2.5575612446838614 -2.1092835269393304 5.3160579204078520
v -0.0130508495494723 0.0712266489863396 0.0275259595364332
vn -1.9234918982870393 -3.3819341299634247 4.9071544738984239
v -0.0107929697260261 0.0688008591532707 0.0272243004292250
vn -1.5444471672643756 -3.4364426863992281 5.0018608648186929
v -0.0087015619501472 0.0687801763415337 0.0279422905296087
vn -1.4191462946122193 -3.9967859242931549 4.6114704532068167
v -0.0086141815409064 0.0676744505763054 0.0271085500717163
vn -0.9662814536536153 -4.4980142510739682 4.2594766360613141
v -0.0064280619844794 0.0666036009788513 0.0266577601432800
vn -0.4855318272036553 -5.2572581848728985 3.3896614607150894
v -0.0041472311131656 0.0635543987154961 0.0230087600648403
vn -0.4175500307218960 -5.4612263248271962 3.0718296696767311
v -0.0040377969853580 0.0614302717149258 0.0194161497056484
vn -0.1311495174123994 -5.5650326022029004 2.9099438196285488
v -0.0019125340040773 0.0579890608787537 0.0131822796538472
vn 0.0047834028125082 -5.5671003825325922 2.9119612654584714
v 0.0000000000000000 0.0580023489892483 0.0132274003699422
vn -1.6178598017686117 -4.3929317067151761 4.1702247224648570
v -0.0105738602578640 0.0666427016258240 0.0254317503422499
vn -1.9480938070775986 -4.3184905002205207 4.1060497746134885
v -0.0125741902738810 0.0666685700416565 0.0245980601757765
vn -1.4498554749397723 -4.7895990246804097 3.7754488234513657
v -0.0104560796171427 0.0656230971217155 0.0243020597845316
vn -1.2432586856104821 -5.1513151338815977 3.3583135429841957
v -0.0102084800601006 0.0636034011840820 0.0215450506657362
vn -1.0776497379951009 -5.3722552162451898 3.0678811912491981
v -0.0099512329325080 0.0614810511469841 0.0180791001766920
vn -0.9847848594893073 -5.1977675086916708 3.3727830745626877
v -0.0082217445597053 0.0635827705264091 0.0221700593829155
vn -0.8910966407906722 -5.4744295897678743 2.9497868886604039
v -0.0094373216852546 0.0580250583589077 0.0119067998602986
vn -2.4467480766839258 -2.7070464177975246 5.0893511267505804
v -0.0129444496706128 0.0699918791651726 0.0270105600357056
vn -2.2986902796260953 -3.3147937207648055 4.7907439091384925
v -0.0128288799896836 0.0688254833221436 0.0263544898480177
vn -1.7730065794887369 -3.9374076503318718 4.5396377046788396
v -0.0106864497065544 0.0676960870623589 0.0264046695083380
vn -1.2908587649601946 -4.4524510653938014 4.2210098667984752
v -0.0085217952728271 0.0666208788752556 0.0261193495243788
vn -0.5710859279987710 -4.9197777946905070 3.8433003423960197
v -0.0042524929158390 0.0655720829963684 0.0258703809231520
vn -0.3473722570131182 -5.5475480095104057 2.9274479230772705
v -0.0038193459622562 0.0579936504364014 0.0130231902003288
vn -0.2889772450852376 -5.5397140889653871 2.9485213724872659
v -0.0036224720533937 0.0557523891329765 0.0087428679689765
vn -5.2897885442545620 -1.2369801461471577 3.1252586195718690
v -0.0264014005661011 0.0727005600929260 0.0157794896513224
vn -4.8405381205827762 -2.7036189044744585 2.9264758362366994
v -0.0257392507046461 0.0680530592799187 0.0139764500781894
vn -5.1294340709509534 -2.4875671509665884 2.6110398011246252
v -0.0268433596938848 0.0681074783205986 0.0120373899117112
vn -4.6628844425247786 -3.0740225892339024 2.8490966665280060
v -0.0255470797419548 0.0670036002993584 0.0132406903430820
vn -4.4526435576035395 -3.4457650420782451 2.7539543661561634
v -0.0253471694886684 0.0659800693392754 0.0123826796188951
vn -4.9807986665772326 -2.8247255096814596 2.5542265091120968
v -0.0266532804816961 0.0670588612556458 0.0113298799842596
vn -4.7832807524011791 -3.1872343530343623 2.5031574008500148
v -0.0264555793255568 0.0660349726676941 0.0105048995465040
vn -4.5010719064334213 -3.6132182161615001 2.4478483219231131
v -0.0260438900440931 0.0640017911791801 0.0084793558344245
vn -4.9984696744661896 -2.3082299600634761 2.9991913812615927
v -0.0259222891181707 0.0691418573260307 0.0145933600142598
vn -4.3341162278815037 -3.3004042412832071 3.1027460699086280
v -0.0243060495704412 0.0669508501887321 0.0150598799809813
vn -4.1026241178115797 -3.6897390543925330 2.9722047105071132
v -0.0241055395454168 0.0659278035163879 0.0141682000830770
vn -1.8196738207428858 -5.2181417770485199 2.9873912886173009
v -0.0164358597248793 0.0581022500991821 0.0089247217401862
vn -3.5232025280793331 0.0400678321397951 5.2021327127094397
v -0.0176126901060343 0.0864999815821648 0.0262368898838758
vn -3.8799574134473316 -0.1676825909453404 4.9281999292210870
v -0.0193485002964735 0.0797181725502014 0.0249920394271612
vn -4.2286193286709342 -0.4578678843123442 4.6115789203773661
v -0.0210298802703619 0.0775681734085083 0.0234263502061367
vn -4.5557869453903956 -0.4672246004956402 4.2880648222509752
v -0.0226713996380568 0.0775629803538322 0.0218046903610229
vn -4.5271795335444684 -0.8364368424693193 4.2557975526578637
v -0.0225119497627020 0.0751655101776123 0.0216316506266594
vn -4.8285028541247783 -0.8232735944093952 3.9148436375221749
v -0.0240229908376932 0.0751739665865898 0.0199005007743835
vn -4.7649150593780343 -1.2796351517772464 3.8670770252037743
v -0.0237832590937614 0.0726437494158745 0.0195221900939941
vn -5.0434817648990684 -1.2284664508399070 3.5164349738968834
v -0.0251598898321390 0.0726714730262756 0.0176995899528265
vn -4.9717186133875906 -1.6350644054736563 3.4541196239705663
v -0.0250139795243740 0.0714322924613953 0.0173950698226690
vn -4.8529496328068449 -2.0455483168634738 3.4017663333783292
v -0.0248541794717312 0.0702346488833427 0.0169878005981445
vn -4.7092713196990452 -2.4778281450348025 3.3132311971860116
v -0.0246818605810404 0.0690923929214478 0.0164660792797804
vn -4.5319302754130648 -2.9055656039555733 3.2114966811301544
v -0.0244986992329359 0.0680012106895447 0.0158246699720621
vn -3.9958308071281681 -3.5059856196007821 3.3230959446312633
v -0.0229385402053595 0.0669009611010551 0.0167788807302713
vn -3.7499598509816732 -3.9064876215328903 3.1553045100679831
v -0.0227394700050354 0.0658783912658691 0.0158532802015543
vn -4.1261392398036403 -3.8986290890913535 2.6618843909417045
v -0.0249300505965948 0.0639483928680420 0.0102761900052428
vn -4.2343586708360803 -3.9412426840075199 2.4319933871399870
v -0.0256198607385159 0.0618938803672791 0.0059149861335754
vn -2.1260053100475607 0.0404444876989218 5.9023563459571200
v -0.0107473703101277 0.0864999815821648 0.0297347903251648
vn -2.7015446578896340 -0.1227268249115441 5.6618523537244112
v -0.0134593797847629 0.0797448679804802 0.0286532007157803
vn -3.1131336960728460 -0.4241791868891216 5.4292380257420518
v -0.0154516603797674 0.0775813981890678 0.0275092702358961
vn -3.1125006089782539 -0.1367235048712494 5.4464126766462728
v -0.0155116897076368 0.0797370001673698 0.0275787692517042
vn -3.8526529174707012 -0.8539642501445115 4.8695417241160417
v -0.0191316008567810 0.0751501917839050 0.0247374698519707
vn -3.6962358689758856 -1.9505248534544082 4.6706863224497788
v -0.0187934599816799 0.0713004991412163 0.0239576604217291
vn -4.1359909902571026 -1.3679483574194691 4.5040041202721612
v -0.0206556897610426 0.0725929737091064 0.0228374600410461
vn -4.0433679047768276 -1.8826845313440990 4.4045840877149463
v -0.0205208603292704 0.0713301822543144 0.0224951505661011
vn -3.7392466651025451 -2.9150247071163466 4.0961850403134070
v -0.0202114507555962 0.0689596533775330 0.0214551594108343
vn -2.9627363461645388 -3.9971291446123249 3.8138242113394343
v -0.0181644503027201 0.0667694807052612 0.0212611500173807
vn -2.7157814274274754 -4.4063156775707331 3.5344409936544956
v -0.0179846808314323 0.0657481476664543 0.0202368404716253
vn -2.7039629563312366 -4.6933336064977969 3.1616973511490221
v -0.0192740503698587 0.0637626573443413 0.0164627991616726
vn -2.7343636562642133 -4.8363678205093406 2.9236074259285405
v -0.0204256698489189 0.0616895481944084 0.0121067697182298
vn -3.0793154829798963 -4.6694075189912727 2.8499957499206072
v -0.0218923594802618 0.0617362782359123 0.0107108904048800
vn -2.7427414194126492 -4.8425669260725002 2.9126859792608397
v -0.0210358500480652 0.0581826493144035 0.0055716629140079
vn -2.4934307171965724 -4.8826071166578267 3.0669013741656022
v -0.0202648006379604 0.0556320510804653 0.0020697710569948
vn -2.1657178754851456 -5.0239291054959381 3.0880587707471228
v -0.0188224893063307 0.0556505918502808 0.0031871190294623
vn -2.4068917760050543 -4.9933570069451205 2.9552732308743401
v -0.0195825602859259 0.0581538602709770 0.0067942729219794
vn -2.1104408849944476 -5.0888309750333285 3.0124072805980200
v -0.0172162596136332 0.0616059787571430 0.0145673695951700
vn -2.4117208821315352 -4.9746597183950101 2.9760377510045668
v -0.0188637897372246 0.0616461597383022 0.0133934598416090
vn -2.3842458496314629 -4.8221330756799681 3.2255385601329420
v -0.0176074504852295 0.0637238621711731 0.0177295804023743
vn -2.0792759529744096 -4.9298209615248396 3.2742189461211115
v -0.0158584695309401 0.0636883899569511 0.0188749991357327
vn -2.3863524553715454 -4.5288527610579106 3.6168484842483126
v -0.0162111502140760 0.0657113716006279 0.0214537903666496
vn -3.0335063491445693 -3.1413599861826200 4.4908686723451048
v -0.0166924502700567 0.0688858628273010 0.0241778399795294
vn -2.4800240801070172 -3.7749931870902884 4.3426040929600669
v -0.0146595798432827 0.0677514597773552 0.0245534703135490
vn -2.6689292129203457 -3.2346934440786805 4.6522888209296021
v -0.0147987604141235 0.0688538476824760 0.0253372695297003
vn -2.8305400424634062 -2.6423213267823042 4.9226296631220050
v -0.0149287497624755 0.0700177475810051 0.0259773693978786
vn -3.3315393275657410 -2.0109157758312755 4.9119691628573090
v -0.0169661603868008 0.0712732598185539 0.0252882800996304
vn -3.4216043010096477 -1.4365362233444070 5.0459974886431684
v -0.0170850697904825 0.0725491568446159 0.0256548505276442
vn -3.0364563697220741 -1.4638272703274264 5.2779118637364322
v -0.0151568604633212 0.0725302100181580 0.0268574897199869
vn -3.0925991987515884 -0.8621435389211742 5.3811809728631941
v -0.0153341796249151 0.0751371905207634 0.0273116808384657
vn -4.4357684667496002 0.0562834152356157 4.4493417524595067
v -0.0211091600358486 0.0864999815821648 0.0234857704490423
vn -4.8635652546507533 -0.2153352278957458 3.9586619126999194
v -0.0242836400866508 0.0796836614608765 0.0201331898570061
vn -4.8577039572298073 -0.4750330959080545 3.9424225694881079
v -0.0241889897733927 0.0775574967265129 0.0200669690966606
vn -5.1038561871329318 -0.8069942532898164 3.5537659943018909
v -0.0254039708524942 0.0751829668879509 0.0180628802627325
vn -5.1327225406310459 -0.4812417993747574 3.5767666929826349
v -0.0255749803036451 0.0775516033172607 0.0182234607636929
vn -5.3521270948768747 -0.7877393183245615 3.1741245177583908
v -0.0266476795077324 0.0751923918724060 0.0161288902163506
vn -5.5055224586518721 -1.1846024023500037 2.7521358022817495
v -0.0275009796023369 0.0727310702204704 0.0137718897312880
vn -5.3886895497911125 -1.7013539064066996 2.7106913322297301
v -0.0271956901997328 0.0703264996409416 0.0131131997331977
vn -5.6072749108168489 -1.5669741820629886 2.3253999047640979
v -0.0281508509069681 0.0703752636909485 0.0110525395721197
vn -5.2649391634802774 -2.1294562383174700 2.6586130380387019
v -0.0270246807485819 0.0691936612129211 0.0126307001337409
vn -5.5087461161915563 -1.9400338120902467 2.2851268355263068
v -0.0279821697622538 0.0692476034164429 0.0105881597846746
vn -5.3759508994717384 -2.3108653411652540 2.2501842585603904
v -0.0278036501258612 0.0681641623377800 0.0100174499675632
vn -4.6396155835304151 -3.6053102634561300 2.1999696633463515
v -0.0266032796353102 0.0619518682360649 0.0041344761848450
vn -3.9292421902176424 -4.1622748779268992 2.5830428129794827
v -0.0247809793800116 0.0582801587879658 0.0013012290000916
vn -6.1323571638946017 0.0307301031689906 1.3678672831975507
v -0.0304948594421148 0.0864999815821648 0.0078520169481635
vn -5.9604302578563697 -0.0514061418852970 1.9620836467760068
v -0.0298796799033880 0.0833227634429932 0.0100883804261684
vn -6.1789955378125256 -0.0803334960492547 1.0942586907327916
v -0.0310083609074354 0.0832912921905518 0.0056106438860297
vn -6.2569473399331148 0.0276746882706249 -0.4448271127799888
v -0.0314243994653225 0.0864999815821648 -0.0020550480112433
vn -5.6096129699061947 -0.0638133141926952 2.8150791815618237
v -0.0281087700277567 0.0833527967333794 0.0143555896356702
vn -5.7966834312029958 -0.2638491784185396 2.3891584607073071
v -0.0289881806820631 0.0796281620860100 0.0122209703549743
vn -5.8063144654500078 -0.5073480407056872 2.3174302857629483
v -0.0288763605058193 0.0775324702262878 0.0121598802506924
vn -5.9547154905006510 -0.3160527826975523 1.9495752688296659
v -0.0297873597592115 0.0796130821108818 0.0100574400275946
vn -5.9255034561575934 -0.6654781416887431 1.9463872040062622
v -0.0294944606721401 0.0752229616045952 0.0098543157801032
vn -5.8747682234097862 -1.0381525039676260 1.9345494864937705
v -0.0292511507868767 0.0727952718734741 0.0095373392105103
vn -4.9005078622374398 0.0182703039132295 3.9317098612497583
v -0.0240982696413994 0.0864999815821648 0.0203473493456841
vn -4.9373634249100036 0.0614522331648165 3.8851289165775285
v -0.0242769699543715 0.0864999815821648 0.0201219897717237
vn -5.1237698427206180 -0.0269530857962343 3.6242202755215120
v -0.0257321000099182 0.0833808705210686 0.0183205008506775
vn -5.1399879019224208 -0.2300365033295547 3.5916798491419630
v -0.0256750509142876 0.0796706601977348 0.0182884894311428
vn -5.3802178266640563 -0.4849922285496772 3.1925261056429939
v -0.0268222596496344 0.0775454565882683 0.0162838604301214
vn -5.7687530578986310 -0.7234427210454779 2.3551887971495882
v -0.0286982599645853 0.0752123519778252 0.0120136700570583
vn -5.7050630021100428 -1.1127041101668631 2.3507207642099948
v -0.0284527502954006 0.0727626606822014 0.0116875702515244
vn -5.8147359399775276 0.0208151700025851 -2.3802486782109149
v -0.0288106705993414 0.0864999815821648 -0.0125020695850253
vn -5.5016705474260093 0.0368041126181595 -3.0344562194070575
v -0.0278036501258612 0.0864999815821648 -0.0145787000656128
vn -5.4949078867035395 0.0055952716104933 -3.0469666660507380
v -0.0267069898545742 0.0864999815821648 -0.0165638905018568
vn -5.3113896847603392 0.0075580070477962 -3.3377567851794918
v -0.0266426801681519 0.0864999815821648 -0.0166803002357483
vn -5.0720399378042567 -0.0436434085053807 -3.6996917733177668
v -0.0254039708524942 0.0831227824091911 -0.0184841696172953
vn -4.8974002204469640 0.0201097921849958 -3.9226824974657588
v -0.0245150905102491 0.0864999815821648 -0.0196551606059074
vn -4.6841683057308412 0.0178592404684183 -4.1875885964757780
v -0.0241117402911186 0.0864999815821648 -0.0201061908155680
vn -4.7744836850035526 -0.0306468826407495 -4.0764742898113688
v -0.0239712502807379 0.0831097885966301 -0.0202996693551540
vn -4.4430211840631824 -0.0104433215120666 -4.4296611476362271
v -0.0223878007382154 0.0864999815821648 -0.0220343992114067
vn -4.8000941676177069 -0.0861300865331663 -4.0482180898162632
v -0.0234271790832281 0.0732528492808342 -0.0206584893167019
vn -4.8076608030061481 -0.1489633682566602 -4.0361523165889031
v -0.0236659608781338 0.0753704905509949 -0.0204481407999992
vn -4.1598154419073996 0.0290275409124720 -4.7048878718144351
v -0.0202437005937099 0.0733038708567619 -0.0239169504493475
vn -3.8371325064998030 0.0905129751658240 -4.9721399386526555
v -0.0184847693890333 0.0733267590403557 -0.0253607593476772
vn -3.4366388615155676 0.0608736487857995 -5.2556379431599014
v -0.0168187003582716 0.0754010602831841 -0.0265185795724392
vn -3.4022582400142860 0.2527044514005766 -5.2733544990214902
v -0.0163810793310404 0.0712797567248344 -0.0269032698124647
vn -2.1784792128781834 0.0737619666940222 -5.8892345406142308
v -0.0108141796663404 0.0793333575129509 -0.0294902902096510
vn -2.1873371996208575 0.1785363953768249 -5.8841955525007315
v -0.0106875803321600 0.0754173919558525 -0.0296096801757812
vn -4.1559991740565687 -0.0531771105111679 -4.7059199795649533
v -0.0206955596804619 0.0793771669268608 -0.0235916897654533
vn -4.4907690826780549 -0.0825112104763939 -4.3867099046615827
v -0.0223715901374817 0.0793886706233025 -0.0219998899847269
vn -4.1672335549002204 -0.0532403523334629 -4.6970320006245556
v -0.0204645898193121 0.0753868818283081 -0.0237364694476128
vn -3.7548101810689283 0.0030078853332346 -5.0314692658380213
v -0.0189282801002264 0.0830750986933708 -0.0250518899410963
vn -3.7984016913524163 -0.0243560619642170 -4.9995828412771690
v -0.0189062897115946 0.0793665573000908 -0.0250563602894545
vn -4.4699390269894188 -0.0069888157162417 -4.4078179176933521
v -0.0224089007824659 0.0830973908305168 -0.0220056697726250
vn -4.8002852418536985 -0.1117438449822395 -4.0445609358565573
v -0.0239250604063272 0.0794009491801262 -0.0202899500727654
vn -5.0831214951148977 -0.1403829716796525 -3.6812647859827901
v -0.0253486000001431 0.0794138908386230 -0.0184714701026678
vn -5.3289627200190104 -0.0598189414918194 -3.3181626386024834
v -0.0266991797834635 0.0831363722681999 -0.0165689494460821
vn -5.3382273102911153 -0.1679512154548373 -3.2986318352323845
v -0.0266343895345926 0.0794273614883423 -0.0165543500334024
vn -5.8215816816095813 0.0161252576150544 -2.3636710404977559
v -0.0296870991587639 0.0864999815821648 -0.0103614898398519
vn -5.7587578723563055 -0.0729443523768014 -2.4974193277311851
v -0.0288511496037245 0.0831651613116264 -0.0124813895672560
vn -5.7594412679183531 -0.2180736548748480 -2.4858502100790991
v -0.0287681799381971 0.0794559717178345 -0.0124670797958970
vn -5.5638831365015786 -0.1939355988726168 -2.8996213715266324
v -0.0277760606259108 0.0794413611292839 -0.0145492497831583
vn -5.3407489857481245 -0.2392835448662167 -3.2925670804354845
v -0.0263559799641371 0.0753520727157593 -0.0167257692664862
vn -5.5640914097411844 -0.2825123503041750 -2.8948926112535167
v -0.0274912696331739 0.0753422901034355 -0.0147265698760748
vn -5.0808046774107645 -0.1425439045868855 -3.6879012339612567
v -0.0248349905014038 0.0732250809669495 -0.0188610497862101
vn -4.7781488288448939 0.0712484235076057 -4.0749065650910055
v -0.0231266003102064 0.0711334869265556 -0.0210006795823574
vn -4.7314735621174417 0.3063801760548486 -4.1183703949785562
v -0.0227764807641506 0.0690471529960632 -0.0214982591569424
vn -4.3552466398791108 0.6403157322438380 -4.4799623649343623
v -0.0208809897303581 0.0670360922813416 -0.0237136408686638
vn -4.4338909615081894 0.3535808592936551 -4.4342314448424940
v -0.0212599001824856 0.0690943002700806 -0.0231137797236443
vn -3.6408623756366296 0.7090295375172867 -5.0689396243193272
v -0.0175624396651983 0.0671217963099480 -0.0264679696410894
vn -3.2844686461216193 0.6900965426174546 -5.3091486123908425
v -0.0157701894640923 0.0671594664454460 -0.0276571493595839
vn -6.0572662371245229 -0.0894583202154867 -1.6446033131813251
v -0.0303824506700039 0.0831955596804619 -0.0081250658258796
vn -5.9240381646928055 -0.2401145594555426 -2.0597728607825085
v -0.0296055600047112 0.0794708728790283 -0.0103189898654819
vn -5.3175661007294579 -0.0582781656024324 -3.3405482191843765
v -0.0258029606193304 0.0710456892848015 -0.0173608604818583
vn -4.9455209874494921 0.5512843977143593 -3.8312874607283813
v -0.0237839799374342 0.0669384002685547 -0.0204975008964539
vn -4.6499182683774256 0.6101204321207234 -4.1770403801474059
v -0.0223889891058207 0.0669885799288750 -0.0221600495278835
vn -4.0648272474509310 1.2542140882709065 -4.6199677149210228
v -0.0200604703277349 0.0629069805145264 -0.0253858491778374
vn -3.5101249286486600 1.0191047742263621 -5.1080744883626519
v -0.0171927791088820 0.0650638863444328 -0.0270701590925455
vn -5.9200827828751432 -0.0864390183823021 -2.0853971284060679
v -0.0296965800225735 0.0831801816821098 -0.0103310896083713
vn -5.7574860538131851 -0.3242213677679071 -2.4823972387836206
v -0.0284787993878126 0.0753321573138237 -0.0126495901495218
vn -5.5578182953979072 -0.2588675672908635 -2.9114574619129918
v -0.0272443797439337 0.0731657668948174 -0.0149769699200988
vn -5.3338844065126700 -0.2001266795386841 -3.3081651358235851
v -0.0261096898466349 0.0731959864497185 -0.0169639494270086
vn -5.0613249825708877 0.0095026237824225 -3.7179292395551329
v -0.0245297495275736 0.0710905715823174 -0.0192310791462660
vn -5.0197314241306348 0.2433884262499304 -3.7661720124962192
v -0.0241753999143839 0.0689975023269653 -0.0197733603417873
vn -4.2310608893138486 0.9863753501944112 -4.5358110503660578
v -0.0204771701246500 0.0649804994463921 -0.0244676992297173
vn -3.9949345793409456 0.6925258780050465 -4.7972110067880056
v -0.0192691609263420 0.0670805498957634 -0.0251515507698059
vn -3.8609678510587635 1.0270382305154420 -4.8464914811047759
v -0.0188795905560255 0.0650237724184990 -0.0258280001580715
vn -3.2576314285886214 1.0181413184786785 -5.2741145222580048
v -0.0154260899871588 0.0651004910469055 -0.0281898900866508
vn -6.1937704472289994 -0.3809020408255268 -0.9056042111223972
v -0.0289088394492865 0.0624009892344475 -0.0097789764404297
vn -6.2086733818255455 -0.8489936860387508 -0.3392556752343395
v -0.0294873695820570 0.0644311904907227 -0.0058438181877136
vn -6.1069293800910831 -1.2966077176178892 0.6168151324535439
v -0.0300746504217386 0.0684091970324516 0.0013485549716279
vn -6.2461936526660882 -0.0043546712491620 0.6797162827399509
v -0.0311596896499395 0.0864999815821648 0.0045053949579597
vn -6.2430082161789233 -0.0918147001706634 0.6394856594347894
v -0.0313241407275200 0.0832751914858818 0.0033224821090698
vn -6.2644780498011654 -0.3133632706693452 0.1760715034029018
v -0.0313626490533352 0.0795492529869080 0.0010057090548798
vn -6.2494852744110645 -0.5463242137312663 0.1731977841730264
v -0.0310663506388664 0.0752673670649529 0.0008097600075416
vn -6.1997684059189133 -0.6347483154516222 -0.7561361094454234
v -0.0303370896726847 0.0707467719912529 -0.0045972461812198
vn -6.1362857998352114 -0.4622141421013726 -1.2460322188718844
v -0.0296504404395819 0.0686584711074829 -0.0076279640197754
vn -6.0254052648799394 -0.1119936923376224 -1.7629703721745607
v -0.0287556592375040 0.0666558668017387 -0.0108305802568793
vn -6.0357853956518968 -0.2975662134043379 -1.7054844092577586
v -0.0291211605072021 0.0687181875109673 -0.0098138451576233
vn -5.8279446112882605 0.3988942642315484 -2.3031010368244589
v -0.0276619698852301 0.0646682903170586 -0.0141454897820950
vn -5.5166329733765567 0.8498806278216072 -2.8669183640758336
v -0.0263846497982740 0.0626427531242371 -0.0175102893263102
vn -4.7168065880538368 1.2907164990736850 -3.9289837237613749
v -0.0233734808862209 0.0588129684329033 -0.0233266893774271
vn -3.8770786632328949 1.9133618719265999 -4.5544547124136123
v -0.0207481905817986 0.0517053604125977 -0.0285118799656630
vn -6.2827280682475433 0.0084103118419761 -0.0702635707694694
v -0.0314326807856560 0.0864999815821648 -0.0013149969745427
vn -6.2698987233842240 -0.0973164509339969 -0.2690125868692537
v -0.0314514003694057 0.0832428932189941 -0.0012915129773319
vn -6.2317775640823569 -0.0983847132277339 -0.7448182162031771
v -0.0312619805335999 0.0832268521189690 -0.0035932059399784
vn -5.9086118545634614 -0.3056672487183424 -2.1040222369632229
v -0.0287714004516602 0.0709008499979973 -0.0112434597685933
vn -5.7427141553599181 -0.2149179296709508 -2.5318664239108957
v -0.0279304906725883 0.0709506794810295 -0.0133568001911044
vn -5.7237482880171955 -0.0289146659404262 -2.5834359351992888
v -0.0275829993188381 0.0688350722193718 -0.0140256797894835
vn -5.1115609410305929 0.8543614010877496 -3.5469136917571791
v -0.0246418695896864 0.0648341700434685 -0.0197293702512980
vn -4.8256507960886514 0.9318240644853837 -3.9095884339633460
v -0.0233679991215467 0.0648853704333305 -0.0214125495404005
vn -4.6655851408169724 1.2146640422536417 -4.0202027778381524
v -0.0229395590722561 0.0628084465861320 -0.0225308500230312
vn -4.0498292846352477 1.4412399352338090 -4.5728074757733621
v -0.0207116603851318 0.0588771700859070 -0.0260379891842604
vn -3.1170704368418232 1.6601526303603196 -5.1944044382333150
v -0.0169739704579115 0.0551410913467407 -0.0299146696925163
vn -4.6278355842531198 1.6771456218450989 -3.8968529231482849
v -0.0232184492051601 0.0518664717674255 -0.0259740892797709
vn -4.8569566782799818 1.3280390732169012 -3.7496998330300735
v -0.0238030496984720 0.0552420616149902 -0.0239268504083157
vn -5.2007636698045623 1.1330767021849202 -3.3270388637536734
v -0.0248530507087708 0.0552651807665825 -0.0224309507757425
vn -5.6264403313774061 0.7353515202589646 -2.6636153906854747
v -0.0264637991786003 0.0587067604064941 -0.0185544397681952
vn -5.7538833691493378 0.6312506824719469 -2.4202932807128423
v -0.0272575598210096 0.0625835582613945 -0.0156672503799200
vn -5.9540635076023438 0.3549085800109864 -1.9424817390380040
v -0.0279755499213934 0.0625231787562370 -0.0137559697031975
vn -6.1294200030033252 -0.1328862740253697 -1.3503382510530575
v -0.0289147403091192 0.0645510479807854 -0.0100754396989942
vn -6.1348807164091745 -0.3380728920918567 -1.2909525497811742
v -0.0292920991778374 0.0665955469012260 -0.0086965560913086
vn -6.1965858496949053 -0.5964114336972900 -0.8086335514010762
v -0.0296597406268120 0.0665347501635551 -0.0065239071846008
vn -6.1956147281101641 -0.6467289564308932 -0.7787227793539128
v -0.0300127808004618 0.0685982704162598 -0.0054054260253906
vn -6.2112857298344499 -0.8490514862213376 -0.3088953922295538
v -0.0302053596824408 0.0685368701815605 -0.0031592838931829
vn -6.2170453789517683 -0.5786569030874432 0.6240906918686302
v -0.0309202596545219 0.0752559900283813 0.0031081431079656
vn -6.1518460551904299 -0.6093742596965008 1.0718615872431172
v -0.0306085906922817 0.0752447769045830 0.0053897500038147
vn -6.1919821851446430 -0.0004414128039111 -1.0423159039745755
v -0.0309605505317450 0.0864999815821648 -0.0056797261349857
vn -6.1624480636676049 -0.1126592882459422 -1.1903883460866762
v -0.0309053007513285 0.0832111835479736 -0.0058751702308655
vn -6.1577242725960240 -0.2771484862105443 -1.1798671453912686
v -0.0308017693459988 0.0795016810297966 -0.0058706398122013
vn -6.0568938307186730 -0.2598606904811560 -1.6238859395553960
v -0.0302845798432827 0.0794861912727356 -0.0081162452697754
vn -5.9200227033129904 -0.3643848646133761 -2.0575534879663939
v -0.0293130800127983 0.0753218531608582 -0.0105056697502732
vn -6.0508514670541702 -0.4031942275130408 -1.6227930184723356
v -0.0299901906400919 0.0753111764788628 -0.0083062639459968
vn -5.9145885890164589 -0.3814787796895708 -2.0735789754683305
v -0.0290694795548916 0.0731022879481316 -0.0107759796082973
vn -5.7517503009845816 -0.3192636140631124 -2.4991698511127645
v -0.0282329898327589 0.0731344819068909 -0.0129107795655727
vn -5.5451394034500607 -0.1327652448288433 -2.9447380946156692
v -0.0269388500601053 0.0709989592432976 -0.0153993899002671
vn -5.2826801517749260 0.1676371158958971 -3.3919527781873526
v -0.0254480801522732 0.0689454600214958 -0.0179468896239996
vn -5.5179521687860484 0.0776688485588069 -2.9975062586213679
v -0.0265864692628384 0.0688912793993950 -0.0160277392715216
vn -5.2184597299986253 0.4722899035092744 -3.4618495760722978
v -0.0250569507479668 0.0668857619166374 -0.0187330804765224
vn -4.5214628717590655 0.9808724738686317 -4.2468235057533725
v -0.0219765901565552 0.0649342536926270 -0.0229939799755812
vn -4.3511035657366959 1.2614367979439525 -4.3462170642956224
v -0.0215513706207275 0.0628590509295464 -0.0240111891180277
vn -3.7512859584183920 1.4311667178388983 -4.8278984347488301
v -0.0192367993295193 0.0589067898690701 -0.0272404495626688
vn -3.3734889711721343 1.4681313704118470 -5.0907468099238296
v -0.0176810603588820 0.0589344501495361 -0.0283380690962076
vn -3.6893311656993379 1.2964372995165938 -4.9154422653226879
v -0.0184771995991468 0.0629518032073975 -0.0266504809260368
vn -6.0119688634267794 0.2230749131035638 -1.7969571668775737
v -0.0271070003509521 0.0553379617631435 -0.0174510404467583
vn -6.0585608343203461 0.0857305097373096 -1.6048071171461011
v -0.0277726594358683 0.0586317703127861 -0.0149935400113463
vn -6.2048362175510112 -0.8277077493682551 -0.3675124050769984
v -0.0291112605482340 0.0623380504548550 -0.0077414507977664
vn -6.1447927319871924 -1.2579384642422606 0.1631210495993029
v -0.0295079909265041 0.0643675923347473 -0.0037028780207038
vn -6.1582149322552846 -1.1942520183137635 0.1581561919227667
v -0.0298759900033474 0.0664078518748283 -0.0021172759588808
vn -5.6558311897356441 0.0189472284949689 -2.7143230254773183
v -0.0284093599766493 0.0864999815821648 -0.0134821496903896
vn -5.5513360729815737 -0.0636587209229118 -2.9304348263380655
v -0.0278501491993666 0.0831505581736565 -0.0145643902942538
vn -5.0881362529680336 -0.1947157709841088 -3.6738340292378835
v -0.0250786505639553 0.0753614902496338 -0.0186364594846964
vn -4.4778868468734361 0.1272698055521885 -4.4018832156748253
v -0.0216015502810478 0.0711739584803581 -0.0226607900112867
vn -4.1350166091060014 0.1883697058331527 -4.7237449530022397
v -0.0199629608541727 0.0712120532989502 -0.0242030005902052
vn -4.0829835111304504 0.4126247591767163 -4.7550217289501173
v -0.0196341797709465 0.0691384002566338 -0.0246120598167181
vn -3.7869615199841586 0.2223243870439366 -5.0058170256302912
v -0.0182196404784918 0.0712473914027214 -0.0256194397807121
vn -3.7280608900282926 0.4480104769212555 -5.0350514177402417
v -0.0179085694253445 0.0691792890429497 -0.0259863696992397
vn -3.4236239609466548 0.4922324191838816 -5.2444940732927643
v -0.0160920601338148 0.0692166611552238 -0.0272302608937025
vn -3.0153301286855112 1.1539344543822840 -5.3874379269460384
v -0.0150700798258185 0.0630311891436577 -0.0288360696285963
vn -2.6835418256043253 1.4675192844654394 -5.4850123057194873
v -0.0143646495416760 0.0589835606515408 -0.0302143599838018
vn -3.3268242755802366 1.2641036736204363 -5.1752406149482715
v -0.0168106500059366 0.0629932805895805 -0.0278015695512295
vn -2.9913658425198197 1.4978792292342746 -5.3154476469900889
v -0.0160539709031582 0.0589600801467896 -0.0293295904994011
vn -2.4718876216225896 2.0152488341393680 -5.4096737967692805
v -0.0148435803130269 0.0514324903488159 -0.0323525592684746
vn -2.7679792751229968 1.7148852876562324 -5.3716136473976857
v -0.0153815699741244 0.0551244616508484 -0.0308044496923685
vn -0.0007837256226470 -5.3915138403605596 3.2223756032626389
v 0.0000000000000000 0.0518787503242493 0.0018259279895574
vn -0.2171695768565382 -5.4416171759795233 3.1319984499675537
v -0.0033358929213136 0.0518816709518433 0.0016592140309513
vn -0.0434270422721524 -5.4867667532018540 3.0592902982107590
v 0.0000000000000000 0.0525637790560722 0.0029727220535278
vn 0.0363248251537310 -5.2576905578928770 3.4354019871382260
v 0.0000000000000000 0.0494867488741875 -0.0021787281148136
vn 0.0034781112802243 -5.3924922587558264 3.2210153970176458
v 0.0000000000000000 0.0501385889947414 -0.0010874860454351
vn -1.5105733313622955 -5.0922692870136927 3.3381900520850123
v -0.0121496897190809 0.0636279508471489 0.0207857396453619
vn -1.5641483266853324 -5.2597772950459269 3.0527511008994948
v -0.0137008996680379 0.0615360699594021 0.0165645405650139
vn -1.1058879528978585 -5.4236972814888489 2.9711732882344357
v -0.0112541895359755 0.0580408498644829 0.0113214803859591
vn -1.1355720110796306 -5.3836334719923409 3.0328595217945877
v -0.0124266697093844 0.0557109713554382 0.0066357250325382
vn -3.5059897386470222 -0.1518940971883794 5.2013467955128005
v -0.0174784008413553 0.0797279998660088 0.0263561606407166
vn -3.8781998552466570 -0.4472314430769831 4.9105660372036528
v -0.0192731004208326 0.0775730013847351 0.0249232593923807
vn -4.2013325262035304 -0.8464835924345240 4.5746860047077611
v -0.0208785496652126 0.0751575827598572 0.0232469998300076
vn -4.6790519404368167 -1.7256622206350152 3.8007866565786839
v -0.0236395001411438 0.0713961720466614 0.0192053895443678
vn -4.5604802611934119 -2.1662078827058400 3.7148655700133251
v -0.0234815403819084 0.0701919719576836 0.0187817793339491
vn -4.4010447094394127 -2.6358021195087646 3.6006709810653166
v -0.0233111903071404 0.0690454766154289 0.0182395502924919
vn -4.2084361287197041 -3.0919036690650441 3.4661792436345205
v -0.0231296997517347 0.0679518505930901 0.0175731703639030
vn -3.7534969940308320 -4.1463775133714371 2.8343878074773352
v -0.0236866399645805 0.0638976022601128 0.0119795696809888
vn -3.4464439485150384 -4.4683206517887673 2.7487094126975435
v -0.0232538506388664 0.0617858693003654 0.0092101693153381
vn -3.8336222971421852 -4.2272749158563077 2.6119933738853662
v -0.0244998894631863 0.0618384405970573 0.0076094861142337
vn -3.5064542227109774 -4.4342003017192475 2.7363485764472051
v -0.0236470606178045 0.0582458898425102 0.0028217430226505
vn -3.6594383039685026 -4.2869902677845859 2.7670006550604644
v -0.0240308009088039 0.0555690489709377 -0.0018917910056189
vn -3.4202538033032779 -4.3073480904698620 3.0187083479867698
v -0.0234211608767509 0.0530897900462151 -0.0048144450411201
vn -1.8241634474378055 0.0825368586515371 6.0054135364576702
v -0.0091443061828613 0.0834693908691406 0.0303183700889349
vn -2.2647470651016000 0.0749723281311079 5.8535855280379288
v -0.0113363796845078 0.0834634900093079 0.0295634791254997
vn -2.2749621849327428 -0.1101710099667935 5.8466369547718759
v -0.0113324504345655 0.0797517821192741 0.0295729599893093
vn -2.7028955012470961 -0.4127831713713980 5.6453023080933242
v -0.0134073402732611 0.0775849819183350 0.0285836998373270
vn -3.4823459372693937 -0.8591102570942181 5.1389775830274669
v -0.0172802805900574 0.0751433894038200 0.0260949693620205
vn -3.7887989370817499 -1.4046635216134193 4.7875069112307820
v -0.0189211908727884 0.0725700780749321 0.0243123695254326
vn -3.2041686652865677 -2.5673324893233471 4.7306482489014519
v -0.0168348494917154 0.0700469017028809 0.0248003005981445
vn -3.5658280125684167 -2.4819005824093079 4.5137890606220559
v -0.0186525508761406 0.0700789615511894 0.0234850607812405
vn -3.3909342290346194 -3.0347958785349189 4.3057074985048560
v -0.0184998493641615 0.0689212009310722 0.0228816792368889
vn -3.1838781973503107 -3.5511481911500398 4.0642915440527956
v -0.0183366499841213 0.0678218007087708 0.0221416894346476
vn -2.8328149061157362 -3.6709590818612154 4.2144221761320120
v -0.0165401604026556 0.0677848979830742 0.0234151408076286
vn -2.6207650225880803 -4.1218026359059543 3.9297606286263349
v -0.0163792893290520 0.0667321607470512 0.0225082598626614
vn -2.8585435511782347 -4.7086914148568209 3.0191477077638953
v -0.0216223001480103 0.0556122586131096 0.0008500340045430
vn -0.9682840990135589 -5.0199320442888578 3.6504840355164734
v -0.0125847402960062 0.0479655787348747 -0.0059084291569889
vn -1.0879004914842774 -5.2614463683787394 3.2547530134669547
v -0.0131298797205091 0.0515640899538994 -0.0006812339997850
vn -1.5843127811383348 -5.2484855844824754 3.0676776908491963
v -0.0157311502844095 0.0556835494935513 0.0051137199625373
vn -0.2283311591376493 -5.0064056748753858 3.7869611438920914
v -0.0031444430351257 0.0469659492373466 -0.0058891167864203
vn 0.0072022087135680 -5.1374469992472571 3.6140646899118214
v 0.0000000000000000 0.0469873510301113 -0.0057315230369568
vn 0.0453181592548544 -4.7405431682429970 4.1196104867157946
v 0.0000000000000000 0.0455326996743679 -0.0075191850773990
vn -0.2673950417249660 -4.7785660795726335 4.0675608538483230
v -0.0031347270123661 0.0455181002616882 -0.0076979990117252
vn -0.2818534582983103 -4.4913413797521695 4.3802354136005963
v -0.0031482570338994 0.0441458784043789 -0.0092114796862006
vn -0.0000464641678425 -4.7421394446045548 4.1200474219513401
v 0.0000000000000000 0.0442005917429924 -0.0090525150299072
vn -1.3147270592754317 -5.3222387802044313 3.0623928821841222
v -0.0118509503081441 0.0615065582096577 0.0173831507563591
vn -0.9211134116845541 -5.4359952342619469 3.0116236477221578
v -0.0107149397954345 0.0557224713265896 0.0072482819668949
vn -0.4035794740597815 -5.1566135612244377 3.5654519135584581
v -0.0063381791114807 0.0483890697360039 -0.0041752448305488
vn -0.6512388198183303 -5.1066808043437701 3.6004487368605043
v -0.0094794025644660 0.0482094809412956 -0.0048888321034610
vn -0.6618346282228057 -4.9316296472184620 3.8343798963905984
v -0.0093734264373779 0.0466162487864494 -0.0070288768038154
vn -0.7046929780638945 -4.7046837230249663 4.1017397701212648
v -0.0093362918123603 0.0451048016548157 -0.0088649392127991
vn -0.4148565567389287 -4.9799663021574077 3.8064970403584883
v -0.0062652821652591 0.0468318983912468 -0.0063155880197883
vn -0.7803731953591212 -4.4124102586535088 4.4008132031702125
v -0.0093619218096137 0.0436597391963005 -0.0104254400357604
vn -0.5052721851375915 -4.4657349333287115 4.3871746023135989
v -0.0062619438394904 0.0439598485827446 -0.0096697797998786
vn -0.5901538106745333 -4.0938550035840677 4.7248134562922308
v -0.0063226809725165 0.0426245890557766 -0.0109371496364474
vn -0.7084366910388881 -3.6106022792187527 5.0868279158420941
v -0.0064191222190857 0.0413475595414639 -0.0119578801095486
vn -0.3686760934235939 -3.6289460442338886 5.1091382429030441
v -0.0032353398855776 0.0416014716029167 -0.0114419404417276
vn -0.3202895695069955 -4.1366405002915041 4.7134190517148733
v -0.0031825299374759 0.0428423807024956 -0.0104526802897453
vn -0.4484807483173928 -4.7545214077457754 4.0802643603172379
v -0.0062413811683655 0.0453597903251648 -0.0081365099176764
vn -0.2374436773753493 -5.1818793733875159 3.5434917781901745
v -0.0031796090770513 0.0485008917748928 -0.0037509789690375
vn -0.4153574982537941 -5.2944221599955039 3.3563614404526847
v -0.0064643621444702 0.0500452518463135 -0.0016813270049170
vn -0.2171391538260629 -5.3242214729171797 3.3277119748145321
v -0.0032426109537482 0.0501353703439236 -0.0012469879584387
vn -0.4463122845601533 -5.4187245261062591 3.1470776870843480
v -0.0066483020782471 0.0518148504197598 0.0012004970340058
vn -0.6061433667287083 -5.4945175796658496 2.9842249792443050
v -0.0072069759480655 0.0557408891618252 0.0081847896799445
vn -0.7123168562134968 -5.5052079797858218 2.9413590290219784
v -0.0075882067903876 0.0580118782818317 0.0123855397105217
vn -0.5176916305900261 -5.5315914267058908 2.9324293201284251
v -0.0057135219685733 0.0580013915896416 0.0127576496452093
vn -0.6315479046691964 -5.4407082325259450 3.0716742182307497
v -0.0060366978868842 0.0614426694810390 0.0190969705581665
vn -0.8509382421719067 -5.4113480944849979 3.0705956024283192
v -0.0080104470252991 0.0614597685635090 0.0186507701873779
vn -0.7327420411057046 -5.2327646237733347 3.3830083810049394
v -0.0061984062194824 0.0635663792490959 0.0226587001234293
vn -0.8597968093535220 -4.8891048736293712 3.8285088208941103
v -0.0063540330156684 0.0655845925211906 0.0254947505891323
vn -1.1523742473957159 -4.8460187071865510 3.8061280247662266
v -0.0084250560030341 0.0656015798449516 0.0249710604548454
vn -2.1266888245480398 -3.8636394768067732 4.4504703028063686
v -0.0127050802111626 0.0677219033241272 0.0255515500903130
vn -1.8714505857600323 -5.1392094944172602 3.0910814856895166
v -0.0173078700900078 0.0556676909327507 0.0042015910148621
vn -1.4147920805153145 -5.1409642289878503 3.3201995699588620
v -0.0162233691662550 0.0513844415545464 -0.0021480319555849
vn -1.3464637535263959 -4.7267361808488912 3.9118021458263694
v -0.0154707999899983 0.0459496900439262 -0.0093840947374701
vn -0.9626028355532427 -4.8522084945810402 3.8716805181632363
v -0.0124534899368882 0.0463224016129971 -0.0080427518114448
vn -1.0094544986777994 -4.6214977417942302 4.1324323629434279
v -0.0124061703681946 0.0447562895715237 -0.0098925232887268
vn -1.3933551006695561 -4.4882175909331403 4.1673091581113564
v -0.0154194803908467 0.0443128906190395 -0.0112419696524739
vn -1.0975866502880409 -4.3221335161480745 4.4226436940412848
v -0.0124356700107455 0.0432490706443787 -0.0114820497110486
vn -1.2280161857527201 -3.9459529422257407 4.7282392601272329
v -0.0125342598184943 0.0417912006378174 -0.0128281703218818
vn -1.6170346497761761 -3.7870915298351369 4.7410053299422783
v -0.0155656896531582 0.0411763712763786 -0.0142409801483154
vn -1.4247230596049423 -3.4364074559828417 5.0578143412113912
v -0.0126945897936821 0.0403749905526638 -0.0139457499608397
vn -1.7931966244044348 -4.5432501178769318 3.9498312114632022
v -0.0183652602136135 0.0454929396510124 -0.0110829398036003
vn -1.9369578241126222 -3.9627435731373915 4.4706708889673283
v -0.0183611493557692 0.0420789681375027 -0.0145696904510260
vn -2.3091088219967730 -3.7848506083752671 4.4473836265930071
v -0.0197441503405571 0.0417052507400513 -0.0155587699264288
vn -2.9306192762666439 -2.2564234414598658 5.0718288958129056
v -0.0203425791114569 0.0365409813821316 -0.0192263703793287
vn -2.3497002170822192 -3.0209684286168872 4.9758973391750621
v -0.0186811592429876 0.0387713909149170 -0.0171892605721951
vn -3.1350673965448439 -3.3274349294855878 4.3058389516038922
v -0.0222855806350708 0.0408482514321804 -0.0178053900599480
vn -2.6706755672593356 -2.8475200405651142 4.9163029104498523
v -0.0200769901275635 0.0382588505744934 -0.0182004496455193
vn -3.3308161117946211 -2.0594712592466307 4.9103268558776465
v -0.0216751601547003 0.0358916483819485 -0.0203285794705153
vn -2.4632278858152254 -3.3592482773237000 4.6980413436927879
v -0.0198744498193264 0.0399772487580776 -0.0169806405901909
vn -3.1111171778586910 -2.5850954169265981 4.8032637974563235
v -0.0214043799787760 0.0376970693469048 -0.0192915704101324
vn -2.8425568588987487 -3.1493621382644958 4.6292463099882060
v -0.0211957599967718 0.0394952781498432 -0.0180638991296291
vn -2.6857197964641659 -3.5809017834373482 4.4047036770477312
v -0.0210588499903679 0.0412954613566399 -0.0166381001472473
vn -2.2083331788466944 -4.1280549805805826 4.1869025467653351
v -0.0196952801197767 0.0434520803391933 -0.0139263803139329
vn -1.3363484043121656 -4.9161501522619862 3.6743790648165402
v -0.0156162902712822 0.0476576611399651 -0.0072631831280887
vn -1.8383120214088930 -4.2920528232974595 4.2011652794995218
v -0.0183182898908854 0.0437669716775417 -0.0129398703575134
vn -1.4886087381498494 -4.1766609034439535 4.4479063469226805
v -0.0154539896175265 0.0427253805100918 -0.0128563595935702
vn -2.0931402965431589 -3.5466074264307470 4.7402799461700313
v -0.0184851791709661 0.0404167696833611 -0.0159828606992960
vn -2.1049956887271688 -3.1305060445621020 5.0193448707913175
v -0.0172328893095255 0.0392366610467434 -0.0162583496421576
vn -1.7996153986461636 -3.2821525078766274 5.0394925197409703
v -0.0157463494688272 0.0396574698388577 -0.0154079701751471
vn -2.3416786213752463 -2.5672747714257156 5.2261429723669313
v -0.0174839403480291 0.0376726910471916 -0.0172456502914429
vn -2.6435027985891519 -1.8924076643857379 5.3683086747999598
v -0.0177885796874762 0.0361151583492756 -0.0180425606667995
vn -2.4584404822003956 -1.4263592078080594 5.5994697194749623
v -0.0150602404028177 0.0357826910912991 -0.0168694797903299
vn -2.1619113371777510 -1.4623771916540713 5.7105351655754450
v -0.0134710604324937 0.0363039895892143 -0.0160814505070448
vn -1.7858045876377422 -1.5180728499475249 5.8244976205508143
v -0.0102161699905992 0.0371715985238552 -0.0147406402975321
vn -1.0450741197526887 -2.2620003671404731 5.7585783103282751
v -0.0067015881650150 0.0389429889619350 -0.0133360000327229
vn -2.9846341473881570 -3.9765099368426799 3.8384133606813053
v -0.0222459994256496 0.0446325503289700 -0.0143482601270080
vn -3.5579674864733319 -3.3709430403067842 3.9269792848527549
v -0.0233283601701260 0.0423240587115288 -0.0174421593546867
vn -3.5098116911412216 -3.6687997888138577 3.6970868350965462
v -0.0233425404876471 0.0442957803606987 -0.0156258903443813
vn 0.0710512856665827 -2.4161024496219641 5.7950682211291964
v 0.0000000000000000 0.0393883511424065 -0.0125239398330450
vn -0.2438670580471820 -3.0235707682085873 5.4931376139273818
v -0.0016675590304658 0.0404876396059990 -0.0120643898844719
vn -0.5716912588214657 -2.3112325967539866 5.8054620168489217
v -0.0033867950551212 0.0392838716506958 -0.0127469804137945
vn -0.4850828857039294 -3.0368531880204550 5.4706147288549110
v -0.0033041830174625 0.0404172502458096 -0.0121999904513359
vn -1.0589562563882124 -3.5480033870630119 5.0702490314191149
v -0.0095767965540290 0.0409373007714748 -0.0127961598336697
vn -0.8937099217323677 -4.0390609038181422 4.7244102527198342
v -0.0094441166147590 0.0422729812562466 -0.0117301903665066
vn -0.6734506452481164 -5.2407526200396113 3.3982992141152000
v -0.0096604218706489 0.0499011799693108 -0.0024141070898622
vn -1.0215572743455703 -5.1437864802118503 3.4581935751440422
v -0.0128077799454331 0.0497061014175415 -0.0034633269533515
vn -0.7354794346096529 -5.3527447810849518 3.2048988598456289
v -0.0099226227030158 0.0517080985009670 0.0004261390131433
vn -1.3736511126024589 -5.3175223478325995 3.0511300609676795
v -0.0141011402010918 0.0556979700922966 0.0059247012250125
vn -1.3251451713275253 -5.3688871346679345 2.9809243576788731
v -0.0130316000431776 0.0580590888857841 0.0106294704601169
vn -1.8284435493067492 -5.1828825927601709 3.0369244322102809
v -0.0154922604560852 0.0615692697465420 0.0156252905726433
vn -3.7878415146445152 -3.9742115049297979 3.0496030749197693
v -0.0240032598376274 0.0506287813186646 -0.0089174499735236
vn -2.9702904324577544 -4.2176698991989809 3.5831668889191750
v -0.0223689600825310 0.0465832911431789 -0.0123020997270942
vn -2.5286729320350272 -4.4403688376361270 3.6526595399242741
v -0.0211699604988098 0.0468354783952236 -0.0110967699438334
vn -2.4180761282166925 -4.7328040991176632 3.3484975246918962
v -0.0204958897083998 0.0510479807853699 -0.0050777788273990
vn -2.1516365993634663 -4.6123563521120179 3.6811241814496549
v -0.0198779702186584 0.0470684692263603 -0.0099905133247375
vn -4.5484325920383544 0.0062089828467958 4.3246334458147180
v -0.0227989498525858 0.0834065601229668 0.0218967702239752
vn -4.8568365369840159 0.0117761716486088 3.9738379606014727
v -0.0243313908576965 0.0833941102027893 0.0201622806489468
vn -5.5719783954300777 -0.7655646506377611 2.7782496823404865
v -0.0277475696057081 0.0752021595835686 0.0141088897362351
vn -5.7863510650511207 -1.4759416399151382 1.9066208465673324
v -0.0289535503834486 0.0704258009791374 0.0089237093925476
vn -5.1368059478480568 -2.8289162271784201 2.2067316410246547
v -0.0274224802851677 0.0660924911499023 0.0085440874099731
vn -5.2184042729014957 -2.9266841573964886 1.8748135572758455
v -0.0278446599841118 0.0641162917017937 0.0046402812004089
vn -4.8694478556755953 -3.2885289149452932 2.1865252203840861
v -0.0270185992121696 0.0640578791499138 0.0065977568738163
vn -4.8125416937946692 -3.4480205844640164 2.0871109406551795
v -0.0266413595527411 0.0583533607423306 -0.0020010469015688
vn -4.3699645916992162 -3.8350616904526773 2.3701903397319897
v -0.0257834699004889 0.0583159886300564 -0.0003086969954893
vn -4.1091827965824779 -3.9769741836109929 2.5883896078007047
v -0.0250524803996086 0.0555456802248955 -0.0034056298900396
vn -4.4634206006198927 -3.6078440318755240 2.5438756397745292
v -0.0253602806478739 0.0529114603996277 -0.0077819819562137
vn -5.2526147156495950 -2.8434798327118567 1.9435482892021150
v -0.0264094993472099 0.0527666807174683 -0.0102198701351881
vn -5.6102187212799253 -2.4977927110865279 1.2814290755211306
v -0.0278745796531439 0.0584319792687893 -0.0055872201919556
vn -5.6992093761971852 -2.2488944420125518 1.3825702364216093
v -0.0268846694380045 0.0526655912399292 -0.0119208600372076
vn -4.2240403256332542 -3.5767973439831233 2.9573576859382142
v -0.0246047899127007 0.0481860600411892 -0.0127933602780104
vn -4.6334500145015269 -3.5492661414258628 2.3122910778882817
v -0.0259319506585598 0.0555211901664734 -0.0050069680437446
vn -5.1029059483173080 -3.0959972705400669 1.9413850213873731
v -0.0266545992344618 0.0554957911372185 -0.0066844220273197
vn -5.0347905470481482 -3.2182457228341907 1.9091785101723442
v -0.0274394694715738 0.0620122514665127 0.0022760028950870
vn -5.4009689301722599 -2.7832749849049625 1.5559594138094970
v -0.0281187798827887 0.0620748884975910 0.0003509740054142
vn -5.5336195719912595 -2.5325256741378901 1.5118737767043262
v -0.0285138394683599 0.0641766712069511 0.0026184320449829
vn -5.4262664782377996 -2.5159534150737066 1.8721049587950356
v -0.0282393600791693 0.0661521479487419 0.0065098400227726
vn -5.6818929248171157 -2.1905612151242120 1.4903904096492095
v -0.0288992505520582 0.0662137791514397 0.0044137830846012
vn -5.6257199962491322 -2.0197429282549950 1.8812798756318008
v -0.0286126695573330 0.0682230517268181 0.0079266419634223
vn -5.8248735730356103 -1.7753089153365333 1.4886654039296443
v -0.0292644500732422 0.0682836696505547 0.0057766428217292
vn -6.0132860085243163 -0.9616732634819078 1.5058803172428834
v -0.0298916604369879 0.0728288814425468 0.0073327422142029
vn -6.0847022061559937 -0.0622533768873782 1.5327026306256584
v -0.0305259805172682 0.0833071991801262 0.0078698992729187
vn -6.2074599913782569 -0.9570986871862760 -0.0142152400308983
v -0.0272491499781609 0.0524570904672146 -0.0154205495491624
vn -6.1052519119818562 -1.4141097164665171 0.2787378873575478
v -0.0277482792735100 0.0554148517549038 -0.0120295798406005
vn -6.0275584923405390 -1.6106163986014774 0.7234376698149619
v -0.0271669607609510 0.0525618717074394 -0.0136615000665188
vn -5.8726925766032378 -2.0101720839685187 0.9111763775624173
v -0.0275722704827785 0.0554424487054348 -0.0102131897583604
vn -6.1899052327429605 -0.3598761102210107 -0.9886467491477827
v -0.0275122504681349 0.0553625784814358 -0.0156688597053289
vn -6.2056439607423011 -0.8291710819045800 -0.3946131212000811
v -0.0277281906455755 0.0553879700601101 -0.0138548603281379
vn -6.1927342482275236 -0.8763477504390704 -0.4038209151321782
v -0.0283755604177713 0.0585549399256706 -0.0112478695809841
vn -6.1297079071817100 -1.3110062040544239 0.1645665677289062
v -0.0291318800300360 0.0622723586857319 -0.0056915869936347
vn -6.0081783233314985 -1.6837141354101639 0.6459846534669313
v -0.0293505694717169 0.0643025636672974 -0.0015674820169806
vn -6.1051072066550010 -1.4112429909905826 0.1974747632223142
v -0.0283960700035095 0.0585142895579338 -0.0093473792076111
vn -5.9075968802639638 -1.9603312693232260 0.7664064782703498
v -0.0282275602221489 0.0584726892411709 -0.0074539780616760
vn -5.9657287086042530 -1.8110320423826944 0.6720114859273482
v -0.0289709493517876 0.0622050687670708 -0.0036476249806583
vn -5.7180995714165830 -2.3085644315617717 1.1404525660767464
v -0.0286318603903055 0.0621392689645290 -0.0016281600110233
vn -2.8084662379421288 0.0729943746348211 5.6111803616038172
v -0.0141070401296020 0.0864999815821648 0.0282894894480705
vn -3.1163008702761754 0.0621914678833833 5.4480426106856044
v -0.0155229503288865 0.0834484100341797 0.0275808498263359
vn -3.5055600891004541 -0.4358681445533792 5.1837779828220913
v -0.0174104496836662 0.0775773525238037 0.0262869503349066
vn -4.4620391920398079 -1.3262742856519609 4.1965125471362859
v -0.0222793798893690 0.0726175904273987 0.0212378501892090
vn -3.9136108896882549 -2.3865282162964805 4.2720215196184741
v -0.0203722696751356 0.0701139494776726 0.0220386907458305
vn -4.3716289038846448 -1.8077146814041902 4.1141801243492617
v -0.0221390705555677 0.0713620707392693 0.0209083501249552
vn -4.2458873264647004 -2.2809563712325733 4.0057478290618818
v -0.0219848696142435 0.0701517984271049 0.0204682908952236
vn -4.0767313907646194 -2.7817229586982397 3.8614367048111071
v -0.0218182802200317 0.0690010711550713 0.0199053809046745
vn -3.5313587333040242 -3.4147843070092674 3.8910706448469301
v -0.0200398508459330 0.0678620934486389 0.0207390692085028
vn -3.8738132341375651 -3.2617994244129740 3.6921746848414396
v -0.0216404702514410 0.0679054781794548 0.0192139707505703
vn -3.6522640727647571 -3.6901560532064659 3.5132883934369548
v -0.0214532595127821 0.0668540000915527 0.0183902904391289
vn -3.3070157496206014 -3.8535962569390536 3.6759410698918682
v -0.0198588892817497 0.0668100714683533 0.0198864899575710
vn -3.0537369481748686 -4.2632351039174257 3.4323073266270820
v -0.0196699500083923 0.0657883808016777 0.0188939496874809
vn -3.3991061509242479 -4.0971714947508975 3.3072890154745775
v -0.0212579891085625 0.0658317804336548 0.0174307804554701
vn -3.0393657065946753 -4.5401810297471723 3.0785086327815852
v -0.0208490397781134 0.0638045594096184 0.0150787802413106
vn -3.3898954136893034 -4.3590824195537783 2.9712422755619632
v -0.0223230700939894 0.0638495609164238 0.0135824596509337
vn -3.1095230864157370 -4.6584796126075325 2.8427353504894706
v -0.0223945900797844 0.0582133494317532 0.0042467107996345
vn -3.2653987325545732 -4.5032826416784522 2.9172273223240599
v -0.0228822808712721 0.0555912815034389 -0.0004715379909612
vn -2.8773209516963627 -4.4944009050755707 3.3117432236780120
v -0.0217718407511711 0.0509174391627312 -0.0062577119097114
vn -3.3258653382453933 -4.2329836377417678 3.2342093803201677
v -0.0229472499340773 0.0507776699960232 -0.0075389738194644
vn -3.8945504862229803 -4.0321465597412844 2.8240145561577799
v -0.0244607906788588 0.0530029498040676 -0.0062528839334846
vn -4.2958278482352821 -3.6507829045801103 2.7611387638776268
v -0.0249210000038147 0.0504709407687187 -0.0103880697861314
vn -5.8638086251777164 0.7039773040009268 -2.1389966027850567
v -0.0263003706932068 0.0521766506135464 -0.0206218902021646
vn -5.6822777898018142 0.9078997199851506 -2.5141038208506958
v -0.0259778406471014 0.0521311685442924 -0.0214473009109497
vn -5.7895833770865401 0.7266723437130750 -2.3191871888849307
v -0.0262314602732658 0.0537032410502434 -0.0203219000250101
vn -6.1262697098366852 -0.0833426200776964 -1.3856090873445583
v -0.0273329000920057 0.0553502999246120 -0.0165652595460415
vn -6.1743619584930522 -0.3784608389979812 -1.0036732240325767
v -0.0281659904867411 0.0585938617587090 -0.0131357898935676
vn -6.0539522294936088 -1.5205663315484526 0.6253988706515013
v -0.0297218505293131 0.0663419887423515 0.0000863918030518
vn -5.9872292384459058 -1.5340496157123544 1.0620771312713944
v -0.0297533795237541 0.0683458968997002 0.0035796759184450
vn -5.5190369233177474 0.9009040464391920 -2.8500493850308688
v -0.0257636904716492 0.0552890785038471 -0.0208456497639418
vn -5.8699598371019333 0.4314659964685666 -2.1526953068935044
v -0.0272017698734999 0.0586693808436394 -0.0168043896555901
vn -6.1056121482064878 0.0162124083755720 -1.4345390226651153
v -0.0285287406295538 0.0624622702598572 -0.0117887798696756
vn -6.2015347449525837 -0.4707045330217000 -0.8475827918135890
v -0.0292884707450867 0.0644918605685234 -0.0079728960990906
vn -6.2054361194522292 -0.8834806009645277 -0.3230213272265472
v -0.0298553705215454 0.0664725825190544 -0.0043261637911201
vn -6.2087767778975795 -0.8997313998316794 0.1626881430321700
v -0.0305476691573858 0.0706397816538811 -0.0000350070986315
vn -6.1818224870633953 -1.0669996065400567 0.1583620525020221
v -0.0302259903401136 0.0684734508395195 -0.0009028930217028
vn -6.1562057536440324 -1.0423975488435713 0.6165918499159777
v -0.0303987804800272 0.0705849528312683 0.0022460808977485
vn -6.1925265736780410 -0.8072647855751176 0.6194379707927216
v -0.0306840501725674 0.0728979706764221 0.0028085110243410
vn -4.2492052388000348 1.8168824038808096 -4.2508148699120785
v -0.0220353007316589 0.0517842695116997 -0.0272943899035454
vn -4.5040059891969761 1.4718073770590072 -4.1196975265722600
v -0.0226289592683315 0.0552198812365532 -0.0253276806324720
vn -5.0383119145748285 1.1576598878954751 -3.5504350957980879
v -0.0245368406176567 0.0587788783013821 -0.0218243505805731
vn -5.3448654322826874 0.9749805158533570 -3.1291474320594639
v -0.0255712792277336 0.0587433502078056 -0.0202313605695963
vn -6.0014827829245778 0.1579301906078012 -1.8380413344760487
v -0.0283701997250319 0.0646098777651787 -0.0121373496949673
vn -6.2232899016153169 -0.7633179615068388 -0.2962349509664610
v -0.0305271707475185 0.0706939622759819 -0.0023208260536194
vn -6.2363364309881568 -0.6559371233233950 -0.2866914572485496
v -0.0308106504380703 0.0729681774973869 -0.0017860529478639
vn -6.2315571117640074 -0.7309176499102483 0.1677817111118366
v -0.0308311507105827 0.0729332491755486 0.0005135120009072
vn -6.2345789447630411 -0.3200533488755479 0.6288310630102723
v -0.0312165003269911 0.0795655772089958 0.0033047189936042
vn -6.2493449236418659 0.0456357327724608 0.6486352477185898
v -0.0312863513827324 0.0864999815821648 0.0033014409709722
vn -6.2660539372149389 0.0199116796486287 0.2971199103269081
v -0.0314652882516384 0.0864999815821648 0.0016012779669836
vn -6.2491147575891448 -0.5122892764792056 -0.2795821487630109
v -0.0310458503663540 0.0752785801887512 -0.0014930960023776
vn -6.2067295856136733 -0.5831546105196231 -0.7408293181958180
v -0.0306224804371595 0.0730023905634880 -0.0040770759806037
vn -6.1386228277743236 -0.5152137028283061 -1.2133497658660559
v -0.0299792792648077 0.0707986876368523 -0.0068515529856086
vn -5.8741319105068985 0.0800191172714755 -2.2181256264518194
v -0.0280565004795790 0.0667156502604485 -0.0129130398854613
vn -5.6172332290174829 0.5929200304888346 -2.7437329740949594
v -0.0267984792590141 0.0647253915667534 -0.0160873495042324
vn -5.2518108421020298 1.0159504228956939 -3.2821492186933741
v -0.0253669004887342 0.0627000927925110 -0.0192737504839897
vn -3.7957354232706044 1.6426757580070468 -4.7258724373606835
v -0.0199670698493719 0.0551781617105007 -0.0278270803391933
vn -4.1485799293772141 1.5739864927956502 -4.4434729237307247
v -0.0213456694036722 0.0551985502243042 -0.0266286693513393
vn -3.5161439492404432 1.9754254196134879 -4.8142998887491810
v -0.0193725805729628 0.0516303703188896 -0.0296252891421318
vn -3.9914786676430483 2.1208449731887322 -4.3579741596800421
v -0.0215863492339849 0.0485225915908813 -0.0292256399989128
vn -5.0064067421321141 1.4828142071392825 -3.4838416671915029
v -0.0242812596261501 0.0519520603120327 -0.0245552603155375
vn -4.7962879346537743 1.8050156797654324 -3.6232009471027427
v -0.0238499604165554 0.0488098785281181 -0.0266138892620802
vn -5.3702226438422151 1.2166744479559117 -3.0109552021639514
v -0.0252066794782877 0.0520407482981682 -0.0230429694056511
vn -5.5390689948280540 1.2663955995410099 -2.6696741095730947
v -0.0255698505789042 0.0491173788905144 -0.0236212592571974
vn -5.7679656538997364 0.9988003256536462 -2.2768149977927372
v -0.0258978009223938 0.0491952784359455 -0.0228224899619818
vn -5.9905010704842656 0.4842724819282209 -1.8246622014393470
v -0.0265780594199896 0.0522219501435757 -0.0197801496833563
vn -5.9268178521925101 0.7607280004567053 -1.9348618515518430
v -0.0261802598834038 0.0492726489901543 -0.0220061503350735
vn -6.1784887352294326 -0.0586535559114943 -1.1294689287800634
v -0.0269929692149162 0.0523127913475037 -0.0180574003607035
vn -6.2355603278478418 -0.6432427797493868 -0.3926883299582241
v -0.0272138696163893 0.0524072609841824 -0.0163023397326469
vn -6.2272326506333791 -0.0834518206216055 -0.8130325796454985
v -0.0267401896417141 0.0495075508952141 -0.0194814801216125
vn -6.1630452258450363 -1.1290908472774546 0.4307481751759574
v -0.0268459897488356 0.0497676692903042 -0.0169187691062689
vn -6.1358101236781071 -1.2915861308577816 0.3648341508204967
v -0.0272334795445204 0.0525088906288147 -0.0145395901054144
vn -6.0406180336730015 -1.5020464472126296 0.8379728495977508
v -0.0267769601196051 0.0498608909547329 -0.0160695891827345
vn -5.8735007814593398 -1.9512380792458466 1.0715221969005171
v -0.0270503703504801 0.0526142716407776 -0.0127877499908209
vn -5.4743705437735937 -2.5772196699779233 1.6867954651266934
v -0.0266707502305508 0.0527164898812771 -0.0110640497878194
vn -5.4513413845448975 -2.4861972036512063 1.8868514811409813
v -0.0262650791555643 0.0501317903399467 -0.0135565903037786
vn -5.1343062540512152 -2.8841958462149755 2.1840311639297711
v -0.0259963795542717 0.0502193495631218 -0.0127405496314168
vn -5.1570431403191170 -2.0915264857329339 2.9124027466715079
v -0.0254532601684332 0.0411746501922607 -0.0209313593804836
vn -6.0989969293536124 -1.1097979570858727 1.0062198091436576
v -0.0263420902192593 0.0448760911822319 -0.0203734599053860
vn -6.2481723166932630 -0.3939272513188565 0.4828732352079519
v -0.0263534691184759 0.0422788783907890 -0.0230324808508158
vn -6.2791091185216379 0.0079267848416740 -0.0650307873563725
v -0.0263726692646742 0.0420634709298611 -0.0238183699548244
vn -6.2434773815235722 0.3566647772349453 -0.5690709688900601
v -0.0263381600379944 0.0418618917465210 -0.0246132593601942
vn -6.2741125031720486 -0.2661448556169876 -0.0117171759186494
v -0.0264337603002787 0.0445272885262966 -0.0219807606190443
vn -6.0345385888804923 0.9318801974461266 -1.4653395563400897
v -0.0261093899607658 0.0414923988282681 -0.0262153707444668
vn -5.8774520771982504 1.1747683927866082 -1.8716601001345670
v -0.0259177591651678 0.0413177013397217 -0.0270108506083488
vn -5.7738902635756206 -1.3345750117004740 2.0810727978746990
v -0.0259841606020927 0.0406674705445766 -0.0224224906414747
vn -5.4800692860944267 -1.7310435247984985 2.5347286969268730
v -0.0257442500442266 0.0409236513078213 -0.0216719508171082
vn -5.5571760628035847 -1.3458562483477052 2.5997438335363272
v -0.0258425399661064 0.0386896692216396 -0.0232187490910292
vn -5.3491708628827146 -2.3874400471840289 2.2664938324866029
v -0.0258030798286200 0.0453876815736294 -0.0179950501769781
vn -5.4182868395643951 -2.0615528388616529 2.4180376367689633
v -0.0257279798388481 0.0431432686746120 -0.0199301801621914
vn -5.0315863305854673 -2.7243190028917157 2.5909571381872296
v -0.0255217496305704 0.0455522499978542 -0.0172221008688211
vn -4.6742034114539344 -3.0226633951705706 2.9077995844703586
v -0.0251926705241203 0.0457125902175903 -0.0164627991616726
vn -5.0951337253098465 -2.4199951952978327 2.7639971272234769
v -0.0254414603114128 0.0433493815362453 -0.0191741492599249
vn -4.7610128310368234 -2.7345402541427695 3.0515971225472791
v -0.0251066591590643 0.0435497686266899 -0.0184307601302862
vn -4.4570659923113354 -2.9827606929872306 3.2709065694729875
v -0.0247265603393316 0.0437448583543301 -0.0177024006843567
vn -4.8225132063805773 -2.4135264555063793 3.2198097213258388
v -0.0251136999577284 0.0414184890687466 -0.0202021002769470
vn -4.5214183249088444 -2.3781518264738195 3.6542739510131685
v -0.0248149000108242 0.0395647808909416 -0.0210732799023390
vn -3.8995256840226316 -2.2668632824489534 4.3664607144423773
v -0.0236543994396925 0.0374099016189575 -0.0211084391921759
vn -4.1873353702192615 -2.3742332112259614 4.0352974315451844
v -0.0244527999311686 0.0388124510645866 -0.0211092792451382
vn -3.2437017181492980 2.2610902797848920 -4.8793190693931674
v -0.0189219694584608 0.0482597909867764 -0.0314217805862427
vn -3.3720003492789346 2.4041538248299488 -4.7194043564922703
v -0.0199784003198147 0.0452325902879238 -0.0321836397051811
vn -3.6081647441764009 2.2079534255764872 -4.6409887002198484
v -0.0202959701418877 0.0483878813683987 -0.0303763691335917
vn -4.3891431598292563 1.9908504298036713 -4.0224404446765085
v -0.0227770805358887 0.0486632511019707 -0.0279702506959438
vn -4.1706914069640915 2.2144550909382734 -4.1348540330773611
v -0.0224681403487921 0.0456193611025810 -0.0298786703497171
vn -4.5968592768648380 2.0456997605983513 -3.7494970367988931
v -0.0235488992184401 0.0458257682621479 -0.0285707693547010
vn -5.2016985657762964 1.5484913575166988 -3.1485500729796136
v -0.0247869398444891 0.0489620491862297 -0.0251610800623894
vn -5.0311407190136173 1.8062694129823169 -3.2825642090356224
v -0.0244944598525763 0.0460403487086296 -0.0271647498011589
vn -5.6623813184170650 1.2718916890228606 -2.4008602531193501
v -0.0256177708506584 0.0463689491152763 -0.0248915497213602
vn -6.0593318607347086 0.5004056967966702 -1.5757642448849563
v -0.0264155808836222 0.0493499003350735 -0.0211748406291008
vn -6.0035658149339257 0.7730224014381692 -1.6743420579112440
v -0.0261421706527472 0.0465859696269035 -0.0232833605259657
vn -6.1607194548391728 0.2197340502786325 -1.2022797221551291
v -0.0266025606542826 0.0494277402758598 -0.0203320905566216
vn -6.2537994220463808 -0.4101636531801018 -0.4083629654722631
v -0.0268271490931511 0.0495901703834534 -0.0186267402023077
vn -6.2625976424908352 -0.1584440253530734 -0.4413842979112460
v -0.0265586897730827 0.0469247587025166 -0.0207949802279472
vn -6.2341639458798461 -0.7603966974208919 0.0090791282412230
v -0.0268626809120178 0.0496767684817314 -0.0177714806050062
vn -5.8734580050433545 -1.8646064886971510 1.2153689792295725
v -0.0266563799232244 0.0499529801309109 -0.0152243897318840
vn -6.0656891748530075 -1.3336682123150150 0.9344528904499159
v -0.0265051703900099 0.0473130904138088 -0.0183104798197746
vn -5.9537190340031811 -1.6277161506535265 1.1717211171970363
v -0.0263808891177177 0.0474455915391445 -0.0174899604171515
vn -5.6861238821510840 -1.9090225487627979 1.8620938272247334
v -0.0260344706475735 0.0452198907732964 -0.0187799893319607
vn -5.6924653042055073 -2.1531114303283516 1.5546976744891969
v -0.0264855008572340 0.0500426813960075 -0.0143852801993489
vn -4.1693184731563724 -3.4087572338246055 3.2246923785232613
v -0.0244021993130445 0.0460208617150784 -0.0149935400113463
vn -4.0444273389687222 -3.3042912648109928 3.4895196895799447
v -0.0243038497865200 0.0439344011247158 -0.0169909000396729
vn -4.4864206487037821 -2.7005813905206377 3.4676478708395599
v -0.0247284695506096 0.0416556484997272 -0.0194866005331278
vn -4.1203512617994384 -2.7037418599226752 3.8935953873653220
v -0.0243825893849134 0.0398395583033562 -0.0203839503228664
vn -6.1998843584283581 -0.1989672480577237 0.9751468669923921
v -0.0264107491821051 0.0377531610429287 -0.0254352595657110
vn -6.1868743904054710 0.7507998521767936 -0.7637174483622252
v -0.0264768004417419 0.0368196889758110 -0.0276812892407179
vn -6.0823613418365472 0.9630571367293468 -1.2253839714914123
v -0.0263897702097893 0.0365455709397793 -0.0284530501812696
vn -6.1198909122955261 0.8387120327068123 -1.1274660995905017
v -0.0262794401496649 0.0391317009925842 -0.0270313601940870
vn -2.4621202819894301 2.4930457693368777 -5.2091427820424308
v -0.0169744398444891 0.0417280681431293 -0.0357098504900932
vn -2.8248125309251271 2.5098362444436444 -5.0139409064300704
v -0.0184108596295118 0.0419457517564297 -0.0348569713532925
vn -2.7058481759668824 2.4432011692194640 -5.1091890194143934
v -0.0183291994035244 0.0388646684587002 -0.0364279709756374
vn -3.0681522146532689 2.4249520466100161 -4.9077392081767286
v -0.0197041593492031 0.0391507707536221 -0.0354999788105488
vn -3.4598601132926361 2.3832474179375680 -4.6599135254839057
v -0.0210022907704115 0.0394522510468960 -0.0344660803675652
vn -3.5803569250833682 2.4192773430203260 -4.5518850500113679
v -0.0210805498063564 0.0424211584031582 -0.0328401885926723
vn -3.9950056570394898 2.3240066966103874 -4.2443732696040355
v -0.0222813393920660 0.0426765605807304 -0.0316721685230732
vn -3.8750707593233265 2.3111084944828897 -4.3579127498678840
v -0.0222061797976494 0.0397682711482048 -0.0333259701728821
vn -4.4303023837032347 2.1801466318433866 -3.8694991787825090
v -0.0233674608170986 0.0429435893893242 -0.0304013397544622
vn -5.2766887565004152 1.7234056793714294 -2.9267157617125612
v -0.0251162592321634 0.0435052514076233 -0.0275713801383972
vn -5.6455910138044132 1.4167316544456567 -2.3428577996964028
v -0.0256764795631170 0.0411450788378716 -0.0277951899915934
vn -5.9157991093432560 1.1588117002246614 -1.7398398246540703
v -0.0262500606477261 0.0362854003906250 -0.0292289797216654
vn -5.1308993982962487 1.6962311345160814 -3.1653153798589608
v -0.0251937508583069 0.0352811813354492 -0.0322342514991760
vn -5.5680030365564148 1.5115406186887892 -2.4570747446475858
v -0.0257060509175062 0.0384938716888428 -0.0293771605938673
vn -4.2457752252195657 2.1045530620465902 -4.1043828410898602
v -0.0233227591961622 0.0372277386486530 -0.0335944816470146
vn -3.7893548685239615 1.9901555283540899 -4.5822465833567501
v -0.0223481003195047 0.0337978601455688 -0.0361180901527405
vn -3.8120817658363211 2.1859178450721077 -4.4736042476739808
v -0.0222318693995476 0.0368276797235012 -0.0348148904740810
vn -3.3793426878226529 2.0134701027320885 -4.8845011427211231
v -0.0211420003324747 0.0333426482975483 -0.0372207686305046
vn -3.3988732180507246 2.2333486812242764 -4.7748681634949754
v -0.0210262499749660 0.0364456698298454 -0.0359340906143188
vn -2.6292508904561780 2.0096254220443268 -5.3303649030291558
v -0.0184605699032545 0.0324973389506340 -0.0391157791018486
vn -3.0081266231513522 2.2562395317156416 -5.0214308817541662
v -0.0197262708097696 0.0360814891755581 -0.0369480811059475
vn -2.6466163434430823 2.2607917004681055 -5.2205997359807501
v -0.0183492805808783 0.0357360802590847 -0.0378570482134819
vn -1.8018424326778839 2.4150482759635064 -5.5044568056585357
v -0.0138896703720093 0.0381180010735989 -0.0386210605502129
vn -1.3049622472022677 2.3772708078398459 -5.6611656376956949
v -0.0107765700668097 0.0377272889018059 -0.0396423898637295
vn -0.9448938615879861 2.4315715663534672 -5.7120345382464119
v -0.0076608061790466 0.0407803617417812 -0.0389406606554985
vn -1.3896762111317069 2.4802832716107979 -5.5974737152669647
v -0.0108442902565002 0.0410219989717007 -0.0381887517869473
vn -1.7003831948103421 2.2486738471887127 -5.6105183373216363
v -0.0112441703677177 0.0477444492280483 -0.0351634584367275
vn -1.3097505575235493 1.9816019560786473 -5.8129804076303033
v -0.0082285404205322 0.0512458607554436 -0.0346470400691032
vn -1.1669991979603085 2.2275383405159719 -5.7544322417348104
v -0.0079647302627563 0.0476076602935791 -0.0360346995294094
vn -0.7494138247227896 1.9555784561409051 -5.9202432418848767
v -0.0047965641133487 0.0511912703514099 -0.0352672897279263
vn -0.8519823336415219 1.6463217290839622 -5.9990057549806819
v -0.0050070881843567 0.0550583004951477 -0.0340668484568596
vn -0.2209729932691237 1.6419713971252385 -6.0563059248460496
v -0.0013871779665351 0.0550510808825493 -0.0343936607241631
vn -0.6067914494435398 1.3377192430422753 -6.1075075868358413
v -0.0033710000570863 0.0590699911117554 -0.0332717783749104
vn -0.3064500237345263 0.9992745437223312 -6.1936119597518324
v -0.0015444150194526 0.0631776973605156 -0.0326317511498928
vn -0.7028893160179641 1.0100097426472165 -6.1594441012433316
v -0.0035616150125861 0.0631710812449455 -0.0324692688882351
vn -0.7833114709139055 0.6974944875973244 -6.1925675650683356
v -0.0037501449696720 0.0672987625002861 -0.0318846702575684
vn -0.8200560794670156 0.4415597152708681 -6.2110303940719600
v -0.0039135809056461 0.0713999792933464 -0.0314960405230522
vn -6.0064776854972326 -0.9319985436737970 1.5822700389519055
v -0.0261709596961737 0.0404089614748955 -0.0231815502047539
vn -6.1730493847710513 -0.5170218794527688 1.0302865839666580
v -0.0263043008744717 0.0401411615312099 -0.0239411499351263
vn -6.1373456277266962 -0.8309544251546471 1.0402496893280322
v -0.0262781903147697 0.0425015613436699 -0.0222523808479309
vn -6.2633760176178459 -0.0979644715572900 0.4265707602822524
v -0.0263811908662319 0.0398691818118095 -0.0247008800506592
vn -6.2716484627031228 0.2696839601965437 -0.1473227352428809
v -0.0264011006802320 0.0396064482629299 -0.0254670903086662
vn -6.2176165043139697 0.5765191393620570 -0.6603806193742562
v -0.0263672992587090 0.0393611714243889 -0.0262449905276299
vn -5.9882418293876354 1.0689500102684355 -1.5564861324404415
v -0.0261390805244446 0.0389135405421257 -0.0278198700398207
vn -6.1583502669088457 0.6618613518171373 -1.0340811576967426
v -0.0262499991804361 0.0416725799441338 -0.0254142805933952
vn -5.8217339090480795 1.2797870287068367 -1.9727746212163688
v -0.0259474497288465 0.0387023612856865 -0.0286039691418409
vn -5.1694793030878934 1.7646645851725009 -3.0650261372823961
v -0.0250800792127848 0.0380713902413845 -0.0308692995458841
vn -5.2337790255351564 1.7592985184119578 -2.9621839671932539
v -0.0250509902834892 0.0407957993447781 -0.0293103996664286
vn -4.7006994366765920 1.9726608461894701 -3.6443689736075386
v -0.0242789909243584 0.0376452803611755 -0.0322772786021233
vn -4.7691973724908694 2.0235361275548156 -3.5294292063018564
v -0.0242505595088005 0.0404438897967339 -0.0307424608618021
vn -4.3123051170697320 2.1970178084182943 -3.9879311493997602
v -0.0232955794781446 0.0400990806519985 -0.0320833884179592
vn -2.2686456248305724 2.2471659726491282 -5.3997603214948642
v -0.0169107895344496 0.0354118905961514 -0.0386655889451504
vn -2.3294533677460181 2.4394492363237186 -5.2918653412970107
v -0.0168927907943726 0.0385959707200527 -0.0372543893754482
vn -1.8836240679038585 2.5073647213096075 -5.4370903752297197
v -0.0139673901721835 0.0413401685655117 -0.0371256396174431
vn -2.2551817100614731 2.3019332450101699 -5.3875602636949260
v -0.0144348703324795 0.0479230806231499 -0.0339503809809685
vn -1.2212275808219093 0.7006026360244912 -6.1208823330254285
v -0.0058557977899909 0.0672870799899101 -0.0315430685877800
vn -1.2788162909373075 0.4273584762597047 -6.1340295045342774
v -0.0061087012290955 0.0713897868990898 -0.0311233904212713
vn -1.6509121001443960 0.0324520668234133 -6.0622701387971709
v -0.0085826506838202 0.0864999815821648 -0.0301291905343533
vn -1.8368836756753768 -0.1005811034938095 5.9990115070413896
v -0.0091425767168403 0.0797575712203979 0.0303328596055508
vn -2.2623614703071118 -0.8636033686680078 5.7778920681589963
v -0.0112007800489664 0.0751269981265068 0.0292962696403265
vn -2.2768028318563229 -0.4020545763404065 5.8308009075221330
v -0.0112888803705573 0.0775880813598633 0.0295034591108561
vn -2.6853017370117951 -0.8635778319130583 5.5945559676007779
v -0.0133040500804782 0.0751316472887993 0.0283808708190918
vn -2.6351583438829160 -1.4864467157051517 5.4820248825260984
v -0.0131470495834947 0.0725132822990417 0.0279138591140509
vn -2.9513818488267747 -2.0638791740175746 5.1273987900676490
v -0.0150485597550869 0.0712485909461975 0.0264796596020460
vn -1.7538761395321205 -4.7188652727373332 3.7349196385768919
v -0.0124372802674770 0.0656486675143242 0.0234905406832695
vn -2.2823533389750414 -4.2285413944423169 4.0265019203260612
v -0.0145125901326537 0.0666984915733337 0.0236221496015787
vn -2.0657168313472773 -4.6325113641874633 3.6827865908490427
v -0.0143588697537780 0.0656781718134880 0.0225397907197475
vn -1.7884982594929140 -5.0191625908837381 3.3108758625964874
v -0.0140360500663519 0.0636563822627068 0.0198946502059698
vn -2.1001854905798387 -5.1168547525906130 2.9782485332214645
v -0.0180459599941969 0.0581271015107632 0.0079123973846436
vn -1.7460098323370008 -5.0196050423968481 3.3493099663352335
v -0.0177073404192924 0.0512813888490200 -0.0030245780944824
vn -2.0725564760584914 -4.8815888780337398 3.3667215397213885
v -0.0191361904144287 0.0511692687869072 -0.0040006041526794
vn -1.7768750281561470 -4.7602391037817791 3.6926607954528472
v -0.0185112897306681 0.0472827516496181 -0.0089843859896064
vn -2.1639080334177194 -4.3896445476761041 3.9378791594655480
v -0.0197367593646049 0.0452305600047112 -0.0120741697028279
vn -3.0293906340490437 -3.6921710688797331 4.0788746841439520
v -0.0222212597727776 0.0427314601838589 -0.0161804500967264
vn -2.5842346038519786 -3.9375465627117054 4.1550931074357065
v -0.0210027601569891 0.0431072711944580 -0.0150070702657104
vn -3.6156184996036584 -3.0629211504132727 4.1225177030252853
v -0.0234014894813299 0.0403625890612602 -0.0190559606999159
vn -3.3233742782071967 -2.8856290462906458 4.4803856267726170
v -0.0224294606596231 0.0389688611030579 -0.0192295908927917
vn -4.2366858096082378 -0.5509739556319382 4.6046475007376886
v -0.0236148796975613 0.0313021503388882 -0.0230473801493645
vn -4.1065499949612585 -0.8824495348272769 4.6702106173237281
v -0.0234255697578192 0.0322846695780754 -0.0227232500910759
vn -4.4179321213578175 -0.8822115143827718 4.3735942092613032
v -0.0243800804018974 0.0323812887072563 -0.0235920492559671
vn -4.0071495615021595 -1.1271346185026740 4.7042552886510238
v -0.0232456903904676 0.0332589708268642 -0.0223595406860113
vn -4.3087083846751630 -1.1619785230444926 4.4167271621911732
v -0.0242099706083536 0.0334032699465752 -0.0231859590858221
vn -3.8454769881433180 -1.4638892641941044 4.7452628057916062
v -0.0230763498693705 0.0342250391840935 -0.0219523906707764
vn -4.0942029106546265 -1.7273144543787713 4.4351895208308081
v -0.0239048600196838 0.0354204699397087 -0.0222391393035650
vn -3.9934667510224693 -2.0022013310206082 4.4110354066945421
v -0.0237722899764776 0.0364179611206055 -0.0216971598565578
vn -3.3987920344631974 -2.6200696243937776 4.5857082892982906
v -0.0225283503532410 0.0380277000367641 -0.0198682490736246
vn -3.8134880151044404 -2.5187253546109276 4.3036694965359672
v -0.0235524699091911 0.0383970700204372 -0.0204724594950676
vn -3.7468479433669701 -2.7611456783831718 4.2129226443396792
v -0.0234677698463202 0.0393809601664543 -0.0197885595262051
vn -4.0981251183114393 -2.9924068236118848 3.7009879633351432
v -0.0243004504591227 0.0418857894837856 -0.0187868401408195
vn -3.5836174699084076 -3.8349041215534636 3.4457257175669445
v -0.0234535895287991 0.0463114902377129 -0.0136026702821255
vn -4.5579140646756429 -3.2590223752555203 2.8419166258184272
v -0.0253809597343206 0.0479499585926533 -0.0142987901344895
vn -4.7721764344617945 -3.2549645144730976 2.4578139702175630
v -0.0256811901926994 0.0503050610423088 -0.0119392797350883
vn -4.9308958390115620 -3.1876053057364953 2.2268931689580436
v -0.0261026006191969 0.0528159700334072 -0.0093902936205268
vn -5.5247213934492994 -2.5842358184499346 1.4725818796994827
v -0.0272054597735405 0.0554694496095181 -0.0084248175844550
vn -5.2349392039662144 -3.0002121051348531 1.7252986503016410
v -0.0273424908518791 0.0583920404314995 -0.0037648079451174
vn -5.8014586720674659 -2.1136122097134460 1.0993004887604902
v -0.0290181003510952 0.0642389580607414 0.0005446990253404
vn -5.8936658629596215 -1.8555868539402209 1.0722567027263210
v -0.0293953996151686 0.0662772580981255 0.0022681949194521
vn -5.9395441442479697 -1.3392620346440680 1.4973293227335727
v -0.0295988898724318 0.0704777836799622 0.0067382450215518
vn -6.0660912408955436 -1.1894705575532096 1.0627228074159656
v -0.0300818607211113 0.0705308914184570 0.0045081968419254
vn -6.1195216567147490 -0.8845047831632381 1.0665308836513721
v -0.0303703509271145 0.0728631615638733 0.0050857658497989
vn -6.0543912550378653 -0.6381427388694338 1.5138502652101986
v -0.0301323495805264 0.0752337500452995 0.0076424470171332
vn -6.0769962904487116 -0.3255826108095501 1.5235761735347944
v -0.0304270908236504 0.0795974731445312 0.0078424206003547
vn -6.1719921366521291 -0.3240853788690822 1.0788009893285921
v -0.0309042893350124 0.0795816704630852 0.0055875768885016
vn -6.2827516547745388 0.0035710199001423 -0.0702696138056210
v -0.0314585492014885 0.0864999815821648 0.0009984349599108
vn -6.2827575171089016 0.0057642030241197 -0.0687910245025713
v -0.0314487814903259 0.0864999815821648 0.0001255730021512
vn -6.2616241003668192 -0.3039415421864036 -0.2779679224867012
v -0.0313420817255974 0.0795331522822380 -0.0012976520229131
vn -6.2260197315702257 -0.2918022143366404 -0.7306467579433628
v -0.0311547499150038 0.0795172974467278 -0.0035938019864261
vn -6.2158365301730782 -0.4769642560947106 -0.7312451607578019
v -0.0308587495237589 0.0752895995974541 -0.0037880530580878
vn -6.1427995730868368 -0.5130040030029765 -1.1921492672064173
v -0.0302680693566799 0.0730359479784966 -0.0063472390174866
vn -6.1496414550547591 -0.4405707577733087 -1.1797638977304434
v -0.0305063705891371 0.0753004476428032 -0.0060631628148258
vn -6.0451491512635602 -0.4458975745512848 -1.6374370036056305
v -0.0297491494566202 0.0730693936347961 -0.0085842013359070
vn -6.0410319966214203 -0.4053740011530649 -1.6640042997658178
v -0.0294559504836798 0.0708500668406487 -0.0090709915384650
vn -5.8973777862527426 -0.1536782574617782 -2.1518642839674866
v -0.0284299794584513 0.0687772631645203 -0.0119504900649190
vn -5.4662268153781177 0.3697472084847082 -3.0694966282491771
v -0.0261991005390882 0.0668311119079590 -0.0168747901916504
vn -5.6861655175560655 0.2397746111667016 -2.6543324872005787
v -0.0272017698734999 0.0667743012309074 -0.0149316703900695
vn -5.3765544405880146 0.7433200433993127 -3.1585685920770095
v -0.0257885996252298 0.0647807717323303 -0.0179515406489372
vn -4.9667323830108341 1.1350832853062554 -3.6659797236923701
v -0.0242148600518703 0.0627553984522820 -0.0209497790783644
vn -4.3860116151817294 1.3827101544402511 -4.2686704468880174
v -0.0220943596214056 0.0588458701968193 -0.0247325804084539
vn -3.4717273949646570 1.6457033849358869 -4.9685719721707784
v -0.0185058694332838 0.0551589690148830 -0.0289224907755852
vn -3.1770597088629722 2.0211861777099065 -5.0271659299228624
v -0.0179216805845499 0.0515595600008965 -0.0306354705244303
vn -2.8620760518514841 2.2713390710905301 -5.1064168326014752
v -0.0174787007272243 0.0481391511857510 -0.0323640704154968
vn -2.8112608890284196 2.0477689746583727 -5.2305545101413218
v -0.0164086800068617 0.0514934584498405 -0.0315437912940979
vn -2.7112101072158055 2.4753156910829968 -5.0971553685943070
v -0.0171663705259562 0.0448838397860527 -0.0340677388012409
vn -3.0066819072799555 2.4473971186594681 -4.9400630152182901
v -0.0186049900949001 0.0450530014932156 -0.0331771895289421
vn -3.7613343598011388 2.3295523488469230 -4.4537974707225043
v -0.0212717000395060 0.0454216003417969 -0.0310840606689453
vn -3.1885904321508005 2.4785549811832994 -4.8057367007153227
v -0.0197845604270697 0.0421773716807365 -0.0339016914367676
vn -4.8815111009597913 1.9693132990858144 -3.4085580879565653
v -0.0243190508335829 0.0432215891778469 -0.0290317498147488
vn -5.4029764592037246 1.5349209519838942 -2.8017114442593432
v -0.0252859499305487 0.0462593995034695 -0.0256693903356791
vn -5.5536884418945807 1.4889856112562567 -2.5254033161323255
v -0.0254507604986429 0.0436469912528992 -0.0268101599067450
vn -5.8463306409214821 1.0346167120386276 -2.0476333739687700
v -0.0259038805961609 0.0464776717126369 -0.0240953508764505
vn -5.7633916535891450 1.2552463740955297 -2.1544620807261050
v -0.0257391892373562 0.0437874682247639 -0.0260297600179911
vn -5.9400255413448608 1.0043360924529683 -1.7731282755091253
v -0.0259794499725103 0.0439270697534084 -0.0252329707145691
vn -6.1282361006716197 0.4891600724418197 -1.2840149290581038
v -0.0263315998017788 0.0466953516006470 -0.0224597994238138
vn -6.0840770182837511 0.7339206815309682 -1.3725906620744541
v -0.0261702500283718 0.0440682694315910 -0.0244246702641249
vn -6.2166072031939557 0.1801270376215624 -0.8740363063050525
v -0.0264707803726196 0.0468076393008232 -0.0216288492083549
vn -6.1924961301862016 0.4364003553697451 -0.9488467703787506
v -0.0263105593621731 0.0442136488854885 -0.0236098691821098
vn -6.2577629867478786 -0.5284520741638172 0.0124931391240290
v -0.0265939794480801 0.0470481514930725 -0.0199623703956604
vn -6.2594313107360984 0.1039289008243595 -0.4949078121851589
v -0.0263987705111504 0.0443657599389553 -0.0227935891598463
vn -6.1929488377827751 -0.9254967457707219 0.4788339048317581
v -0.0265764500945807 0.0471788011491299 -0.0191344004124403
vn -6.2230557739209322 -0.6768718464537244 0.4985144279540265
v -0.0264154598116875 0.0446988902986050 -0.0211745500564575
vn -5.9132633586340031 -1.5243557770542187 1.4699487472202746
v -0.0262143593281507 0.0450507886707783 -0.0195747595280409
vn -5.7148415329881601 -1.6654171651621417 2.0044777940548513
v -0.0259639602154493 0.0429330393671989 -0.0206972900778055
vn -5.9565591033776943 -1.2561718585278809 1.5466007941545241
v -0.0261476002633572 0.0427209697663784 -0.0214737001806498
vn -6.0536786021829156 -0.5847546999519961 1.5681774035167129
v -0.0262751504778862 0.0380737707018852 -0.0246948506683111
vn -5.8378809725581027 -0.9647673449345796 2.1064638141642389
v -0.0260856691747904 0.0383830592036247 -0.0239530801773071
vn 6.2095727463251302 -0.8871757177570533 -0.1795719692658956
v 0.0311066508293152 -0.0046106572262943 -0.0199743509292603
vn 6.2762433972314149 0.0496469173916882 -0.1471364368718104
v 0.0314486585557461 0.0000580902997172 -0.0196689907461405
vn -3.7844138074541487 -5.0046736374152783 -0.1149843874473524
v -0.0189631506800652 -0.0251184701919556 -0.0213745795190334
vn -4.0345856244877103 -4.7977158552500541 0.0099046111616581
v -0.0202477499842644 -0.0241304002702236 -0.0171249508857727
vn -4.3612101856988561 -4.5230360517347572 0.0132203912433222
v -0.0207906905561686 -0.0236061792820692 -0.0171249508857727
vn -4.3646210360660973 -4.5196638166643366 0.0237997701551757
v -0.0224660597741604 -0.0219881497323513 -0.0171249508857727
vn -4.6605732894770249 -4.1920668129021053 0.0061447933457602
v -0.0234090592712164 -0.0210775695741177 -0.0171249508857727
vn -1.7547463399229628 1.6373423952020782 -5.7930227958138047
v -0.0141677800565958 0.0278700497001410 -0.0422923490405083
vn -0.5234138809941548 0.9648865671018382 -6.1788943345191543
v -0.0047181239351630 0.0183028504252434 -0.0460554882884026
vn -0.1615776033556808 0.6609174653140111 -6.2385351265370854
v -0.0013404480414465 0.0137373795732856 -0.0468407794833183
vn -0.1690622615072733 0.3854867427106272 -6.2618410980868786
v -0.0013797869905829 0.0091599822044373 -0.0472180806100368
vn 0.2388067657563352 0.3867305369564977 -6.2594913841126951
v 0.0022341010626405 0.0092092147096992 -0.0471948906779289
vn 0.8552055606538508 -0.9428937912878241 -6.1453510433159000
v 0.0065497150644660 -0.0103859901428223 -0.0460896417498589
vn 1.1211110518728360 -0.9227020606428935 -6.1054314676640900
v 0.0085312724113464 -0.0099222660064697 -0.0458409711718559
vn 1.5734533955979850 -1.5677717897513648 -5.8690456484482869
v 0.0107533903792500 -0.0141725502908230 -0.0444588586688042
vn 1.8739359182223754 -1.5198154787491074 -5.7927797037707975
v 0.0127014499157667 -0.0134091898798943 -0.0440856814384460
vn 2.7821852997014966 -2.1163087984001616 -5.2060135072846085
v 0.0167850796133280 -0.0157647691667080 -0.0416189990937710
vn 3.8004341244168507 -2.6564883900260461 -4.2125244024383157
v 0.0206227805465460 -0.0167895499616861 -0.0384652614593506
vn 4.4787688141498823 -3.2850139076013716 -2.8809859051463409
v 0.0225620791316032 -0.0180568601936102 -0.0351792499423027
vn 4.7704978423333841 -2.9970948666118296 -2.7268845964946484
v 0.0240550003945827 -0.0163578893989325 -0.0346143804490566
vn 5.6934820870088636 -2.6149980942031652 -0.3312250748763085
v 0.0283325891941786 -0.0134124699980021 -0.0227687899023294
vn 5.4450707337550144 -3.1146983125545020 -0.1450667057326724
v 0.0273186508566141 -0.0155660500749946 -0.0207360908389091
vn 3.2018639131287578 -5.3956830096987760 -0.1284026231197570
v 0.0160318594425917 -0.0270786806941032 -0.0215231701731682
vn 2.8181892608138774 -5.6059243156738710 -0.1154507241419384
v 0.0139909898862243 -0.0281936507672071 -0.0215978007763624
vn 1.9611794253491153 -5.9603254188345467 -0.0990809355233580
v 0.0096924295648932 -0.0299559794366360 -0.0217151008546352
vn 1.9583630172224877 -5.9518630010957931 -0.3347185051861130
v 0.0096598258242011 -0.0298649594187737 -0.0246216002851725
vn 1.5093427283950152 -6.0815140863821924 -0.3282494769455908
v 0.0074325199238956 -0.0305032692849636 -0.0246917605400085
vn -0.3519512992856599 -6.2566440210335967 -0.3138247112273463
v -0.0017561309505254 -0.0313619896769524 -0.0247825905680656
vn -0.3694995456925565 -6.2637775549455723 -0.0674658170100878
v -0.0017609000205994 -0.0314491912722588 -0.0218113008886576
vn -0.7985863447269814 -6.2237111214972778 -0.0776654264339555
v -0.0040735001675785 -0.0312332492321730 -0.0217954497784376
vn -1.2809840870085556 -6.1341169056270797 -0.3156434538580688
v -0.0063443770632148 -0.0307608805596828 -0.0247109495103359
vn -1.7353493027457851 -6.0212871812104467 -0.3184627004152560
v -0.0085934400558472 -0.0302058998495340 -0.0246468707919121
vn -1.2915595338485897 -6.1401431907786712 -0.0672122636309763
v -0.0063639869913459 -0.0308465901762247 -0.0217680893838406
vn -1.7119746083291127 -6.0364485865600299 -0.0823694035240591
v -0.0086199641227722 -0.0302908997982740 -0.0217293500900269
vn -3.4246528242618477 -5.2472919434882401 -0.3336230682713848
v -0.0170100908726454 -0.0263730809092522 -0.0242120604962111
vn -3.4227132740059272 -5.2589123867252230 -0.1188261461919046
v -0.0170577708631754 -0.0264546796679497 -0.0214661899954081
vn -4.4953592045280208 -4.3657568938247255 -0.3373613295135542
v -0.0223996005952358 -0.0219630505889654 -0.0237130504101515
vn -4.1635280719425403 -4.6939062780932739 -0.1271320993377724
v -0.0207654796540737 -0.0236447993665934 -0.0212734900414944
vn -4.8117390653293466 -4.0267490945477373 -0.1301977986195533
v -0.0240216795355082 -0.0203173700720072 -0.0210444908589125
vn -4.4767863519444591 -4.3959638726384034 -0.1243193640012928
v -0.0224547907710075 -0.0220415499061346 -0.0211632791906595
vn 6.2482234649587296 0.5405016377650516 -0.2358284662227508
v 0.0265385508537292 0.0359116718173027 -0.0276986900717020
vn 6.1512177528583738 0.8806695195015435 -0.9061390067288762
v 0.0265946891158819 0.0343369804322720 -0.0290586892515421
vn 5.9240506980796139 1.1602464502612744 -1.7263085273315784
v 0.0261916499584913 0.0363705717027187 -0.0293410997837782
vn 5.7480934454713868 1.3426631097836466 -2.1258643623210451
v 0.0258961897343397 0.0387574993073940 -0.0286920592188835
vn 4.5868842568590136 1.9075631431360534 -3.8406565277018712
v 0.0232927706092596 0.0487455688416958 -0.0273492895066738
vn 4.2164882214374870 1.4005808685650609 -4.4378821540010120
v 0.0213788691908121 0.0588610693812370 -0.0254319906234741
vn 3.8368944257409581 1.4888709535499625 -4.7418048968861166
v 0.0199461504817009 0.0588914714753628 -0.0266835596412420
vn 3.5313649352059828 1.4827126295056501 -4.9743529441012875
v 0.0184272509068251 0.0589202009141445 -0.0278310701251030
vn 3.8490741508291566 1.2837781529620098 -4.7916311889443151
v 0.0192382894456387 0.0629286691546440 -0.0260646902024746
vn 3.2283378826575939 1.4511956099262890 -5.1878130173423012
v 0.0168327596038580 0.0589468404650688 -0.0288728401064873
vn 3.5217123071333245 1.2896737614787837 -5.0368810137901940
v 0.0176097694784403 0.0629718825221062 -0.0272699501365423
vn 3.6821275021324595 1.0105492071356679 -4.9863524215647503
v 0.0180022697895765 0.0650432705879211 -0.0264961700886488
vn 3.3683077005160440 0.9701030571599021 -5.2124605395825139
v 0.0162720605731010 0.0650816485285759 -0.0276744905859232
vn 3.4613747071187744 0.7118636215240213 -5.1920736485539747
v 0.0166289806365967 0.0671404004096985 -0.0271095596253872
vn 3.6213429835545563 0.0401983707622479 -5.1301956709869598
v 0.0177175905555487 0.0753979012370110 -0.0259093604981899
vn 3.9708540497574574 -0.0352679923939417 -4.8631906127440665
v 0.0197665598243475 0.0793716907501221 -0.0243796706199646
vn 3.5954376811374522 -0.0014780036812361 -5.1471081027804990
v 0.0179213806986809 0.0793614909052849 -0.0257741808891296
vn 3.9178952461283352 0.0196742801754471 -4.9118538885321135
v 0.0193614903837442 0.0864999815821648 -0.0246575400233269
vn 0.0720183980733827 -0.5480341523302369 6.2525095100171688
v 0.0000000000000000 0.0363739691674709 -0.0132160698994994
vn -0.4223755975879810 -0.6071834242268361 6.2363548636692752
v -0.0018684860551730 0.0363262817263603 -0.0133087597787380
vn -0.8247399791312788 -0.0140911931922805 6.2241245669651946
v -0.0038077230565250 0.0353077612817287 -0.0135437799617648
vn -0.7528599348110315 -0.5903318394343432 6.2067322364497652
v -0.0036936399992555 0.0362027809023857 -0.0134825697168708
vn -1.1218243632246359 -0.5601725386295250 6.1536832405621693
v -0.0054905409924686 0.0359855815768242 -0.0137811796739697
vn -1.9633556364894904 0.1246507420464701 5.9625819718875004
v -0.0093120327219367 0.0342956706881523 -0.0148111497983336
vn -2.8978415760417406 0.2592568445313965 5.5642361947077568
v -0.0145338699221611 0.0324939414858818 -0.0169662795960903
vn -2.9137851122288918 -0.2474892261122126 5.5593738646132147
v -0.0157955791801214 0.0330458804965019 -0.0176214501261711
vn -3.6826007210051923 0.3738641697619541 5.0728391555398886
v -0.0193675700575113 0.0299323704093695 -0.0198047701269388
vn -4.1987185208193143 0.4716192796613123 4.6470549252907638
v -0.0222956500947475 0.0277859494090080 -0.0219832006841898
vn -3.9540382798458475 -0.0231828478260120 4.8806579520095381
v -0.0218521896749735 0.0295491795986891 -0.0216837506741285
vn -4.4771569322694127 0.5352846151480565 4.3728073052105305
v -0.0236393790692091 0.0265746694058180 -0.0231363698840141
vn -4.7752517258910387 0.6111441860514303 4.0348029697678864
v -0.0248826704919338 0.0252691507339478 -0.0243206601589918
vn -5.2568655920692091 0.4568069798881274 3.4080834084756093
v -0.0265625696629286 0.0246984902769327 -0.0264765601605177
vn -4.6450439443985401 -0.3254753840032018 4.2139914889539360
v -0.0247493907809258 0.0303064491599798 -0.0242774393409491
vn -5.2146450664783393 -0.1850308845220618 3.4978091784235716
v -0.0259984694421291 0.0298181697726250 -0.0258780699223280
vn -5.1502360298163126 -0.3910824117941533 3.5758404870376745
v -0.0258183404803276 0.0309436898678541 -0.0255252700299025
vn -5.0000617111485059 -0.8656762775594958 3.7033793626081617
v -0.0254876594990492 0.0331560894846916 -0.0246878806501627
vn -4.6421423944065126 -1.1281939633761562 4.0768298970153252
v -0.0250479504466057 0.0335898883640766 -0.0240256693214178
vn -4.5494864068205461 -1.3940419675943065 4.0989032435810913
v -0.0249002501368523 0.0346498414874077 -0.0235351901501417
vn -4.4601498818561112 -1.6574477109102776 4.0989043051360454
v -0.0247656702995300 0.0357009693980217 -0.0229987502098083
vn -4.6671844055821552 -1.9201674475771737 3.7402415294994027
v -0.0249765496701002 0.0374573394656181 -0.0224663000553846
vn -4.9944278344406108 -1.6461662016299723 3.4359655398403168
v -0.0253692790865898 0.0371235013008118 -0.0231586601585150
vn -4.9151681016781854 -2.0154044020597852 3.3503539226640875
v -0.0252043604850769 0.0392813608050346 -0.0217769704759121
vn -5.2433377346952446 -1.6975183639528233 3.0126665466709333
v -0.0255479793995619 0.0389899015426636 -0.0224929992109537
vn -6.2163510256079118 0.0991892091103239 0.8757383678971026
v -0.0265883803367615 0.0353226587176323 -0.0267365500330925
vn -6.2592798795288509 0.4265320080483850 0.2090488904644299
v -0.0266679506748915 0.0349386893212795 -0.0274546705186367
vn -6.2664305775136553 0.1811113262987124 0.3343827904289710
v -0.0264891907572746 0.0374273583292961 -0.0261744800955057
vn -6.2539955606318323 0.4981073607864733 -0.2538951948338395
v -0.0265097599476576 0.0371128916740417 -0.0269206706434488
vn -6.1543442486658293 0.8826185722492103 -0.8762645194026590
v -0.0266571603715420 0.0342224799096584 -0.0289231501519680
vn -5.8671800951817907 1.2209022305295154 -1.8509890522699783
v -0.0264326892793179 0.0335927009582520 -0.0304426494985819
vn -5.5452477589999098 1.4171594725938066 -2.5399644135228598
v -0.0260034706443548 0.0330029688775539 -0.0319553017616272
vn -5.5725670242174443 1.4553401961615178 -2.4581893438288862
v -0.0258182808756828 0.0357850715517998 -0.0307641606777906
vn -5.1090967311745104 1.5885143893802556 -3.2547646332663005
v -0.0253819804638624 0.0324090681970119 -0.0334034487605095
vn -4.2109717944910043 1.7432354141712096 -4.3040017751335302
v -0.0236329995095730 0.0312232896685600 -0.0360443517565727
vn -4.6664218368019110 1.8504229012828353 -3.7500461790429038
v -0.0243938490748405 0.0347729884088039 -0.0336199887096882
vn -4.2174930817939114 1.9406435661623849 -4.2120973061361449
v -0.0234386902302504 0.0342749916017056 -0.0349162817001343
vn -3.7898169813107012 1.7636929066795486 -4.6737094760235118
v -0.0225441996008158 0.0306611601263285 -0.0372299514710903
vn -3.3843235919289754 1.7652675854776836 -4.9762020951916695
v -0.0213384591042995 0.0301249604672194 -0.0383192785084248
vn -2.9971536511664492 1.7539960674490271 -5.2237752157989279
v -0.0200355593115091 0.0296139698475599 -0.0393075905740261
vn -2.9899808691099148 2.0182685754351839 -5.1317123278245695
v -0.0198403000831604 0.0329086706042290 -0.0382199808955193
vn -2.2486187653939935 1.9864649077508783 -5.5084689136138012
v -0.0170181896537542 0.0321114584803581 -0.0399125814437866
vn -1.7360512721334633 1.9432386028250663 -5.7051821981152671
v -0.0139993997290730 0.0314268395304680 -0.0412289500236511
vn -1.7504804534489633 2.2125037249561990 -5.6026901312448345
v -0.0139034902676940 0.0348361693322659 -0.0400006696581841
vn -0.5397785772905157 2.3922918375166931 -5.7816154084037521
v -0.0044510359875858 0.0406206808984280 -0.0394164882600307
vn -0.2016987315484887 1.9422088865756584 -5.9684202335578087
v -0.0013276929967105 0.0511653982102871 -0.0355550013482571
vn -0.2485396296521154 1.3130154685823774 -6.1375854248635360
v -0.0014612670056522 0.0590741001069546 -0.0334063693881035
vn 0.3834392722691813 1.6365431903663834 -6.0493047239458777
v 0.0022463200148195 0.0550521612167358 -0.0343499705195427
vn 0.0578606166176392 1.2846239482838795 -6.1487267549216815
v 0.0004530810110737 0.0590748712420464 -0.0334343910217285
vn -0.3414091010709671 0.6964382624812556 -6.2327307803108392
v -0.0016266700113192 0.0673053786158562 -0.0320758782327175
vn 0.1028465360583093 0.6979359175227886 -6.2410934189684664
v 0.0005044459830970 0.0673066899180412 -0.0321158692240715
vn -0.3567153973085095 0.4502761101433313 -6.2541425296564563
v -0.0016979570500553 0.0714057609438896 -0.0317048989236355
vn 0.1097011843964357 0.4534989968840509 -6.2631218403431834
v 0.0005265789804980 0.0714069604873657 -0.0317485891282558
vn -0.3583661986314181 0.2599706381744989 -6.2645904192476340
v -0.0017482039984316 0.0754275918006897 -0.0314824506640434
vn 0.1113282871063796 0.2625314505709567 -6.2737357648267453
v 0.0005421849782579 0.0754278823733330 -0.0315275713801384
vn -0.3592631823056557 0.1226027535751227 -6.2684076830903068
v -0.0017691849498078 0.0793184563517570 -0.0313700996339321
vn -0.0518598359139861 0.0245723769489636 -6.2827948387594246
v -0.0010989899747074 0.0864999815821648 -0.0313143692910671
vn 1.9302932720454011 3.0101000127080582 -2.4694053045869104
v 0.0193932596594095 0.1036249026656151 -0.0246973000466824
vn 1.5348419430933049 0.0294443474513353 6.0925701075784406
v 0.0061839809641242 0.0864999815821648 0.0309965591877699
vn -3.1339257268038661 3.0026613586673512 -0.0012150763970574
v -0.0314999781548977 0.1036249026656151 0.0001250000059372
vn -3.1035543246132788 3.0039134673350754 0.4359631788005992
v -0.0311933699995279 0.1036249026656151 0.0045089120976627
vn -6.1903072979592313 -0.0120899978365740 1.0088323069704650
v -0.0310829803347588 0.0864999815821648 0.0052340622060001
vn -6.1303436193113567 0.0189499682364719 1.3772964568206927
v -0.0310019794851542 0.0864999815821648 0.0055945510976017
vn -3.0132535649237164 3.0064674149964734 0.8621243537460843
v -0.0302796903997660 0.1036249026656151 0.0088075390085578
vn -6.0194531261016113 -0.0311844272106505 1.7594710031322580
v -0.0302820801734924 0.0864999815821648 0.0087990155443549
vn -5.9405579904175010 0.0091337966811720 2.0456418389297935
v -0.0298383794724941 0.0864999815821648 0.0100654903799295
vn -5.7961226749014063 0.0127959379838873 2.4033059417454523
v -0.0290734693408012 0.0864999815821648 0.0122487498447299
vn -2.8631711346039794 3.0088966300893794 1.2750855274303849
v -0.0287766996771097 0.1036249026656151 0.0129371797665954
vn -5.5156221290376877 0.0463896876616152 2.9919786510647830
v -0.0276998803019524 0.0864999815821648 0.0151237798854709
vn -2.6557620737047500 3.0038291127153038 1.6639687200541791
v -0.0267134904861450 0.1036249026656151 0.0168174505233765
vn -5.1205286259649165 0.0409110100639066 3.6244305214207304
v -0.0257747694849968 0.0864999815821648 0.0182332899421453
vn -2.4013463058793567 2.9991350069635607 2.0134867017667473
v -0.0241304002702236 0.1036249026656151 0.0203727409243584
vn -4.4370955739456344 0.0824513265152043 4.4475358058313770
v -0.0227472707629204 0.0864999815821648 0.0218514800071716
vn -2.0981296941894949 3.0022797837908657 2.3279873138388614
v -0.0210775695741177 0.1036249026656151 0.0235340502113104
vn -4.1559257987387497 0.0292922474692831 4.6994031715541160
v -0.0209159795194864 0.0864999815821648 0.0236784797161818
vn -3.9086012120583837 0.0715284456127661 4.9184803781419539
v -0.0193143393844366 0.0864999815821648 0.0249427501112223
vn -3.7000846346304810 0.0547314755710730 5.0740656199364711
v -0.0180509593337774 0.0864999815821648 0.0259399991482496
vn -1.7530976825564633 3.0058054852109133 2.5979274775849932
v -0.0176145993173122 0.1036249026656151 0.0262396894395351
vn -3.3229812137951198 0.0329687598182800 5.3282848817761552
v -0.0172735992819071 0.0864999815821648 0.0264664795249701
vn -3.1514356354632294 0.0776510633453702 5.4345941723775315
v -0.0154718700796366 0.0864999815821648 0.0275037791579962
vn -1.3720610509487168 3.0034811770515200 2.8177097076166127
v -0.0138086602091789 0.1036249026656151 0.0284369494765997
vn -2.4825551464110935 0.0766467077081421 5.7708287050311489
v -0.0138016901910305 0.0864999815821648 0.0284208003431559
vn -0.5456726555016697 3.0029054785807752 3.0860715750925745
v -0.0054699177853763 0.1036249026656151 0.0311463400721550
vn -1.0879582789317095 0.0306472358242850 6.1879962618765720
v -0.0068845148198307 0.0864999815821648 0.0308437906205654
vn -1.0919592097773463 0.0371982054039653 6.1871971583738956
v -0.0054606790654361 0.0864999815821648 0.0310941897332668
vn -1.0879599133066771 0.0430769065352265 6.1878106527207137
v -0.0046054120175540 0.0864999815821648 0.0312445703893900
vn -0.7155676508696972 0.0630422189639262 6.2328357194418142
v -0.0036470289342105 0.0864999815821648 0.0314130708575249
vn -0.0622959692601418 0.0391471555241136 6.2767545623633909
v 0.0000000000000000 0.0864999815821648 0.0316249690949917
vn -0.3762730261577173 0.0669131351015613 6.2713268279725298
v -0.0023096790537238 0.0864999815821648 0.0314907990396023
vn 0.8190942171556773 0.0438296630331481 6.2291363755484772
v 0.0031042089685798 0.0864999815821648 0.0314343497157097
vn 0.8301691752742563 0.0587036939159596 6.2276262360972172
v 0.0032870760187507 0.0864999815821648 0.0314102694392204
vn 0.7517508725366322 3.0057547232716222 3.0425779010976046
v 0.0076205129735172 0.1036249026656151 0.0306892897933722
vn 2.2297090555909014 0.0753558878801735 5.8730352629236879
v 0.0121213700622320 0.0864999815821648 0.0291599594056606
vn 2.8948603517226488 0.0891056511879865 5.5750135753784686
v 0.0157399699091911 0.0864999815821648 0.0273855905979872
vn 3.2520607620193118 -0.0074589591077230 5.3633636737633310
v 0.0161134600639343 0.0864999815821648 0.0271916892379522
vn 1.9281913317777502 3.0084385949506762 2.4709600124264433
v 0.0193932596594095 0.1036249026656151 0.0249472800642252
vn 4.3657268829035845 0.0443119791144379 4.5068385556908357
v 0.0219096504151821 0.0864999815821648 0.0227572899311781
vn 4.6242394233358626 0.0510702713540495 4.2529539362185762
v 0.0223719403147697 0.0864999815821648 0.0222544595599174
vn 4.8439898182219538 0.0298943318402581 3.9856449136967287
v 0.0243829395622015 0.0864999815821648 0.0200677495449781
vn 2.5315883211260135 3.0057120035201041 1.8475561134053888
v 0.0254839602857828 0.1036249026656151 0.0186401605606079
vn 5.0853048314336764 0.0181546841275450 3.6900416325390268
v 0.0244662705808878 0.0864999815821648 0.0199529491364956
vn 5.2836463582052788 0.0199811931426741 3.3833914789229511
v 0.0265296604484320 0.0864999815821648 0.0171082001179457
vn 5.0861044136792533 0.0241857791951867 3.6888323691515845
v 0.0262939892709255 0.0864999815821648 0.0174331609159708
vn 5.0849100039893518 0.0212480194072482 3.6905280244120129
v 0.0254410505294800 0.0864999815821648 0.0186090990900993
vn 2.7679972842551557 3.0127267291298927 1.4707131358203236
v 0.0278127696365118 0.1036249026656151 0.0149133801460266
vn 5.4793415462362578 0.0390095780033733 3.0741839287001422
v 0.0278562903404236 0.0864999815821648 0.0147441001608968
vn 5.7980302599980345 0.0481468300741368 2.4198848380745117
v 0.0295822601765394 0.0864999815821648 0.0108910696581006
vn 5.9217512899372453 0.0238204007976558 2.0723881731852938
v 0.0297260805964470 0.0864999815821648 0.0105465603992343
vn 2.9459111865700947 3.0085402997756874 1.0701355911346075
v 0.0296002607792616 0.1036249026656151 0.0108985900878906
vn 6.1995811682217710 0.0299969923198639 1.0204580383139066
v 0.0307926498353481 0.0864999815821648 0.0066710710525513
vn 3.0658544264438556 3.0038700728932333 0.6501383989349755
v 0.0308115407824516 0.1036249026656151 0.0066741700284183
vn 3.1262763452445839 3.0081333973235660 0.2230419869829923
v 0.0314232707023621 0.1036249026656151 0.0023223159369081
vn 6.2724574154874739 -0.0421756746646649 -0.0476567068090631
v 0.0314980708062649 0.0864999815821648 -0.0002207340003224
vn 3.1264600112366532 3.0101431214601768 -0.2217486569515024
v 0.0314232707023621 0.1036249026656151 -0.0020722739864141
vn 6.2720080468354960 -0.0113938180797287 -0.3735007264683013
v 0.0313832685351372 0.0864999815821648 -0.0020698299631476
vn 6.2710696002007289 0.0082354796954036 -0.3892699831328210
v 0.0313547812402248 0.0864999815821648 -0.0025296208914369
vn 2.9453785129506489 3.0084087770118986 -1.0715888176097876
v 0.0296002607792616 0.1036249026656151 -0.0106485402211547
vn 6.1010573142683358 -0.0146997655415540 -1.4639424804894619
v 0.0306568704545498 0.0864999815821648 -0.0070967669598758
vn 5.7795051619462026 0.0238782186868488 -2.4646519839215379
v 0.0295940004289150 0.0864999815821648 -0.0106458598747849
vn 5.7790261741178952 0.0240572765204828 -2.4657632537861569
v 0.0292332693934441 0.0864999815821648 -0.0114912902936339
vn 5.4497534199471227 0.0451687310982429 -3.1265522784152178
v 0.0272095706313848 0.0864999815821648 -0.0156418606638908
vn 5.3319258050705267 0.0193459835886194 -3.3159708729522079
v 0.0263953804969788 0.0864999815821648 -0.0170661807060242
vn 2.5356797206144872 3.0043316539784390 -1.8418663839986813
v 0.0254839602857828 0.1036249026656151 -0.0183901693671942
vn 4.9547004694722592 0.0279450125000105 -3.8635212817315185
v 0.0246089603751898 0.0864999815821648 -0.0194549504667521
vn 4.7126756332711341 0.0278986300731056 -4.1406927835635585
v 0.0236446801573038 0.0864999815821648 -0.0206878706812859
vn 2.2556355807046518 3.0068467855777525 -2.1760286023500419
v 0.0226591806858778 0.1036249026656151 -0.0217566397041082
vn 4.2117403853304287 0.0391236420536486 -4.6489292735009871
v 0.0210727993398905 0.0864999815821648 -0.0232883598655462
vn 3.9251301019842684 0.0369500779865843 -4.9058438943014551
v 0.0197345595806837 0.0864999815821648 -0.0243590399622917
vn 1.5657615013484252 3.0086832205924998 -2.7151406584400171
v 0.0157499890774488 0.1036249026656151 -0.0271547995507717
vn 2.3701774134635780 0.0314977704495456 -5.8095344822243993
v 0.0118187600746751 0.0864999815821648 -0.0290737692266703
vn 1.1724779194917625 3.0041241275063242 -2.9064616351447832
v 0.0118000498041511 0.1036249026656151 -0.0290812794119120
vn 0.7560434621079997 2.9992265528805109 -3.0412227284630196
v 0.0076205129735172 0.1036249026656151 -0.0304392501711845
vn 2.0573382705127568 0.0438468655702628 -5.9366395321955210
v 0.0096335411071777 0.0864999815821648 -0.0298310499638319
vn 1.3774788602941404 0.0458465914943005 -6.1300668191734333
v 0.0074066510424018 0.0864999815821648 -0.0304399691522121
vn 1.0354068709558562 0.0382567284057182 -6.1876664088911051
v 0.0051509728655219 0.0864999815821648 -0.0309469606727362
vn 0.3312189353943554 3.0025789252940762 -3.1163662686705775
v 0.0032926199492067 0.1036249026656151 -0.0312023703008890
vn 0.6865413853648762 0.0216723471220040 -6.2453799327688904
v 0.0032868979033083 0.0864999815821648 -0.0311498604714870
vn -0.1079758835552449 3.0086978868808263 -3.1323979448378516
v -0.0010992879979312 0.1036249026656151 -0.0313557907938957
vn -0.0371433101911749 0.0476021327199779 -6.2827910108628844
v 0.0005477790255100 0.0864999815821648 -0.0313268788158894
vn 0.3040033219771934 0.0462419392574332 -6.2660848960468432
v 0.0015880459686741 0.0864999815821648 -0.0313348695635796
vn -0.7656135738593914 0.0272579898083208 -6.2362019222924996
v -0.0040618767961860 0.0864999815821648 -0.0310591999441385
vn -0.5466862614174757 3.0073755319371021 -3.0861393792045613
v -0.0054699177853763 0.1036249026656151 -0.0308963600546122
vn -0.4175478292585807 0.0148997468364323 -6.2594911197349088
v -0.0020679230801761 0.0864999815821648 -0.0313069783151150
vn -0.7888171023731620 0.0160348038276418 -6.2333648958029713
v -0.0054683680646122 0.0864999815821648 -0.0308843795210123
vn -1.4496229807532690 0.0231980025690763 -6.1095248485352212
v -0.0065687289461493 0.0864999815821648 -0.0306825600564480
vn -2.6914674175901392 0.0059770066902646 -5.6659792880221200
v -0.0134827401489019 0.0864999815821648 -0.0283436700701714
vn -1.3744850005604210 3.0051169573110337 -2.8166107558461189
v -0.0138086602091789 0.1036249026656151 -0.0281869694590569
vn -3.0192321463624534 0.0332507397034351 -5.5100741777450155
v -0.0149864498525858 0.0864999815821648 -0.0275214891880751
vn -3.6322405160011528 0.0007714780143631 -5.1268848039387986
v -0.0169921498745680 0.0864999815821648 -0.0263757705688477
vn -4.2016119700992807 0.0331772662187927 -4.6712974980773119
v -0.0206682607531548 0.0864999815821648 -0.0235807802528143
vn -3.6321041037855935 0.0275531436697363 -5.1267478868226988
v -0.0188793502748013 0.0864999815821648 -0.0250387694686651
vn -4.6796267931545659 0.0097689819685966 -4.1927219225767267
v -0.0239293500781059 0.0864999815821648 -0.0203102808445692
vn -2.4028319765048174 3.0102503617284873 -2.0125691487238941
v -0.0241304002702236 0.1036249026656151 -0.0201227609068155
vn -5.1093405742009743 0.0434061379244053 -3.6564983562382078
v -0.0253487806767225 0.0864999815821648 -0.0184894800186157
vn -2.6578167005426803 3.0065423962621347 -1.6610091656118899
v -0.0267134904861450 0.1036249026656151 -0.0165674593299627
vn -2.8625994246672217 3.0092234203643131 -1.2764355788286106
v -0.0287766996771097 0.1036249026656151 -0.0126871401444077
vn -5.8146574704436560 0.0207971356067195 -2.3804515251633691
v -0.0287408791482449 0.0864999815821648 -0.0126726003363729
vn -5.9262866901590474 0.0133485088231633 -2.0557131465314429
v -0.0297944508492947 0.0864999815821648 -0.0100993495434523
vn -6.0508768976192844 0.0233927910577204 -1.6920203207719013
v -0.0302294399589300 0.0864999815821648 -0.0085434913635254
vn -6.0508964900688937 0.0233767104219279 -1.6919621545378587
v -0.0303408503532410 0.0864999815821648 -0.0081451525911689
vn -3.0127977089537783 3.0130595275436352 -0.8648436453155619
v -0.0302796903997660 0.1036249026656151 -0.0085575580596924
vn -3.1044039887739654 3.0069771595392423 -0.4310405318982038
v -0.0311933699995279 0.1036249026656151 -0.0042589302174747
vn -6.1093100272846224 -0.0004937214521353 -1.4504303787650783
v -0.0307771507650614 0.0864999815821648 -0.0065844650380313
vn -6.1578318466015798 -0.0046703926854000 -1.2485676036695816
v -0.0309146605432034 0.0864999815821648 -0.0059059262275696
vn -6.2321414626692100 0.0234707915846157 -0.7978050753994307
v -0.0311431791633368 0.0864999815821648 -0.0042524929158390
vn -6.2339158291208276 0.0439469919505848 -0.7833241863287699
v -0.0312249008566141 0.0864999815821648 -0.0036144249606878
# 3858 vertices, 0 vertices normals

f 3853//3853 3854//3854 4//4
f 4//4 3854//3854 3752//3752
f 4//4 3752//3752 3753//3753
f 3845//3845 3847//3847 4//4
f 4//4 3847//3847 3848//3848
f 4//4 3848//3848 3853//3853
f 3839//3839 1//1 4//4
f 4//4 1//1 2//2
f 4//4 2//2 3845//3845
f 3830//3830 3834//3834 4//4
f 4//4 3834//3834 3//3
f 4//4 3//3 3839//3839
f 3823//3823 3824//3824 4//4
f 4//4 3824//3824 3828//3828
f 4//4 3828//3828 3830//3830
f 3818//3818 3750//3750 4//4
f 4//4 3750//3750 3821//3821
f 4//4 3821//3821 3823//3823
f 3809//3809 5//5 4//4
f 4//4 5//5 3815//3815
f 4//4 3815//3815 3818//3818
f 3804//3804 3806//3806 4//4
f 4//4 3806//3806 6//6
f 4//4 6//6 3809//3809
f 3797//3797 3801//3801 4//4
f 4//4 3801//3801 3803//3803
f 4//4 3803//3803 3804//3804
f 3788//3788 7//7 4//4
f 4//4 7//7 3792//3792
f 4//4 3792//3792 3797//3797
f 3784//3784 8//8 4//4
f 4//4 8//8 9//9
f 4//4 9//9 3788//3788
f 3775//3775 10//10 4//4
f 4//4 10//10 11//11
f 4//4 11//11 3784//3784
f 3770//3770 3773//3773 4//4
f 4//4 3773//3773 12//12
f 4//4 12//12 3775//3775
f 3762//3762 3764//3764 4//4
f 4//4 3764//3764 3766//3766
f 4//4 3766//3766 3770//3770
f 3753//3753 3756//3756 4//4
f 4//4 3756//3756 3760//3760
f 4//4 3760//3760 3762//3762
f 126//126 127//127 19//19
f 19//19 127//127 90//90
f 19//19 90//90 25//25
f 121//121 123//123 19//19
f 19//19 123//123 13//13
f 19//19 13//13 126//126
f 117//117 14//14 19//19
f 19//19 14//14 119//119
f 19//19 119//119 121//121
f 115//115 15//15 19//19
f 19//19 15//15 16//16
f 19//19 16//16 117//117
f 37//37 31//31 19//19
f 19//19 31//31 17//17
f 19//19 17//17 115//115
f 49//49 42//42 19//19
f 19//19 42//42 43//43
f 19//19 43//43 37//37
f 21//21 18//18 19//19
f 19//19 18//18 46//46
f 19//19 46//46 49//49
f 61//61 20//20 19//19
f 19//19 20//20 55//55
f 19//19 55//55 21//21
f 70//70 63//63 19//19
f 19//19 63//63 64//64
f 19//19 64//64 61//61
f 75//75 72//72 19//19
f 19//19 72//72 73//73
f 19//19 73//73 70//70
f 82//82 80//80 19//19
f 19//19 80//80 79//79
f 19//19 79//79 75//75
f 22//22 89//89 19//19
f 19//19 89//89 85//85
f 19//19 85//85 82//82
f 103//103 104//104 19//19
f 19//19 104//104 23//23
f 19//19 23//23 22//22
f 99//99 24//24 19//19
f 19//19 24//24 101//101
f 19//19 101//101 103//103
f 25//25 26//26 19//19
f 19//19 26//26 95//95
f 19//19 95//95 99//99
f 17//17 27//27 28//28
f 17//17 28//28 115//115
f 115//115 28//28 29//29
f 115//115 29//29 113//113
f 1474//1474 17//17 34//34
f 34//34 17//17 31//31
f 1474//1474 30//30 17//17
f 17//17 30//30 1473//1473
f 17//17 1473//1473 27//27
f 37//37 1568//1568 35//35
f 36//36 32//32 31//31
f 31//31 32//32 33//33
f 31//31 33//33 34//34
f 37//37 35//35 31//31
f 31//31 35//35 1567//1567
f 31//31 1567//1567 36//36
f 1085//1085 38//38 37//37
f 37//37 38//38 1568//1568
f 44//44 1330//1330 43//43
f 1330//1330 39//39 43//43
f 43//43 39//39 1328//1328
f 43//43 1328//1328 37//37
f 37//37 1328//1328 1086//1086
f 37//37 1086//1086 1085//1085
f 42//42 49//49 45//45
f 45//45 1312//1312 42//42
f 42//42 1312//1312 1311//1311
f 42//42 1311//1311 1338//1338
f 1338//1338 40//40 42//42
f 42//42 40//40 41//41
f 42//42 41//41 43//43
f 43//43 41//41 1332//1332
f 43//43 1332//1332 44//44
f 50//50 1326//1326 49//49
f 1326//1326 1317//1317 49//49
f 49//49 1317//1317 1316//1316
f 49//49 1316//1316 45//45
f 18//18 47//47 46//46
f 46//46 47//47 48//48
f 46//46 48//48 1340//1340
f 1340//1340 1339//1339 46//46
f 46//46 1339//1339 1303//1303
f 46//46 1303//1303 49//49
f 49//49 1303//1303 1304//1304
f 49//49 1304//1304 50//50
f 51//51 18//18 53//53
f 53//53 18//18 21//21
f 51//51 1240//1240 18//18
f 18//18 1240//1240 1239//1239
f 18//18 1239//1239 47//47
f 55//55 59//59 54//54
f 1246//1246 52//52 21//21
f 21//21 52//52 1243//1243
f 21//21 1243//1243 53//53
f 55//55 54//54 21//21
f 21//21 54//54 1177//1177
f 21//21 1177//1177 1246//1246
f 56//56 55//55 1162//1162
f 1162//1162 55//55 20//20
f 56//56 57//57 55//55
f 55//55 57//57 58//58
f 55//55 58//58 59//59
f 60//60 1159//1159 20//20
f 20//20 1159//1159 1160//1160
f 20//20 1160//1160 1162//1162
f 60//60 20//20 979//979
f 979//979 20//20 61//61
f 979//979 61//61 984//984
f 64//64 486//486 62//62
f 62//62 479//479 64//64
f 64//64 479//479 981//981
f 64//64 981//981 61//61
f 61//61 981//981 983//983
f 61//61 983//983 984//984
f 454//454 542//542 63//63
f 63//63 542//542 497//497
f 63//63 497//497 64//64
f 64//64 497//497 486//486
f 504//504 503//503 70//70
f 70//70 503//503 65//65
f 70//70 65//65 63//63
f 63//63 65//65 66//66
f 63//63 66//66 454//454
f 73//73 1017//1017 67//67
f 67//67 68//68 73//73
f 73//73 68//68 408//408
f 73//73 408//408 70//70
f 70//70 408//408 69//69
f 70//70 69//69 504//504
f 71//71 416//416 72//72
f 72//72 416//416 414//414
f 72//72 414//414 73//73
f 73//73 414//414 413//413
f 73//73 413//413 1017//1017
f 75//75 985//985 74//74
f 74//74 76//76 75//75
f 75//75 76//76 77//77
f 75//75 77//77 72//72
f 72//72 77//77 139//139
f 72//72 139//139 71//71
f 81//81 284//284 79//79
f 79//79 284//284 78//78
f 79//79 78//78 75//75
f 75//75 78//78 986//986
f 75//75 986//986 985//985
f 84//84 293//293 80//80
f 80//80 293//293 292//292
f 292//292 291//291 80//80
f 80//80 291//291 282//282
f 80//80 282//282 79//79
f 79//79 282//282 285//285
f 79//79 285//285 81//81
f 88//88 290//290 82//82
f 82//82 290//290 83//83
f 82//82 83//83 80//80
f 80//80 83//83 84//84
f 175//175 204//204 85//85
f 85//85 204//204 203//203
f 203//203 201//201 85//85
f 85//85 201//201 86//86
f 85//85 86//86 82//82
f 82//82 86//86 87//87
f 82//82 87//87 88//88
f 175//175 85//85 176//176
f 176//176 85//85 89//89
f 176//176 89//89 111//111
f 92//92 25//25 1972//1972
f 1972//1972 25//25 90//90
f 1969//1969 26//26 91//91
f 91//91 26//26 25//25
f 91//91 25//25 1970//1970
f 1970//1970 25//25 92//92
f 1969//1969 1967//1967 26//26
f 26//26 1967//1967 2301//2301
f 26//26 2301//2301 95//95
f 95//95 2301//2301 93//93
f 95//95 93//93 94//94
f 2118//2118 99//99 96//96
f 96//96 99//99 95//95
f 96//96 95//95 97//97
f 97//97 95//95 94//94
f 98//98 24//24 2116//2116
f 2116//2116 24//24 99//99
f 2116//2116 99//99 2117//2117
f 2117//2117 99//99 2118//2118
f 98//98 100//100 24//24
f 24//24 100//100 2114//2114
f 24//24 2114//2114 101//101
f 2114//2114 102//102 101//101
f 101//101 102//102 2292//2292
f 101//101 2292//2292 103//103
f 103//103 2292//2292 2291//2291
f 103//103 2291//2291 104//104
f 104//104 2291//2291 107//107
f 2274//2274 23//23 105//105
f 105//105 23//23 104//104
f 105//105 104//104 106//106
f 106//106 104//104 107//107
f 2274//2274 2272//2272 23//23
f 23//23 2272//2272 108//108
f 23//23 108//108 22//22
f 22//22 108//108 2251//2251
f 22//22 2251//2251 2363//2363
f 2363//2363 2362//2362 22//22
f 22//22 2362//2362 109//109
f 22//22 109//109 89//89
f 89//89 109//109 110//110
f 89//89 110//110 111//111
f 112//112 1556//1556 15//15
f 113//113 114//114 115//115
f 115//115 114//114 116//116
f 115//115 116//116 15//15
f 15//15 116//116 112//112
f 1556//1556 1555//1555 15//15
f 15//15 1555//1555 1522//1522
f 15//15 1522//1522 16//16
f 1506//1506 117//117 1519//1519
f 1519//1519 117//117 16//16
f 1519//1519 16//16 1521//1521
f 1521//1521 16//16 1522//1522
f 1548//1548 14//14 1550//1550
f 1550//1550 14//14 117//117
f 1550//1550 117//117 1551//1551
f 1551//1551 117//117 1506//1506
f 118//118 119//119 120//120
f 120//120 119//119 14//14
f 120//120 14//14 1545//1545
f 1545//1545 14//14 1548//1548
f 3639//3639 121//121 3640//3640
f 3640//3640 121//121 119//119
f 3640//3640 119//119 3641//3641
f 3641//3641 119//119 118//118
f 3639//3639 3638//3638 121//121
f 121//121 3638//3638 122//122
f 121//121 122//122 123//123
f 123//123 122//122 1940//1940
f 123//123 1940//1940 1939//1939
f 1939//1939 1938//1938 123//123
f 123//123 1938//1938 124//124
f 123//123 124//124 13//13
f 124//124 1936//1936 13//13
f 13//13 1936//1936 125//125
f 13//13 125//125 126//126
f 1974//1974 127//127 1975//1975
f 1975//1975 127//127 126//126
f 1975//1975 126//126 1976//1976
f 1976//1976 126//126 125//125
f 1974//1974 1973//1973 127//127
f 127//127 1973//1973 1965//1965
f 127//127 1965//1965 90//90
f 90//90 1965//1965 1964//1964
f 90//90 1964//1964 1972//1972
f 859//859 893//893 128//128
f 770//770 903//903 129//129
f 778//778 777//777 130//130
f 756//756 721//721 720//720
f 2851//2851 860//860 700//700
f 936//936 689//689 690//690
f 683//683 131//131 685//685
f 682//682 132//132 965//965
f 605//605 133//133 612//612
f 584//584 2896//2896 134//134
f 576//576 2895//2895 594//594
f 2897//2897 2898//2898 638//638
f 1058//1058 769//769 135//135
f 552//552 551//551 661//661
f 549//549 3785//3785 136//136
f 972//972 631//631 621//621
f 520//520 1194//1194 521//521
f 473//473 472//472 484//484
f 66//66 65//65 455//455
f 137//137 1152//1152 138//138
f 138//138 1152//1152 470//470
f 523//523 521//521 429//429
f 506//506 409//409 455//455
f 404//404 1022//1022 403//403
f 139//139 77//77 987//987
f 356//356 427//427 140//140
f 1027//1027 355//355 141//141
f 142//142 993//993 880//880
f 880//880 993//993 992//992
f 210//210 205//205 1003//1003
f 200//200 179//179 143//143
f 193//193 303//303 304//304
f 251//251 304//304 252//252
f 227//227 144//144 145//145
f 232//232 145//145 871//871
f 231//231 871//871 146//146
f 850//850 146//146 869//869
f 886//886 887//887 310//310
f 2762//2762 149//149 148//148
f 815//815 812//812 147//147
f 148//148 149//149 812//812
f 812//812 149//149 1082//1082
f 812//812 1082//1082 147//147
f 882//882 2813//2813 883//883
f 883//883 2813//2813 151//151
f 884//884 883//883 150//150
f 150//150 883//883 151//151
f 150//150 151//151 2729//2729
f 157//157 2638//2638 184//184
f 184//184 2638//2638 152//152
f 184//184 152//152 2718//2718
f 886//886 153//153 154//154
f 154//154 153//153 155//155
f 154//154 155//155 183//183
f 886//886 310//310 153//153
f 153//153 310//310 307//307
f 153//153 307//307 155//155
f 187//187 156//156 186//186
f 186//186 156//156 157//157
f 186//186 157//157 185//185
f 185//185 157//157 184//184
f 187//187 158//158 156//156
f 156//156 158//158 159//159
f 156//156 159//159 157//157
f 157//157 159//159 2639//2639
f 157//157 2639//2639 2638//2638
f 164//164 160//160 165//165
f 165//165 160//160 189//189
f 165//165 189//189 190//190
f 160//160 1080//1080 189//189
f 189//189 1080//1080 161//161
f 189//189 161//161 158//158
f 158//158 161//161 2625//2625
f 158//158 2625//2625 159//159
f 162//162 164//164 163//163
f 163//163 164//164 165//165
f 163//163 165//165 199//199
f 199//199 165//165 190//190
f 169//169 170//170 198//198
f 198//198 170//170 166//166
f 198//198 166//166 167//167
f 168//168 2418//2418 169//169
f 169//169 2418//2418 2179//2179
f 169//169 2179//2179 170//170
f 2289//2289 2389//2389 180//180
f 180//180 2389//2389 172//172
f 2389//2389 171//171 172//172
f 172//172 171//171 2201//2201
f 172//172 2201//2201 168//168
f 168//168 2201//2201 173//173
f 168//168 173//173 2418//2418
f 2289//2289 180//180 174//174
f 174//174 180//180 178//178
f 174//174 178//178 1079//1079
f 204//204 175//175 202//202
f 202//202 175//175 176//176
f 1079//1079 178//178 177//177
f 177//177 178//178 202//202
f 177//177 202//202 3636//3636
f 3636//3636 202//202 176//176
f 3636//3636 176//176 111//111
f 200//200 202//202 179//179
f 179//179 202//202 178//178
f 179//179 178//178 194//194
f 194//194 178//178 180//180
f 194//194 180//180 195//195
f 195//195 180//180 172//172
f 195//195 172//172 181//181
f 181//181 172//172 168//168
f 181//181 168//168 182//182
f 182//182 168//168 169//169
f 182//182 169//169 196//196
f 196//196 169//169 198//198
f 2718//2718 183//183 184//184
f 184//184 183//183 155//155
f 184//184 155//155 185//185
f 185//185 155//155 307//307
f 185//185 307//307 186//186
f 186//186 307//307 306//306
f 186//186 306//306 187//187
f 187//187 306//306 188//188
f 187//187 188//188 158//158
f 158//158 188//188 305//305
f 158//158 305//305 189//189
f 189//189 305//305 191//191
f 189//189 191//191 190//190
f 190//190 191//191 192//192
f 190//190 192//192 199//199
f 199//199 192//192 302//302
f 199//199 302//302 197//197
f 304//304 251//251 193//193
f 193//193 251//251 250//250
f 193//193 250//250 301//301
f 301//301 250//250 248//248
f 301//301 248//248 247//247
f 143//143 179//179 294//294
f 294//294 179//179 194//194
f 294//294 194//194 296//296
f 296//296 194//194 195//195
f 296//296 195//195 299//299
f 299//299 195//195 181//181
f 299//299 181//181 300//300
f 300//300 181//181 182//182
f 300//300 182//182 197//197
f 197//197 182//182 196//196
f 197//197 196//196 199//199
f 199//199 196//196 198//198
f 199//199 198//198 163//163
f 163//163 198//198 167//167
f 163//163 167//167 162//162
f 143//143 289//289 200//200
f 200//200 289//289 88//88
f 200//200 88//88 87//87
f 87//87 86//86 200//200
f 200//200 86//86 201//201
f 200//200 201//201 202//202
f 202//202 201//201 203//203
f 202//202 203//203 204//204
f 213//213 205//205 206//206
f 206//206 205//205 210//210
f 206//206 210//210 208//208
f 207//207 208//208 209//209
f 209//209 208//208 210//210
f 209//209 210//210 867//867
f 867//867 210//210 1003//1003
f 867//867 1003//1003 211//211
f 207//207 962//962 208//208
f 208//208 962//962 212//212
f 208//208 212//212 206//206
f 206//206 212//212 963//963
f 206//206 963//963 213//213
f 213//213 963//963 1002//1002
f 964//964 214//214 386//386
f 386//386 214//214 226//226
f 225//225 223//223 216//216
f 216//216 223//223 215//215
f 216//216 215//215 1031//1031
f 1031//1031 215//215 217//217
f 1031//1031 217//217 1033//1033
f 1033//1033 217//217 218//218
f 1033//1033 218//218 1035//1035
f 225//225 219//219 388//388
f 388//388 219//219 389//389
f 1037//1037 1035//1035 220//220
f 220//220 1035//1035 218//218
f 220//220 218//218 221//221
f 221//221 218//218 217//217
f 221//221 217//217 961//961
f 961//961 217//217 215//215
f 961//961 215//215 222//222
f 222//222 215//215 223//223
f 222//222 223//223 224//224
f 224//224 223//223 225//225
f 224//224 225//225 226//226
f 226//226 225//225 388//388
f 226//226 388//388 386//386
f 144//144 227//227 228//228
f 228//228 227//227 239//239
f 228//228 239//239 229//229
f 229//229 239//239 230//230
f 229//229 230//230 876//876
f 876//876 230//230 240//240
f 876//876 240//240 878//878
f 871//871 231//231 232//232
f 232//232 231//231 233//233
f 232//232 233//233 238//238
f 238//238 233//233 234//234
f 238//238 234//234 235//235
f 235//235 234//234 236//236
f 235//235 236//236 237//237
f 237//237 236//236 242//242
f 237//237 242//242 879//879
f 145//145 232//232 227//227
f 227//227 232//232 238//238
f 227//227 238//238 239//239
f 239//239 238//238 235//235
f 239//239 235//235 230//230
f 230//230 235//235 237//237
f 230//230 237//237 240//240
f 240//240 237//237 879//879
f 240//240 879//879 878//878
f 146//146 850//850 231//231
f 231//231 850//850 848//848
f 231//231 848//848 233//233
f 233//233 848//848 846//846
f 233//233 846//846 234//234
f 234//234 846//846 845//845
f 234//234 845//845 236//236
f 236//236 845//845 241//241
f 236//236 241//241 242//242
f 242//242 241//241 881//881
f 242//242 881//881 879//879
f 288//288 295//295 267//267
f 267//267 295//295 244//244
f 267//267 244//244 243//243
f 243//243 244//244 297//297
f 243//243 297//297 245//245
f 245//245 297//297 298//298
f 245//245 298//298 246//246
f 246//246 298//298 247//247
f 246//246 247//247 875//875
f 875//875 247//247 248//248
f 875//875 248//248 249//249
f 249//249 248//248 250//250
f 249//249 250//250 874//874
f 874//874 250//250 251//251
f 874//874 251//251 873//873
f 873//873 251//251 252//252
f 873//873 252//252 872//872
f 872//872 252//252 253//253
f 872//872 253//253 870//870
f 870//870 253//253 254//254
f 870//870 254//254 255//255
f 255//255 254//254 308//308
f 255//255 308//308 256//256
f 256//256 308//308 309//309
f 256//256 309//309 257//257
f 257//257 309//309 258//258
f 257//257 258//258 259//259
f 259//259 258//258 889//889
f 259//259 889//889 261//261
f 261//261 889//889 260//260
f 261//261 260//260 263//263
f 263//263 260//260 262//262
f 263//263 262//262 893//893
f 264//264 287//287 265//265
f 265//265 287//287 286//286
f 276//276 288//288 266//266
f 266//266 288//288 267//267
f 266//266 267//267 268//268
f 268//268 267//267 243//243
f 268//268 243//243 278//278
f 278//278 243//243 245//245
f 278//278 245//245 281//281
f 281//281 245//245 246//246
f 281//281 246//246 877//877
f 999//999 269//269 270//270
f 270//270 269//269 271//271
f 270//270 271//271 997//997
f 997//997 271//271 995//995
f 269//269 387//387 271//271
f 271//271 387//387 272//272
f 271//271 272//272 995//995
f 995//995 272//272 391//391
f 995//995 391//391 994//994
f 283//283 273//273 274//274
f 274//274 273//273 276//276
f 274//274 276//276 275//275
f 275//275 276//276 266//266
f 275//275 266//266 277//277
f 277//277 266//266 268//268
f 277//277 268//268 279//279
f 279//279 268//268 278//278
f 279//279 278//278 991//991
f 991//991 278//278 281//281
f 991//991 281//281 280//280
f 280//280 281//281 877//877
f 280//280 877//877 992//992
f 986//986 78//78 283//283
f 285//285 282//282 286//286
f 283//283 78//78 273//273
f 273//273 78//78 284//284
f 273//273 284//284 81//81
f 81//81 285//285 273//273
f 273//273 285//285 286//286
f 273//273 286//286 276//276
f 276//276 286//286 287//287
f 276//276 287//287 288//288
f 288//288 287//287 264//264
f 288//288 264//264 295//295
f 1028//1028 390//390 389//389
f 84//84 83//83 289//289
f 289//289 83//83 290//290
f 289//289 290//290 88//88
f 282//282 291//291 286//286
f 286//286 291//291 292//292
f 286//286 292//292 265//265
f 265//265 292//292 293//293
f 265//265 293//293 84//84
f 265//265 84//84 289//289
f 265//265 289//289 264//264
f 264//264 289//289 143//143
f 264//264 143//143 295//295
f 295//295 143//143 294//294
f 295//295 294//294 244//244
f 244//244 294//294 296//296
f 244//244 296//296 297//297
f 297//297 296//296 299//299
f 297//297 299//299 298//298
f 298//298 299//299 300//300
f 298//298 300//300 247//247
f 247//247 300//300 197//197
f 247//247 197//197 301//301
f 301//301 197//197 302//302
f 301//301 302//302 193//193
f 193//193 302//302 192//192
f 193//193 192//192 303//303
f 303//303 192//192 191//191
f 303//303 191//191 304//304
f 304//304 191//191 305//305
f 304//304 305//305 252//252
f 252//252 305//305 188//188
f 252//252 188//188 253//253
f 253//253 188//188 306//306
f 253//253 306//306 254//254
f 254//254 306//306 307//307
f 254//254 307//307 308//308
f 308//308 307//307 310//310
f 308//308 310//310 309//309
f 309//309 310//310 887//887
f 1036//1036 1010//1010 1034//1034
f 1034//1034 1010//1010 311//311
f 1034//1034 311//311 1032//1032
f 1032//1032 311//311 312//312
f 1032//1032 312//312 1030//1030
f 1030//1030 312//312 379//379
f 1030//1030 379//379 313//313
f 313//313 379//379 314//314
f 313//313 314//314 1029//1029
f 1029//1029 314//314 315//315
f 1029//1029 315//315 316//316
f 316//316 315//315 377//377
f 316//316 377//377 317//317
f 317//317 377//377 375//375
f 368//368 357//357 318//318
f 360//360 319//319 362//362
f 362//362 319//319 321//321
f 362//362 321//321 320//320
f 320//320 321//321 341//341
f 320//320 341//341 364//364
f 364//364 341//341 343//343
f 364//364 343//343 322//322
f 322//322 343//343 324//324
f 322//322 324//324 323//323
f 323//323 324//324 344//344
f 323//323 344//344 367//367
f 367//367 344//344 348//348
f 367//367 348//348 325//325
f 326//326 328//328 331//331
f 3308//3308 352//352 327//327
f 327//327 352//352 334//334
f 336//336 328//328 329//329
f 329//329 328//328 326//326
f 329//329 326//326 330//330
f 330//330 326//326 334//334
f 330//330 334//334 339//339
f 339//339 334//334 352//352
f 339//339 352//352 350//350
f 331//331 332//332 326//326
f 326//326 332//332 333//333
f 326//326 333//333 334//334
f 334//334 333//333 335//335
f 334//334 335//335 327//327
f 1013//1013 336//336 337//337
f 337//337 336//336 329//329
f 337//337 329//329 342//342
f 342//342 329//329 330//330
f 342//342 330//330 338//338
f 338//338 330//330 339//339
f 338//338 339//339 340//340
f 340//340 339//339 350//350
f 340//340 350//350 349//349
f 319//319 1013//1013 321//321
f 321//321 1013//1013 337//337
f 321//321 337//337 341//341
f 341//341 337//337 342//342
f 341//341 342//342 343//343
f 343//343 342//342 338//338
f 343//343 338//338 324//324
f 324//324 338//338 340//340
f 324//324 340//340 344//344
f 344//344 340//340 349//349
f 344//344 349//349 348//348
f 345//345 522//522 453//453
f 520//520 522//522 3693//3693
f 3693//3693 522//522 345//345
f 3693//3693 345//345 1101//1101
f 369//369 346//346 422//422
f 422//422 346//346 325//325
f 422//422 325//325 514//514
f 514//514 325//325 348//348
f 514//514 348//348 347//347
f 347//347 348//348 349//349
f 347//347 349//349 516//516
f 516//516 349//349 350//350
f 516//516 350//350 351//351
f 351//351 350//350 352//352
f 351//351 352//352 519//519
f 519//519 352//352 3308//3308
f 390//390 1028//1028 354//354
f 354//354 1028//1028 353//353
f 354//354 353//353 392//392
f 356//356 140//140 141//141
f 141//141 355//355 356//356
f 356//356 355//355 428//428
f 356//356 428//428 427//427
f 357//357 368//368 373//373
f 373//373 368//368 358//358
f 373//373 358//358 359//359
f 359//359 358//358 370//370
f 359//359 370//370 371//371
f 380//380 360//360 361//361
f 361//361 360//360 362//362
f 361//361 362//362 363//363
f 363//363 362//362 320//320
f 363//363 320//320 365//365
f 365//365 320//320 364//364
f 365//365 364//364 366//366
f 366//366 364//364 322//322
f 366//366 322//322 378//378
f 378//378 322//322 323//323
f 378//378 323//323 376//376
f 376//376 323//323 367//367
f 376//376 367//367 318//318
f 318//318 367//367 325//325
f 318//318 325//325 368//368
f 368//368 325//325 346//346
f 368//368 346//346 358//358
f 358//358 346//346 369//369
f 358//358 369//369 370//370
f 371//371 424//424 359//359
f 359//359 424//424 372//372
f 359//359 372//372 373//373
f 373//373 372//372 426//426
f 373//373 426//426 357//357
f 357//357 426//426 374//374
f 357//357 374//374 318//318
f 318//318 374//374 375//375
f 318//318 375//375 376//376
f 376//376 375//375 377//377
f 376//376 377//377 378//378
f 378//378 377//377 315//315
f 378//378 315//315 366//366
f 366//366 315//315 314//314
f 366//366 314//314 365//365
f 365//365 314//314 379//379
f 365//365 379//379 363//363
f 363//363 379//379 312//312
f 363//363 312//312 361//361
f 361//361 312//312 311//311
f 361//361 311//311 380//380
f 380//380 311//311 1010//1010
f 403//403 1022//1022 381//381
f 381//381 1022//1022 382//382
f 381//381 382//382 383//383
f 383//383 382//382 384//384
f 383//383 384//384 385//385
f 385//385 384//384 1025//1025
f 385//385 1025//1025 425//425
f 139//139 987//987 71//71
f 999//999 386//386 269//269
f 269//269 386//386 388//388
f 269//269 388//388 387//387
f 387//387 388//388 389//389
f 387//387 389//389 272//272
f 272//272 389//389 390//390
f 272//272 390//390 391//391
f 391//391 390//390 354//354
f 391//391 354//354 994//994
f 994//994 354//354 392//392
f 994//994 392//392 393//393
f 393//393 392//392 1026//1026
f 393//393 1026//1026 395//395
f 395//395 1026//1026 394//394
f 395//395 394//394 990//990
f 990//990 394//394 1024//1024
f 990//990 1024//1024 989//989
f 989//989 1024//1024 1023//1023
f 989//989 1023//1023 396//396
f 396//396 1023//1023 397//397
f 396//396 397//397 398//398
f 398//398 397//397 399//399
f 398//398 399//399 400//400
f 400//400 399//399 1021//1021
f 400//400 1021//1021 988//988
f 988//988 1021//1021 1020//1020
f 988//988 1020//1020 987//987
f 987//987 1020//1020 415//415
f 987//987 415//415 71//71
f 404//404 406//406 401//401
f 401//401 406//406 402//402
f 401//401 402//402 1019//1019
f 1019//1019 402//402 1018//1018
f 403//403 507//507 404//404
f 404//404 507//507 405//405
f 404//404 405//405 406//406
f 406//406 405//405 407//407
f 406//406 407//407 402//402
f 402//402 407//407 505//505
f 402//402 505//505 1018//1018
f 505//505 408//408 68//68
f 409//409 506//506 456//456
f 456//456 506//506 410//410
f 456//456 410//410 457//457
f 457//457 410//410 411//411
f 457//457 411//411 412//412
f 505//505 68//68 1018//1018
f 1018//1018 68//68 67//67
f 1018//1018 67//67 1017//1017
f 413//413 414//414 415//415
f 415//415 414//414 416//416
f 415//415 416//416 71//71
f 442//442 508//508 417//417
f 417//417 508//508 418//418
f 417//417 418//418 419//419
f 419//419 418//418 421//421
f 419//419 421//421 420//420
f 420//420 421//421 509//509
f 514//514 513//513 422//422
f 422//422 513//513 511//511
f 422//422 511//511 369//369
f 369//369 511//511 510//510
f 369//369 510//510 370//370
f 370//370 510//510 423//423
f 370//370 423//423 371//371
f 371//371 423//423 385//385
f 371//371 385//385 424//424
f 424//424 385//385 425//425
f 424//424 425//425 372//372
f 372//372 425//425 140//140
f 372//372 140//140 426//426
f 426//426 140//140 427//427
f 426//426 427//427 374//374
f 374//374 427//427 428//428
f 374//374 428//428 375//375
f 375//375 428//428 355//355
f 375//375 355//355 317//317
f 317//317 355//355 1027//1027
f 1194//1194 1150//1150 521//521
f 521//521 1150//1150 459//459
f 521//521 459//459 429//429
f 429//429 459//459 430//430
f 429//429 430//430 487//487
f 487//487 430//430 462//462
f 487//487 462//462 431//431
f 431//431 462//462 488//488
f 460//460 433//433 461//461
f 461//461 433//433 1092//1092
f 461//461 1092//1092 463//463
f 458//458 432//432 460//460
f 460//460 432//432 433//433
f 433//433 432//432 1093//1093
f 433//433 1093//1093 1092//1092
f 434//434 451//451 435//435
f 435//435 451//451 436//436
f 435//435 436//436 512//512
f 512//512 436//436 438//438
f 512//512 438//438 437//437
f 437//437 438//438 449//449
f 437//437 449//449 439//439
f 439//439 449//449 440//440
f 439//439 440//440 509//509
f 509//509 440//440 446//446
f 509//509 446//446 420//420
f 420//420 446//446 445//445
f 420//420 445//445 419//419
f 419//419 445//445 441//441
f 419//419 441//441 417//417
f 417//417 441//441 443//443
f 417//417 443//443 442//442
f 442//442 443//443 444//444
f 538//538 444//444 536//536
f 536//536 444//444 443//443
f 536//536 443//443 533//533
f 533//533 443//443 441//441
f 533//533 441//441 532//532
f 532//532 441//441 445//445
f 532//532 445//445 530//530
f 530//530 445//445 446//446
f 530//530 446//446 447//447
f 447//447 446//446 440//440
f 447//447 440//440 448//448
f 448//448 440//440 449//449
f 448//448 449//449 527//527
f 527//527 449//449 438//438
f 527//527 438//438 450//450
f 450//450 438//438 436//436
f 450//450 436//436 525//525
f 525//525 436//436 451//451
f 525//525 451//451 452//452
f 452//452 451//451 434//434
f 452//452 434//434 453//453
f 453//453 434//434 515//515
f 453//453 515//515 345//345
f 345//345 515//515 517//517
f 345//345 517//517 1101//1101
f 1101//1101 517//517 518//518
f 66//66 455//455 454//454
f 542//542 454//454 541//541
f 541//541 454//454 455//455
f 541//541 455//455 539//539
f 539//539 455//455 409//409
f 539//539 409//409 538//538
f 538//538 409//409 456//456
f 538//538 456//456 444//444
f 444//444 456//456 457//457
f 444//444 457//457 442//442
f 442//442 457//457 412//412
f 442//442 412//412 508//508
f 1150//1150 458//458 459//459
f 459//459 458//458 460//460
f 459//459 460//460 430//430
f 430//430 460//460 461//461
f 430//430 461//461 462//462
f 462//462 461//461 463//463
f 462//462 463//463 488//488
f 488//488 463//463 471//471
f 488//488 471//471 464//464
f 464//464 471//471 466//466
f 464//464 466//466 465//465
f 465//465 466//466 467//467
f 465//465 467//467 491//491
f 491//491 467//467 468//468
f 491//491 468//468 492//492
f 492//492 468//468 481//481
f 492//492 481//481 493//493
f 482//482 481//481 501//501
f 501//501 481//481 468//468
f 501//501 468//468 469//469
f 469//469 468//468 467//467
f 469//469 467//467 499//499
f 499//499 467//467 466//466
f 499//499 466//466 470//470
f 470//470 466//466 471//471
f 470//470 471//471 138//138
f 138//138 471//471 463//463
f 138//138 463//463 137//137
f 137//137 463//463 1092//1092
f 472//472 477//477 480//480
f 477//477 472//472 478//478
f 478//478 472//472 473//473
f 478//478 473//473 476//476
f 484//484 474//474 473//473
f 473//473 474//474 475//475
f 473//473 475//475 476//476
f 476//476 475//475 981//981
f 493//493 480//480 494//494
f 494//494 480//480 477//477
f 494//494 477//477 495//495
f 495//495 477//477 478//478
f 495//495 478//478 485//485
f 485//485 478//478 476//476
f 485//485 476//476 479//479
f 479//479 476//476 981//981
f 493//493 481//481 480//480
f 480//480 481//481 482//482
f 480//480 482//482 472//472
f 472//472 482//482 483//483
f 472//472 483//483 484//484
f 479//479 62//62 485//485
f 485//485 62//62 486//486
f 523//523 429//429 524//524
f 524//524 429//429 487//487
f 524//524 487//487 526//526
f 526//526 487//487 431//431
f 526//526 431//431 528//528
f 528//528 431//431 488//488
f 528//528 488//488 529//529
f 529//529 488//488 464//464
f 529//529 464//464 489//489
f 489//489 464//464 465//465
f 489//489 465//465 490//490
f 490//490 465//465 491//491
f 490//490 491//491 531//531
f 531//531 491//491 492//492
f 531//531 492//492 534//534
f 534//534 492//492 493//493
f 534//534 493//493 535//535
f 535//535 493//493 494//494
f 535//535 494//494 537//537
f 537//537 494//494 495//495
f 537//537 495//495 496//496
f 496//496 495//495 485//485
f 496//496 485//485 540//540
f 540//540 485//485 486//486
f 540//540 486//486 497//497
f 1152//1152 498//498 470//470
f 470//470 498//498 1153//1153
f 470//470 1153//1153 499//499
f 499//499 1153//1153 500//500
f 499//499 500//500 469//469
f 469//469 500//500 1155//1155
f 469//469 1155//1155 501//501
f 501//501 1155//1155 502//502
f 501//501 502//502 482//482
f 482//482 502//502 1157//1157
f 482//482 1157//1157 483//483
f 503//503 504//504 505//505
f 505//505 504//504 69//69
f 505//505 69//69 408//408
f 65//65 503//503 455//455
f 455//455 503//503 505//505
f 455//455 505//505 506//506
f 506//506 505//505 407//407
f 506//506 407//407 410//410
f 410//410 407//407 405//405
f 410//410 405//405 411//411
f 411//411 405//405 507//507
f 411//411 507//507 412//412
f 412//412 507//507 403//403
f 412//412 403//403 508//508
f 508//508 403//403 381//381
f 508//508 381//381 418//418
f 418//418 381//381 383//383
f 418//418 383//383 421//421
f 421//421 383//383 385//385
f 421//421 385//385 509//509
f 509//509 385//385 423//423
f 509//509 423//423 439//439
f 439//439 423//423 510//510
f 439//439 510//510 437//437
f 437//437 510//510 511//511
f 437//437 511//511 512//512
f 512//512 511//511 513//513
f 512//512 513//513 435//435
f 435//435 513//513 514//514
f 435//435 514//514 434//434
f 434//434 514//514 347//347
f 434//434 347//347 515//515
f 515//515 347//347 516//516
f 515//515 516//516 517//517
f 517//517 516//516 351//351
f 517//517 351//351 518//518
f 518//518 351//351 519//519
f 522//522 520//520 521//521
f 522//522 521//521 453//453
f 453//453 521//521 523//523
f 453//453 523//523 452//452
f 452//452 523//523 524//524
f 452//452 524//524 525//525
f 525//525 524//524 526//526
f 525//525 526//526 450//450
f 450//450 526//526 528//528
f 450//450 528//528 527//527
f 527//527 528//528 529//529
f 527//527 529//529 448//448
f 448//448 529//529 489//489
f 448//448 489//489 447//447
f 447//447 489//489 490//490
f 447//447 490//490 530//530
f 530//530 490//490 531//531
f 530//530 531//531 532//532
f 532//532 531//531 534//534
f 532//532 534//534 533//533
f 533//533 534//534 535//535
f 533//533 535//535 536//536
f 536//536 535//535 537//537
f 536//536 537//537 538//538
f 538//538 537//537 496//496
f 538//538 496//496 539//539
f 539//539 496//496 540//540
f 539//539 540//540 541//541
f 541//541 540//540 497//497
f 541//541 497//497 542//542
f 543//543 544//544 3789//3789
f 3789//3789 544//544 737//737
f 548//548 735//735 545//545
f 545//545 735//735 544//544
f 545//545 544//544 546//546
f 546//546 544//544 543//543
f 547//547 972//972 620//620
f 548//548 3787//3787 748//748
f 748//748 3787//3787 3786//3786
f 748//748 3786//3786 550//550
f 549//549 136//136 550//550
f 551//551 1038//1038 668//668
f 1036//1036 552//552 660//660
f 769//769 1058//1058 767//767
f 767//767 1058//1058 1055//1055
f 767//767 1055//1055 1054//1054
f 553//553 781//781 768//768
f 769//769 554//554 562//562
f 592//592 585//585 1057//1057
f 1057//1057 585//585 586//586
f 1057//1057 586//586 1056//1056
f 1056//1056 586//586 555//555
f 1056//1056 555//555 556//556
f 556//556 555//555 587//587
f 556//556 587//587 557//557
f 557//557 587//587 588//588
f 557//557 588//588 558//558
f 558//558 588//588 559//559
f 558//558 559//559 1052//1052
f 1052//1052 559//559 560//560
f 1052//1052 560//560 561//561
f 561//561 560//560 589//589
f 769//769 562//562 135//135
f 135//135 562//562 3751//3751
f 135//135 3751//3751 563//563
f 2896//2896 564//564 134//134
f 134//134 564//564 565//565
f 134//134 565//565 566//566
f 566//566 565//565 568//568
f 566//566 568//568 567//567
f 567//567 568//568 569//569
f 567//567 569//569 571//571
f 571//571 569//569 570//570
f 571//571 570//570 573//573
f 573//573 570//570 572//572
f 573//573 572//572 575//575
f 575//575 572//572 574//574
f 575//575 574//574 590//590
f 590//590 574//574 581//581
f 590//590 581//581 591//591
f 591//591 581//581 582//582
f 564//564 576//576 565//565
f 565//565 576//576 594//594
f 565//565 594//594 568//568
f 568//568 594//594 577//577
f 568//568 577//577 569//569
f 569//569 577//577 578//578
f 569//569 578//578 570//570
f 570//570 578//578 579//579
f 570//570 579//579 572//572
f 572//572 579//579 580//580
f 572//572 580//580 574//574
f 574//574 580//580 598//598
f 574//574 598//598 581//581
f 581//581 598//598 600//600
f 581//581 600//600 582//582
f 582//582 600//600 976//976
f 583//583 584//584 585//585
f 585//585 584//584 134//134
f 585//585 134//134 586//586
f 586//586 134//134 566//566
f 586//586 566//566 555//555
f 555//555 566//566 567//567
f 555//555 567//567 587//587
f 587//587 567//567 571//571
f 587//587 571//571 588//588
f 588//588 571//571 573//573
f 588//588 573//573 559//559
f 559//559 573//573 575//575
f 559//559 575//575 560//560
f 560//560 575//575 590//590
f 560//560 590//590 589//589
f 589//589 590//590 591//591
f 3783//3783 3782//3782 592//592
f 592//592 3782//3782 593//593
f 583//583 585//585 1070//1070
f 1070//1070 585//585 592//592
f 1070//1070 592//592 2887//2887
f 2887//2887 592//592 593//593
f 2887//2887 593//593 3780//3780
f 2895//2895 2897//2897 594//594
f 594//594 2897//2897 638//638
f 594//594 638//638 577//577
f 577//577 638//638 595//595
f 577//577 595//595 578//578
f 578//578 595//595 596//596
f 578//578 596//596 579//579
f 579//579 596//596 640//640
f 579//579 640//640 580//580
f 580//580 640//640 597//597
f 580//580 597//597 598//598
f 598//598 597//597 599//599
f 598//598 599//599 600//600
f 600//600 599//599 642//642
f 600//600 642//642 976//976
f 976//976 642//642 601//601
f 602//602 603//603 639//639
f 639//639 603//603 605//605
f 639//639 605//605 604//604
f 604//604 605//605 612//612
f 604//604 612//612 611//611
f 632//632 607//607 606//606
f 606//606 607//607 616//616
f 606//606 616//616 634//634
f 634//634 616//616 619//619
f 634//634 619//619 608//608
f 608//608 619//619 609//609
f 608//608 609//609 610//610
f 610//610 609//609 630//630
f 610//610 630//630 636//636
f 641//641 611//611 617//617
f 617//617 611//611 612//612
f 617//617 612//612 618//618
f 618//618 612//612 133//133
f 618//618 133//133 614//614
f 614//614 133//133 613//613
f 614//614 613//613 629//629
f 603//603 2922//2922 605//605
f 605//605 2922//2922 2923//2923
f 605//605 2923//2923 133//133
f 133//133 2923//2923 615//615
f 133//133 615//615 613//613
f 607//607 641//641 616//616
f 616//616 641//641 617//617
f 616//616 617//617 619//619
f 619//619 617//617 618//618
f 619//619 618//618 609//609
f 609//609 618//618 614//614
f 609//609 614//614 630//630
f 630//630 614//614 629//629
f 627//627 637//637 628//628
f 972//972 621//621 620//620
f 620//620 621//621 623//623
f 620//620 623//623 622//622
f 622//622 623//623 633//633
f 622//622 633//633 675//675
f 675//675 633//633 624//624
f 675//675 624//624 676//676
f 676//676 624//624 635//635
f 676//676 635//635 678//678
f 678//678 635//635 626//626
f 678//678 626//626 625//625
f 625//625 626//626 627//627
f 625//625 627//627 681//681
f 681//681 627//627 628//628
f 681//681 628//628 2961//2961
f 629//629 2946//2946 630//630
f 630//630 2946//2946 2948//2948
f 630//630 2948//2948 636//636
f 636//636 2948//2948 2949//2949
f 636//636 2949//2949 2950//2950
f 631//631 643//643 621//621
f 621//621 643//643 632//632
f 621//621 632//632 623//623
f 623//623 632//632 606//606
f 623//623 606//606 633//633
f 633//633 606//606 634//634
f 633//633 634//634 624//624
f 624//624 634//634 608//608
f 624//624 608//608 635//635
f 635//635 608//608 610//610
f 635//635 610//610 626//626
f 626//626 610//610 636//636
f 626//626 636//636 627//627
f 627//627 636//636 2950//2950
f 627//627 2950//2950 637//637
f 2898//2898 602//602 638//638
f 638//638 602//602 639//639
f 638//638 639//639 595//595
f 595//595 639//639 604//604
f 595//595 604//604 596//596
f 596//596 604//604 611//611
f 596//596 611//611 640//640
f 640//640 611//611 641//641
f 640//640 641//641 597//597
f 597//597 641//641 607//607
f 597//597 607//607 599//599
f 599//599 607//607 632//632
f 599//599 632//632 642//642
f 642//642 632//632 643//643
f 642//642 643//643 601//601
f 601//601 643//643 631//631
f 969//969 644//644 645//645
f 645//645 644//644 968//968
f 645//645 968//968 646//646
f 646//646 968//968 967//967
f 646//646 967//967 647//647
f 647//647 967//967 966//966
f 647//647 966//966 909//909
f 909//909 966//966 648//648
f 909//909 648//648 650//650
f 650//650 648//648 649//649
f 650//650 649//649 651//651
f 652//652 653//653 654//654
f 654//654 653//653 673//673
f 654//654 673//673 655//655
f 655//655 673//673 672//672
f 655//655 672//672 656//656
f 656//656 672//672 657//657
f 656//656 657//657 910//910
f 910//910 657//657 670//670
f 910//910 670//670 908//908
f 908//908 670//670 659//659
f 908//908 659//659 658//658
f 658//658 659//659 668//668
f 658//658 668//668 907//907
f 907//907 668//668 1038//1038
f 907//907 1038//1038 906//906
f 552//552 661//661 660//660
f 660//660 661//661 662//662
f 660//660 662//662 1011//1011
f 1011//1011 662//662 669//669
f 1011//1011 669//669 663//663
f 663//663 669//669 671//671
f 663//663 671//671 1012//1012
f 1012//1012 671//671 664//664
f 1012//1012 664//664 1014//1014
f 1014//1014 664//664 665//665
f 1014//1014 665//665 666//666
f 666//666 665//665 667//667
f 666//666 667//667 1015//1015
f 551//551 668//668 661//661
f 661//661 668//668 659//659
f 661//661 659//659 662//662
f 662//662 659//659 670//670
f 662//662 670//670 669//669
f 669//669 670//670 657//657
f 669//669 657//657 671//671
f 671//671 657//657 672//672
f 671//671 672//672 664//664
f 664//664 672//672 673//673
f 664//664 673//673 665//665
f 665//665 673//673 653//653
f 665//665 653//653 667//667
f 132//132 3201//3201 649//649
f 649//649 3201//3201 3199//3199
f 649//649 3199//3199 651//651
f 651//651 3199//3199 3203//3203
f 651//651 3203//3203 3202//3202
f 547//547 620//620 971//971
f 971//971 620//620 622//622
f 971//971 622//622 970//970
f 970//970 622//622 675//675
f 970//970 675//675 674//674
f 674//674 675//675 676//676
f 674//674 676//676 677//677
f 677//677 676//676 678//678
f 677//677 678//678 679//679
f 679//679 678//678 625//625
f 679//679 625//625 680//680
f 680//680 625//625 681//681
f 680//680 681//681 965//965
f 965//965 681//681 2961//2961
f 965//965 2961//2961 682//682
f 3805//3805 683//683 1075//1075
f 1075//1075 683//683 685//685
f 1075//1075 685//685 684//684
f 684//684 685//685 686//686
f 687//687 939//939 2533//2533
f 2533//2533 2532//2532 687//687
f 687//687 2532//2532 688//688
f 687//687 688//688 686//686
f 686//686 688//688 2537//2537
f 686//686 2537//2537 684//684
f 940//940 2598//2598 939//939
f 939//939 2598//2598 2597//2597
f 939//939 2597//2597 2533//2533
f 689//689 3802//3802 690//690
f 690//690 3802//3802 692//692
f 690//690 692//692 740//740
f 3799//3799 707//707 3800//3800
f 3800//3800 707//707 740//740
f 3800//3800 740//740 691//691
f 691//691 740//740 692//692
f 941//941 696//696 940//940
f 940//940 696//696 693//693
f 940//940 693//693 2598//2598
f 701//701 2847//2847 694//694
f 701//701 694//694 942//942
f 694//694 2595//2595 942//942
f 942//942 2595//2595 695//695
f 942//942 695//695 941//941
f 941//941 695//695 2584//2584
f 941//941 2584//2584 696//696
f 2850//2850 697//697 860//860
f 698//698 1007//1007 699//699
f 699//699 1007//1007 1008//1008
f 699//699 1008//1008 700//700
f 700//700 1008//1008 2863//2863
f 700//700 2863//2863 2851//2851
f 703//703 799//799 701//701
f 1044//1044 702//702 794//794
f 794//794 702//702 795//795
f 799//799 703//703 704//704
f 704//704 703//703 915//915
f 704//704 915//915 916//916
f 3798//3798 705//705 706//706
f 706//706 705//705 707//707
f 706//706 707//707 708//708
f 708//708 707//707 3799//3799
f 3798//3798 709//709 705//705
f 705//705 709//709 3794//3794
f 705//705 3794//3794 710//710
f 711//711 713//713 712//712
f 712//712 713//713 714//714
f 712//712 714//714 731//731
f 731//731 714//714 719//719
f 731//731 719//719 715//715
f 715//715 719//719 716//716
f 715//715 716//716 733//733
f 733//733 716//716 938//938
f 733//733 938//938 717//717
f 714//714 718//718 719//719
f 719//719 718//718 720//720
f 719//719 720//720 716//716
f 716//716 720//720 721//721
f 716//716 721//721 938//938
f 3793//3793 738//738 3796//3796
f 3796//3796 738//738 710//710
f 3796//3796 710//710 3795//3795
f 3795//3795 710//710 3794//3794
f 3793//3793 3791//3791 738//738
f 738//738 3791//3791 722//722
f 738//738 722//722 737//737
f 737//737 722//722 3790//3790
f 737//737 3790//3790 3789//3789
f 736//736 730//730 723//723
f 723//723 730//730 724//724
f 723//723 724//724 725//725
f 725//725 724//724 727//727
f 725//725 727//727 726//726
f 726//726 727//727 732//732
f 726//726 732//732 728//728
f 728//728 732//732 729//729
f 728//728 729//729 739//739
f 739//739 729//729 734//734
f 730//730 711//711 724//724
f 724//724 711//711 712//712
f 724//724 712//712 727//727
f 727//727 712//712 731//731
f 727//727 731//731 732//732
f 732//732 731//731 715//715
f 732//732 715//715 729//729
f 729//729 715//715 733//733
f 729//729 733//733 734//734
f 734//734 733//733 717//717
f 734//734 717//717 937//937
f 735//735 736//736 544//544
f 544//544 736//736 723//723
f 544//544 723//723 737//737
f 737//737 723//723 725//725
f 737//737 725//725 738//738
f 738//738 725//725 726//726
f 738//738 726//726 710//710
f 710//710 726//726 728//728
f 710//710 728//728 705//705
f 705//705 728//728 739//739
f 705//705 739//739 707//707
f 707//707 739//739 734//734
f 707//707 734//734 740//740
f 740//740 734//734 937//937
f 740//740 937//937 690//690
f 548//548 748//748 735//735
f 735//735 748//748 741//741
f 735//735 741//741 736//736
f 736//736 741//741 742//742
f 736//736 742//742 730//730
f 730//730 742//742 743//743
f 730//730 743//743 711//711
f 711//711 743//743 744//744
f 711//711 744//744 713//713
f 713//713 744//744 745//745
f 713//713 745//745 714//714
f 714//714 745//745 753//753
f 714//714 753//753 718//718
f 718//718 753//753 746//746
f 718//718 746//746 720//720
f 720//720 746//746 747//747
f 720//720 747//747 756//756
f 550//550 136//136 748//748
f 748//748 136//136 749//749
f 748//748 749//749 741//741
f 741//741 749//749 783//783
f 741//741 783//783 742//742
f 742//742 783//783 750//750
f 742//742 750//750 743//743
f 743//743 750//750 751//751
f 743//743 751//751 744//744
f 744//744 751//751 752//752
f 744//744 752//752 745//745
f 745//745 752//752 787//787
f 745//745 787//787 753//753
f 753//753 787//787 754//754
f 753//753 754//754 746//746
f 746//746 754//754 789//789
f 746//746 789//789 747//747
f 747//747 789//789 755//755
f 747//747 755//755 756//756
f 756//756 755//755 792//792
f 756//756 792//792 943//943
f 943//943 792//792 793//793
f 943//943 793//793 898//898
f 1047//1047 757//757 1045//1045
f 778//778 760//760 758//758
f 758//758 760//760 759//759
f 758//758 759//759 779//779
f 757//757 779//779 1045//1045
f 1045//1045 779//779 759//759
f 1045//1045 759//759 1043//1043
f 1043//1043 759//759 760//760
f 1043//1043 760//760 761//761
f 761//761 760//760 778//778
f 761//761 778//778 1042//1042
f 1042//1042 778//778 130//130
f 1044//1044 791//791 1046//1046
f 1046//1046 791//791 790//790
f 1046//1046 790//790 762//762
f 762//762 790//790 763//763
f 762//762 763//763 1049//1049
f 1049//1049 763//763 788//788
f 1049//1049 788//788 1051//1051
f 1051//1051 788//788 764//764
f 1051//1051 764//764 765//765
f 765//765 764//764 786//786
f 765//765 786//786 766//766
f 766//766 786//786 785//785
f 766//766 785//785 1053//1053
f 1053//1053 785//785 784//784
f 1053//1053 784//784 1054//1054
f 1054//1054 784//784 782//782
f 1054//1054 782//782 767//767
f 767//767 782//782 553//553
f 767//767 553//553 769//769
f 769//769 553//553 768//768
f 769//769 768//768 554//554
f 973//973 903//903 974//974
f 974//974 903//903 770//770
f 974//974 770//770 772//772
f 772//772 770//770 771//771
f 772//772 771//771 975//975
f 975//975 771//771 780//780
f 975//975 780//780 773//773
f 773//773 780//780 774//774
f 773//773 774//774 977//977
f 977//977 774//774 775//775
f 977//977 775//775 978//978
f 978//978 775//775 1048//1048
f 978//978 1048//1048 1050//1050
f 776//776 130//130 129//129
f 129//129 130//130 777//777
f 129//129 777//777 770//770
f 770//770 777//777 778//778
f 770//770 778//778 771//771
f 771//771 778//778 758//758
f 771//771 758//758 780//780
f 780//780 758//758 779//779
f 780//780 779//779 774//774
f 774//774 779//779 757//757
f 774//774 757//757 775//775
f 775//775 757//757 1047//1047
f 775//775 1047//1047 1048//1048
f 3785//3785 781//781 136//136
f 136//136 781//781 553//553
f 136//136 553//553 749//749
f 749//749 553//553 782//782
f 749//749 782//782 783//783
f 783//783 782//782 784//784
f 783//783 784//784 750//750
f 750//750 784//784 785//785
f 750//750 785//785 751//751
f 751//751 785//785 786//786
f 751//751 786//786 752//752
f 752//752 786//786 764//764
f 752//752 764//764 787//787
f 787//787 764//764 788//788
f 787//787 788//788 754//754
f 754//754 788//788 763//763
f 754//754 763//763 789//789
f 789//789 763//763 790//790
f 789//789 790//790 755//755
f 755//755 790//790 791//791
f 755//755 791//791 792//792
f 792//792 791//791 1044//1044
f 792//792 1044//1044 793//793
f 793//793 1044//1044 794//794
f 793//793 794//794 796//796
f 796//796 794//794 795//795
f 796//796 795//795 1041//1041
f 2680//2680 797//797 1074//1074
f 1074//1074 797//797 808//808
f 1074//1074 808//808 2814//2814
f 2847//2847 701//701 923//923
f 923//923 701//701 799//799
f 923//923 799//799 798//798
f 798//798 799//799 704//704
f 798//798 704//704 925//925
f 925//925 704//704 916//916
f 925//925 916//916 926//926
f 946//946 895//895 917//917
f 917//917 895//895 800//800
f 917//917 800//800 918//918
f 918//918 800//800 896//896
f 801//801 802//802 803//803
f 803//803 802//802 804//804
f 803//803 804//804 805//805
f 805//805 804//804 806//806
f 805//805 806//806 807//807
f 807//807 806//806 1073//1073
f 807//807 1073//1073 808//808
f 808//808 1073//1073 2814//2814
f 808//808 809//809 807//807
f 807//807 809//809 810//810
f 807//807 810//810 805//805
f 805//805 810//810 840//840
f 805//805 840//840 803//803
f 803//803 840//840 839//839
f 803//803 839//839 801//801
f 801//801 839//839 837//837
f 801//801 837//837 815//815
f 815//815 837//837 811//811
f 815//815 811//811 812//812
f 812//812 811//811 813//813
f 812//812 813//813 148//148
f 147//147 814//814 815//815
f 815//815 814//814 3675//3675
f 815//815 3675//3675 801//801
f 801//801 3675//3675 816//816
f 801//801 816//816 802//802
f 842//842 830//830 817//817
f 817//817 830//830 832//832
f 817//817 832//832 841//841
f 841//841 832//832 818//818
f 841//841 818//818 819//819
f 819//819 818//818 820//820
f 819//819 820//820 838//838
f 838//838 820//820 821//821
f 838//838 821//821 822//822
f 822//822 821//821 834//834
f 822//822 834//834 836//836
f 836//836 834//834 885//885
f 836//836 885//885 884//884
f 831//831 823//823 824//824
f 824//824 823//823 892//892
f 824//824 892//892 833//833
f 833//833 892//892 825//825
f 833//833 825//825 826//826
f 826//826 825//825 891//891
f 826//826 891//891 827//827
f 827//827 891//891 890//890
f 827//827 890//890 828//828
f 828//828 890//890 888//888
f 828//828 888//888 835//835
f 843//843 829//829 842//842
f 842//842 829//829 831//831
f 842//842 831//831 830//830
f 830//830 831//831 824//824
f 830//830 824//824 832//832
f 832//832 824//824 833//833
f 832//832 833//833 818//818
f 818//818 833//833 826//826
f 818//818 826//826 820//820
f 820//820 826//826 827//827
f 820//820 827//827 821//821
f 821//821 827//827 828//828
f 821//821 828//828 834//834
f 834//834 828//828 835//835
f 834//834 835//835 885//885
f 2729//2729 2762//2762 150//150
f 150//150 2762//2762 148//148
f 150//150 148//148 884//884
f 884//884 148//148 813//813
f 884//884 813//813 836//836
f 836//836 813//813 811//811
f 836//836 811//811 822//822
f 822//822 811//811 837//837
f 822//822 837//837 838//838
f 838//838 837//837 839//839
f 838//838 839//839 819//819
f 819//819 839//839 840//840
f 819//819 840//840 841//841
f 841//841 840//840 810//810
f 841//841 810//810 817//817
f 817//817 810//810 809//809
f 817//817 809//809 842//842
f 842//842 809//809 808//808
f 842//842 808//808 843//843
f 843//843 808//808 797//797
f 996//996 881//881 844//844
f 844//844 881//881 241//241
f 844//844 241//241 998//998
f 998//998 241//241 845//845
f 998//998 845//845 847//847
f 847//847 845//845 846//846
f 847//847 846//846 1000//1000
f 1000//1000 846//846 848//848
f 1000//1000 848//848 1001//1001
f 1001//1001 848//848 850//850
f 1001//1001 850//850 849//849
f 849//849 850//850 869//869
f 849//849 869//869 851//851
f 851//851 869//869 852//852
f 851//851 852//852 853//853
f 853//853 852//852 854//854
f 853//853 854//854 855//855
f 855//855 854//854 856//856
f 855//855 856//856 857//857
f 857//857 856//856 868//868
f 857//857 868//868 1005//1005
f 1005//1005 868//868 859//859
f 1005//1005 859//859 858//858
f 858//858 859//859 128//128
f 858//858 128//128 894//894
f 860//860 697//697 700//700
f 700//700 697//697 861//861
f 700//700 861//861 699//699
f 699//699 861//861 862//862
f 699//699 862//862 698//698
f 698//698 862//862 924//924
f 698//698 924//924 863//863
f 863//863 924//924 864//864
f 863//863 864//864 1006//1006
f 1006//1006 864//864 927//927
f 1006//1006 927//927 1004//1004
f 1004//1004 927//927 928//928
f 1004//1004 928//928 865//865
f 865//865 928//928 930//930
f 865//865 930//930 211//211
f 211//211 930//930 866//866
f 211//211 866//866 867//867
f 867//867 866//866 932//932
f 867//867 932//932 209//209
f 209//209 932//932 933//933
f 209//209 933//933 207//207
f 893//893 859//859 263//263
f 263//263 859//859 868//868
f 263//263 868//868 261//261
f 261//261 868//868 856//856
f 261//261 856//856 259//259
f 259//259 856//856 854//854
f 259//259 854//854 257//257
f 257//257 854//854 852//852
f 257//257 852//852 256//256
f 256//256 852//852 869//869
f 256//256 869//869 255//255
f 255//255 869//869 146//146
f 255//255 146//146 870//870
f 870//870 146//146 871//871
f 870//870 871//871 872//872
f 872//872 871//871 145//145
f 872//872 145//145 873//873
f 873//873 145//145 144//144
f 873//873 144//144 874//874
f 874//874 144//144 228//228
f 874//874 228//228 249//249
f 249//249 228//228 229//229
f 249//249 229//229 875//875
f 875//875 229//229 876//876
f 875//875 876//876 246//246
f 246//246 876//876 878//878
f 246//246 878//878 877//877
f 877//877 878//878 879//879
f 877//877 879//879 992//992
f 992//992 879//879 881//881
f 992//992 881//881 880//880
f 880//880 881//881 996//996
f 880//880 996//996 142//142
f 2718//2718 882//882 183//183
f 183//183 882//882 883//883
f 183//183 883//883 154//154
f 154//154 883//883 884//884
f 154//154 884//884 886//886
f 886//886 884//884 885//885
f 886//886 885//885 887//887
f 887//887 885//885 835//835
f 887//887 835//835 309//309
f 309//309 835//835 888//888
f 309//309 888//888 258//258
f 258//258 888//888 890//890
f 258//258 890//890 889//889
f 889//889 890//890 891//891
f 889//889 891//891 260//260
f 260//260 891//891 825//825
f 260//260 825//825 262//262
f 262//262 825//825 892//892
f 262//262 892//892 893//893
f 893//893 892//892 823//823
f 893//893 823//823 128//128
f 128//128 823//823 831//831
f 128//128 831//831 894//894
f 894//894 831//831 829//829
f 895//895 948//948 800//800
f 800//800 948//948 950//950
f 800//800 950//950 896//896
f 896//896 950//950 897//897
f 896//896 897//897 920//920
f 898//898 793//793 944//944
f 944//944 793//793 796//796
f 944//944 796//796 945//945
f 945//945 796//796 1041//1041
f 945//945 1041//1041 899//899
f 899//899 1041//1041 900//900
f 899//899 900//900 947//947
f 947//947 900//900 901//901
f 947//947 901//901 949//949
f 776//776 129//129 902//902
f 902//902 129//129 903//903
f 902//902 903//903 1040//1040
f 1040//1040 903//903 973//973
f 1040//1040 973//973 904//904
f 904//904 973//973 905//905
f 904//904 905//905 906//906
f 906//906 905//905 969//969
f 906//906 969//969 907//907
f 907//907 969//969 645//645
f 907//907 645//645 658//658
f 658//658 645//645 646//646
f 658//658 646//646 908//908
f 908//908 646//646 647//647
f 908//908 647//647 910//910
f 910//910 647//647 909//909
f 910//910 909//909 656//656
f 656//656 909//909 650//650
f 656//656 650//650 655//655
f 655//655 650//650 651//651
f 655//655 651//651 654//654
f 654//654 651//651 3202//3202
f 654//654 3202//3202 652//652
f 952//952 911//911 912//912
f 912//912 911//911 951//951
f 912//912 951//951 935//935
f 957//957 958//958 913//913
f 913//913 958//958 914//914
f 913//913 914//914 920//920
f 915//915 946//946 916//916
f 916//916 946//946 917//917
f 916//916 917//917 926//926
f 926//926 917//917 918//918
f 926//926 918//918 919//919
f 919//919 918//918 896//896
f 919//919 896//896 921//921
f 921//921 896//896 920//920
f 921//921 920//920 929//929
f 929//929 920//920 914//914
f 929//929 914//914 922//922
f 922//922 914//914 958//958
f 922//922 958//958 931//931
f 931//931 958//958 959//959
f 931//931 959//959 960//960
f 2850//2850 2847//2847 697//697
f 697//697 2847//2847 923//923
f 697//697 923//923 861//861
f 861//861 923//923 798//798
f 861//861 798//798 862//862
f 862//862 798//798 925//925
f 862//862 925//925 924//924
f 924//924 925//925 926//926
f 924//924 926//926 864//864
f 864//864 926//926 919//919
f 864//864 919//919 927//927
f 927//927 919//919 921//921
f 927//927 921//921 928//928
f 928//928 921//921 929//929
f 928//928 929//929 930//930
f 930//930 929//929 922//922
f 930//930 922//922 866//866
f 866//866 922//922 931//931
f 866//866 931//931 932//932
f 932//932 931//931 960//960
f 932//932 960//960 933//933
f 953//953 952//952 1039//1039
f 1039//1039 952//952 912//912
f 1039//1039 912//912 934//934
f 934//934 912//912 935//935
f 934//934 935//935 949//949
f 131//131 936//936 685//685
f 685//685 936//936 690//690
f 685//685 690//690 686//686
f 686//686 690//690 937//937
f 686//686 937//937 687//687
f 687//687 937//937 717//717
f 687//687 717//717 939//939
f 939//939 717//717 938//938
f 939//939 938//938 940//940
f 940//940 938//938 721//721
f 940//940 721//721 941//941
f 941//941 721//721 756//756
f 941//941 756//756 942//942
f 942//942 756//756 943//943
f 942//942 943//943 701//701
f 701//701 943//943 898//898
f 701//701 898//898 703//703
f 703//703 898//898 944//944
f 703//703 944//944 915//915
f 915//915 944//944 945//945
f 915//915 945//945 946//946
f 946//946 945//945 899//899
f 946//946 899//899 895//895
f 895//895 899//899 947//947
f 895//895 947//947 948//948
f 948//948 947//947 949//949
f 948//948 949//949 950//950
f 950//950 949//949 935//935
f 950//950 935//935 897//897
f 897//897 935//935 951//951
f 897//897 951//951 920//920
f 920//920 951//951 911//911
f 920//920 911//911 913//913
f 913//913 911//911 952//952
f 913//913 952//952 957//957
f 957//957 952//952 953//953
f 1037//1037 220//220 954//954
f 954//954 220//220 956//956
f 954//954 956//956 955//955
f 953//953 955//955 957//957
f 957//957 955//955 956//956
f 957//957 956//956 958//958
f 958//958 956//956 220//220
f 958//958 220//220 959//959
f 959//959 220//220 221//221
f 959//959 221//221 960//960
f 960//960 221//221 961//961
f 960//960 961//961 933//933
f 933//933 961//961 222//222
f 933//933 222//222 207//207
f 207//207 222//222 224//224
f 207//207 224//224 962//962
f 962//962 224//224 226//226
f 962//962 226//226 212//212
f 212//212 226//226 214//214
f 212//212 214//214 963//963
f 963//963 214//214 964//964
f 963//963 964//964 1002//1002
f 132//132 649//649 965//965
f 965//965 649//649 648//648
f 965//965 648//648 680//680
f 680//680 648//648 966//966
f 680//680 966//966 679//679
f 679//679 966//966 967//967
f 679//679 967//967 677//677
f 677//677 967//967 968//968
f 677//677 968//968 674//674
f 674//674 968//968 644//644
f 674//674 644//644 970//970
f 970//970 644//644 969//969
f 970//970 969//969 971//971
f 971//971 969//969 905//905
f 971//971 905//905 547//547
f 547//547 905//905 973//973
f 547//547 973//973 972//972
f 972//972 973//973 974//974
f 972//972 974//974 631//631
f 631//631 974//974 772//772
f 631//631 772//772 601//601
f 601//601 772//772 975//975
f 601//601 975//975 976//976
f 976//976 975//975 773//773
f 976//976 773//773 582//582
f 582//582 773//773 977//977
f 582//582 977//977 591//591
f 591//591 977//977 978//978
f 591//591 978//978 589//589
f 589//589 978//978 1050//1050
f 589//589 1050//1050 561//561
f 984//984 982//982 979//979
f 979//979 982//982 60//60
f 474//474 980//980 475//475
f 475//475 980//980 1161//1161
f 475//475 1161//1161 981//981
f 981//981 1161//1161 982//982
f 981//981 982//982 983//983
f 983//983 982//982 984//984
f 76//76 74//74 283//283
f 283//283 74//74 985//985
f 283//283 985//985 986//986
f 77//77 76//76 987//987
f 987//987 76//76 283//283
f 987//987 283//283 988//988
f 988//988 283//283 274//274
f 988//988 274//274 400//400
f 400//400 274//274 275//275
f 400//400 275//275 398//398
f 398//398 275//275 277//277
f 398//398 277//277 396//396
f 396//396 277//277 279//279
f 396//396 279//279 989//989
f 989//989 279//279 991//991
f 989//989 991//991 990//990
f 990//990 991//991 280//280
f 990//990 280//280 395//395
f 395//395 280//280 992//992
f 395//395 992//992 393//393
f 393//393 992//992 993//993
f 393//393 993//993 994//994
f 994//994 993//993 142//142
f 994//994 142//142 995//995
f 995//995 142//142 996//996
f 995//995 996//996 997//997
f 997//997 996//996 844//844
f 997//997 844//844 270//270
f 270//270 844//844 998//998
f 270//270 998//998 999//999
f 999//999 998//998 847//847
f 999//999 847//847 386//386
f 386//386 847//847 1000//1000
f 386//386 1000//1000 964//964
f 964//964 1000//1000 1001//1001
f 964//964 1001//1001 1002//1002
f 1002//1002 1001//1001 849//849
f 1002//1002 849//849 213//213
f 213//213 849//849 851//851
f 213//213 851//851 205//205
f 205//205 851//851 853//853
f 205//205 853//853 1003//1003
f 1003//1003 853//853 855//855
f 1003//1003 855//855 211//211
f 211//211 855//855 857//857
f 211//211 857//857 865//865
f 865//865 857//857 1005//1005
f 865//865 1005//1005 1004//1004
f 1004//1004 1005//1005 858//858
f 1004//1004 858//858 1006//1006
f 1006//1006 858//858 894//894
f 1006//1006 894//894 863//863
f 863//863 894//894 829//829
f 863//863 829//829 698//698
f 698//698 829//829 843//843
f 698//698 843//843 1007//1007
f 1007//1007 843//843 797//797
f 1007//1007 797//797 1008//1008
f 1008//1008 797//797 2680//2680
f 1008//1008 2680//2680 2863//2863
f 652//652 3238//3238 653//653
f 653//653 3238//3238 1009//1009
f 653//653 1009//1009 667//667
f 667//667 1009//1009 3239//3239
f 667//667 3239//3239 1015//1015
f 1015//1015 3239//3239 3242//3242
f 1015//1015 3242//3242 1016//1016
f 1036//1036 660//660 1010//1010
f 1010//1010 660//660 1011//1011
f 1010//1010 1011//1011 380//380
f 380//380 1011//1011 663//663
f 380//380 663//663 360//360
f 360//360 663//663 1012//1012
f 360//360 1012//1012 319//319
f 319//319 1012//1012 1014//1014
f 319//319 1014//1014 1013//1013
f 1013//1013 1014//1014 666//666
f 1013//1013 666//666 336//336
f 336//336 666//666 1015//1015
f 336//336 1015//1015 328//328
f 328//328 1015//1015 1016//1016
f 328//328 1016//1016 331//331
f 1017//1017 413//413 1018//1018
f 1018//1018 413//413 415//415
f 1018//1018 415//415 1019//1019
f 1019//1019 415//415 1020//1020
f 1019//1019 1020//1020 401//401
f 401//401 1020//1020 1021//1021
f 401//401 1021//1021 404//404
f 404//404 1021//1021 399//399
f 404//404 399//399 1022//1022
f 1022//1022 399//399 397//397
f 1022//1022 397//397 382//382
f 382//382 397//397 1023//1023
f 382//382 1023//1023 384//384
f 384//384 1023//1023 1024//1024
f 384//384 1024//1024 1025//1025
f 1025//1025 1024//1024 394//394
f 1025//1025 394//394 425//425
f 425//425 394//394 1026//1026
f 425//425 1026//1026 140//140
f 140//140 1026//1026 392//392
f 140//140 392//392 141//141
f 141//141 392//392 353//353
f 141//141 353//353 1027//1027
f 1027//1027 353//353 1028//1028
f 1027//1027 1028//1028 317//317
f 317//317 1028//1028 389//389
f 317//317 389//389 316//316
f 316//316 389//389 219//219
f 316//316 219//219 1029//1029
f 1029//1029 219//219 225//225
f 1029//1029 225//225 313//313
f 313//313 225//225 216//216
f 313//313 216//216 1030//1030
f 1030//1030 216//216 1031//1031
f 1030//1030 1031//1031 1032//1032
f 1032//1032 1031//1031 1033//1033
f 1032//1032 1033//1033 1034//1034
f 1034//1034 1033//1033 1035//1035
f 1034//1034 1035//1035 1036//1036
f 1036//1036 1035//1035 1037//1037
f 1036//1036 1037//1037 552//552
f 552//552 1037//1037 954//954
f 552//552 954//954 551//551
f 551//551 954//954 955//955
f 551//551 955//955 1038//1038
f 1038//1038 955//955 953//953
f 1038//1038 953//953 906//906
f 906//906 953//953 1039//1039
f 906//906 1039//1039 904//904
f 904//904 1039//1039 934//934
f 904//904 934//934 1040//1040
f 1040//1040 934//934 949//949
f 1040//1040 949//949 902//902
f 902//902 949//949 901//901
f 902//902 901//901 776//776
f 776//776 901//901 900//900
f 776//776 900//900 130//130
f 130//130 900//900 1041//1041
f 130//130 1041//1041 1042//1042
f 1042//1042 1041//1041 795//795
f 1042//1042 795//795 761//761
f 761//761 795//795 702//702
f 761//761 702//702 1043//1043
f 1043//1043 702//702 1044//1044
f 1043//1043 1044//1044 1045//1045
f 1045//1045 1044//1044 1046//1046
f 1045//1045 1046//1046 1047//1047
f 1047//1047 1046//1046 762//762
f 1047//1047 762//762 1048//1048
f 1048//1048 762//762 1049//1049
f 1048//1048 1049//1049 1050//1050
f 1050//1050 1049//1049 1051//1051
f 1050//1050 1051//1051 561//561
f 561//561 1051//1051 765//765
f 561//561 765//765 1052//1052
f 1052//1052 765//765 766//766
f 1052//1052 766//766 558//558
f 558//558 766//766 1053//1053
f 558//558 1053//1053 557//557
f 557//557 1053//1053 1054//1054
f 557//557 1054//1054 556//556
f 556//556 1054//1054 1055//1055
f 556//556 1055//1055 1056//1056
f 1056//1056 1055//1055 1058//1058
f 1056//1056 1058//1058 1057//1057
f 1057//1057 1058//1058 135//135
f 1057//1057 135//135 592//592
f 592//592 135//135 563//563
f 592//592 563//563 3783//3783
f 3675//3675 814//814 3676//3676
f 3423//3423 3425//3425 3393//3393
f 1059//1059 3428//3428 1061//1061
f 1060//1060 3431//3431 3356//3356
f 1061//1061 3430//3430 3355//3355
f 3324//3324 3322//3322 1062//1062
f 3241//3241 3242//3242 3239//3239
f 1063//1063 3179//3179 3180//3180
f 3352//3352 3354//3354 3361//3361
f 3162//3162 3856//3856 3163//3163
f 3594//3594 3138//3138 3139//3139
f 3412//3412 3593//3593 1064//1064
f 3126//3126 3411//3411 3127//3127
f 2987//2987 1065//1065 3319//3319
f 1066//1066 1067//1067 2937//2937
f 3053//3053 2910//2910 3054//3054
f 1068//1068 1069//1069 2913//2913
f 2929//2929 583//583 1070//1070
f 3779//3779 3778//3778 1071//1071
f 1072//1072 3781//3781 2928//2928
f 2814//2814 1073//1073 2815//2815
f 806//806 804//804 2741//2741
f 2679//2679 2680//2680 1074//1074
f 2859//2859 2860//2860 2687//2687
f 3807//3807 3805//3805 1075//1075
f 2748//2748 2767//2767 3681//3681
f 2837//2837 2662//2662 2663//2663
f 3819//3819 2838//2838 2836//2836
f 1076//1076 2359//2359 2349//2349
f 3827//3827 3826//3826 2331//2331
f 3829//3829 3827//3827 1077//1077
f 3832//3832 1078//1078 2599//2599
f 2637//2637 2639//2639 159//159
f 174//174 1079//1079 2448//2448
f 177//177 3636//3636 2447//2447
f 2389//2389 2289//2289 2390//2390
f 2108//2108 2044//2044 2062//2062
f 2017//2017 1080//1080 160//160
f 2090//2090 2041//2041 2089//2089
f 1952//1952 2178//2178 2177//2177
f 1833//1833 1739//1739 2175//2175
f 1933//1933 1542//1542 1547//1547
f 1081//1081 2813//2813 882//882
f 2410//2410 1591//1591 2411//2411
f 2202//2202 2400//2400 2403//2403
f 2402//2402 2275//2275 2463//2463
f 2761//2761 1082//1082 149//149
f 1083//1083 2021//2021 1589//1589
f 2079//2079 2164//2164 2077//2077
f 3645//3645 2161//2161 1084//1084
f 1085//1085 1086//1086 1087//1087
f 1088//1088 1549//1549 1553//1553
f 1816//1816 1815//1815 1469//1469
f 1593//1593 1572//1572 1594//1594
f 1495//1495 3722//3722 1498//1498
f 1371//1371 1401//1401 1400//1400
f 40//40 1338//1338 1327//1327
f 1910//1910 1908//1908 1089//1089
f 1090//1090 1091//1091 1335//1335
f 1900//1900 1898//1898 1471//1471
f 1342//1342 1307//1307 1310//1310
f 1341//1341 1241//1241 1343//1343
f 56//56 1162//1162 1178//1178
f 1092//1092 1093//1093 1151//1151
f 1151//1151 1093//1093 1094//1094
f 3568//3568 3567//3567 1131//1131
f 1095//1095 1130//1130 1096//1096
f 332//332 331//331 3255//3255
f 333//333 3254//3254 3309//3309
f 3308//3308 327//327 3309//3309
f 3309//3309 327//327 335//335
f 3309//3309 335//335 333//333
f 1098//1098 3304//3304 3310//3310
f 1113//1113 1102//1102 1099//1099
f 1099//1099 1102//1102 1103//1103
f 1099//1099 1103//1103 1108//1108
f 1108//1108 1103//1103 1100//1100
f 1108//1108 1100//1100 1107//1107
f 1107//1107 1100//1100 1104//1104
f 1107//1107 1104//1104 1105//1105
f 1105//1105 1104//1104 1101//1101
f 1105//1105 1101//1101 518//518
f 1102//1102 3697//3697 1103//1103
f 1103//1103 3697//3697 3696//3696
f 1103//1103 3696//3696 1100//1100
f 1100//1100 3696//3696 3694//3694
f 1100//1100 3694//3694 1104//1104
f 1104//1104 3694//3694 3693//3693
f 1104//1104 3693//3693 1101//1101
f 518//518 519//519 1105//1105
f 1105//1105 519//519 1106//1106
f 1105//1105 1106//1106 1107//1107
f 1107//1107 1106//1106 3310//3310
f 1107//1107 3310//3310 1108//1108
f 1108//1108 3310//3310 3304//3304
f 1108//1108 3304//3304 1099//1099
f 1099//1099 3304//3304 1109//1109
f 1099//1099 1109//1109 1113//1113
f 1113//1113 1109//1109 1111//1111
f 1110//1110 1112//1112 1111//1111
f 1111//1111 1112//1112 1114//1114
f 1111//1111 1114//1114 1113//1113
f 1113//1113 1114//1114 1115//1115
f 1113//1113 1115//1115 1102//1102
f 1102//1102 1115//1115 1116//1116
f 1102//1102 1116//1116 3697//3697
f 3278//3278 3298//3298 3279//3279
f 1117//1117 1118//1118 1122//1122
f 1122//1122 1118//1118 3279//3279
f 1122//1122 3279//3279 1119//1119
f 1119//1119 3279//3279 3298//3298
f 1119//1119 3298//3298 1120//1120
f 1120//1120 1121//1121 1119//1119
f 1119//1119 1121//1121 1123//1123
f 1119//1119 1123//1123 1122//1122
f 1122//1122 1123//1123 1124//1124
f 1122//1122 1124//1124 1117//1117
f 1117//1117 1124//1124 3303//3303
f 1121//1121 1125//1125 1123//1123
f 1123//1123 1125//1125 3301//3301
f 1123//1123 3301//3301 1124//1124
f 1124//1124 3301//3301 3302//3302
f 1124//1124 3302//3302 3303//3303
f 3296//3296 3284//3284 3297//3297
f 3297//3297 3284//3284 1126//1126
f 3297//3297 1126//1126 3299//3299
f 3566//3566 3575//3575 3289//3289
f 3289//3289 3575//3575 1127//1127
f 3289//3289 1127//1127 3287//3287
f 1095//1095 1096//1096 3287//3287
f 1127//1127 1128//1128 3287//3287
f 3287//3287 1128//1128 1129//1129
f 3287//3287 1129//1129 1095//1095
f 1095//1095 1129//1129 3572//3572
f 1095//1095 3572//3572 1130//1130
f 3568//3568 1131//1131 3570//3570
f 3572//3572 3570//3570 1130//1130
f 1130//1130 3570//3570 1131//1131
f 1130//1130 1131//1131 1096//1096
f 1096//1096 1131//1131 1138//1138
f 1096//1096 1138//1138 1132//1132
f 1132//1132 1138//1138 1133//1133
f 1132//1132 1133//1133 3300//3300
f 3300//3300 1133//1133 1134//1134
f 1135//1135 3700//3700 1110//1110
f 1110//1110 3700//3700 1136//1136
f 1110//1110 1136//1136 1112//1112
f 1147//1147 1149//1149 1135//1135
f 1135//1135 1149//1149 1137//1137
f 1135//1135 1137//1137 3700//3700
f 3707//3707 1142//1142 3567//3567
f 3567//3567 1142//1142 1145//1145
f 3567//3567 1145//1145 1131//1131
f 1131//1131 1145//1145 1139//1139
f 1131//1131 1139//1139 1138//1138
f 1138//1138 1139//1139 1140//1140
f 1138//1138 1140//1140 1133//1133
f 1133//1133 1140//1140 1147//1147
f 1133//1133 1147//1147 1134//1134
f 1134//1134 1147//1147 1135//1135
f 3705//3705 1445//1445 3704//3704
f 3704//3704 1445//1445 1141//1141
f 3704//3704 1141//1141 3702//3702
f 1142//1142 1143//1143 1145//1145
f 1145//1145 1143//1143 1144//1144
f 1145//1145 1144//1144 1139//1139
f 1139//1139 1144//1144 1146//1146
f 1139//1139 1146//1146 1140//1140
f 1140//1140 1146//1146 3703//3703
f 1140//1140 3703//3703 1147//1147
f 1147//1147 3703//3703 1148//1148
f 1147//1147 1148//1148 1149//1149
f 1194//1194 1193//1193 1150//1150
f 1150//1150 1193//1193 1191//1191
f 1150//1150 1191//1191 458//458
f 458//458 1191//1191 1190//1190
f 458//458 1190//1190 432//432
f 432//432 1190//1190 1094//1094
f 432//432 1094//1094 1093//1093
f 1092//1092 1151//1151 137//137
f 137//137 1151//1151 1188//1188
f 137//137 1188//1188 1152//1152
f 1152//1152 1188//1188 1186//1186
f 1152//1152 1186//1186 498//498
f 498//498 1186//1186 1185//1185
f 498//498 1185//1185 1153//1153
f 1153//1153 1185//1185 500//500
f 500//500 1185//1185 1154//1154
f 500//500 1154//1154 1155//1155
f 1155//1155 1154//1154 1184//1184
f 1155//1155 1184//1184 502//502
f 502//502 1184//1184 1156//1156
f 502//502 1156//1156 1157//1157
f 1157//1157 1156//1156 1181//1181
f 1157//1157 1181//1181 483//483
f 483//483 1181//1181 484//484
f 484//484 1181//1181 1158//1158
f 484//484 1158//1158 474//474
f 474//474 1158//1158 1180//1180
f 474//474 1180//1180 980//980
f 980//980 1180//1180 1178//1178
f 980//980 1178//1178 1161//1161
f 60//60 982//982 1159//1159
f 1159//1159 982//982 1160//1160
f 1161//1161 1178//1178 982//982
f 982//982 1178//1178 1162//1162
f 982//982 1162//1162 1160//1160
f 1097//1097 3695//3695 1192//1192
f 1192//1192 3695//3695 1164//1164
f 1192//1192 1164//1164 1163//1163
f 1163//1163 1164//1164 1165//1165
f 1163//1163 1165//1165 1189//1189
f 1189//1189 1165//1165 1196//1196
f 1189//1189 1196//1196 1166//1166
f 1166//1166 1196//1196 1167//1167
f 1166//1166 1167//1167 1187//1187
f 1187//1187 1167//1167 1197//1197
f 1187//1187 1197//1197 1168//1168
f 1168//1168 1197//1197 1200//1200
f 1168//1168 1200//1200 1169//1169
f 1169//1169 1200//1200 1201//1201
f 1169//1169 1201//1201 1170//1170
f 1170//1170 1201//1201 1202//1202
f 1170//1170 1202//1202 1171//1171
f 1171//1171 1202//1202 1203//1203
f 1171//1171 1203//1203 1183//1183
f 1183//1183 1203//1203 1205//1205
f 1183//1183 1205//1205 1182//1182
f 1182//1182 1205//1205 1206//1206
f 1182//1182 1206//1206 1172//1172
f 1172//1172 1206//1206 1173//1173
f 1172//1172 1173//1173 1174//1174
f 1174//1174 1173//1173 1175//1175
f 1174//1174 1175//1175 1179//1179
f 1179//1179 1175//1175 1176//1176
f 1179//1179 1176//1176 1210//1210
f 1177//1177 54//54 1209//1209
f 1209//1209 54//54 59//59
f 1209//1209 59//59 58//58
f 57//57 56//56 1210//1210
f 1210//1210 56//56 1178//1178
f 1210//1210 1178//1178 1179//1179
f 1179//1179 1178//1178 1180//1180
f 1179//1179 1180//1180 1174//1174
f 1174//1174 1180//1180 1158//1158
f 1174//1174 1158//1158 1172//1172
f 1172//1172 1158//1158 1181//1181
f 1172//1172 1181//1181 1182//1182
f 1182//1182 1181//1181 1156//1156
f 1182//1182 1156//1156 1183//1183
f 1183//1183 1156//1156 1184//1184
f 1183//1183 1184//1184 1171//1171
f 1171//1171 1184//1184 1154//1154
f 1171//1171 1154//1154 1170//1170
f 1170//1170 1154//1154 1185//1185
f 1170//1170 1185//1185 1169//1169
f 1169//1169 1185//1185 1186//1186
f 1169//1169 1186//1186 1168//1168
f 1168//1168 1186//1186 1188//1188
f 1168//1168 1188//1188 1187//1187
f 1187//1187 1188//1188 1151//1151
f 1187//1187 1151//1151 1166//1166
f 1166//1166 1151//1151 1094//1094
f 1166//1166 1094//1094 1189//1189
f 1189//1189 1094//1094 1190//1190
f 1189//1189 1190//1190 1163//1163
f 1163//1163 1190//1190 1191//1191
f 1163//1163 1191//1191 1192//1192
f 1192//1192 1191//1191 1193//1193
f 1192//1192 1193//1193 1097//1097
f 1097//1097 1193//1193 1194//1194
f 1097//1097 1194//1194 520//520
f 3695//3695 1225//1225 1164//1164
f 1164//1164 1225//1225 1195//1195
f 1164//1164 1195//1195 1165//1165
f 1165//1165 1195//1195 1222//1222
f 1165//1165 1222//1222 1196//1196
f 1196//1196 1222//1222 1221//1221
f 1196//1196 1221//1221 1167//1167
f 1167//1167 1221//1221 1198//1198
f 1167//1167 1198//1198 1197//1197
f 1197//1197 1198//1198 1199//1199
f 1197//1197 1199//1199 1200//1200
f 1200//1200 1199//1199 1218//1218
f 1200//1200 1218//1218 1201//1201
f 1201//1201 1218//1218 1217//1217
f 1201//1201 1217//1217 1202//1202
f 1202//1202 1217//1217 1204//1204
f 1202//1202 1204//1204 1203//1203
f 1203//1203 1204//1204 1215//1215
f 1203//1203 1215//1215 1205//1205
f 1205//1205 1215//1215 1207//1207
f 1205//1205 1207//1207 1206//1206
f 1206//1206 1207//1207 1212//1212
f 1206//1206 1212//1212 1173//1173
f 1173//1173 1212//1212 1208//1208
f 1173//1173 1208//1208 1175//1175
f 1175//1175 1208//1208 1245//1245
f 1175//1175 1245//1245 1176//1176
f 1176//1176 1245//1245 1209//1209
f 1176//1176 1209//1209 1210//1210
f 1210//1210 1209//1209 58//58
f 1210//1210 58//58 57//57
f 1227//1227 1245//1245 1229//1229
f 1229//1229 1245//1245 1208//1208
f 1229//1229 1208//1208 1211//1211
f 1211//1211 1208//1208 1212//1212
f 1211//1211 1212//1212 1213//1213
f 1213//1213 1212//1212 1207//1207
f 1213//1213 1207//1207 1214//1214
f 1214//1214 1207//1207 1215//1215
f 1214//1214 1215//1215 1230//1230
f 1230//1230 1215//1215 1204//1204
f 1230//1230 1204//1204 1216//1216
f 1216//1216 1204//1204 1217//1217
f 1216//1216 1217//1217 1233//1233
f 1233//1233 1217//1217 1218//1218
f 1233//1233 1218//1218 1219//1219
f 1219//1219 1218//1218 1199//1199
f 1219//1219 1199//1199 1220//1220
f 1220//1220 1199//1199 1198//1198
f 1220//1220 1198//1198 1235//1235
f 1235//1235 1198//1198 1221//1221
f 1235//1235 1221//1221 1236//1236
f 1236//1236 1221//1221 1222//1222
f 1236//1236 1222//1222 1223//1223
f 1223//1223 1222//1222 1195//1195
f 1223//1223 1195//1195 1224//1224
f 1224//1224 1195//1195 1225//1225
f 1343//1343 1227//1227 1226//1226
f 1226//1226 1227//1227 1229//1229
f 1226//1226 1229//1229 1228//1228
f 1228//1228 1229//1229 1211//1211
f 1228//1228 1211//1211 1345//1345
f 1345//1345 1211//1211 1213//1213
f 1345//1345 1213//1213 1346//1346
f 1346//1346 1213//1213 1214//1214
f 1346//1346 1214//1214 1347//1347
f 1347//1347 1214//1214 1230//1230
f 1347//1347 1230//1230 1231//1231
f 1231//1231 1230//1230 1216//1216
f 1231//1231 1216//1216 1232//1232
f 1232//1232 1216//1216 1233//1233
f 1232//1232 1233//1233 1352//1352
f 1352//1352 1233//1233 1219//1219
f 1352//1352 1219//1219 1353//1353
f 1353//1353 1219//1219 1220//1220
f 1353//1353 1220//1220 1355//1355
f 1355//1355 1220//1220 1235//1235
f 1355//1355 1235//1235 1234//1234
f 1234//1234 1235//1235 1236//1236
f 1234//1234 1236//1236 1237//1237
f 1237//1237 1236//1236 1223//1223
f 1237//1237 1223//1223 3698//3698
f 3698//3698 1223//1223 1224//1224
f 1242//1242 1243//1243 1238//1238
f 1238//1238 1243//1243 52//52
f 1238//1238 52//52 1246//1246
f 1340//1340 48//48 1341//1341
f 1341//1341 48//48 47//47
f 1341//1341 47//47 1241//1241
f 1241//1241 47//47 1239//1239
f 1239//1239 1240//1240 1241//1241
f 1241//1241 1240//1240 51//51
f 1241//1241 51//51 1242//1242
f 1242//1242 51//51 53//53
f 1242//1242 53//53 1243//1243
f 1307//1307 1342//1342 1244//1244
f 1343//1343 1241//1241 1227//1227
f 1227//1227 1241//1241 1242//1242
f 1227//1227 1242//1242 1245//1245
f 1245//1245 1242//1242 1238//1238
f 1245//1245 1238//1238 1209//1209
f 1209//1209 1238//1238 1246//1246
f 1209//1209 1246//1246 1177//1177
f 1342//1342 1247//1247 1244//1244
f 1244//1244 1247//1247 1344//1344
f 1244//1244 1344//1344 1302//1302
f 1302//1302 1344//1344 1248//1248
f 1302//1302 1248//1248 1301//1301
f 1301//1301 1248//1248 1249//1249
f 1301//1301 1249//1249 1299//1299
f 1299//1299 1249//1249 1348//1348
f 1299//1299 1348//1348 1250//1250
f 1250//1250 1348//1348 1349//1349
f 1250//1250 1349//1349 1296//1296
f 1296//1296 1349//1349 1251//1251
f 1296//1296 1251//1251 1295//1295
f 1295//1295 1251//1251 1350//1350
f 1295//1295 1350//1350 1252//1252
f 1252//1252 1350//1350 1351//1351
f 1252//1252 1351//1351 1253//1253
f 1253//1253 1351//1351 1354//1354
f 1253//1253 1354//1354 1254//1254
f 1254//1254 1354//1354 1256//1256
f 1254//1254 1256//1256 1255//1255
f 1255//1255 1256//1256 1356//1356
f 1255//1255 1356//1356 1257//1257
f 1257//1257 1356//1356 1357//1357
f 1266//1266 1277//1277 1267//1267
f 1267//1267 1277//1277 1278//1278
f 1267//1267 1278//1278 1268//1268
f 1268//1268 1278//1278 1279//1279
f 1268//1268 1279//1279 1258//1258
f 1258//1258 1279//1279 1259//1259
f 1258//1258 1259//1259 1271//1271
f 1271//1271 1259//1259 1260//1260
f 1271//1271 1260//1260 1273//1273
f 1273//1273 1260//1260 1281//1281
f 1273//1273 1281//1281 1261//1261
f 1261//1261 1281//1281 1282//1282
f 1261//1261 1282//1282 1262//1262
f 1262//1262 1282//1282 1263//1263
f 1262//1262 1263//1263 1265//1265
f 1265//1265 1263//1263 1264//1264
f 1265//1265 1264//1264 1275//1275
f 3699//3699 1266//1266 1293//1293
f 1293//1293 1266//1266 1267//1267
f 1293//1293 1267//1267 1294//1294
f 1294//1294 1267//1267 1268//1268
f 1294//1294 1268//1268 1269//1269
f 1269//1269 1268//1268 1258//1258
f 1269//1269 1258//1258 1270//1270
f 1270//1270 1258//1258 1271//1271
f 1270//1270 1271//1271 1272//1272
f 1272//1272 1271//1271 1273//1273
f 1272//1272 1273//1273 1297//1297
f 1297//1297 1273//1273 1261//1261
f 1297//1297 1261//1261 1298//1298
f 1298//1298 1261//1261 1262//1262
f 1298//1298 1262//1262 1274//1274
f 1274//1274 1262//1262 1265//1265
f 1274//1274 1265//1265 1300//1300
f 1300//1300 1265//1265 1275//1275
f 1300//1300 1275//1275 1276//1276
f 1277//1277 3701//3701 1278//1278
f 1278//1278 3701//3701 1283//1283
f 1278//1278 1283//1283 1279//1279
f 1279//1279 1283//1283 1284//1284
f 1279//1279 1284//1284 1259//1259
f 1259//1259 1284//1284 1286//1286
f 1259//1259 1286//1286 1260//1260
f 1260//1260 1286//1286 1280//1280
f 1260//1260 1280//1280 1281//1281
f 1281//1281 1280//1280 1288//1288
f 1281//1281 1288//1288 1282//1282
f 1282//1282 1288//1288 1290//1290
f 1282//1282 1290//1290 1263//1263
f 1263//1263 1290//1290 1306//1306
f 1263//1263 1306//1306 1264//1264
f 1901//1901 1900//1900 1436//1436
f 3701//3701 1895//1895 1283//1283
f 1283//1283 1895//1895 1896//1896
f 1283//1283 1896//1896 1284//1284
f 1284//1284 1896//1896 1285//1285
f 1284//1284 1285//1285 1286//1286
f 1286//1286 1285//1285 1287//1287
f 1286//1286 1287//1287 1280//1280
f 1280//1280 1287//1287 1899//1899
f 1280//1280 1899//1899 1288//1288
f 1288//1288 1899//1899 1289//1289
f 1288//1288 1289//1289 1290//1290
f 1290//1290 1289//1289 1902//1902
f 1290//1290 1902//1902 1306//1306
f 1903//1903 1291//1291 1904//1904
f 1904//1904 1291//1291 1649//1649
f 1904//1904 1649//1649 1905//1905
f 1908//1908 1905//1905 1847//1847
f 1650//1650 1649//1649 1446//1446
f 1446//1446 1649//1649 1291//1291
f 1446//1446 1291//1291 1292//1292
f 1292//1292 1291//1291 1903//1903
f 1292//1292 1903//1903 1901//1901
f 1257//1257 3699//3699 1255//1255
f 1255//1255 3699//3699 1293//1293
f 1255//1255 1293//1293 1254//1254
f 1254//1254 1293//1293 1294//1294
f 1254//1254 1294//1294 1253//1253
f 1253//1253 1294//1294 1269//1269
f 1253//1253 1269//1269 1252//1252
f 1252//1252 1269//1269 1270//1270
f 1252//1252 1270//1270 1295//1295
f 1295//1295 1270//1270 1272//1272
f 1295//1295 1272//1272 1296//1296
f 1296//1296 1272//1272 1297//1297
f 1296//1296 1297//1297 1250//1250
f 1250//1250 1297//1297 1298//1298
f 1250//1250 1298//1298 1299//1299
f 1299//1299 1298//1298 1274//1274
f 1299//1299 1274//1274 1301//1301
f 1301//1301 1274//1274 1300//1300
f 1301//1301 1300//1300 1302//1302
f 1302//1302 1300//1300 1276//1276
f 1302//1302 1276//1276 1244//1244
f 1303//1303 1309//1309 1304//1304
f 1304//1304 1309//1309 50//50
f 1902//1902 1305//1305 1306//1306
f 1306//1306 1305//1305 1318//1318
f 1306//1306 1318//1318 1264//1264
f 1264//1264 1318//1318 1320//1320
f 1264//1264 1320//1320 1275//1275
f 1275//1275 1320//1320 1321//1321
f 1275//1275 1321//1321 1276//1276
f 1276//1276 1321//1321 1323//1323
f 1276//1276 1323//1323 1244//1244
f 1244//1244 1323//1323 1308//1308
f 1244//1244 1308//1308 1307//1307
f 1307//1307 1308//1308 1309//1309
f 1307//1307 1309//1309 1310//1310
f 1310//1310 1309//1309 1303//1303
f 1310//1310 1303//1303 1339//1339
f 1311//1311 1312//1312 1337//1337
f 1337//1337 1312//1312 45//45
f 1906//1906 1907//1907 1319//1319
f 1319//1319 1907//1907 1313//1313
f 1319//1319 1313//1313 1322//1322
f 1322//1322 1313//1313 1336//1336
f 1322//1322 1336//1336 1314//1314
f 1314//1314 1336//1336 1315//1315
f 1314//1314 1315//1315 1324//1324
f 1324//1324 1315//1315 1337//1337
f 1324//1324 1337//1337 1325//1325
f 1325//1325 1337//1337 45//45
f 45//45 1316//1316 1325//1325
f 1325//1325 1316//1316 1317//1317
f 1325//1325 1317//1317 1326//1326
f 1305//1305 1906//1906 1318//1318
f 1318//1318 1906//1906 1319//1319
f 1318//1318 1319//1319 1320//1320
f 1320//1320 1319//1319 1322//1322
f 1320//1320 1322//1322 1321//1321
f 1321//1321 1322//1322 1314//1314
f 1321//1321 1314//1314 1323//1323
f 1323//1323 1314//1314 1324//1324
f 1323//1323 1324//1324 1308//1308
f 1308//1308 1324//1324 1325//1325
f 1308//1308 1325//1325 1309//1309
f 1309//1309 1325//1325 1326//1326
f 1309//1309 1326//1326 50//50
f 1331//1331 1332//1332 1327//1327
f 1327//1327 1332//1332 41//41
f 1327//1327 41//41 40//40
f 1327//1327 1091//1091 1331//1331
f 1331//1331 1091//1091 1090//1090
f 1331//1331 1090//1090 1329//1329
f 1333//1333 1570//1570 1087//1087
f 1086//1086 1328//1328 1087//1087
f 1087//1087 1328//1328 1329//1329
f 1087//1087 1329//1329 1333//1333
f 1333//1333 1329//1329 1090//1090
f 1328//1328 39//39 1329//1329
f 1329//1329 39//39 1330//1330
f 1329//1329 1330//1330 1331//1331
f 1331//1331 1330//1330 44//44
f 1331//1331 44//44 1332//1332
f 1541//1541 1570//1570 1913//1913
f 1913//1913 1570//1570 1333//1333
f 1913//1913 1333//1333 1334//1334
f 1334//1334 1333//1333 1090//1090
f 1334//1334 1090//1090 1912//1912
f 1912//1912 1090//1090 1335//1335
f 1912//1912 1335//1335 1909//1909
f 1907//1907 1909//1909 1313//1313
f 1313//1313 1909//1909 1335//1335
f 1313//1313 1335//1335 1336//1336
f 1336//1336 1335//1335 1091//1091
f 1336//1336 1091//1091 1315//1315
f 1315//1315 1091//1091 1327//1327
f 1315//1315 1327//1327 1337//1337
f 1337//1337 1327//1327 1338//1338
f 1337//1337 1338//1338 1311//1311
f 1339//1339 1340//1340 1310//1310
f 1310//1310 1340//1340 1341//1341
f 1310//1310 1341//1341 1342//1342
f 1342//1342 1341//1341 1343//1343
f 1342//1342 1343//1343 1247//1247
f 1247//1247 1343//1343 1226//1226
f 1247//1247 1226//1226 1344//1344
f 1344//1344 1226//1226 1228//1228
f 1344//1344 1228//1228 1248//1248
f 1248//1248 1228//1228 1345//1345
f 1248//1248 1345//1345 1249//1249
f 1249//1249 1345//1345 1346//1346
f 1249//1249 1346//1346 1348//1348
f 1348//1348 1346//1346 1347//1347
f 1348//1348 1347//1347 1349//1349
f 1349//1349 1347//1347 1231//1231
f 1349//1349 1231//1231 1251//1251
f 1251//1251 1231//1231 1232//1232
f 1251//1251 1232//1232 1350//1350
f 1350//1350 1232//1232 1352//1352
f 1350//1350 1352//1352 1351//1351
f 1351//1351 1352//1352 1353//1353
f 1351//1351 1353//1353 1354//1354
f 1354//1354 1353//1353 1355//1355
f 1354//1354 1355//1355 1256//1256
f 1256//1256 1355//1355 1234//1234
f 1256//1256 1234//1234 1356//1356
f 1356//1356 1234//1234 1237//1237
f 1356//1356 1237//1237 1357//1357
f 1357//1357 1237//1237 3698//3698
f 1358//1358 1364//1364 3460//3460
f 1361//1361 3714//3714 1359//1359
f 1359//1359 3714//3714 3715//3715
f 1359//1359 3715//3715 1427//1427
f 1766//1766 1767//1767 1426//1426
f 1426//1426 1767//1767 1360//1360
f 1426//1426 1360//1360 1361//1361
f 1765//1765 1363//1363 1362//1362
f 1362//1362 1363//1363 3710//3710
f 1362//1362 3710//3710 1768//1768
f 3460//3460 1364//1364 3574//3574
f 3574//3574 1364//1364 3713//3713
f 3574//3574 3713//3713 3573//3573
f 3573//3573 3713//3713 3712//3712
f 3573//3573 3712//3712 1365//1365
f 1365//1365 3712//3712 3711//3711
f 1365//1365 3711//3711 3571//3571
f 3571//3571 3711//3711 1366//1366
f 3571//3571 1366//1366 3569//3569
f 3569//3569 1366//1366 1367//1367
f 3569//3569 1367//1367 1368//1368
f 1368//1368 1367//1367 1369//1369
f 1368//1368 1369//1369 3707//3707
f 1370//1370 1401//1401 3709//3709
f 3709//3709 1401//1401 1371//1371
f 3709//3709 1371//1371 3708//3708
f 1475//1475 1372//1372 1477//1477
f 1477//1477 1372//1372 1404//1404
f 1477//1477 1404//1404 1478//1478
f 1478//1478 1404//1404 1373//1373
f 1478//1478 1373//1373 1374//1374
f 1374//1374 1373//1373 1375//1375
f 1374//1374 1375//1375 1480//1480
f 1458//1458 1380//1380 1457//1457
f 1457//1457 1380//1380 1376//1376
f 1457//1457 1376//1376 1377//1377
f 1377//1377 1376//1376 1379//1379
f 1439//1439 1378//1378 1451//1451
f 1451//1451 1378//1378 1449//1449
f 1380//1380 1381//1381 1376//1376
f 1376//1376 1381//1381 1383//1383
f 1376//1376 1383//1383 1379//1379
f 1379//1379 1383//1383 3706//3706
f 1458//1458 1449//1449 1380//1380
f 1380//1380 1449//1449 1378//1378
f 1380//1380 1378//1378 1381//1381
f 1381//1381 1378//1378 1382//1382
f 1381//1381 1382//1382 1383//1383
f 1383//1383 1382//1382 1389//1389
f 1383//1383 1389//1389 3706//3706
f 3706//3706 1389//1389 1388//1388
f 1394//1394 1392//1392 1384//1384
f 1384//1384 1392//1392 1385//1385
f 1384//1384 1385//1385 1386//1386
f 1386//1386 1385//1385 1387//1387
f 1386//1386 1387//1387 1388//1388
f 1388//1388 1389//1389 1386//1386
f 1386//1386 1389//1389 1382//1382
f 1386//1386 1382//1382 1384//1384
f 1384//1384 1382//1382 1378//1378
f 1384//1384 1378//1378 1394//1394
f 1394//1394 1378//1378 1439//1439
f 1394//1394 1439//1439 1395//1395
f 3705//3705 1388//1388 1445//1445
f 1445//1445 1388//1388 1387//1387
f 1445//1445 1387//1387 1390//1390
f 1390//1390 1387//1387 1385//1385
f 1390//1390 1385//1385 1442//1442
f 1442//1442 1385//1385 1392//1392
f 1442//1442 1392//1392 1391//1391
f 1391//1391 1392//1392 1394//1394
f 1391//1391 1394//1394 1393//1393
f 1393//1393 1394//1394 1395//1395
f 1755//1755 1464//1464 1757//1757
f 1757//1757 1464//1464 1396//1396
f 1757//1757 1396//1396 1759//1759
f 1759//1759 1396//1396 1462//1462
f 1759//1759 1462//1462 1760//1760
f 1760//1760 1462//1462 1397//1397
f 1760//1760 1397//1397 1761//1761
f 1761//1761 1397//1397 1461//1461
f 1761//1761 1461//1461 1398//1398
f 1398//1398 1461//1461 1399//1399
f 1398//1398 1399//1399 1764//1764
f 1764//1764 1399//1399 1400//1400
f 1764//1764 1400//1400 1765//1765
f 1765//1765 1400//1400 1401//1401
f 1765//1765 1401//1401 1363//1363
f 1363//1363 1401//1401 1370//1370
f 1363//1363 1370//1370 3710//3710
f 1456//1456 1402//1402 1454//1454
f 1454//1454 1402//1402 1440//1440
f 1454//1454 1440//1440 1452//1452
f 1372//1372 1403//1403 1404//1404
f 1404//1404 1403//1403 1405//1405
f 1404//1404 1405//1405 1373//1373
f 1373//1373 1405//1405 1486//1486
f 1373//1373 1486//1486 1375//1375
f 1375//1375 1486//1486 1487//1487
f 1375//1375 1487//1487 1480//1480
f 1480//1480 1487//1487 1488//1488
f 1480//1480 1488//1488 1482//1482
f 1482//1482 1488//1488 1406//1406
f 1482//1482 1406//1406 1483//1483
f 1483//1483 1406//1406 1490//1490
f 1483//1483 1490//1490 1485//1485
f 1485//1485 1490//1490 1408//1408
f 1485//1485 1408//1408 1407//1407
f 1407//1407 1408//1408 1492//1492
f 1407//1407 1492//1492 1696//1696
f 1696//1696 1492//1492 1493//1493
f 1409//1409 3723//3723 1705//1705
f 1705//1705 3723//3723 1558//1558
f 1705//1705 1558//1558 1410//1410
f 1410//1410 1558//1558 1411//1411
f 1410//1410 1411//1411 1412//1412
f 1412//1412 1411//1411 1413//1413
f 1412//1412 1413//1413 1414//1414
f 1414//1414 1413//1413 1415//1415
f 1414//1414 1415//1415 1708//1708
f 1708//1708 1415//1415 1416//1416
f 1708//1708 1416//1416 1709//1709
f 1709//1709 1416//1416 1563//1563
f 1709//1709 1563//1563 1417//1417
f 1417//1417 1563//1563 1564//1564
f 1417//1417 1564//1564 1418//1418
f 1418//1418 1564//1564 1566//1566
f 1418//1418 1566//1566 1689//1689
f 3718//3718 3719//3719 1419//1419
f 1419//1419 3719//3719 1496//1496
f 1419//1419 1496//1496 1420//1420
f 1420//1420 1496//1496 1497//1497
f 1420//1420 1497//1497 1421//1421
f 1421//1421 1497//1497 1499//1499
f 1421//1421 1499//1499 1489//1489
f 1489//1489 1499//1499 1422//1422
f 1489//1489 1422//1422 1491//1491
f 1491//1491 1422//1422 1423//1423
f 1491//1491 1423//1423 1424//1424
f 1424//1424 1423//1423 1502//1502
f 1424//1424 1502//1502 1425//1425
f 1425//1425 1502//1502 1504//1504
f 1425//1425 1504//1504 1494//1494
f 1494//1494 1504//1504 1505//1505
f 1494//1494 1505//1505 1697//1697
f 1697//1697 1505//1505 1698//1698
f 1361//1361 1359//1359 1426//1426
f 1426//1426 1359//1359 1427//1427
f 1426//1426 1427//1427 1766//1766
f 1766//1766 1427//1427 1429//1429
f 1766//1766 1429//1429 1428//1428
f 1428//1428 1429//1429 1476//1476
f 1428//1428 1476//1476 1763//1763
f 1763//1763 1476//1476 1479//1479
f 1763//1763 1479//1479 1762//1762
f 1762//1762 1479//1479 1430//1430
f 1762//1762 1430//1430 1431//1431
f 1431//1431 1430//1430 1481//1481
f 1431//1431 1481//1481 1432//1432
f 1432//1432 1481//1481 1433//1433
f 1432//1432 1433//1433 1758//1758
f 1758//1758 1433//1433 1484//1484
f 1758//1758 1484//1484 1756//1756
f 1756//1756 1484//1484 1434//1434
f 1756//1756 1434//1434 1754//1754
f 1754//1754 1434//1434 1694//1694
f 1754//1754 1694//1694 1435//1435
f 1901//1901 1436//1436 1292//1292
f 1292//1292 1436//1436 1437//1437
f 1292//1292 1437//1437 1446//1446
f 1446//1446 1437//1437 1438//1438
f 1446//1446 1438//1438 1813//1813
f 1451//1451 1452//1452 1439//1439
f 1439//1439 1452//1452 1440//1440
f 1439//1439 1440//1440 1395//1395
f 1395//1395 1440//1440 1467//1467
f 1395//1395 1467//1467 1393//1393
f 1393//1393 1467//1467 1468//1468
f 1393//1393 1468//1468 1391//1391
f 1391//1391 1468//1468 1441//1441
f 1391//1391 1441//1441 1442//1442
f 1442//1442 1441//1441 1443//1443
f 1442//1442 1443//1443 1390//1390
f 1390//1390 1443//1443 1444//1444
f 1390//1390 1444//1444 1445//1445
f 1445//1445 1444//1444 1897//1897
f 1445//1445 1897//1897 1141//1141
f 1650//1650 1446//1446 1447//1447
f 1447//1447 1446//1446 1813//1813
f 1447//1447 1813//1813 1814//1814
f 1469//1469 1466//1466 1816//1816
f 1816//1816 1466//1466 1448//1448
f 1816//1816 1448//1448 1465//1465
f 1458//1458 1459//1459 1449//1449
f 1449//1449 1459//1459 1460//1460
f 1449//1449 1460//1460 1451//1451
f 1451//1451 1460//1460 1450//1450
f 1451//1451 1450//1450 1452//1452
f 1452//1452 1450//1450 1453//1453
f 1452//1452 1453//1453 1454//1454
f 1454//1454 1453//1453 1455//1455
f 1454//1454 1455//1455 1456//1456
f 1456//1456 1455//1455 1463//1463
f 1377//1377 3708//3708 1457//1457
f 1457//1457 3708//3708 1371//1371
f 1457//1457 1371//1371 1458//1458
f 1458//1458 1371//1371 1400//1400
f 1458//1458 1400//1400 1459//1459
f 1459//1459 1400//1400 1399//1399
f 1459//1459 1399//1399 1460//1460
f 1460//1460 1399//1399 1461//1461
f 1460//1460 1461//1461 1450//1450
f 1450//1450 1461//1461 1397//1397
f 1450//1450 1397//1397 1453//1453
f 1453//1453 1397//1397 1462//1462
f 1453//1453 1462//1462 1455//1455
f 1455//1455 1462//1462 1396//1396
f 1455//1455 1396//1396 1463//1463
f 1463//1463 1396//1396 1464//1464
f 1755//1755 1753//1753 1464//1464
f 1464//1464 1753//1753 1821//1821
f 1464//1464 1821//1821 1463//1463
f 1463//1463 1821//1821 1818//1818
f 1463//1463 1818//1818 1456//1456
f 1456//1456 1818//1818 1465//1465
f 1456//1456 1465//1465 1402//1402
f 1402//1402 1465//1465 1448//1448
f 1402//1402 1448//1448 1440//1440
f 1440//1440 1448//1448 1466//1466
f 1440//1440 1466//1466 1467//1467
f 1467//1467 1466//1466 1469//1469
f 1467//1467 1469//1469 1468//1468
f 1468//1468 1469//1469 1812//1812
f 1468//1468 1812//1812 1441//1441
f 1441//1441 1812//1812 1470//1470
f 1441//1441 1470//1470 1443//1443
f 1443//1443 1470//1470 1471//1471
f 1443//1443 1471//1471 1444//1444
f 1444//1444 1471//1471 1898//1898
f 1444//1444 1898//1898 1897//1897
f 34//34 33//33 1510//1510
f 1510//1510 33//33 1509//1509
f 1567//1567 1507//1507 36//36
f 36//36 1507//1507 1509//1509
f 36//36 1509//1509 32//32
f 32//32 1509//1509 33//33
f 114//114 113//113 1511//1511
f 1511//1511 113//113 29//29
f 1511//1511 29//29 1472//1472
f 1472//1472 29//29 28//28
f 1472//1472 28//28 27//27
f 27//27 1473//1473 1472//1472
f 1472//1472 1473//1473 30//30
f 1472//1472 30//30 1510//1510
f 1510//1510 30//30 1474//1474
f 1510//1510 1474//1474 34//34
f 1427//1427 1475//1475 1429//1429
f 1429//1429 1475//1475 1477//1477
f 1429//1429 1477//1477 1476//1476
f 1476//1476 1477//1477 1478//1478
f 1476//1476 1478//1478 1479//1479
f 1479//1479 1478//1478 1374//1374
f 1479//1479 1374//1374 1430//1430
f 1430//1430 1374//1374 1480//1480
f 1430//1430 1480//1480 1481//1481
f 1481//1481 1480//1480 1482//1482
f 1481//1481 1482//1482 1433//1433
f 1433//1433 1482//1482 1483//1483
f 1433//1433 1483//1483 1484//1484
f 1484//1484 1483//1483 1485//1485
f 1484//1484 1485//1485 1434//1434
f 1434//1434 1485//1485 1407//1407
f 1434//1434 1407//1407 1694//1694
f 1694//1694 1407//1407 1696//1696
f 1403//1403 3718//3718 1405//1405
f 1405//1405 3718//3718 1419//1419
f 1405//1405 1419//1419 1486//1486
f 1486//1486 1419//1419 1420//1420
f 1486//1486 1420//1420 1487//1487
f 1487//1487 1420//1420 1421//1421
f 1487//1487 1421//1421 1488//1488
f 1488//1488 1421//1421 1489//1489
f 1488//1488 1489//1489 1406//1406
f 1406//1406 1489//1489 1491//1491
f 1406//1406 1491//1491 1490//1490
f 1490//1490 1491//1491 1424//1424
f 1490//1490 1424//1424 1408//1408
f 1408//1408 1424//1424 1425//1425
f 1408//1408 1425//1425 1492//1492
f 1492//1492 1425//1425 1494//1494
f 1492//1492 1494//1494 1493//1493
f 1493//1493 1494//1494 1697//1697
f 3719//3719 1495//1495 1496//1496
f 1496//1496 1495//1495 1498//1498
f 1496//1496 1498//1498 1497//1497
f 1497//1497 1498//1498 1500//1500
f 1497//1497 1500//1500 1499//1499
f 1499//1499 1500//1500 1501//1501
f 1499//1499 1501//1501 1422//1422
f 1422//1422 1501//1501 1706//1706
f 1422//1422 1706//1706 1423//1423
f 1423//1423 1706//1706 1707//1707
f 1423//1423 1707//1707 1502//1502
f 1502//1502 1707//1707 1503//1503
f 1502//1502 1503//1503 1504//1504
f 1504//1504 1503//1503 1710//1710
f 1504//1504 1710//1710 1505//1505
f 1505//1505 1710//1710 1711//1711
f 1505//1505 1711//1711 1698//1698
f 1520//1520 1554//1554 1506//1506
f 1571//1571 1569//1569 1507//1507
f 1507//1507 1569//1569 1508//1508
f 1507//1507 1508//1508 1509//1509
f 1509//1509 1508//1508 1539//1539
f 1509//1509 1539//1539 1510//1510
f 1510//1510 1539//1539 1537//1537
f 1510//1510 1537//1537 1472//1472
f 1472//1472 1537//1537 1536//1536
f 1472//1472 1536//1536 1511//1511
f 1511//1511 1536//1536 1512//1512
f 1511//1511 1512//1512 1513//1513
f 1513//1513 1512//1512 1534//1534
f 1513//1513 1534//1534 1557//1557
f 1557//1557 1534//1534 1515//1515
f 1557//1557 1515//1515 1514//1514
f 1514//1514 1515//1515 1532//1532
f 1514//1514 1532//1532 1516//1516
f 1516//1516 1532//1532 1531//1531
f 1516//1516 1531//1531 1520//1520
f 1520//1520 1531//1531 1528//1528
f 1520//1520 1528//1528 1554//1554
f 1554//1554 1528//1528 1517//1517
f 1554//1554 1517//1517 1552//1552
f 1552//1552 1517//1517 1518//1518
f 1552//1552 1518//1518 1524//1524
f 1506//1506 1519//1519 1520//1520
f 1520//1520 1519//1519 1521//1521
f 1520//1520 1521//1521 1516//1516
f 1516//1516 1521//1521 1522//1522
f 1516//1516 1522//1522 1514//1514
f 1523//1523 1930//1930 1931//1931
f 1930//1930 1524//1524 1525//1525
f 1525//1525 1524//1524 1518//1518
f 1525//1525 1518//1518 1526//1526
f 1526//1526 1518//1518 1517//1517
f 1526//1526 1517//1517 1527//1527
f 1527//1527 1517//1517 1528//1528
f 1527//1527 1528//1528 1529//1529
f 1529//1529 1528//1528 1531//1531
f 1529//1529 1531//1531 1530//1530
f 1530//1530 1531//1531 1532//1532
f 1530//1530 1532//1532 1533//1533
f 1533//1533 1532//1532 1515//1515
f 1533//1533 1515//1515 1924//1924
f 1924//1924 1515//1515 1534//1534
f 1924//1924 1534//1534 1922//1922
f 1922//1922 1534//1534 1512//1512
f 1922//1922 1512//1512 1535//1535
f 1535//1535 1512//1512 1536//1536
f 1535//1535 1536//1536 1919//1919
f 1919//1919 1536//1536 1537//1537
f 1919//1919 1537//1537 1917//1917
f 1917//1917 1537//1537 1539//1539
f 1917//1917 1539//1539 1538//1538
f 1538//1538 1539//1539 1508//1508
f 1538//1538 1508//1508 1540//1540
f 1540//1540 1508//1508 1569//1569
f 1540//1540 1569//1569 1541//1541
f 1547//1547 1542//1542 1546//1546
f 1546//1546 1542//1542 2249//2249
f 1546//1546 2249//2249 1544//1544
f 1544//1544 2249//2249 1543//1543
f 1544//1544 1543//1543 1549//1549
f 1543//1543 120//120 1545//1545
f 1549//1549 1088//1088 1544//1544
f 1544//1544 1088//1088 1523//1523
f 1544//1544 1523//1523 1546//1546
f 1546//1546 1523//1523 1931//1931
f 1546//1546 1931//1931 1547//1547
f 1543//1543 1545//1545 1549//1549
f 1549//1549 1545//1545 1548//1548
f 1549//1549 1548//1548 1553//1553
f 1553//1553 1548//1548 1550//1550
f 1553//1553 1550//1550 1551//1551
f 1930//1930 1523//1523 1524//1524
f 1524//1524 1523//1523 1088//1088
f 1524//1524 1088//1088 1552//1552
f 1552//1552 1088//1088 1553//1553
f 1552//1552 1553//1553 1554//1554
f 1554//1554 1553//1553 1551//1551
f 1554//1554 1551//1551 1506//1506
f 1522//1522 1555//1555 1514//1514
f 1514//1514 1555//1555 1556//1556
f 1514//1514 1556//1556 1557//1557
f 1557//1557 1556//1556 112//112
f 1557//1557 112//112 1513//1513
f 1513//1513 112//112 116//116
f 1513//1513 116//116 1511//1511
f 1511//1511 116//116 114//114
f 3723//3723 3724//3724 1558//1558
f 1558//1558 3724//3724 1559//1559
f 1558//1558 1559//1559 1411//1411
f 1411//1411 1559//1559 1560//1560
f 1411//1411 1560//1560 1413//1413
f 1413//1413 1560//1560 1561//1561
f 1413//1413 1561//1561 1415//1415
f 1415//1415 1561//1561 1562//1562
f 1415//1415 1562//1562 1416//1416
f 1416//1416 1562//1562 1726//1726
f 1416//1416 1726//1726 1563//1563
f 1563//1563 1726//1726 1728//1728
f 1563//1563 1728//1728 1564//1564
f 1564//1564 1728//1728 1565//1565
f 1564//1564 1565//1565 1566//1566
f 1566//1566 1565//1565 1730//1730
f 1567//1567 35//35 1507//1507
f 1507//1507 35//35 1568//1568
f 1507//1507 1568//1568 1571//1571
f 1571//1571 1568//1568 38//38
f 1541//1541 1569//1569 1570//1570
f 1570//1570 1569//1569 1571//1571
f 1570//1570 1571//1571 1087//1087
f 1087//1087 1571//1571 38//38
f 1087//1087 38//38 1085//1085
f 3735//3735 3642//3642 1572//1572
f 1572//1572 3642//3642 1573//1573
f 1572//1572 1573//1573 1594//1594
f 1594//1594 1573//1573 1597//1597
f 1579//1579 1574//1574 1575//1575
f 1575//1575 1574//1574 1597//1597
f 1575//1575 1597//1597 1578//1578
f 1578//1578 1597//1597 1573//1573
f 1578//1578 1573//1573 1576//1576
f 1576//1576 1573//1573 3642//3642
f 1576//1576 1577//1577 1578//1578
f 1578//1578 1577//1577 1586//1586
f 1578//1578 1586//1586 1575//1575
f 1575//1575 1586//1586 1585//1585
f 1575//1575 1585//1585 1579//1579
f 1579//1579 1585//1585 1584//1584
f 1579//1579 1584//1584 1580//1580
f 1580//1580 1584//1584 1583//1583
f 1581//1581 1583//1583 1582//1582
f 1582//1582 1583//1583 1584//1584
f 1582//1582 1584//1584 1587//1587
f 1587//1587 1584//1584 1585//1585
f 1577//1577 1084//1084 1586//1586
f 1586//1586 1084//1084 2161//2161
f 1586//1586 2161//2161 1585//1585
f 1585//1585 2161//2161 2162//2162
f 1585//1585 2162//2162 1587//1587
f 1587//1587 2162//2162 2163//2163
f 1587//1587 2163//2163 1582//1582
f 1582//1582 2163//2163 2165//2165
f 1582//1582 2165//2165 1581//1581
f 1581//1581 2165//2165 2167//2167
f 2654//2654 2655//2655 2018//2018
f 2018//2018 2655//2655 1588//1588
f 2018//2018 1588//1588 1589//1589
f 1590//1590 3676//3676 2761//2761
f 3676//3676 814//814 2761//2761
f 2761//2761 814//814 147//147
f 2761//2761 147//147 1082//1082
f 2739//2739 152//152 2638//2638
f 1591//1591 2410//2410 2430//2430
f 2430//2430 2410//2410 1592//1592
f 2430//2430 1592//1592 2429//2429
f 2429//2429 1592//1592 2408//2408
f 2429//2429 2408//2408 2428//2428
f 2428//2428 2408//2408 2407//2407
f 2428//2428 2407//2407 2427//2427
f 3732//3732 1593//1593 1595//1595
f 1595//1595 1593//1593 1594//1594
f 1595//1595 1594//1594 1596//1596
f 1596//1596 1594//1594 1597//1597
f 1596//1596 1597//1597 1601//1601
f 1601//1601 1597//1597 1574//1574
f 1601//1601 1574//1574 1602//1602
f 1602//1602 1574//1574 1579//1579
f 1602//1602 1579//1579 1604//1604
f 1604//1604 1579//1579 1580//1580
f 1604//1604 1580//1580 1605//1605
f 1605//1605 1580//1580 1583//1583
f 1605//1605 1583//1583 1606//1606
f 1606//1606 1583//1583 1581//1581
f 1606//1606 1581//1581 1598//1598
f 1598//1598 1581//1581 2167//2167
f 1598//1598 2167//2167 2168//2168
f 3731//3731 3732//3732 1599//1599
f 1599//1599 3732//3732 1595//1595
f 1599//1599 1595//1595 1600//1600
f 1600//1600 1595//1595 1596//1596
f 1600//1600 1596//1596 1609//1609
f 1609//1609 1596//1596 1601//1601
f 1609//1609 1601//1601 1610//1610
f 1610//1610 1601//1601 1602//1602
f 1610//1610 1602//1602 1611//1611
f 1611//1611 1602//1602 1604//1604
f 1611//1611 1604//1604 1603//1603
f 1603//1603 1604//1604 1605//1605
f 1603//1603 1605//1605 1614//1614
f 1614//1614 1605//1605 1606//1606
f 1614//1614 1606//1606 1616//1616
f 1616//1616 1606//1606 1598//1598
f 1616//1616 1598//1598 1618//1618
f 1618//1618 1598//1598 2168//2168
f 1618//1618 2168//2168 2169//2169
f 3730//3730 3731//3731 1620//1620
f 1620//1620 3731//3731 1599//1599
f 1620//1620 1599//1599 1607//1607
f 1607//1607 1599//1599 1600//1600
f 1607//1607 1600//1600 1608//1608
f 1608//1608 1600//1600 1609//1609
f 1608//1608 1609//1609 1623//1623
f 1623//1623 1609//1609 1610//1610
f 1623//1623 1610//1610 1625//1625
f 1625//1625 1610//1610 1611//1611
f 1625//1625 1611//1611 1612//1612
f 1612//1612 1611//1611 1603//1603
f 1612//1612 1603//1603 1613//1613
f 1613//1613 1603//1603 1614//1614
f 1613//1613 1614//1614 1615//1615
f 1615//1615 1614//1614 1616//1616
f 1615//1615 1616//1616 1617//1617
f 1617//1617 1616//1616 1618//1618
f 1617//1617 1618//1618 1628//1628
f 1628//1628 1618//1618 2169//2169
f 1628//1628 2169//2169 1629//1629
f 3727//3727 3730//3730 1619//1619
f 1619//1619 3730//3730 1620//1620
f 1619//1619 1620//1620 1663//1663
f 1663//1663 1620//1620 1607//1607
f 1663//1663 1607//1607 1621//1621
f 1621//1621 1607//1607 1608//1608
f 1621//1621 1608//1608 1622//1622
f 1622//1622 1608//1608 1623//1623
f 1622//1622 1623//1623 1624//1624
f 1624//1624 1623//1623 1625//1625
f 1624//1624 1625//1625 1665//1665
f 1665//1665 1625//1625 1612//1612
f 1665//1665 1612//1612 1666//1666
f 1666//1666 1612//1612 1613//1613
f 1666//1666 1613//1613 1626//1626
f 1626//1626 1613//1613 1615//1615
f 1626//1626 1615//1615 1669//1669
f 1669//1669 1615//1615 1617//1617
f 1669//1669 1617//1617 1627//1627
f 1627//1627 1617//1617 1628//1628
f 1627//1627 1628//1628 1671//1671
f 1671//1671 1628//1628 1629//1629
f 1671//1671 1629//1629 1672//1672
f 1814//1814 1817//1817 1651//1651
f 1651//1651 1817//1817 1630//1630
f 1651//1651 1630//1630 1631//1631
f 1631//1631 1630//1630 1819//1819
f 1631//1631 1819//1819 1653//1653
f 1653//1653 1819//1819 1820//1820
f 1653//1653 1820//1820 1632//1632
f 1632//1632 1820//1820 1822//1822
f 1632//1632 1822//1822 1633//1633
f 1633//1633 1822//1822 1635//1635
f 1633//1633 1635//1635 1634//1634
f 1634//1634 1635//1635 1637//1637
f 1634//1634 1637//1637 1636//1636
f 1636//1636 1637//1637 1638//1638
f 1636//1636 1638//1638 1656//1656
f 1656//1656 1638//1638 1639//1639
f 1656//1656 1639//1639 1657//1657
f 1657//1657 1639//1639 1640//1640
f 1657//1657 1640//1640 1659//1659
f 1659//1659 1640//1640 1641//1641
f 1659//1659 1641//1641 1642//1642
f 1642//1642 1641//1641 1826//1826
f 1642//1642 1826//1826 1643//1643
f 1643//1643 1826//1826 1827//1827
f 1643//1643 1827//1827 1644//1644
f 1644//1644 1827//1827 1646//1646
f 1644//1644 1646//1646 1645//1645
f 1645//1645 1646//1646 1647//1647
f 1645//1645 1647//1647 1648//1648
f 1648//1648 1647//1647 1831//1831
f 1648//1648 1831//1831 1809//1809
f 1905//1905 1649//1649 1847//1847
f 1847//1847 1649//1649 1650//1650
f 1847//1847 1650//1650 1848//1848
f 1848//1848 1650//1650 1447//1447
f 1848//1848 1447//1447 1850//1850
f 1850//1850 1447//1447 1814//1814
f 1850//1850 1814//1814 1851//1851
f 1851//1851 1814//1814 1651//1651
f 1851//1851 1651//1651 1852//1852
f 1852//1852 1651//1651 1631//1631
f 1852//1852 1631//1631 1652//1652
f 1652//1652 1631//1631 1653//1653
f 1652//1652 1653//1653 1855//1855
f 1855//1855 1653//1653 1632//1632
f 1855//1855 1632//1632 1654//1654
f 1654//1654 1632//1632 1633//1633
f 1654//1654 1633//1633 1857//1857
f 1857//1857 1633//1633 1634//1634
f 1857//1857 1634//1634 1858//1858
f 1858//1858 1634//1634 1636//1636
f 1858//1858 1636//1636 1655//1655
f 1655//1655 1636//1636 1656//1656
f 1655//1655 1656//1656 1859//1859
f 1859//1859 1656//1656 1657//1657
f 1859//1859 1657//1657 1658//1658
f 1658//1658 1657//1657 1659//1659
f 1658//1658 1659//1659 1861//1861
f 1861//1861 1659//1659 1642//1642
f 1861//1861 1642//1642 1863//1863
f 1863//1863 1642//1642 1643//1643
f 1863//1863 1643//1643 1865//1865
f 1865//1865 1643//1643 1644//1644
f 1865//1865 1644//1644 1660//1660
f 1660//1660 1644//1644 1645//1645
f 1660//1660 1645//1645 1866//1866
f 1866//1866 1645//1645 1648//1648
f 1866//1866 1648//1648 1867//1867
f 1867//1867 1648//1648 1809//1809
f 1867//1867 1809//1809 1868//1868
f 1674//1674 3727//3727 1661//1661
f 1661//1661 3727//3727 1619//1619
f 1661//1661 1619//1619 1662//1662
f 1662//1662 1619//1619 1663//1663
f 1662//1662 1663//1663 1676//1676
f 1676//1676 1663//1663 1621//1621
f 1676//1676 1621//1621 1677//1677
f 1677//1677 1621//1621 1622//1622
f 1677//1677 1622//1622 1680//1680
f 1680//1680 1622//1622 1624//1624
f 1680//1680 1624//1624 1664//1664
f 1664//1664 1624//1624 1665//1665
f 1664//1664 1665//1665 1681//1681
f 1681//1681 1665//1665 1666//1666
f 1681//1681 1666//1666 1667//1667
f 1667//1667 1666//1666 1626//1626
f 1667//1667 1626//1626 1668//1668
f 1668//1668 1626//1626 1669//1669
f 1668//1668 1669//1669 1685//1685
f 1685//1685 1669//1669 1627//1627
f 1685//1685 1627//1627 1686//1686
f 1686//1686 1627//1627 1671//1671
f 1686//1686 1671//1671 1670//1670
f 1670//1670 1671//1671 1672//1672
f 1670//1670 1672//1672 2172//2172
f 3726//3726 1674//1674 1673//1673
f 1673//1673 1674//1674 1661//1661
f 1673//1673 1661//1661 1675//1675
f 1675//1675 1661//1661 1662//1662
f 1675//1675 1662//1662 1725//1725
f 1725//1725 1662//1662 1676//1676
f 1725//1725 1676//1676 1678//1678
f 1678//1678 1676//1676 1677//1677
f 1678//1678 1677//1677 1727//1727
f 1727//1727 1677//1677 1680//1680
f 1727//1727 1680//1680 1679//1679
f 1679//1679 1680//1680 1664//1664
f 1679//1679 1664//1664 1729//1729
f 1729//1729 1664//1664 1681//1681
f 1729//1729 1681//1681 1682//1682
f 1682//1682 1681//1681 1667//1667
f 1682//1682 1667//1667 1683//1683
f 1683//1683 1667//1667 1668//1668
f 1683//1683 1668//1668 1684//1684
f 1684//1684 1668//1668 1685//1685
f 1684//1684 1685//1685 1733//1733
f 1733//1733 1685//1685 1686//1686
f 1733//1733 1686//1686 1734//1734
f 1734//1734 1686//1686 1670//1670
f 1734//1734 1670//1670 1687//1687
f 1687//1687 1670//1670 2172//2172
f 1687//1687 2172//2172 1688//1688
f 1689//1689 1566//1566 1714//1714
f 1714//1714 1566//1566 1730//1730
f 1714//1714 1730//1730 1690//1690
f 1690//1690 1730//1730 1731//1731
f 1690//1690 1731//1731 1691//1691
f 1691//1691 1731//1731 1732//1732
f 1691//1691 1732//1732 1715//1715
f 1715//1715 1732//1732 1692//1692
f 1715//1715 1692//1692 1717//1717
f 1717//1717 1692//1692 1693//1693
f 1717//1717 1693//1693 1719//1719
f 1719//1719 1693//1693 1735//1735
f 1719//1719 1735//1735 1720//1720
f 1720//1720 1735//1735 1736//1736
f 1720//1720 1736//1736 1724//1724
f 1724//1724 1736//1736 1737//1737
f 1724//1724 1737//1737 2174//2174
f 1435//1435 1694//1694 1695//1695
f 1695//1695 1694//1694 1696//1696
f 1695//1695 1696//1696 1751//1751
f 1751//1751 1696//1696 1493//1493
f 1751//1751 1493//1493 1748//1748
f 1748//1748 1493//1493 1697//1697
f 1748//1748 1697//1697 1747//1747
f 1747//1747 1697//1697 1698//1698
f 1747//1747 1698//1698 1746//1746
f 1746//1746 1698//1698 1712//1712
f 1746//1746 1712//1712 1699//1699
f 1699//1699 1712//1712 1713//1713
f 1699//1699 1713//1713 1743//1743
f 1743//1743 1713//1713 1700//1700
f 1743//1743 1700//1700 1742//1742
f 1742//1742 1700//1700 1702//1702
f 1742//1742 1702//1702 1701//1701
f 1701//1701 1702//1702 1716//1716
f 1701//1701 1716//1716 1740//1740
f 1740//1740 1716//1716 1718//1718
f 1740//1740 1718//1718 1703//1703
f 1703//1703 1718//1718 1721//1721
f 1703//1703 1721//1721 1704//1704
f 1704//1704 1721//1721 1722//1722
f 1704//1704 1722//1722 1723//1723
f 3722//3722 1409//1409 1498//1498
f 1498//1498 1409//1409 1705//1705
f 1498//1498 1705//1705 1500//1500
f 1500//1500 1705//1705 1410//1410
f 1500//1500 1410//1410 1501//1501
f 1501//1501 1410//1410 1412//1412
f 1501//1501 1412//1412 1706//1706
f 1706//1706 1412//1412 1414//1414
f 1706//1706 1414//1414 1707//1707
f 1707//1707 1414//1414 1708//1708
f 1707//1707 1708//1708 1503//1503
f 1503//1503 1708//1708 1709//1709
f 1503//1503 1709//1709 1710//1710
f 1710//1710 1709//1709 1417//1417
f 1710//1710 1417//1417 1711//1711
f 1711//1711 1417//1417 1418//1418
f 1711//1711 1418//1418 1698//1698
f 1698//1698 1418//1418 1689//1689
f 1698//1698 1689//1689 1712//1712
f 1712//1712 1689//1689 1714//1714
f 1712//1712 1714//1714 1713//1713
f 1713//1713 1714//1714 1690//1690
f 1713//1713 1690//1690 1700//1700
f 1700//1700 1690//1690 1691//1691
f 1700//1700 1691//1691 1702//1702
f 1702//1702 1691//1691 1715//1715
f 1702//1702 1715//1715 1716//1716
f 1716//1716 1715//1715 1717//1717
f 1716//1716 1717//1717 1718//1718
f 1718//1718 1717//1717 1719//1719
f 1718//1718 1719//1719 1721//1721
f 1721//1721 1719//1719 1720//1720
f 1721//1721 1720//1720 1722//1722
f 1722//1722 1720//1720 1724//1724
f 1722//1722 1724//1724 1723//1723
f 1723//1723 1724//1724 2174//2174
f 3724//3724 3726//3726 1559//1559
f 1559//1559 3726//3726 1673//1673
f 1559//1559 1673//1673 1560//1560
f 1560//1560 1673//1673 1675//1675
f 1560//1560 1675//1675 1561//1561
f 1561//1561 1675//1675 1725//1725
f 1561//1561 1725//1725 1562//1562
f 1562//1562 1725//1725 1678//1678
f 1562//1562 1678//1678 1726//1726
f 1726//1726 1678//1678 1727//1727
f 1726//1726 1727//1727 1728//1728
f 1728//1728 1727//1727 1679//1679
f 1728//1728 1679//1679 1565//1565
f 1565//1565 1679//1679 1729//1729
f 1565//1565 1729//1729 1730//1730
f 1730//1730 1729//1729 1682//1682
f 1730//1730 1682//1682 1731//1731
f 1731//1731 1682//1682 1683//1683
f 1731//1731 1683//1683 1732//1732
f 1732//1732 1683//1683 1684//1684
f 1732//1732 1684//1684 1692//1692
f 1692//1692 1684//1684 1733//1733
f 1692//1692 1733//1733 1693//1693
f 1693//1693 1733//1733 1734//1734
f 1693//1693 1734//1734 1735//1735
f 1735//1735 1734//1734 1687//1687
f 1735//1735 1687//1687 1736//1736
f 1736//1736 1687//1687 1688//1688
f 1736//1736 1688//1688 1737//1737
f 1771//1771 1738//1738 1800//1800
f 2174//2174 2175//2175 1723//1723
f 1723//1723 2175//2175 1739//1739
f 1723//1723 1739//1739 1704//1704
f 1704//1704 1739//1739 1830//1830
f 1704//1704 1830//1830 1703//1703
f 1703//1703 1830//1830 1829//1829
f 1703//1703 1829//1829 1740//1740
f 1740//1740 1829//1829 1828//1828
f 1740//1740 1828//1828 1701//1701
f 1701//1701 1828//1828 1741//1741
f 1701//1701 1741//1741 1742//1742
f 1742//1742 1741//1741 1744//1744
f 1742//1742 1744//1744 1743//1743
f 1743//1743 1744//1744 1745//1745
f 1743//1743 1745//1745 1699//1699
f 1699//1699 1745//1745 1825//1825
f 1699//1699 1825//1825 1746//1746
f 1746//1746 1825//1825 1824//1824
f 1746//1746 1824//1824 1747//1747
f 1747//1747 1824//1824 1749//1749
f 1747//1747 1749//1749 1748//1748
f 1748//1748 1749//1749 1750//1750
f 1748//1748 1750//1750 1751//1751
f 1751//1751 1750//1750 1752//1752
f 1751//1751 1752//1752 1695//1695
f 1695//1695 1752//1752 1823//1823
f 1695//1695 1823//1823 1435//1435
f 1435//1435 1823//1823 1753//1753
f 1435//1435 1753//1753 1754//1754
f 1754//1754 1753//1753 1755//1755
f 1754//1754 1755//1755 1756//1756
f 1756//1756 1755//1755 1757//1757
f 1756//1756 1757//1757 1758//1758
f 1758//1758 1757//1757 1759//1759
f 1758//1758 1759//1759 1432//1432
f 1432//1432 1759//1759 1760//1760
f 1432//1432 1760//1760 1431//1431
f 1431//1431 1760//1760 1761//1761
f 1431//1431 1761//1761 1762//1762
f 1762//1762 1761//1761 1398//1398
f 1762//1762 1398//1398 1763//1763
f 1763//1763 1398//1398 1764//1764
f 1763//1763 1764//1764 1428//1428
f 1428//1428 1764//1764 1765//1765
f 1428//1428 1765//1765 1766//1766
f 1766//1766 1765//1765 1362//1362
f 1766//1766 1362//1362 1767//1767
f 1767//1767 1362//1362 1768//1768
f 1767//1767 1768//1768 1360//1360
f 1769//1769 1738//1738 1770//1770
f 1770//1770 1738//1738 1771//1771
f 1770//1770 1771//1771 2173//2173
f 1803//1803 1769//1769 1774//1774
f 1774//1774 1769//1769 1770//1770
f 1774//1774 1770//1770 1775//1775
f 1775//1775 1770//1770 2173//2173
f 1775//1775 2173//2173 1772//1772
f 1777//1777 1803//1803 1773//1773
f 1773//1773 1803//1803 1774//1774
f 1773//1773 1774//1774 1778//1778
f 1778//1778 1774//1774 1775//1775
f 1778//1778 1775//1775 1780//1780
f 1780//1780 1775//1775 1772//1772
f 1780//1780 1772//1772 2171//2171
f 1776//1776 1777//1777 1782//1782
f 1782//1782 1777//1777 1773//1773
f 1782//1782 1773//1773 1785//1785
f 1785//1785 1773//1773 1778//1778
f 1785//1785 1778//1778 1779//1779
f 1779//1779 1778//1778 1780//1780
f 1779//1779 1780//1780 1781//1781
f 1781//1781 1780//1780 2171//2171
f 1781//1781 2171//2171 2170//2170
f 1805//1805 1776//1776 1783//1783
f 1783//1783 1776//1776 1782//1782
f 1783//1783 1782//1782 1784//1784
f 1784//1784 1782//1782 1785//1785
f 1784//1784 1785//1785 1786//1786
f 1786//1786 1785//1785 1779//1779
f 1786//1786 1779//1779 1787//1787
f 1787//1787 1779//1779 1781//1781
f 1787//1787 1781//1781 1788//1788
f 1788//1788 1781//1781 2170//2170
f 1788//1788 2170//2170 1792//1792
f 1807//1807 1805//1805 1795//1795
f 1795//1795 1805//1805 1783//1783
f 1795//1795 1783//1783 1796//1796
f 1796//1796 1783//1783 1784//1784
f 1796//1796 1784//1784 1789//1789
f 1789//1789 1784//1784 1786//1786
f 1789//1789 1786//1786 1790//1790
f 1790//1790 1786//1786 1787//1787
f 1790//1790 1787//1787 1799//1799
f 1799//1799 1787//1787 1788//1788
f 1799//1799 1788//1788 1791//1791
f 1791//1791 1788//1788 1792//1792
f 1791//1791 1792//1792 1793//1793
f 1978//1978 1807//1807 1794//1794
f 1794//1794 1807//1807 1795//1795
f 1794//1794 1795//1795 1980//1980
f 1980//1980 1795//1795 1796//1796
f 1980//1980 1796//1796 1981//1981
f 1981//1981 1796//1796 1789//1789
f 1981//1981 1789//1789 1797//1797
f 1797//1797 1789//1789 1790//1790
f 1797//1797 1790//1790 1798//1798
f 1798//1798 1790//1790 1799//1799
f 1798//1798 1799//1799 1982//1982
f 1982//1982 1799//1799 1791//1791
f 1982//1982 1791//1791 1984//1984
f 1984//1984 1791//1791 1793//1793
f 1984//1984 1793//1793 2166//2166
f 2033//2033 1800//1800 1801//1801
f 1801//1801 1800//1800 1738//1738
f 1801//1801 1738//1738 1802//1802
f 1802//1802 1738//1738 1769//1769
f 1802//1802 1769//1769 2034//2034
f 2034//2034 1769//1769 1803//1803
f 2034//2034 1803//1803 1804//1804
f 1804//1804 1803//1803 1777//1777
f 1804//1804 1777//1777 2036//2036
f 2036//2036 1777//1777 1776//1776
f 2036//2036 1776//1776 2037//2037
f 2037//2037 1776//1776 1805//1805
f 2037//2037 1805//1805 2038//2038
f 2038//2038 1805//1805 1807//1807
f 2038//2038 1807//1807 1806//1806
f 1806//1806 1807//1807 1978//1978
f 1806//1806 1978//1978 2039//2039
f 1831//1831 1808//1808 1809//1809
f 1809//1809 1808//1808 1832//1832
f 1809//1809 1832//1832 1868//1868
f 1868//1868 1832//1832 1810//1810
f 1868//1868 1810//1810 1811//1811
f 1900//1900 1471//1471 1436//1436
f 1436//1436 1471//1471 1470//1470
f 1436//1436 1470//1470 1437//1437
f 1437//1437 1470//1470 1812//1812
f 1437//1437 1812//1812 1438//1438
f 1438//1438 1812//1812 1469//1469
f 1438//1438 1469//1469 1813//1813
f 1813//1813 1469//1469 1815//1815
f 1813//1813 1815//1815 1814//1814
f 1814//1814 1815//1815 1816//1816
f 1814//1814 1816//1816 1817//1817
f 1817//1817 1816//1816 1465//1465
f 1817//1817 1465//1465 1630//1630
f 1630//1630 1465//1465 1818//1818
f 1630//1630 1818//1818 1819//1819
f 1819//1819 1818//1818 1821//1821
f 1819//1819 1821//1821 1820//1820
f 1820//1820 1821//1821 1753//1753
f 1820//1820 1753//1753 1822//1822
f 1822//1822 1753//1753 1823//1823
f 1822//1822 1823//1823 1635//1635
f 1635//1635 1823//1823 1752//1752
f 1635//1635 1752//1752 1637//1637
f 1637//1637 1752//1752 1750//1750
f 1637//1637 1750//1750 1638//1638
f 1638//1638 1750//1750 1749//1749
f 1638//1638 1749//1749 1639//1639
f 1639//1639 1749//1749 1824//1824
f 1639//1639 1824//1824 1640//1640
f 1640//1640 1824//1824 1825//1825
f 1640//1640 1825//1825 1641//1641
f 1641//1641 1825//1825 1745//1745
f 1641//1641 1745//1745 1826//1826
f 1826//1826 1745//1745 1744//1744
f 1826//1826 1744//1744 1827//1827
f 1827//1827 1744//1744 1741//1741
f 1827//1827 1741//1741 1646//1646
f 1646//1646 1741//1741 1828//1828
f 1646//1646 1828//1828 1647//1647
f 1647//1647 1828//1828 1829//1829
f 1647//1647 1829//1829 1831//1831
f 1831//1831 1829//1829 1830//1830
f 1831//1831 1830//1830 1808//1808
f 1808//1808 1830//1830 1739//1739
f 1808//1808 1739//1739 1832//1832
f 1832//1832 1739//1739 1833//1833
f 1832//1832 1833//1833 1810//1810
f 1894//1894 2246//2246 1834//1834
f 1834//1834 2246//2246 1934//1934
f 1834//1834 1934//1934 1892//1892
f 1892//1892 1934//1934 1932//1932
f 1892//1892 1932//1932 1891//1891
f 1891//1891 1932//1932 1836//1836
f 1891//1891 1836//1836 1835//1835
f 1835//1835 1836//1836 1837//1837
f 1835//1835 1837//1837 1886//1886
f 1886//1886 1837//1837 1929//1929
f 1886//1886 1929//1929 1885//1885
f 1885//1885 1929//1929 1928//1928
f 1885//1885 1928//1928 1838//1838
f 1838//1838 1928//1928 1927//1927
f 1838//1838 1927//1927 1839//1839
f 1839//1839 1927//1927 1926//1926
f 1839//1839 1926//1926 1884//1884
f 1884//1884 1926//1926 1840//1840
f 1884//1884 1840//1840 1841//1841
f 1841//1841 1840//1840 1925//1925
f 1841//1841 1925//1925 1880//1880
f 1880//1880 1925//1925 1923//1923
f 1880//1880 1923//1923 1878//1878
f 1878//1878 1923//1923 1921//1921
f 1878//1878 1921//1921 1842//1842
f 1842//1842 1921//1921 1920//1920
f 1842//1842 1920//1920 1843//1843
f 1843//1843 1920//1920 1918//1918
f 1843//1843 1918//1918 1876//1876
f 1876//1876 1918//1918 1916//1916
f 1876//1876 1916//1916 1875//1875
f 1875//1875 1916//1916 1915//1915
f 1875//1875 1915//1915 1873//1873
f 1873//1873 1915//1915 1914//1914
f 1873//1873 1914//1914 1872//1872
f 1872//1872 1914//1914 1844//1844
f 1872//1872 1844//1844 1845//1845
f 1845//1845 1844//1844 1846//1846
f 1845//1845 1846//1846 1870//1870
f 1870//1870 1846//1846 1911//1911
f 1870//1870 1911//1911 1910//1910
f 1908//1908 1847//1847 1089//1089
f 1089//1089 1847//1847 1848//1848
f 1089//1089 1848//1848 1849//1849
f 1849//1849 1848//1848 1850//1850
f 1849//1849 1850//1850 1871//1871
f 1871//1871 1850//1850 1851//1851
f 1871//1871 1851//1851 1874//1874
f 1874//1874 1851//1851 1852//1852
f 1874//1874 1852//1852 1853//1853
f 1853//1853 1852//1852 1652//1652
f 1853//1853 1652//1652 1854//1854
f 1854//1854 1652//1652 1855//1855
f 1854//1854 1855//1855 1877//1877
f 1877//1877 1855//1855 1654//1654
f 1877//1877 1654//1654 1856//1856
f 1856//1856 1654//1654 1857//1857
f 1856//1856 1857//1857 1879//1879
f 1879//1879 1857//1857 1858//1858
f 1879//1879 1858//1858 1881//1881
f 1881//1881 1858//1858 1655//1655
f 1881//1881 1655//1655 1882//1882
f 1882//1882 1655//1655 1859//1859
f 1882//1882 1859//1859 1883//1883
f 1883//1883 1859//1859 1658//1658
f 1883//1883 1658//1658 1860//1860
f 1860//1860 1658//1658 1861//1861
f 1860//1860 1861//1861 1862//1862
f 1862//1862 1861//1861 1863//1863
f 1862//1862 1863//1863 1864//1864
f 1864//1864 1863//1863 1865//1865
f 1864//1864 1865//1865 1887//1887
f 1887//1887 1865//1865 1660//1660
f 1887//1887 1660//1660 1888//1888
f 1888//1888 1660//1660 1866//1866
f 1888//1888 1866//1866 1889//1889
f 1889//1889 1866//1866 1867//1867
f 1889//1889 1867//1867 1890//1890
f 1890//1890 1867//1867 1868//1868
f 1890//1890 1868//1868 1893//1893
f 1893//1893 1868//1868 1811//1811
f 1893//1893 1811//1811 1869//1869
f 1910//1910 1089//1089 1870//1870
f 1870//1870 1089//1089 1849//1849
f 1870//1870 1849//1849 1845//1845
f 1845//1845 1849//1849 1871//1871
f 1845//1845 1871//1871 1872//1872
f 1872//1872 1871//1871 1874//1874
f 1872//1872 1874//1874 1873//1873
f 1873//1873 1874//1874 1853//1853
f 1873//1873 1853//1853 1875//1875
f 1875//1875 1853//1853 1854//1854
f 1875//1875 1854//1854 1876//1876
f 1876//1876 1854//1854 1877//1877
f 1876//1876 1877//1877 1843//1843
f 1843//1843 1877//1877 1856//1856
f 1843//1843 1856//1856 1842//1842
f 1842//1842 1856//1856 1879//1879
f 1842//1842 1879//1879 1878//1878
f 1878//1878 1879//1879 1881//1881
f 1878//1878 1881//1881 1880//1880
f 1880//1880 1881//1881 1882//1882
f 1880//1880 1882//1882 1841//1841
f 1841//1841 1882//1882 1883//1883
f 1841//1841 1883//1883 1884//1884
f 1884//1884 1883//1883 1860//1860
f 1884//1884 1860//1860 1839//1839
f 1839//1839 1860//1860 1862//1862
f 1839//1839 1862//1862 1838//1838
f 1838//1838 1862//1862 1864//1864
f 1838//1838 1864//1864 1885//1885
f 1885//1885 1864//1864 1887//1887
f 1885//1885 1887//1887 1886//1886
f 1886//1886 1887//1887 1888//1888
f 1886//1886 1888//1888 1835//1835
f 1835//1835 1888//1888 1889//1889
f 1835//1835 1889//1889 1891//1891
f 1891//1891 1889//1889 1890//1890
f 1891//1891 1890//1890 1892//1892
f 1892//1892 1890//1890 1893//1893
f 1892//1892 1893//1893 1834//1834
f 1834//1834 1893//1893 1869//1869
f 1834//1834 1869//1869 1894//1894
f 1895//1895 3702//3702 1896//1896
f 1896//1896 3702//3702 1141//1141
f 1896//1896 1141//1141 1285//1285
f 1285//1285 1141//1141 1897//1897
f 1285//1285 1897//1897 1287//1287
f 1287//1287 1897//1897 1898//1898
f 1287//1287 1898//1898 1899//1899
f 1899//1899 1898//1898 1900//1900
f 1899//1899 1900//1900 1289//1289
f 1289//1289 1900//1900 1901//1901
f 1289//1289 1901//1901 1902//1902
f 1902//1902 1901//1901 1903//1903
f 1902//1902 1903//1903 1305//1305
f 1305//1305 1903//1903 1904//1904
f 1305//1305 1904//1904 1906//1906
f 1906//1906 1904//1904 1905//1905
f 1906//1906 1905//1905 1907//1907
f 1907//1907 1905//1905 1908//1908
f 1907//1907 1908//1908 1909//1909
f 1909//1909 1908//1908 1910//1910
f 1909//1909 1910//1910 1912//1912
f 1912//1912 1910//1910 1911//1911
f 1912//1912 1911//1911 1334//1334
f 1334//1334 1911//1911 1846//1846
f 1334//1334 1846//1846 1913//1913
f 1913//1913 1846//1846 1844//1844
f 1913//1913 1844//1844 1541//1541
f 1541//1541 1844//1844 1914//1914
f 1541//1541 1914//1914 1540//1540
f 1540//1540 1914//1914 1915//1915
f 1540//1540 1915//1915 1538//1538
f 1538//1538 1915//1915 1916//1916
f 1538//1538 1916//1916 1917//1917
f 1917//1917 1916//1916 1918//1918
f 1917//1917 1918//1918 1919//1919
f 1919//1919 1918//1918 1920//1920
f 1919//1919 1920//1920 1535//1535
f 1535//1535 1920//1920 1921//1921
f 1535//1535 1921//1921 1922//1922
f 1922//1922 1921//1921 1923//1923
f 1922//1922 1923//1923 1924//1924
f 1924//1924 1923//1923 1925//1925
f 1924//1924 1925//1925 1533//1533
f 1533//1533 1925//1925 1840//1840
f 1533//1533 1840//1840 1530//1530
f 1530//1530 1840//1840 1926//1926
f 1530//1530 1926//1926 1529//1529
f 1529//1529 1926//1926 1927//1927
f 1529//1529 1927//1927 1527//1527
f 1527//1527 1927//1927 1928//1928
f 1527//1527 1928//1928 1526//1526
f 1526//1526 1928//1928 1929//1929
f 1526//1526 1929//1929 1525//1525
f 1525//1525 1929//1929 1837//1837
f 1525//1525 1837//1837 1930//1930
f 1930//1930 1837//1837 1836//1836
f 1930//1930 1836//1836 1931//1931
f 1931//1931 1836//1836 1932//1932
f 1931//1931 1932//1932 1547//1547
f 1547//1547 1932//1932 1934//1934
f 1547//1547 1934//1934 1933//1933
f 1933//1933 1934//1934 2246//2246
f 1977//1977 1936//1936 1935//1935
f 1935//1935 1936//1936 124//124
f 1935//1935 124//124 1937//1937
f 124//124 1938//1938 1937//1937
f 1937//1937 1938//1938 1939//1939
f 1937//1937 1939//1939 3670//3670
f 3670//3670 1939//1939 1940//1940
f 3670//3670 1940//1940 3637//3637
f 2046//2046 1942//1942 1941//1941
f 1941//1941 1942//1942 1943//1943
f 1941//1941 1943//1943 1944//1944
f 1944//1944 1943//1943 1959//1959
f 1944//1944 1959//1959 2058//2058
f 2058//2058 1959//1959 1958//1958
f 2058//2058 1958//1958 1945//1945
f 1945//1945 1958//1958 1956//1956
f 1945//1945 1956//1956 2056//2056
f 2056//2056 1956//1956 1955//1955
f 2056//2056 1955//1955 2053//2053
f 2053//2053 1955//1955 1946//1946
f 2053//2053 1946//1946 1947//1947
f 1947//1947 1946//1946 1948//1948
f 1947//1947 1948//1948 2051//2051
f 2051//2051 1948//1948 1949//1949
f 2051//2051 1949//1949 1950//1950
f 1950//1950 1949//1949 1953//1953
f 1950//1950 1953//1953 1951//1951
f 1951//1951 1953//1953 2047//2047
f 2177//2177 2047//2047 1952//1952
f 1952//1952 2047//2047 1953//1953
f 1952//1952 1953//1953 2093//2093
f 2093//2093 1953//1953 1949//1949
f 2093//2093 1949//1949 2094//2094
f 2094//2094 1949//1949 1948//1948
f 2094//2094 1948//1948 2096//2096
f 2096//2096 1948//1948 1946//1946
f 2096//2096 1946//1946 1954//1954
f 1954//1954 1946//1946 1955//1955
f 1954//1954 1955//1955 2099//2099
f 2099//2099 1955//1955 1956//1956
f 2099//2099 1956//1956 1957//1957
f 1957//1957 1956//1956 1958//1958
f 1957//1957 1958//1958 1960//1960
f 1960//1960 1958//1958 1959//1959
f 1960//1960 1959//1959 1961//1961
f 1961//1961 1959//1959 1943//1943
f 1961//1961 1943//1943 1962//1962
f 1962//1962 1943//1943 1942//1942
f 1963//1963 1964//1964 3663//3663
f 3663//3663 1964//1964 1965//1965
f 3663//3663 1965//1965 3664//3664
f 3659//3659 1967//1967 1966//1966
f 1966//1966 1967//1967 1969//1969
f 1966//1966 1969//1969 1968//1968
f 1969//1969 91//91 1968//1968
f 1968//1968 91//91 1970//1970
f 1968//1968 1970//1970 1971//1971
f 1971//1971 1970//1970 92//92
f 1971//1971 92//92 1963//1963
f 1963//1963 92//92 1972//1972
f 1963//1963 1972//1972 1964//1964
f 1965//1965 1973//1973 3664//3664
f 3664//3664 1973//1973 1974//1974
f 3664//3664 1974//1974 3667//3667
f 3667//3667 1974//1974 1975//1975
f 3667//3667 1975//1975 3668//3668
f 3668//3668 1975//1975 1976//1976
f 3668//3668 1976//1976 1977//1977
f 1977//1977 1976//1976 125//125
f 1977//1977 125//125 1936//1936
f 1986//1986 2039//2039 1987//1987
f 1987//1987 2039//2039 1978//1978
f 1987//1987 1978//1978 1988//1988
f 1988//1988 1978//1978 1794//1794
f 1988//1988 1794//1794 1990//1990
f 1990//1990 1794//1794 1980//1980
f 1990//1990 1980//1980 1979//1979
f 1979//1979 1980//1980 1981//1981
f 1979//1979 1981//1981 1991//1991
f 1991//1991 1981//1981 1797//1797
f 1991//1991 1797//1797 1992//1992
f 1992//1992 1797//1797 1798//1798
f 1992//1992 1798//1798 1994//1994
f 1994//1994 1798//1798 1982//1982
f 1994//1994 1982//1982 1983//1983
f 1983//1983 1982//1982 1984//1984
f 1983//1983 1984//1984 1985//1985
f 1985//1985 1984//1984 2166//2166
f 1985//1985 2166//2166 1997//1997
f 2009//2009 1986//1986 2008//2008
f 2008//2008 1986//1986 1987//1987
f 2008//2008 1987//1987 2007//2007
f 2007//2007 1987//1987 1988//1988
f 2007//2007 1988//1988 1989//1989
f 1989//1989 1988//1988 1990//1990
f 1989//1989 1990//1990 2005//2005
f 2005//2005 1990//1990 1979//1979
f 2005//2005 1979//1979 2003//2003
f 2003//2003 1979//1979 1991//1991
f 2003//2003 1991//1991 2001//2001
f 2001//2001 1991//1991 1992//1992
f 2001//2001 1992//1992 1993//1993
f 1993//1993 1992//1992 1994//1994
f 1993//1993 1994//1994 1999//1999
f 1999//1999 1994//1994 1983//1983
f 1999//1999 1983//1983 1995//1995
f 1995//1995 1983//1983 1985//1985
f 1995//1995 1985//1985 1996//1996
f 1996//1996 1985//1985 1997//1997
f 1996//1996 1997//1997 2164//2164
f 2164//2164 2079//2079 1996//1996
f 1996//1996 2079//2079 2081//2081
f 1996//1996 2081//2081 1995//1995
f 1995//1995 2081//2081 1998//1998
f 1995//1995 1998//1998 1999//1999
f 1999//1999 1998//1998 2083//2083
f 1999//1999 2083//2083 1993//1993
f 1993//1993 2083//2083 2000//2000
f 1993//1993 2000//2000 2001//2001
f 2001//2001 2000//2000 2002//2002
f 2001//2001 2002//2002 2003//2003
f 2003//2003 2002//2002 2004//2004
f 2003//2003 2004//2004 2005//2005
f 2005//2005 2004//2004 2087//2087
f 2005//2005 2087//2087 1989//1989
f 1989//1989 2087//2087 2006//2006
f 1989//1989 2006//2006 2007//2007
f 2007//2007 2006//2006 2089//2089
f 2007//2007 2089//2089 2008//2008
f 2008//2008 2089//2089 2041//2041
f 2008//2008 2041//2041 2009//2009
f 2869//2869 2425//2425 2870//2870
f 2865//2865 162//162 167//167
f 2021//2021 1083//1083 2022//2022
f 2022//2022 1083//1083 2010//2010
f 2022//2022 2010//2010 2024//2024
f 2024//2024 2010//2010 2658//2658
f 2024//2024 2658//2658 2011//2011
f 2011//2011 2658//2658 2012//2012
f 2011//2011 2012//2012 2026//2026
f 2026//2026 2012//2012 2013//2013
f 2026//2026 2013//2013 2029//2029
f 2029//2029 2013//2013 2015//2015
f 2029//2029 2015//2015 2014//2014
f 2014//2014 2015//2015 2660//2660
f 2014//2014 2660//2660 2016//2016
f 2016//2016 2660//2660 2661//2661
f 2016//2016 2661//2661 2030//2030
f 2030//2030 2661//2661 2017//2017
f 2030//2030 2017//2017 2032//2032
f 2032//2032 2017//2017 160//160
f 2032//2032 160//160 164//164
f 2879//2879 2654//2654 2878//2878
f 2878//2878 2654//2654 2018//2018
f 2878//2878 2018//2018 2019//2019
f 2019//2019 2018//2018 1589//1589
f 2019//2019 1589//1589 2020//2020
f 2020//2020 1589//1589 2021//2021
f 2020//2020 2021//2021 2874//2874
f 2874//2874 2021//2021 2022//2022
f 2874//2874 2022//2022 2023//2023
f 2023//2023 2022//2022 2024//2024
f 2023//2023 2024//2024 2871//2871
f 2871//2871 2024//2024 2011//2011
f 2871//2871 2011//2011 2025//2025
f 2025//2025 2011//2011 2026//2026
f 2025//2025 2026//2026 2027//2027
f 2027//2027 2026//2026 2029//2029
f 2027//2027 2029//2029 2028//2028
f 2028//2028 2029//2029 2014//2014
f 2028//2028 2014//2014 2868//2868
f 2868//2868 2014//2014 2016//2016
f 2868//2868 2016//2016 2866//2866
f 2866//2866 2016//2016 2030//2030
f 2866//2866 2030//2030 2031//2031
f 2031//2031 2030//2030 2032//2032
f 2031//2031 2032//2032 2865//2865
f 2865//2865 2032//2032 164//164
f 2865//2865 164//164 162//162
f 2176//2176 2033//2033 2048//2048
f 2048//2048 2033//2033 1801//1801
f 2048//2048 1801//1801 2049//2049
f 2049//2049 1801//1801 1802//1802
f 2049//2049 1802//1802 2050//2050
f 2050//2050 1802//1802 2034//2034
f 2050//2050 2034//2034 2052//2052
f 2052//2052 2034//2034 1804//1804
f 2052//2052 1804//1804 2035//2035
f 2035//2035 1804//1804 2036//2036
f 2035//2035 2036//2036 2054//2054
f 2054//2054 2036//2036 2037//2037
f 2054//2054 2037//2037 2055//2055
f 2055//2055 2037//2037 2038//2038
f 2055//2055 2038//2038 2057//2057
f 2057//2057 2038//2038 1806//1806
f 2057//2057 1806//1806 2059//2059
f 2059//2059 1806//1806 2039//2039
f 2059//2059 2039//2039 2060//2060
f 2060//2060 2039//2039 1986//1986
f 2060//2060 1986//1986 2061//2061
f 2061//2061 1986//1986 2009//2009
f 2061//2061 2009//2009 2040//2040
f 2040//2040 2009//2009 2041//2041
f 2040//2040 2041//2041 2042//2042
f 2042//2042 2041//2041 2090//2090
f 2042//2042 2090//2090 2063//2063
f 2063//2063 2090//2090 2091//2091
f 2063//2063 2091//2091 2043//2043
f 2043//2043 2091//2091 2110//2110
f 2062//2062 2044//2044 2045//2045
f 2045//2045 2044//2044 2107//2107
f 2045//2045 2107//2107 2046//2046
f 2046//2046 2107//2107 2105//2105
f 2046//2046 2105//2105 1942//1942
f 1942//1942 2105//2105 2104//2104
f 1942//1942 2104//2104 1962//1962
f 2177//2177 2176//2176 2047//2047
f 2047//2047 2176//2176 2048//2048
f 2047//2047 2048//2048 1951//1951
f 1951//1951 2048//2048 2049//2049
f 1951//1951 2049//2049 1950//1950
f 1950//1950 2049//2049 2050//2050
f 1950//1950 2050//2050 2051//2051
f 2051//2051 2050//2050 2052//2052
f 2051//2051 2052//2052 1947//1947
f 1947//1947 2052//2052 2035//2035
f 1947//1947 2035//2035 2053//2053
f 2053//2053 2035//2035 2054//2054
f 2053//2053 2054//2054 2056//2056
f 2056//2056 2054//2054 2055//2055
f 2056//2056 2055//2055 1945//1945
f 1945//1945 2055//2055 2057//2057
f 1945//1945 2057//2057 2058//2058
f 2058//2058 2057//2057 2059//2059
f 2058//2058 2059//2059 1944//1944
f 1944//1944 2059//2059 2060//2060
f 1944//1944 2060//2060 1941//1941
f 1941//1941 2060//2060 2061//2061
f 1941//1941 2061//2061 2046//2046
f 2046//2046 2061//2061 2040//2040
f 2046//2046 2040//2040 2045//2045
f 2045//2045 2040//2040 2042//2042
f 2045//2045 2042//2042 2062//2062
f 2062//2062 2042//2042 2063//2063
f 2062//2062 2063//2063 2108//2108
f 2108//2108 2063//2063 2043//2043
f 2078//2078 2160//2160 2080//2080
f 2080//2080 2160//2160 2158//2158
f 2080//2080 2158//2158 2082//2082
f 2082//2082 2158//2158 2157//2157
f 2082//2082 2157//2157 2084//2084
f 2084//2084 2157//2157 2154//2154
f 2084//2084 2154//2154 2085//2085
f 2085//2085 2154//2154 2065//2065
f 2085//2085 2065//2065 2064//2064
f 2064//2064 2065//2065 2066//2066
f 2064//2064 2066//2066 2086//2086
f 2086//2086 2066//2066 2067//2067
f 2086//2086 2067//2067 2069//2069
f 2069//2069 2067//2067 2068//2068
f 2069//2069 2068//2068 2070//2070
f 2070//2070 2068//2068 2150//2150
f 2070//2070 2150//2150 2088//2088
f 2088//2088 2150//2150 2148//2148
f 2088//2088 2148//2148 2071//2071
f 2071//2071 2148//2148 2146//2146
f 2071//2071 2146//2146 2072//2072
f 2072//2072 2146//2146 2073//2073
f 2072//2072 2073//2073 2074//2074
f 2074//2074 2073//2073 2076//2076
f 2074//2074 2076//2076 2075//2075
f 2075//2075 2076//2076 2143//2143
f 2077//2077 2078//2078 2079//2079
f 2079//2079 2078//2078 2080//2080
f 2079//2079 2080//2080 2081//2081
f 2081//2081 2080//2080 2082//2082
f 2081//2081 2082//2082 1998//1998
f 1998//1998 2082//2082 2084//2084
f 1998//1998 2084//2084 2083//2083
f 2083//2083 2084//2084 2085//2085
f 2083//2083 2085//2085 2000//2000
f 2000//2000 2085//2085 2064//2064
f 2000//2000 2064//2064 2002//2002
f 2002//2002 2064//2064 2086//2086
f 2002//2002 2086//2086 2004//2004
f 2004//2004 2086//2086 2069//2069
f 2004//2004 2069//2069 2087//2087
f 2087//2087 2069//2069 2070//2070
f 2087//2087 2070//2070 2006//2006
f 2006//2006 2070//2070 2088//2088
f 2006//2006 2088//2088 2089//2089
f 2089//2089 2088//2088 2071//2071
f 2089//2089 2071//2071 2090//2090
f 2090//2090 2071//2071 2072//2072
f 2090//2090 2072//2072 2091//2091
f 2091//2091 2072//2072 2074//2074
f 2091//2091 2074//2074 2110//2110
f 2110//2110 2074//2074 2075//2075
f 2119//2119 2178//2178 2120//2120
f 2120//2120 2178//2178 1952//1952
f 2120//2120 1952//1952 2121//2121
f 2121//2121 1952//1952 2093//2093
f 2121//2121 2093//2093 2092//2092
f 2092//2092 2093//2093 2094//2094
f 2092//2092 2094//2094 2095//2095
f 2095//2095 2094//2094 2096//2096
f 2095//2095 2096//2096 2097//2097
f 2097//2097 2096//2096 1954//1954
f 2097//2097 1954//1954 2098//2098
f 2098//2098 1954//1954 2099//2099
f 2098//2098 2099//2099 2100//2100
f 2100//2100 2099//2099 1957//1957
f 2100//2100 1957//1957 2126//2126
f 2126//2126 1957//1957 1960//1960
f 2126//2126 1960//1960 2101//2101
f 2101//2101 1960//1960 1961//1961
f 2101//2101 1961//1961 2128//2128
f 2128//2128 1961//1961 1962//1962
f 2128//2128 1962//1962 2102//2102
f 2102//2102 1962//1962 2104//2104
f 2102//2102 2104//2104 2103//2103
f 2103//2103 2104//2104 2105//2105
f 2103//2103 2105//2105 2106//2106
f 2106//2106 2105//2105 2107//2107
f 2106//2106 2107//2107 2131//2131
f 2131//2131 2107//2107 2044//2044
f 2131//2131 2044//2044 2133//2133
f 2133//2133 2044//2044 2108//2108
f 2133//2133 2108//2108 2109//2109
f 2109//2109 2108//2108 2043//2043
f 2109//2109 2043//2043 2135//2135
f 2135//2135 2043//2043 2110//2110
f 2135//2135 2110//2110 2137//2137
f 2137//2137 2110//2110 2075//2075
f 2137//2137 2075//2075 2139//2139
f 2139//2139 2075//2075 2143//2143
f 2139//2139 2143//2143 2140//2140
f 2111//2111 2118//2118 3657//3657
f 3657//3657 2118//2118 96//96
f 3657//3657 96//96 3658//3658
f 2293//2293 102//102 2112//2112
f 2112//2112 102//102 2114//2114
f 2112//2112 2114//2114 2113//2113
f 2114//2114 100//100 2113//2113
f 2113//2113 100//100 98//98
f 2113//2113 98//98 2115//2115
f 2115//2115 98//98 2116//2116
f 2115//2115 2116//2116 2111//2111
f 2111//2111 2116//2116 2117//2117
f 2111//2111 2117//2117 2118//2118
f 2244//2244 2119//2119 2242//2242
f 2242//2242 2119//2119 2120//2120
f 2242//2242 2120//2120 2240//2240
f 2240//2240 2120//2120 2121//2121
f 2240//2240 2121//2121 2239//2239
f 2239//2239 2121//2121 2092//2092
f 2239//2239 2092//2092 2122//2122
f 2122//2122 2092//2092 2095//2095
f 2122//2122 2095//2095 2123//2123
f 2123//2123 2095//2095 2097//2097
f 2123//2123 2097//2097 2124//2124
f 2124//2124 2097//2097 2098//2098
f 2124//2124 2098//2098 2125//2125
f 2125//2125 2098//2098 2100//2100
f 2125//2125 2100//2100 2235//2235
f 2235//2235 2100//2100 2126//2126
f 2235//2235 2126//2126 2127//2127
f 2127//2127 2126//2126 2101//2101
f 2127//2127 2101//2101 2233//2233
f 2233//2233 2101//2101 2128//2128
f 2233//2233 2128//2128 2232//2232
f 2232//2232 2128//2128 2102//2102
f 2232//2232 2102//2102 2129//2129
f 2129//2129 2102//2102 2103//2103
f 2129//2129 2103//2103 2130//2130
f 2130//2130 2103//2103 2106//2106
f 2130//2130 2106//2106 2132//2132
f 2132//2132 2106//2106 2131//2131
f 2132//2132 2131//2131 2228//2228
f 2228//2228 2131//2131 2133//2133
f 2228//2228 2133//2133 2134//2134
f 2134//2134 2133//2133 2109//2109
f 2134//2134 2109//2109 2224//2224
f 2224//2224 2109//2109 2135//2135
f 2224//2224 2135//2135 2136//2136
f 2136//2136 2135//2135 2137//2137
f 2136//2136 2137//2137 2138//2138
f 2138//2138 2137//2137 2139//2139
f 2138//2138 2139//2139 2220//2220
f 2220//2220 2139//2139 2140//2140
f 2220//2220 2140//2140 2218//2218
f 2217//2217 2218//2218 2141//2141
f 2141//2141 2218//2218 2140//2140
f 2141//2141 2140//2140 2142//2142
f 2142//2142 2140//2140 2143//2143
f 2142//2142 2143//2143 2144//2144
f 2144//2144 2143//2143 2076//2076
f 2144//2144 2076//2076 3653//3653
f 3653//3653 2076//2076 2073//2073
f 3653//3653 2073//2073 2145//2145
f 2145//2145 2073//2073 2146//2146
f 2145//2145 2146//2146 2147//2147
f 2147//2147 2146//2146 2148//2148
f 2147//2147 2148//2148 2149//2149
f 2149//2149 2148//2148 2150//2150
f 2149//2149 2150//2150 2151//2151
f 2151//2151 2150//2150 2068//2068
f 2151//2151 2068//2068 2152//2152
f 2152//2152 2068//2068 2067//2067
f 2152//2152 2067//2067 3649//3649
f 3649//3649 2067//2067 2066//2066
f 3649//3649 2066//2066 2153//2153
f 2153//2153 2066//2066 2065//2065
f 2153//2153 2065//2065 3647//3647
f 3647//3647 2065//2065 2154//2154
f 3647//3647 2154//2154 2155//2155
f 2155//2155 2154//2154 2157//2157
f 2155//2155 2157//2157 2156//2156
f 2156//2156 2157//2157 2158//2158
f 2156//2156 2158//2158 2159//2159
f 2159//2159 2158//2158 2160//2160
f 2159//2159 2160//2160 3645//3645
f 3645//3645 2160//2160 2078//2078
f 3645//3645 2078//2078 2161//2161
f 2161//2161 2078//2078 2077//2077
f 2161//2161 2077//2077 2162//2162
f 2162//2162 2077//2077 2164//2164
f 2162//2162 2164//2164 2163//2163
f 2163//2163 2164//2164 1997//1997
f 2163//2163 1997//1997 2165//2165
f 2165//2165 1997//1997 2166//2166
f 2165//2165 2166//2166 2167//2167
f 2167//2167 2166//2166 1793//1793
f 2167//2167 1793//1793 2168//2168
f 2168//2168 1793//1793 1792//1792
f 2168//2168 1792//1792 2169//2169
f 2169//2169 1792//1792 2170//2170
f 2169//2169 2170//2170 1629//1629
f 1629//1629 2170//2170 2171//2171
f 1629//1629 2171//2171 1672//1672
f 1672//1672 2171//2171 1772//1772
f 1672//1672 1772//1772 2172//2172
f 2172//2172 1772//1772 2173//2173
f 2172//2172 2173//2173 1688//1688
f 1688//1688 2173//2173 1771//1771
f 1688//1688 1771//1771 1737//1737
f 1737//1737 1771//1771 1800//1800
f 1737//1737 1800//1800 2174//2174
f 2174//2174 1800//1800 2033//2033
f 2174//2174 2033//2033 2175//2175
f 2175//2175 2033//2033 2176//2176
f 2175//2175 2176//2176 1833//1833
f 1833//1833 2176//2176 2177//2177
f 1833//1833 2177//2177 1810//1810
f 1810//1810 2177//2177 2178//2178
f 1810//1810 2178//2178 1811//1811
f 1811//1811 2178//2178 2119//2119
f 1811//1811 2119//2119 1869//1869
f 1869//1869 2119//2119 2244//2244
f 1869//1869 2244//2244 1894//1894
f 2299//2299 2179//2179 2418//2418
f 2216//2216 171//171 2389//2389
f 2447//2447 3635//3635 2180//2180
f 2180//2180 3635//3635 2365//2365
f 2180//2180 2365//2365 2181//2181
f 2181//2181 2365//2365 2182//2182
f 2181//2181 2182//2182 2183//2183
f 2183//2183 2182//2182 2184//2184
f 2183//2183 2184//2184 2185//2185
f 2185//2185 2184//2184 2186//2186
f 2185//2185 2186//2186 2187//2187
f 2187//2187 2186//2186 2369//2369
f 2187//2187 2369//2369 2188//2188
f 2188//2188 2369//2369 2189//2189
f 2188//2188 2189//2189 2455//2455
f 2455//2455 2189//2189 2190//2190
f 2455//2455 2190//2190 2191//2191
f 2191//2191 2190//2190 2370//2370
f 2191//2191 2370//2370 2193//2193
f 2193//2193 2370//2370 2192//2192
f 2193//2193 2192//2192 2457//2457
f 2457//2457 2192//2192 2371//2371
f 2457//2457 2371//2371 2194//2194
f 2194//2194 2371//2371 2373//2373
f 2194//2194 2373//2373 2459//2459
f 2459//2459 2373//2373 2374//2374
f 2459//2459 2374//2374 2461//2461
f 2461//2461 2374//2374 2195//2195
f 2461//2461 2195//2195 2462//2462
f 2462//2462 2195//2195 2196//2196
f 2462//2462 2196//2196 2197//2197
f 2197//2197 2196//2196 2378//2378
f 2197//2197 2378//2378 2198//2198
f 2198//2198 2378//2378 2379//2379
f 2198//2198 2379//2379 2199//2199
f 2418//2418 173//173 2200//2200
f 2200//2200 173//173 2201//2201
f 2400//2400 2202//2202 2203//2203
f 2203//2203 2202//2202 2431//2431
f 2203//2203 2431//2431 2204//2204
f 2204//2204 2431//2431 2205//2205
f 2204//2204 2205//2205 2398//2398
f 2398//2398 2205//2205 2206//2206
f 2398//2398 2206//2206 2207//2207
f 2207//2207 2206//2206 2426//2426
f 2207//2207 2426//2426 2208//2208
f 2208//2208 2426//2426 2210//2210
f 2208//2208 2210//2210 2209//2209
f 2209//2209 2210//2210 2424//2424
f 2209//2209 2424//2424 2212//2212
f 2212//2212 2424//2424 2211//2211
f 2212//2212 2211//2211 2396//2396
f 2396//2396 2211//2211 2421//2421
f 2396//2396 2421//2421 2213//2213
f 2213//2213 2421//2421 2214//2214
f 2213//2213 2214//2214 2395//2395
f 2395//2395 2214//2214 2419//2419
f 2395//2395 2419//2419 2393//2393
f 2393//2393 2419//2419 2215//2215
f 2393//2393 2215//2215 2392//2392
f 2392//2392 2215//2215 2200//2200
f 2392//2392 2200//2200 2216//2216
f 2216//2216 2200//2200 2201//2201
f 2216//2216 2201//2201 171//171
f 2217//2217 3655//3655 2218//2218
f 2218//2218 3655//3655 2219//2219
f 2218//2218 2219//2219 2220//2220
f 2220//2220 2219//2219 2221//2221
f 2220//2220 2221//2221 2138//2138
f 2138//2138 2221//2221 2222//2222
f 2138//2138 2222//2222 2136//2136
f 2136//2136 2222//2222 2223//2223
f 2136//2136 2223//2223 2224//2224
f 2224//2224 2223//2223 2225//2225
f 2224//2224 2225//2225 2134//2134
f 2134//2134 2225//2225 2226//2226
f 2134//2134 2226//2226 2228//2228
f 2228//2228 2226//2226 2227//2227
f 2228//2228 2227//2227 2132//2132
f 2132//2132 2227//2227 2229//2229
f 2132//2132 2229//2229 2130//2130
f 2130//2130 2229//2229 2230//2230
f 2130//2130 2230//2230 2129//2129
f 2129//2129 2230//2230 2231//2231
f 2129//2129 2231//2231 2232//2232
f 2232//2232 2231//2231 3660//3660
f 2232//2232 3660//3660 2233//2233
f 2233//2233 3660//3660 3661//3661
f 2233//2233 3661//3661 2127//2127
f 2127//2127 3661//3661 2234//2234
f 2127//2127 2234//2234 2235//2235
f 2235//2235 2234//2234 2236//2236
f 2235//2235 2236//2236 2125//2125
f 2125//2125 2236//2236 2237//2237
f 2125//2125 2237//2237 2124//2124
f 2124//2124 2237//2237 3662//3662
f 2124//2124 3662//3662 2123//2123
f 2123//2123 3662//3662 2238//2238
f 2123//2123 2238//2238 2122//2122
f 2122//2122 2238//2238 3665//3665
f 2122//2122 3665//3665 2239//2239
f 2239//2239 3665//3665 3666//3666
f 2239//2239 3666//3666 2240//2240
f 2240//2240 3666//3666 2241//2241
f 2240//2240 2241//2241 2242//2242
f 2242//2242 2241//2241 2243//2243
f 2242//2242 2243//2243 2244//2244
f 2244//2244 2243//2243 2245//2245
f 2244//2244 2245//2245 1894//1894
f 1894//1894 2245//2245 3669//3669
f 1894//1894 3669//3669 2246//2246
f 2246//2246 3669//3669 2247//2247
f 2246//2246 2247//2247 1933//1933
f 1933//1933 2247//2247 2248//2248
f 1933//1933 2248//2248 1542//1542
f 1542//1542 2248//2248 3671//3671
f 1542//1542 3671//3671 2249//2249
f 2249//2249 3671//3671 3673//3673
f 2249//2249 3673//3673 1543//1543
f 1543//1543 3673//3673 118//118
f 1543//1543 118//118 120//120
f 2253//2253 2273//2273 2250//2250
f 2250//2250 106//106 3656//3656
f 3656//3656 106//106 107//107
f 3656//3656 107//107 2290//2290
f 2273//2273 2253//2253 2252//2252
f 2363//2363 2251//2251 2364//2364
f 2364//2364 2251//2251 2252//2252
f 2364//2364 2252//2252 2366//2366
f 2366//2366 2252//2252 2253//2253
f 2366//2366 2253//2253 2367//2367
f 2367//2367 2253//2253 2254//2254
f 2367//2367 2254//2254 2368//2368
f 2368//2368 2254//2254 2255//2255
f 2368//2368 2255//2255 2256//2256
f 2256//2256 2255//2255 2257//2257
f 2256//2256 2257//2257 2258//2258
f 2258//2258 2257//2257 3654//3654
f 2258//2258 3654//3654 2259//2259
f 2259//2259 3654//3654 2260//2260
f 2259//2259 2260//2260 2261//2261
f 2261//2261 2260//2260 3652//3652
f 2261//2261 3652//3652 2262//2262
f 2262//2262 3652//3652 2263//2263
f 2262//2262 2263//2263 2264//2264
f 2264//2264 2263//2263 3651//3651
f 2264//2264 3651//3651 2372//2372
f 2372//2372 3651//3651 2266//2266
f 2372//2372 2266//2266 2265//2265
f 2265//2265 2266//2266 3650//3650
f 2265//2265 3650//3650 2375//2375
f 2375//2375 3650//3650 2267//2267
f 2375//2375 2267//2267 2376//2376
f 2376//2376 2267//2267 3648//3648
f 2376//2376 3648//3648 2377//2377
f 2377//2377 3648//3648 2268//2268
f 2377//2377 2268//2268 2269//2269
f 2269//2269 2268//2268 2270//2270
f 2269//2269 2270//2270 2380//2380
f 2380//2380 2270//2270 2271//2271
f 2380//2380 2271//2271 3646//3646
f 177//177 2447//2447 1079//1079
f 2251//2251 108//108 2252//2252
f 2252//2252 108//108 2272//2272
f 2252//2252 2272//2272 2273//2273
f 2273//2273 2272//2272 2274//2274
f 2273//2273 2274//2274 2250//2250
f 2250//2250 2274//2274 105//105
f 2250//2250 105//105 106//106
f 2275//2275 2402//2402 2276//2276
f 2276//2276 2402//2402 2401//2401
f 2276//2276 2401//2401 2277//2277
f 2277//2277 2401//2401 2399//2399
f 2277//2277 2399//2399 2460//2460
f 2460//2460 2399//2399 2278//2278
f 2460//2460 2278//2278 2279//2279
f 2279//2279 2278//2278 2397//2397
f 2279//2279 2397//2397 2458//2458
f 2458//2458 2397//2397 2280//2280
f 2458//2458 2280//2280 2282//2282
f 2282//2282 2280//2280 2281//2281
f 2282//2282 2281//2281 2283//2283
f 2283//2283 2281//2281 2284//2284
f 2283//2283 2284//2284 2456//2456
f 2456//2456 2284//2284 2285//2285
f 2456//2456 2285//2285 2454//2454
f 2454//2454 2285//2285 2286//2286
f 2454//2454 2286//2286 2453//2453
f 2453//2453 2286//2286 2287//2287
f 2453//2453 2287//2287 2452//2452
f 2452//2452 2287//2287 2394//2394
f 2452//2452 2394//2394 2451//2451
f 2451//2451 2394//2394 2288//2288
f 2451//2451 2288//2288 2450//2450
f 2450//2450 2288//2288 2391//2391
f 2450//2450 2391//2391 2449//2449
f 2449//2449 2391//2391 2390//2390
f 2449//2449 2390//2390 2448//2448
f 2448//2448 2390//2390 2289//2289
f 2448//2448 2289//2289 174//174
f 107//107 2291//2291 2290//2290
f 2290//2290 2291//2291 2293//2293
f 2293//2293 2291//2291 2292//2292
f 2293//2293 2292//2292 102//102
f 167//167 166//166 2864//2864
f 2864//2864 166//166 170//170
f 2425//2425 2869//2869 2423//2423
f 2423//2423 2869//2869 2294//2294
f 2423//2423 2294//2294 2422//2422
f 2422//2422 2294//2294 2867//2867
f 2422//2422 2867//2867 2295//2295
f 2295//2295 2867//2867 2296//2296
f 2295//2295 2296//2296 2420//2420
f 2420//2420 2296//2296 2297//2297
f 2420//2420 2297//2297 2298//2298
f 2298//2298 2297//2297 2864//2864
f 2298//2298 2864//2864 2299//2299
f 2299//2299 2864//2864 170//170
f 2299//2299 170//170 2179//2179
f 96//96 97//97 3658//3658
f 3658//3658 97//97 94//94
f 3658//3658 94//94 2300//2300
f 2300//2300 94//94 93//93
f 2300//2300 93//93 3659//3659
f 3659//3659 93//93 2301//2301
f 3659//3659 2301//2301 1967//1967
f 2302//2302 2303//2303 3088//3088
f 2302//2302 3842//3842 2303//2303
f 2303//2303 3842//3842 2304//2304
f 2303//2303 2304//2304 3086//3086
f 3086//3086 2304//2304 3843//3843
f 3086//3086 3843//3843 2308//2308
f 3079//3079 3078//3078 2305//2305
f 2305//2305 3078//3078 3077//3077
f 2305//2305 3077//3077 3085//3085
f 3085//3085 3077//3077 2306//2306
f 3085//3085 2306//2306 2307//2307
f 2307//2307 2306//2306 3076//3076
f 2308//2308 3841//3841 2309//2309
f 2309//2309 3841//3841 2310//2310
f 2309//2309 2310//2310 2311//2311
f 2310//2310 3840//3840 2311//2311
f 2311//2311 3840//3840 2312//2312
f 2311//2311 2312//2312 2313//2313
f 3547//3547 2315//2315 2314//2314
f 2314//2314 2315//2315 3081//3081
f 2314//2314 3081//3081 2316//2316
f 2312//2312 3838//3838 2313//2313
f 2313//2313 3838//3838 2317//2317
f 2313//2313 2317//2317 3081//3081
f 3081//3081 2317//2317 2318//2318
f 3081//3081 2318//2318 2316//2316
f 2319//2319 2320//2320 3082//3082
f 3082//3082 2320//2320 2325//2325
f 3082//3082 2325//2325 2321//2321
f 2321//2321 2325//2325 2323//2323
f 2321//2321 2323//2323 2322//2322
f 2322//2322 2323//2323 2324//2324
f 2322//2322 2324//2324 3079//3079
f 2355//2355 2324//2324 2353//2353
f 2353//2353 2324//2324 2323//2323
f 2353//2353 2323//2323 2352//2352
f 2352//2352 2323//2323 2325//2325
f 2352//2352 2325//2325 2350//2350
f 2350//2350 2325//2325 2320//2320
f 2354//2354 2347//2347 2356//2356
f 2356//2356 2347//2347 2326//2326
f 2356//2356 2326//2326 2357//2357
f 2357//2357 2326//2326 2358//2358
f 2354//2354 2351//2351 2348//2348
f 3837//3837 2327//2327 2342//2342
f 2342//2342 2327//2327 2328//2328
f 2342//2342 2328//2328 3836//3836
f 3835//3835 2329//2329 3748//3748
f 3748//3748 2329//2329 3749//3749
f 2330//2330 3747//3747 2507//2507
f 3826//3826 2332//2332 2331//2331
f 2331//2331 2332//2332 2335//2335
f 2331//2331 2335//2335 2334//2334
f 2332//2332 2333//2333 2335//2335
f 2335//2335 2333//2333 3825//3825
f 2335//2335 3825//3825 3822//3822
f 2491//2491 2334//2334 2492//2492
f 2492//2492 2334//2334 2335//2335
f 2492//2492 2335//2335 2336//2336
f 2336//2336 2335//2335 3822//3822
f 2337//2337 3745//3745 3747//3747
f 2470//2470 3743//3743 3745//3745
f 3520//3520 2338//2338 3522//3522
f 3522//3522 2338//2338 2339//2339
f 3522//3522 2339//2339 3524//3524
f 3524//3524 2339//2339 3545//3545
f 3524//3524 3545//3545 3525//3525
f 3525//3525 3545//3545 3546//3546
f 3525//3525 3546//3546 3526//3526
f 3526//3526 3546//3546 2340//2340
f 3526//3526 2340//2340 2341//2341
f 2341//2341 2340//2340 2342//2342
f 2341//2341 2342//2342 2343//2343
f 2343//2343 2342//2342 3836//3836
f 2343//2343 3836//3836 3833//3833
f 2345//2345 2344//2344 3743//3743
f 2344//2344 2345//2345 2346//2346
f 2346//2346 2345//2345 2471//2471
f 2346//2346 2471//2471 2472//2472
f 2354//2354 2348//2348 2347//2347
f 2347//2347 2348//2348 2349//2349
f 2347//2347 2349//2349 2326//2326
f 2326//2326 2349//2349 2359//2359
f 2326//2326 2359//2359 2358//2358
f 2350//2350 2351//2351 2352//2352
f 2352//2352 2351//2351 2354//2354
f 2352//2352 2354//2354 2353//2353
f 2353//2353 2354//2354 2356//2356
f 2353//2353 2356//2356 2355//2355
f 2355//2355 2356//2356 2357//2357
f 2355//2355 2357//2357 3193//3193
f 3193//3193 2357//2357 2358//2358
f 3193//3193 2358//2358 3194//3194
f 3194//3194 2358//2358 2359//2359
f 3194//3194 2359//2359 2360//2360
f 2360//2360 2359//2359 1076//1076
f 2360//2360 1076//1076 3197//3197
f 3197//3197 1076//1076 3544//3544
f 3197//3197 3544//3544 3611//3611
f 2361//2361 2387//2387 3735//3735
f 2362//2362 2363//2363 3635//3635
f 3635//3635 2363//2363 2364//2364
f 3635//3635 2364//2364 2365//2365
f 2365//2365 2364//2364 2366//2366
f 2365//2365 2366//2366 2182//2182
f 2182//2182 2366//2366 2367//2367
f 2182//2182 2367//2367 2184//2184
f 2184//2184 2367//2367 2368//2368
f 2184//2184 2368//2368 2186//2186
f 2186//2186 2368//2368 2256//2256
f 2186//2186 2256//2256 2369//2369
f 2369//2369 2256//2256 2258//2258
f 2369//2369 2258//2258 2189//2189
f 2189//2189 2258//2258 2259//2259
f 2189//2189 2259//2259 2190//2190
f 2190//2190 2259//2259 2261//2261
f 2190//2190 2261//2261 2370//2370
f 2370//2370 2261//2261 2262//2262
f 2370//2370 2262//2262 2192//2192
f 2192//2192 2262//2262 2264//2264
f 2192//2192 2264//2264 2371//2371
f 2371//2371 2264//2264 2372//2372
f 2371//2371 2372//2372 2373//2373
f 2373//2373 2372//2372 2265//2265
f 2373//2373 2265//2265 2374//2374
f 2374//2374 2265//2265 2375//2375
f 2374//2374 2375//2375 2195//2195
f 2195//2195 2375//2375 2376//2376
f 2195//2195 2376//2376 2196//2196
f 2196//2196 2376//2376 2377//2377
f 2196//2196 2377//2377 2378//2378
f 2378//2378 2377//2377 2269//2269
f 2378//2378 2269//2269 2379//2379
f 2379//2379 2269//2269 2380//2380
f 2379//2379 2380//2380 2199//2199
f 2199//2199 2380//2380 3646//3646
f 2199//2199 3646//3646 2381//2381
f 2381//2381 3646//3646 3644//3644
f 2381//2381 3644//3644 2382//2382
f 2382//2382 3644//3644 3643//3643
f 2382//2382 3643//3643 2466//2466
f 2466//2466 3643//3643 2384//2384
f 2466//2466 2384//2384 2383//2383
f 2383//2383 2384//2384 2385//2385
f 2383//2383 2385//2385 2386//2386
f 2386//2386 2385//2385 2387//2387
f 2386//2386 2387//2387 2468//2468
f 2468//2468 2387//2387 2361//2361
f 2468//2468 2361//2361 2388//2388
f 2389//2389 2390//2390 2216//2216
f 2216//2216 2390//2390 2391//2391
f 2216//2216 2391//2391 2392//2392
f 2392//2392 2391//2391 2288//2288
f 2392//2392 2288//2288 2393//2393
f 2393//2393 2288//2288 2394//2394
f 2393//2393 2394//2394 2395//2395
f 2395//2395 2394//2394 2287//2287
f 2395//2395 2287//2287 2213//2213
f 2213//2213 2287//2287 2286//2286
f 2213//2213 2286//2286 2396//2396
f 2396//2396 2286//2286 2285//2285
f 2396//2396 2285//2285 2212//2212
f 2212//2212 2285//2285 2284//2284
f 2212//2212 2284//2284 2209//2209
f 2209//2209 2284//2284 2281//2281
f 2209//2209 2281//2281 2208//2208
f 2208//2208 2281//2281 2280//2280
f 2208//2208 2280//2280 2207//2207
f 2207//2207 2280//2280 2397//2397
f 2207//2207 2397//2397 2398//2398
f 2398//2398 2397//2397 2278//2278
f 2398//2398 2278//2278 2204//2204
f 2204//2204 2278//2278 2399//2399
f 2204//2204 2399//2399 2203//2203
f 2203//2203 2399//2399 2401//2401
f 2203//2203 2401//2401 2400//2400
f 2400//2400 2401//2401 2402//2402
f 2400//2400 2402//2402 2403//2403
f 2403//2403 2402//2402 2463//2463
f 2403//2403 2463//2463 2433//2433
f 2433//2433 2463//2463 2404//2404
f 2433//2433 2404//2404 2434//2434
f 2434//2434 2404//2404 2464//2464
f 2434//2434 2464//2464 2437//2437
f 2437//2437 2464//2464 2405//2405
f 2437//2437 2405//2405 2438//2438
f 2438//2438 2405//2405 2465//2465
f 2438//2438 2465//2465 2440//2440
f 2440//2440 2465//2465 2467//2467
f 2440//2440 2467//2467 2441//2441
f 2441//2441 2467//2467 2406//2406
f 2441//2441 2406//2406 2443//2443
f 2443//2443 2406//2406 2469//2469
f 2443//2443 2469//2469 2445//2445
f 2445//2445 2469//2469 3737//3737
f 2445//2445 3737//3737 2446//2446
f 2425//2425 2427//2427 2870//2870
f 2870//2870 2427//2427 2407//2407
f 2870//2870 2407//2407 2872//2872
f 2872//2872 2407//2407 2408//2408
f 2872//2872 2408//2408 2873//2873
f 2873//2873 2408//2408 1592//1592
f 2873//2873 1592//1592 2409//2409
f 2409//2409 1592//1592 2410//2410
f 2409//2409 2410//2410 2875//2875
f 2875//2875 2410//2410 2411//2411
f 2875//2875 2411//2411 2876//2876
f 2876//2876 2411//2411 2432//2432
f 2876//2876 2432//2432 2877//2877
f 2877//2877 2432//2432 2412//2412
f 2877//2877 2412//2412 2413//2413
f 2413//2413 2412//2412 2435//2435
f 2413//2413 2435//2435 2880//2880
f 2880//2880 2435//2435 2436//2436
f 2880//2880 2436//2436 2882//2882
f 2882//2882 2436//2436 2415//2415
f 2882//2882 2415//2415 2414//2414
f 2414//2414 2415//2415 2439//2439
f 2414//2414 2439//2439 2884//2884
f 2884//2884 2439//2439 2442//2442
f 2884//2884 2442//2442 2885//2885
f 2885//2885 2442//2442 2444//2444
f 2885//2885 2444//2444 2886//2886
f 2886//2886 2444//2444 2416//2416
f 2886//2886 2416//2416 2417//2417
f 2417//2417 2416//2416 3738//3738
f 2417//2417 3738//3738 3740//3740
f 2418//2418 2200//2200 2299//2299
f 2299//2299 2200//2200 2215//2215
f 2299//2299 2215//2215 2298//2298
f 2298//2298 2215//2215 2419//2419
f 2298//2298 2419//2419 2420//2420
f 2420//2420 2419//2419 2214//2214
f 2420//2420 2214//2214 2295//2295
f 2295//2295 2214//2214 2421//2421
f 2295//2295 2421//2421 2422//2422
f 2422//2422 2421//2421 2211//2211
f 2422//2422 2211//2211 2423//2423
f 2423//2423 2211//2211 2424//2424
f 2423//2423 2424//2424 2425//2425
f 2425//2425 2424//2424 2210//2210
f 2425//2425 2210//2210 2427//2427
f 2427//2427 2210//2210 2426//2426
f 2427//2427 2426//2426 2428//2428
f 2428//2428 2426//2426 2206//2206
f 2428//2428 2206//2206 2429//2429
f 2429//2429 2206//2206 2205//2205
f 2429//2429 2205//2205 2430//2430
f 2430//2430 2205//2205 2431//2431
f 2430//2430 2431//2431 1591//1591
f 1591//1591 2431//2431 2202//2202
f 1591//1591 2202//2202 2411//2411
f 2411//2411 2202//2202 2403//2403
f 2411//2411 2403//2403 2432//2432
f 2432//2432 2403//2403 2433//2433
f 2432//2432 2433//2433 2412//2412
f 2412//2412 2433//2433 2434//2434
f 2412//2412 2434//2434 2435//2435
f 2435//2435 2434//2434 2437//2437
f 2435//2435 2437//2437 2436//2436
f 2436//2436 2437//2437 2438//2438
f 2436//2436 2438//2438 2415//2415
f 2415//2415 2438//2438 2440//2440
f 2415//2415 2440//2440 2439//2439
f 2439//2439 2440//2440 2441//2441
f 2439//2439 2441//2441 2442//2442
f 2442//2442 2441//2441 2443//2443
f 2442//2442 2443//2443 2444//2444
f 2444//2444 2443//2443 2445//2445
f 2444//2444 2445//2445 2416//2416
f 2416//2416 2445//2445 2446//2446
f 2416//2416 2446//2446 3738//3738
f 1079//1079 2447//2447 2448//2448
f 2448//2448 2447//2447 2180//2180
f 2448//2448 2180//2180 2449//2449
f 2449//2449 2180//2180 2181//2181
f 2449//2449 2181//2181 2450//2450
f 2450//2450 2181//2181 2183//2183
f 2450//2450 2183//2183 2451//2451
f 2451//2451 2183//2183 2185//2185
f 2451//2451 2185//2185 2452//2452
f 2452//2452 2185//2185 2187//2187
f 2452//2452 2187//2187 2453//2453
f 2453//2453 2187//2187 2188//2188
f 2453//2453 2188//2188 2454//2454
f 2454//2454 2188//2188 2455//2455
f 2454//2454 2455//2455 2456//2456
f 2456//2456 2455//2455 2191//2191
f 2456//2456 2191//2191 2283//2283
f 2283//2283 2191//2191 2193//2193
f 2283//2283 2193//2193 2282//2282
f 2282//2282 2193//2193 2457//2457
f 2282//2282 2457//2457 2458//2458
f 2458//2458 2457//2457 2194//2194
f 2458//2458 2194//2194 2279//2279
f 2279//2279 2194//2194 2459//2459
f 2279//2279 2459//2459 2460//2460
f 2460//2460 2459//2459 2461//2461
f 2460//2460 2461//2461 2277//2277
f 2277//2277 2461//2461 2462//2462
f 2277//2277 2462//2462 2276//2276
f 2276//2276 2462//2462 2197//2197
f 2276//2276 2197//2197 2275//2275
f 2275//2275 2197//2197 2198//2198
f 2275//2275 2198//2198 2463//2463
f 2463//2463 2198//2198 2199//2199
f 2463//2463 2199//2199 2404//2404
f 2404//2404 2199//2199 2381//2381
f 2404//2404 2381//2381 2464//2464
f 2464//2464 2381//2381 2382//2382
f 2464//2464 2382//2382 2405//2405
f 2405//2405 2382//2382 2466//2466
f 2405//2405 2466//2466 2465//2465
f 2465//2465 2466//2466 2383//2383
f 2465//2465 2383//2383 2467//2467
f 2467//2467 2383//2383 2386//2386
f 2467//2467 2386//2386 2406//2406
f 2406//2406 2386//2386 2468//2468
f 2406//2406 2468//2468 2469//2469
f 2469//2469 2468//2468 2388//2388
f 2469//2469 2388//2388 3737//3737
f 3743//3743 2470//2470 2345//2345
f 2345//2345 2470//2470 2480//2480
f 2345//2345 2480//2480 2471//2471
f 2471//2471 2480//2480 2481//2481
f 2471//2471 2481//2481 2472//2472
f 2472//2472 2481//2481 2474//2474
f 2472//2472 2474//2474 2473//2473
f 2473//2473 2474//2474 2706//2706
f 2473//2473 2706//2706 2475//2475
f 2475//2475 2706//2706 2707//2707
f 2475//2475 2707//2707 2476//2476
f 2476//2476 2707//2707 2477//2477
f 2476//2476 2477//2477 2478//2478
f 3745//3745 2337//2337 2470//2470
f 2470//2470 2337//2337 2479//2479
f 2470//2470 2479//2479 2480//2480
f 2480//2480 2479//2479 2703//2703
f 2480//2480 2703//2703 2481//2481
f 2481//2481 2703//2703 2482//2482
f 2481//2481 2482//2482 2474//2474
f 2484//2484 2501//2501 2483//2483
f 2483//2483 2501//2501 2500//2500
f 2484//2484 2485//2485 3691//3691
f 3691//3691 2485//2485 2486//2486
f 3816//3816 2487//2487 2552//2552
f 2552//2552 2487//2487 2488//2488
f 2552//2552 2488//2488 2489//2489
f 2490//2490 2491//2491 2495//2495
f 2495//2495 2491//2491 2492//2492
f 2495//2495 2492//2492 2493//2493
f 2493//2493 2492//2492 2336//2336
f 2493//2493 2336//2336 2499//2499
f 2499//2499 2336//2336 3822//3822
f 2499//2499 3822//3822 2494//2494
f 2504//2504 2490//2490 2496//2496
f 2496//2496 2490//2490 2495//2495
f 2496//2496 2495//2495 2497//2497
f 2497//2497 2495//2495 2493//2493
f 2497//2497 2493//2493 2498//2498
f 2498//2498 2493//2493 2499//2499
f 2498//2498 2499//2499 2501//2501
f 2501//2501 2499//2499 2494//2494
f 2501//2501 2494//2494 2500//2500
f 2484//2484 3691//3691 2501//2501
f 2501//2501 3691//3691 3689//3689
f 2501//2501 3689//3689 2498//2498
f 2498//2498 3689//3689 2502//2502
f 2498//2498 2502//2502 2497//2497
f 2497//2497 2502//2502 2503//2503
f 2497//2497 2503//2503 2496//2496
f 2503//2503 3688//3688 2496//2496
f 2496//2496 3688//3688 3687//3687
f 2496//2496 3687//3687 2504//2504
f 2504//2504 3687//3687 2506//2506
f 2504//2504 2506//2506 2505//2505
f 2505//2505 2506//2506 3684//3684
f 2505//2505 3684//3684 2719//2719
f 3831//3831 3832//3832 2507//2507
f 2507//2507 3832//3832 2599//2599
f 2507//2507 2599//2599 2330//2330
f 2330//2330 2599//2599 2600//2600
f 2330//2330 2600//2600 2508//2508
f 2508//2508 2600//2600 2601//2601
f 2508//2508 2601//2601 2704//2704
f 2704//2704 2601//2601 2509//2509
f 2704//2704 2509//2509 2511//2511
f 2511//2511 2509//2509 2510//2510
f 2511//2511 2510//2510 2512//2512
f 2512//2512 2510//2510 2513//2513
f 2512//2512 2513//2513 2705//2705
f 3683//3683 3685//3685 2522//2522
f 2522//2522 3685//3685 3686//3686
f 2522//2522 3686//3686 2514//2514
f 2514//2514 3686//3686 2515//2515
f 2514//2514 2515//2515 2525//2525
f 2525//2525 2515//2515 2516//2516
f 2525//2525 2516//2516 2526//2526
f 2526//2526 2516//2516 2517//2517
f 2526//2526 2517//2517 2518//2518
f 2518//2518 2517//2517 2519//2519
f 2518//2518 2519//2519 2521//2521
f 2521//2521 2519//2519 2520//2520
f 2521//2521 2520//2520 3690//3690
f 2787//2787 3683//3683 2788//2788
f 2788//2788 3683//3683 2522//2522
f 2788//2788 2522//2522 2523//2523
f 2523//2523 2522//2522 2514//2514
f 2523//2523 2514//2514 2524//2524
f 2524//2524 2514//2514 2525//2525
f 2524//2524 2525//2525 2790//2790
f 2790//2790 2525//2525 2526//2526
f 2790//2790 2526//2526 2793//2793
f 2793//2793 2526//2526 2518//2518
f 2793//2793 2518//2518 2794//2794
f 2794//2794 2518//2518 2521//2521
f 2794//2794 2521//2521 2527//2527
f 2527//2527 2521//2521 3690//3690
f 2527//2527 3690//3690 2528//2528
f 2528//2528 3690//3690 3692//3692
f 2528//2528 3692//3692 3820//3820
f 3814//3814 3813//3813 2566//2566
f 2566//2566 3813//3813 2565//2565
f 2575//2575 3812//3812 2853//2853
f 2853//2853 3812//3812 3811//3811
f 2586//2586 3810//3810 2535//2535
f 2534//2534 2529//2529 2530//2530
f 2530//2530 2529//2529 2531//2531
f 2540//2540 2530//2530 2539//2539
f 2539//2539 2530//2530 2531//2531
f 2539//2539 2531//2531 3808//3808
f 688//688 2532//2532 2538//2538
f 2538//2538 2532//2532 2533//2533
f 2538//2538 2533//2533 2590//2590
f 3810//3810 2534//2534 2535//2535
f 2535//2535 2534//2534 2530//2530
f 2535//2535 2530//2530 2536//2536
f 2536//2536 2530//2530 2540//2540
f 2536//2536 2540//2540 2538//2538
f 2538//2538 2540//2540 2537//2537
f 2538//2538 2537//2537 688//688
f 3808//3808 3807//3807 2539//2539
f 2539//2539 3807//3807 1075//1075
f 2539//2539 1075//1075 2540//2540
f 2540//2540 1075//1075 684//684
f 2540//2540 684//684 2537//2537
f 2489//2489 3814//3814 2552//2552
f 2552//2552 3814//3814 2566//2566
f 2552//2552 2566//2566 2556//2556
f 2556//2556 2566//2566 2541//2541
f 2556//2556 2541//2541 2542//2542
f 2542//2542 2541//2541 2543//2543
f 2542//2542 2543//2543 2544//2544
f 2544//2544 2543//2543 2569//2569
f 2544//2544 2569//2569 2558//2558
f 2558//2558 2569//2569 2545//2545
f 2558//2558 2545//2545 2546//2546
f 2546//2546 2545//2545 2572//2572
f 2546//2546 2572//2572 2547//2547
f 2547//2547 2572//2572 2548//2548
f 2547//2547 2548//2548 2562//2562
f 2562//2562 2548//2548 2549//2549
f 2562//2562 2549//2549 2563//2563
f 2563//2563 2549//2549 2550//2550
f 2563//2563 2550//2550 2551//2551
f 3817//3817 3816//3816 2553//2553
f 2553//2553 3816//3816 2552//2552
f 2553//2553 2552//2552 2554//2554
f 2554//2554 2552//2552 2556//2556
f 2554//2554 2556//2556 2555//2555
f 2555//2555 2556//2556 2542//2542
f 2555//2555 2542//2542 2557//2557
f 2557//2557 2542//2542 2544//2544
f 2557//2557 2544//2544 2559//2559
f 2559//2559 2544//2544 2558//2558
f 2559//2559 2558//2558 2560//2560
f 2560//2560 2558//2558 2546//2546
f 2560//2560 2546//2546 2668//2668
f 2668//2668 2546//2546 2547//2547
f 2668//2668 2547//2547 2561//2561
f 2561//2561 2547//2547 2562//2562
f 2561//2561 2562//2562 2671//2671
f 2671//2671 2562//2562 2563//2563
f 2671//2671 2563//2563 2564//2564
f 2564//2564 2563//2563 2551//2551
f 2564//2564 2551//2551 2673//2673
f 2565//2565 2567//2567 2566//2566
f 2566//2566 2567//2567 2576//2576
f 2566//2566 2576//2576 2541//2541
f 2541//2541 2576//2576 2568//2568
f 2541//2541 2568//2568 2543//2543
f 2543//2543 2568//2568 2570//2570
f 2543//2543 2570//2570 2569//2569
f 2569//2569 2570//2570 2571//2571
f 2569//2569 2571//2571 2545//2545
f 2545//2545 2571//2571 2579//2579
f 2545//2545 2579//2579 2572//2572
f 2572//2572 2579//2579 2573//2573
f 2572//2572 2573//2573 2548//2548
f 2548//2548 2573//2573 2574//2574
f 2548//2548 2574//2574 2549//2549
f 2549//2549 2574//2574 2581//2581
f 2549//2549 2581//2581 2550//2550
f 2567//2567 2575//2575 2576//2576
f 2576//2576 2575//2575 2853//2853
f 2576//2576 2853//2853 2568//2568
f 2568//2568 2853//2853 2577//2577
f 2568//2568 2577//2577 2570//2570
f 2570//2570 2577//2577 2578//2578
f 2570//2570 2578//2578 2571//2571
f 2571//2571 2578//2578 2855//2855
f 2571//2571 2855//2855 2579//2579
f 2579//2579 2855//2855 2856//2856
f 2579//2579 2856//2856 2573//2573
f 2573//2573 2856//2856 2857//2857
f 2573//2573 2857//2857 2574//2574
f 2574//2574 2857//2857 2580//2580
f 2574//2574 2580//2580 2581//2581
f 2583//2583 2582//2582 696//696
f 696//696 2584//2584 2583//2583
f 2583//2583 2584//2584 695//695
f 2583//2583 695//695 2594//2594
f 2699//2699 2689//2689 2585//2585
f 2585//2585 2689//2689 2688//2688
f 2585//2585 2688//2688 2701//2701
f 2688//2688 2687//2687 2701//2701
f 2701//2701 2687//2687 2860//2860
f 2701//2701 2860//2860 2702//2702
f 2852//2852 2586//2586 2587//2587
f 2587//2587 2586//2586 2535//2535
f 2587//2587 2535//2535 2854//2854
f 2854//2854 2535//2535 2536//2536
f 2854//2854 2536//2536 2588//2588
f 2588//2588 2536//2536 2538//2538
f 2588//2588 2538//2538 2589//2589
f 2589//2589 2538//2538 2590//2590
f 2589//2589 2590//2590 2591//2591
f 2591//2591 2590//2590 2582//2582
f 2591//2591 2582//2582 2592//2592
f 2592//2592 2582//2582 2583//2583
f 2592//2592 2583//2583 2593//2593
f 2593//2593 2583//2583 2594//2594
f 2593//2593 2594//2594 2858//2858
f 2858//2858 2594//2594 2596//2596
f 2858//2858 2596//2596 2861//2861
f 2861//2861 2596//2596 2848//2848
f 2861//2861 2848//2848 2849//2849
f 695//695 2595//2595 2594//2594
f 2594//2594 2595//2595 694//694
f 2594//2594 694//694 2596//2596
f 2596//2596 694//694 2847//2847
f 2596//2596 2847//2847 2848//2848
f 2533//2533 2597//2597 2590//2590
f 2590//2590 2597//2597 2598//2598
f 2590//2590 2598//2598 2582//2582
f 2582//2582 2598//2598 693//693
f 2582//2582 693//693 696//696
f 1078//1078 3829//3829 2599//2599
f 2599//2599 3829//3829 1077//1077
f 2599//2599 1077//1077 2600//2600
f 2600//2600 1077//1077 2602//2602
f 2600//2600 2602//2602 2601//2601
f 2601//2601 2602//2602 2796//2796
f 2601//2601 2796//2796 2509//2509
f 2509//2509 2796//2796 2603//2603
f 2509//2509 2603//2603 2510//2510
f 2510//2510 2603//2603 2797//2797
f 2510//2510 2797//2797 2513//2513
f 2513//2513 2797//2797 2798//2798
f 2513//2513 2798//2798 2705//2705
f 2705//2705 2798//2798 2799//2799
f 2705//2705 2799//2799 2800//2800
f 2800//2800 2605//2605 2604//2604
f 2604//2604 2605//2605 2803//2803
f 2803//2803 2710//2710 2604//2604
f 2604//2604 2710//2710 2606//2606
f 2604//2604 2606//2606 2800//2800
f 2800//2800 2606//2606 2708//2708
f 2800//2800 2708//2708 2705//2705
f 2883//2883 2478//2478 2607//2607
f 2879//2879 2881//2881 2608//2608
f 2839//2839 2709//2709 2731//2731
f 2883//2883 2607//2607 2609//2609
f 2609//2609 2607//2607 2610//2610
f 2609//2609 2610//2610 2652//2652
f 2652//2652 2610//2610 2611//2611
f 2652//2652 2611//2611 2651//2651
f 2651//2651 2611//2611 2612//2612
f 2651//2651 2612//2612 2649//2649
f 2649//2649 2612//2612 2613//2613
f 2649//2649 2613//2613 2615//2615
f 2615//2615 2613//2613 2614//2614
f 2615//2615 2614//2614 2616//2616
f 2616//2616 2614//2614 2617//2617
f 2616//2616 2617//2617 2618//2618
f 2618//2618 2617//2617 2620//2620
f 2618//2618 2620//2620 2619//2619
f 2619//2619 2620//2620 2621//2621
f 2619//2619 2621//2621 2622//2622
f 2622//2622 2621//2621 2842//2842
f 2622//2622 2842//2842 2644//2644
f 2644//2644 2842//2842 2844//2844
f 2644//2644 2844//2844 2643//2643
f 2643//2643 2844//2844 2846//2846
f 2643//2643 2846//2846 2623//2623
f 2623//2623 2846//2846 2624//2624
f 2623//2623 2624//2624 2640//2640
f 2640//2640 2624//2624 2625//2625
f 2640//2640 2625//2625 161//161
f 2839//2839 2730//2730 2626//2626
f 2626//2626 2730//2730 2732//2732
f 2626//2626 2732//2732 2840//2840
f 2840//2840 2732//2732 2627//2627
f 2840//2840 2627//2627 2628//2628
f 2628//2628 2627//2627 2629//2629
f 2628//2628 2629//2629 2630//2630
f 2630//2630 2629//2629 2631//2631
f 2630//2630 2631//2631 2633//2633
f 2633//2633 2631//2631 2632//2632
f 2633//2633 2632//2632 2841//2841
f 2841//2841 2632//2632 2634//2634
f 2841//2841 2634//2634 2635//2635
f 2635//2635 2634//2634 2636//2636
f 2635//2635 2636//2636 2843//2843
f 2843//2843 2636//2636 2738//2738
f 2843//2843 2738//2738 2845//2845
f 2845//2845 2738//2738 2739//2739
f 2845//2845 2739//2739 2637//2637
f 2637//2637 2739//2739 2638//2638
f 2637//2637 2638//2638 2639//2639
f 2640//2640 2641//2641 2623//2623
f 2623//2623 2641//2641 2642//2642
f 2623//2623 2642//2642 2643//2643
f 2643//2643 2642//2642 2659//2659
f 2643//2643 2659//2659 2644//2644
f 2644//2644 2659//2659 2645//2645
f 2644//2644 2645//2645 2622//2622
f 2622//2622 2645//2645 2646//2646
f 2622//2622 2646//2646 2619//2619
f 2619//2619 2646//2646 2647//2647
f 2619//2619 2647//2647 2618//2618
f 2618//2618 2647//2647 2657//2657
f 2618//2618 2657//2657 2616//2616
f 2616//2616 2657//2657 2648//2648
f 2616//2616 2648//2648 2615//2615
f 2615//2615 2648//2648 2656//2656
f 2615//2615 2656//2656 2649//2649
f 2649//2649 2656//2656 2650//2650
f 2649//2649 2650//2650 2651//2651
f 2651//2651 2650//2650 2653//2653
f 2651//2651 2653//2653 2652//2652
f 2652//2652 2653//2653 2608//2608
f 2652//2652 2608//2608 2609//2609
f 2609//2609 2608//2608 2881//2881
f 2609//2609 2881//2881 2883//2883
f 2879//2879 2608//2608 2654//2654
f 2654//2654 2608//2608 2653//2653
f 2654//2654 2653//2653 2655//2655
f 2655//2655 2653//2653 2650//2650
f 2655//2655 2650//2650 1588//1588
f 1588//1588 2650//2650 2656//2656
f 1588//1588 2656//2656 1589//1589
f 1589//1589 2656//2656 2648//2648
f 1589//1589 2648//2648 1083//1083
f 1083//1083 2648//2648 2657//2657
f 1083//1083 2657//2657 2010//2010
f 2010//2010 2657//2657 2647//2647
f 2010//2010 2647//2647 2658//2658
f 2658//2658 2647//2647 2646//2646
f 2658//2658 2646//2646 2012//2012
f 2012//2012 2646//2646 2645//2645
f 2012//2012 2645//2645 2013//2013
f 2013//2013 2645//2645 2659//2659
f 2013//2013 2659//2659 2015//2015
f 2015//2015 2659//2659 2642//2642
f 2015//2015 2642//2642 2660//2660
f 2660//2660 2642//2642 2641//2641
f 2660//2660 2641//2641 2661//2661
f 2661//2661 2641//2641 2640//2640
f 2661//2661 2640//2640 2017//2017
f 2017//2017 2640//2640 161//161
f 2017//2017 161//161 1080//1080
f 2662//2662 3817//3817 2663//2663
f 2663//2663 3817//3817 2553//2553
f 2663//2663 2553//2553 2664//2664
f 2664//2664 2553//2553 2554//2554
f 2664//2664 2554//2554 2665//2665
f 2665//2665 2554//2554 2555//2555
f 2665//2665 2555//2555 2666//2666
f 2666//2666 2555//2555 2557//2557
f 2666//2666 2557//2557 2835//2835
f 2835//2835 2557//2557 2559//2559
f 2835//2835 2559//2559 2832//2832
f 2832//2832 2559//2559 2560//2560
f 2832//2832 2560//2560 2667//2667
f 2667//2667 2560//2560 2668//2668
f 2667//2667 2668//2668 2669//2669
f 2669//2669 2668//2668 2561//2561
f 2669//2669 2561//2561 2670//2670
f 2670//2670 2561//2561 2671//2671
f 2670//2670 2671//2671 2672//2672
f 2672//2672 2671//2671 2564//2564
f 2672//2672 2564//2564 2828//2828
f 2828//2828 2564//2564 2673//2673
f 2828//2828 2673//2673 2827//2827
f 2699//2699 2697//2697 2674//2674
f 2674//2674 2697//2697 2690//2690
f 2698//2698 2700//2700 2682//2682
f 2682//2682 2700//2700 2675//2675
f 2682//2682 2675//2675 2684//2684
f 2684//2684 2675//2675 2676//2676
f 2684//2684 2676//2676 2677//2677
f 2677//2677 2676//2676 2678//2678
f 2677//2677 2678//2678 2685//2685
f 2862//2862 2863//2863 2679//2679
f 2679//2679 2863//2863 2680//2680
f 2696//2696 2698//2698 2681//2681
f 2681//2681 2698//2698 2682//2682
f 2681//2681 2682//2682 2683//2683
f 2683//2683 2682//2682 2684//2684
f 2683//2683 2684//2684 2693//2693
f 2693//2693 2684//2684 2677//2677
f 2693//2693 2677//2677 2686//2686
f 2686//2686 2677//2677 2685//2685
f 2686//2686 2685//2685 2694//2694
f 2580//2580 2859//2859 2581//2581
f 2581//2581 2859//2859 2687//2687
f 2581//2581 2687//2687 2550//2550
f 2550//2550 2687//2687 2688//2688
f 2550//2550 2688//2688 2551//2551
f 2551//2551 2688//2688 2689//2689
f 2551//2551 2689//2689 2673//2673
f 2673//2673 2689//2689 2699//2699
f 2673//2673 2699//2699 2827//2827
f 2827//2827 2699//2699 2674//2674
f 2827//2827 2674//2674 2825//2825
f 2825//2825 2674//2674 2690//2690
f 2825//2825 2690//2690 2823//2823
f 2823//2823 2690//2690 2822//2822
f 2822//2822 2696//2696 2691//2691
f 2691//2691 2696//2696 2681//2681
f 2691//2691 2681//2681 2819//2819
f 2819//2819 2681//2681 2683//2683
f 2819//2819 2683//2683 2817//2817
f 2817//2817 2683//2683 2693//2693
f 2817//2817 2693//2693 2692//2692
f 2692//2692 2693//2693 2686//2686
f 2692//2692 2686//2686 2695//2695
f 2695//2695 2686//2686 2694//2694
f 2695//2695 2694//2694 2814//2814
f 2822//2822 2690//2690 2696//2696
f 2696//2696 2690//2690 2697//2697
f 2696//2696 2697//2697 2698//2698
f 2698//2698 2697//2697 2699//2699
f 2698//2698 2699//2699 2700//2700
f 2700//2700 2699//2699 2585//2585
f 2700//2700 2585//2585 2675//2675
f 2675//2675 2585//2585 2701//2701
f 2675//2675 2701//2701 2676//2676
f 2676//2676 2701//2701 2702//2702
f 2676//2676 2702//2702 2678//2678
f 2678//2678 2702//2702 2862//2862
f 2678//2678 2862//2862 2685//2685
f 2685//2685 2862//2862 2679//2679
f 2685//2685 2679//2679 2694//2694
f 2694//2694 2679//2679 1074//1074
f 2694//2694 1074//1074 2814//2814
f 3747//3747 2330//2330 2337//2337
f 2337//2337 2330//2330 2508//2508
f 2337//2337 2508//2508 2479//2479
f 2479//2479 2508//2508 2704//2704
f 2479//2479 2704//2704 2703//2703
f 2703//2703 2704//2704 2511//2511
f 2703//2703 2511//2511 2482//2482
f 2482//2482 2511//2511 2512//2512
f 2482//2482 2512//2512 2474//2474
f 2474//2474 2512//2512 2705//2705
f 2474//2474 2705//2705 2706//2706
f 2706//2706 2705//2705 2708//2708
f 2706//2706 2708//2708 2707//2707
f 2707//2707 2708//2708 2606//2606
f 2707//2707 2606//2606 2477//2477
f 2477//2477 2606//2606 2710//2710
f 2477//2477 2710//2710 2709//2709
f 2709//2709 2710//2710 2803//2803
f 2709//2709 2803//2803 2731//2731
f 2731//2731 2803//2803 2805//2805
f 2731//2731 2805//2805 2711//2711
f 2711//2711 2805//2805 2712//2712
f 2711//2711 2712//2712 2733//2733
f 2733//2733 2712//2712 2807//2807
f 2733//2733 2807//2807 2734//2734
f 2734//2734 2807//2807 2713//2713
f 2734//2734 2713//2713 2735//2735
f 2735//2735 2713//2713 2714//2714
f 2735//2735 2714//2714 2715//2715
f 2715//2715 2714//2714 2809//2809
f 2715//2715 2809//2809 2716//2716
f 2716//2716 2809//2809 2717//2717
f 2716//2716 2717//2717 2736//2736
f 2736//2736 2717//2717 2811//2811
f 2736//2736 2811//2811 2737//2737
f 2737//2737 2811//2811 1081//1081
f 2737//2737 1081//1081 2740//2740
f 2740//2740 1081//1081 882//882
f 2740//2740 882//882 2718//2718
f 3684//3684 3682//3682 2719//2719
f 2719//2719 3682//3682 2720//2720
f 2719//2719 2720//2720 2801//2801
f 2801//2801 2720//2720 2768//2768
f 2801//2801 2768//2768 2802//2802
f 2802//2802 2768//2768 2769//2769
f 2802//2802 2769//2769 2804//2804
f 2804//2804 2769//2769 2770//2770
f 2804//2804 2770//2770 2806//2806
f 2806//2806 2770//2770 2771//2771
f 2806//2806 2771//2771 2721//2721
f 2721//2721 2771//2771 2723//2723
f 2721//2721 2723//2723 2722//2722
f 2722//2722 2723//2723 2724//2724
f 2722//2722 2724//2724 2726//2726
f 2726//2726 2724//2724 2725//2725
f 2726//2726 2725//2725 2808//2808
f 2808//2808 2725//2725 2775//2775
f 2808//2808 2775//2775 2727//2727
f 2727//2727 2775//2775 2776//2776
f 2727//2727 2776//2776 2810//2810
f 2810//2810 2776//2776 2728//2728
f 2810//2810 2728//2728 2812//2812
f 2812//2812 2728//2728 2778//2778
f 2812//2812 2778//2778 151//151
f 151//151 2778//2778 2729//2729
f 2839//2839 2731//2731 2730//2730
f 2730//2730 2731//2731 2711//2711
f 2730//2730 2711//2711 2732//2732
f 2732//2732 2711//2711 2733//2733
f 2732//2732 2733//2733 2627//2627
f 2627//2627 2733//2733 2734//2734
f 2627//2627 2734//2734 2629//2629
f 2629//2629 2734//2734 2735//2735
f 2629//2629 2735//2735 2631//2631
f 2631//2631 2735//2735 2715//2715
f 2631//2631 2715//2715 2632//2632
f 2632//2632 2715//2715 2716//2716
f 2632//2632 2716//2716 2634//2634
f 2634//2634 2716//2716 2736//2736
f 2634//2634 2736//2736 2636//2636
f 2636//2636 2736//2736 2737//2737
f 2636//2636 2737//2737 2738//2738
f 2738//2738 2737//2737 2740//2740
f 2738//2738 2740//2740 2739//2739
f 2739//2739 2740//2740 2718//2718
f 2739//2739 2718//2718 152//152
f 1073//1073 806//806 2815//2815
f 2815//2815 806//806 2741//2741
f 2815//2815 2741//2741 2743//2743
f 2743//2743 2741//2741 2742//2742
f 2743//2743 2742//2742 2816//2816
f 2816//2816 2742//2742 2744//2744
f 2816//2816 2744//2744 2818//2818
f 2818//2818 2744//2744 2745//2745
f 2818//2818 2745//2745 2820//2820
f 2820//2820 2745//2745 2746//2746
f 2820//2820 2746//2746 2821//2821
f 2767//2767 2748//2748 2747//2747
f 2747//2747 2748//2748 2749//2749
f 2747//2747 2749//2749 2750//2750
f 2750//2750 2749//2749 2751//2751
f 2750//2750 2751//2751 2772//2772
f 2772//2772 2751//2751 2752//2752
f 2772//2772 2752//2752 2753//2753
f 2753//2753 2752//2752 2754//2754
f 2753//2753 2754//2754 2773//2773
f 2773//2773 2754//2754 2755//2755
f 2773//2773 2755//2755 2756//2756
f 2756//2756 2755//2755 2757//2757
f 2756//2756 2757//2757 2774//2774
f 2774//2774 2757//2757 2758//2758
f 2774//2774 2758//2758 2759//2759
f 2759//2759 2758//2758 1590//1590
f 2759//2759 1590//1590 2760//2760
f 2760//2760 1590//1590 2761//2761
f 2760//2760 2761//2761 2777//2777
f 2777//2777 2761//2761 149//149
f 2777//2777 149//149 2762//2762
f 802//802 816//816 2779//2779
f 2779//2779 816//816 2763//2763
f 2779//2779 2763//2763 2764//2764
f 2764//2764 2763//2763 2765//2765
f 2764//2764 2765//2765 2766//2766
f 2766//2766 2765//2765 3677//3677
f 2766//2766 3677//3677 3678//3678
f 3682//3682 3681//3681 2720//2720
f 2720//2720 3681//3681 2767//2767
f 2720//2720 2767//2767 2768//2768
f 2768//2768 2767//2767 2747//2747
f 2768//2768 2747//2747 2769//2769
f 2769//2769 2747//2747 2750//2750
f 2769//2769 2750//2750 2770//2770
f 2770//2770 2750//2750 2772//2772
f 2770//2770 2772//2772 2771//2771
f 2771//2771 2772//2772 2753//2753
f 2771//2771 2753//2753 2723//2723
f 2723//2723 2753//2753 2773//2773
f 2723//2723 2773//2773 2724//2724
f 2724//2724 2773//2773 2756//2756
f 2724//2724 2756//2756 2725//2725
f 2725//2725 2756//2756 2774//2774
f 2725//2725 2774//2774 2775//2775
f 2775//2775 2774//2774 2759//2759
f 2775//2775 2759//2759 2776//2776
f 2776//2776 2759//2759 2760//2760
f 2776//2776 2760//2760 2728//2728
f 2728//2728 2760//2760 2777//2777
f 2728//2728 2777//2777 2778//2778
f 2778//2778 2777//2777 2762//2762
f 2778//2778 2762//2762 2729//2729
f 804//804 802//802 2741//2741
f 2741//2741 802//802 2779//2779
f 2741//2741 2779//2779 2742//2742
f 2742//2742 2779//2779 2764//2764
f 2742//2742 2764//2764 2744//2744
f 2744//2744 2764//2764 2766//2766
f 2744//2744 2766//2766 2745//2745
f 2745//2745 2766//2766 3678//3678
f 2745//2745 3678//3678 2746//2746
f 2746//2746 3678//3678 2780//2780
f 2746//2746 2780//2780 2821//2821
f 2821//2821 2780//2780 2781//2781
f 2821//2821 2781//2781 2824//2824
f 2824//2824 2781//2781 2783//2783
f 2824//2824 2783//2783 2782//2782
f 2782//2782 2783//2783 3679//3679
f 2782//2782 3679//3679 2826//2826
f 2826//2826 3679//3679 2784//2784
f 2826//2826 2784//2784 2829//2829
f 2829//2829 2784//2784 2786//2786
f 2829//2829 2786//2786 2785//2785
f 2785//2785 2786//2786 3680//3680
f 2785//2785 3680//3680 2830//2830
f 2830//2830 3680//3680 2787//2787
f 2830//2830 2787//2787 2831//2831
f 2831//2831 2787//2787 2788//2788
f 2831//2831 2788//2788 2833//2833
f 2833//2833 2788//2788 2523//2523
f 2833//2833 2523//2523 2834//2834
f 2834//2834 2523//2523 2524//2524
f 2834//2834 2524//2524 2789//2789
f 2789//2789 2524//2524 2790//2790
f 2789//2789 2790//2790 2791//2791
f 2791//2791 2790//2790 2793//2793
f 2791//2791 2793//2793 2792//2792
f 2792//2792 2793//2793 2794//2794
f 2792//2792 2794//2794 2795//2795
f 2795//2795 2794//2794 2527//2527
f 2795//2795 2527//2527 2836//2836
f 2836//2836 2527//2527 2528//2528
f 2836//2836 2528//2528 3819//3819
f 3819//3819 2528//2528 3820//3820
f 1077//1077 3827//3827 2331//2331
f 1077//1077 2331//2331 2602//2602
f 2602//2602 2331//2331 2334//2334
f 2602//2602 2334//2334 2796//2796
f 2796//2796 2334//2334 2491//2491
f 2796//2796 2491//2491 2603//2603
f 2603//2603 2491//2491 2490//2490
f 2603//2603 2490//2490 2797//2797
f 2797//2797 2490//2490 2504//2504
f 2797//2797 2504//2504 2798//2798
f 2798//2798 2504//2504 2505//2505
f 2798//2798 2505//2505 2799//2799
f 2799//2799 2505//2505 2719//2719
f 2799//2799 2719//2719 2800//2800
f 2800//2800 2719//2719 2801//2801
f 2800//2800 2801//2801 2605//2605
f 2605//2605 2801//2801 2802//2802
f 2605//2605 2802//2802 2803//2803
f 2803//2803 2802//2802 2804//2804
f 2803//2803 2804//2804 2805//2805
f 2805//2805 2804//2804 2806//2806
f 2805//2805 2806//2806 2712//2712
f 2712//2712 2806//2806 2721//2721
f 2712//2712 2721//2721 2807//2807
f 2807//2807 2721//2721 2722//2722
f 2807//2807 2722//2722 2713//2713
f 2713//2713 2722//2722 2726//2726
f 2713//2713 2726//2726 2714//2714
f 2714//2714 2726//2726 2808//2808
f 2714//2714 2808//2808 2809//2809
f 2809//2809 2808//2808 2727//2727
f 2809//2809 2727//2727 2717//2717
f 2717//2717 2727//2727 2810//2810
f 2717//2717 2810//2810 2811//2811
f 2811//2811 2810//2810 2812//2812
f 2811//2811 2812//2812 1081//1081
f 1081//1081 2812//2812 151//151
f 1081//1081 151//151 2813//2813
f 2695//2695 2814//2814 2815//2815
f 2695//2695 2815//2815 2692//2692
f 2692//2692 2815//2815 2743//2743
f 2692//2692 2743//2743 2817//2817
f 2817//2817 2743//2743 2816//2816
f 2817//2817 2816//2816 2819//2819
f 2819//2819 2816//2816 2818//2818
f 2819//2819 2818//2818 2691//2691
f 2691//2691 2818//2818 2820//2820
f 2691//2691 2820//2820 2822//2822
f 2822//2822 2820//2820 2821//2821
f 2822//2822 2821//2821 2823//2823
f 2823//2823 2821//2821 2824//2824
f 2823//2823 2824//2824 2825//2825
f 2825//2825 2824//2824 2782//2782
f 2825//2825 2782//2782 2827//2827
f 2827//2827 2782//2782 2826//2826
f 2827//2827 2826//2826 2828//2828
f 2828//2828 2826//2826 2829//2829
f 2828//2828 2829//2829 2672//2672
f 2672//2672 2829//2829 2785//2785
f 2672//2672 2785//2785 2670//2670
f 2670//2670 2785//2785 2830//2830
f 2670//2670 2830//2830 2669//2669
f 2669//2669 2830//2830 2831//2831
f 2669//2669 2831//2831 2667//2667
f 2667//2667 2831//2831 2833//2833
f 2667//2667 2833//2833 2832//2832
f 2832//2832 2833//2833 2834//2834
f 2832//2832 2834//2834 2835//2835
f 2835//2835 2834//2834 2789//2789
f 2835//2835 2789//2789 2666//2666
f 2666//2666 2789//2789 2791//2791
f 2666//2666 2791//2791 2665//2665
f 2665//2665 2791//2791 2792//2792
f 2665//2665 2792//2792 2664//2664
f 2664//2664 2792//2792 2795//2795
f 2664//2664 2795//2795 2663//2663
f 2663//2663 2795//2795 2836//2836
f 2663//2663 2836//2836 2837//2837
f 2837//2837 2836//2836 2838//2838
f 2478//2478 2477//2477 2607//2607
f 2607//2607 2477//2477 2709//2709
f 2607//2607 2709//2709 2610//2610
f 2610//2610 2709//2709 2839//2839
f 2610//2610 2839//2839 2611//2611
f 2611//2611 2839//2839 2626//2626
f 2611//2611 2626//2626 2612//2612
f 2612//2612 2626//2626 2840//2840
f 2612//2612 2840//2840 2613//2613
f 2613//2613 2840//2840 2628//2628
f 2613//2613 2628//2628 2614//2614
f 2614//2614 2628//2628 2630//2630
f 2614//2614 2630//2630 2617//2617
f 2617//2617 2630//2630 2633//2633
f 2617//2617 2633//2633 2620//2620
f 2620//2620 2633//2633 2841//2841
f 2620//2620 2841//2841 2621//2621
f 2621//2621 2841//2841 2635//2635
f 2621//2621 2635//2635 2842//2842
f 2842//2842 2635//2635 2843//2843
f 2842//2842 2843//2843 2844//2844
f 2844//2844 2843//2843 2845//2845
f 2844//2844 2845//2845 2846//2846
f 2846//2846 2845//2845 2637//2637
f 2846//2846 2637//2637 2624//2624
f 2624//2624 2637//2637 159//159
f 2624//2624 159//159 2625//2625
f 2847//2847 2850//2850 2848//2848
f 2848//2848 2850//2850 2849//2849
f 2849//2849 2850//2850 860//860
f 2849//2849 860//860 2851//2851
f 3811//3811 2852//2852 2853//2853
f 2853//2853 2852//2852 2587//2587
f 2853//2853 2587//2587 2577//2577
f 2577//2577 2587//2587 2854//2854
f 2577//2577 2854//2854 2578//2578
f 2578//2578 2854//2854 2588//2588
f 2578//2578 2588//2588 2855//2855
f 2855//2855 2588//2588 2589//2589
f 2855//2855 2589//2589 2856//2856
f 2856//2856 2589//2589 2591//2591
f 2856//2856 2591//2591 2857//2857
f 2857//2857 2591//2591 2592//2592
f 2857//2857 2592//2592 2580//2580
f 2580//2580 2592//2592 2593//2593
f 2580//2580 2593//2593 2859//2859
f 2859//2859 2593//2593 2858//2858
f 2859//2859 2858//2858 2860//2860
f 2860//2860 2858//2858 2861//2861
f 2860//2860 2861//2861 2702//2702
f 2702//2702 2861//2861 2849//2849
f 2702//2702 2849//2849 2862//2862
f 2862//2862 2849//2849 2851//2851
f 2862//2862 2851//2851 2863//2863
f 167//167 2864//2864 2865//2865
f 2865//2865 2864//2864 2297//2297
f 2865//2865 2297//2297 2031//2031
f 2031//2031 2297//2297 2296//2296
f 2031//2031 2296//2296 2866//2866
f 2866//2866 2296//2296 2867//2867
f 2866//2866 2867//2867 2868//2868
f 2868//2868 2867//2867 2294//2294
f 2868//2868 2294//2294 2028//2028
f 2028//2028 2294//2294 2869//2869
f 2028//2028 2869//2869 2027//2027
f 2027//2027 2869//2869 2870//2870
f 2027//2027 2870//2870 2025//2025
f 2025//2025 2870//2870 2872//2872
f 2025//2025 2872//2872 2871//2871
f 2871//2871 2872//2872 2873//2873
f 2871//2871 2873//2873 2023//2023
f 2023//2023 2873//2873 2409//2409
f 2023//2023 2409//2409 2874//2874
f 2874//2874 2409//2409 2875//2875
f 2874//2874 2875//2875 2020//2020
f 2020//2020 2875//2875 2876//2876
f 2020//2020 2876//2876 2019//2019
f 2019//2019 2876//2876 2877//2877
f 2019//2019 2877//2877 2878//2878
f 2878//2878 2877//2877 2413//2413
f 2878//2878 2413//2413 2879//2879
f 2879//2879 2413//2413 2880//2880
f 2879//2879 2880//2880 2881//2881
f 2881//2881 2880//2880 2882//2882
f 2881//2881 2882//2882 2883//2883
f 2883//2883 2882//2882 2414//2414
f 2883//2883 2414//2414 2478//2478
f 2478//2478 2414//2414 2884//2884
f 2478//2478 2884//2884 2476//2476
f 2476//2476 2884//2884 2885//2885
f 2476//2476 2885//2885 2475//2475
f 2475//2475 2885//2885 2886//2886
f 2475//2475 2886//2886 2473//2473
f 2473//2473 2886//2886 2417//2417
f 2473//2473 2417//2417 2472//2472
f 2472//2472 2417//2417 3740//3740
f 2472//2472 3740//3740 2346//2346
f 2346//2346 3740//3740 3741//3741
f 2346//2346 3741//3741 2344//2344
f 2887//2887 3780//3780 1072//1072
f 2888//2888 3004//3004 3222//3222
f 2889//2889 2890//2890 2891//2891
f 2891//2891 2890//2890 3774//3774
f 3777//3777 3776//3776 2892//2892
f 2892//2892 3776//3776 2893//2893
f 2893//2893 2894//2894 3221//3221
f 2895//2895 576//576 2927//2927
f 576//576 564//564 2927//2927
f 2927//2927 564//564 2896//2896
f 2927//2927 2896//2896 584//584
f 2895//2895 2938//2938 2897//2897
f 2897//2897 2938//2938 2939//2939
f 2897//2897 2939//2939 2898//2898
f 2898//2898 2939//2939 602//602
f 602//602 2939//2939 2899//2899
f 602//602 2899//2899 603//603
f 3781//3781 3779//3779 2928//2928
f 2928//2928 3779//3779 1071//1071
f 2928//2928 1071//1071 2930//2930
f 2930//2930 1071//1071 2900//2900
f 2930//2930 2900//2900 2931//2931
f 2931//2931 2900//2900 2901//2901
f 2931//2931 2901//2901 2932//2932
f 2932//2932 2901//2901 2904//2904
f 2932//2932 2904//2904 2934//2934
f 2934//2934 2904//2904 2905//2905
f 2934//2934 2905//2905 2902//2902
f 2902//2902 2905//2905 2906//2906
f 2902//2902 2906//2906 2955//2955
f 3778//3778 3777//3777 1071//1071
f 1071//1071 3777//3777 2892//2892
f 1071//1071 2892//2892 2900//2900
f 2900//2900 2892//2892 2903//2903
f 2900//2900 2903//2903 2901//2901
f 2901//2901 2903//2903 3549//3549
f 2901//2901 3549//3549 2904//2904
f 2904//2904 3549//3549 3552//3552
f 2904//2904 3552//3552 2905//2905
f 2905//2905 3552//3552 2953//2953
f 2905//2905 2953//2953 2906//2906
f 3772//3772 3771//3771 2908//2908
f 2908//2908 3771//3771 2907//2907
f 2908//2908 2907//2907 2988//2988
f 3768//3768 3767//3767 2918//2918
f 2918//2918 3767//3767 3035//3035
f 3035//3035 3765//3765 3325//3325
f 3325//3325 3765//3765 2909//2909
f 3060//3060 3763//3763 3061//3061
f 1068//1068 2913//2913 3763//3763
f 3759//3759 2910//2910 2911//2911
f 2911//2911 2910//2910 3053//3053
f 2911//2911 3053//3053 2912//2912
f 2912//2912 3053//3053 3761//3761
f 3061//3061 3763//3763 2913//2913
f 3061//3061 2913//2913 2914//2914
f 2914//2914 2913//2913 2916//2916
f 2914//2914 2916//2916 2915//2915
f 2915//2915 2916//2916 3055//3055
f 2915//2915 3055//3055 3064//3064
f 3769//3769 3768//3768 2917//2917
f 2917//2917 3768//3768 2918//2918
f 2917//2917 2918//2918 2919//2919
f 2919//2919 2918//2918 2920//2920
f 2919//2919 2920//2920 2991//2991
f 2991//2991 2920//2920 3037//3037
f 2991//2991 3037//3037 2993//2993
f 2993//2993 3037//3037 3038//3038
f 2993//2993 3038//3038 2995//2995
f 2995//2995 3038//3038 2976//2976
f 2995//2995 2976//2976 2996//2996
f 2921//2921 2997//2997 2996//2996
f 603//603 2899//2899 2922//2922
f 2922//2922 2899//2899 2942//2942
f 2922//2922 2942//2942 2923//2923
f 2923//2923 2942//2942 2944//2944
f 2923//2923 2944//2944 615//615
f 615//615 2944//2944 613//613
f 613//613 2944//2944 2945//2945
f 613//613 2945//2945 629//629
f 2937//2937 1067//1067 2936//2936
f 2936//2936 1067//1067 2943//2943
f 2936//2936 2943//2943 2935//2935
f 2935//2935 2943//2943 2924//2924
f 2935//2935 2924//2924 2933//2933
f 2933//2933 2924//2924 2941//2941
f 2933//2933 2941//2941 2925//2925
f 2925//2925 2941//2941 2940//2940
f 2925//2925 2940//2940 2926//2926
f 2926//2926 2940//2940 2927//2927
f 2926//2926 2927//2927 2929//2929
f 2929//2929 2927//2927 584//584
f 2929//2929 584//584 583//583
f 2887//2887 1072//1072 1070//1070
f 1070//1070 1072//1072 2928//2928
f 1070//1070 2928//2928 2929//2929
f 2929//2929 2928//2928 2930//2930
f 2929//2929 2930//2930 2926//2926
f 2926//2926 2930//2930 2931//2931
f 2926//2926 2931//2931 2925//2925
f 2925//2925 2931//2931 2932//2932
f 2925//2925 2932//2932 2933//2933
f 2933//2933 2932//2932 2934//2934
f 2933//2933 2934//2934 2935//2935
f 2935//2935 2934//2934 2902//2902
f 2935//2935 2902//2902 2936//2936
f 2936//2936 2902//2902 2955//2955
f 2936//2936 2955//2955 2937//2937
f 2895//2895 2927//2927 2938//2938
f 2938//2938 2927//2927 2940//2940
f 2938//2938 2940//2940 2939//2939
f 2939//2939 2940//2940 2941//2941
f 2939//2939 2941//2941 2899//2899
f 2899//2899 2941//2941 2924//2924
f 2899//2899 2924//2924 2942//2942
f 2942//2942 2924//2924 2943//2943
f 2942//2942 2943//2943 2944//2944
f 2944//2944 2943//2943 1067//1067
f 2944//2944 1067//1067 2945//2945
f 2945//2945 1067//1067 1066//1066
f 2945//2945 1066//1066 2947//2947
f 629//629 2945//2945 2946//2946
f 2946//2946 2945//2945 2947//2947
f 2946//2946 2947//2947 2948//2948
f 2948//2948 2947//2947 2951//2951
f 2948//2948 2951//2951 2949//2949
f 2949//2949 2951//2951 2950//2950
f 2950//2950 2951//2951 2952//2952
f 2950//2950 2952//2952 637//637
f 2953//2953 2969//2969 2906//2906
f 2906//2906 2969//2969 2954//2954
f 2906//2906 2954//2954 2955//2955
f 2955//2955 2954//2954 2956//2956
f 2955//2955 2956//2956 2937//2937
f 2937//2937 2956//2956 2957//2957
f 2937//2937 2957//2957 1066//1066
f 1066//1066 2957//2957 2973//2973
f 1066//1066 2973//2973 2947//2947
f 2947//2947 2973//2973 2958//2958
f 2947//2947 2958//2958 2951//2951
f 2951//2951 2958//2958 2959//2959
f 2951//2951 2959//2959 2952//2952
f 2952//2952 2959//2959 2974//2974
f 2952//2952 2974//2974 2960//2960
f 2975//2975 682//682 2961//2961
f 3269//3269 2963//2963 2962//2962
f 2962//2962 2963//2963 2964//2964
f 2962//2962 2964//2964 3268//3268
f 3268//3268 2964//2964 2965//2965
f 3268//3268 2965//2965 2967//2967
f 2967//2967 2965//2965 2966//2966
f 2967//2967 2966//2966 3265//3265
f 3265//3265 2966//2966 2968//2968
f 3265//3265 2968//2968 3262//3262
f 3262//3262 2968//2968 3261//3261
f 2969//2969 2970//2970 2954//2954
f 2954//2954 2970//2970 2971//2971
f 2954//2954 2971//2971 2956//2956
f 2956//2956 2971//2971 2972//2972
f 2956//2956 2972//2972 2957//2957
f 2957//2957 2972//2972 3267//3267
f 2957//2957 3267//3267 2973//2973
f 2973//2973 3267//3267 3266//3266
f 2973//2973 3266//3266 2958//2958
f 2958//2958 3266//3266 3264//3264
f 2958//2958 3264//3264 2959//2959
f 2959//2959 3264//3264 3263//3263
f 2959//2959 3263//3263 2974//2974
f 2974//2974 3263//3263 2975//2975
f 2974//2974 2975//2975 2960//2960
f 2960//2960 2975//2975 2961//2961
f 2960//2960 2961//2961 2952//2952
f 2952//2952 2961//2961 628//628
f 2952//2952 628//628 637//637
f 2996//2996 2976//2976 2921//2921
f 2921//2921 2976//2976 3042//3042
f 2921//2921 3042//3042 2984//2984
f 2984//2984 3042//3042 3044//3044
f 2984//2984 3044//3044 2977//2977
f 2977//2977 3044//3044 2978//2978
f 2977//2977 2978//2978 2979//2979
f 2979//2979 2978//2978 2981//2981
f 2979//2979 2981//2981 2980//2980
f 2980//2980 2981//2981 2982//2982
f 2980//2980 2982//2982 2983//2983
f 2997//2997 2921//2921 2998//2998
f 2998//2998 2921//2921 2984//2984
f 2998//2998 2984//2984 2999//2999
f 2999//2999 2984//2984 2977//2977
f 2999//2999 2977//2977 2985//2985
f 2985//2985 2977//2977 2979//2979
f 2985//2985 2979//2979 2986//2986
f 2986//2986 2979//2979 2980//2980
f 2986//2986 2980//2980 3002//3002
f 3002//3002 2980//2980 2983//2983
f 3002//3002 2983//2983 3003//3003
f 1065//1065 2987//2987 3236//3236
f 3236//3236 2987//2987 3270//3270
f 3236//3236 3270//3270 3271//3271
f 2988//2988 3769//3769 2908//2908
f 2908//2908 3769//3769 2917//2917
f 2908//2908 2917//2917 2989//2989
f 2989//2989 2917//2917 2919//2919
f 2989//2989 2919//2919 2990//2990
f 2990//2990 2919//2919 2991//2991
f 2990//2990 2991//2991 2992//2992
f 2992//2992 2991//2991 2993//2993
f 2992//2992 2993//2993 2994//2994
f 2994//2994 2993//2993 2995//2995
f 2994//2994 2995//2995 3211//3211
f 3211//3211 2995//2995 2996//2996
f 3211//3211 2996//2996 3212//3212
f 3212//3212 2996//2996 2997//2997
f 3212//3212 2997//2997 3213//3213
f 3213//3213 2997//2997 2998//2998
f 3213//3213 2998//2998 3214//3214
f 3214//3214 2998//2998 2999//2999
f 3214//3214 2999//2999 3000//3000
f 3000//3000 2999//2999 2985//2985
f 3000//3000 2985//2985 3001//3001
f 3001//3001 2985//2985 2986//2986
f 3001//3001 2986//2986 3215//3215
f 3215//3215 2986//2986 3002//3002
f 3215//3215 3002//3002 3217//3217
f 3217//3217 3002//3002 3003//3003
f 3217//3217 3003//3003 3048//3048
f 3004//3004 2889//2889 3222//3222
f 3222//3222 2889//2889 2891//2891
f 3222//3222 2891//2891 3005//3005
f 3005//3005 2891//2891 3007//3007
f 3005//3005 3007//3007 3006//3006
f 3006//3006 3007//3007 3366//3366
f 3006//3006 3366//3366 3225//3225
f 3225//3225 3366//3366 3008//3008
f 3225//3225 3008//3008 3226//3226
f 3226//3226 3008//3008 3010//3010
f 3226//3226 3010//3010 3009//3009
f 3009//3009 3010//3010 3011//3011
f 3009//3009 3011//3011 3228//3228
f 3228//3228 3011//3011 3368//3368
f 3228//3228 3368//3368 3229//3229
f 3229//3229 3368//3368 3012//3012
f 3229//3229 3012//3012 3230//3230
f 3230//3230 3012//3012 3372//3372
f 3230//3230 3372//3372 3013//3013
f 3013//3013 3372//3372 3375//3375
f 3013//3013 3375//3375 3014//3014
f 3014//3014 3375//3375 3376//3376
f 3014//3014 3376//3376 3015//3015
f 3015//3015 3376//3376 3378//3378
f 3015//3015 3378//3378 3016//3016
f 3016//3016 3378//3378 3017//3017
f 3016//3016 3017//3017 3018//3018
f 3018//3018 3017//3017 3380//3380
f 3018//3018 3380//3380 3233//3233
f 3233//3233 3380//3380 3381//3381
f 3233//3233 3381//3381 3382//3382
f 3323//3323 3560//3560 3019//3019
f 3019//3019 3560//3560 3020//3020
f 3019//3019 3020//3020 3021//3021
f 3021//3021 3020//3020 3558//3558
f 3021//3021 3558//3558 3023//3023
f 3023//3023 3558//3558 3022//3022
f 3023//3023 3022//3022 3024//3024
f 3024//3024 3022//3022 3025//3025
f 3024//3024 3025//3025 3026//3026
f 3026//3026 3025//3025 3556//3556
f 3026//3026 3556//3556 3232//3232
f 3232//3232 3556//3556 3555//3555
f 3232//3232 3555//3555 3231//3231
f 3231//3231 3555//3555 3028//3028
f 3231//3231 3028//3028 3027//3027
f 3027//3027 3028//3028 3029//3029
f 3027//3027 3029//3029 3227//3227
f 3227//3227 3029//3029 3030//3030
f 3227//3227 3030//3030 3031//3031
f 3031//3031 3030//3030 3553//3553
f 3031//3031 3553//3553 3032//3032
f 3032//3032 3553//3553 3033//3033
f 3032//3032 3033//3033 3034//3034
f 3034//3034 3033//3033 3551//3551
f 3034//3034 3551//3551 3224//3224
f 3224//3224 3551//3551 3550//3550
f 3224//3224 3550//3550 3223//3223
f 3223//3223 3550//3550 3548//3548
f 3223//3223 3548//3548 3221//3221
f 2918//2918 3035//3035 3325//3325
f 2918//2918 3325//3325 2920//2920
f 2920//2920 3325//3325 3036//3036
f 2920//2920 3036//3036 3037//3037
f 3037//3037 3036//3036 3039//3039
f 3037//3037 3039//3039 3038//3038
f 3038//3038 3039//3039 3040//3040
f 3038//3038 3040//3040 2976//2976
f 2976//2976 3040//3040 3041//3041
f 2976//2976 3041//3041 3042//3042
f 3042//3042 3041//3041 3043//3043
f 3042//3042 3043//3043 3044//3044
f 3044//3044 3043//3043 3045//3045
f 3044//3044 3045//3045 2978//2978
f 2978//2978 3045//3045 3046//3046
f 2978//2978 3046//3046 2981//2981
f 2981//2981 3046//3046 3329//3329
f 2981//2981 3329//3329 2982//2982
f 2982//2982 3329//3329 3331//3331
f 2982//2982 3331//3331 2983//2983
f 2983//2983 3331//3331 3047//3047
f 2983//2983 3047//3047 3003//3003
f 3003//3003 3047//3047 3333//3333
f 3003//3003 3333//3333 3048//3048
f 3048//3048 3333//3333 3334//3334
f 3759//3759 3758//3758 3050//3050
f 3049//3049 3350//3350 3757//3757
f 3759//3759 3050//3050 2910//2910
f 2910//2910 3050//3050 3056//3056
f 2910//2910 3056//3056 3054//3054
f 3051//3051 3755//3755 3754//3754
f 3052//3052 3858//3858 3140//3140
f 3140//3140 3858//3858 3857//3857
f 1069//1069 3761//3761 2913//2913
f 2913//2913 3761//3761 3053//3053
f 2913//2913 3053//3053 2916//2916
f 2916//2916 3053//3053 3054//3054
f 2916//2916 3054//3054 3055//3055
f 3055//3055 3054//3054 3056//3056
f 3055//3055 3056//3056 3064//3064
f 3064//3064 3056//3056 3057//3057
f 3064//3064 3057//3057 3058//3058
f 3059//3059 3060//3060 3326//3326
f 3326//3326 3060//3060 3061//3061
f 3326//3326 3061//3061 3062//3062
f 3062//3062 3061//3061 2914//2914
f 3062//3062 2914//2914 3063//3063
f 3063//3063 2914//2914 2915//2915
f 3063//3063 2915//2915 3327//3327
f 3327//3327 2915//2915 3064//3064
f 3327//3327 3064//3064 3065//3065
f 3065//3065 3064//3064 3058//3058
f 3065//3065 3058//3058 3328//3328
f 3855//3855 3852//3852 3106//3106
f 3106//3106 3852//3852 3851//3851
f 3093//3093 3066//3066 3094//3094
f 3094//3094 3066//3066 3849//3849
f 3184//3184 3067//3067 3185//3185
f 3185//3185 3067//3067 3068//3068
f 3185//3185 3068//3068 3091//3091
f 3071//3071 3073//3073 3070//3070
f 3091//3091 3068//3068 3069//3069
f 3091//3091 3069//3069 3070//3070
f 3070//3070 3069//3069 3846//3846
f 3070//3070 3846//3846 3071//3071
f 3071//3071 3072//3072 3073//3073
f 3073//3073 3072//3072 3844//3844
f 3073//3073 3844//3844 3088//3088
f 3088//3088 3844//3844 3074//3074
f 3088//3088 3074//3074 2302//2302
f 3186//3186 3076//3076 3075//3075
f 3075//3075 3076//3076 2306//2306
f 3075//3075 2306//2306 3187//3187
f 3187//3187 2306//2306 3077//3077
f 3187//3187 3077//3077 3188//3188
f 3188//3188 3077//3077 3078//3078
f 3188//3188 3078//3078 3190//3190
f 3190//3190 3078//3078 3079//3079
f 3190//3190 3079//3079 3080//3080
f 3080//3080 3079//3079 2324//2324
f 2315//2315 2319//2319 3081//3081
f 3081//3081 2319//2319 3082//3082
f 3081//3081 3082//3082 2313//2313
f 2313//2313 3082//3082 2321//2321
f 2313//2313 2321//2321 2311//2311
f 2311//2311 2321//2321 2322//2322
f 2311//2311 2322//2322 2309//2309
f 2309//2309 2322//2322 3079//3079
f 2309//2309 3079//3079 3087//3087
f 3087//3087 3079//3079 2305//2305
f 3087//3087 2305//2305 3083//3083
f 3083//3083 2305//2305 3085//3085
f 3083//3083 3085//3085 3084//3084
f 3084//3084 3085//3085 2307//2307
f 3084//3084 2307//2307 3089//3089
f 3089//3089 2307//2307 3076//3076
f 3089//3089 3076//3076 3090//3090
f 3090//3090 3076//3076 3186//3186
f 3090//3090 3186//3186 3092//3092
f 2308//2308 2309//2309 3086//3086
f 3086//3086 2309//2309 3087//3087
f 3086//3086 3087//3087 2303//2303
f 2303//2303 3087//3087 3083//3083
f 2303//2303 3083//3083 3088//3088
f 3088//3088 3083//3083 3084//3084
f 3088//3088 3084//3084 3073//3073
f 3073//3073 3084//3084 3089//3089
f 3073//3073 3089//3089 3070//3070
f 3070//3070 3089//3089 3090//3090
f 3070//3070 3090//3090 3091//3091
f 3091//3091 3090//3090 3092//3092
f 3091//3091 3092//3092 3185//3185
f 3850//3850 3093//3093 3113//3113
f 3113//3113 3093//3093 3094//3094
f 3113//3113 3094//3094 3095//3095
f 3095//3095 3094//3094 3096//3096
f 3095//3095 3096//3096 3098//3098
f 3098//3098 3096//3096 3097//3097
f 3098//3098 3097//3097 3116//3116
f 3116//3116 3097//3097 3099//3099
f 3116//3116 3099//3099 3117//3117
f 3117//3117 3099//3099 3100//3100
f 3117//3117 3100//3100 3101//3101
f 3101//3101 3100//3100 3103//3103
f 3101//3101 3103//3103 3102//3102
f 3102//3102 3103//3103 3189//3189
f 3102//3102 3189//3189 3120//3120
f 3120//3120 3189//3189 3191//3191
f 3120//3120 3191//3191 3104//3104
f 3104//3104 3191//3191 3192//3192
f 3104//3104 3192//3192 3105//3105
f 3856//3856 3855//3855 3163//3163
f 3163//3163 3855//3855 3106//3106
f 3163//3163 3106//3106 3165//3165
f 3165//3165 3106//3106 3107//3107
f 3165//3165 3107//3107 3166//3166
f 3166//3166 3107//3107 3114//3114
f 3166//3166 3114//3114 3169//3169
f 3169//3169 3114//3114 3115//3115
f 3169//3169 3115//3115 3170//3170
f 3170//3170 3115//3115 3108//3108
f 3170//3170 3108//3108 3171//3171
f 3171//3171 3108//3108 3118//3118
f 3171//3171 3118//3118 3109//3109
f 3109//3109 3118//3118 3110//3110
f 3109//3109 3110//3110 3174//3174
f 3174//3174 3110//3110 3119//3119
f 3174//3174 3119//3119 3111//3111
f 3111//3111 3119//3119 3121//3121
f 3111//3111 3121//3121 3178//3178
f 3178//3178 3121//3121 3112//3112
f 3178//3178 3112//3112 3195//3195
f 3195//3195 3112//3112 3122//3122
f 3851//3851 3850//3850 3106//3106
f 3106//3106 3850//3850 3113//3113
f 3106//3106 3113//3113 3107//3107
f 3107//3107 3113//3113 3095//3095
f 3107//3107 3095//3095 3114//3114
f 3114//3114 3095//3095 3098//3098
f 3114//3114 3098//3098 3115//3115
f 3115//3115 3098//3098 3116//3116
f 3115//3115 3116//3116 3108//3108
f 3108//3108 3116//3116 3117//3117
f 3108//3108 3117//3117 3118//3118
f 3118//3118 3117//3117 3101//3101
f 3118//3118 3101//3101 3110//3110
f 3110//3110 3101//3101 3102//3102
f 3110//3110 3102//3102 3119//3119
f 3119//3119 3102//3102 3120//3120
f 3119//3119 3120//3120 3121//3121
f 3121//3121 3120//3120 3104//3104
f 3121//3121 3104//3104 3112//3112
f 3112//3112 3104//3104 3105//3105
f 3112//3112 3105//3105 3122//3122
f 3393//3393 1063//1063 3394//3394
f 3394//3394 1063//1063 3180//3180
f 3394//3394 3180//3180 3395//3395
f 3395//3395 3180//3180 3123//3123
f 3395//3395 3123//3123 3396//3396
f 3396//3396 3123//3123 3124//3124
f 3396//3396 3124//3124 3397//3397
f 3397//3397 3124//3124 3183//3183
f 3397//3397 3183//3183 3399//3399
f 3399//3399 3183//3183 3125//3125
f 3399//3399 3125//3125 3400//3400
f 3400//3400 3125//3125 3588//3588
f 3400//3400 3588//3588 3589//3589
f 3754//3754 3126//3126 3051//3051
f 3051//3051 3126//3126 3127//3127
f 3051//3051 3127//3127 3410//3410
f 3410//3410 3127//3127 3128//3128
f 3410//3410 3128//3128 3129//3129
f 3129//3129 3128//3128 3413//3413
f 3129//3129 3413//3413 3408//3408
f 3408//3408 3413//3413 3414//3414
f 3408//3408 3414//3414 3130//3130
f 3130//3130 3414//3414 3415//3415
f 3130//3130 3415//3415 3131//3131
f 3131//3131 3415//3415 3133//3133
f 3131//3131 3133//3133 3132//3132
f 3132//3132 3133//3133 3416//3416
f 3132//3132 3416//3416 3134//3134
f 3134//3134 3416//3416 3417//3417
f 3134//3134 3417//3417 3135//3135
f 3135//3135 3417//3417 3418//3418
f 3135//3135 3418//3418 3404//3404
f 3404//3404 3418//3418 3136//3136
f 3404//3404 3136//3136 3403//3403
f 3403//3403 3136//3136 3420//3420
f 3403//3403 3420//3420 3137//3137
f 3137//3137 3420//3420 3421//3421
f 3138//3138 3052//3052 3139//3139
f 3139//3139 3052//3052 3140//3140
f 3139//3139 3140//3140 3596//3596
f 3596//3596 3140//3140 3164//3164
f 3596//3596 3164//3164 3599//3599
f 3599//3599 3164//3164 3167//3167
f 3599//3599 3167//3167 3600//3600
f 3600//3600 3167//3167 3168//3168
f 3600//3600 3168//3168 3141//3141
f 3141//3141 3168//3168 3142//3142
f 3141//3141 3142//3142 3143//3143
f 3143//3143 3142//3142 3172//3172
f 3143//3143 3172//3172 3603//3603
f 3603//3603 3172//3172 3173//3173
f 3603//3603 3173//3173 3144//3144
f 3144//3144 3173//3173 3145//3145
f 3144//3144 3145//3145 3146//3146
f 3146//3146 3145//3145 3175//3175
f 3146//3146 3175//3175 3147//3147
f 3147//3147 3175//3175 3176//3176
f 3147//3147 3176//3176 3608//3608
f 3608//3608 3176//3176 3177//3177
f 3608//3608 3177//3177 3148//3148
f 3148//3148 3177//3177 3196//3196
f 3148//3148 3196//3196 3198//3198
f 3402//3402 3149//3149 3150//3150
f 3150//3150 3149//3149 3151//3151
f 3150//3150 3151//3151 3405//3405
f 3405//3405 3151//3151 3152//3152
f 3405//3405 3152//3152 3153//3153
f 3153//3153 3152//3152 3154//3154
f 3153//3153 3154//3154 3406//3406
f 3406//3406 3154//3154 3155//3155
f 3406//3406 3155//3155 3156//3156
f 3156//3156 3155//3155 3157//3157
f 3156//3156 3157//3157 3158//3158
f 3158//3158 3157//3157 3159//3159
f 3158//3158 3159//3159 3407//3407
f 3407//3407 3159//3159 3398//3398
f 3407//3407 3398//3398 3409//3409
f 3409//3409 3398//3398 3401//3401
f 3409//3409 3401//3401 3160//3160
f 3160//3160 3401//3401 3161//3161
f 3160//3160 3161//3161 3592//3592
f 3857//3857 3162//3162 3140//3140
f 3140//3140 3162//3162 3163//3163
f 3140//3140 3163//3163 3164//3164
f 3164//3164 3163//3163 3165//3165
f 3164//3164 3165//3165 3167//3167
f 3167//3167 3165//3165 3166//3166
f 3167//3167 3166//3166 3168//3168
f 3168//3168 3166//3166 3169//3169
f 3168//3168 3169//3169 3142//3142
f 3142//3142 3169//3169 3170//3170
f 3142//3142 3170//3170 3172//3172
f 3172//3172 3170//3170 3171//3171
f 3172//3172 3171//3171 3173//3173
f 3173//3173 3171//3171 3109//3109
f 3173//3173 3109//3109 3145//3145
f 3145//3145 3109//3109 3174//3174
f 3145//3145 3174//3174 3175//3175
f 3175//3175 3174//3174 3111//3111
f 3175//3175 3111//3111 3176//3176
f 3176//3176 3111//3111 3178//3178
f 3176//3176 3178//3178 3177//3177
f 3177//3177 3178//3178 3195//3195
f 3177//3177 3195//3195 3196//3196
f 3179//3179 3389//3389 3180//3180
f 3180//3180 3389//3389 3390//3390
f 3180//3180 3390//3390 3123//3123
f 3123//3123 3390//3390 3181//3181
f 3123//3123 3181//3181 3124//3124
f 3124//3124 3181//3181 3182//3182
f 3124//3124 3182//3182 3183//3183
f 3183//3183 3182//3182 3391//3391
f 3183//3183 3391//3391 3125//3125
f 3125//3125 3391//3391 3392//3392
f 3125//3125 3392//3392 3588//3588
f 3849//3849 3184//3184 3094//3094
f 3094//3094 3184//3184 3185//3185
f 3094//3094 3185//3185 3096//3096
f 3096//3096 3185//3185 3092//3092
f 3096//3096 3092//3092 3097//3097
f 3097//3097 3092//3092 3186//3186
f 3097//3097 3186//3186 3099//3099
f 3099//3099 3186//3186 3075//3075
f 3099//3099 3075//3075 3100//3100
f 3100//3100 3075//3075 3187//3187
f 3100//3100 3187//3187 3103//3103
f 3103//3103 3187//3187 3188//3188
f 3103//3103 3188//3188 3189//3189
f 3189//3189 3188//3188 3190//3190
f 3189//3189 3190//3190 3191//3191
f 3191//3191 3190//3190 3080//3080
f 3191//3191 3080//3080 3192//3192
f 3192//3192 3080//3080 2324//2324
f 3192//3192 2324//2324 3105//3105
f 3105//3105 2324//2324 2355//2355
f 3105//3105 2355//2355 3122//3122
f 3122//3122 2355//2355 3193//3193
f 3122//3122 3193//3193 3195//3195
f 3195//3195 3193//3193 3194//3194
f 3195//3195 3194//3194 3196//3196
f 3196//3196 3194//3194 2360//2360
f 3196//3196 2360//2360 3198//3198
f 3198//3198 2360//2360 3197//3197
f 3198//3198 3197//3197 3148//3148
f 3148//3148 3197//3197 3611//3611
f 3148//3148 3611//3611 3608//3608
f 3259//3259 3199//3199 3200//3200
f 3200//3200 3199//3199 3201//3201
f 3200//3200 3201//3201 2975//2975
f 2975//2975 3201//3201 132//132
f 2975//2975 132//132 682//682
f 652//652 3202//3202 3259//3259
f 3259//3259 3202//3202 3203//3203
f 3259//3259 3203//3203 3199//3199
f 3554//3554 3557//3557 3204//3204
f 3204//3204 3557//3557 3205//3205
f 3204//3204 3205//3205 3243//3243
f 3243//3243 3205//3205 3318//3318
f 3243//3243 3318//3318 3206//3206
f 3206//3206 3318//3318 3207//3207
f 3206//3206 3207//3207 3244//3244
f 3244//3244 3207//3207 3316//3316
f 3364//3364 3772//3772 3365//3365
f 3365//3365 3772//3772 2908//2908
f 3365//3365 2908//2908 3208//3208
f 3208//3208 2908//2908 2989//2989
f 3208//3208 2989//2989 3209//3209
f 3209//3209 2989//2989 2990//2990
f 3209//3209 2990//2990 3210//3210
f 3210//3210 2990//2990 2992//2992
f 3210//3210 2992//2992 3367//3367
f 3367//3367 2992//2992 2994//2994
f 3367//3367 2994//2994 3369//3369
f 3369//3369 2994//2994 3211//3211
f 3369//3369 3211//3211 3370//3370
f 3370//3370 3211//3211 3212//3212
f 3370//3370 3212//3212 3371//3371
f 3371//3371 3212//3212 3213//3213
f 3371//3371 3213//3213 3373//3373
f 3373//3373 3213//3213 3214//3214
f 3373//3373 3214//3214 3374//3374
f 3374//3374 3214//3214 3000//3000
f 3374//3374 3000//3000 3377//3377
f 3377//3377 3000//3000 3001//3001
f 3377//3377 3001//3001 3379//3379
f 3379//3379 3001//3001 3215//3215
f 3379//3379 3215//3215 3216//3216
f 3216//3216 3215//3215 3217//3217
f 3216//3216 3217//3217 3218//3218
f 3218//3218 3217//3217 3048//3048
f 3218//3218 3048//3048 3219//3219
f 3219//3219 3048//3048 3334//3334
f 3219//3219 3334//3334 3220//3220
f 3220//3220 3334//3334 3384//3384
f 2894//2894 2888//2888 3221//3221
f 3221//3221 2888//2888 3222//3222
f 3221//3221 3222//3222 3223//3223
f 3223//3223 3222//3222 3005//3005
f 3223//3223 3005//3005 3224//3224
f 3224//3224 3005//3005 3006//3006
f 3224//3224 3006//3006 3034//3034
f 3034//3034 3006//3006 3225//3225
f 3034//3034 3225//3225 3032//3032
f 3032//3032 3225//3225 3226//3226
f 3032//3032 3226//3226 3031//3031
f 3031//3031 3226//3226 3009//3009
f 3031//3031 3009//3009 3227//3227
f 3227//3227 3009//3009 3228//3228
f 3227//3227 3228//3228 3027//3027
f 3027//3027 3228//3228 3229//3229
f 3027//3027 3229//3229 3231//3231
f 3231//3231 3229//3229 3230//3230
f 3231//3231 3230//3230 3232//3232
f 3232//3232 3230//3230 3013//3013
f 3232//3232 3013//3013 3026//3026
f 3026//3026 3013//3013 3014//3014
f 3026//3026 3014//3014 3024//3024
f 3024//3024 3014//3014 3015//3015
f 3024//3024 3015//3015 3023//3023
f 3023//3023 3015//3015 3016//3016
f 3023//3023 3016//3016 3021//3021
f 3021//3021 3016//3016 3018//3018
f 3021//3021 3018//3018 3019//3019
f 3019//3019 3018//3018 3233//3233
f 3019//3019 3233//3233 3323//3323
f 3323//3323 3233//3233 3382//3382
f 3234//3234 3315//3315 3271//3271
f 3271//3271 3315//3315 3235//3235
f 3271//3271 3235//3235 3236//3236
f 3236//3236 3235//3235 3317//3317
f 3236//3236 3317//3317 1065//1065
f 3259//3259 3257//3257 652//652
f 652//652 3257//3257 3237//3237
f 652//652 3237//3237 3238//3238
f 3238//3238 3237//3237 1009//1009
f 1009//1009 3237//3237 3239//3239
f 3239//3239 3237//3237 3240//3240
f 3239//3239 3240//3240 3241//3241
f 3255//3255 331//331 3241//3241
f 3241//3241 331//331 1016//1016
f 3241//3241 1016//1016 3242//3242
f 2963//2963 3554//3554 2964//2964
f 2964//2964 3554//3554 3204//3204
f 2964//2964 3204//3204 2965//2965
f 2965//2965 3204//3204 3243//3243
f 2965//2965 3243//3243 2966//2966
f 2966//2966 3243//3243 3206//3206
f 2966//2966 3206//3206 2968//2968
f 2968//2968 3206//3206 3244//3244
f 2968//2968 3244//3244 3261//3261
f 3261//3261 3244//3244 3316//3316
f 3261//3261 3316//3316 3260//3260
f 3260//3260 3316//3316 3314//3314
f 3260//3260 3314//3314 3258//3258
f 3258//3258 3314//3314 3246//3246
f 3258//3258 3246//3246 3245//3245
f 3245//3245 3246//3246 3247//3247
f 3245//3245 3247//3247 3249//3249
f 3249//3249 3247//3247 3248//3248
f 3249//3249 3248//3248 3256//3256
f 3256//3256 3248//3248 3250//3250
f 3256//3256 3250//3250 3251//3251
f 3251//3251 3250//3250 3313//3313
f 3251//3251 3313//3313 3252//3252
f 3252//3252 3313//3313 3253//3253
f 3252//3252 3253//3253 3254//3254
f 3254//3254 3253//3253 3311//3311
f 3254//3254 3311//3311 3309//3309
f 333//333 332//332 3254//3254
f 3254//3254 332//332 3255//3255
f 3254//3254 3255//3255 3252//3252
f 3252//3252 3255//3255 3241//3241
f 3252//3252 3241//3241 3251//3251
f 3251//3251 3241//3241 3240//3240
f 3251//3251 3240//3240 3256//3256
f 3256//3256 3240//3240 3237//3237
f 3256//3256 3237//3237 3249//3249
f 3249//3249 3237//3237 3257//3257
f 3249//3249 3257//3257 3245//3245
f 3245//3245 3257//3257 3259//3259
f 3245//3245 3259//3259 3258//3258
f 3258//3258 3259//3259 3200//3200
f 3258//3258 3200//3200 3260//3260
f 3260//3260 3200//3200 2975//2975
f 3260//3260 2975//2975 3261//3261
f 3261//3261 2975//2975 3263//3263
f 3261//3261 3263//3263 3262//3262
f 3262//3262 3263//3263 3264//3264
f 3262//3262 3264//3264 3265//3265
f 3265//3265 3264//3264 3266//3266
f 3265//3265 3266//3266 2967//2967
f 2967//2967 3266//3266 3267//3267
f 2967//2967 3267//3267 3268//3268
f 3268//3268 3267//3267 2972//2972
f 3268//3268 2972//2972 2962//2962
f 2962//2962 2972//2972 2971//2971
f 2962//2962 2971//2971 3269//3269
f 3269//3269 2971//2971 2970//2970
f 3563//3563 1062//1062 3305//3305
f 3305//3305 1062//1062 3322//3322
f 3305//3305 3322//3322 3321//3321
f 3270//3270 3559//3559 3271//3271
f 3271//3271 3559//3559 3293//3293
f 3271//3271 3293//3293 3234//3234
f 3234//3234 3293//3293 3272//3272
f 3234//3234 3272//3272 3273//3273
f 3273//3273 3272//3272 3275//3275
f 3273//3273 3275//3275 3274//3274
f 3274//3274 3275//3275 3295//3295
f 3274//3274 3295//3295 3276//3276
f 3276//3276 3295//3295 3278//3278
f 3276//3276 3278//3278 3277//3277
f 3277//3277 3278//3278 3279//3279
f 3277//3277 3279//3279 3312//3312
f 3312//3312 3279//3279 1118//1118
f 3561//3561 3562//3562 3280//3280
f 3280//3280 3562//3562 3292//3292
f 3280//3280 3292//3292 3294//3294
f 3294//3294 3292//3292 3282//3282
f 3294//3294 3282//3282 3281//3281
f 3281//3281 3282//3282 3288//3288
f 3281//3281 3288//3288 3296//3296
f 3296//3296 3288//3288 3286//3286
f 3296//3296 3286//3286 3284//3284
f 3284//3284 3286//3286 3283//3283
f 3284//3284 3283//3283 1126//1126
f 3564//3564 3285//3285 3291//3291
f 3291//3291 3285//3285 3566//3566
f 3291//3291 3566//3566 3290//3290
f 3290//3290 3566//3566 3289//3289
f 3300//3300 3299//3299 1132//1132
f 1132//1132 3299//3299 1126//1126
f 1132//1132 1126//1126 1096//1096
f 1096//1096 1126//1126 3283//3283
f 1096//1096 3283//3283 3287//3287
f 3287//3287 3283//3283 3286//3286
f 3287//3287 3286//3286 3289//3289
f 3289//3289 3286//3286 3288//3288
f 3289//3289 3288//3288 3290//3290
f 3290//3290 3288//3288 3282//3282
f 3290//3290 3282//3282 3291//3291
f 3291//3291 3282//3282 3292//3292
f 3291//3291 3292//3292 3564//3564
f 3564//3564 3292//3292 3562//3562
f 3559//3559 3561//3561 3293//3293
f 3293//3293 3561//3561 3280//3280
f 3293//3293 3280//3280 3272//3272
f 3272//3272 3280//3280 3294//3294
f 3272//3272 3294//3294 3275//3275
f 3275//3275 3294//3294 3281//3281
f 3275//3275 3281//3281 3295//3295
f 3295//3295 3281//3281 3296//3296
f 3295//3295 3296//3296 3278//3278
f 3278//3278 3296//3296 3297//3297
f 3278//3278 3297//3297 3298//3298
f 3298//3298 3297//3297 3299//3299
f 3298//3298 3299//3299 1120//1120
f 1120//1120 3299//3299 3300//3300
f 1120//1120 3300//3300 1121//1121
f 1121//1121 3300//3300 1134//1134
f 1121//1121 1134//1134 1125//1125
f 1125//1125 1134//1134 1135//1135
f 1125//1125 1135//1135 3301//3301
f 3301//3301 1135//1135 1110//1110
f 3301//3301 1110//1110 3302//3302
f 3302//3302 1110//1110 1111//1111
f 3302//3302 1111//1111 3303//3303
f 3303//3303 1111//1111 1109//1109
f 3303//3303 1109//1109 1117//1117
f 1117//1117 1109//1109 3304//3304
f 1117//1117 3304//3304 1118//1118
f 1118//1118 3304//3304 1098//1098
f 1118//1118 1098//1098 3312//3312
f 3565//3565 3563//3563 3306//3306
f 3306//3306 3563//3563 3305//3305
f 3306//3306 3305//3305 3307//3307
f 3307//3307 3305//3305 3321//3321
f 3307//3307 3321//3321 3579//3579
f 519//519 3308//3308 1106//1106
f 1106//1106 3308//3308 3309//3309
f 1106//1106 3309//3309 3310//3310
f 3310//3310 3309//3309 3311//3311
f 3310//3310 3311//3311 1098//1098
f 1098//1098 3311//3311 3253//3253
f 1098//1098 3253//3253 3312//3312
f 3312//3312 3253//3253 3313//3313
f 3312//3312 3313//3313 3277//3277
f 3277//3277 3313//3313 3250//3250
f 3277//3277 3250//3250 3276//3276
f 3276//3276 3250//3250 3248//3248
f 3276//3276 3248//3248 3274//3274
f 3274//3274 3248//3248 3247//3247
f 3274//3274 3247//3247 3273//3273
f 3273//3273 3247//3247 3246//3246
f 3273//3273 3246//3246 3234//3234
f 3234//3234 3246//3246 3314//3314
f 3234//3234 3314//3314 3315//3315
f 3315//3315 3314//3314 3316//3316
f 3315//3315 3316//3316 3235//3235
f 3235//3235 3316//3316 3207//3207
f 3235//3235 3207//3207 3317//3317
f 3317//3317 3207//3207 3318//3318
f 3317//3317 3318//3318 1065//1065
f 1065//1065 3318//3318 3205//3205
f 1065//1065 3205//3205 3319//3319
f 3319//3319 3205//3205 3557//3557
f 3320//3320 3579//3579 3383//3383
f 3383//3383 3579//3579 3321//3321
f 3383//3383 3321//3321 3382//3382
f 3382//3382 3321//3321 3322//3322
f 3382//3382 3322//3322 3323//3323
f 3323//3323 3322//3322 3324//3324
f 3323//3323 3324//3324 3560//3560
f 2909//2909 3059//3059 3325//3325
f 3325//3325 3059//3059 3326//3326
f 3325//3325 3326//3326 3036//3036
f 3036//3036 3326//3326 3062//3062
f 3036//3036 3062//3062 3039//3039
f 3039//3039 3062//3062 3063//3063
f 3039//3039 3063//3063 3040//3040
f 3040//3040 3063//3063 3327//3327
f 3040//3040 3327//3327 3041//3041
f 3041//3041 3327//3327 3065//3065
f 3041//3041 3065//3065 3043//3043
f 3043//3043 3065//3065 3328//3328
f 3043//3043 3328//3328 3045//3045
f 3045//3045 3328//3328 3347//3347
f 3045//3045 3347//3347 3046//3046
f 3046//3046 3347//3347 3345//3345
f 3046//3046 3345//3345 3329//3329
f 3329//3329 3345//3345 3330//3330
f 3329//3329 3330//3330 3331//3331
f 3331//3331 3330//3330 3342//3342
f 3331//3331 3342//3342 3047//3047
f 3047//3047 3342//3342 3332//3332
f 3047//3047 3332//3332 3333//3333
f 3333//3333 3332//3332 3340//3340
f 3333//3333 3340//3340 3334//3334
f 3334//3334 3340//3340 3335//3335
f 3334//3334 3335//3335 3384//3384
f 3384//3384 3335//3335 3385//3385
f 3583//3583 3437//3437 3336//3336
f 3363//3363 3361//3361 3337//3337
f 3337//3337 3361//3361 3354//3354
f 3337//3337 3354//3354 3583//3583
f 3583//3583 3354//3354 3338//3338
f 3583//3583 3338//3338 3437//3437
f 3339//3339 3385//3385 3581//3581
f 3581//3581 3385//3385 3335//3335
f 3581//3581 3335//3335 3582//3582
f 3582//3582 3335//3335 3340//3340
f 3582//3582 3340//3340 3341//3341
f 3341//3341 3340//3340 3332//3332
f 3341//3341 3332//3332 3584//3584
f 3584//3584 3332//3332 3342//3342
f 3584//3584 3342//3342 3343//3343
f 3343//3343 3342//3342 3330//3330
f 3343//3343 3330//3330 3344//3344
f 3344//3344 3330//3330 3345//3345
f 3344//3344 3345//3345 3346//3346
f 3346//3346 3345//3345 3347//3347
f 3346//3346 3347//3347 3348//3348
f 3348//3348 3347//3347 3328//3328
f 3348//3348 3328//3328 3587//3587
f 3587//3587 3328//3328 3058//3058
f 3587//3587 3058//3058 3349//3349
f 3349//3349 3058//3058 3057//3057
f 3349//3349 3057//3057 3590//3590
f 3590//3590 3057//3057 3056//3056
f 3590//3590 3056//3056 3591//3591
f 3591//3591 3056//3056 3050//3050
f 3591//3591 3050//3050 3350//3350
f 3350//3350 3050//3050 3758//3758
f 3350//3350 3758//3758 3757//3757
f 3351//3351 3434//3434 3352//3352
f 3352//3352 3434//3434 3353//3353
f 3352//3352 3353//3353 3354//3354
f 3354//3354 3353//3353 3436//3436
f 3354//3354 3436//3436 3338//3338
f 3430//3430 1060//1060 3355//3355
f 3355//3355 1060//1060 3356//3356
f 3355//3355 3356//3356 3357//3357
f 3357//3357 3356//3356 3360//3360
f 3357//3357 3360//3360 3358//3358
f 3358//3358 3360//3360 3362//3362
f 3358//3358 3362//3362 3359//3359
f 3359//3359 3362//3362 3585//3585
f 3359//3359 3585//3585 3586//3586
f 3431//3431 3351//3351 3356//3356
f 3356//3356 3351//3351 3352//3352
f 3356//3356 3352//3352 3360//3360
f 3360//3360 3352//3352 3361//3361
f 3360//3360 3361//3361 3362//3362
f 3362//3362 3361//3361 3363//3363
f 3362//3362 3363//3363 3585//3585
f 3774//3774 3364//3364 2891//2891
f 2891//2891 3364//3364 3365//3365
f 2891//2891 3365//3365 3007//3007
f 3007//3007 3365//3365 3208//3208
f 3007//3007 3208//3208 3366//3366
f 3366//3366 3208//3208 3209//3209
f 3366//3366 3209//3209 3008//3008
f 3008//3008 3209//3209 3210//3210
f 3008//3008 3210//3210 3010//3010
f 3010//3010 3210//3210 3367//3367
f 3010//3010 3367//3367 3011//3011
f 3011//3011 3367//3367 3369//3369
f 3011//3011 3369//3369 3368//3368
f 3368//3368 3369//3369 3370//3370
f 3368//3368 3370//3370 3012//3012
f 3012//3012 3370//3370 3371//3371
f 3012//3012 3371//3371 3372//3372
f 3372//3372 3371//3371 3373//3373
f 3372//3372 3373//3373 3375//3375
f 3375//3375 3373//3373 3374//3374
f 3375//3375 3374//3374 3376//3376
f 3376//3376 3374//3374 3377//3377
f 3376//3376 3377//3377 3378//3378
f 3378//3378 3377//3377 3379//3379
f 3378//3378 3379//3379 3017//3017
f 3017//3017 3379//3379 3216//3216
f 3017//3017 3216//3216 3380//3380
f 3380//3380 3216//3216 3218//3218
f 3380//3380 3218//3218 3381//3381
f 3381//3381 3218//3218 3219//3219
f 3381//3381 3219//3219 3382//3382
f 3382//3382 3219//3219 3220//3220
f 3382//3382 3220//3220 3383//3383
f 3383//3383 3220//3220 3384//3384
f 3383//3383 3384//3384 3320//3320
f 3320//3320 3384//3384 3385//3385
f 3320//3320 3385//3385 3579//3579
f 3579//3579 3385//3385 3339//3339
f 3428//3428 1059//1059 3386//3386
f 3386//3386 1059//1059 3388//3388
f 3386//3386 3388//3388 3387//3387
f 3425//3425 3387//3387 3393//3393
f 3393//3393 3387//3387 3388//3388
f 3393//3393 3388//3388 1063//1063
f 1063//1063 3388//3388 1059//1059
f 1063//1063 1059//1059 3179//3179
f 3179//3179 1059//1059 1061//1061
f 3179//3179 1061//1061 3389//3389
f 3389//3389 1061//1061 3355//3355
f 3389//3389 3355//3355 3390//3390
f 3390//3390 3355//3355 3357//3357
f 3390//3390 3357//3357 3181//3181
f 3181//3181 3357//3357 3358//3358
f 3181//3181 3358//3358 3182//3182
f 3182//3182 3358//3358 3359//3359
f 3182//3182 3359//3359 3391//3391
f 3391//3391 3359//3359 3586//3586
f 3391//3391 3586//3586 3392//3392
f 3149//3149 3423//3423 3151//3151
f 3151//3151 3423//3423 3393//3393
f 3151//3151 3393//3393 3152//3152
f 3152//3152 3393//3393 3394//3394
f 3152//3152 3394//3394 3154//3154
f 3154//3154 3394//3394 3395//3395
f 3154//3154 3395//3395 3155//3155
f 3155//3155 3395//3395 3396//3396
f 3155//3155 3396//3396 3157//3157
f 3157//3157 3396//3396 3397//3397
f 3157//3157 3397//3397 3159//3159
f 3159//3159 3397//3397 3399//3399
f 3159//3159 3399//3399 3398//3398
f 3398//3398 3399//3399 3400//3400
f 3398//3398 3400//3400 3401//3401
f 3401//3401 3400//3400 3589//3589
f 3401//3401 3589//3589 3161//3161
f 3137//3137 3402//3402 3403//3403
f 3403//3403 3402//3402 3150//3150
f 3403//3403 3150//3150 3404//3404
f 3404//3404 3150//3150 3405//3405
f 3404//3404 3405//3405 3135//3135
f 3135//3135 3405//3405 3153//3153
f 3135//3135 3153//3153 3134//3134
f 3134//3134 3153//3153 3406//3406
f 3134//3134 3406//3406 3132//3132
f 3132//3132 3406//3406 3156//3156
f 3132//3132 3156//3156 3131//3131
f 3131//3131 3156//3156 3158//3158
f 3131//3131 3158//3158 3130//3130
f 3130//3130 3158//3158 3407//3407
f 3130//3130 3407//3407 3408//3408
f 3408//3408 3407//3407 3409//3409
f 3408//3408 3409//3409 3129//3129
f 3129//3129 3409//3409 3160//3160
f 3129//3129 3160//3160 3410//3410
f 3410//3410 3160//3160 3592//3592
f 3410//3410 3592//3592 3051//3051
f 3411//3411 3412//3412 3127//3127
f 3127//3127 3412//3412 1064//1064
f 3127//3127 1064//1064 3128//3128
f 3128//3128 1064//1064 3595//3595
f 3128//3128 3595//3595 3413//3413
f 3413//3413 3595//3595 3597//3597
f 3413//3413 3597//3597 3414//3414
f 3414//3414 3597//3597 3598//3598
f 3414//3414 3598//3598 3415//3415
f 3415//3415 3598//3598 3601//3601
f 3415//3415 3601//3601 3133//3133
f 3133//3133 3601//3601 3602//3602
f 3133//3133 3602//3602 3416//3416
f 3416//3416 3602//3602 3604//3604
f 3416//3416 3604//3604 3417//3417
f 3417//3417 3604//3604 3605//3605
f 3417//3417 3605//3605 3418//3418
f 3418//3418 3605//3605 3606//3606
f 3418//3418 3606//3606 3136//3136
f 3136//3136 3606//3606 3607//3607
f 3136//3136 3607//3607 3420//3420
f 3420//3420 3607//3607 3419//3419
f 3420//3420 3419//3419 3421//3421
f 3421//3421 3419//3419 3609//3609
f 3609//3609 3610//3610 3421//3421
f 3421//3421 3610//3610 3462//3462
f 3421//3421 3462//3462 3137//3137
f 3137//3137 3462//3462 3464//3464
f 3137//3137 3464//3464 3402//3402
f 3402//3402 3464//3464 3422//3422
f 3402//3402 3422//3422 3149//3149
f 3149//3149 3422//3422 3465//3465
f 3149//3149 3465//3465 3423//3423
f 3423//3423 3465//3465 3424//3424
f 3423//3423 3424//3424 3425//3425
f 3425//3425 3424//3424 3468//3468
f 3425//3425 3468//3468 3387//3387
f 3387//3387 3468//3468 3426//3426
f 3387//3387 3426//3426 3386//3386
f 3386//3386 3426//3426 3427//3427
f 3386//3386 3427//3427 3428//3428
f 3428//3428 3427//3427 3429//3429
f 3428//3428 3429//3429 1061//1061
f 1061//1061 3429//3429 3471//3471
f 1061//1061 3471//3471 3430//3430
f 3430//3430 3471//3471 3473//3473
f 3430//3430 3473//3473 1060//1060
f 1060//1060 3473//3473 3432//3432
f 1060//1060 3432//3432 3431//3431
f 3431//3431 3432//3432 3474//3474
f 3431//3431 3474//3474 3351//3351
f 3351//3351 3474//3474 3476//3476
f 3351//3351 3476//3476 3434//3434
f 3434//3434 3476//3476 3433//3433
f 3434//3434 3433//3433 3353//3353
f 3353//3353 3433//3433 3435//3435
f 3353//3353 3435//3435 3436//3436
f 3436//3436 3435//3435 3477//3477
f 3436//3436 3477//3477 3338//3338
f 3338//3338 3477//3477 3481//3481
f 3338//3338 3481//3481 3437//3437
f 3437//3437 3481//3481 3438//3438
f 3437//3437 3438//3438 3336//3336
f 3336//3336 3438//3438 3439//3439
f 3631//3631 3448//3448 3452//3452
f 3452//3452 3448//3448 3449//3449
f 3452//3452 3449//3449 3455//3455
f 3455//3455 3449//3449 3440//3440
f 3455//3455 3440//3440 3456//3456
f 3456//3456 3440//3440 3458//3458
f 3632//3632 3630//3630 3529//3529
f 3529//3529 3630//3630 3441//3441
f 3529//3529 3441//3441 3442//3442
f 3442//3442 3441//3441 3629//3629
f 3442//3442 3629//3629 3443//3443
f 3443//3443 3629//3629 3445//3445
f 3443//3443 3445//3445 3444//3444
f 3444//3444 3445//3445 3627//3627
f 3444//3444 3627//3627 3534//3534
f 3534//3534 3627//3627 3625//3625
f 3534//3534 3625//3625 3446//3446
f 3446//3446 3625//3625 3623//3623
f 3446//3446 3623//3623 3447//3447
f 3447//3447 3623//3623 3621//3621
f 3447//3447 3621//3621 3500//3500
f 3448//3448 3634//3634 3449//3449
f 3449//3449 3634//3634 3450//3450
f 3449//3449 3450//3450 3440//3440
f 3440//3440 3450//3450 3717//3717
f 3440//3440 3717//3717 3458//3458
f 3458//3458 3717//3717 3716//3716
f 3480//3480 3631//3631 3451//3451
f 3451//3451 3631//3631 3452//3452
f 3451//3451 3452//3452 3453//3453
f 3453//3453 3452//3452 3455//3455
f 3453//3453 3455//3455 3454//3454
f 3454//3454 3455//3455 3456//3456
f 3454//3454 3456//3456 3457//3457
f 3457//3457 3456//3456 3458//3458
f 3457//3457 3458//3458 3484//3484
f 3484//3484 3458//3458 3716//3716
f 3484//3484 3716//3716 3459//3459
f 3460//3460 3576//3576 1358//1358
f 1358//1358 3576//3576 3461//3461
f 1358//1358 3461//3461 3459//3459
f 3610//3610 3612//3612 3462//3462
f 3462//3462 3612//3612 3613//3613
f 3462//3462 3613//3613 3464//3464
f 3464//3464 3613//3613 3463//3463
f 3464//3464 3463//3463 3422//3422
f 3422//3422 3463//3463 3614//3614
f 3422//3422 3614//3614 3465//3465
f 3465//3465 3614//3614 3466//3466
f 3465//3465 3466//3466 3424//3424
f 3424//3424 3466//3466 3467//3467
f 3424//3424 3467//3467 3468//3468
f 3468//3468 3467//3467 3469//3469
f 3468//3468 3469//3469 3426//3426
f 3426//3426 3469//3469 3617//3617
f 3426//3426 3617//3617 3427//3427
f 3427//3427 3617//3617 3470//3470
f 3427//3427 3470//3470 3429//3429
f 3429//3429 3470//3470 3619//3619
f 3429//3429 3619//3619 3471//3471
f 3471//3471 3619//3619 3472//3472
f 3471//3471 3472//3472 3473//3473
f 3473//3473 3472//3472 3622//3622
f 3473//3473 3622//3622 3432//3432
f 3432//3432 3622//3622 3624//3624
f 3432//3432 3624//3624 3474//3474
f 3474//3474 3624//3624 3475//3475
f 3474//3474 3475//3475 3476//3476
f 3476//3476 3475//3475 3626//3626
f 3476//3476 3626//3626 3433//3433
f 3433//3433 3626//3626 3628//3628
f 3433//3433 3628//3628 3435//3435
f 3435//3435 3628//3628 3478//3478
f 3435//3435 3478//3478 3477//3477
f 3477//3477 3478//3478 3479//3479
f 3477//3477 3479//3479 3481//3481
f 3481//3481 3479//3479 3480//3480
f 3481//3481 3480//3480 3438//3438
f 3438//3438 3480//3480 3451//3451
f 3438//3438 3451//3451 3439//3439
f 3439//3439 3451//3451 3453//3453
f 3439//3439 3453//3453 3580//3580
f 3580//3580 3453//3453 3454//3454
f 3580//3580 3454//3454 3482//3482
f 3482//3482 3454//3454 3457//3457
f 3482//3482 3457//3457 3483//3483
f 3483//3483 3457//3457 3484//3484
f 3483//3483 3484//3484 3578//3578
f 3578//3578 3484//3484 3459//3459
f 3578//3578 3459//3459 3485//3485
f 3485//3485 3459//3459 3461//3461
f 3485//3485 3461//3461 3577//3577
f 3577//3577 3461//3461 3576//3576
f 3633//3633 3527//3527 3486//3486
f 3486//3486 3527//3527 3528//3528
f 3486//3486 3528//3528 3720//3720
f 3720//3720 3528//3528 3530//3530
f 3720//3720 3530//3530 3721//3721
f 3721//3721 3530//3530 3531//3531
f 3721//3721 3531//3531 3487//3487
f 3487//3487 3531//3531 3532//3532
f 3487//3487 3532//3532 3488//3488
f 3488//3488 3532//3532 3489//3489
f 3488//3488 3489//3489 3501//3501
f 3544//3544 3543//3543 3490//3490
f 3490//3490 3543//3543 3542//3542
f 3490//3490 3542//3542 3491//3491
f 3491//3491 3542//3542 3492//3492
f 3491//3491 3492//3492 3615//3615
f 3615//3615 3492//3492 3493//3493
f 3615//3615 3493//3493 3495//3495
f 3495//3495 3493//3493 3494//3494
f 3495//3495 3494//3494 3496//3496
f 3496//3496 3494//3494 3497//3497
f 3496//3496 3497//3497 3498//3498
f 3498//3498 3497//3497 3540//3540
f 3498//3498 3540//3540 3616//3616
f 3616//3616 3540//3540 3539//3539
f 3616//3616 3539//3539 3499//3499
f 3499//3499 3539//3539 3537//3537
f 3499//3499 3537//3537 3618//3618
f 3618//3618 3537//3537 3500//3500
f 3618//3618 3500//3500 3620//3620
f 3620//3620 3500//3500 3621//3621
f 3489//3489 3533//3533 3501//3501
f 3501//3501 3533//3533 3535//3535
f 3501//3501 3535//3535 3725//3725
f 3725//3725 3535//3535 3503//3503
f 3725//3725 3503//3503 3502//3502
f 3502//3502 3503//3503 3536//3536
f 3502//3502 3536//3536 3728//3728
f 3728//3728 3536//3536 3538//3538
f 3728//3728 3538//3538 3729//3729
f 3729//3729 3538//3538 3504//3504
f 3729//3729 3504//3504 3505//3505
f 3505//3505 3504//3504 3506//3506
f 3505//3505 3506//3506 3507//3507
f 3507//3507 3506//3506 3508//3508
f 3507//3507 3508//3508 3733//3733
f 3733//3733 3508//3508 3510//3510
f 3733//3733 3510//3510 3509//3509
f 3509//3509 3510//3510 3511//3511
f 3509//3509 3511//3511 3734//3734
f 3734//3734 3511//3511 3541//3541
f 3734//3734 3541//3541 3736//3736
f 3736//3736 3541//3541 3512//3512
f 3736//3736 3512//3512 3513//3513
f 3513//3513 3512//3512 3515//3515
f 3513//3513 3515//3515 3514//3514
f 3514//3514 3515//3515 3516//3516
f 3514//3514 3516//3516 3518//3518
f 3518//3518 3516//3516 3517//3517
f 3518//3518 3517//3517 3519//3519
f 3519//3519 3517//3517 3520//3520
f 3519//3519 3520//3520 3521//3521
f 3521//3521 3520//3520 3522//3522
f 3521//3521 3522//3522 3739//3739
f 3739//3739 3522//3522 3524//3524
f 3739//3739 3524//3524 3523//3523
f 3523//3523 3524//3524 3525//3525
f 3523//3523 3525//3525 3742//3742
f 3742//3742 3525//3525 3526//3526
f 3742//3742 3526//3526 3744//3744
f 3744//3744 3526//3526 2341//2341
f 3744//3744 2341//2341 3746//3746
f 3746//3746 2341//2341 2343//2343
f 3746//3746 2343//2343 3748//3748
f 3748//3748 2343//2343 3833//3833
f 3748//3748 3833//3833 3835//3835
f 3527//3527 3632//3632 3528//3528
f 3528//3528 3632//3632 3529//3529
f 3528//3528 3529//3529 3530//3530
f 3530//3530 3529//3529 3442//3442
f 3530//3530 3442//3442 3531//3531
f 3531//3531 3442//3442 3443//3443
f 3531//3531 3443//3443 3532//3532
f 3532//3532 3443//3443 3444//3444
f 3532//3532 3444//3444 3489//3489
f 3489//3489 3444//3444 3534//3534
f 3489//3489 3534//3534 3533//3533
f 3533//3533 3534//3534 3446//3446
f 3533//3533 3446//3446 3535//3535
f 3535//3535 3446//3446 3447//3447
f 3535//3535 3447//3447 3503//3503
f 3503//3503 3447//3447 3500//3500
f 3503//3503 3500//3500 3536//3536
f 3536//3536 3500//3500 3537//3537
f 3536//3536 3537//3537 3538//3538
f 3538//3538 3537//3537 3539//3539
f 3538//3538 3539//3539 3504//3504
f 3504//3504 3539//3539 3540//3540
f 3504//3504 3540//3540 3506//3506
f 3506//3506 3540//3540 3497//3497
f 3506//3506 3497//3497 3508//3508
f 3508//3508 3497//3497 3494//3494
f 3508//3508 3494//3494 3510//3510
f 3510//3510 3494//3494 3493//3493
f 3510//3510 3493//3493 3511//3511
f 3511//3511 3493//3493 3492//3492
f 3511//3511 3492//3492 3541//3541
f 3541//3541 3492//3492 3542//3542
f 3541//3541 3542//3542 3512//3512
f 3512//3512 3542//3542 3543//3543
f 3512//3512 3543//3543 3515//3515
f 3515//3515 3543//3543 3544//3544
f 3515//3515 3544//3544 3516//3516
f 3516//3516 3544//3544 1076//1076
f 3516//3516 1076//1076 3517//3517
f 3517//3517 1076//1076 2349//2349
f 3517//3517 2349//2349 3520//3520
f 3520//3520 2349//2349 2348//2348
f 3520//3520 2348//2348 2338//2338
f 2338//2338 2348//2348 2351//2351
f 2338//2338 2351//2351 2339//2339
f 2339//2339 2351//2351 2350//2350
f 2339//2339 2350//2350 3545//3545
f 3545//3545 2350//2350 2320//2320
f 3545//3545 2320//2320 3546//3546
f 3546//3546 2320//2320 2319//2319
f 3546//3546 2319//2319 2340//2340
f 2340//2340 2319//2319 2315//2315
f 2340//2340 2315//2315 2342//2342
f 2342//2342 2315//2315 3547//3547
f 2342//2342 3547//3547 3837//3837
f 2893//2893 3221//3221 2892//2892
f 2892//2892 3221//3221 3548//3548
f 2892//2892 3548//3548 2903//2903
f 2903//2903 3548//3548 3550//3550
f 2903//2903 3550//3550 3549//3549
f 3549//3549 3550//3550 3551//3551
f 3549//3549 3551//3551 3552//3552
f 3552//3552 3551//3551 3033//3033
f 3552//3552 3033//3033 2953//2953
f 2953//2953 3033//3033 3553//3553
f 2953//2953 3553//3553 2969//2969
f 2969//2969 3553//3553 3030//3030
f 2969//2969 3030//3030 2970//2970
f 2970//2970 3030//3030 3029//3029
f 2970//2970 3029//3029 3269//3269
f 3269//3269 3029//3029 3028//3028
f 3269//3269 3028//3028 2963//2963
f 2963//2963 3028//3028 3555//3555
f 2963//2963 3555//3555 3554//3554
f 3554//3554 3555//3555 3556//3556
f 3554//3554 3556//3556 3557//3557
f 3557//3557 3556//3556 3025//3025
f 3557//3557 3025//3025 3319//3319
f 3319//3319 3025//3025 3022//3022
f 3319//3319 3022//3022 2987//2987
f 2987//2987 3022//3022 3558//3558
f 2987//2987 3558//3558 3270//3270
f 3270//3270 3558//3558 3020//3020
f 3270//3270 3020//3020 3559//3559
f 3559//3559 3020//3020 3560//3560
f 3559//3559 3560//3560 3561//3561
f 3561//3561 3560//3560 3324//3324
f 3561//3561 3324//3324 3562//3562
f 3562//3562 3324//3324 1062//1062
f 3562//3562 1062//1062 3564//3564
f 3564//3564 1062//1062 3563//3563
f 3564//3564 3563//3563 3285//3285
f 3285//3285 3563//3563 3565//3565
f 3285//3285 3565//3565 3566//3566
f 3707//3707 3567//3567 1368//1368
f 1368//1368 3567//3567 3568//3568
f 1368//1368 3568//3568 3569//3569
f 3569//3569 3568//3568 3570//3570
f 3569//3569 3570//3570 3571//3571
f 3571//3571 3570//3570 3572//3572
f 3571//3571 3572//3572 1365//1365
f 1365//1365 3572//3572 1129//1129
f 1365//1365 1129//1129 3573//3573
f 3573//3573 1129//1129 1128//1128
f 3573//3573 1128//1128 3574//3574
f 3574//3574 1128//1128 1127//1127
f 3574//3574 1127//1127 3460//3460
f 3460//3460 1127//1127 3575//3575
f 3460//3460 3575//3575 3576//3576
f 3576//3576 3575//3575 3566//3566
f 3576//3576 3566//3566 3577//3577
f 3577//3577 3566//3566 3565//3565
f 3577//3577 3565//3565 3485//3485
f 3485//3485 3565//3565 3306//3306
f 3485//3485 3306//3306 3578//3578
f 3578//3578 3306//3306 3307//3307
f 3578//3578 3307//3307 3483//3483
f 3483//3483 3307//3307 3579//3579
f 3483//3483 3579//3579 3482//3482
f 3482//3482 3579//3579 3339//3339
f 3482//3482 3339//3339 3580//3580
f 3580//3580 3339//3339 3581//3581
f 3580//3580 3581//3581 3439//3439
f 3439//3439 3581//3581 3582//3582
f 3439//3439 3582//3582 3336//3336
f 3336//3336 3582//3582 3341//3341
f 3336//3336 3341//3341 3583//3583
f 3583//3583 3341//3341 3584//3584
f 3583//3583 3584//3584 3337//3337
f 3337//3337 3584//3584 3343//3343
f 3337//3337 3343//3343 3363//3363
f 3363//3363 3343//3343 3344//3344
f 3363//3363 3344//3344 3585//3585
f 3585//3585 3344//3344 3346//3346
f 3585//3585 3346//3346 3586//3586
f 3586//3586 3346//3346 3348//3348
f 3586//3586 3348//3348 3392//3392
f 3392//3392 3348//3348 3587//3587
f 3392//3392 3587//3587 3588//3588
f 3588//3588 3587//3587 3349//3349
f 3588//3588 3349//3349 3589//3589
f 3589//3589 3349//3349 3590//3590
f 3589//3589 3590//3590 3161//3161
f 3161//3161 3590//3590 3591//3591
f 3161//3161 3591//3591 3592//3592
f 3592//3592 3591//3591 3350//3350
f 3592//3592 3350//3350 3051//3051
f 3051//3051 3350//3350 3049//3049
f 3051//3051 3049//3049 3755//3755
f 3593//3593 3594//3594 1064//1064
f 1064//1064 3594//3594 3139//3139
f 1064//1064 3139//3139 3595//3595
f 3595//3595 3139//3139 3596//3596
f 3595//3595 3596//3596 3597//3597
f 3597//3597 3596//3596 3599//3599
f 3597//3597 3599//3599 3598//3598
f 3598//3598 3599//3599 3600//3600
f 3598//3598 3600//3600 3601//3601
f 3601//3601 3600//3600 3141//3141
f 3601//3601 3141//3141 3602//3602
f 3602//3602 3141//3141 3143//3143
f 3602//3602 3143//3143 3604//3604
f 3604//3604 3143//3143 3603//3603
f 3604//3604 3603//3603 3605//3605
f 3605//3605 3603//3603 3144//3144
f 3605//3605 3144//3144 3606//3606
f 3606//3606 3144//3144 3146//3146
f 3606//3606 3146//3146 3607//3607
f 3607//3607 3146//3146 3147//3147
f 3607//3607 3147//3147 3419//3419
f 3419//3419 3147//3147 3608//3608
f 3419//3419 3608//3608 3609//3609
f 3609//3609 3608//3608 3611//3611
f 3609//3609 3611//3611 3610//3610
f 3610//3610 3611//3611 3544//3544
f 3610//3610 3544//3544 3612//3612
f 3612//3612 3544//3544 3490//3490
f 3612//3612 3490//3490 3613//3613
f 3613//3613 3490//3490 3491//3491
f 3613//3613 3491//3491 3463//3463
f 3463//3463 3491//3491 3615//3615
f 3463//3463 3615//3615 3614//3614
f 3614//3614 3615//3615 3495//3495
f 3614//3614 3495//3495 3466//3466
f 3466//3466 3495//3495 3496//3496
f 3466//3466 3496//3496 3467//3467
f 3467//3467 3496//3496 3498//3498
f 3467//3467 3498//3498 3469//3469
f 3469//3469 3498//3498 3616//3616
f 3469//3469 3616//3616 3617//3617
f 3617//3617 3616//3616 3499//3499
f 3617//3617 3499//3499 3470//3470
f 3470//3470 3499//3499 3618//3618
f 3470//3470 3618//3618 3619//3619
f 3619//3619 3618//3618 3620//3620
f 3619//3619 3620//3620 3472//3472
f 3472//3472 3620//3620 3621//3621
f 3472//3472 3621//3621 3622//3622
f 3622//3622 3621//3621 3623//3623
f 3622//3622 3623//3623 3624//3624
f 3624//3624 3623//3623 3625//3625
f 3624//3624 3625//3625 3475//3475
f 3475//3475 3625//3625 3627//3627
f 3475//3475 3627//3627 3626//3626
f 3626//3626 3627//3627 3445//3445
f 3626//3626 3445//3445 3628//3628
f 3628//3628 3445//3445 3629//3629
f 3628//3628 3629//3629 3478//3478
f 3478//3478 3629//3629 3441//3441
f 3478//3478 3441//3441 3479//3479
f 3479//3479 3441//3441 3630//3630
f 3479//3479 3630//3630 3480//3480
f 3480//3480 3630//3630 3632//3632
f 3480//3480 3632//3632 3631//3631
f 3631//3631 3632//3632 3527//3527
f 3631//3631 3527//3527 3448//3448
f 3448//3448 3527//3527 3633//3633
f 3448//3448 3633//3633 3634//3634
f 2362//2362 3635//3635 109//109
f 109//109 3635//3635 2447//2447
f 109//109 2447//2447 110//110
f 110//110 2447//2447 3636//3636
f 110//110 3636//3636 111//111
f 1940//1940 122//122 3637//3637
f 3637//3637 122//122 3638//3638
f 3637//3637 3638//3638 3672//3672
f 3672//3672 3638//3638 3639//3639
f 3672//3672 3639//3639 3674//3674
f 3674//3674 3639//3639 3640//3640
f 3674//3674 3640//3640 3641//3641
f 3735//3735 2387//2387 3642//3642
f 3642//3642 2387//2387 2385//2385
f 3642//3642 2385//2385 1576//1576
f 1576//1576 2385//2385 2384//2384
f 1576//1576 2384//2384 1577//1577
f 1577//1577 2384//2384 3643//3643
f 1577//1577 3643//3643 1084//1084
f 1084//1084 3643//3643 3644//3644
f 1084//1084 3644//3644 3645//3645
f 3645//3645 3644//3644 3646//3646
f 3645//3645 3646//3646 2159//2159
f 2159//2159 3646//3646 2271//2271
f 2159//2159 2271//2271 2156//2156
f 2156//2156 2271//2271 2270//2270
f 2156//2156 2270//2270 2155//2155
f 2155//2155 2270//2270 2268//2268
f 2155//2155 2268//2268 3647//3647
f 3647//3647 2268//2268 3648//3648
f 3647//3647 3648//3648 2153//2153
f 2153//2153 3648//3648 2267//2267
f 2153//2153 2267//2267 3649//3649
f 3649//3649 2267//2267 3650//3650
f 3649//3649 3650//3650 2152//2152
f 2152//2152 3650//3650 2266//2266
f 2152//2152 2266//2266 2151//2151
f 2151//2151 2266//2266 3651//3651
f 2151//2151 3651//3651 2149//2149
f 2149//2149 3651//3651 2263//2263
f 2149//2149 2263//2263 2147//2147
f 2147//2147 2263//2263 3652//3652
f 2147//2147 3652//3652 2145//2145
f 2145//2145 3652//3652 2260//2260
f 2145//2145 2260//2260 3653//3653
f 3653//3653 2260//2260 3654//3654
f 3653//3653 3654//3654 2144//2144
f 2144//2144 3654//3654 2257//2257
f 2144//2144 2257//2257 2142//2142
f 2142//2142 2257//2257 2255//2255
f 2142//2142 2255//2255 2141//2141
f 2141//2141 2255//2255 2254//2254
f 2141//2141 2254//2254 2217//2217
f 2217//2217 2254//2254 2253//2253
f 2217//2217 2253//2253 3655//3655
f 3655//3655 2253//2253 2250//2250
f 3655//3655 2250//2250 2219//2219
f 2219//2219 2250//2250 3656//3656
f 2219//2219 3656//3656 2221//2221
f 2221//2221 3656//3656 2290//2290
f 2221//2221 2290//2290 2222//2222
f 2222//2222 2290//2290 2293//2293
f 2222//2222 2293//2293 2223//2223
f 2223//2223 2293//2293 2112//2112
f 2223//2223 2112//2112 2225//2225
f 2225//2225 2112//2112 2113//2113
f 2225//2225 2113//2113 2226//2226
f 2226//2226 2113//2113 2115//2115
f 2226//2226 2115//2115 2227//2227
f 2227//2227 2115//2115 2111//2111
f 2227//2227 2111//2111 2229//2229
f 2229//2229 2111//2111 3657//3657
f 2229//2229 3657//3657 2230//2230
f 2230//2230 3657//3657 3658//3658
f 2230//2230 3658//3658 2231//2231
f 2231//2231 3658//3658 2300//2300
f 2231//2231 2300//2300 3660//3660
f 3660//3660 2300//2300 3659//3659
f 3660//3660 3659//3659 3661//3661
f 3661//3661 3659//3659 1966//1966
f 3661//3661 1966//1966 2234//2234
f 2234//2234 1966//1966 1968//1968
f 2234//2234 1968//1968 2236//2236
f 2236//2236 1968//1968 1971//1971
f 2236//2236 1971//1971 2237//2237
f 2237//2237 1971//1971 1963//1963
f 2237//2237 1963//1963 3662//3662
f 3662//3662 1963//1963 3663//3663
f 3662//3662 3663//3663 2238//2238
f 2238//2238 3663//3663 3664//3664
f 2238//2238 3664//3664 3665//3665
f 3665//3665 3664//3664 3667//3667
f 3665//3665 3667//3667 3666//3666
f 3666//3666 3667//3667 3668//3668
f 3666//3666 3668//3668 2241//2241
f 2241//2241 3668//3668 1977//1977
f 2241//2241 1977//1977 2243//2243
f 2243//2243 1977//1977 1935//1935
f 2243//2243 1935//1935 2245//2245
f 2245//2245 1935//1935 1937//1937
f 2245//2245 1937//1937 3669//3669
f 3669//3669 1937//1937 3670//3670
f 3669//3669 3670//3670 2247//2247
f 2247//2247 3670//3670 3637//3637
f 2247//2247 3637//3637 2248//2248
f 2248//2248 3637//3637 3672//3672
f 2248//2248 3672//3672 3671//3671
f 3671//3671 3672//3672 3674//3674
f 3671//3671 3674//3674 3673//3673
f 3673//3673 3674//3674 3641//3641
f 3673//3673 3641//3641 118//118
f 816//816 3675//3675 2763//2763
f 2763//2763 3675//3675 3676//3676
f 2763//2763 3676//3676 2765//2765
f 2765//2765 3676//3676 1590//1590
f 2765//2765 1590//1590 3677//3677
f 3677//3677 1590//1590 2758//2758
f 3677//3677 2758//2758 3678//3678
f 3678//3678 2758//2758 2757//2757
f 3678//3678 2757//2757 2780//2780
f 2780//2780 2757//2757 2755//2755
f 2780//2780 2755//2755 2781//2781
f 2781//2781 2755//2755 2754//2754
f 2781//2781 2754//2754 2783//2783
f 2783//2783 2754//2754 2752//2752
f 2783//2783 2752//2752 3679//3679
f 3679//3679 2752//2752 2751//2751
f 3679//3679 2751//2751 2784//2784
f 2784//2784 2751//2751 2749//2749
f 2784//2784 2749//2749 2786//2786
f 2786//2786 2749//2749 2748//2748
f 2786//2786 2748//2748 3680//3680
f 3680//3680 2748//2748 3681//3681
f 3680//3680 3681//3681 2787//2787
f 2787//2787 3681//3681 3682//3682
f 2787//2787 3682//3682 3683//3683
f 3683//3683 3682//3682 3684//3684
f 3683//3683 3684//3684 3685//3685
f 3685//3685 3684//3684 2506//2506
f 3685//3685 2506//2506 3686//3686
f 3686//3686 2506//2506 3687//3687
f 3686//3686 3687//3687 2515//2515
f 2515//2515 3687//3687 3688//3688
f 2515//2515 3688//3688 2516//2516
f 2516//2516 3688//3688 2503//2503
f 2516//2516 2503//2503 2517//2517
f 2517//2517 2503//2503 2502//2502
f 2517//2517 2502//2502 2519//2519
f 2519//2519 2502//2502 3689//3689
f 2519//2519 3689//3689 2520//2520
f 2520//2520 3689//3689 3691//3691
f 2520//2520 3691//3691 3690//3690
f 3690//3690 3691//3691 2486//2486
f 3690//3690 2486//2486 3692//3692
f 520//520 3693//3693 1097//1097
f 1097//1097 3693//3693 3694//3694
f 1097//1097 3694//3694 3695//3695
f 3695//3695 3694//3694 3696//3696
f 3695//3695 3696//3696 1225//1225
f 1225//1225 3696//3696 3697//3697
f 1225//1225 3697//3697 1224//1224
f 1224//1224 3697//3697 1116//1116
f 1224//1224 1116//1116 3698//3698
f 3698//3698 1116//1116 1115//1115
f 3698//3698 1115//1115 1357//1357
f 1357//1357 1115//1115 1114//1114
f 1357//1357 1114//1114 1257//1257
f 1257//1257 1114//1114 1112//1112
f 1257//1257 1112//1112 3699//3699
f 3699//3699 1112//1112 1136//1136
f 3699//3699 1136//1136 1266//1266
f 1266//1266 1136//1136 3700//3700
f 1266//1266 3700//3700 1277//1277
f 1277//1277 3700//3700 1137//1137
f 1277//1277 1137//1137 3701//3701
f 3701//3701 1137//1137 1149//1149
f 3701//3701 1149//1149 1895//1895
f 1895//1895 1149//1149 1148//1148
f 1895//1895 1148//1148 3702//3702
f 3702//3702 1148//1148 3703//3703
f 3702//3702 3703//3703 3704//3704
f 3704//3704 3703//3703 1146//1146
f 3704//3704 1146//1146 3705//3705
f 3705//3705 1146//1146 1144//1144
f 3705//3705 1144//1144 1388//1388
f 1388//1388 1144//1144 1143//1143
f 1388//1388 1143//1143 3706//3706
f 3706//3706 1143//1143 1142//1142
f 3706//3706 1142//1142 1379//1379
f 1379//1379 1142//1142 3707//3707
f 1379//1379 3707//3707 1377//1377
f 1377//1377 3707//3707 1369//1369
f 1377//1377 1369//1369 3708//3708
f 3708//3708 1369//1369 1367//1367
f 3708//3708 1367//1367 3709//3709
f 3709//3709 1367//1367 1366//1366
f 3709//3709 1366//1366 1370//1370
f 1370//1370 1366//1366 3711//3711
f 1370//1370 3711//3711 3710//3710
f 3710//3710 3711//3711 3712//3712
f 3710//3710 3712//3712 1768//1768
f 1768//1768 3712//3712 3713//3713
f 1768//1768 3713//3713 1360//1360
f 1360//1360 3713//3713 1364//1364
f 1360//1360 1364//1364 1361//1361
f 1361//1361 1364//1364 1358//1358
f 1361//1361 1358//1358 3714//3714
f 3714//3714 1358//1358 3459//3459
f 3714//3714 3459//3459 3715//3715
f 3715//3715 3459//3459 3716//3716
f 3715//3715 3716//3716 1427//1427
f 1427//1427 3716//3716 3717//3717
f 1427//1427 3717//3717 1475//1475
f 1475//1475 3717//3717 3450//3450
f 1475//1475 3450//3450 1372//1372
f 1372//1372 3450//3450 3634//3634
f 1372//1372 3634//3634 1403//1403
f 1403//1403 3634//3634 3633//3633
f 1403//1403 3633//3633 3718//3718
f 3718//3718 3633//3633 3486//3486
f 3718//3718 3486//3486 3719//3719
f 3719//3719 3486//3486 3720//3720
f 3719//3719 3720//3720 1495//1495
f 1495//1495 3720//3720 3721//3721
f 1495//1495 3721//3721 3722//3722
f 3722//3722 3721//3721 3487//3487
f 3722//3722 3487//3487 1409//1409
f 1409//1409 3487//3487 3488//3488
f 1409//1409 3488//3488 3723//3723
f 3723//3723 3488//3488 3501//3501
f 3723//3723 3501//3501 3724//3724
f 3724//3724 3501//3501 3725//3725
f 3724//3724 3725//3725 3726//3726
f 3726//3726 3725//3725 3502//3502
f 3726//3726 3502//3502 1674//1674
f 1674//1674 3502//3502 3728//3728
f 1674//1674 3728//3728 3727//3727
f 3727//3727 3728//3728 3729//3729
f 3727//3727 3729//3729 3730//3730
f 3730//3730 3729//3729 3505//3505
f 3730//3730 3505//3505 3731//3731
f 3731//3731 3505//3505 3507//3507
f 3731//3731 3507//3507 3732//3732
f 3732//3732 3507//3507 3733//3733
f 3732//3732 3733//3733 1593//1593
f 1593//1593 3733//3733 3509//3509
f 1593//1593 3509//3509 1572//1572
f 1572//1572 3509//3509 3734//3734
f 1572//1572 3734//3734 3735//3735
f 3735//3735 3734//3734 3736//3736
f 3735//3735 3736//3736 2361//2361
f 2361//2361 3736//3736 3513//3513
f 2361//2361 3513//3513 2388//2388
f 2388//2388 3513//3513 3514//3514
f 2388//2388 3514//3514 3737//3737
f 3737//3737 3514//3514 3518//3518
f 3737//3737 3518//3518 2446//2446
f 2446//2446 3518//3518 3519//3519
f 2446//2446 3519//3519 3738//3738
f 3738//3738 3519//3519 3521//3521
f 3738//3738 3521//3521 3740//3740
f 3740//3740 3521//3521 3739//3739
f 3740//3740 3739//3739 3741//3741
f 3741//3741 3739//3739 3523//3523
f 3741//3741 3523//3523 2344//2344
f 2344//2344 3523//3523 3742//3742
f 2344//2344 3742//3742 3743//3743
f 3743//3743 3742//3742 3744//3744
f 3743//3743 3744//3744 3745//3745
f 3745//3745 3744//3744 3746//3746
f 3745//3745 3746//3746 3747//3747
f 3747//3747 3746//3746 3748//3748
f 3747//3747 3748//3748 2507//2507
f 2507//2507 3748//3748 3749//3749
f 2507//2507 3749//3749 3831//3831
f 3841//3841 2308//2308 1//1
f 3820//3820 3692//3692 3750//3750
f 3793//3793 3796//3796 3792//3792
f 3751//3751 562//562 3784//3784
f 3769//3769 2988//2988 3770//3770
f 3138//3138 3594//3594 3752//3752
f 3752//3752 3594//3594 3593//3593
f 3593//3593 3412//3412 3752//3752
f 3752//3752 3412//3412 3411//3411
f 3752//3752 3411//3411 3753//3753
f 3753//3753 3411//3411 3126//3126
f 3753//3753 3126//3126 3754//3754
f 3754//3754 3755//3755 3753//3753
f 3753//3753 3755//3755 3049//3049
f 3753//3753 3049//3049 3756//3756
f 3756//3756 3049//3049 3757//3757
f 3757//3757 3758//3758 3756//3756
f 3756//3756 3758//3758 3759//3759
f 3756//3756 3759//3759 3760//3760
f 3759//3759 2911//2911 3760//3760
f 3760//3760 2911//2911 2912//2912
f 3760//3760 2912//2912 3762//3762
f 3762//3762 2912//2912 3761//3761
f 3761//3761 1069//1069 3762//3762
f 3762//3762 1069//1069 1068//1068
f 3762//3762 1068//1068 3763//3763
f 3762//3762 3763//3763 3060//3060
f 3762//3762 3060//3060 3764//3764
f 3764//3764 3060//3060 3059//3059
f 3764//3764 3059//3059 2909//2909
f 2909//2909 3765//3765 3764//3764
f 3764//3764 3765//3765 3035//3035
f 3764//3764 3035//3035 3766//3766
f 3766//3766 3035//3035 3767//3767
f 3766//3766 3767//3767 3770//3770
f 3770//3770 3767//3767 3768//3768
f 3770//3770 3768//3768 3769//3769
f 2988//2988 2907//2907 3770//3770
f 3770//3770 2907//2907 3771//3771
f 3770//3770 3771//3771 3773//3773
f 3773//3773 3771//3771 3772//3772
f 3773//3773 3772//3772 3364//3364
f 3364//3364 3774//3774 3773//3773
f 3773//3773 3774//3774 2890//2890
f 3773//3773 2890//2890 12//12
f 12//12 2890//2890 2889//2889
f 12//12 2889//2889 3004//3004
f 2893//2893 3775//3775 2894//2894
f 2894//2894 3775//3775 12//12
f 2894//2894 12//12 2888//2888
f 2888//2888 12//12 3004//3004
f 2893//2893 3776//3776 3775//3775
f 3775//3775 3776//3776 3777//3777
f 3775//3775 3777//3777 3778//3778
f 3778//3778 3779//3779 3775//3775
f 3775//3775 3779//3779 3781//3781
f 3775//3775 3781//3781 10//10
f 593//593 11//11 3780//3780
f 3780//3780 11//11 10//10
f 3780//3780 10//10 1072//1072
f 1072//1072 10//10 3781//3781
f 593//593 3782//3782 11//11
f 11//11 3782//3782 3783//3783
f 11//11 3783//3783 3784//3784
f 3784//3784 3783//3783 563//563
f 3784//3784 563//563 3751//3751
f 781//781 8//8 768//768
f 768//768 8//8 3784//3784
f 768//768 3784//3784 554//554
f 554//554 3784//3784 562//562
f 781//781 3785//3785 8//8
f 8//8 3785//3785 549//549
f 8//8 549//549 9//9
f 9//9 549//549 550//550
f 9//9 550//550 3786//3786
f 3786//3786 3787//3787 9//9
f 9//9 3787//3787 548//548
f 9//9 548//548 3788//3788
f 3788//3788 548//548 545//545
f 3788//3788 545//545 546//546
f 546//546 543//543 3788//3788
f 3788//3788 543//543 3789//3789
f 3788//3788 3789//3789 7//7
f 3789//3789 3790//3790 7//7
f 7//7 3790//3790 722//722
f 7//7 722//722 3792//3792
f 3792//3792 722//722 3791//3791
f 3792//3792 3791//3791 3793//3793
f 709//709 3797//3797 3794//3794
f 3794//3794 3797//3797 3792//3792
f 3794//3794 3792//3792 3795//3795
f 3795//3795 3792//3792 3796//3796
f 709//709 3798//3798 3797//3797
f 3797//3797 3798//3798 706//706
f 3797//3797 706//706 3801//3801
f 706//706 708//708 3801//3801
f 3801//3801 708//708 3799//3799
f 3801//3801 3799//3799 3800//3800
f 3800//3800 691//691 3801//3801
f 3801//3801 691//691 692//692
f 3801//3801 692//692 3803//3803
f 692//692 3802//3802 3803//3803
f 3803//3803 3802//3802 689//689
f 3803//3803 689//689 3804//3804
f 3804//3804 689//689 936//936
f 3804//3804 936//936 131//131
f 131//131 683//683 3804//3804
f 3804//3804 683//683 3805//3805
f 3804//3804 3805//3805 3806//3806
f 3806//3806 3805//3805 3807//3807
f 3806//3806 3807//3807 3808//3808
f 3808//3808 2531//2531 3806//3806
f 3806//3806 2531//2531 2529//2529
f 3806//3806 2529//2529 6//6
f 2529//2529 2534//2534 6//6
f 6//6 2534//2534 3810//3810
f 6//6 3810//3810 3809//3809
f 3810//3810 2586//2586 3809//3809
f 3809//3809 2586//2586 2852//2852
f 3809//3809 2852//2852 3811//3811
f 2567//2567 5//5 2575//2575
f 2575//2575 5//5 3809//3809
f 2575//2575 3809//3809 3812//3812
f 3812//3812 3809//3809 3811//3811
f 2567//2567 2565//2565 5//5
f 5//5 2565//2565 3813//3813
f 5//5 3813//3813 3815//3815
f 3813//3813 3814//3814 3815//3815
f 3815//3815 3814//3814 2489//2489
f 3815//3815 2489//2489 2488//2488
f 2488//2488 2487//2487 3815//3815
f 3815//3815 2487//2487 3816//3816
f 3815//3815 3816//3816 3818//3818
f 3818//3818 3816//3816 3817//3817
f 3818//3818 3817//3817 2662//2662
f 2662//2662 2837//2837 3818//3818
f 3818//3818 2837//2837 2838//2838
f 3818//3818 2838//2838 3750//3750
f 3750//3750 2838//2838 3819//3819
f 3750//3750 3819//3819 3820//3820
f 3692//3692 2486//2486 3750//3750
f 3750//3750 2486//2486 2485//2485
f 3750//3750 2485//2485 3821//3821
f 3821//3821 2485//2485 2484//2484
f 3821//3821 2484//2484 2483//2483
f 2483//2483 2500//2500 3821//3821
f 3821//3821 2500//2500 2494//2494
f 3821//3821 2494//2494 3823//3823
f 2494//2494 3822//3822 3823//3823
f 3823//3823 3822//3822 3824//3824
f 3824//3824 3822//3822 3825//3825
f 3824//3824 3825//3825 2333//2333
f 3827//3827 3828//3828 3826//3826
f 3826//3826 3828//3828 3824//3824
f 3826//3826 3824//3824 2332//2332
f 2332//2332 3824//3824 2333//2333
f 3828//3828 3827//3827 3829//3829
f 3828//3828 3829//3829 1078//1078
f 3749//3749 3830//3830 3831//3831
f 3831//3831 3830//3830 3828//3828
f 3831//3831 3828//3828 3832//3832
f 3832//3832 3828//3828 1078//1078
f 3833//3833 3834//3834 3835//3835
f 3835//3835 3834//3834 3830//3830
f 3835//3835 3830//3830 2329//2329
f 2329//2329 3830//3830 3749//3749
f 3833//3833 3836//3836 3834//3834
f 3834//3834 3836//3836 2328//2328
f 3834//3834 2328//2328 2327//2327
f 2314//2314 3//3 3547//3547
f 3547//3547 3//3 3834//3834
f 3547//3547 3834//3834 3837//3837
f 3837//3837 3834//3834 2327//2327
f 2314//2314 2316//2316 3//3
f 3//3 2316//2316 2318//2318
f 3//3 2318//2318 3839//3839
f 3839//3839 2318//2318 2317//2317
f 3839//3839 2317//2317 3838//3838
f 3838//3838 2312//2312 3839//3839
f 3839//3839 2312//2312 3840//3840
f 3839//3839 3840//3840 1//1
f 1//1 3840//3840 2310//2310
f 1//1 2310//2310 3841//3841
f 3842//3842 2//2 2304//2304
f 2304//2304 2//2 1//1
f 2304//2304 1//1 3843//3843
f 3843//3843 1//1 2308//2308
f 3842//3842 2302//2302 2//2
f 2//2 2302//2302 3074//3074
f 2//2 3074//3074 3845//3845
f 3845//3845 3074//3074 3844//3844
f 3845//3845 3844//3844 3072//3072
f 3072//3072 3071//3071 3845//3845
f 3845//3845 3071//3071 3846//3846
f 3845//3845 3846//3846 3847//3847
f 3847//3847 3846//3846 3069//3069
f 3847//3847 3069//3069 3068//3068
f 3847//3847 3068//3068 3067//3067
f 3847//3847 3067//3067 3848//3848
f 3848//3848 3067//3067 3184//3184
f 3848//3848 3184//3184 3849//3849
f 3849//3849 3066//3066 3848//3848
f 3848//3848 3066//3066 3093//3093
f 3848//3848 3093//3093 3853//3853
f 3853//3853 3093//3093 3850//3850
f 3853//3853 3850//3850 3851//3851
f 3851//3851 3852//3852 3853//3853
f 3853//3853 3852//3852 3855//3855
f 3853//3853 3855//3855 3854//3854
f 3854//3854 3855//3855 3856//3856
f 3854//3854 3856//3856 3162//3162
f 3162//3162 3857//3857 3854//3854
f 3854//3854 3857//3857 3858//3858
f 3854//3854 3858//3858 3752//3752
f 3752//3752 3858//3858 3052//3052
f 3752//3752 3052//3052 3138//3138
# 7712 faces, 0 coords texture

# End of File
