####
#
# OBJ File Generated by Meshlab
#
####
# Object wrist_spherical_1.obj
#
# Vertices: 3858
# Faces: 7712
#
####
vn -3.1339257436975085 0.0012152983464365 3.0026616462007931
v -0.0314999781548977 0.0000000000000000 0.0000000000000000
vn -3.1035543394843716 -0.4359629635005482 3.0039132940120146
v -0.0311933699995279 -0.0043839211575687 0.0000000000000000
vn -2.6578122228945227 1.6610174439966170 3.0065471186044390
v -0.0267134904861450 0.0166924502700567 0.0000000000000000
vn -3.0127998435737560 0.8648380493313879 3.0130646293281589
v -0.0302796903997660 0.0086825480684638 0.0000000000000000
vn -1.7497229596552395 2.6004176508990589 3.0091498705778865
v -0.0176145993173122 0.0261147003620863 0.0000000000000000
vn -2.0974304981952061 2.3293748280975914 3.0140698298040962
v -0.0210775695741177 0.0234090592712164 0.0000000000000000
vn -0.1079765401644077 3.1323978791606182 3.0086982858736016
v -0.0010992879979312 0.0314807817339897 0.0000000000000000
vn -0.5466863833629493 3.0861394448068507 3.0073764944182519
v -0.0054699177853763 0.0310213491320610 0.0000000000000000
vn -0.9676221261907708 2.9809551318612337 3.0047603196935531
v -0.0097340336069465 0.0299582406878471 0.0000000000000000
vn 0.7560208811957339 3.0412300822017619 2.9992544882679582
v 0.0076205129735172 0.0305642392486334 0.0000000000000000
vn 0.3312110616509014 3.1163677151245706 3.0026405368040927
v 0.0032926199492067 0.0313273593783379 0.0000000000000000
vn 2.2556315819176307 2.1760295436960648 3.0068235624399828
v 0.0226591806858778 0.0218816902488470 0.0000000000000000
vn 1.1725014308455415 2.9064538949006380 3.0041454812814066
v 0.0118000498041511 0.0292062703520060 0.0000000000000000
vn 0.0000000000000000 0.0000000000000000 6.2831853071795756
v 0.0000000000000000 0.0000000000000000 0.0000000000000000
vn 2.7662724367892886 1.4732844898887647 3.0061920464752681
v 0.0278127696365118 0.0147883798927069 0.0000000000000000
vn 3.1262763453021032 -0.2230419792297110 3.0081333851085263
v 0.0314232707023621 -0.0021973249968141 0.0000000000000000
vn 3.0658810263001897 0.6507198530326290 3.0069398551065176
v 0.0308115407824516 0.0065491790883243 0.0000000000000000
vn 2.9453662889139944 1.0716266135582020 3.0084430610396855
v 0.0296002607792616 0.0107735898345709 0.0000000000000000
vn 2.7679963748147562 -1.4707146679556269 3.0127248344517858
v 0.0278127696365118 -0.0147883798927069 0.0000000000000000
vn 1.1749689748309620 -2.9059095843932115 3.0129068502862717
v 0.0118000498041511 -0.0292062703520060 0.0000000000000000
vn 1.9281933098872170 -2.4709583300485263 3.0084378538852889
v 0.0193932596594095 -0.0248222891241312 0.0000000000000000
vn -0.5456836155261144 -3.0860680179208710 3.0028909838134195
v -0.0054699177853763 -0.0310213491320610 0.0000000000000000
vn -2.8631704139551273 -1.2750868535604045 3.0088956048345623
v -0.0287766996771097 -0.0128121897578239 0.0000000000000000
vn -0.8636211964319668 -3.0018781104076950 -3.0125857677083583
v -0.0086825480684638 0.0001250000059372 -0.1339049041271210
vn 0.0000000000000000 -6.2831853071795942 0.0000000000000000
v 0.0000000000000000 0.0001250000059372 -0.1036249026656151
vn -2.9805681111089495 -3.0019831729035489 -0.9684041249288494
v -0.0299582406878471 0.0001250000059372 -0.1133589968085289
vn -2.4699015682497816 -3.0027556722652347 1.9289813263838798
v -0.0248222891241312 0.0001250000059372 -0.0842316672205925
vn -1.8421509874153825 -3.0017599375173103 2.5352123398687398
v -0.0185151603072882 0.0001250000059372 -0.0781409665942192
vn -0.2258959948179277 -3.0122149374857186 3.1262719617773822
v -0.0021973249968141 0.0001250000059372 -0.0722016617655754
vn -1.0713377637001857 -3.0091249468791772 2.9453965264788531
v -0.0107735898345709 0.0001250000059372 -0.0740246698260307
vn 1.8383583254861100 -3.0116459432087139 2.5385551239744029
v 0.0185151603072882 0.0001250000059372 -0.0781409665942192
vn 3.0416110886293675 -3.0141285745031756 0.7574094901713723
v 0.0305642392486334 0.0001250000059372 -0.0960044786334038
vn 3.1172585999618598 -3.0129250911754966 0.3276888058552820
v 0.0313273593783379 0.0001250000059372 -0.1003319993615150
vn 2.9805706581857523 -3.0019931631242205 -0.9683974681602068
v 0.0299582406878471 0.0001250000059372 -0.1133589968085289
vn 2.0145496299168499 -3.0022883778555602 -2.4007042874619389
v 0.0202477499842644 0.0001250000059372 -0.1277550011873245
vn 2.3288128685529692 -3.0017624429953367 -2.0971646560345230
v 0.0234090592712164 0.0001250000059372 -0.1247029975056648
vn 2.5981468272091339 -3.0018866710070258 -1.7524767737583953
v 0.0261147003620863 0.0001250000059372 -0.1212399974465370
vn 0.8636022961486866 -3.0018979094889575 -3.0125925815327914
v 0.0086825480684638 0.0001250000059372 -0.1339049041271210
vn -6.2416662852691402 0.0260040883522120 0.7203516643719985
v -0.0313127003610134 0.0171654801815748 -0.1003340035676956
vn -6.2582941208059522 0.0742710015948195 0.4855982928100037
v -0.0313930511474609 0.0172016005963087 -0.1010319963097572
vn -6.1811074441701388 0.0091146146975139 1.1273741695015456
v -0.0309360604733229 0.0169965606182814 -0.0977808833122253
vn -3.1172186499782479 -3.0103836484263522 0.3269305046680859
v -0.0313273593783379 0.0001250000059372 -0.1003319993615150
vn -6.2416028258753187 0.0259604375450705 0.7209127416369980
v -0.0312831886112690 0.0171521902084351 -0.1000780016183853
vn -3.0415191054671133 -3.0125550637163401 0.7574687733684476
v -0.0305642392486334 0.0001250000059372 -0.0960044786334038
vn -6.0943846340632444 0.0336640147550797 1.5280644483854990
v -0.0304268505424261 0.0167695805430412 -0.0955197811126709
vn -5.7572592909421418 0.0452841903274165 2.5037473635196648
v -0.0289070606231689 0.0161083899438381 -0.0911097526550293
vn -5.8425466960117642 0.0503178261430745 2.3105250023385300
v -0.0291907694190741 0.0162305794656277 -0.0918309614062309
vn -2.9042405875045092 -3.0083363877306728 1.1782932925998999
v -0.0292062703520060 0.0001250000059372 -0.0918248817324638
vn -2.1768295652912606 -3.0029327645712560 2.2544741710669092
v -0.0218816902488470 0.0001250000059372 -0.0809657499194145
vn -4.5071081479669335 -0.0729543008029038 4.3771060699792850
v -0.0226324703544378 0.0136922001838684 -0.0817390009760857
vn -4.6535326333744456 0.0625368845314282 4.2122027968916056
v -0.0232395492494106 0.0138993803411722 -0.0823606774210930
vn -4.7587196800816303 -0.0070074011435272 4.1024428699089874
v -0.0241476800292730 0.0142274396494031 -0.0834251567721367
vn -2.7143083132899717 -3.0017045345362634 1.5664020310258278
v -0.0272797904908657 0.0001250000059372 -0.0878750011324883
vn -4.0665460440399990 -0.0299079334858216 4.7862484865876063
v -0.0204231701791286 0.0129661504179239 -0.0796428918838501
vn -4.2203043051161444 -0.0393725336354812 4.6545044451079143
v -0.0210015699267387 0.0131519995629787 -0.0801656767725945
vn -2.9404513006660888 -0.1153019595533745 5.5510371495492823
v -0.0147809898480773 0.0114494496956468 -0.0758262798190117
vn -3.1005945475735164 -0.1283106869086300 5.4599900220582098
v -0.0154680600389838 0.0116035901010036 -0.0761843919754028
vn -3.6487313515856745 -0.0651336024832449 5.1145064231771924
v -0.0185086708515882 0.0124002601951361 -0.0781502723693848
vn -3.9364543461566921 -0.0742701215134223 4.8966240007292097
v -0.0192601606249809 0.0126170497387648 -0.0787134692072868
vn -2.2203486019858252 -0.2115372830388277 5.8720455050894778
v -0.0113333398476243 0.0107535701245070 -0.0742486715316772
vn -2.5640442172801561 -0.1488865791398042 5.7331517925447670
v -0.0134458504617214 0.0111549403518438 -0.0751450583338737
vn -1.4747541604806471 -3.0044502523866203 2.7653333016594153
v -0.0147883798927069 0.0001250000059372 -0.0758121013641357
vn -1.4072476757104277 -0.2222617526243797 6.1151698400798056
v -0.0065465560182929 0.0100892698392272 -0.0728249475359917
vn -2.1501868883712403 -0.1311522742215079 5.9005552198260895
v -0.0107676899060607 0.0106585603207350 -0.0740410014986992
vn -1.4336362675891559 -0.2543583315516674 6.1088335709791899
v -0.0069193239323795 0.0101295700296760 -0.0729092881083488
vn -1.6275119795895590 -0.0802025491761488 6.0647949688152387
v -0.0078806867823005 0.0102334599941969 -0.0731266736984253
vn -1.0185991721104037 -0.2707563079504878 6.1888049464097117
v -0.0046382541768253 0.0099243521690369 -0.0724824592471123
vn -0.6514026227152068 -3.0067906656961796 3.0656044586376576
v -0.0065491790883243 0.0001250000059372 -0.0728132724761963
vn -0.5141297127457953 1.2603095425266277 5.9981516407443110
v -0.0021967880893499 0.0097905388101935 -0.0722073912620544
vn -0.0612051559500018 -0.0717702858113744 6.2814817852516622
v 0.0000000000000000 0.0097499480471015 -0.0721249505877495
vn 0.6485925954813729 -3.0188089080399396 3.0668589666146917
v 0.0065491790883243 0.0001250000059372 -0.0728132724761963
vn 1.3337626314874274 -0.1995925563825025 6.1346377105444780
v 0.0065487017855048 0.0100851599127054 -0.0728159472346306
vn 1.1369788112969812 -0.2302922917893612 6.1707626904615784
v 0.0062263011932373 0.0100570898503065 -0.0727576017379761
vn 0.6535208263399740 -0.2054532652460081 6.2418575283053865
v 0.0031296610832214 0.0098327388986945 -0.0722937509417534
vn 0.2219936416389348 -3.0180830689081128 3.1268095732662320
v 0.0021973249968141 0.0001250000059372 -0.0722016617655754
vn 0.4781681625780689 1.5463953238291277 5.8172408091765551
v 0.0025798080023378 0.0098021030426025 -0.0722307488322258
vn 2.8538618463929319 -0.0586206454758570 5.5945225092366906
v 0.0143810501322150 0.0113535495474935 -0.0755993723869324
vn 1.0739848918956274 -3.0199967378522947 2.9450649371746196
v 0.0107735898345709 0.0001250000059372 -0.0740246698260307
vn 3.6072034058873372 -0.0114818782343449 5.1409620196382884
v 0.0179476700723171 0.0122400503605604 -0.0777380988001823
vn 3.4231111599112238 -0.0969706744039365 5.2672943534683210
v 0.0175604801625013 0.0121386600658298 -0.0774883627891541
vn 3.2316631078845255 -0.0486936418736168 5.3845362305390125
v 0.0161857604980469 0.0117783499881625 -0.0766014978289604
vn 1.4764858464383406 -3.0095134351261232 2.7647297400790505
v 0.0147883798927069 0.0001250000059372 -0.0758121013641357
vn 3.0681472095653408 -0.1066029150564096 5.4808922790344035
v 0.0147826597094536 0.0114480797201395 -0.0758223533630371
vn 4.0620253179302654 -0.0490832148908520 4.7932661970706567
v 0.0200076606124640 0.0128412796184421 -0.0793108865618706
vn 2.1797746038075627 -3.0119043802466474 2.2523363376814047
v 0.0218816902488470 0.0001250000059372 -0.0809657499194145
vn 4.3772402484017228 -0.0624746936438663 4.5069439439376193
v 0.0222657900303602 0.0135664902627468 -0.0813578888773918
vn 4.3546281839292451 -0.0274057298397019 4.5291866797665161
v 0.0218698903918266 0.0134356003254652 -0.0809780880808830
vn 2.7149208870753228 -3.0077659756072870 1.5659833080535250
v 0.0272797904908657 0.0001250000059372 -0.0878750011324883
vn 2.4695032259632241 -3.0091178001602157 1.9300100129036188
v 0.0248222891241312 0.0001250000059372 -0.0842316672205925
vn 4.8923693569348261 0.0029558829365550 3.9424761556812600
v 0.0243106391280890 0.0142863895744085 -0.0836180970072746
vn 5.7401997448612345 0.0284217576198605 2.5547520816785858
v 0.0290533900260925 0.0161713901907206 -0.0914731025695801
vn 2.9048595450765342 -3.0112771446511357 1.1772121102939725
v 0.0292062703520060 0.0001250000059372 -0.0918248817324638
vn 5.4578018935072858 0.0385388222943475 3.1019676670570351
v 0.0274132397025824 0.0154852801933885 -0.0881084725260735
vn 6.0233439993425533 0.0331293913087904 1.7875033375539799
v 0.0300996806472540 0.0166251603513956 -0.0943899676203728
vn 5.9501081111267791 0.0627739911212255 2.0010419449783274
v 0.0298947598785162 0.0165348593145609 -0.0936978980898857
vn 5.8199006014340711 0.0606135384714925 2.3547987410998297
v 0.0291707497090101 0.0162212792783976 -0.0917375013232231
vn 6.2217197882123978 0.0795804421462165 0.8321857702230412
v 0.0312407594174147 0.0171330496668816 -0.0995924994349480
vn 6.1626915608568495 0.0465086313277505 1.1942504084793304
v 0.0309164505451918 0.0169876795262098 -0.0975902602076530
vn 6.1285030629265780 0.0251014721903497 1.3836942374434127
v 0.0308744907379150 0.0169689599424601 -0.0974056720733643
vn 6.1251965244705691 0.0449350958709718 1.3987893345733051
v 0.0305559597909451 0.0168267395347357 -0.0960063934326172
vn 6.0725897467528380 0.0697246184832542 1.5929692796125603
v 0.0304821692407131 0.0167938992381096 -0.0956821963191032
vn 0.4361066965381112 -3.0022789052180019 -3.1034778540535770
v 0.0043839211575687 0.0001250000059372 -0.1348180025815964
vn 1.3029697417119135 -0.0326575745290054 -6.1464151637133888
v 0.0074560642242432 0.0172499995678663 -0.1341650038957596
vn 2.9529416395575114 -0.0152615646576434 -5.5459871202856057
v 0.0160466991364956 0.0172499995678663 -0.1306820064783096
vn 1.2746025842802429 -3.0019281938483973 -2.8630329554149512
v 0.0128121897578239 0.0001250000059372 -0.1324020028114319
vn 2.9503973622365853 -0.0274868769740394 -5.5472494502945935
v 0.0139900995418429 0.0172499995678663 -0.1317750066518784
vn 2.5489407184279282 -0.0167592113174171 -5.7270794832770786
v 0.0128121897578239 0.0172499995678663 -0.1324020028114319
vn 1.6608717166666609 -3.0017682624003172 -2.6576207462364332
v 0.0166924502700567 0.0001250000059372 -0.1303389966487885
vn 3.6935155151138770 -0.0246169089014195 -5.0828271436686032
v 0.0179830696433783 0.0172499995678663 -0.1294009983539581
vn 4.0244083888030842 0.0037568479085561 -4.8057999905587101
v 0.0202477499842644 0.0172499995678663 -0.1277550011873245
vn 4.3642830731500659 -0.0212140011551596 -4.5200214554596361
v 0.0215833708643913 0.0172499995678663 -0.1264660060405731
vn 4.9511694796108285 -0.0187772959768462 -3.8682804634112062
v 0.0247131492942572 0.0172499995678663 -0.1230330020189285
vn 2.8168035936672893 -3.0019631651228629 -1.3737522742047326
v 0.0283119603991508 0.0001250000059372 -0.1174340024590492
vn 5.4328230340090311 0.0036058098939002 -3.1562514541545634
v 0.0273045804351568 0.0172499995678663 -0.1191790029406548
vn 5.6390978900641082 0.0224953341693751 -2.7345486243309542
v 0.0283119603991508 0.0172499995678663 -0.1174340024590492
vn 6.0964033297938052 0.0205258645889548 -1.5203393590044727
v 0.0300971791148186 0.0172499995678663 -0.1128019988536835
vn 3.0863302405176203 -3.0019873583219927 -0.5442012817951740
v 0.0310213491320610 0.0001250000059372 -0.1090949997305870
vn 6.0942296224299044 -0.0039802458763988 -1.5292077128245041
v 0.0306606795638800 0.0172499995678663 -0.1105419024825096
vn 6.1733573930036103 0.0161924260939872 -1.0837126728327915
v 0.0310213491320610 0.0172499995678663 -0.1090949997305870
vn 6.2487270174093830 0.0055626989001944 -0.6570867837535208
v 0.0311087891459465 0.0172499995678663 -0.1082639992237091
vn 6.2483239322912869 -0.0057626887214345 -0.6608683478320244
v 0.0313522815704346 0.0172499995678663 -0.1059470027685165
vn 3.1321486789701081 -3.0074769590931107 -0.1130541618026936
v 0.0314807817339897 0.0001250000059372 -0.1047239974141121
vn -6.2510218263588690 -0.0201080947538739 -0.6330121309379121
v -0.0312370602041483 0.0172499995678663 -0.1070429980754852
vn -6.1696787658579435 0.0102033370276855 -1.1054461205723225
v -0.0310213491320610 0.0172499995678663 -0.1090949997305870
vn -3.0863307603521783 -3.0019839429357162 -0.5441975686389310
v -0.0310213491320610 0.0001250000059372 -0.1090949997305870
vn -3.1321094934915035 -3.0059305837781265 -0.1118093314310061
v -0.0314807817339897 0.0001250000059372 -0.1047239974141121
vn -6.2809252981545942 0.0878680134470104 -0.0406419500768290
v -0.0314970016479492 0.0172485709190369 -0.1036249026656151
vn -6.2638321872789824 0.0612772069804392 -0.3609675879214572
v -0.0314807817339897 0.0172499995678663 -0.1047239974141121
vn -6.0965132510555318 0.0235395232743904 -1.5198145877184710
v -0.0309572797268629 0.0172499995678663 -0.1093520000576973
vn -5.8254901760081790 0.0102039864330196 -2.3541208114451200
v -0.0297609493136406 0.0172499995678663 -0.1138470023870468
vn -2.8167993155056097 -3.0019360306178626 -1.3737580730685190
v -0.0283119603991508 0.0001250000059372 -0.1174340024590492
vn -5.9576388492564849 0.0068140780040559 -1.9480010224114361
v -0.0299582406878471 0.0172499995678663 -0.1133589968085289
vn -6.1000538802699182 -0.0161563186308003 -1.5055191014574345
v -0.0303938891738653 0.0172499995678663 -0.1116119995713234
vn -5.4409170864949452 -0.0036450633006795 -3.1424207814108840
v -0.0279179792851210 0.0172499995678663 -0.1181159988045692
vn -5.6311762830615901 0.0012115396586802 -2.7532865929755617
v -0.0283119603991508 0.0172499995678663 -0.1174340024590492
vn -4.9509423079547972 -0.0133251698251813 -3.8686222863772852
v -0.0254685804247856 0.0172499995678663 -0.1220669969916344
vn -2.5981728355591849 -3.0019108466478808 -1.7524405347141037
v -0.0261147003620863 0.0001250000059372 -0.1212399974465370
vn -2.0145136158049057 -3.0022230221445629 -2.4007308843387758
v -0.0202477499842644 0.0001250000059372 -0.1277550011873245
vn -2.3287959251591785 -3.0018112308623497 -2.0971870896632017
v -0.0234090592712164 0.0001250000059372 -0.1247029975056648
vn -4.6605620511107064 -0.0061725101838481 -4.1918841851480924
v -0.0234090592712164 0.0172499995678663 -0.1247029975056648
vn -4.9511522383080955 -0.0121647560620749 -3.8683571980369780
v -0.0240345001220703 0.0172499995678663 -0.1239020004868507
vn -3.6930920688422759 -0.0326332638704520 -5.0830443082889882
v -0.0189758501946926 0.0172499995678663 -0.1286790072917938
vn -1.6608840431971670 -3.0016723985107676 -2.6576075632802576
v -0.0166924502700567 0.0001250000059372 -0.1303389966487885
vn -3.6901332515704501 -0.0140294164796975 -5.0853322531417859
v -0.0170917492359877 0.0172499995678663 -0.1300480067729950
vn -3.3334005460669411 -0.0129447843503209 -5.3085181451988994
v -0.0166924502700567 0.0172499995678663 -0.1303389966487885
vn -2.9484605285727090 -0.0404422535227837 -5.5481231374063462
v -0.0150735899806023 0.0172499995678663 -0.1311990022659302
vn -1.2746059544321309 -3.0018687309098815 -2.8630281149805308
v -0.0128121897578239 0.0001250000059372 -0.1324020028114319
vn -2.9470419452074212 -0.0136582970583856 -5.5490725129074630
v -0.0130175901576877 0.0172499995678663 -0.1322920024394989
vn -2.1485983323831004 -0.0464656953396887 -5.9040290752207749
v -0.0108436895534396 0.0172499995678663 -0.1331180036067963
vn -0.8683932775340932 -0.0225296917055630 -6.2092011008352701
v -0.0043839211575687 0.0172499995678663 -0.1348180025815964
vn -0.4360897813992594 -3.0022593865461200 -3.1034789582063471
v -0.0043839211575687 0.0001250000059372 -0.1348180025815964
vn -0.4456259161544642 -0.0118385964104572 -6.2673449664828089
v -0.0040954938158393 0.0172499995678663 -0.1348388940095901
vn -0.0000183624407047 -3.0018172356096793 -3.1339203074852260
v 0.0000000000000000 0.0001250000059372 -0.1351249963045120
vn 0.4369067978876298 -0.0212672583676116 -6.2679101902138026
v 0.0005489540053532 0.0172499995678663 -0.1350869983434677
vn 3.8403100626921938 -2.6075654615556818 -4.2249928019500764
v 0.0245667602866888 -0.0014864800032228 -0.0453526899218559
vn 4.3193983703059500 -2.3706591130473771 -3.8874242845426430
v 0.0259196702390909 0.0006760620162822 -0.0453045889735222
vn 5.8606300650307865 -1.7075839919695079 -1.4062833614335695
v 0.0292907897382975 -0.0077343578450382 -0.0331745706498623
vn 6.1652407308529105 -1.1536489886308630 -0.1059644765843071
v 0.0309402905404568 -0.0058596730232239 -0.0203309599310160
vn -0.0190513422596105 -2.9284466081486369 -5.5573488902173995
v 0.0000000000000000 -0.0105483504012227 -0.0469624884426594
vn 0.2096160613554195 -2.9548351070376739 -5.5407422396737136
v 0.0024389619939029 -0.0087190857157111 -0.0478703901171684
vn 1.8522172827252976 -5.9746111964420061 -0.3924790404949483
v 0.0091871609911323 -0.0301138702780008 -0.0260343495756388
vn 2.5914605764205429 -5.7134953647917364 0.0232490657151733
v 0.0128706600517035 -0.0287505891174078 -0.0171249508857727
vn 2.2350994589892212 -2.9990878624939725 -5.0408260874278623
v 0.0179169699549675 -0.0139655396342278 -0.0420032702386379
vn 0.6319979216777448 -1.9139232041856595 5.9463848375633850
v 0.0030400149989873 0.0113705899566412 -0.0720552802085876
vn 2.3125565790975973 -0.1544677894994344 5.8378449180755192
v 0.0107702603563666 0.0106554599478841 -0.0740332007408142
vn 0.6839375705823511 -5.1042567523415148 3.5900964793817955
v 0.0028474330902100 0.0128886597231030 -0.0709453821182251
vn 0.6601844541073649 -6.0815576670735503 1.4067738452323935
v 0.0026941290125251 0.0134016796946526 -0.0697402879595757
vn 3.4165691773909037 -4.9944779352679411 1.6679378746896065
v 0.0153728695586324 0.0172215700149536 -0.0734359622001648
vn 3.5996729534986494 -5.0360151277580307 1.0304484884888510
v 0.0172264501452446 0.0184986498206854 -0.0735181495547295
vn 4.7304780729659273 -3.4006382670884538 2.3479539013596047
v 0.0222916603088379 0.0210701804608107 -0.0793382525444031
vn 4.0187955577107619 -4.3833325768801954 -2.0185654008096439
v 0.0238633695989847 0.0220424495637417 -0.0672529935836792
vn 6.1401985768772924 0.1843192728776425 1.2770559166099404
v 0.0308025404810905 0.0191888809204102 -0.0972288772463799
vn 5.9682590271939500 0.1313488428980936 1.9349182402831808
v 0.0298232994973660 0.0211671497672796 -0.0937955901026726
vn 6.1144823339704750 -0.6841481227431746 1.2608795140149673
v 0.0294666793197393 0.0284274797886610 -0.0913882777094841
vn 5.9753169848433814 -1.4668677458095420 1.2669444464653541
v 0.0286605898290873 0.0281921606510878 -0.0878076478838921
vn 5.3781059722607356 -3.1551127063072739 0.7639374787096496
v 0.0267272498458624 0.0266924500465393 -0.0808851718902588
vn 5.3948084114832309 -3.2023907925404189 0.3006620059976895
v 0.0264843702316284 0.0268713794648647 -0.0771676823496819
vn 6.1840052082107082 0.5898222335994132 0.8920888237430230
v 0.0272621493786573 0.0306723695248365 -0.0751938819885254
vn 6.2410724625843610 -0.0837436654220294 0.6881138106157048
v 0.0271004997193813 0.0294438600540161 -0.0735874697566032
vn 6.2512139281323140 -0.1776059370658721 0.5679009617034713
v 0.0268175005912781 0.0285270791500807 -0.0710114836692810
vn 6.2134012918227848 0.1387453030563686 0.8653423012855168
v 0.0277873799204826 0.0307314898818731 -0.0789567828178406
vn 6.2058545204855058 -0.6901035967453455 0.6412049673219711
v 0.0272901002317667 0.0292630698531866 -0.0755022689700127
vn 6.2249184513918783 -0.0108593461298172 0.7949299613076198
v 0.0274267699569464 0.0301764607429504 -0.0762335583567619
vn 6.1145842663227423 1.1207229286966391 0.8133382168719133
v 0.0289887692779303 0.0322815701365471 -0.0883165523409843
vn 6.2066259132149755 -0.5029959514511999 0.7818864284506177
v 0.0276512503623962 0.0298459492623806 -0.0781313702464104
vn 6.2060647845594952 -0.3712746122441163 0.8370783441012170
v 0.0280379001051188 0.0302736703306437 -0.0808332487940788
vn 6.0658553802295021 -1.4629954285950522 0.6955553409226172
v 0.0277907792478800 0.0294342003762722 -0.0798776671290398
vn 6.1643170437458172 -0.9203461301351432 0.7748633543142118
v 0.0279283504933119 0.0298526808619499 -0.0803576707839966
vn 6.1948615544013874 0.5050669733060419 0.8700794106277108
v 0.0289825703948736 0.0314849615097046 -0.0875583812594414
vn 6.1976576254314537 -0.3005578423314071 0.8835989936143173
v 0.0284407697618008 0.0305638890713453 -0.0836051702499390
vn 6.2016758939513972 0.3890101376488810 0.8769251215944492
v 0.0285743400454521 0.0313861891627312 -0.0846342965960503
vn 6.2041311823793208 0.2398756407475873 0.8727474935376029
v 0.0296550896018744 0.0303280893713236 -0.0918631479144096
vn 6.1896053548769956 0.6438720651186602 0.8243978066318101
v 0.0293882396072149 0.0313810706138611 -0.0904484912753105
vn 6.2030949579160417 0.3753827882318952 0.8545574314656965
v 0.0300312004983425 0.0297256708145142 -0.0943097993731499
vn 6.1955004297440261 -0.2509627066209686 0.9492164643426066
v 0.0299783907830715 0.0286881905049086 -0.0939191505312920
vn 6.2000902594229945 0.3290948097040641 0.8549425256544032
v 0.0303775593638420 0.0287804007530212 -0.0964535996317863
vn 6.1998269846161920 0.3342539594696057 0.8428815279153907
v 0.0302086994051933 0.0292993690818548 -0.0954251810908318
vn 6.2328373048795829 0.6843371479946929 0.2754760244281888
v 0.0308582708239555 0.0283617898821831 -0.1013140007853508
vn 6.2270165768481096 0.2835437718290442 0.7119539522657272
v 0.0310554504394531 0.0239607598632574 -0.0998310968279839
vn 6.2565704221511780 0.4800214825035372 0.1682150633241913
v 0.0311137996613979 0.0260695796459913 -0.1026090011000633
vn 6.2496969390325203 0.5366236320349066 0.1800770206928957
v 0.0310474000871181 0.0268328692764044 -0.1023179963231087
vn 6.2370115806853583 0.6440060054533928 0.2336662680012769
v 0.0309328995645046 0.0278514008969069 -0.1017339974641800
vn 6.2651680288872011 0.3714756825373215 0.1205370553709630
v 0.0312184598296881 0.0245948992669582 -0.1029959991574287
vn 6.2656874268593885 0.3306213440001272 0.0871111921617077
v 0.0312999412417412 0.0233327709138393 -0.1032679975032806
vn 6.2536616894099755 0.0405525459266135 0.6060442674916867
v 0.0313123390078545 0.0171652995049953 -0.1003340035676956
vn 6.2360770375651713 0.2023763593683720 0.6574016519676005
v 0.0312893912196159 0.0195479895919561 -0.1003940030932426
vn 6.2536784816666433 0.0405766930054116 0.6058151648802164
v 0.0313282012939453 0.0171724501997232 -0.1004979982972145
vn 6.2710938142679122 0.2015676217394610 0.0550436483253350
v 0.0314444787800312 0.0200028996914625 -0.1035619005560875
vn 6.2656173216844246 0.0667580648004630 0.3915539138886372
v 0.0314353704452515 0.0172207895666361 -0.1016089990735054
vn 6.1306278424076188 0.1911072452366057 1.3214643179865555
v 0.0306449495255947 0.0218994598835707 -0.0968917608261108
vn 6.1273338483569209 0.1745836613530120 1.3412524833460935
v 0.0305406991392374 0.0232391897588968 -0.0966043993830681
vn 6.2310682909711579 0.2498600007667158 0.6846872440829864
v 0.0311508700251579 0.0224944893270731 -0.1001079976558685
vn 6.2228750617480806 0.3076590999806291 0.7369068659577845
v 0.0309451799839735 0.0253030005842447 -0.0994307920336723
vn 6.2177108722925265 0.3304323954599343 0.7638765410758452
v 0.0308216791599989 0.0264472905546427 -0.0988861918449402
vn 6.1269698877008860 -0.0494370012312226 1.3504741364746662
v 0.0301464702934027 0.0263515692204237 -0.0950255915522575
vn 6.2113494503221247 0.3481332797703349 0.7956736043767831
v 0.0306853000074625 0.0273875501006842 -0.0981990620493889
vn 6.2007442364296441 -0.1351556798346708 0.9121248165367168
v 0.0288506709039211 0.0306991897523403 -0.0864211916923523
vn 6.1350554889968008 -0.9318397607756918 0.9189268661792002
v 0.0286070704460144 0.0299249794334173 -0.0852519795298576
vn 6.2019986359023447 0.0353354011849810 0.9276723561432079
v 0.0292584802955389 0.0306365396827459 -0.0892037674784660
vn 6.1715316771971969 -0.4310093417681857 1.0609622649917809
v 0.0294179897755384 0.0296363793313503 -0.0904862806200981
vn 6.1291709919940383 -0.4009528475324439 1.2948634214775141
v 0.0298250894993544 0.0275998692959547 -0.0933851003646851
vn 6.1234320226704115 -0.4997121838037594 1.3078400751796933
v 0.0296498499810696 0.0280574504286051 -0.0924255773425102
vn 5.9643110210707242 -0.7390624253681431 1.8170653058762585
v 0.0291133504360914 0.0258028507232666 -0.0912833809852600
vn 5.8673310759012871 -1.3863841712336304 1.7650399947543594
v 0.0283775907009840 0.0256190802901983 -0.0890752598643303
vn 5.7549425593486090 -1.1525498825220417 2.2332058364142453
v 0.0279313903301954 0.0244881492108107 -0.0884615704417229
vn 5.9663197060577708 0.0657651896129865 1.9464709593369640
v 0.0297068897634745 0.0223816595971584 -0.0935067534446716
vn 5.9700143528780183 -0.0489205164687688 1.9379104574569950
v 0.0295764803886414 0.0234864894300699 -0.0931196808815002
vn 6.1270089996106591 0.1260320625335632 1.3495791998050979
v 0.0304219704121351 0.0244616791605949 -0.0962065979838371
vn 6.1272790298220894 0.0505252344423785 1.3524399164429821
v 0.0302904807031155 0.0255009494721889 -0.0956797525286674
vn 6.1263680948988863 -0.1725352529426381 1.3371528703792395
v 0.0299909692257643 0.0270406603813171 -0.0942561626434326
vn 6.2048075933752429 0.3509359160891089 0.8282329741703554
v 0.0305368900299072 0.0281535908579826 -0.0973832011222839
vn 4.4518816759792363 -4.3380944528751133 -0.8971705328208565
v 0.0244565606117249 0.0239413902163506 -0.0713092014193535
vn 3.9327654760771047 -4.6107185736092289 -1.6481341681645367
v 0.0234005991369486 0.0222377702593803 -0.0687378570437431
vn 3.8871025277006637 -4.7742363477407999 -1.2372386879419328
v 0.0229305606335402 0.0222803894430399 -0.0701381489634514
vn 4.0865494503610629 -4.7161401575186304 -0.7166890364922734
v 0.0232933703809977 0.0229696594178677 -0.0720676705241203
vn 4.3886667493193805 -4.4616735872372670 -0.5370871054599310
v 0.0240842700004578 0.0237894598394632 -0.0727146789431572
vn 4.1697600812793656 -4.5741398155747701 -1.0645793068388008
v 0.0237212702631950 0.0230995994061232 -0.0707079693675041
vn 4.2740069147174342 -4.5966747087647013 -0.2494058932473761
v 0.0236905794590712 0.0235166493803263 -0.0740277692675591
vn 3.8827402682374377 -4.9165421671683376 -0.4473351067253027
v 0.0219663903117180 0.0219363495707512 -0.0726765915751457
vn 3.4883549642144827 -5.1876085466508082 -0.6068699544636889
v 0.0200895592570305 0.0204496905207634 -0.0714690014719963
vn 3.4527462585174158 -5.1377630702106387 -1.0576350374549504
v 0.0206502601504326 0.0206533595919609 -0.0703249499201775
vn 3.2068897630814490 -5.2777542716277184 -1.1371106399267679
v 0.0196988508105278 0.0199356600642204 -0.0698090717196465
vn 3.1656238793159761 -5.1640427211761022 -1.6473128793775282
v 0.0202929899096489 0.0199871603399515 -0.0686078593134880
vn 2.1899155619244319 -4.7050588720405813 -3.5351810022152224
v 0.0185953900218010 0.0162340905517340 -0.0632221102714539
vn 2.6046068088009995 -4.9410734066794104 -2.8699725431319809
v 0.0197241902351379 0.0181233808398247 -0.0652101635932922
vn 2.8732385120123740 -5.0855176721073860 -2.2997775114932946
v 0.0199812594801188 0.0191483404487371 -0.0669052600860596
vn 2.8450566910415489 -4.8683834140692195 -2.7627124352377859
v 0.0206343494355679 0.0188386999070644 -0.0655722022056580
vn 3.1013854613781984 -5.0097112688621230 -2.1678289738701881
v 0.0208950601518154 0.0198729000985622 -0.0673238635063171
vn 3.3850440951212639 -5.0615433961693057 -1.5279655407446127
v 0.0212099496275187 0.0207221508026123 -0.0690883919596672
vn 3.6217513993138626 -5.0413184591436480 -0.9553684582530727
v 0.0215700808912516 0.0213993694633245 -0.0708730816841125
vn 4.4779386327711883 -4.4009964913764028 0.1813578320661174
v 0.0241130497306585 0.0239467602223158 -0.0760150477290154
vn 5.7330431106853661 -2.3214077411365652 1.0971343845800379
v 0.0277433898299932 0.0275839492678642 -0.0842810794711113
vn 5.6761991652619486 -2.2895721955850021 1.4090813182403945
v 0.0275824591517448 0.0266649704426527 -0.0853065773844719
vn 5.5317444643818163 -2.7701637582653045 1.0875739933113242
v 0.0271577797830105 0.0267861392349005 -0.0831443592905998
vn 5.6242189283292507 -1.8557712762139560 2.0958107716546688
v 0.0270469691604376 0.0242212992161512 -0.0864039584994316
vn 5.4976957805980149 -2.3553107653123559 1.9092671295126078
v 0.0266423802822828 0.0248042903840542 -0.0847848579287529
vn 5.4994589238985014 -2.9813528427194287 0.5648114557283934
v 0.0268959905952215 0.0272639896720648 -0.0795285701751709
vn 5.3350652043358284 -3.1328347185542720 1.0814933408587719
v 0.0265001002699137 0.0259868502616882 -0.0820441767573357
vn 5.1439840209030834 -3.4385623461546082 1.0729794066792999
v 0.0257781706750393 0.0251861792057753 -0.0809893608093262
vn 5.1827914742757537 -3.1843924215608026 1.5477751673322309
v 0.0254417601972818 0.0243339501321316 -0.0818591117858887
vn 5.2083687047819573 -2.9633333088519436 1.8873174545586986
v 0.0250514708459377 0.0232987906783819 -0.0824582502245903
vn 5.5118079489482339 -2.6295126990519559 1.4618200607581064
v 0.0269317608326674 0.0258920695632696 -0.0841102004051208
vn 5.3474020129237072 -2.9236538650279367 1.5072952574341754
v 0.0262163802981377 0.0251137595623732 -0.0829607769846916
vn 5.3269701788457624 -2.7002481412383639 1.9434438959951632
v 0.0258747898042202 0.0240518990904093 -0.0835973024368286
vn 5.3972492456243693 -2.2964882769087822 2.2483574028133839
v 0.0260843001306057 0.0238146707415581 -0.0843970701098442
vn 5.2359722852215338 -3.4404164370266459 0.4581312221293680
v 0.0263000708073378 0.0264233890920877 -0.0785953924059868
vn 5.1077343975608835 -3.6532903981929130 0.1553433936528588
v 0.0258852802217007 0.0260151606053114 -0.0763317868113518
vn 4.9819429166815894 -3.8102130228551099 0.3569807703390212
v 0.0256322603672743 0.0255895797163248 -0.0776945874094963
vn 5.1507616563906433 -3.5256294739503899 0.7064860192994489
v 0.0260638501495123 0.0258734803646803 -0.0798850581049919
vn 4.9346824429917806 -3.8310844942419968 0.6518186271150027
v 0.0253366790711880 0.0250572506338358 -0.0789280533790588
vn 4.9567561108935472 -3.7045911039312522 1.0629618443757662
v 0.0249977707862854 0.0243879500776529 -0.0799803733825684
vn 5.0188084111456455 -3.4177660185999321 1.5843902334629083
v 0.0246127806603909 0.0235573593527079 -0.0808044001460075
vn 5.7521800368154876 -0.0396789285177333 2.5127778997311991
v 0.0285744592547417 0.0214235708117485 -0.0905478000640869
vn 5.5106285449826720 -0.3705293270257717 2.9864734542227365
v 0.0270168706774712 0.0212719999253750 -0.0874081775546074
vn 5.7619455463834468 -0.2129211287894881 2.4835777645826562
v 0.0284309908747673 0.0224163495004177 -0.0901758596301079
vn 5.5301531155940236 -0.6783398551989736 2.8955984598033151
v 0.0268494393676519 0.0220218803733587 -0.0869658514857292
vn 5.7727811483046310 -0.4555126321510614 2.4261028666477338
v 0.0282753705978394 0.0232563596218824 -0.0897017717361450
vn 5.7194753614454994 -1.5569224267811930 2.0772075873657778
v 0.0277450606226921 0.0249264799058437 -0.0877155587077141
vn 5.9160267139783862 -1.4097063959799314 1.5704046290264710
v 0.0285621806979179 0.0270179491490126 -0.0886290594935417
vn 5.9436101785509230 -1.8789507154281473 0.7462722622679554
v 0.0278466902673244 0.0289427600800991 -0.0814919993281364
vn 5.7375117390647556 -2.4672580141156795 0.6582705830413078
v 0.0274122897535563 0.0281086508184671 -0.0804892703890800
vn 5.6630742876282731 -2.6780697983253319 0.4452910880718299
v 0.0270038805902004 0.0277356505393982 -0.0780289694666862
vn 5.8941835739523540 -2.0822302422725394 0.5826773920787187
v 0.0274407807737589 0.0285934805870056 -0.0789297819137573
vn 5.8422091341080797 -2.2709142992320204 0.3721675818421280
v 0.0270528700202703 0.0281115695834160 -0.0764283463358879
vn 5.3693209993320030 -3.2049727296894179 -0.5911419253231902
v 0.0259293895214796 0.0257530808448792 -0.0709900781512260
vn 5.7399509204695738 -2.5518862049582705 0.0535208182843616
v 0.0266919694840908 0.0274779703468084 -0.0739907026290894
vn 5.1568227672821427 -3.2770720997715950 -1.4546210433300861
v 0.0254302602261305 0.0235514007508755 -0.0665545985102654
vn 5.4889689517775011 0.1131989206247168 3.0421611872973218
v 0.0275574903935194 0.0173761807382107 -0.0884172916412354
vn 5.4951744398494009 -0.1397465023888521 3.0332821469924363
v 0.0271725598722696 0.0203846599906683 -0.0877602100372314
vn 5.2204020740523607 -0.4754245554989723 3.4565025546970731
v 0.0253631398081779 0.0200810991227627 -0.0848339721560478
vn 5.2696480138185011 -1.3134546295151357 3.1522857605174481
v 0.0250004492700100 0.0212906002998352 -0.0839407965540886
vn 5.5391504546065047 -1.0430183812939982 2.7674035542357167
v 0.0266713500022888 0.0226312801241875 -0.0864349603652954
vn 5.5093166769729978 -1.5100282130490839 2.6085932861130536
v 0.0264837704598904 0.0231191497296095 -0.0858238935470581
vn 5.2261359508223268 -2.1870520277354797 2.7091864248880917
v 0.0246020499616861 0.0220694504678249 -0.0827657505869865
vn 4.6566413705965850 -3.9142725528700719 1.5558008529431118
v 0.0228111706674099 0.0220266506075859 -0.0788374468684196
vn 4.4256391043024461 -4.3277275985774271 1.0353977930045712
v 0.0223588906228542 0.0220475699752569 -0.0772236511111259
vn 4.2565943006150704 -4.4945260710733530 1.0288076336266210
v 0.0213961601257324 0.0212955400347710 -0.0763950869441032
vn 4.3321076818075124 -4.3120381002427770 1.4511282814520579
v 0.0208462402224541 0.0205468498170376 -0.0770615935325623
vn 4.8413818709214800 -0.2139407660209349 3.9926783752011805
v 0.0238226596266031 0.0173982903361320 -0.0830071493983269
vn 5.1789548096641820 0.0781855404328515 3.5464186075014039
v 0.0259444694966078 0.0165966693311930 -0.0857923030853271
vn 4.8952967804498639 -0.6337533849129405 3.8806000306452146
v 0.0234957896173000 0.0188722591847181 -0.0824642702937126
vn 5.1844403613728787 -0.1153519497466218 3.5396595138878935
v 0.0256804805248976 0.0184180699288845 -0.0854216814041138
vn 5.2530945801040065 -0.8915292039778664 3.3227364541639162
v 0.0251868907362223 0.0207479503005743 -0.0844262763857841
vn 4.9667268293397120 -2.0581365639307183 3.2447247870209521
v 0.0229261498898268 0.0203346591442823 -0.0811511799693108
vn 5.2616436818166585 -1.7566320600432233 2.9432407902855422
v 0.0248051807284355 0.0217248704284430 -0.0833846926689148
vn 5.0175461636264682 0.0402977502069398 3.7740193501564523
v 0.0251650791615248 0.0146017596125603 -0.0846785902976990
vn 5.1397388019736194 -0.0158834339834427 3.6139114486521451
v 0.0261407401412725 0.0149782802909613 -0.0860647484660149
vn 5.2540696959707027 0.0420472421863190 3.4368231941258607
v 0.0263266507536173 0.0150499902665615 -0.0863287970423698
vn 5.3512306083753574 0.0731332810465057 3.2912050991063353
v 0.0272731706500053 0.0154291903600097 -0.0878790020942688
vn 5.4872748265879672 0.0039585047048897 3.0490476006879805
v 0.0273154899477959 0.0194039903581142 -0.0880348011851311
vn 5.7505143769270912 0.0709959406033251 2.5138858680849192
v 0.0287046991288662 0.0203289892524481 -0.0908324718475342
vn 3.9488709699517877 -4.7647669370952199 1.0451308558539802
v 0.0193694792687893 0.0198497697710991 -0.0748704597353935
vn 5.5665037941241629 0.0002814411111015 2.9136869704149957
v 0.0277197901159525 0.0156121803447604 -0.0886941477656364
vn 5.6462697024598114 0.0520511156034802 2.7446754501358144
v 0.0283729992806911 0.0158824902027845 -0.0899420902132988
vn 5.7629737457274413 0.1454165800970889 2.4806918254730466
v 0.0289185605943203 0.0180827900767326 -0.0912141725420952
vn 5.9770909459236057 0.1673278971710080 1.9040132874833486
v 0.0300073008984327 0.0186928492039442 -0.0941615700721741
vn 5.7770309668328599 -0.7493400071264406 2.3417265847141131
v 0.0281084701418877 0.0239397808909416 -0.0891271829605103
vn 5.9748342936520862 -0.2150583619484885 1.9124504395365591
v 0.0294336602091789 0.0244231801480055 -0.0926175117492676
vn 5.9767467695334577 -0.4210371107883846 1.8710999419511212
v 0.0292789898812771 0.0251872502267361 -0.0920017883181572
vn 5.9459558894996194 -1.0470915184812291 1.7332436635404220
v 0.0289378706365824 0.0262984596192837 -0.0904744789004326
vn 6.0285017081095624 -1.0464248830956195 1.4221938944336585
v 0.0290537402033806 0.0277350507676601 -0.0899856612086296
vn 6.0696560581826411 -0.7940690070230810 1.4000791880121866
v 0.0294202491641045 0.0269627496600151 -0.0919072628021240
vn 6.1800793090718118 -0.1964024198438920 1.0902307428605342
v 0.0297983791679144 0.0290855690836906 -0.0928430482745171
vn 6.0933863353284394 -0.9629585517668700 1.1810606293344219
v 0.0290804505348206 0.0289303008466959 -0.0891205593943596
vn 6.0517754114519491 -1.3057947678870481 1.0551768586365518
v 0.0286756698042154 0.0291538797318935 -0.0866618677973747
vn 6.1566473382049445 -0.6866223374460843 0.9997465776045784
v 0.0290178004652262 0.0299007799476385 -0.0879275724291801
vn 5.9959543937859978 -1.6328437351507528 0.8974531406831403
v 0.0282613597810268 0.0291431508958340 -0.0840922519564629
vn 6.1095690825327411 -1.1658772781163902 0.8141751542584399
v 0.0281950794160366 0.0297554694116116 -0.0825442597270012
vn 6.0360955279295734 -1.6438141625027567 0.5399971859194623
v 0.0274034701287746 0.0289777498692274 -0.0772764012217522
vn 1.5179697983537730 -4.7284159033665905 -3.8424117592452025
v 0.0146561795845628 0.0139379501342773 -0.0622338615357876
vn 2.2933422440495859 -5.2273988014704429 -2.6102740337311090
v 0.0170802399516106 0.0171793606132269 -0.0657984018325806
vn 1.7188903952330290 -5.0231239083496391 -3.3500291641578235
v 0.0148255797103047 0.0150931403040886 -0.0637173578143120
vn 1.9748875004559057 -5.2859106288938147 -2.7480286074770905
v 0.0150544000789523 0.0160405598580837 -0.0651754736900330
vn 2.5960388554481848 -5.3785945652072344 -1.9314303105236852
v 0.0173766594380140 0.0179717503488064 -0.0673344731330872
vn 2.2720024972426822 -5.4773255830808143 -2.0561842032981823
v 0.0153345400467515 0.0167930703610182 -0.0666162893176079
vn 2.5645868445610462 -5.5643059835579392 -1.3737232547777265
v 0.0156580805778503 0.0173689704388380 -0.0680454894900322
vn 3.1458377277154419 -5.3902410750387251 -0.7075214514812525
v 0.0180971007794142 0.0190699603408575 -0.0703990980982780
vn 3.3800895186664563 -5.2901687112741502 -0.1970585865659756
v 0.0185040794312954 0.0194468405097723 -0.0719186589121819
vn 1.1934959694394225 -5.0544869453786969 -3.5261124799505303
v 0.0106839500367641 0.0133171603083611 -0.0628598928451538
vn 1.4129231933241546 -5.3713134990087905 -2.9220364155258576
v 0.0108717596158385 0.0141843501478434 -0.0641796514391899
vn 1.1506695962484024 -5.4059027387235030 -2.9725161766652226
v 0.0087352991104126 0.0134681398048997 -0.0638011023402214
vn 1.3722410360581896 -5.6908635073253047 -2.2602128852782846
v 0.0089300265535712 0.0140911899507046 -0.0650279521942139
vn 1.9225929840392426 -5.7828900966680363 -1.5105048563192069
v 0.0113669596612453 0.0153337698429823 -0.0667228624224663
vn 1.5903218301370370 -5.8716278013252481 -1.5533393857697668
v 0.0091546168550849 0.0145323798060417 -0.0662186667323112
vn 1.7698749025933855 -5.9463829068865550 -0.9765897910599263
v 0.0094034066423774 0.0148393502458930 -0.0673663616180420
vn 0.5775853266601163 -5.4619015299639049 -3.0363950997149680
v 0.0043976898305118 0.0124820396304131 -0.0632838010787964
vn 0.2775886236654240 -5.0898607697984177 -3.6611283753314448
v 0.0021578660234809 0.0114839598536491 -0.0619724914431572
vn 0.3058487056290444 -5.4672037595460496 -3.0651211832564398
v 0.0022021529730409 0.0122366501018405 -0.0631486698985100
vn 0.7249806897418779 -5.0823288338016246 -3.6126512999990257
v 0.0064509510993958 0.0121012898162007 -0.0622768886387348
vn 0.4739860298812210 -5.0937086916187750 -3.6382465765438532
v 0.0043108458630741 0.0117135001346469 -0.0620888397097588
vn 0.6991863245038805 -5.7868652359705148 -2.3239431944410311
v 0.0045033688656986 0.0130403600633144 -0.0644294023513794
vn 1.2253734041006612 -5.9488992313628239 -1.5894964810423815
v 0.0069057340733707 0.0138856703415513 -0.0658201500773430
vn 1.3659516472746234 -6.0441786572502041 -1.0218345214569897
v 0.0071007600054145 0.0141553804278374 -0.0669088885188103
vn 0.9610667201114057 -5.0682581300145042 -3.5768797291798977
v 0.0085758557543159 0.0126394601538777 -0.0625340864062309
vn 0.6065613424679257 -4.7231543341395872 -4.0927162316817194
v 0.0063571920618415 0.0110791902989149 -0.0609997510910034
vn 0.8760557306199215 -5.4372987294729542 -3.0089352288894395
v 0.0065765380859375 0.0128960004076362 -0.0635021924972534
vn 1.0525114612005315 -5.7447325517703884 -2.2953437953876450
v 0.0067295432090759 0.0134823899716139 -0.0646820589900017
vn 0.0564182123467748 -6.2722719527975990 -0.1047294150911026
v 0.0000000000000000 0.0134168798103929 -0.0681200623512268
vn 0.0720083131721764 -6.2525035619389584 -0.5480814038805770
v 0.0000000000000000 0.0133410599082708 -0.0672509595751762
vn 0.0712314168749126 -6.1991779841916390 -0.9667708875280505
v 0.0000000000000000 0.0132779404520988 -0.0665279030799866
vn 2.5280650035968888 -5.6596768841694374 0.9909036665288675
v 0.0114562502130866 0.0156646892428398 -0.0708743929862976
vn 1.9306546443618684 -5.9584779901916507 -0.4572392967437022
v 0.0096710324287415 0.0150553500279784 -0.0684624910354614
vn 0.8183950223629148 -6.0098342754274308 -1.6210459126690151
v 0.0046247830614448 0.0134145598858595 -0.0655291005969048
vn 0.0397301857310981 -5.9744103541975857 -1.9060137962622650
v 0.0000000000000000 0.0128855695948005 -0.0648136734962463
vn 0.3541693180702289 -5.8110005877489179 -2.3415707237060279
v 0.0022560351062566 0.0127777401357889 -0.0642732903361320
vn 0.0709235740514906 -5.7950928786727962 -2.4160801405602443
v 0.0000000000000000 0.0126489903777838 -0.0642365813255310
vn 3.6168997483174410 -4.9293636177091731 1.4461816486198333
v 0.0165230594575405 0.0178325697779655 -0.0740692019462585
vn 3.5936240602625364 -4.6596478625083755 2.1941773740785901
v 0.0155660500749946 0.0171492602676153 -0.0739509984850883
vn 3.7766266571342544 -4.7407633657012198 1.6367260302754372
v 0.0176470801234245 0.0184735003858805 -0.0747480913996696
vn 3.3753224754806990 -5.1870757485870156 1.0407102143732068
v 0.0161170903593302 0.0178647004067898 -0.0729057714343071
vn 2.9783583896297143 -5.2727877100839606 1.6508355600284397
v 0.0129978600889444 0.0161010008305311 -0.0723072811961174
vn 1.6693172781629790 -5.6295937415423900 -2.2140177720525664
v 0.0111015997827053 0.0148491803556681 -0.0654658600687981
vn 2.2449705642232134 -5.6809405548070782 -1.4523706124606377
v 0.0135370399802923 0.0162813607603312 -0.0673317909240723
vn 2.4796817297406903 -5.7045568174575063 -0.8703593014988260
v 0.0138681503012776 0.0166765991598368 -0.0686423704028130
vn 2.6942532596798054 -5.6630822988433440 -0.3391774125639276
v 0.0142246400937438 0.0169751606881618 -0.0699196979403496
vn 2.1339530697561204 -5.8336336602674361 -0.9284628544986409
v 0.0116612901911139 0.0156836491078138 -0.0679447576403618
vn 2.3253693640383246 -5.8202231851112227 -0.4000009693260885
v 0.0119780795648694 0.0159398894757032 -0.0691234990954399
vn 2.5652371011064918 -5.7246104917120890 0.2488895970663957
v 0.0123108001425862 0.0161021891981363 -0.0702526494860649
vn 2.8038117816806780 -5.5306902244155687 0.9642333109326384
v 0.0126528702676296 0.0161595903337002 -0.0713189765810966
vn 2.7390248721445483 -5.4067014321418885 1.6322204847707629
v 0.0117753697559237 0.0155963804572821 -0.0718129798769951
vn 2.8776161589523079 -5.1245300024737155 2.2139625511394287
v 0.0119340997189283 0.0155177703127265 -0.0722488686442375
vn 3.2253772438398625 -4.6663302848026866 2.6945324220653264
v 0.0133391600102186 0.0159152708947659 -0.0732023715972900
vn 3.1265097492544944 -4.9720136096802090 2.2245620376552200
v 0.0131693398579955 0.0160246398299932 -0.0727673694491386
vn 3.2044420060457601 -5.1351306191988595 1.6615694118687991
v 0.0141973402351141 0.0166435800492764 -0.0728484913706779
vn 2.9724860296835369 -5.4324546618596372 1.0218984741724528
v 0.0138292899355292 0.0166926905512810 -0.0718060731887817
vn 3.2220522175499755 -5.2901500535390609 1.0057298284068534
v 0.0149843599647284 0.0172618608921766 -0.0723350569605827
vn 2.9603654000427575 -5.5278443280752896 0.3074169699707514
v 0.0145992003381252 0.0171748902648687 -0.0711563825607300
vn 3.0419768978950805 -5.4880272236348500 -0.2736963453508517
v 0.0164034906774759 0.0181488897651434 -0.0708499476313591
vn 2.8129262251220171 -5.5586401624633961 -0.7991896522809593
v 0.0160170700401068 0.0178089700639248 -0.0694589018821716
vn 1.9668273307536812 -5.5591139586914071 -2.1479397116879300
v 0.0132387802004814 0.0157507602125406 -0.0659950897097588
vn 1.6852187446644122 -5.3321191250764643 -2.8491411856927455
v 0.0129805803298950 0.0150418803095818 -0.0646376013755798
vn 1.4435452359019989 -5.0402037097290275 -3.4525318440595658
v 0.0127697503194213 0.0141341602429748 -0.0632540509104729
vn 1.2549426311493099 -4.7252539243083316 -3.9399578580870847
v 0.0126138897612691 0.0130129400640726 -0.0618369504809380
vn 3.4595669107486189 -3.3191967232744699 4.0540341174229368
v 0.0138299399986863 0.0153724504634738 -0.0743367597460747
vn 3.3243294474954963 -4.2981760729870064 3.1456073059002381
v 0.0135063501074910 0.0157713796943426 -0.0736101791262627
vn 4.3726165231582677 -4.4759605441179380 0.5395494880850366
v 0.0228317901492119 0.0226636491715908 -0.0763146802783012
vn 4.1488507794654588 -4.6874011632021304 0.4949043679845035
v 0.0219076797366142 0.0218952801078558 -0.0755283832550049
vn 4.1216310914859031 -4.7389747981343353 0.0533054816046339
v 0.0223899409174919 0.0223613902926445 -0.0744947716593742
vn 4.0818402337508912 -4.6486194844433850 1.0555931271750216
v 0.0203986708074808 0.0205621700733900 -0.0756108686327934
vn 4.1342820104802636 -4.4433327667073073 1.6084028485649395
v 0.0198108498007059 0.0198333803564310 -0.0762440487742424
vn 4.2981747275828912 -4.0851599468711965 2.0700047711204834
v 0.0200300794094801 0.0197610799223185 -0.0768916010856628
vn 3.9394377223428831 -4.3986756893973205 2.1394039382427774
v 0.0178561806678772 0.0184028707444668 -0.0753257796168327
vn 4.4509458502516424 -3.6732708162189001 2.4774557226067304
v 0.0202468000352383 0.0196423493325710 -0.0775075480341911
vn 4.0919240435468582 -4.0018291489087678 2.5845848425922906
v 0.0180631801486015 0.0182906892150640 -0.0758744999766350
vn 4.5423448369439887 -3.2778018391909285 2.8392454921409565
v 0.0204600598663092 0.0194746796041727 -0.0780882835388184
vn 4.6408794403576961 -2.3576730098814180 3.5117443789494613
v 0.0208718702197075 0.0189766790717840 -0.0791273117065430
vn 4.6392213432102958 -1.8449090893944697 3.8078253947895613
v 0.0210683904588223 0.0186287704855204 -0.0795762464404106
vn 4.2712969052634895 -2.1361496700701652 4.0758997269976556
v 0.0188495498150587 0.0173642598092556 -0.0777140781283379
vn 4.2294324244521402 -1.5991212140998881 4.3561308351387185
v 0.0190307404845953 0.0169793907552958 -0.0780662819743156
vn 4.1528759209489596 -1.0261922832213759 4.5945181109020545
v 0.0192035995423794 0.0165148898959160 -0.0783669874072075
vn 4.0569336332414760 -0.4843683919768174 4.7677804752893902
v 0.0195163395255804 0.0153684597462416 -0.0788142010569572
vn 4.4237145837139842 -0.0328107334109569 4.4558309214142033
v 0.0220414903014898 0.0149217797443271 -0.0811228677630424
vn 3.8340624267547221 -1.8600622928305244 4.6102786892685668
v 0.0166525803506374 0.0158358793705702 -0.0763835906982422
vn 3.3796195189059484 -1.1006439301697788 5.1790802599162546
v 0.0155613999813795 0.0149126602336764 -0.0758806988596916
vn 3.7817591818253344 -1.2501689477935265 4.8516015955221450
v 0.0168125592172146 0.0154236499220133 -0.0766518712043762
vn 3.5526329451802692 -0.2295217164151847 5.1735202256465973
v 0.0173512604087591 0.0132710896432400 -0.0773131772875786
vn 3.4052980766150465 -2.2037395200102834 4.7923108432171109
v 0.0141334496438503 0.0147967897355556 -0.0749291703104973
vn 3.2747061721371780 -1.5663356480862543 5.1194550607448193
v 0.0142751904204488 0.0144292702898383 -0.0751686617732048
vn 3.1226154399089059 -0.8926062198252651 5.3718857637983684
v 0.0145300598815084 0.0135399596765637 -0.0755304023623466
vn 3.3866965252847185 -0.8400144238165700 5.2218548711717379
v 0.0158343892544508 0.0139659000560641 -0.0762618705630302
vn 3.0379562921583383 -0.3799409766871792 5.4829022183249085
v 0.0147506501525640 0.0125232897698879 -0.0757610723376274
vn 3.0898031070395100 -0.1332856290443726 5.4685951966456630
v 0.0149363800883293 0.0114842597395182 -0.0759076997637749
vn 2.8691757740904555 -0.9962844820091370 5.4987275972312020
v 0.0131905600428581 0.0131405498832464 -0.0748611018061638
vn 2.9383230282796080 -1.3874067165803965 5.3747993961432945
v 0.0130776697769761 0.0135794803500175 -0.0747066736221313
vn 2.7508699853380643 -2.0560351168821862 5.2562978420465853
v 0.0116052599623799 0.0135591598227620 -0.0739281699061394
vn 3.9898900558828214 -0.1133125649251713 4.8476692657840044
v 0.0197862908244133 0.0140797402709723 -0.0791043564677238
vn 3.8969371092612906 -0.0177588201977912 4.9247101062773861
v 0.0195765402168036 0.0127076497301459 -0.0789468809962273
vn 4.1981249365814595 0.0224111974121273 4.6702414616935117
v 0.0210456792265177 0.0131628504022956 -0.0801872014999390
vn 3.1264497775314055 -3.0166354383384961 4.5313158244153851
v 0.0126875601708889 0.0146232796832919 -0.0740279480814934
vn 3.1323079325927492 -3.5655392555379439 4.1094347684663228
v 0.0125446897000074 0.0148763600736856 -0.0737314820289612
vn 2.8537828144755544 -3.7565552690225359 4.1418128403194192
v 0.0112313600257039 0.0144189000129700 -0.0731840729713440
vn 3.0948409274077227 -3.9000531093190318 3.8316510155295909
v 0.0123970499262214 0.0150889698415995 -0.0734033510088921
vn 2.0350704312892631 -5.8628956378870436 0.9530784546172387
v 0.0090063810348511 0.0147986998781562 -0.0701154991984367
vn 2.3431415868810741 -5.7507670876532337 0.9058014212146416
v 0.0102403704077005 0.0152101498097181 -0.0704730674624443
vn 2.4869000488021720 -5.5345800599584951 1.6071562656857801
v 0.0105311796069145 0.0151324803009629 -0.0713664814829826
vn 2.2181737340965269 -5.6568563618837135 1.5750735679403358
v 0.0092663159593940 0.0147118503227830 -0.0709685608744621
vn 2.9659175596176977 -4.9360137870630734 2.5117432585369754
v 0.0120911002159119 0.0154077997431159 -0.0726602599024773
vn 3.4715006092026641 -4.6659910441392354 2.3695254703059838
v 0.0145616503432393 0.0164602901786566 -0.0737955495715141
vn 3.3605451053976219 -4.8166598741569704 2.2253421719139013
v 0.0143804503604770 0.0165694896131754 -0.0733351111412048
vn 3.7092755882212867 -4.3210748807867914 2.6473369081173654
v 0.0157572608441114 0.0170398894697428 -0.0744391009211540
vn 3.3238429218905234 -5.3142654782454768 0.3589413013619617
v 0.0168092790991068 0.0183845702558756 -0.0722103714942932
vn 0.6028574425749610 -6.2057730058593474 0.7120948277113492
v 0.0026149740442634 0.0135198803618550 -0.0690115019679070
vn 0.6980288407268561 -5.9109179672044325 2.0027322303934105
v 0.0027333491016179 0.0133085800334811 -0.0700739026069641
vn 1.4600370189570624 -5.2601344798837602 3.1011430762069456
v 0.0055932989344001 0.0134090697392821 -0.0710588619112968
vn -0.0129456241525321 -6.1006158505421819 1.4862193768878127
v 0.0000000000000000 0.0132534503936768 -0.0696301981806755
vn 0.4278392824194574 -6.0318693217398565 1.4328347583544343
v 0.0013871189439669 0.0130980601534247 -0.0702947899699211
vn 1.6550936803770222 -6.0546417255682927 0.1129124659496733
v 0.0075299730524421 0.0144311701878905 -0.0689061805605888
vn 1.4704687385186657 -6.0370537472997601 0.9128418607000736
v 0.0064892168156803 0.0141206895932555 -0.0695345923304558
vn 1.6233390187401295 -5.8754872980478599 1.4988206373364388
v 0.0066813821904361 0.0140180503949523 -0.0703219696879387
vn 2.0326071788941049 -5.5460016555065499 2.1331552999704253
v 0.0080952038988471 0.0142529597505927 -0.0709970518946648
vn 2.4803462703089738 -4.8198211045893880 3.1691775125062165
v 0.0096489191055298 0.0143758598715067 -0.0720804929733276
vn 2.8292771501646024 -4.2368523970230116 3.6693666486266929
v 0.0110971899703145 0.0146258398890495 -0.0728738903999329
vn 2.5558947275754402 -3.9464058988841599 4.1597046436443721
v 0.0098918667063117 0.0140033904463053 -0.0726959705352783
vn 2.8495951090770726 -3.2119445347130160 4.5793015809258284
v 0.0113613596186042 0.0141745796427131 -0.0734644532203674
vn 2.4872503627770182 -2.4898018834505700 5.2036077433044898
v 0.0102252904325724 0.0131790600717068 -0.0734027028083801
vn 2.5215455241546083 -2.8289682711938333 5.0046896817372382
v 0.0101193701848388 0.0134931802749634 -0.0731980800628662
vn 2.5536557964624946 -3.4079718345792354 4.6119281157773253
v 0.0100078498944640 0.0137670002877712 -0.0729619786143303
vn 2.5297666014717093 -4.4197291280000606 3.6721074855734033
v 0.0097720017656684 0.0142053896561265 -0.0724017024040222
vn 2.1654223000249173 -4.9809909772821905 3.1505194040873663
v 0.0083163380622864 0.0140001699328423 -0.0716819688677788
vn 2.1052846698782233 -5.2957055566709448 2.6375658592713771
v 0.0082066645845771 0.0141401803120971 -0.0713512822985649
vn 2.4148305841815043 -5.1470152114046277 2.6666719382346802
v 0.0095231533050537 0.0145164700224996 -0.0717337727546692
vn 1.7112190003532730 -5.6677574502564676 2.0946248783350812
v 0.0067767500877380 0.0139298997819424 -0.0706840679049492
vn 1.2989624458704003 -5.9650383706712411 1.4608898203233913
v 0.0053645959123969 0.0137536497786641 -0.0700749680399895
vn 0.9987879083567995 -6.1731051843893630 -0.5713689620301314
v 0.0049031372182071 0.0138093801215291 -0.0675571486353874
vn 0.5406640572352759 -6.2287342711889497 -0.5907653346523475
v 0.0024595260620117 0.0134944897145033 -0.0673218891024590
vn 0.4875062963796689 -6.1637787136534570 -1.1019918704138834
v 0.0023862121161073 0.0133573999628425 -0.0663688704371452
vn 1.9232528743035202 -0.1998838940973280 5.9750898276187492
v 0.0092447400093079 0.0104215703904629 -0.0735277533531189
vn 2.1176133535372208 -0.0694512576339812 5.9133495677062022
v 0.0104766404256225 0.0106033599004149 -0.0739182829856873
vn 1.9817028388829845 -0.6284831215473836 5.9232951562276890
v 0.0091241588816047 0.0113138500601053 -0.0734295770525932
vn 2.5252515673660407 -1.0735652048706628 5.6477337042573330
v 0.0118179898709059 0.0127708902582526 -0.0742555782198906
vn 2.1375145132509239 -1.9102239988195759 5.5866360577502725
v 0.0089039802551270 0.0125041604042053 -0.0731073617935181
vn 2.6346676218920226 -1.5935315950895710 5.4730074675177018
v 0.0117156496271491 0.0131841795518994 -0.0741083621978760
vn 2.8130365262468944 -2.6314378498467041 4.9569911821305839
v 0.0114863496273756 0.0138891898095608 -0.0737131834030151
vn 0.3598562236192526 -6.0766753029373017 1.5495247418361524
v 0.0013479590415955 0.0133085800334811 -0.0696570798754692
vn 0.3971721041405114 -5.9452439462972695 1.9828526871887355
v 0.0013676279922947 0.0132147604599595 -0.0699864625930786
vn 1.0616254221118862 -5.7659490977502426 2.2527137295622981
v 0.0041505689732730 0.0133414799347520 -0.0705398917198181
vn 0.6785134504143525 -5.7244493707481396 2.4893459976776837
v 0.0027720918878913 0.0131922904402018 -0.0703862905502319
vn 0.6800024174588305 -5.4441092236971320 3.0510479520854732
v 0.0028101799543947 0.0130524598062038 -0.0706769824028015
vn 1.1379592407722103 -4.7882366846000544 3.9012985054265452
v 0.0042629241943359 0.0130373798310757 -0.0711112022399902
vn 1.5094784445429097 -4.8945229240057007 3.6305414857637817
v 0.0056667318567634 0.0132438503205776 -0.0713414475321770
vn 1.1639612575853624 -4.0760555434499377 4.6299214845012830
v 0.0043691392056644 0.0126319499686360 -0.0715890526771545
vn 1.5320902039608977 -4.4533445214310348 4.1506276321493143
v 0.0057381391525269 0.0130524002015591 -0.0716000720858574
vn 1.1326481531527532 -2.9423120355642576 5.4288219012385941
v 0.0044666519388556 0.0121181597933173 -0.0719681903719902
vn 1.1553110925435985 -3.5233993180987588 5.0651776313247883
v 0.0044192071072757 0.0123890601098537 -0.0717914104461670
vn 0.6925081116994245 -3.6444243248372663 5.0636598814123222
v 0.0029521579854190 0.0122478604316711 -0.0716111585497856
vn 1.1579932663068908 -4.5758554293048412 4.1385423919738820
v 0.0043169260025024 0.0128477802500129 -0.0713621899485588
vn 0.6886026929238842 -4.6829179345190477 4.1231040080677532
v 0.0028836131095886 0.0127003695815802 -0.0711909532546997
vn 0.0619774322135200 -5.4079939265424537 3.1789492594234385
v 0.0000000000000000 0.0129095902666450 -0.0705491900444031
vn 0.6075698172429906 -1.3750885935440598 6.0967310430137154
v 0.0030648699030280 0.0110245896503329 -0.0721517801284790
vn 1.0638953186424733 -1.8133096176674515 5.9170619027306701
v 0.0045505762100220 0.0114917699247599 -0.0722432732582092
vn 1.0206648985193938 -1.3014193678829482 6.0585583586053637
v 0.0045877690427005 0.0111376000568271 -0.0723412036895752
vn 0.9792618127954644 -0.7336496934070370 6.1573755863803532
v 0.0046225190162659 0.0107572600245476 -0.0724127814173698
vn 0.6625900390673171 -2.4794303156120643 5.7295398736528940
v 0.0030131929088384 0.0116899004206061 -0.0719327926635742
vn 1.0996659250684584 -2.3659146757220952 5.7109987989961928
v 0.0045104022137821 0.0118188802152872 -0.0721188709139824
vn 0.0284803825337629 -2.4143697723369142 5.7899958246376197
v 0.0000000000000000 0.0115725900977850 -0.0717775821685791
vn 0.9114015143598628 -0.2205378502930113 6.2106776714723706
v 0.0045856228098273 0.0099139213562012 -0.0724605917930603
vn 1.2917492575840328 -0.7933466231387795 6.0888352556324135
v 0.0061432118527591 0.0109033500775695 -0.0726784989237785
vn 0.9732932154884065 -6.0340525596501511 1.4297207293703311
v 0.0040343399159610 0.0135489702224731 -0.0698804780840874
vn 1.0300175683992709 -5.8541471501014399 2.0263309643261342
v 0.0040928120724857 0.0134570496156812 -0.0702208802103996
vn 1.7749909528307100 -5.4313552755301027 2.6042085634152752
v 0.0068710441701114 0.0138161703944206 -0.0710240602493286
vn 1.4259394572611068 -5.5488109412533015 2.5706450955443372
v 0.0055181980133057 0.0135487895458937 -0.0707531496882439
vn 1.8947238307311296 -4.3015169205337287 4.1612070807980128
v 0.0071428408846259 0.0133155500516295 -0.0719025731086731
vn 1.5372708472315655 -3.9431155285369934 4.6361453054950861
v 0.0058071608655155 0.0128331696614623 -0.0718337818980217
vn 1.5232761560746160 -3.3813430792938859 5.0647049345795976
v 0.0058734412305057 0.0125850997865200 -0.0720419809222221
vn 1.8769793012079585 -3.2121555302051097 5.0561965592042828
v 0.0073102111928165 0.0128366900607944 -0.0723609924316406
vn 1.4917587488429411 -2.7979324029243600 5.4185230837846445
v 0.0059362640604377 0.0123067395761609 -0.0722234770655632
vn 1.4477435901803939 -2.2301323044677810 5.6882443926186754
v 0.0059942598454654 0.0119978701695800 -0.0723778009414673
vn 1.7812596429794452 -2.0712210851561230 5.6539261805107159
v 0.0074598779901862 0.0122273499146104 -0.0727077722549438
vn 1.7121519764093518 -1.4562898154626980 5.8604433668402987
v 0.0075261588208377 0.0118749700486660 -0.0728384777903557
vn 1.3782384841961175 -1.5913992981765155 5.9121813674659442
v 0.0060476060025394 0.0116598000749946 -0.0725048705935478
vn 1.7297145235143931 -0.1767542058392315 6.0360177175851870
v 0.0085489153862000 0.0103188697248697 -0.0733072683215141
vn 0.6967327793200085 -4.1862509245437955 4.6250724363225793
v 0.0029186010360718 0.0124869896098971 -0.0714130923151970
vn 0.0628918703265888 -4.4881116738727052 4.3789507449826104
v 0.0000000000000000 0.0124627901241183 -0.0711717009544373
vn 0.6796841781837156 -3.0618029403803591 5.4379106386967502
v 0.0029839270282537 0.0119822602719069 -0.0717845484614372
vn 0.0280301990268497 -3.2960427721195913 5.3374684187146917
v 0.0000000000000000 0.0118571501225233 -0.0716329813003540
vn 2.3343880507651131 -0.1837457402110443 5.8290055490416801
v 0.0121601801365614 0.0109024001285434 -0.0745773911476135
vn 2.4829420177673209 -0.5037169586918749 5.7445391088292403
v 0.0120017500594258 0.0118622696027160 -0.0744618698954582
vn 2.5240624736030206 -0.1149259961433417 5.7499818648648251
v 0.0124788796529174 0.0109589602798223 -0.0747022032737732
vn 3.0219747137149424 -1.8725750036451754 5.1756881649543551
v 0.0129559002816677 0.0139770498499274 -0.0745173618197441
vn 3.0862559597317007 -2.4370236156210510 4.8936398786539508
v 0.0128250699490309 0.0143248997628689 -0.0742906928062439
vn 3.4501323101050505 -2.7729235379510655 4.4523466200786048
v 0.0139845600351691 0.0151094701141119 -0.0746510624885559
vn 3.4331544566607808 -3.8124270668257729 3.6203672394660149
v 0.0136702600866556 0.0155913801863790 -0.0739890933036804
vn 2.7857338314057376 -4.6465441729825443 3.1737713455018377
v 0.0109593803063035 0.0147990500554442 -0.0725354477763176
vn 2.7035503350056391 -4.9906008966696618 2.6869076825135636
v 0.0108185997232795 0.0149405002593994 -0.0721704885363579
vn 2.6141128123722059 -5.2717925211962058 2.1946919182746552
v 0.0106756603345275 0.0150512997061014 -0.0717803835868835
vn 2.3333095013463323 -5.4129537967012382 2.1670783189067855
v 0.0093954196199775 0.0146282901987433 -0.0713627934455872
vn 1.9307617885581732 -5.7712515313745012 1.5384533529798758
v 0.0079824924468994 0.0143389701843262 -0.0706200525164604
vn 1.8253779836022872 -5.9465787092498754 0.8321971676300892
v 0.0077554578892887 0.0144340898841619 -0.0698024034500122
vn 2.1356875902680179 -5.9006112899250880 0.1846116327776231
v 0.0099518289789557 0.0151816597208381 -0.0695012807846069
vn 1.4903232736907150 -6.0785052607902657 -0.5159002095089675
v 0.0073102707974613 0.0143362795934081 -0.0679392814636230
vn 0.9144755675203240 -6.1214307813264384 -1.0632883665886599
v 0.0047590727917850 0.0136554799973965 -0.0665748119354248
vn 0.4412285673368647 -6.0488523550488011 -1.6212098720994219
v 0.0023179049603641 0.0131341796368361 -0.0653494521975517
vn 0.5810838070892094 -6.2512418478387044 -0.0431420119167817
v 0.0025362959131598 0.0135498000308871 -0.0682039782404900
vn 1.1159781482805387 -6.1775562238125321 0.0387507057216678
v 0.0050541157834232 0.0138799501582980 -0.0684714913368225
vn 0.8586375576361478 -6.1615526287302806 0.8637736612603428
v 0.0039164419285953 0.0136632900685072 -0.0691375732421875
vn 1.2364590250084617 -6.1064662091328952 0.7552924205176992
v 0.0052089090459049 0.0138627802953124 -0.0693125724792480
vn 1.3723357693790694 -5.7725098808093058 2.0574800705836362
v 0.0054418439976871 0.0136634698137641 -0.0704249665141106
vn 1.8289042892110887 -5.1287958595149545 3.1264181995227998
v 0.0069637889973819 0.0136764002963901 -0.0713410899043083
vn 2.2112664870873311 -4.5925318209359363 3.6655351779190264
v 0.0084236860275269 0.0138318501412868 -0.0719880983233452
vn 1.8704874731108079 -4.7527339031361606 3.6509492877032148
v 0.0070545668713748 0.0135098602622747 -0.0716341733932495
vn 2.2364884634007249 -4.1296372345052035 4.1657272079630738
v 0.0085281720384955 0.0136340800672770 -0.0722683593630791
vn 2.2365949356629162 -3.5995746139841658 4.6309427537087711
v 0.0086292624473572 0.0134045397862792 -0.0725216791033745
vn 1.8974553814570125 -3.7813929284366119 4.6373950702741151
v 0.0072281952016056 0.0130917998030782 -0.0721451565623283
vn 2.2100972855498893 -3.0252532765269406 5.0369397830620715
v 0.0087263584136963 0.0131408497691154 -0.0727467536926270
vn 1.8359515379272453 -2.6281695874964690 5.3979160936315793
v 0.0073879947885871 0.0125486804172397 -0.0725487992167473
vn 2.1604558399647305 -2.4436260684893756 5.3645931011192776
v 0.0088185658678412 0.0128408595919609 -0.0729423686861992
vn 2.0881878113984076 -1.3019326705843337 5.7753842446063075
v 0.0089827766641974 0.0121343703940511 -0.0732426568865776
vn 1.6184546575261731 -0.7404104777668736 6.0189204963474179
v 0.0076449508778751 0.0110897999256849 -0.0730179473757744
vn 4.1003528335733606 -4.7594687719146638 0.0773431514276738
v 0.0200691800564528 -0.0242177806794643 -0.0171249508857727
vn 4.0178922174898730 -4.8186788091787189 -0.0023059587159493
v 0.0201241895556450 -0.0242743398994207 -0.0202001892030239
vn 4.4825021077164893 -4.3881609629633846 -0.0081424501816305
v 0.0224168803542852 -0.0221664905548096 -0.0202155709266663
vn 3.4953787022938565 -5.2083413810971919 0.0437582569134679
v 0.0176335498690605 -0.0261461697518826 -0.0201863609254360
vn 2.1015608791009841 -3.0650563298474971 -5.0642013390788403
v 0.0184722505509853 -0.0033091900404543 -0.0479697510600090
vn 3.4883972328937185 -5.2248970643997890 0.0570976770146378
v 0.0175783596932888 -0.0260750595480204 -0.0171249508857727
vn 2.8952339259633471 -5.5748260471240476 0.0890393228246722
v 0.0157399699091911 -0.0272605996578932 -0.0171249508857727
vn 1.8217343158030173 -4.7273139891530418 -3.7095792771631082
v 0.0166572891175747 0.0150101697072387 -0.0626939535140991
vn 2.4389955207656318 -5.7592758323215492 -0.4056382706263832
v 0.0121049797162414 -0.0290462896227837 -0.0260379891842604
vn 2.4305490344417002 -5.7245391384188560 -0.7659578080197467
v 0.0120110502466559 -0.0288405995815992 -0.0284962598234415
vn 1.5351286973763500 -6.0925543203696071 0.0251306040988314
v 0.0092025389894843 -0.0301112495362759 -0.0171249508857727
vn 0.6264826856329656 -6.2380871398602444 -0.0766824012040800
v 0.0031159520149231 -0.0314193889498711 -0.0238578896969557
vn 0.6265216322240806 -6.2252020801641885 -0.3660319037556645
v 0.0031040899921209 -0.0313505493104458 -0.0260300002992153
vn 1.2459685130529170 -6.1303094853013320 -0.3819368737677475
v 0.0061768288724124 -0.0308848600834608 -0.0260316692292690
vn 1.8467350807687288 -5.9387213740822107 -0.7619861558577963
v 0.0091149210929871 -0.0299030505120754 -0.0285018607974052
vn 1.2426474902134899 -6.0939683129921480 -0.7578444912646739
v 0.0061278338544071 -0.0306704603135586 -0.0285059791058302
vn 2.3713586947904366 -5.5737134704284408 -1.5910848207295989
v 0.0118680000305176 -0.0283665005117655 -0.0311210695654154
vn 2.9374319958528301 -5.3239311196248433 -1.4787650262613306
v 0.0146157704293728 -0.0270358901470900 -0.0310997907072306
vn 3.3550770270465478 -4.8931998977947240 -2.0028388967723401
v 0.0171017590910196 -0.0250719692558050 -0.0323499999940395
vn 3.7101548886364095 -4.4146428309980514 -2.4387353850156095
v 0.0193838402628899 -0.0227717701345682 -0.0335319600999355
vn 3.9964277010902332 -3.9188037500248223 -2.8095548523420169
v 0.0214484892785549 -0.0201586391776800 -0.0346343517303467
vn 3.5359775734620102 -4.2207113274230057 -2.9813966629268176
v 0.0192278008908033 -0.0221765600144863 -0.0346884690225124
vn 0.6289128209858942 -6.1878065404227547 -0.7581029137321390
v 0.0030792949255556 -0.0311338901519775 -0.0285085998475552
vn 1.2320242610153926 -6.0316933689883259 -1.1650955250090875
v 0.0060931439511478 -0.0304684601724148 -0.0298239495605230
vn 1.8004181996433124 -5.7759382313647869 -1.6151373185022213
v 0.0090041747316718 -0.0294157806783915 -0.0311383008956909
vn 1.2110537799489802 -5.9224106122860221 -1.6315980171887297
v 0.0060523147694767 -0.0301734805107117 -0.0311509892344475
vn 2.3046783431104165 -5.4160508458771917 -2.1295300391183929
v 0.0117802601307631 -0.0279729906469584 -0.0324105583131313
vn 2.2019608523425362 -5.1776074789768520 -2.7373839688557062
v 0.0116830402985215 -0.0274503808468580 -0.0336474701762199
vn 3.0578000094533309 -4.4776399599668810 -3.1292938442175040
v 0.0168268606066704 -0.0239638593047857 -0.0347369909286499
vn 3.3289548101343267 -3.9950352935217843 -3.4915098560832165
v 0.0190611407160759 -0.0214463397860527 -0.0357871614396572
vn 3.1063964252647192 -3.7594801284243746 -3.9356958379039590
v 0.0188852492719889 -0.0205773692578077 -0.0368394814431667
vn 3.5710752618898614 -3.5543202014124970 -3.7265477643426044
v 0.0210866890847683 -0.0186305604875088 -0.0367822609841824
vn 0.6115822386958990 -6.1227867274318459 -1.1766843624509755
v 0.0030617709271610 -0.0309295598417521 -0.0298292599618435
vn 0.6023619676470171 -6.0146835211778704 -1.6291848622502738
v 0.0030410280451179 -0.0306311808526516 -0.0311588607728481
vn 1.7473585612008995 -5.6030494599589442 -2.1727685031804072
v 0.0089361071586609 -0.0290117803961039 -0.0324328504502773
vn 2.5664499466298860 -4.6915030844506278 -3.2531213376618098
v 0.0142685696482658 -0.0255045797675848 -0.0347793586552143
vn 2.3824333433872136 -4.3740852938650905 -3.7962780415459143
v 0.0141336899250746 -0.0247153602540493 -0.0358821712434292
vn 2.8573570964957296 -4.2044438495022183 -3.6583672229168442
v 0.0166739802807570 -0.0232027694582939 -0.0358378812670708
vn 2.8867768862246068 -3.5365167863511662 -4.2983895575845512
v 0.0187015496194363 -0.0195660497993231 -0.0378609783947468
vn 3.1365147070320072 -3.2149146085527400 -4.3782367564525284
v 0.0206927005201578 -0.0165554806590080 -0.0388132892549038
vn 1.8309699720285049 -5.8790828189929325 -1.1601555435589435
v 0.0090640177950263 -0.0297050401568413 -0.0298155508935452
vn 2.8420115289735786 -5.1789570465911217 -2.0729487702983187
v 0.0145107498392463 -0.0266552492976189 -0.0323827788233757
vn 2.7240385686450632 -4.9686811578145349 -2.6564466026725166
v 0.0143946995958686 -0.0261492691934109 -0.0336147509515285
vn 3.2279829797729964 -4.7142772853280395 -2.5569101453106837
v 0.0169698502868414 -0.0245850607752800 -0.0335760712623596
vn 3.7929890393254242 -3.7414873906691852 -3.2946837527073214
v 0.0212722998112440 -0.0194612704217434 -0.0357306487858295
vn 0.8190942181064915 -6.2291363827360904 0.0438292340826534
v 0.0031042089685798 -0.0313093587756157 -0.0171249508857727
vn -0.0092884053717411 -6.2730051120724442 -0.1601764665375340
v 0.0000000000000000 -0.0315682813525200 -0.0238563995808363
vn -0.8630146231838640 -6.0877291530352178 -0.1520111804132420
v 0.0000000000000000 -0.0315782986581326 -0.0236002802848816
vn 0.5133433058065838 -6.2561998921705531 0.0430773137465072
v 0.0022861950565130 -0.0314167700707912 -0.0171249508857727
vn -0.0622964087434876 -6.2767545384312395 0.0391478900677710
v 0.0000000000000000 -0.0314999781548977 -0.0171249508857727
vn 1.1742293219473245 -5.7381208675983926 -2.2030251766014355
v 0.0060058231465518 -0.0297617893666029 -0.0324493609368801
vn 1.1170530895465589 -5.4581484844376575 -2.8436978117187550
v 0.0059542651288211 -0.0292158704251051 -0.0336932502686977
vn 1.6653382001251220 -5.3409251758026484 -2.7996192804515436
v 0.0088606467470527 -0.0284757595509291 -0.0336737595498562
vn 2.0650723771740642 -4.8640960749093747 -3.3531898743264446
v 0.0115774795413017 -0.0267852507531643 -0.0348153710365295
vn 2.1899008857603297 -4.0504215547647000 -4.2512782741285378
v 0.0139910504221916 -0.0237777791917324 -0.0369352586567402
vn 2.6448926218651247 -3.9227033950639059 -4.1098419919191098
v 0.0165124498307705 -0.0222977902740240 -0.0368905588984489
vn 2.3971276339183696 -3.6143674954988398 -4.5221784293085356
v 0.0163436494767666 -0.0212453007698059 -0.0379114709794521
vn 0.0450356970439589 -5.4079525983023258 -3.1923541707600700
v 0.0000000000000000 -0.0297966506332159 -0.0337000414729118
vn 0.5563376503913178 -5.5243631313396371 -2.8787373859838947
v 0.0029913180042058 -0.0296628400683403 -0.0337052904069424
vn 1.0411065819569583 -5.0918139848036876 -3.4843861165293988
v 0.0058981771580875 -0.0285219494253397 -0.0348654910922050
vn 0.5165775538976702 -5.1530129409055370 -3.5099135196715894
v 0.0029628269840032 -0.0289615895599127 -0.0348787903785706
vn 2.0894725298845609 -3.2690271508103126 -4.9266450865545277
v 0.0159894805401564 -0.0186712704598904 -0.0399345718324184
vn 1.7119642479224302 -3.3192144031936408 -5.0374697183426846
v 0.0135285798460245 -0.0200260803103447 -0.0399770699441433
vn 1.9742192397663634 -3.6934520511955573 -4.6606251720225140
v 0.0138418599963188 -0.0226881504058838 -0.0379555784165859
vn 1.3442292804081655 -3.3516688481443744 -5.1274878504179329
v 0.0109563395380974 -0.0211461707949638 -0.0400128886103630
vn 0.7682247546834956 -3.8316203238467881 -4.8986741055114260
v 0.0057076811790466 -0.0255018398165703 -0.0380448587238789
vn 0.6559155958373443 -3.3860976264434557 -5.2386207743820146
v 0.0055675501935184 -0.0226568505167961 -0.0400629006326199
vn 0.8647624265319590 -4.2688908480412682 -4.5059586775046094
v 0.0057743778452277 -0.0266686603426933 -0.0370258614420891
vn 0.9538036727349474 -4.6793930085487414 -4.0497621673421191
v 0.0058380360715091 -0.0276742503046989 -0.0359720513224602
vn 0.4787515722009208 -4.7243529759779408 -4.0817058398254815
v 0.0029323101043701 -0.0281049609184265 -0.0359858796000481
vn 0.0357227104006969 -4.4870068689676001 -4.3610228813980969
v 0.0000000000000000 -0.0277363602072001 -0.0365470014512539
vn 0.0367750124500867 -5.1273483397296413 -3.5752773221043821
v 0.0000000000000000 -0.0290427803993225 -0.0349782705307007
vn 0.0449796689361740 -4.8272192032125174 -4.0200210761166577
v 0.0000000000000000 -0.0282198693603277 -0.0359663888812065
vn 1.5607237734658088 -3.7570289379526400 -4.7658476945242159
v 0.0112194996327162 -0.0238842908293009 -0.0379928909242153
vn 1.3009492964484077 -4.2196803603515676 -4.4471993750713121
v 0.0085975518450141 -0.0259721800684929 -0.0370034500956535
vn 1.1597960697425864 -3.8019373225932274 -4.8443402403854927
v 0.0085001578554511 -0.0248245503753424 -0.0380227491259575
vn 0.3737691747073393 -3.8657993584920396 -4.9169057910830238
v 0.0028660891111940 -0.0259106699377298 -0.0380585715174675
vn 0.4133030214262753 -4.2838279290108643 -4.5537884880394799
v 0.0028999440837651 -0.0270891692489386 -0.0370397493243217
vn 1.5810876032777095 -2.9869139002928398 -5.2948003372840864
v 0.0148871503770351 -0.0096430182456970 -0.0455441400408745
vn 1.8493142401435949 -3.0361270123329249 -5.1740014124218323
v 0.0156216602772474 -0.0154276397079229 -0.0420537516474724
vn 1.2643893955859888 -2.9784491726904720 -5.3841419549254743
v 0.0125526702031493 -0.0107036801055074 -0.0455713793635368
vn 1.1669068425378748 -3.0672772693852668 -5.3524325568543212
v 0.0106830000877380 -0.0177031699568033 -0.0421348810195923
vn 0.7141012695826429 -2.9501396539577236 -5.4997549853811858
v 0.0076568122021854 -0.0122450497001410 -0.0456127487123013
vn 0.4663921417455800 -2.9376479949582825 -5.5328981529495174
v 0.0051303501240909 -0.0127261802554131 -0.0456263981759548
vn 0.2145389368957771 -2.9227834983213379 -5.5557817961084330
v 0.0025728340260684 -0.0130144897848368 -0.0456347391009331
vn 0.0417272114380896 -4.1355300353331135 -4.7290118221310848
v 0.0000000000000000 -0.0260288696736097 -0.0380423590540886
vn 0.0226767610432820 -3.8276815954481291 -4.9597581914348519
v 0.0000000000000000 -0.0256644394248724 -0.0383615382015705
vn 0.3320447661076343 -3.3895364146630977 -5.2674146877837389
v 0.0027949209325016 -0.0230377893894911 -0.0400760695338249
vn 0.0240082398151571 -3.5477470915997680 -5.1840490466577744
v 0.0000000000000000 -0.0231609903275967 -0.0400748811662197
vn 0.0206065331988257 -3.3509981087857836 -5.3047357676707652
v 0.0000000000000000 -0.0230214502662420 -0.0401703715324402
vn 1.4949943844037261 -3.0568384260862320 -5.2759037622708886
v 0.0132031999528408 -0.0166751705110073 -0.0420977398753166
vn 0.9939524989118351 -3.3729332443701665 -5.1934533708684265
v 0.0082954159006476 -0.0220248606055975 -0.0400416813790798
vn 0.8587881246798338 -3.0716751811863801 -5.4081351747788711
v 0.0080825090408325 -0.0185073595494032 -0.0421646796166897
vn 0.5647386697209971 -3.0728832695982993 -5.4460858094745284
v 0.0054218168370426 -0.0190843902528286 -0.0421866700053215
vn 0.2697236402954751 -3.0799796739211431 -5.4643372759234143
v 0.0027208919636905 -0.0194314699620008 -0.0422003790736198
vn 0.0309259268869316 -3.1310102956262047 -5.4472853018260103
v 0.0000000000000000 -0.0195308905094862 -0.0421767793595791
vn 0.5949503397272952 -5.8195560826726700 -2.2224745857202151
v 0.0030174849089235 -0.0302147790789604 -0.0324595496058464
vn 1.5561068771804250 -4.9972786337306605 -3.4300170769816760
v 0.0087785720825195 -0.0277940593659878 -0.0348441600799561
vn 1.4302333617887952 -4.6087385113839145 -3.9906050994001165
v 0.0086906552314758 -0.0269608404487371 -0.0359498783946037
vn 1.7421937632371569 -4.1479756162640786 -4.3628593847666890
v 0.0113446703180671 -0.0250059906393290 -0.0369730517268181
vn 1.9063885641576994 -4.5076890194691082 -3.9066455865751264
v 0.0114642903208733 -0.0259717702865601 -0.0359196588397026
vn 2.6563863610551306 -3.3468634550405811 -4.5909479613375446
v 0.0185114704072475 -0.0184089504182339 -0.0388685390353203
vn 2.4767461927346042 -3.1596039983862045 -4.8206541771528890
v 0.0183164402842522 -0.0170898996293545 -0.0398859903216362
vn 2.9212102793435344 -3.0587785025173169 -4.6320548474651542
v 0.0204871799796820 -0.0152918603271246 -0.0398313887417316
vn 0.7808236049287762 -3.4123887814799367 -5.2168359539650400
v 0.0108062000945210 0.0028867120854557 -0.0537852607667446
vn 0.5898982625689779 -3.3809935392807224 -5.2621638000429147
v 0.0086703887209296 0.0022830360103399 -0.0536709986627102
vn 0.2678257560727854 -3.3350892441921980 -5.3174114104503998
v 0.0043513169512153 0.0014904730487615 -0.0535132810473442
vn 0.2877589790232729 -3.1235065799447148 -5.4431464115755901
v 0.0044795270077884 -0.0014098279643804 -0.0517609715461731
vn 0.1592663817632316 -3.1231677574055272 -5.4484879060780269
v 0.0022423260379583 -0.0016155239427462 -0.0517300888895988
vn 0.1583533155649234 -3.7630353600795803 -5.0268983239879468
v 0.0021063080057502 0.0059422249905765 -0.0566321015357971
vn 0.4242765347716983 -3.8043428982454768 -4.9807118812751003
v 0.0063100447878242 0.0064539308659732 -0.0567930899560452
vn 0.4112426954231923 -3.5636870499832369 -5.1572066404313572
v 0.0063868160359561 0.0043129320256412 -0.0552361607551575
vn 0.5871309965247126 -3.8204539475135486 -4.9517496817075770
v 0.0084018697962165 0.0069078798405826 -0.0569284483790398
vn 0.5733585622563140 -3.5847709406931463 -5.1270491514998788
v 0.0085019459947944 0.0047660470008850 -0.0553491711616516
vn 0.7557783472677465 -3.6110778883075212 -5.0847977224195660
v 0.0106044998392463 0.0053534498438239 -0.0554914399981499
vn 0.9778530898935061 -3.8663255300857005 -4.8534939001059927
v 0.0125484401360154 0.0082191219553351 -0.0573054514825344
vn 1.2260503485601226 -3.8922272558614837 -4.7757992357017862
v 0.0145843597128987 0.0090934634208679 -0.0575465485453606
vn 1.1939923321312256 -3.6424025120582337 -4.9764591870988149
v 0.0147325899451971 0.0069657559506595 -0.0558620616793633
vn 1.2757700212569227 -4.1478745318395074 -4.5409047133689207
v 0.0145276701077819 0.0109518701210618 -0.0591578409075737
vn 1.1178986068329499 -4.4150717393118528 -4.3242001157669820
v 0.0125200701877475 0.0116635495796800 -0.0603785514831543
vn 0.2936903385896833 -4.0697279962994006 -4.7753979628045053
v 0.0041928291320801 0.0079453578218818 -0.0581476613879204
vn 0.1897136689572854 -4.3599087393524432 -4.5153470967583011
v 0.0021039240527898 0.0092614293098450 -0.0594415590167046
vn 1.0271722429820385 -4.1257727126323154 -4.6233808455707486
v 0.0124958697706461 0.0100711500272155 -0.0588713809847832
vn 0.7671166368252291 -3.8416095338133207 -4.9106421178514461
v 0.0104839801788330 0.0074937338940799 -0.0570994615554810
vn 0.8142477863024267 -4.1055629628818915 -4.6833837666542477
v 0.0104382596910000 0.0093368291854858 -0.0586271807551384
vn 0.6303232989711958 -4.0892042002474884 -4.7258535231407137
v 0.0083647957071662 0.0087405443191528 -0.0584248900413513
vn 0.4600525793649899 -4.0776544269084445 -4.7554415420923597
v 0.0062823891639709 0.0082758655771613 -0.0582648515701294
vn 0.2694582087138048 -3.7926942431100130 -5.0003246779231771
v 0.0042109480127692 0.0061321849934757 -0.0566936694085598
vn -0.0225573500699103 -2.9601922130418101 -5.5398751939964459
v 0.0000000000000000 -0.0088123669847846 -0.0478864908218384
vn -0.0008429203776051 -3.2223471189020674 -5.3915374147520039
v 0.0000000000000000 -0.0017008780268952 -0.0517461784183979
vn 0.1528553840026773 -3.3054648305533396 -5.3403098148004835
v 0.0021772980690002 0.0012962219770998 -0.0534717999398708
vn 0.0363846963764434 -3.4353867182084397 -5.2576982827835037
v 0.0000000000000000 0.0023037190549076 -0.0541381798684597
vn 1.7146276326043255 -3.0845918254637748 -5.1969227667525724
v 0.0163989607244730 -0.0046181078068912 -0.0479474589228630
vn 1.9352440722414763 -2.9838435479430618 -5.1772563413482464
v 0.0171197596937418 -0.0083887567743659 -0.0455130897462368
vn 1.0954711769460217 -3.0378314085426679 -5.3889161642088812
v 0.0119642000645399 -0.0066866870038211 -0.0479104481637478
vn 0.8395513918689933 -3.0084371630000719 -5.4511589383825481
v 0.0096417656168342 -0.0074530830606818 -0.0478958413004875
vn 0.9777391088211822 -2.9646740590573168 -5.4511331105211616
v 0.0101363603025675 -0.0115708699449897 -0.0455943904817104
vn 6.2768020814571335 -0.2820287536006392 -0.0122143245248079
v 0.0313783809542656 -0.0021951789967716 -0.0171249508857727
vn 6.2773540416319973 0.0390215147828620 -0.0645916450535804
v 0.0314607582986355 0.0003288589941803 -0.0203740503638983
vn 6.1974978950915798 -0.5437421936891471 -0.7939805037607550
v 0.0307235699146986 -0.0022690289188176 -0.0307209398597479
vn 6.2445132431219346 0.0284150610242008 -0.6215602234355236
v 0.0309726502746344 0.0006418299744837 -0.0294406991451979
vn 6.2202923561124930 -0.5528543301643016 -0.5775198634300325
v 0.0309591796249151 -0.0025679459795356 -0.0283669792115688
vn 6.2379674299639589 -0.5523438202788145 -0.3178195129341574
v 0.0312550589442253 -0.0027642839122564 -0.0240621492266655
vn 6.2694466567141784 0.0362349331160723 -0.3412360889634088
v 0.0313515588641167 0.0003540779871400 -0.0240822993218899
vn 6.2687275914874601 0.0675991703195781 -0.1732405401351159
v 0.0314371511340141 0.0003181920037605 -0.0224278494715691
vn 6.2005700678437785 -1.0143707414156105 0.0383931790362959
v 0.0309087000787258 -0.0058411350473762 -0.0171249508857727
vn 6.1207452383173901 -1.3767726431645979 0.0167447073331765
v 0.0307327508926392 -0.0069100260734558 -0.0171249508857727
vn 6.0210792998485978 -1.7582315484180613 -0.0980927167818119
v 0.0302164498716593 -0.0088824033737183 -0.0203098002821207
vn 5.7980082469495224 -2.4199381517968019 0.0481565957090447
v 0.0295822601765394 -0.0107660796493292 -0.0171249508857727
vn 5.9217514474372646 -2.0723875495724542 0.0238209838566955
v 0.0297260805964470 -0.0104215703904629 -0.0171249508857727
vn 6.0395635513532939 -1.7313907685492818 0.0509669543916958
v 0.0301736500114202 -0.0088603487238288 -0.0171249508857727
vn 6.2199520036611107 0.0509074797892392 -0.8468323198908109
v 0.0305536892265081 0.0014055370120332 -0.0329434797167778
vn 6.1630481838592637 -0.5414748625081229 -1.0190925232801946
v 0.0304390694946051 -0.0017092219786718 -0.0330307409167290
vn 6.2264463460813841 0.0348257465864887 -0.7779552777491572
v 0.0306822005659342 0.0011027449509129 -0.0320180617272854
vn 6.1780723144204224 0.0507409096785154 -1.0819358226768134
v 0.0295822601765394 0.0046713938936591 -0.0388900004327297
vn 6.1837083062926537 0.0649605518760404 -1.0579150292677217
v 0.0298901703208685 0.0034319160040468 -0.0371659882366657
vn 6.0697915819933304 -0.5443251151342913 -1.4647814730435536
v 0.0297642908990383 0.0004362559993751 -0.0372723899781704
vn 6.1860899894838548 0.0476583319376042 -1.0415748891408247
v 0.0299860797822475 0.0030459160916507 -0.0366291888058186
vn 6.0867501232542764 -0.2832777019138459 -1.4975967549479765
v 0.0283844992518425 0.0091945519670844 -0.0451183915138245
vn 6.0629996055828768 -0.4710060430188555 -1.5767599909401586
v 0.0277336798608303 0.0118901701644063 -0.0482047684490681
vn 6.1592677561204789 0.1013243856909913 -1.0897681261449295
v 0.0278022792190313 0.0131275597959757 -0.0482218787074089
vn 5.3535515101178284 -1.7019749976182958 -2.7981471576884105
v 0.0281952004879713 -0.0035312171094120 -0.0394808612763882
vn 5.1519900688932836 -2.0018903378659374 -2.9593391458110401
v 0.0277077499777079 -0.0048774480819702 -0.0395210906863213
vn 5.6985258130101801 -1.1871438425607170 -2.3302613090084319
v 0.0285616498440504 0.0014249080559239 -0.0414982996881008
vn 5.5462639494952644 -1.3654690176356314 -2.6023108175753373
v 0.0278009697794914 0.0054107299074531 -0.0452007614076138
vn 5.2910192220543237 -1.6638608692265788 -2.9397805471186125
v 0.0274430494755507 0.0041848421096802 -0.0452275797724724
vn 5.8172203749662481 -2.3465807534636967 -0.0853608790230736
v 0.0291987601667643 -0.0118201896548271 -0.0202890597283840
vn 5.6415815563593430 -2.7455475190660312 0.0226939609977547
v 0.0283176805824041 -0.0137968603521585 -0.0171249508857727
vn 5.7982699128775659 -2.4193231443798182 0.0480373650274831
v 0.0291530396789312 -0.0117947403341532 -0.0171249508857727
vn 5.1581362824469679 -3.3482214731014657 -1.2002056385925126
v 0.0257406793534756 -0.0167152807116508 -0.0309406500309706
vn 5.4645546154689351 -2.8219370641554691 -1.1855101044552543
v 0.0272921901196241 -0.0140570895746350 -0.0309004709124565
vn 5.5254372108673859 -2.8583574722136795 -0.7685650841295750
v 0.0275383498519659 -0.0143964802846313 -0.0284248497337103
vn 5.7830194119831830 -2.3072553785396495 -0.7349784768661919
v 0.0288229491561651 -0.0115806404501200 -0.0284111406654119
vn 6.0995783230279121 -1.1408994542864423 -0.8960472181802276
v 0.0303033497184515 -0.0053331251256168 -0.0307679697871208
vn 5.7260332418825701 -2.2920765534653640 -1.1002285881845033
v 0.0285782795399427 -0.0112559702247381 -0.0308579802513123
vn 5.9415356879526806 -1.7270414400623761 -0.9993137808356007
v 0.0295854806900024 -0.0083384513854980 -0.0308136902749538
vn 5.0853427205800514 -3.6899898322237417 0.0181518013638109
v 0.0244662705808878 -0.0198279600590467 -0.0171249508857727
vn 5.2412739759703157 -3.4456999814072136 -0.0463929329579624
v 0.0263216402381659 -0.0173274800181389 -0.0202501993626356
vn 4.8439886071690115 -3.9856461026479661 0.0298944714399016
v 0.0243829395622015 -0.0199427604675293 -0.0171249508857727
vn 4.6405588779397897 -4.2354437880900351 0.0518798754880127
v 0.0226270500570536 -0.0218521896749735 -0.0171249508857727
vn 4.3657171172224860 -4.5068472872831702 0.0442963286754649
v 0.0219096504151821 -0.0226323008537292 -0.0171249508857727
vn 4.8909972267107964 -3.9174748833456396 -0.2165105132852474
v 0.0244403406977654 -0.0198137704282999 -0.0239425804466009
vn 5.2444118467728984 -3.4029085184375729 -0.4823038905598576
v 0.0261580906808376 -0.0172301493585110 -0.0260760691016912
vn 5.2522731787522403 -3.4169290687906200 -0.2356684127729180
v 0.0262602493166924 -0.0172946993261576 -0.0239602904766798
vn 5.5529018017435519 -2.8728960519649078 -0.4854087809745151
v 0.0277145504951477 -0.0145475799217820 -0.0260844808071852
vn 5.8171795222489839 -2.3272303015614595 -0.2645099533707066
v 0.0291130505502224 -0.0117872897535563 -0.0239987894892693
vn 4.4766670511620887 -4.3641698792936872 -0.4643417311554846
v 0.0222926698625088 -0.0220752898603678 -0.0260607004165649
vn 4.8547629601917803 -3.8750150582958964 -0.8198696064756518
v 0.0241787992417812 -0.0195817891508341 -0.0284500699490309
vn 4.8847617475591152 -3.9016590248264302 -0.4749693927742824
v 0.0243450906127691 -0.0197476707398891 -0.0260680895298719
vn 5.2150693600873890 -3.3825628287517899 -0.7970059241980123
v 0.0259855892509222 -0.0170722603797913 -0.0284378491342068
vn 5.8115565255574886 -2.3049295457016132 -0.4849445116035667
v 0.0290008708834648 -0.0117263700813055 -0.0260933600366116
vn 5.9902984609461694 -1.7261196205003122 -0.6604499919356254
v 0.0298270508646965 -0.0086516728624701 -0.0283969007432461
vn 6.0162628399660774 -1.7358316200076906 -0.3135214578179052
v 0.0301206707954407 -0.0088530769571662 -0.0240193605422974
vn 4.4811954077253180 -4.3810729708640537 -0.1955577687003407
v 0.0223799906671047 -0.0221426393836737 -0.0239261891692877
vn 4.8800134166841431 -3.9401284945551547 -0.0184697313993607
v 0.0244892798364162 -0.0198430996388197 -0.0202322602272034
vn 5.5619962591618233 -2.8847215052183470 -0.2522091917061654
v 0.0278223697096109 -0.0146102895960212 -0.0239790603518486
vn 5.5562690550419278 -2.9111404670312178 -0.0687209967276178
v 0.0278964005410671 -0.0146442595869303 -0.0202691499143839
vn 4.0264893316026491 -4.8030789623226218 -0.1739864603771939
v 0.0200979690998793 -0.0242576505988836 -0.0239110495895147
vn 4.0238406580156996 -4.7855795921255044 -0.4510486718598401
v 0.0200196504592896 -0.0241891704499722 -0.0260538998991251
vn 4.7921851583440791 -3.8286717705044317 -1.2695899186036699
v 0.0239390693604946 -0.0192051492631435 -0.0309785604476929
vn 5.0879778352173517 -3.2959590024508976 -1.5891467291238324
v 0.0255945902317762 -0.0164160691201687 -0.0321760699152946
vn 5.6343347019592667 -2.2644555816524168 -1.5409575423398869
v 0.0282774493098259 -0.0106239896267653 -0.0332431681454182
vn 5.7439615516330971 -1.6903005122888757 -1.8460877769232353
v 0.0289536695927382 -0.0067547550424933 -0.0353734381496906
vn 5.9645185561167535 -1.1288316350166812 -1.5550452679001099
v 0.0296858493238688 -0.0038189881015569 -0.0352906510233879
vn 2.9788097426363969 -5.5191732018019657 0.0661583764811974
v 0.0149689903482795 -0.0277627706527710 -0.0201742593199015
vn 2.9996808223741778 -5.5042705646489196 -0.1325736360501739
v 0.0149588501080871 -0.0277622900903225 -0.0238856598734856
vn 3.5310108519472747 -5.1788368265181317 -0.1526898720463653
v 0.0176163893193007 -0.0261374693363905 -0.0238975808024406
vn 3.9965108143967023 -4.7463672223621733 -0.8495037237436731
v 0.0198741499334574 -0.0240059401839972 -0.0284718796610832
vn 4.4473564256495646 -4.3311187382576932 -0.8373344470852651
v 0.0221352502703667 -0.0219007693231106 -0.0284614507108927
vn 4.9795412275115840 -3.2479847154795163 -1.9790322718083915
v 0.0254347901791334 -0.0160158798098564 -0.0333707891404629
vn 5.3432456657490066 -2.7739996619252949 -1.7259780805811209
v 0.0269870702177286 -0.0133931599557400 -0.0333086811006069
vn 5.4288738427023215 -2.2095599821356293 -2.2207545575433585
v 0.0279317405074835 -0.0095943212509155 -0.0354533717036247
vn 5.5401932157707092 -2.2263870539617372 -1.9058725342062828
v 0.0281094908714294 -0.0101619902998209 -0.0343702994287014
vn 5.6479317776115847 -1.6934317750377863 -2.1276513578696310
v 0.0287725906819105 -0.0061123957857490 -0.0364196784794331
vn 5.8856737091843909 -1.0784220015068453 -1.8728324299813042
v 0.0293271504342556 -0.0024991030804813 -0.0373598895967007
vn 5.5826275570294950 -1.4417858548420250 -2.4735375545958185
v 0.0286097507923841 -0.0021587610244751 -0.0394400916993618
vn 4.5821687681039176 -2.5145977370762598 -3.4616587667483838
v 0.0260424595326185 -0.0098103880882263 -0.0386148616671562
vn 4.1178714888452204 -2.5015674726902755 -4.0188906801177318
v 0.0254088006913662 -0.0061362981796265 -0.0417437516152859
vn 4.4006649275450576 -2.4868847417944471 -3.7053873119000231
v 0.0258339606225491 -0.0087216487154365 -0.0396353602409363
vn 5.0519709234766985 -2.1471770896110720 -3.0273904569026473
v 0.0273532792925835 -0.0072253341786563 -0.0385389886796474
vn 4.6611270958382951 -2.3892414435016609 -3.4454418007994594
v 0.0265245996415615 -0.0074758520349860 -0.0395984016358852
vn 4.9385507201406194 -2.1031034295544875 -3.2405244417353503
v 0.0271500907838345 -0.0061935181729496 -0.0395602509379387
vn 4.4245955092848339 -2.2998906676899717 -3.8089992810077060
v 0.0261047407984734 -0.0049588680267334 -0.0417054817080498
vn 5.5210257332060015 -1.7476724362748304 -2.4129436026806186
v 0.0285848900675774 -0.0053644771687686 -0.0374441705644131
vn 5.1780636873191801 -2.1616252724847960 -2.7937882846157809
v 0.0275521799921989 -0.0081289997324347 -0.0375252887606621
vn 5.3075236111404971 -2.1839005253356665 -2.5194013315630324
v 0.0277454797178507 -0.0089176893234253 -0.0365010388195515
vn 5.0730149545851937 -2.6748852377922838 -2.5265019579653210
v 0.0266345702111721 -0.0123086497187614 -0.0355294905602932
vn 4.9156818929654520 -2.6193758135297709 -2.8731861131953496
v 0.0264442507177591 -0.0115953600034118 -0.0365784689784050
vn 4.6740993533638004 -3.0847133603546304 -2.8103614357484656
v 0.0250796601176262 -0.0148729598149657 -0.0356013700366020
vn 4.8417773458017450 -3.1729211578291654 -2.3971063200217015
v 0.0252625904977322 -0.0155032798647881 -0.0345110781490803
vn 4.1660295381160672 -4.0700253158968058 -2.3022146707041524
v 0.0216136500239372 -0.0207265596836805 -0.0334827788174152
vn 4.2922855506986268 -4.1838040229487659 -1.8219877250467227
v 0.0217663608491421 -0.0211706701666117 -0.0322708413004875
vn 3.8400142165598181 -4.5607865273104444 -1.9190201409880281
v 0.0195279698818922 -0.0232378803193569 -0.0323125682771206
vn 3.9321889494384550 -4.6697712703990231 -1.3852500235454186
v 0.0196585599333048 -0.0235874000936747 -0.0310456696897745
vn 3.4447304444246694 -5.0251637201521708 -1.4302045068195446
v 0.0172210894525051 -0.0254377704113722 -0.0310744605958462
vn 2.4336268680970838 -5.7770265780026682 -0.1056598611461864
v 0.0121517702937126 -0.0291157905012369 -0.0238756500184536
vn 1.8472828695497050 -5.9903352583416583 -0.0823200855303771
v 0.0092225065454841 -0.0301832500845194 -0.0238675400614738
vn 1.8822502150829687 -5.9851282344082959 0.0278850189344310
v 0.0094515681266785 -0.0300484802573919 -0.0171249508857727
vn 3.0259657177868111 -2.9647506013799667 -4.6351535377904867
v 0.0222094003111124 -0.0001340140006505 -0.0480213686823845
vn 3.3244678134080701 -2.7961988464394483 -4.5310519496981128
v 0.0229802709072828 -0.0034850831143558 -0.0453977510333061
vn 3.6216636001375049 -2.6869393466843534 -4.3605820016124266
v 0.0238374993205070 -0.0083698630332947 -0.0418167710304260
vn 4.0955531426893765 -2.8168257663416219 -3.8221891716805181
v 0.0244807004928589 -0.0122402897104621 -0.0386860892176628
vn 3.9569995060866678 -2.5089021010304222 -4.1663108852177455
v 0.0249825697392225 -0.0035880201030523 -0.0436965785920620
vn 3.8866539078888205 -2.7329928634858462 -4.0908311404523152
v 0.0242691598832607 -0.0110931899398565 -0.0397058688104153
vn 4.2897954895149697 -2.8991664353225115 -3.5340261098153132
v 0.0246871691197157 -0.0132447397336364 -0.0376747809350491
vn 4.7490106407318589 -2.5665603604724589 -3.1861967602470012
v 0.0262463595718145 -0.0107637001201510 -0.0376023612916470
vn 2.2171521594218877 -5.8783270917273107 0.0511237775520387
v 0.0117837702855468 -0.0291631799191236 -0.0171249508857727
vn 1.8791944862370902 -5.9245692417226437 0.0360450673823613
v 0.0121567798778415 -0.0291082803159952 -0.0201639495790005
vn 3.5300907213781132 -5.1612931042363215 -0.4360596693408600
v 0.0175479594618082 -0.0260682702064514 -0.0260478798300028
vn 3.0001996482775590 -5.4871399140281998 -0.4204857136944510
v 0.0149009795859456 -0.0276927892118692 -0.0260424595326185
vn 3.5056664200092080 -5.1166925464993387 -0.8571644366512322
v 0.0174170695245266 -0.0258767604827881 -0.0284811798483133
vn 4.3824592531366333 -4.2698553873606189 -1.3318278979426181
v 0.0219051800668240 -0.0215032603591681 -0.0310135409235954
vn 4.5910045593194031 -3.6809417776961637 -2.1484316058668678
v 0.0236372891813517 -0.0184676591306925 -0.0334288403391838
vn 4.7077747929020219 -3.7642995708880616 -1.7125935943027706
v 0.0237951800227165 -0.0188896004110575 -0.0322252511978149
vn 5.2119233245053209 -2.7275820644531481 -2.1612049899564241
v 0.0268159508705139 -0.0129067795351148 -0.0344425998628139
vn 5.7376848885560321 -1.4185478164189260 -2.1040212510147840
v 0.0289933606982231 -0.0039426079019904 -0.0374024510383606
vn 5.4446780435104918 -1.7393696809441950 -2.5849943640888848
v 0.0283919498324394 -0.0045081367716193 -0.0384589992463589
vn 5.2138706286764203 -1.7451445592969936 -3.0236178747867428
v 0.0277952495962381 -0.0012142059858888 -0.0415838882327080
vn 4.9641602756360745 -1.9672941484644684 -3.2964114749389135
v 0.0273009501397610 -0.0024946921039373 -0.0416253805160522
vn 6.1980745916253941 0.0173481111153937 -0.7604948572126143
v 0.0269010607153177 0.0179502908140421 -0.0539443418383598
vn 6.0218111425693808 -0.5572469486223552 -1.6606090423110613
v 0.0290153604000807 0.0041415691375732 -0.0414090715348721
vn 5.8564712658271336 -0.9428412502641059 -2.0440764380112437
v 0.0288283806294203 0.0027760260272771 -0.0414538905024529
vn 5.7684409054780348 -1.0337601326876160 -2.2469923633438063
v 0.0280782505869865 0.0066580171696842 -0.0451733395457268
vn 5.1693913869864927 -1.8861044102587929 -3.0224483269891391
v 0.0267565809190273 0.0070929517969489 -0.0481324717402458
vn 5.4754793749368096 -1.5642371444322112 -2.6452967389994355
v 0.0271272007375956 0.0082636466249824 -0.0481501817703247
vn 4.6590492142063997 -2.4440758553025042 -3.4306434694058279
v 0.0257418695837259 0.0086930990219116 -0.0507555603981018
vn 4.3593113196635880 -2.6001270938069396 -3.6956066604533051
v 0.0252048894762993 0.0076283211819828 -0.0506924912333488
vn 4.1926742347556223 -2.8409151723046775 -3.7117177637250696
v 0.0247573796659708 0.0102480603381991 -0.0531162582337856
vn 6.2715855179055708 0.1010340976934864 0.2231340199459529
v 0.0263608600944281 0.0257090907543898 -0.0639858767390251
vn 6.2401339042776360 -0.5552082813063197 -0.4342826710011017
v 0.0263023898005486 0.0229594707489014 -0.0612390004098415
vn 6.2381603928721061 -0.0128707359890807 -0.3594600385474236
v 0.0264371000230312 0.0221587996929884 -0.0590801797807217
vn 6.1446251861388363 -0.6354500929158863 -1.1194141381533467
v 0.0265432503074408 0.0190345607697964 -0.0563852712512016
vn 6.1896574423387634 -0.6560626638628254 -0.8526527735709732
v 0.0263736806809902 0.0210881792008877 -0.0588428899645805
vn 6.1519361206876040 -0.9789982090681550 -0.8110295029604290
v 0.0262486897408962 0.0224274899810553 -0.0611005984246731
vn 6.2563220814250844 -0.5120272046613978 -0.1993592256000756
v 0.0263203904032707 0.0246415697038174 -0.0636229515075684
vn 6.1881384398377044 -0.9605255855250973 -0.4962949887759831
v 0.0262658502906561 0.0241211000829935 -0.0634545609354973
vn 6.2605607911597030 -0.3251145825239983 0.3727168912375016
v 0.0265869405120611 0.0274231992661953 -0.0684975907206535
vn 6.2351041803190714 -0.6687085337762908 0.3674297354457322
v 0.0267618801444769 0.0280422493815422 -0.0707352682948112
vn 6.2162934816285560 0.4022396869345775 0.7625050948476065
v 0.0268465802073479 0.0294404607266188 -0.0713870525360107
vn 6.2264439915955174 0.2790327026698141 0.6449239616154077
v 0.0266448799520731 0.0283816996961832 -0.0689812824130058
vn 6.2628184153069828 -0.4771336184976772 0.0829370081520645
v 0.0264182593673468 0.0261289402842522 -0.0660374686121941
vn 5.8757620838228641 -1.7143073754987381 -1.4142325663331141
v 0.0260661803185940 0.0213751699775457 -0.0608149692416191
vn 6.0340086463276261 -1.3468885962791057 -1.1125696936756322
v 0.0261701904237270 0.0218989793211222 -0.0609593912959099
vn 5.9301237162395326 -1.7590848994663706 -1.0958427360529002
v 0.0260804798454046 0.0230926796793938 -0.0631063506007195
vn 6.1547980935546382 -1.2490786721543568 -0.1246599487457451
v 0.0264505706727505 0.0264332797378302 -0.0680176615715027
vn 6.0730948866689234 -1.6044562478689521 -0.0520426960590847
v 0.0265712700784206 0.0270866695791483 -0.0701642632484436
vn 6.1910945101460548 -0.9724676330451164 0.4213926354626985
v 0.0269633494317532 0.0285039506852627 -0.0729451701045036
vn 5.8111800469842159 -2.1553182216830638 -1.0235461413369062
v 0.0260421596467495 0.0241203904151917 -0.0652061700820923
vn 5.8738800180921222 -2.1318288488091941 -0.6451243665843350
v 0.0262071397155523 0.0254626795649529 -0.0675178691744804
vn 5.6950748852026196 -2.4981451514143012 -0.8878926798940838
v 0.0260470490902662 0.0249825697392225 -0.0672675892710686
vn 5.7692078004476679 -2.4368780806186283 -0.4923498150543862
v 0.0262733604758978 0.0261474791914225 -0.0695812106132507
vn 5.9029354429900653 -2.1411828865906051 0.1986324868359031
v 0.0268789492547512 0.0279236994683743 -0.0743634700775146
vn 5.7469867751061940 -2.1209745807133338 -1.3916782128681553
v 0.0259490609169006 0.0225854497402906 -0.0629282519221306
vn 5.9846595654233843 -1.7598617165020141 -0.7400246547085786
v 0.0261754896491766 0.0246154591441154 -0.0654194876551628
vn 6.0328600774468288 -1.7077510761318724 -0.3853317925968001
v 0.0263421498239040 0.0259457807987928 -0.0677692815661430
vn 5.9316904827452177 -2.0498086207949258 -0.2781088746731982
v 0.0264349505305290 0.0266157891601324 -0.0698722004890442
vn 5.9833039951422302 -1.9134298297803110 0.0579546472185512
v 0.0267163496464491 0.0275831799954176 -0.0722776576876640
vn 6.0182060838443769 -1.7717916876718827 0.3146101376778992
v 0.0270422603935003 0.0283681694418192 -0.0747433900833130
vn 6.1054174179592735 -1.4570696569206949 0.2429758838229640
v 0.0268535595387220 0.0280416607856750 -0.0726132914423943
vn 6.2347778058849910 -0.5110361661765298 0.5681591861273172
v 0.0270448904484510 0.0289717894047499 -0.0732695981860161
vn 6.1771393996933783 -1.1264359287490187 0.1708053430889187
v 0.0266805794090033 0.0275618992745876 -0.0704531595110893
vn 6.2294635621592294 -0.8003490137983376 0.1127328712081517
v 0.0265316907316446 0.0269261002540588 -0.0682601928710938
vn 6.2143665500602818 -0.9000428371051561 -0.1802620306063334
v 0.0263632498681545 0.0256200991570950 -0.0658360719680786
vn 6.1230512632076763 -1.3281467556092623 -0.4504367805996311
v 0.0262827798724174 0.0251151900738478 -0.0656302496790886
vn 6.0815120448460362 -1.3609699855978461 -0.7891983712571280
v 0.0261862799525261 0.0236043892800808 -0.0632826015353203
vn 6.1118119885437601 -0.9624736250058559 -1.0877491106792472
v 0.0263208691030741 0.0205439906567335 -0.0587322711944580
vn 5.9614745228245720 -1.3567666504954758 -1.4241359939256251
v 0.0262438002973795 0.0200031902641058 -0.0586195513606071
vn 5.9999201342397406 -1.0573943712463560 -1.5274057098600275
v 0.0264160595834255 0.0179223995655775 -0.0562149807810783
vn 4.7437568204644007 -4.1097274076821106 0.2638327903846028
v 0.0249011497944593 0.0247628595679998 -0.0768343806266785
vn 4.7993768471634466 -3.9965364145173194 -0.6651551712091149
v 0.0251294896006584 0.0248031001538038 -0.0719418525695801
vn 5.1539712752659765 -3.5655222434074734 -0.4191075747665899
v 0.0257310792803764 0.0256835799664259 -0.0725995823740959
vn 4.4333387475927779 -4.1044432282343521 -1.7135491333305768
v 0.0245330892503262 0.0229185800999403 -0.0677340626716614
vn 5.0262054538771395 -3.2307481151442876 -1.9344446868429708
v 0.0252732597291470 0.0221685692667961 -0.0643886923789978
vn 4.5866144381349363 -3.6076000110023285 -2.3224231350340410
v 0.0247604791074991 0.0212153699249029 -0.0640114471316338
vn 5.3195685553392815 -2.7342741505750943 -1.9175210158048199
v 0.0256142597645521 0.0215824805200100 -0.0625767707824707
vn 5.2904449461845564 -2.5472575199799592 -2.2234317714169483
v 0.0256080608814955 0.0198300406336784 -0.0603807494044304
vn 6.1174340506537517 -0.2777837393414602 -1.3706988430471694
v 0.0291216894984245 0.0055159921757877 -0.0413649603724480
vn 5.9487187290001096 -0.6755506660157053 -1.8828858368227901
v 0.0282731596380472 0.0079212775453925 -0.0451456904411316
vn 5.9379391425958712 -0.8066209347751300 -1.8758700898068765
v 0.0276177506893873 0.0106679704040289 -0.0481866486370564
vn 5.7300636701555794 -1.2036156297179512 -2.2680457081481045
v 0.0274149700999260 0.0094571700319648 -0.0481683611869812
vn 5.3322554651319134 -1.9820951769048714 -2.6595867325771931
v 0.0261728707700968 0.0134221902117133 -0.0534539781510830
vn 4.8102949349777351 -2.7505756450773036 -2.9560064660548111
v 0.0252825003117323 0.0168529693037271 -0.0579404793679714
vn 4.8668469451173904 -2.9453764353730838 -2.6594816599844475
v 0.0251902900636196 0.0188207607716322 -0.0601081810891628
vn 4.4846955341421637 -3.4522087082233144 -2.7229494825240717
v 0.0246827602386475 0.0196240507066250 -0.0619291588664055
vn 4.1411803191677032 -3.8978899747119851 -2.6664815341134407
v 0.0241692606359720 0.0202902499586344 -0.0636462494730949
vn 3.7333001804894139 -4.0983869154172226 -2.9533573087991800
v 0.0235077701508999 0.0193969607353210 -0.0632952973246574
vn 3.8754467582265635 -4.2691378059001099 -2.4915868588606163
v 0.0236512999981642 0.0208155494183302 -0.0652666613459587
vn 3.7100061655048391 -4.5563575855721972 -2.2184555359032254
v 0.0231314804404974 0.0211939793080091 -0.0667967721819878
vn 3.6307855752580025 -4.7803385745341362 -1.8436829158459656
v 0.0226113703101873 0.0214194003492594 -0.0682398602366447
vn 3.3531119511589691 -4.9106566532176874 -2.0165670799953479
v 0.0217738691717386 0.0206303503364325 -0.0677686929702759
vn 5.2491323302102408 -3.2866665774623591 -1.0454998742431645
v 0.0256519895046949 0.0247448608279228 -0.0687518715858459
vn 4.7388677666045673 -3.6955620891963479 -1.8258740433642169
v 0.0249132495373487 0.0226127505302429 -0.0661101862788200
vn 4.8507387358166731 -3.7391423380884592 -1.3905660416401828
v 0.0251320600509644 0.0238204505294561 -0.0682348012924194
vn 5.0032079724075222 -3.6901188662097715 -0.8936915805356858
v 0.0254076700657606 0.0248426701873541 -0.0703947469592094
vn 5.4840449509567346 -3.0575513301198609 -0.1700054391488038
v 0.0262531600892544 0.0265796706080437 -0.0732783004641533
vn 5.5827776158657363 -2.8720314283730701 0.1805604393436678
v 0.0266144797205925 0.0272325798869133 -0.0756242796778679
vn 5.2827531261957184 -3.3977818177526236 -0.0195027931716768
v 0.0260930005460978 0.0263514500111341 -0.0748570486903191
vn 5.8180247749876406 -2.2025071177628055 0.8634853181009130
v 0.0278306603431702 0.0283358599990606 -0.0829842016100883
vn 5.6134625391970099 -2.6954290154209453 0.8253198779310759
v 0.0273186508566141 0.0275141000747681 -0.0819200798869133
vn 5.9068927776113060 -1.8406672519768024 1.0851672693359600
v 0.0282498002052307 0.0283780600875616 -0.0854488015174866
vn 5.8349105683579419 -1.8978283438295027 1.3450933017637245
v 0.0281609799712896 0.0274323802441359 -0.0865409895777702
vn 5.7888190179416092 -1.7442991226619227 1.6985931669194385
v 0.0279920604079962 0.0262893997132778 -0.0873055979609489
vn 5.6533184309112272 -2.0422797612412840 1.8133828677656849
v 0.0273498799651861 0.0255514904856682 -0.0860212966799736
vn 5.4602574973662064 -1.8972192835625661 2.4573404610095366
v 0.0262876693159342 0.0235070493072271 -0.0851416513323784
vn 5.1362434280557032 -2.6684948882823436 2.4379834205351156
v 0.0243923608213663 0.0223412495106459 -0.0820915624499321
vn 4.8329122271693379 -3.0173865834167839 2.6421977822254363
v 0.0225085597485304 0.0208857003599405 -0.0799883008003235
vn 5.0225292778771182 -3.1228463622400882 2.1099736210113607
v 0.0241770707070827 0.0225486699491739 -0.0813682600855827
vn 4.9382398195785004 -3.2548779906428811 2.1186194299618886
v 0.0232558809220791 0.0218046903610229 -0.0803282782435417
vn 4.6218112236215170 -3.7518429866178464 2.0049812766832869
v 0.0220708791166544 0.0212001800537109 -0.0786492824554443
vn 6.1259748129983498 0.9664610954901920 0.9248425781255784
v 0.0282264892011881 0.0319702588021755 -0.0826641917228699
vn 6.2028663438183518 0.2852404006031591 0.8994054766749356
v 0.0281728506088257 0.0311291795223951 -0.0817580819129944
vn 6.1486846326528397 -1.0977931701035055 0.6629621795134644
v 0.0275413896888494 0.0294103007763624 -0.0777059718966484
vn 6.1300756658056201 -1.2818980768783912 0.4848610821735851
v 0.0271799508482218 0.0288138892501593 -0.0751248523592949
vn 5.6592068865535925 -2.7091517674132946 -0.3076863685951645
v 0.0263673607259989 0.0266698505729437 -0.0716155692934990
vn 5.8392799683439680 -2.3140495534867642 -0.1203983877834096
v 0.0265536904335022 0.0271265506744385 -0.0719434618949890
vn 5.5719052809113068 -2.8121166485068634 -0.7103083014320046
v 0.0260881707072258 0.0256798807531595 -0.0692958831787109
vn 5.4814695295994875 -2.8536283279195391 -1.1259304573960689
v 0.0258634593337774 0.0245043002068996 -0.0670221969485283
vn 5.6199101014570134 -2.4952047708819745 -1.2856232286708624
v 0.0258839707821608 0.0236287694424391 -0.0649937912821770
vn 5.3736525558138286 -2.8442141154290943 -1.5787878136384925
v 0.0257024709135294 0.0231396500021219 -0.0647854804992676
vn 5.5467147728370136 -2.4402729947063446 -1.6563324578706704
v 0.0257932506501675 0.0220822598785162 -0.0627507492899895
vn 5.6609030234372382 -2.0884405776851964 -1.7368170760528041
v 0.0259371902793646 0.0208559595048428 -0.0606690011918545
vn 5.6532509491672398 -1.8785562761776120 -1.9724271349747047
v 0.0260154604911804 0.0189346596598625 -0.0583881698548794
vn 3.9531367650043272 -3.2628512535727481 -3.6305408064876006
v 0.0242196898907423 0.0148754697293043 -0.0575299784541130
vn 3.5462793714575573 -3.3168350738874666 -3.9858584443942320
v 0.0238020997494459 0.0117069398984313 -0.0552333481609821
vn 3.5272068243139225 -3.4566990573930623 -3.8803909506123082
v 0.0235799495130777 0.0139403901994228 -0.0573348887264729
vn 5.4524566821110314 -1.4944497638279277 -2.7218770474059761
v 0.0282164793461561 0.0000935382995522 -0.0415415689349174
vn 3.6756535351999635 -2.8823733604112460 -4.1969322548951880
v 0.0239266697317362 0.0056133861653507 -0.0505718514323235
vn 3.8961020699900990 -2.7360861895006900 -4.0943754043568843
v 0.0245313607156277 0.0027242889627814 -0.0480659604072571
vn 3.6193050156030595 -2.8338159085055201 -4.2735244829946106
v 0.0238118693232536 0.0017282359767705 -0.0480505786836147
vn 3.3330709556161024 -3.0316966719957605 -4.3739226315287283
v 0.0231960993260145 0.0046685929410160 -0.0505148693919182
vn 0.9892067051300603 -3.4694631208323248 -5.1434702387717266
v 0.0129138799384236 0.0036379089578986 -0.0539220497012138
vn 0.9700756520599484 -3.6404727106686829 -5.0271522541039957
v 0.0126853501424193 0.0060834279283881 -0.0556624494493008
vn 0.4217127389436724 -3.3548518367577707 -5.2949529190839684
v 0.0065170521847904 0.0018185969674960 -0.0535801015794277
vn 0.2606679112980744 -3.5479403904176765 -5.1778181920097746
v 0.0042628040537238 0.0039925570599735 -0.0551531910896301
vn 0.1754478235161115 -3.5575004480188497 -5.1743436814521537
v 0.0021324749104679 0.0038031931035221 -0.0551016889512539
vn 2.3986957378096592 -3.6872225382360084 -4.4819568620976140
v 0.0204582791775465 0.0106185600161552 -0.0566445514559746
vn 2.9085337195248657 -3.6245647078563055 -4.2241715587716833
v 0.0221187397837639 0.0121926600113511 -0.0569720789790154
vn 2.9715648117490079 -4.3452680403356929 -3.4254151593350142
v 0.0220056697726250 0.0177145600318909 -0.0626478716731071
vn 3.2586608148033580 -4.0372368180628380 -3.5423750127939653
v 0.0227242708206177 0.0169136505573988 -0.0610500499606133
vn 4.8593809081068322 -2.1458097060983077 -3.3468557186821379
v 0.0263072792440653 0.0059496760368347 -0.0481152497231960
vn 4.5807460368975299 -2.6185287406573696 -3.4071371451641759
v 0.0253065805882215 0.0112743899226189 -0.0532255694270134
vn 4.3787104348410457 -3.0411116284986797 -3.3205125931193376
v 0.0247894506901503 0.0158476792275906 -0.0577321611344814
vn 3.3690601810774670 -4.2329704107489130 -3.1918569418595899
v 0.0227841697633266 0.0185377001762390 -0.0629625916481018
vn 2.8924364950755281 -4.6370273809971092 -3.0963142459027542
v 0.0213087704032660 0.0183586403727531 -0.0641542002558708
vn 4.9709796085438818 -2.3248281350292266 -3.0536383698058862
v 0.0257802605628967 0.0123341595754027 -0.0533375702798367
vn 4.4233437439165924 -3.2594150007254719 -3.0415605075643075
v 0.0246893707662821 0.0178352501243353 -0.0598482415080070
vn 3.9840813878424166 -3.4968165688142583 -3.3690112552968956
v 0.0241112709045410 0.0168815795332193 -0.0595963485538960
vn 4.0382160819250483 -3.7114758433000739 -3.0612139986401905
v 0.0240975003689528 0.0186856891959906 -0.0616232715547085
vn 3.6294359095876620 -3.8894862261231147 -3.3403494347019755
v 0.0234419703483582 0.0177813693881035 -0.0613291785120964
vn 3.5191114168900302 -4.4235975042154294 -2.7384723800350432
v 0.0229229908436537 0.0199624802917242 -0.0648748800158501
vn 3.1937048119560014 -4.5349686354295837 -2.9466409159788363
v 0.0221397802233696 0.0191427990794182 -0.0645043775439262
vn 3.3932349338219918 -4.6950272089655334 -2.4255262914909106
v 0.0223447605967522 0.0203755404800177 -0.0663651823997498
vn 3.1047331306835448 -4.7961390504032124 -2.6061466292666804
v 0.0215100608766079 0.0195898991078138 -0.0659571811556816
vn 1.9111654625784498 -3.7061146503326139 -4.6977944802123899
v 0.0186478402465582 0.0092254867777228 -0.0563514791429043
vn 2.5539607521803185 -3.3257376150231313 -4.6747181146572396
v 0.0210816804319620 0.0057336678728461 -0.0526286885142326
vn 3.2174019159302789 -3.1999061913076456 -4.3353860327925906
v 0.0227146707475185 0.0074079628102481 -0.0528110787272453
vn 6.2761895652226807 -0.2957244298703887 0.0039278119949903
v 0.0313516817986965 -0.0027635090518743 -0.0171249508857727
vn 6.2491434224576654 -0.5267554007963802 -0.0940469271874886
v 0.0313633605837822 -0.0027810330502689 -0.0203526001423597
vn 6.1539497059496506 -1.1525886524847064 -0.3238825177080005
v 0.0308368802070618 -0.0058358898386359 -0.0240404605865479
vn 6.1333499882307043 -1.1461632124617562 -0.6130941745735032
v 0.0305415894836187 -0.0056378240697086 -0.0283821802586317
vn 6.1174068362088567 -0.5394724013920231 -1.2588479981094616
v 0.0301159601658583 -0.0008172310190275 -0.0352051816880703
vn 6.0422340354133901 -1.1368473807471506 -1.2134293705175849
v 0.0300147496163845 -0.0047528739087284 -0.0331037603318691
vn 5.7906769901532629 -1.1013624108315847 -2.1370669564016125
v 0.0289490800350904 -0.0007637169910595 -0.0393981896340847
vn 6.0272940587316164 -0.5706287285977145 -1.6120810265220120
v 0.0293940901756287 0.0020777580793947 -0.0393120013177395
vn 5.0137121045588788 -1.9238821245229032 -3.2520199954987175
v 0.0270076896995306 0.0029845829121768 -0.0452537499368191
vn 4.5389786394981764 -2.3708685415745685 -3.6333139341579597
v 0.0257836505770683 0.0048378100618720 -0.0480983816087246
vn 3.9532753059629320 -2.7816246877310435 -4.0030525900659599
v 0.0245980005711317 0.0066005578264594 -0.0506310984492302
vn 3.7868133086525022 -3.0372139131644023 -3.9812414424555982
v 0.0241383891552687 0.0092596411705017 -0.0530102811753750
vn 2.9865060962635117 -3.3702316012732974 -4.3759806582656751
v 0.0223585907369852 0.0099156489595771 -0.0549529716372490
vn 3.4902129663422916 -3.6937554997895417 -3.6872099596245458
v 0.0234630703926086 0.0159638505429029 -0.0593537613749504
vn 2.8966577341210855 -3.8271636584594630 -4.0505822183794180
v 0.0219859406352043 0.0142464600503445 -0.0589044615626335
vn 2.9797587246185619 -4.0950599270327928 -3.7139617136107286
v 0.0219513699412346 0.0160846691578627 -0.0607858784496784
vn 2.3305979545484625 -3.9123988181630218 -4.3261517065959794
v 0.0203131996095181 0.0126976901665330 -0.0585008785128593
vn 2.0303352837836566 -4.4452809915692750 -3.9443594997807034
v 0.0184781495481730 0.0148171698674560 -0.0615577585995197
vn 1.9293389467783819 -4.1778851547449394 -4.2747563731341112
v 0.0184419695287943 0.0131842400878668 -0.0598685704171658
vn 2.3761054869729463 -4.1596111555330122 -4.0620182201710948
v 0.0202672407031059 0.0145494900643826 -0.0602996908128262
vn 2.4836454049735721 -4.4070106511847396 -3.7218513569146054
v 0.0203114692121744 0.0161847397685051 -0.0620695911347866
vn 2.6401048653414696 -4.6720510791682459 -3.2622898727579388
v 0.0204367600381374 0.0176118593662977 -0.0638238713145256
vn 3.6250280893822162 -4.9341353146945117 -1.3916536651382656
v 0.0220912601798773 0.0214871708303690 -0.0695984885096550
vn 3.8880642474714771 -4.8603565479286903 -0.8430744757367494
v 0.0224530603736639 0.0221720896661282 -0.0714538618922234
vn 4.5717647896650311 -4.3070555109178796 -0.1099145084887075
v 0.0244807004928589 0.0243358593434095 -0.0747579932212830
vn 0.3943861521768722 -2.9605216774098544 -5.5274033008133667
v 0.0048668379895389 -0.0084673762321472 -0.0478756986558437
vn 0.4513506881676842 -3.1472946051036090 -5.4182715622930449
v 0.0067050447687507 -0.0010632269550115 -0.0518106818199158
vn 0.6084869615486781 -2.9817338533064675 -5.4964263947277541
v 0.0072717661969364 -0.0080459713935852 -0.0478842817246914
vn 0.6312992487879012 -3.1787828136667100 -5.3817973897991251
v 0.0089128613471985 -0.0005729260155931 -0.0518781505525112
vn 0.8357879062508784 -3.2158849666901759 -5.3316598003713791
v 0.0110956998541951 0.0000644997999188 -0.0519627891480923
vn 1.0817463023177452 -3.2428761253029945 -5.2708480487790421
v 0.0132413497194648 0.0008566590258852 -0.0520637594163418
vn 1.3283879433597245 -3.3069083258624232 -5.1726566578600082
v 0.0153350802138448 0.0018120999448001 -0.0521807596087456
vn 1.3846618215260065 -3.0653026779347434 -5.3059396983768927
v 0.0142225604504347 -0.0057430258020759 -0.0479276701807976
vn 1.7636115404600330 -3.3560515581269992 -5.0083246135712622
v 0.0173569899052382 0.0029389259871095 -0.0523138009011745
vn 2.4894223419642159 -3.0326985828255975 -4.9027894104944894
v 0.0204188805073500 -0.0018142459448427 -0.0479944907128811
vn 2.3338845856588799 -2.9603457922326712 -5.0235320858350505
v 0.0192289892584085 -0.0069423308596015 -0.0454781614243984
vn 2.7838986784844515 -2.9035508961544552 -4.8224991805835735
v 0.0211914703249931 -0.0053061242215335 -0.0454396605491638
vn 2.6574520074628984 -2.9373396326397314 -4.8680872134236868
v 0.0200667902827263 -0.0122961895540357 -0.0419467613101006
vn 3.1198563784266269 -2.8391935601069509 -4.6452083776734101
v 0.0220484696328640 -0.0104273501783609 -0.0418844781816006
vn 3.3915079464367306 -2.9231695054813915 -4.3911096025811425
v 0.0224791690707207 -0.0132883703336120 -0.0397712513804436
vn 3.6097447301238463 -3.0443151741293097 -4.1270402278940992
v 0.0226898696273565 -0.0144941797479987 -0.0387523695826530
vn 3.3481669272107499 -3.3748785904867136 -4.0877686289715998
v 0.0208929702639580 -0.0176630597561598 -0.0378044806420803
vn 3.8184700110494614 -3.1656360084156239 -3.8342344185337156
v 0.0228954497724771 -0.0155505500733852 -0.0377422496676445
vn 4.0337093988485888 -3.3003683193124083 -3.4799997042227062
v 0.0230944696813822 -0.0164726898074150 -0.0367195010185242
vn 0.3083198536582098 0.2765920802656248 6.2636967550909075
v 0.0021967880893499 0.0097925662994385 -0.0722114965319633
vn 0.2204655896572539 0.2255858877296565 6.2653870969134262
v 0.0005936429952271 0.0097527503967285 -0.0721305608749390
vn 0.5879217238479844 -0.8178568806657369 6.1972802407537531
v 0.0030881159473211 0.0106518799439073 -0.0722219869494438
vn 0.0223676836568639 -0.6248091774316518 6.2443068523807481
v 0.0000000000000000 0.0105612799525261 -0.0720614716410637
vn -0.0124332770325661 -0.3158853690981632 6.2709627848460903
v 0.0000000000000000 0.0099688759073615 -0.0721212625503540
vn 4.7441982213720433 0.0240126122620631 4.1131404907312294
v 0.0238679591566324 0.0141229601576924 -0.0830684900283813
vn 4.8160345803394931 0.0286857216584112 4.0275975256854855
v 0.0240996405482292 0.0157697703689337 -0.0833562016487122
vn 4.8924227509790414 0.0031919061311195 3.9424106072516389
v 0.0248118601739407 0.0144713502377272 -0.0842400714755058
vn 4.5020302886308761 -0.0202510374151873 4.3763758500049077
v 0.0225479602813721 0.0136597696691751 -0.0816286802291870
vn 4.4649308033510806 -0.3343102358673443 4.4023073912988506
v 0.0217624902725220 0.0163723807781935 -0.0808017775416374
vn 4.5400957614155972 -0.8138410306004212 4.2595029485742266
v 0.0214367508888245 0.0176739599555731 -0.0803067013621330
vn 4.9446158048330515 -1.1074935339104386 3.7086166546759642
v 0.0233149491250515 0.0194639507681131 -0.0820925831794739
vn 4.6043659821259206 -1.3391040295949512 4.0537387081300054
v 0.0212571006268263 0.0181982498615980 -0.0799711868166924
vn 4.9703990897740935 -1.5759892745286608 3.4987304340680323
v 0.0231247507035732 0.0199469905346632 -0.0816527605056763
vn 4.6070785616087075 -2.8402779762558876 3.1846350915632771
v 0.0206688009202480 0.0192547999322414 -0.0786295533180237
vn 4.9309758982518836 -2.5195459049496787 2.9620894938904541
v 0.0227203909307718 0.0206429902464151 -0.0805943012237549
vn 4.4705693503997006 -4.1231265610605297 1.5637243027127714
v 0.0218473598361015 0.0212789699435234 -0.0779258608818054
vn 4.8043483626205647 -3.5407193174357632 1.9598882908507731
v 0.0230350401252508 0.0219425503164530 -0.0796008706092834
vn 4.8306597383590644 -3.6751266849567976 1.5969643735942729
v 0.0237343907356262 0.0227871499955654 -0.0797969624400139
vn 4.5977049009370603 -4.1437739066718464 1.0433823714913526
v 0.0232829991728067 0.0228155795484781 -0.0780972763895988
vn 4.7743291377045853 -3.9380258833672102 1.0526894290934203
v 0.0241642501205206 0.0235967002809048 -0.0790162608027458
vn 4.5205596529957610 -4.3213008707429248 0.5789029345216248
v 0.0237149503082037 0.0234487000852823 -0.0771434903144836
vn 4.7263270779370181 -4.0924123698997033 0.5996267517478866
v 0.0245518591254950 0.0242475792765617 -0.0780146718025208
vn 4.8299932910306769 -4.0169152419986407 0.0161851036582222
v 0.0252144895493984 0.0251698400825262 -0.0755259916186333
vn 4.6558910257742347 -4.1980593575402079 -0.3950328631868928
v 0.0248194895684719 0.0246281009167433 -0.0733964964747429
vn 4.9618471066411889 -3.8459603770589590 -0.2178088583719703
v 0.0254919491708279 0.0254823490977287 -0.0741129517555237
vn 4.2300331879861011 -4.4060337430565140 -1.4599991493773625
v 0.0241348706185818 0.0230826698243618 -0.0692639872431755
vn 4.6146282951180577 -4.0918836916200263 -1.1842796489354011
v 0.0248067900538445 0.0239514708518982 -0.0698181912302971
vn 4.3064723251890094 -4.0265920178562427 -2.1656023973038887
v 0.0243175607174635 0.0216996595263481 -0.0656799599528313
vn 4.9315757192784977 -3.1104137197617447 -2.3335006238030389
v 0.0251902900636196 0.0205927398055792 -0.0622448883950710
vn 5.2275374282701099 -2.3825649042220842 -2.5357476969282287
v 0.0256930496543646 0.0178841892629862 -0.0581584498286247
vn 5.6621463091808888 -1.5603579088596213 -2.2210350395425302
v 0.0264796596020460 0.0145329795777798 -0.0535754486918449
vn 5.9264716796124510 -1.0707868652088277 -1.7739115546425048
v 0.0266964994370937 0.0156622491776943 -0.0536978803575039
vn 6.1015765746420403 -0.6656749290421420 -1.3355523926126265
v 0.0268203597515821 0.0168056394904852 -0.0538168512284756
vn 0.0348722699783612 -3.8773733086899580 -4.9375440995899318
v 0.0000000000000000 0.0064522619359195 -0.0570566616952419
vn 0.1994047231718991 -4.0832178336849143 -4.7677267413857818
v 0.0020973079372197 0.0077502131462097 -0.0580749511718750
vn 0.0453359733484204 -4.1196165606418162 -4.7405381317959563
v 0.0000000000000000 0.0076442360877991 -0.0580922886729240
vn 1.3719112157610356 -4.4306328012738785 -4.2342013292088865
v 0.0145542602986097 0.0125617897138000 -0.0607167407870293
vn 0.8975732309089245 -4.4010616582710753 -4.3893224469347727
v 0.0104606701061130 0.0109097901731730 -0.0600907802581787
vn 1.0221060510412805 -4.7221005059396184 -4.0102945836651038
v 0.0105447703972459 0.0122310500591993 -0.0614992901682854
vn 0.7039149548321935 -4.3906387456913540 -4.4348341637684392
v 0.0083851208910346 0.0102936001494527 -0.0598526485264301
vn 0.8125276608230130 -4.7212307144453209 -4.0589097563165399
v 0.0084573030471802 0.0115872602909803 -0.0612201616168022
vn 0.5195100683433660 -4.3844527922673358 -4.4664062680659065
v 0.0062995548360050 0.0098103880882263 -0.0596645399928093
vn 0.3339460876479647 -4.3806915748603661 -4.4878124663967665
v 0.0042054648511112 0.0094652771949768 -0.0595268607139587
vn 0.3931490023402315 -4.7254496185299564 -4.1161483573472237
v 0.0042457580566406 0.0107145896181464 -0.0608385801315308
vn 0.2612568269247523 -4.7402788862799534 -4.1074948397864643
v 0.0021246070973575 0.0104990601539612 -0.0607386790215969
vn 0.0119669636553451 -4.7205909153292298 -4.1404090230486936
v 0.0000000000000000 0.0103747798129916 -0.0607459507882595
vn 3.7332373584929917 0.0252029724249063 5.0537330454342868
v 0.0185064598917961 0.0124004399403930 -0.0781527683138847
vn 3.6702202816475968 -0.6457701201900377 5.0537596043919795
v 0.0171013399958611 0.0144147798418999 -0.0770539566874504
vn 3.8578638849041216 -2.4596776616092884 4.2988717378102743
v 0.0164847895503044 0.0161815807223320 -0.0760706588625908
vn 3.8658630244677745 -3.0067899888111045 3.9283079999054449
v 0.0163103900849819 0.0164676904678345 -0.0757164880633354
vn 4.2773879693448409 -2.6699244755750695 3.7415558121446271
v 0.0186611991375685 0.0176784899085760 -0.0773146674036980
vn 3.8362601807909016 -3.5078298680439666 3.5216081861259929
v 0.0161303803324699 0.0167019907385111 -0.0753244683146477
vn 4.2460393350068903 -3.1656234817757980 3.3733984136931685
v 0.0184666495770216 0.0179322902113199 -0.0768722817301750
vn 3.7766862611886243 -3.9478348844032700 3.0952533607507471
v 0.0159457903355360 0.0168913602828979 -0.0748977586627007
vn 4.1825509533022869 -3.6086744167963660 2.9863623692263843
v 0.0182669702917337 0.0181346498429775 -0.0763911008834839
vn 3.9890154195878686 -4.6276891765997359 1.4631254274681498
v 0.0187436901032925 0.0191412493586540 -0.0754730105400085
vn 3.7390619002319463 -4.9292796813742914 1.0492585485705908
v 0.0183112602680922 0.0191611591726542 -0.0741729736328125
vn 3.6673667670707832 -5.0799918246099232 0.4099930223355879
v 0.0189310908317566 0.0197137501090765 -0.0734182000160217
vn 3.9827730948434255 -4.8318562618215859 0.4703692648018298
v 0.0209469702094793 0.0211459901183844 -0.0747841000556946
vn 3.7257032864220045 -5.0558464900583067 -0.0998044351639737
v 0.0205084607005119 0.0208558999001980 -0.0731310769915581
vn 2.8932017411109756 -5.4271498715750814 -1.2672793144431842
v 0.0177184902131557 0.0185893699526787 -0.0688691735267639
vn 2.9252431247072188 -5.2650330599185411 -1.7685548382794827
v 0.0193454008549452 0.0192832890897989 -0.0681559965014458
vn 2.6352607998636115 -5.1555906768519506 -2.4252253596095601
v 0.0190377794206142 0.0184576492756605 -0.0665121003985405
vn 2.0301339359803698 -4.9982209706750744 -3.2106299655730202
v 0.0168376509100199 0.0161959491670132 -0.0642544031143188
vn 2.4208069135328567 -4.9615624296341769 -2.9920034914178490
v 0.0187848806381226 0.0174444895237684 -0.0648704692721367
vn 1.6699578579889118 -4.4438348902992946 -4.1114905908028172
v 0.0165476705878973 0.0136108901351690 -0.0611084587872028
vn 1.5705422139537515 -4.1681196934169815 -4.4285322101562992
v 0.0165172796696424 0.0119868498295546 -0.0594892501831055
vn 1.5221513894759937 -3.9156114584357788 -4.6702456482108943
v 0.0165745001286268 0.0101258698850870 -0.0578245483338833
vn 1.8825906229403677 -3.9278438619540967 -4.5261758199852702
v 0.0184955503791571 0.0113251795992255 -0.0581417605280876
vn 1.5439217243510166 -3.6739122259532242 -4.8554822809125815
v 0.0167278591543436 0.0080100893974304 -0.0560912415385246
vn 2.1312809427238966 -3.3590637663402401 -4.8589946291183610
v 0.0192833505570889 0.0042445058934391 -0.0524629913270473
vn 2.7550229758713316 -3.1112554691116872 -4.7068586123421481
v 0.0215779505670071 0.0029121630359441 -0.0504074618220329
vn 4.2157475147588244 -2.5556100583395196 -3.8891678903962177
v 0.0251901708543301 0.0037614700850099 -0.0480819903314114
vn 4.7239178841282206 -2.1384440464387557 -3.5403431406437020
v 0.0264986697584391 0.0018137090373784 -0.0452794991433620
vn 4.5001363855547805 -2.2742832716708565 -3.7361079574722478
v 0.0263226591050625 -0.0013259639963508 -0.0436251685023308
vn 4.6496958723862587 -2.1727788599552631 -3.6044932715733236
v 0.0267365500330925 -0.0037441840395331 -0.0416659712791443
vn 4.4859093987954211 -2.9905453466778784 -3.1951135830499040
v 0.0248873792588711 -0.0141212902963161 -0.0366513691842556
vn 4.2439835662663929 -3.4394375049982031 -3.0674625735433088
v 0.0232854392379522 -0.0172638799995184 -0.0356685481965542
vn 4.4339356900810767 -3.5700126165542119 -2.6141629094530368
v 0.0234668795019388 -0.0179277006536722 -0.0345751605927944
vn 2.9945582272500513 -5.4332340627434998 -0.8483747825938730
v 0.0147874895483255 -0.0274936500936747 -0.0284893494099379
vn 2.4193626173198113 -5.6638911987356817 -1.1521074291585756
v 0.0119452401995659 -0.0286480691283941 -0.0298041701316833
vn 1.2484860643140485 -6.1434308316882102 -0.0734595219180526
v 0.0062005510553718 -0.0309539996087551 -0.0238615795969963
vn 0.8301704799301952 -6.2276260271495643 0.0587080602867803
v 0.0032870760187507 -0.0312852784991264 -0.0171249508857727
vn 6.2482242004830795 0.2358127879286781 0.5404930338673348
v 0.0265385508537292 0.0278236791491508 -0.0677132606506348
vn -5.3702294168354072 3.0109562492487312 1.2166451627886645
v -0.0252066794782877 0.0231679603457451 -0.0515841804444790
vn -5.5190136984283527 2.8500843501227786 0.9009095084940129
v -0.0257636904716492 0.0209707003086805 -0.0483358502388000
vn -6.2355613831849901 0.3927101851864139 -0.6432234116570918
v -0.0272138696163893 0.0164273902773857 -0.0512176714837551
vn -2.1516392609273658 -3.6811208862598059 -4.6123578457248913
v -0.0198779702186584 0.0101154996082187 -0.0565564595162868
vn -0.0000457945958963 -4.1204878046702564 -4.7417652907505623
v 0.0000000000000000 0.0091775646433234 -0.0594244003295898
vn -5.8726838130085826 -0.9111946529228163 -2.0101859809863671
v -0.0275722704827785 0.0103381797671318 -0.0481824800372124
vn -6.1624466580937538 1.1903991883048703 -0.1126687624931438
v -0.0309053007513285 0.0060001611709595 -0.0204137507826090
vn -6.2493445147837594 -0.6486401552049308 0.0456335988305906
v -0.0312863513827324 -0.0031764500308782 -0.0171249508857727
vn -5.6096234104525404 -2.8150676879703425 -0.0638154933077554
v -0.0281087700277567 -0.0142305400222540 -0.0202721897512674
vn -5.3309520778347110 -3.3246636009694610 0.0500149679357103
v -0.0266685392707586 -0.0166645608842373 -0.0171249508857727
vn -1.0879534747776816 -6.1878117424161374 0.0430771014745821
v -0.0046054120175540 -0.0311195794492960 -0.0171249508857727
vn -0.3582692536424188 -6.2725889087830691 0.0388411568408385
v -0.0010967249982059 -0.0314362607896328 -0.0171249508857727
vn -0.3762914290789046 -6.2713237687802597 0.0669468429448175
v -0.0023096790537238 -0.0313657484948635 -0.0171249508857727
vn 6.2607321411691563 0.0503888289221362 0.0558672221641201
v 0.0263571701943874 0.0240039806813002 -0.0615285001695156
vn 6.0331134501078347 1.7057541362101682 0.2391515866756977
v 0.0282601695507765 0.0129548897966743 -0.0411325618624687
vn 6.2720079953499539 0.3735015620971885 -0.0113945020717941
v 0.0313832685351372 0.0021948209032416 -0.0171249508857727
vn 4.4672101150251233 4.4182626592018606 0.0154735413513049
v 0.0226230006664991 0.0218458697199821 -0.0171249508857727
vn -1.8951121041378201 5.6374462642976404 2.0133296739147646
v -0.0115923797711730 0.0338071510195732 -0.0522978901863098
vn 1.0470191088255536 6.1850231190027039 0.0395279114137327
v 0.0052207699045539 0.0310643892735243 -0.0171249508857727
vn 0.3038828745474669 6.2661011992296745 0.0462327052083547
v 0.0015880459686741 0.0314598605036736 -0.0171249508857727
vn 6.2487484391949231 0.4635506584643918 -0.3737662534847330
v 0.0311360899358988 0.0250788908451796 -0.1053740009665489
vn 6.1531469994003700 1.0475472405749837 0.5370031227080314
v 0.0302157904952765 0.0310010891407728 -0.0971933007240295
vn 2.9671121415149493 4.1004428664914245 -3.6773211492738183
v 0.0153741799294949 0.0387319885194302 -0.1258780062198639
vn -2.6671400363721500 1.7281067805913473 -5.3894497949538405
v -0.0127525897696614 0.0332749411463737 -0.1309839934110641
vn -4.5114581187487683 0.9689713030985466 -4.2443541407787082
v -0.0222338996827602 0.0291705708950758 -0.1250270009040833
vn 6.1387806684469028 0.8657840622184829 0.9273502933436260
v 0.0278395991772413 0.0316076800227165 -0.0797640606760979
vn 1.6148609962588620 6.0646862656573397 0.1679969745997809
v 0.0131563497707248 0.0458516404032707 -0.0969741865992546
vn 1.5409777743584079 6.0638997616115837 0.4602254021968263
v 0.0128124896436930 0.0457145497202873 -0.0924428105354309
vn 1.1339678641663489 6.1742745882249643 0.1266619013665254
v 0.0096341371536255 0.0466639883816242 -0.0980539917945862
vn 6.2053517927746986 0.4284284000677674 0.8153752531391274
v 0.0268650595098734 0.0294953491538763 -0.0715566799044609
vn 2.9440421284800067 5.4686905299654089 0.8972313062119117
v 0.0202301703393459 0.0420860014855862 -0.0850018784403801
vn 2.5986840351796165 5.6471946275374130 0.8603363926030537
v 0.0187987592071295 0.0429121814668179 -0.0857266709208488
vn -5.4925842870140027 -0.0283521600924595 3.0505059426838832
v -0.0279415808618069 0.0157028995454311 -0.0890910029411316
vn -5.3452387481923944 0.3228853418556031 -3.2734453430390307
v -0.0266994796693325 0.0232110004872084 -0.1200969964265823
vn -5.3527956457836705 0.1284031622391427 -3.2733863442547775
v -0.0267549697309732 0.0209072791039944 -0.1201710030436516
vn -6.2297521076607687 0.3802469091338532 0.6842512504823606
v -0.0266891699284315 0.0283054690808058 -0.0690568611025810
vn -5.3686947155106397 -0.8379196718215844 3.1505453085604569
v -0.0259486995637417 0.0212422590702772 -0.0854764506220818
vn -5.5750084950912600 -1.0377544828154024 2.7009774394279100
v -0.0269702598452568 0.0227984692901373 -0.0868778824806213
vn -5.0780888870309111 -0.1729549856997449 3.6920648575555788
v -0.0251106601208448 0.0180604998022318 -0.0846081897616386
vn -5.2245223538093324 -3.1379079053496683 1.5227796762979997
v -0.0257681608200073 0.0245257597416639 -0.0822538733482361
vn -0.4677600153081723 -0.7720616938836010 6.2118429577478240
v -0.0023077719379216 0.0106133799999952 -0.0721622109413147
vn 0.0356851762584544 -5.6400863457335859 2.7423508532011458
v 0.0000000000000000 0.0129849901422858 -0.0704212710261345
vn -0.0185469664128953 -5.8360981686852966 2.3103097138223418
v 0.0000000000000000 0.0130471503362060 -0.0702643916010857
vn -0.5457496490361471 -5.7345222358866650 2.4987265411415343
v -0.0020992748904973 0.0131266703829169 -0.0703442618250847
vn -0.5229190953582384 -5.9339883771181370 1.9869040677756544
v -0.0020714988932014 0.0132426600903273 -0.0700343772768974
vn 0.0893031140385347 -5.5911477040992210 -2.8313824038671607
v 0.0000000000000000 0.0123359495773911 -0.0634735822677612
vn 0.0240067248221043 -5.3268872338664082 -3.3242842845170495
v 0.0000000000000000 0.0121171399950981 -0.0631229802966118
vn 0.0017030137131929 -5.3254616380958524 -3.3270779752564446
v 0.0000000000000000 0.0113824000582099 -0.0619455501437187
vn -0.5716148850833970 -5.8054582747495678 -2.3112578544222209
v -0.0033867950551212 0.0128719797357917 -0.0643410608172417
vn -1.2088028046266179 -5.9534416710437830 -1.5828704913344349
v -0.0068787927739322 0.0138627802953124 -0.0658193826675415
vn -1.3485020962845899 -6.0491218603649983 -1.0179361717504165
v -0.0070741171948612 0.0141310598701239 -0.0669071599841118
vn -1.0282662814053054 -6.1063701898182225 -1.0491321062271388
v -0.0053299060091376 0.0137471500784159 -0.0666474103927612
vn -0.3641402035874938 -6.1765483051299022 -1.0776001491467475
v -0.0018123979680240 0.0132996998727322 -0.0663494989275932
vn -0.3131541064102510 -6.0573596356472086 -1.6192175869780279
v -0.0017593499505892 0.0130797596648335 -0.0653332993388176
vn -0.6896366942063324 -6.1497700357868164 -1.0724319060737046
v -0.0035838480107486 0.0134642701596022 -0.0664572715759277
vn 0.0291959795283938 -6.1192773982204702 -1.3955824311076750
v 0.0000000000000000 0.0129970898851752 -0.0653005763888359
vn -0.2778770017206417 -5.8074546884629381 -2.3576046572727858
v -0.0017106529558077 0.0127269001677632 -0.0642597600817680
vn -0.6199677580818654 -6.0333257668713989 -1.6207159625583083
v -0.0034807920455933 0.0132346702739596 -0.0654270574450493
vn -0.9205379106439191 -6.0160915290861077 -1.5475034188695949
v -0.0051796431653202 0.0135008599609137 -0.0655927583575249
vn -1.0450741480029324 -5.7585918979324102 -2.2619777387033522
v -0.0067015881650150 0.0134609900414944 -0.0646819993853569
vn -1.6452080775031033 -5.9805827549576787 -0.9864739473040833
v -0.0087938299402595 0.0146147003397346 -0.0672366619110107
vn -1.6083959256753466 -5.3518976611525861 -2.8571724424491904
v -0.0129091702401638 0.0149745903909206 -0.0646319910883904
vn -1.8823570044055220 -5.3237833503285081 -2.7412245228012622
v -0.0144603801891208 0.0156959798187017 -0.0650250911712646
vn -1.4247424977167913 -5.0578038005123638 -3.4364154037388963
v -0.0126945897936821 0.0140707399696112 -0.0632499977946281
vn -2.0948537063278199 -5.2745581244250443 -2.6784626025061109
v -0.0159875694662333 0.0164947491139174 -0.0654644891619682
vn -2.1637250974118989 -5.5120265877986245 -2.0765903244058364
v -0.0147393904626369 0.0164336506277323 -0.0664411708712578
vn -1.8885181049082584 -5.5829188856953476 -2.1569484203972253
v -0.0131704797968268 0.0156796500086784 -0.0659872815012932
vn -2.6907453203654046 -5.5166621339722663 -1.3211612613194648
v -0.0166179500520229 0.0178566500544548 -0.0684235617518425
vn -2.1049342106770070 -5.0193417193017016 -3.1305555136744747
v -0.0172328893095255 0.0163833405822515 -0.0643882676959038
vn -2.3496546529393134 -4.9758930837517807 -3.0210345890554851
v -0.0186811592429876 0.0173142496496439 -0.0648536011576653
vn -3.1111360417314184 -4.8032522680562115 -2.5850911187334407
v -0.0214043799787760 0.0194165706634521 -0.0659278631210327
vn -3.5260563964970943 -4.6554332763720137 -2.3124988170948715
v -0.0226436797529459 0.0205841604620218 -0.0665410682559013
vn -3.4560838152312683 -4.9541019977980563 -1.7246920018973022
v -0.0218310896307230 0.0209027491509914 -0.0686416029930115
vn -3.2577001541436506 -5.1284892910862716 -1.5826593268517930
v -0.0206620600074530 0.0201917793601751 -0.0688107013702393
vn -3.8454540014055620 -4.7452680142536385 -1.4639362781516434
v -0.0230763498693705 0.0220773797482252 -0.0693998932838440
vn -3.6267078748256818 -4.9574732256182816 -1.3130046351409299
v -0.0219990592449903 0.0213069897145033 -0.0695552825927734
vn -3.8530641627946065 -4.8927777556114043 -0.8127542496155011
v -0.0223667006939650 0.0219887401908636 -0.0714012905955315
vn -3.2042301409357528 -5.2811674617133058 -1.1275866649208768
v -0.0196116492152214 0.0197928491979837 -0.0697760507464409
vn -2.9135670652200281 -5.2717373729093859 -1.7653412394314905
v -0.0192534904927015 0.0191445890814066 -0.0681296512484550
vn -2.9137890589159334 -5.5593724347854172 -0.2474801224201102
v -0.0157955791801214 0.0177464392036200 -0.0705791115760803
vn -2.4443384107933506 -5.7196951754811494 -0.8610130427889804
v -0.0138036003336310 0.0165982805192471 -0.0686277672648430
vn -3.4960824303335736 -5.1210768381358056 -0.9943232645091629
v -0.0210261903703213 0.0208601895719767 -0.0705531835556030
vn -4.0432573164709309 -4.7946918713175091 -0.3486801554301158
v -0.0227687899023294 0.0225302502512932 -0.0732702016830444
vn -4.4771478243099967 -4.3728174209091426 0.5352807027635094
v -0.0236393790692091 0.0232613608241081 -0.0770502611994743
vn -4.9252382465447990 -3.8826843087942224 0.3396402086165669
v -0.0255720596760511 0.0253642704337835 -0.0775845572352409
vn -4.3873183510547253 -4.4914943492892112 -0.1899806451011003
v -0.0240168496966362 0.0237179901450872 -0.0743110701441765
vn -3.7333546417258745 -5.0284647027117266 -0.4822646936269915
v -0.0214259605854750 0.0213895998895168 -0.0723096728324890
vn -3.4373289608023700 -5.2242615996568667 -0.5812936681625628
v -0.0200060606002808 0.0203032400459051 -0.0714275836944580
vn 0.0257915495570148 -6.2025065707643154 0.9309762277499933
v 0.0000000000000000 0.0133507801219821 -0.0692022964358330
vn -0.4768190448432211 -6.1715217748322440 1.0629819950500825
v -0.0020142788998783 0.0134064499288797 -0.0693513676524162
vn -0.5038832024902243 -6.0781455442860510 1.4975351280771327
v -0.0020431280136108 0.0133358798921108 -0.0697031617164612
vn -0.0232220911651375 -5.9669540960991139 1.9451250046354551
v 0.0000000000000000 0.0131680900231004 -0.0699592828750610
vn 0.0503346682140023 -5.1343138642488704 3.6010659137623877
v 0.0000000000000000 0.0127410795539618 -0.0708346888422966
vn -0.5741152789180691 -5.1237130001888467 3.5818245783502922
v -0.0021523830946535 0.0128244701772928 -0.0708985924720764
vn 0.0519954030671048 -4.8390515258296904 3.9899630609277024
v 0.0000000000000000 0.0125612001866102 -0.0710524916648865
vn -0.5885234011680422 -4.7076298124312217 4.1107614831534551
v -0.0021774170454592 0.0126374904066324 -0.0711419507861137
vn 0.0539598793285894 -4.1343259799633856 4.7171864822180689
v 0.0000000000000000 0.0123512698337436 -0.0712691470980644
vn 0.0403089388177659 -3.7235271173015518 5.0450122390736301
v 0.0000000000000000 0.0121240597218275 -0.0714678689837456
vn 0.0213584554325432 -2.8736618900120336 5.5741553506286641
v 0.0000000000000000 0.0117294704541564 -0.0717120692133904
vn 0.0328033391217483 -1.9694246167115965 5.9552089790444658
v 0.0000000000000000 0.0112654501572251 -0.0719059109687805
vn 0.0239662119880653 -1.5170259378372972 6.0887497556047663
v 0.0000000000000000 0.0109242703765631 -0.0719911977648735
vn -0.5360183825638397 -1.9364235096060556 5.9487144276989401
v -0.0022799370344728 0.0113230897113681 -0.0719980001449585
vn 0.0180242208747101 -1.0760344971879772 6.1804271901937398
v 0.0000000000000000 0.0106976004317403 -0.0720477700233459
vn -0.4116911108585326 1.2102275959186164 5.9971918001857585
v -0.0020021200180054 0.0097814202308655 -0.0721886679530144
vn -0.5356941317392918 -0.1768109371588408 6.2547091637060870
v -0.0023285739589483 0.0097967376932502 -0.0722199603915215
vn -0.8247420258131717 -6.2241251174647978 -0.0141399060017852
v -0.0038077230565250 0.0136687699705362 -0.0683171674609184
vn -1.3346172955741604 -6.1025925229579805 0.6397031007581364
v -0.0058295130729675 0.0139683401212096 -0.0694159790873528
vn -0.9882513293662504 -6.0079349362590717 1.5362668327179936
v -0.0040395250543952 0.0135296499356627 -0.0698800608515739
vn -1.4105253922648950 -6.0132757312568454 1.1391681359185717
v -0.0059154029004276 0.0139271598309278 -0.0698127672076225
vn -1.0308984749480123 -5.8554886433665532 2.0189214757691794
v -0.0040965080261230 0.0134379798546433 -0.0702200531959534
vn -1.0709676034518203 -5.6444511461949105 2.5322008890860976
v -0.0041524758562446 0.0133226504549384 -0.0705384612083435
vn -1.6467672163045646 -5.2032957957174304 3.1041657700392391
v -0.0062512750737369 0.0135194603353739 -0.0711874887347221
vn -1.6859815802349107 -4.8344130314288893 3.6331554262639987
v -0.0063310861587524 0.0133539997041225 -0.0714743733406067
vn -1.1336999619949573 -5.0136661382380039 3.6031208018287368
v -0.0042604198679328 0.0130195003002882 -0.0711085721850395
vn -1.7094934713298207 -4.3898922969530050 4.1490675877828425
v -0.0064084520563483 0.0131614804267883 -0.0717367529869080
vn -1.1548135457543491 -4.0872098867627065 4.6214224930316687
v -0.0043609729036689 0.0126153798773885 -0.0715851709246635
vn -1.7136499020054723 -3.8757324599428200 4.6309515787074336
v -0.0064829578623176 0.0129407001659274 -0.0719739720225334
vn -1.1203014290768061 -2.9528738577716593 5.4247332135616064
v -0.0044515128247440 0.0121035501360893 -0.0719627663493156
vn -1.6965374240272848 -3.3106255717519533 5.0563526236343375
v -0.0065540671348572 0.0126898800954223 -0.0721848607063293
vn -1.0861218289897709 -2.3747356688786252 5.7088994875253984
v -0.0044914479367435 0.0118054701015353 -0.0721126720309258
vn -1.6107708143364519 -2.1634816114554813 5.6698251600828558
v -0.0066825738176703 0.0120940804481506 -0.0725243017077446
vn -1.4848021503417397 -1.1624610638748734 5.9903975140698336
v -0.0067900409922004 0.0113792996853590 -0.0727529525756836
vn -0.7770410953594982 -0.2246486997578315 6.2291893719315761
v -0.0040116901509464 0.0098755946382880 -0.0723814889788628
vn -0.9754250238914686 -0.7290124208945622 6.1592077606357556
v -0.0045899148099124 0.0107485596090555 -0.0724039599299431
vn -1.0085534802377496 -1.3060886316157871 6.0582741685384978
v -0.0045602321624756 0.0111272903159261 -0.0723333880305290
vn -0.5144460165630714 -1.4013424468611064 6.0994639224456080
v -0.0022947189863771 0.0109815504401922 -0.0720933601260185
vn -1.0473137571677282 -1.8224537081286021 5.9161009832506553
v -0.0045275678858161 0.0114797903224826 -0.0722362920641899
vn -0.5481539831638085 -2.5134855998417258 5.7269098757254540
v -0.0022631878964603 0.0116381002590060 -0.0718767568469048
vn -1.1443519625503373 -3.5340836749351938 5.0594579871172165
v -0.0044077029451728 0.0123733803629875 -0.0717867016792297
vn -0.5696753490255069 -3.1058053066513240 5.4257237544195096
v -0.0022444119676948 0.0119266500696540 -0.0717299506068230
vn -0.5825855539772722 -3.6738554303491213 5.0565016233500728
v -0.0022236099466681 0.0121890902519226 -0.0715581700205803
vn -0.5870410620497211 -4.2228012096656009 4.6072471588280228
v -0.0022011990658939 0.0124258901923895 -0.0713620707392693
vn -1.1507601255573501 -4.5850971469518509 4.1294900569287778
v -0.0043118000030518 0.0128303701058030 -0.0713588520884514
vn -1.1061854179557131 -5.3665661137353640 3.0640363001839974
v -0.0042072529904544 0.0131832901388407 -0.0708348676562309
vn -0.5594582783508407 -5.4685528684886950 3.0332644566993281
v -0.0021262760274112 0.0129873696714640 -0.0706325694918633
vn -0.9450207944798680 -6.1119898824189711 1.0899330255553645
v -0.0039818282239139 0.0135981999337673 -0.0695192813873291
vn -0.8937472898885365 -6.1870195138873836 0.5913801407264087
v -0.0039237728342414 0.0136439800262451 -0.0691381022334099
vn -0.4536451451140571 -6.2387687466094075 0.5500551336605508
v -0.0019850730895996 0.0134549699723721 -0.0689793825149536
vn -0.4371241307793700 -6.2628215397256239 -0.0459940339266511
v -0.0019264810252935 0.0134866796433926 -0.0681765601038933
vn 0.0543358158211709 -6.2636699454442724 0.3920156347328884
v 0.0000000000000000 0.0133706899359822 -0.0689147114753723
vn -1.2301954877848802 -6.1568288234055277 0.0269663303134786
v -0.0056582088582218 0.0139815798029304 -0.0685640498995781
vn -1.7373725179118158 -5.9945340789239330 0.6928886820747238
v -0.0077247610315681 0.0144070899114013 -0.0697958990931511
vn -1.9169439025885686 -5.7513586511240646 1.6398839437600425
v -0.0079485774040222 0.0143116703256965 -0.0706113502383232
vn -1.4745671827693259 -5.8948770955435474 1.5866966232225330
v -0.0060009951703250 0.0138622503727674 -0.0701890513300896
vn -1.5373895726787687 -5.7264648135387155 2.0686529590641141
v -0.0060857529751956 0.0137730799615383 -0.0705440565943718
vn -1.5959856005656334 -5.4982196963087064 2.5789113933529997
v -0.0061693191528320 0.0136590003967285 -0.0708771869540215
vn -1.9968822484998796 -5.5638678244216724 2.1194257674420141
v -0.0080592632293701 0.0142256598919630 -0.0709870979189873
vn -2.0707666341532036 -5.3163826267133203 2.6226116065633147
v -0.0081684580072761 0.0141130601987243 -0.0713402032852173
vn -1.6604426407786241 -2.7273864335785794 5.4051703139285019
v -0.0066211218945682 0.0124078895896673 -0.0723685622215271
vn -2.0778252860778421 -1.9203671259209032 5.6054212964276227
v -0.0088413348421454 0.0124828796833754 -0.0730871483683586
vn -1.5564234915287893 -1.6430868863248955 5.8573710086807012
v -0.0067386617884040 0.0117504503577948 -0.0726522803306580
vn -1.2080337377496631 -0.1678311364761184 6.1621340061956733
v -0.0060099358670413 0.0100312801077962 -0.0727035924792290
vn -1.9955043633838314 -1.3363015891714762 5.7999437046002971
v -0.0089153638109565 0.0121148796752095 -0.0732211992144585
vn -2.1400094197018475 -2.4645509176175144 5.3628633067380393
v -0.0087603917345405 0.0128179695457220 -0.0729234814643860
vn -2.5908982958488340 -2.1807208374349667 5.2868287323026149
v -0.0108458902686834 0.0133287897333503 -0.0736277103424072
vn -2.1876374732831625 -3.0477948955059153 5.0330063279650741
v -0.0086722970008850 0.0131166502833366 -0.0727292820811272
vn -2.6807362265742460 -3.3378645700931244 4.5913438493033905
v -0.0106237502768636 0.0139265600591898 -0.0731796622276306
vn -2.2118881486260720 -3.6234450899173858 4.6241823656009142
v -0.0085789561271667 0.0133793903514743 -0.0725054666399956
vn -2.6812419389703330 -3.8808764642989475 4.1426933828820207
v -0.0105044804513454 0.0141655802726746 -0.0729086920619011
vn -2.6520487120214171 -4.3581457480433947 3.6597876711317072
v -0.0103808604180813 0.0143690695986152 -0.0726084709167480
vn -2.2092444710941956 -4.1537202634927830 4.1563036562308344
v -0.0084813833236694 0.0136081501841545 -0.0722534582018852
vn -2.1816184623430694 -4.6149465070341193 3.6550522600502537
v -0.0083800554275513 0.0138053800910711 -0.0719743892550468
vn -2.5983191958762548 -4.7618323777692293 3.1624739666000399
v -0.0102533595636487 0.0145401898771524 -0.0722808763384819
vn -2.1338708283924754 -5.0016792078202652 3.1389230220865487
v -0.0082755675539374 0.0139732901006937 -0.0716696903109550
vn -2.4393282287308811 -5.3660572455954183 2.1667789221644345
v -0.0099899172782898 0.0147917801514268 -0.0715487524867058
vn -1.8347187772834155 -5.8870641795832164 1.1930524417463393
v -0.0078368782997131 0.0143718700855970 -0.0702139735221863
vn -1.6010019226713710 -6.0707218518201085 0.0726342958004864
v -0.0075014820322394 0.0144048901274800 -0.0689014717936516
vn -2.9231333998813578 -1.4132237067013778 5.3754997998260805
v -0.0129864802584052 0.0135351996868849 -0.0746622011065483
vn -2.5191256068925858 -1.6618194108950417 5.5067648654248744
v -0.0109453704208136 0.0129666896536946 -0.0738017484545708
vn -2.6488964136516042 -2.7571477404567499 4.9790663453078832
v -0.0107378903776407 0.0136486804112792 -0.0734198614954948
vn -3.1034188831911411 -3.0480679691370733 4.5265240792836305
v -0.0126111498102546 0.0145709495991468 -0.0739911720156670
vn -3.1068403715015158 -3.5982805460997396 4.1007401488851762
v -0.0124723901972175 0.0148224802687764 -0.0736972615122795
vn -2.5256527726021663 -5.0967379256766208 2.6604750285907572
v -0.0101228896528482 0.0146808000281453 -0.0719271823763847
vn -2.7355283794406251 -5.3811256363188447 1.7345494556851868
v -0.0117181502282619 0.0155392801389098 -0.0717914700508118
vn -2.6233815019206363 -5.5583811622506332 1.2942986810720569
v -0.0115607902407646 0.0155879799276590 -0.0713351890444756
vn -2.3445843880794932 -5.5750754302668444 1.6931651565879919
v -0.0098552098497748 0.0148741602897644 -0.0711467787623405
vn -2.2461880138603751 -5.7312852591004155 1.2478340848360883
v -0.0097194314002991 0.0149288699030876 -0.0707225725054741
vn -2.4912617391583605 -5.7086565602768919 0.8010130115036360
v -0.0114029003307223 0.0156079502776265 -0.0708574578166008
vn -2.1299494336156304 -5.8597509584782355 0.7495520833644678
v -0.0095831751823425 0.0149567704647779 -0.0702773928642273
vn -2.0245163534073987 -0.0703410502903745 5.9452618690286219
v -0.0098673095926642 0.0105072800070047 -0.0737103819847107
vn -1.8848461080129464 -0.6881099449420292 5.9484754117342726
v -0.0090461960062385 0.0112979998812079 -0.0734053775668144
vn -3.4407406982070015 -0.0609025806914378 5.2540157798378422
v -0.0172463003546000 0.0120507404208183 -0.0772656723856926
vn -3.1393394387013385 -0.3429211538110354 5.4288292975812382
v -0.0152936503291130 0.0126617504283786 -0.0760566517710686
vn -2.7539500478336052 -0.4367983238017396 5.6268807406585424
v -0.0132835498079658 0.0121473595499992 -0.0750266909599304
vn -2.7538017396864696 -0.0918750147452441 5.6445666147519997
v -0.0136304404586554 0.0111912395805120 -0.0752266570925713
vn -2.3816876313444482 -0.1625907201903589 5.8099114706461288
v -0.0118377795442939 0.0108383800834417 -0.0744339823722839
vn -2.8397176159474773 -0.9363332476081792 5.5219936959533875
v -0.0130934696644545 0.0130999600514770 -0.0748140811920166
vn -2.4363638829360967 -1.1294959094848736 5.6754089229846016
v -0.0110365701839328 0.0125680500641465 -0.0739437863230705
vn -2.3268276248519610 -0.5550636962273421 5.8053621953899412
v -0.0111982803791761 0.0116892401129007 -0.0741406604647636
vn -1.4478036872637381 -0.6534329526298439 6.0746395861878817
v -0.0068374271504581 0.0109828701242805 -0.0728268623352051
vn -1.7621599754241706 -0.2029910356169471 6.0248970754740956
v -0.0091544380411506 0.0104090496897697 -0.0735008716583252
vn -3.2046407006889828 -0.7812464841521111 5.3442531949635335
v -0.0150792002677917 0.0136990500614047 -0.0758258104324341
vn -3.4428192754422948 -2.1924563601952354 4.7705514277557128
v -0.0146858599036932 0.0149827003479004 -0.0752177834510803
vn -3.4847392906224579 -2.7671316189302102 4.4288237134563104
v -0.0145365502685308 0.0153004499152303 -0.0749347805976868
vn -3.8365134276314214 -3.0514434599678228 3.9234059927201832
v -0.0162231903523207 0.0163871608674526 -0.0756564736366272
vn -3.7424794302423248 -3.9881420538804524 3.0865653015951224
v -0.0158662702888250 0.0168076697736979 -0.0748459622263908
vn -3.4597880477101892 -3.8156766912168143 3.5915011268855821
v -0.0142195802181959 0.0157876592129469 -0.0742595717310905
vn -3.3137109608817932 -4.6158405909209970 2.6747200007752179
v -0.0138836503028870 0.0161125604063272 -0.0734562799334526
vn -3.2095594109980086 -4.9247917747762351 2.2115220326388876
v -0.0137106701731682 0.0162214003503323 -0.0730119869112968
vn -3.5438290949515139 -4.6941054006134024 2.2033778580528955
v -0.0154925500974059 0.0170639697462320 -0.0739073678851128
vn -3.4200038452565744 -4.9629257906936548 1.7680065190928449
v -0.0153016997501254 0.0171359702944756 -0.0733962580561638
vn -3.0929042322208917 -5.1758368785841293 1.7593649449008835
v -0.0135356700047851 0.0162963792681694 -0.0725420713424683
vn -2.8245526381277020 -5.5451787852827223 0.8433134209513651
v -0.0131825795397162 0.0163506790995598 -0.0715332031250000
vn -2.6073866479639527 -5.7077403891879035 0.2181726955477850
v -0.0128310900181532 0.0162872597575188 -0.0704457685351372
vn -3.4297116909705361 -5.2493869565425033 0.3344828662765946
v -0.0178072992712259 0.0189193394035101 -0.0727531909942627
vn -3.8535412934869262 -4.7717573591812581 1.3566735445391334
v -0.0184500794857740 0.0190534498542547 -0.0747774764895439
vn -3.9440331578134762 -4.7978369979989237 0.9341018810370150
v -0.0198086500167847 0.0200691800564528 -0.0751715824007988
vn -4.1105366215522388 -4.5550957890772388 1.3477122105743531
v -0.0200302600860596 0.0200823508203030 -0.0758830904960632
vn -3.9941428564050403 -4.5254363957099466 1.7389617460952902
v -0.0186644699424505 0.0190241895616055 -0.0754103586077690
vn -4.2406377871930117 -3.8833059313888363 2.5270302276104979
v -0.0190871898084879 0.0188402496278286 -0.0765923783183098
vn -4.3832689968127294 -3.9920636756120396 2.0749792350019955
v -0.0204697791486979 0.0199817996472120 -0.0772298499941826
vn -4.4985823774925695 -3.6411137131101756 2.4406858016231601
v -0.0206856708973646 0.0198623500764370 -0.0778569504618645
vn -3.1699485113215506 -5.4120897586070296 0.2971399466668744
v -0.0161940995603800 0.0179709699004889 -0.0718997716903687
vn -3.6879826568897345 -4.9997296432242404 0.9195851662388692
v -0.0182350799441338 0.0190440993756056 -0.0741213485598564
vn -3.5812959478404345 -4.9787726403775565 1.3581720391078442
v -0.0168079696595669 0.0180807691067457 -0.0737702772021294
vn -3.8472394817489759 -4.4625434391615340 2.1760424380096830
v -0.0172162596136332 0.0179780703037977 -0.0749090909957886
vn -4.1253452669218582 -4.2294198170615358 2.1321703836390857
v -0.0188771393150091 0.0189539697021246 -0.0760165974497795
vn -4.3336729554009086 -3.4908705043427508 2.9117203929366697
v -0.0192933604121208 0.0186805706471205 -0.0771343708038330
vn -4.3997461345938218 -3.0515490020255260 3.2816984597630285
v -0.0194946508854628 0.0184721890836954 -0.0776391029357910
vn -4.4339403902758319 -2.5614611483016447 3.6346271356484250
v -0.0196901503950357 0.0182097498327494 -0.0781027600169182
vn -4.1027331737916128 -1.7123417395588820 4.4342917823595602
v -0.0183486901223660 0.0165976807475090 -0.0775398015975952
vn -4.1951228388964994 -4.5775685401307076 0.9477124083946338
v -0.0213162805885077 0.0211443901062012 -0.0763177797198296
vn -4.4981223795657304 -4.0550631650605400 1.6685656865256309
v -0.0217653494328260 0.0211289506405592 -0.0778338909149170
vn -4.2517436948798029 -4.2972443948731307 1.7073393589311383
v -0.0202509704977274 0.0200541596859694 -0.0765705704689026
vn -4.6272403541227050 -3.7442338051531436 2.0067901885487771
v -0.0219871904700994 0.0210516992956400 -0.0785496830940247
vn -4.5917438387092879 -3.2484535271635995 2.7949596506818857
v -0.0208973791450262 0.0196930691599846 -0.0784476920962334
vn -4.6585245945371279 -2.8141348683100755 3.1339978103501780
v -0.0211038496345282 0.0194706898182631 -0.0789979621767998
vn -3.6827396867550659 -5.0727334735997509 0.3740236882886508
v -0.0193675700575113 0.0199297592043877 -0.0736925601959229
vn -4.3590503201158635 -4.3222174495852030 1.3342954788087416
v -0.0215413495898247 0.0211588703095913 -0.0770882889628410
vn -4.6062704212548482 -4.0627491672455944 1.3193625829737992
v -0.0229732897132635 0.0222737696021795 -0.0783950015902519
vn -4.7396442344154703 -3.7894840588230183 1.6242343076792227
v -0.0231978800147772 0.0222391393035650 -0.0792018696665764
vn -4.7402348997188462 -3.3917986195657148 2.3411048782313078
v -0.0222056508064270 0.0209236703813076 -0.0792310833930969
vn -4.8316592521703470 -3.0028684457669419 2.6626666795282374
v -0.0224197506904602 0.0207418706268072 -0.0798732563853264
vn -4.8980429775109382 -2.5784347841530146 2.9678811054367586
v -0.0226282402873039 0.0205024406313896 -0.0804715678095818
vn -5.2734337888192453 -2.4689877255732475 2.3564991661084886
v -0.0251828990876675 0.0229052901268005 -0.0830615684390068
vn -5.4672821101178943 -2.1692425852821460 2.2058916719108104
v -0.0264003798365593 0.0239973608404398 -0.0848225876688957
vn -5.5133417339501598 -1.8625467215695706 2.3635698106383103
v -0.0265988707542419 0.0236855708062649 -0.0855746790766716
vn -5.7201832484839157 -1.5278379142880967 2.0965416266079631
v -0.0276814606040716 0.0247367005795240 -0.0874968692660332
vn -3.1336762996575556 -5.3713043156676301 0.8769463022755704
v -0.0149168903008103 0.0171766802668571 -0.0723028704524040
vn -3.4196560930884945 -5.1898625880819633 0.9016594966157813
v -0.0166025701910257 0.0180772505700588 -0.0731654688715935
vn -3.2884662632278800 -5.1788720699193203 1.3498308848366822
v -0.0151094701141119 0.0171729903668165 -0.0728605911135674
vn -3.7186800080645934 -4.7462252302838284 1.7605096851682740
v -0.0170128904283047 0.0180484596639872 -0.0743525028228760
vn -3.6533707773422961 -4.3694275313604116 2.6465877239166726
v -0.0156809594482183 0.0169550701975822 -0.0743913576006889
vn -3.9605934380237948 -4.1254360756583903 2.5962321446489005
v -0.0174170695245266 0.0178677998483181 -0.0754370614886284
vn -3.8053257672869578 -3.5501943728923901 3.5139305840000947
v -0.0160472895950079 0.0166195593774319 -0.0752684995532036
vn -4.0522003160318549 -3.7362949479516923 3.0102268968695141
v -0.0176144801080227 0.0177152696996927 -0.0759335681796074
vn -4.1168916367390374 -3.2958601156111635 3.4094271768507225
v -0.0178072992712259 0.0175181608647108 -0.0763955712318420
vn -4.1494382325991079 -2.7995274657083993 3.7910491321718114
v -0.0179945807904005 0.0172720495611429 -0.0768198892474174
vn -3.8304887739335909 -2.5032631915486290 4.2988814255866989
v -0.0163930002599955 0.0161035601049662 -0.0760064721107483
vn -3.7872789103384776 -1.9399591881915581 4.6168442282182633
v -0.0165557805448771 0.0157610699534416 -0.0763154029846191
vn -4.1442545754181390 -2.2592956534427038 4.1405346403763206
v -0.0181753598153591 0.0169683601707220 -0.0772026702761650
vn -3.7557790550631234 -0.0855101650337268 5.0315362635911516
v -0.0188884697854519 0.0125054698437452 -0.0784162804484367
vn -4.9357256802712524 -2.1158171052423995 3.2562634453749926
v -0.0228301808238029 0.0201983992010355 -0.0810208916664124
vn -4.6948268557323027 -2.3357559207214607 3.4553333890294660
v -0.0213041901588440 0.0191890001296997 -0.0795033499598503
vn -4.4315803099139659 -2.0350445589967325 3.9557803248977890
v -0.0198786798864603 0.0178830008953810 -0.0785206481814384
vn -3.7007240829186712 -1.3211104099939048 4.8945809870070081
v -0.0167101603001356 0.0153527799993753 -0.0765796825289726
vn -3.5906974142646595 -0.6980569444299037 5.1034304432588593
v -0.0169856492429972 0.0143541600555182 -0.0769741535186768
vn -3.9255098180341346 -0.5571547401543762 4.8698580807597409
v -0.0188064500689507 0.0150535702705383 -0.0782541036605835
vn -3.5083660103581029 -0.2536018564120884 5.2035890744703552
v -0.0172202493995428 0.0132218003273010 -0.0772253796458244
vn -4.5103485399176266 -0.0598158634037504 4.3700473401939997
v -0.0224291607737541 0.0150629803538322 -0.0815079808235168
vn -5.1687539974901249 -1.4363304392042548 3.2657804803999309
v -0.0244519691914320 0.0208106003701687 -0.0831883475184441
vn -4.9410562706849204 -1.6292981948888319 3.5171410025318059
v -0.0230241995304823 0.0198158007115126 -0.0815149471163750
vn -4.6646435338337557 -1.3242654543606289 3.9906026698161803
v -0.0216814801096916 0.0183984600007534 -0.0803580805659294
vn -4.6052362470103878 -0.8117699021290703 4.1906076787188749
v -0.0218559503555298 0.0178648792207241 -0.0806962773203850
vn -4.5367771575705831 -0.3351159645053287 4.3303685969941696
v -0.0221673808991909 0.0165383797138929 -0.0811917707324028
vn -4.4602906771912512 0.0277391342249583 4.4237318474599716
v -0.0218794904649258 0.0134353600442410 -0.0809679627418518
vn -4.3746639484697560 0.1048218545461577 4.5012149204048999
v -0.0218079593032598 0.0134109798818827 -0.0808947607874870
vn -4.1884370529754555 -0.1054771473586819 4.6795567849538422
v -0.0207945704460144 0.0144335599616170 -0.0799561664462090
vn -5.1218458159444120 -2.3363516025566411 2.7856436297631437
v -0.0240593496710062 0.0215564891695976 -0.0820596814155579
vn -4.6961596913914558 -1.8270198889781253 3.7471859301269310
v -0.0214970707893372 0.0188360791653395 -0.0799586698412895
vn -4.3943447803582512 -1.5087807841572090 4.2244094211296019
v -0.0200591608881950 0.0174807906150818 -0.0788881704211235
vn -4.3245345831695179 -0.9577106868448431 4.4497759968331643
v -0.0202301703393459 0.0169930998235941 -0.0792005583643913
vn -4.0250549331033056 -1.1251328495711119 4.6842588634562476
v -0.0185129605233669 0.0161517802625895 -0.0778273865580559
vn -4.2399141187681098 -0.4367504073618851 4.6124729009189345
v -0.0205357596278191 0.0157855693250895 -0.0796611905097961
vn -3.8569945841924405 -0.1748784973405737 4.9543669931931031
v -0.0190560799092054 0.0138161703944206 -0.0785269737243652
vn -5.0272555538411758 -0.0292743708334892 3.7681331176183184
v -0.0255447607487440 0.0147481495514512 -0.0852147936820984
vn -5.0328705458612797 0.1068312325871416 3.7568734728944491
v -0.0248165708035231 0.0144719397649169 -0.0842358991503716
vn -4.9278140174909959 0.0729850110208826 3.8891675696017418
v -0.0246621891856194 0.0144134704023600 -0.0840283632278442
vn -5.3119334040794843 -0.0766200460391379 3.3502060577732071
v -0.0264070592820644 0.0188066903501749 -0.0864862725138664
vn -5.5336717062725400 -0.0272307618125505 2.9699371940759880
v -0.0275751892477274 0.0195277892053127 -0.0884713530540466
vn -5.4847541216408064 0.0309797762512807 3.0637854308422083
v -0.0272684600204229 0.0154276397079229 -0.0878812596201897
vn -5.5448602292081919 0.0712309242039320 2.9454870683810173
v -0.0277912598103285 0.0174759607762098 -0.0888391733169556
vn -5.3898449213326582 0.0467860121623688 3.2201560237860063
v -0.0270091798156500 0.0153215499594808 -0.0874152705073357
vn -5.3104322918149593 0.0334426877592680 3.3506377901751483
v -0.0266420803964138 0.0169101897627115 -0.0868489667773247
vn -5.0646100383121500 -0.0018266818381864 3.7119520639333947
v -0.0253600403666496 0.0163122992962599 -0.0849596783518791
vn -5.2624075576907412 0.0114331085845001 3.4327108564438675
v -0.0268099904060364 0.0152428699657321 -0.0871073007583618
vn -5.1655700513433267 0.0340982875169004 3.5677155654041868
v -0.0258587002754211 0.0148672396317124 -0.0856366679072380
vn -5.1179511449266553 -0.5662752248789232 3.5954848901275001
v -0.0248065497726202 0.0196526590734720 -0.0840454623103142
vn -4.8685763115162421 -0.6828458884713723 3.9072767504857921
v -0.0233839694410563 0.0187553707510233 -0.0823120996356010
vn -4.9166346105906973 -1.1550833647237317 3.7329563682387108
v -0.0232092700898647 0.0193392001092434 -0.0819473788142204
vn -4.8159715064084470 -0.2494528667826097 4.0240417382924392
v -0.0236946903169155 0.0173006001859903 -0.0828419923782349
vn -4.7905659045506344 -0.0452029413816437 4.0597154892097889
v -0.0239532496780157 0.0156928803771734 -0.0831774994730949
vn -3.6136077202073946 -0.0450871397402466 5.1396049847425580
v -0.0174174904823303 0.0120981903746724 -0.0773855969309807
vn -3.2724827164836241 -1.1811803145558826 5.2289483240105188
v -0.0149583797901869 0.0141764795407653 -0.0756623670458794
vn -3.3738028944281404 -1.6464074759183549 5.0335168461322297
v -0.0148273697122931 0.0146080795675516 -0.0754609107971191
vn -3.0000761399673377 -1.9037210116443741 5.1768613485826283
v -0.0128700695931911 0.0139294797554612 -0.0744754001498222
vn -3.0653331666760111 -2.4670210719929679 4.8919516467287245
v -0.0127441799268126 0.0142746502533555 -0.0742512866854668
vn -3.4902795750507174 -3.3194498969681714 4.0272711514044977
v -0.0143808703869581 0.0155667597427964 -0.0746144577860832
vn -3.0767914686830906 -4.0872680601569567 3.6403751053014828
v -0.0123285604640841 0.0150337796658278 -0.0733717605471611
vn -3.3989979762409530 -4.2468932039655556 3.1377713490843724
v -0.0140534602105618 0.0159685593098402 -0.0738727971911430
vn -3.0189637587055795 -4.5066593005840474 3.1634486833972546
v -0.0121804401278496 0.0152091896161437 -0.0730167627334595
vn -2.9390146723789945 -4.8602635620813111 2.6790837529249671
v -0.0120288701727986 0.0153510496020317 -0.0726339817047119
vn -2.8425568488958977 -5.1504563505624299 2.1990789482545496
v -0.0118744904175401 0.0154606597498059 -0.0722249671816826
vn -2.9696543811057308 -5.3732073363672885 1.3284370995138732
v -0.0133593603968620 0.0163390003144741 -0.0720484778285027
vn -4.3750983635249723 -4.0781677408549317 -1.9150545095758600
v -0.0246454402804375 0.0225411001592875 -0.0668805763125420
vn -3.8996033717131739 -4.3664220309118562 -2.2668039364075030
v -0.0236543994396925 0.0212334897369146 -0.0662150904536247
vn -4.7777711267647609 -3.7491114917957740 -1.6069152527952490
v -0.0250825807452202 0.0232163593173027 -0.0672304034233093
vn -4.9943871818327956 -3.4360060405085431 -1.6462057685123432
v -0.0253692790865898 0.0232836604118347 -0.0665014907717705
vn -4.8496957250429746 -3.7540752281538561 -1.3610876148744788
v -0.0252038799226284 0.0237946491688490 -0.0683007836341858
vn -5.3092724462415335 -3.3360208367005773 -0.3913054163687105
v -0.0260445401072502 0.0259196702390909 -0.0720466896891594
vn -5.0000914043317115 -3.7033452582819342 -0.8656421267035199
v -0.0254876594990492 0.0248128697276115 -0.0704689025878906
vn -4.4600453095618642 -4.0990208381422288 -1.6574662462355616
v -0.0247656702995300 0.0231238007545471 -0.0679239630699158
vn -4.5495723971480970 -4.0988723932148812 -1.3938394414613449
v -0.0249002501368523 0.0236601792275906 -0.0689750909805298
vn -4.3085992438173584 -4.4167799540749542 -1.1621646355582771
v -0.0242099706083536 0.0233109500259161 -0.0702216625213623
vn -4.8287524704638347 -3.9693271192931041 -0.6092037606219838
v -0.0253781601786613 0.0249966904520988 -0.0721865817904472
vn -5.0762094201852959 -3.6480671832418219 -0.6233342646295570
v -0.0256477501243353 0.0252539496868849 -0.0715689584612846
vn -5.4266723780786235 -3.1650180766552509 0.0031001168072787
v -0.0263953804969788 0.0266577601432800 -0.0743487998843193
vn -5.6371071973286053 -2.6060226157843003 -0.9405430762038893
v -0.0260135494172573 0.0246979501098394 -0.0671985670924187
vn -5.8984246949800792 -2.0761287462000961 -0.5882836253960348
v -0.0262591801583767 0.0254160705953836 -0.0675598904490471
vn -5.9523680091254585 -1.9909198042982652 -0.2272110537145507
v -0.0264952704310417 0.0265651904046535 -0.0699201822280884
vn -6.1232069313688946 -1.3933310027841070 0.0691096380303135
v -0.0266886893659830 0.0272720996290445 -0.0703440904617310
vn -6.2080661090795148 0.2695026734075525 0.8739124376066996
v -0.0275352001190186 0.0302925705909729 -0.0765115618705750
vn -5.5911830746091162 -2.8331713930648257 0.4171791072422380
v -0.0269784908741713 0.0274692699313164 -0.0779075622558594
vn -5.3014934582326605 -3.3697813902622302 0.0576822372119494
v -0.0261867605149746 0.0263152699917555 -0.0749455019831657
vn -5.3855664215841266 -3.2200247190996030 0.3064334875892298
v -0.0265832506120205 0.0268327500671148 -0.0772618576884270
vn -5.7839202874319540 -2.3922178002478840 0.5265362771094062
v -0.0273276492953300 0.0281060896813869 -0.0785700604319572
vn -5.4767137551009206 -3.0345687991440831 0.5118741282830886
v -0.0269985701888800 0.0272237602621317 -0.0796273872256279
vn -5.1278339435252889 -3.6235531705741844 0.1753170835544036
v -0.0261448603123426 0.0261985007673502 -0.0766338109970093
vn -5.6619744741884386 -2.6503985344168566 0.6112304527524040
v -0.0273914895951748 0.0278457906097174 -0.0803470611572266
vn -5.6545767915397498 -2.6298081418695145 0.7372382835365678
v -0.0276017691940069 0.0279822908341885 -0.0815821811556816
vn -5.3417297737884359 -3.2496754227656761 0.5806606226436615
v -0.0267758890986443 0.0267530605196953 -0.0800855681300163
vn -5.2568979171351966 -3.4080239623657071 0.4568713240412302
v -0.0265625696629286 0.0266015492379665 -0.0789265036582947
vn -5.1107374155608136 -3.5893092210573045 0.6720348121741527
v -0.0260066892951727 0.0256503801792860 -0.0797553583979607
vn -5.7108531171214487 -2.4809311120850959 0.8158310581982127
v -0.0278129503130913 0.0280782505869865 -0.0828185006976128
vn -5.7509128683265098 -2.3296117288882989 0.9732623611965919
v -0.0280239507555962 0.0281286798417568 -0.0840467810630798
vn -5.4315097601108810 -3.0508907345632279 0.7726284548719110
v -0.0269906502217054 0.0268654804676771 -0.0812451764941216
vn -5.8390200621036730 -2.2036394631932006 0.7052459279646308
v -0.0277385693043470 0.0284659806638956 -0.0810847803950310
vn -5.1973618649878777 -3.4191388547487627 0.8624769423726567
v -0.0262256804853678 0.0257325693964958 -0.0808323025703430
vn -5.5034930063301744 -2.8763308153453946 0.9235722754244309
v -0.0272057000547647 0.0269340798258781 -0.0823966786265373
vn -5.8109463876984551 -2.1426070789490255 1.0436663129319526
v -0.0282335802912712 0.0281280800700188 -0.0852577611804008
vn -5.9053855177355254 -1.9500543047627785 0.8817279483837706
v -0.0281570497900248 0.0286794900894165 -0.0836341902613640
vn -5.9242798026454464 2.0149435357658172 0.3248856681742783
v -0.0297256708145142 0.0331793986260891 -0.0975162908434868
vn -6.0675018005496995 1.4870998006068459 0.5185583819807416
v -0.0299124699085951 0.0320800505578518 -0.0956529900431633
vn -6.1450676011039969 0.9570420454648315 0.7907458820987022
v -0.0295176506042480 0.0314439497888088 -0.0908628106117249
vn -6.2070553099946206 0.0728715205408899 0.9021383536618657
v -0.0286188703030348 0.0308897402137518 -0.0841881632804871
vn -6.1810734550713979 -0.7260776029218572 0.8151781142628441
v -0.0280715804547071 0.0300017502158880 -0.0806422829627991
vn -6.0928201893480693 -1.3262545832101835 0.7316939634286588
v -0.0278768502175808 0.0293715503066778 -0.0799431800842285
vn -5.8559799172148344 -2.2645922727461940 0.1775522850520288
v -0.0268678609281778 0.0276422500610352 -0.0742524787783623
vn -5.9108948063295594 -2.0764599354921600 0.4425129840560498
v -0.0272351503372192 0.0282668992877007 -0.0767194628715515
vn -5.5135879909467551 -2.9747042447383403 -0.4522670304003313
v -0.0262344405055046 0.0261617805808783 -0.0713754817843437
vn -5.6173714269122543 -2.8100979545178766 -0.0517149903496488
v -0.0265661403536797 0.0269755702465773 -0.0737141892313957
vn -5.3842127101178914 -3.2275139432028817 -0.2381672032551922
v -0.0262153707444668 0.0263105593621731 -0.0731906816363335
vn -6.2052387437458290 -0.0315011499216713 0.9593515033718171
v -0.0296940803527832 0.0300963502377272 -0.0915606617927551
vn -6.2028571376638313 -0.2071601662575244 0.9458641663054101
v -0.0292988996952772 0.0303914491087198 -0.0889299511909485
vn -6.2237345970545039 -0.5759795393190290 0.5734827048385295
v -0.0271191000938416 0.0288983508944511 -0.0733230710029602
vn -6.2266210171796832 0.1059026102681984 0.7766605449734366
v -0.0272004008293152 0.0295729599893093 -0.0738354921340942
vn -6.1855835313235756 0.4964474653885254 0.9005445878357697
v -0.0279030706733465 0.0308351498097181 -0.0792644023895264
vn -6.0373336553823425 1.4043159636813303 0.9281315112499133
v -0.0282920505851507 0.0324729606509209 -0.0834745690226555
vn -5.5817848958480401 2.7894886491607402 0.5415487097697721
v -0.0285274907946587 0.0352065488696098 -0.0926705524325371
vn -5.3310107861970728 3.2809940513363904 0.1708813257575662
v -0.0283869504928589 0.0360655710101128 -0.0976964831352234
vn -5.1315526806312803 3.5879797765573969 -0.2653441719017024
v -0.0280813500285149 0.0364436507225037 -0.1028719991445541
vn -4.8291460373102133 3.9711024959533554 -0.4435107790670295
v -0.0272005703300238 0.0374387502670288 -0.1046129986643791
vn -5.8671738463598304 1.8509896214288388 1.2209083198197632
v -0.0264326892793179 0.0305677000433207 -0.0700322911143303
vn -5.5213498201050104 2.6825355772838702 1.2373557881071775
v -0.0265538599342108 0.0338819585740566 -0.0764365717768669
vn -4.3412660132417793 4.4476537870081039 0.8299182788806512
v -0.0249869804829359 0.0387364588677883 -0.0857493802905083
vn -4.0904641923903373 4.7441211642530936 0.3118093604406530
v -0.0248094704002142 0.0399754010140896 -0.0944368764758110
vn -4.0193906720828751 4.7849730802376449 0.5395187488820389
v -0.0243550501763821 0.0400087796151638 -0.0905149504542351
vn -3.7304966266434576 5.0376763399493178 0.2278893217674596
v -0.0236220899969339 0.0409877784550190 -0.0956282019615173
vn -3.6723649191037411 5.0601768881107745 -0.4610656819783543
v -0.0232442002743483 0.0410725399851799 -0.1053280010819435
vn -6.2163509600816305 -0.8757347345169072 0.0991869563280527
v -0.0265883803367615 0.0268615391105413 -0.0683022662997246
vn -6.0450158766703241 1.3259793388860903 1.0248026693320751
v -0.0275292899459600 0.0316375382244587 -0.0776029825210571
vn -6.0648508232779550 1.2232805248621319 1.0335704014275247
v -0.0271928906440735 0.0309608504176140 -0.0747938677668571
vn -5.8433664197958750 1.9899170410501030 1.0749786610809200
v -0.0273148994892836 0.0330617986619473 -0.0785720869898796
vn -5.5324950432626689 2.7678363938311219 0.9800342529940302
v -0.0272796694189310 0.0349241383373737 -0.0826342701911926
vn -5.5415849388686995 2.7951520925466480 0.8473121311325010
v -0.0276840906590223 0.0351823493838310 -0.0858891010284424
vn -4.8914885024841892 3.9066312997516883 0.2781703524131113
v -0.0272179804742336 0.0375874005258083 -0.0956242606043816
vn -4.5401401832154153 4.3192859197628151 0.1583159689216649
v -0.0263180695474148 0.0386890694499016 -0.0970692634582520
vn -4.3477523576217667 4.5040730328017125 -0.2726811353345390
v -0.0257265493273735 0.0392321906983852 -0.1024560034275055
vn -5.0561881596236491 -3.4906897767511067 -1.3119328850630645
v -0.0254765693098307 0.0239033605903387 -0.0675909519195557
vn -5.1349086652489522 -3.4363253046426512 -1.1347316294605083
v -0.0255989991128445 0.0244763400405645 -0.0686891600489616
vn -5.9990381213769108 -1.8557561852802060 0.1005971578776422
v -0.0267844703048468 0.0275287590920925 -0.0723313614726067
vn -6.1614576318532155 -1.0704757314152884 0.5598811482045246
v -0.0273124501109123 0.0289806704968214 -0.0753561779856682
vn -6.1724163577351812 -0.8936556603075509 0.7162697004510976
v -0.0276797991245985 0.0295682493597269 -0.0779637619853020
vn -6.2102588199414930 -0.0736876449311624 0.8839431231420438
v -0.0282126609236002 0.0306171700358391 -0.0813633725047112
vn -6.0300741400104361 1.5287533285154027 0.7684040883146077
v -0.0291115604341030 0.0326970815658569 -0.0896461009979248
vn -5.8754694833191801 2.1186982566283183 0.5060350636011569
v -0.0293276906013489 0.0336951017379761 -0.0944280624389648
vn -5.4257538273456394 3.1339732401063407 -0.0681055872123419
v -0.0288015007972717 0.0354035384953022 -0.1010930016636848
vn -5.4104955182199577 -2.5067633072650213 1.9755161869058906
v -0.0261950399726629 0.0242381598800421 -0.0840138718485832
vn -6.1390427877176617 -0.9438313212341466 0.9189685715775894
v -0.0286985002458096 0.0298606697469950 -0.0853192806243896
vn -6.0394756335757664 -1.4650190019677334 0.9065357126686148
v -0.0284531693905592 0.0292734503746033 -0.0844692513346672
vn -6.0775316483275077 -1.2136426554537110 1.0169129371953205
v -0.0288665797561407 0.0292763691395521 -0.0870645567774773
vn -6.1590061321608420 -0.7066372984155641 1.0014770247800189
v -0.0291090607643127 0.0298371892422438 -0.0879935622215271
vn -5.9763099192005846 -1.6482347121028251 1.0130632148027434
v -0.0285738706588745 0.0287067797034979 -0.0861510634422302
vn -6.0684216627704606 -1.1707440674559029 1.1098639073879413
v -0.0290693603456020 0.0291926804929972 -0.0883243605494499
vn -5.5764945525044585 -2.6765402030598122 1.0776641537676324
v -0.0274197999387980 0.0269536897540092 -0.0835316702723503
vn -5.6475478287407350 -2.4531347755307253 1.2316418370452773
v -0.0276317503303289 0.0269192997366190 -0.0846416875720024
vn -5.2858623384948604 -3.2195025956282555 1.0684722200427608
v -0.0264442507177591 0.0257679801434278 -0.0818931981921196
vn -5.1151562188426549 -3.4116942164656106 1.2869302625636179
v -0.0255489908158779 0.0245812498033047 -0.0813164114952087
vn -4.9808242628235773 -3.6963966280367515 0.9924689002078795
v -0.0253275595605373 0.0245834495872259 -0.0803495571017265
vn -5.6357687988275682 -2.0442524200408387 1.8731757346166307
v -0.0272910501807928 0.0253486596047878 -0.0858249589800835
vn -5.8129589339101342 -1.6930421139847063 1.6714405598420603
v -0.0282433591783047 0.0264430008828640 -0.0877372622489929
vn -5.8884939136039867 -1.1601514181194541 1.8514388706036793
v -0.0286191701889038 0.0257634501904249 -0.0895211100578308
vn -6.1763173323075797 -0.4429830368402034 1.0531435337404462
v -0.0295068603008986 0.0295746903866529 -0.0905491113662720
vn -6.1359584159471670 -0.5821957794614981 1.1982170456751466
v -0.0296480003744364 0.0285335704684258 -0.0918302536010742
vn -6.2055215191342565 0.0830578875506153 0.9196330852862299
v -0.0300665404647589 0.0295105502009392 -0.0939795896410942
vn -5.9966118373627415 -1.6951315107740532 0.7764243614569800
v -0.0280372500419617 0.0290811602026224 -0.0818411111831665
vn -6.1974224691170861 -0.3906508456835497 0.9166920461250796
v -0.0288904905319214 0.0304432492703199 -0.0861763879656792
vn -6.2028713926588734 0.3425875262072439 0.8802897938905813
v -0.0294372998178005 0.0309256892651320 -0.0898906514048576
vn -5.5051873188589511 -3.0217431018612935 0.1623655832108905
v -0.0265832506120205 0.0269642993807793 -0.0755211114883423
vn -5.7177258596005620 -2.5846417809507574 0.2937233735961944
v -0.0269336700439453 0.0276157800108194 -0.0761122107505798
vn -5.9554779177557551 -1.8891871069848762 0.6330265123551879
v -0.0276280604302883 0.0287401601672173 -0.0792499706149101
vn -6.1159120213202707 -1.1472570129016768 0.8333377061607089
v -0.0282845403999090 0.0296915695071220 -0.0826113820075989
vn -6.1894209880292230 -0.5638572526511177 0.8751198665733386
v -0.0284782592207193 0.0302990600466728 -0.0833882614970207
vn -6.2048541315807686 0.2127005806921157 0.8993113456163397
v -0.0290302000939846 0.0310072805732489 -0.0870571732521057
vn -6.1546796476824239 0.9745383198431045 0.7020968127348370
v -0.0299100801348686 0.0310797598212957 -0.0936434790492058
vn -6.2030340000167916 0.4608135053953914 0.8410663075390563
v -0.0298306904733181 0.0305966697633266 -0.0925964117050171
vn -6.1754812242381085 0.8623045091606327 0.6411720554722485
v -0.0302789807319641 0.0304144006222486 -0.0961954519152641
vn -6.0923517228075017 -0.9904745361944408 1.1551783810555472
v -0.0292679592967033 0.0290446802973747 -0.0895453616976738
vn -5.8800404207391912 -1.8790503053332575 1.1489461549280924
v -0.0284405890852213 0.0280710998922586 -0.0864420533180237
vn -5.7136064675369251 -2.2093656707594729 1.3816309883439004
v -0.0278404895216227 0.0268260799348354 -0.0857181474566460
vn -5.3810521439745838 -2.9822570098616978 1.2652730691265541
v -0.0266612693667412 0.0257519409060478 -0.0829304978251457
vn -5.4710734728434245 -2.7181086297591950 1.4601947606608920
v -0.0268755499273539 0.0256797596812248 -0.0839366912841797
vn -4.8571246894752731 -3.7646088114949636 1.3039123327710875
v -0.0243139807134867 0.0234180595725775 -0.0798041820526123
vn -6.1320652608985844 0.0568088203138746 1.3443777914574659
v -0.0307848993688822 0.0169288497418165 -0.0969512984156609
vn -6.1590960695324792 0.1367131248997895 1.2083146005643357
v -0.0308930799365044 0.0192248802632093 -0.0976343676447868
vn -6.0972643001813189 0.0537677854778410 1.5153031554223282
v -0.0305490400642157 0.0168238803744316 -0.0960083007812500
vn -5.9843209727819477 0.0322775870419663 1.9138149197702834
v -0.0297557692974806 0.0164744798094034 -0.0933088585734367
vn -6.0359640843482554 0.0396812667978105 1.7293369086879191
v -0.0303018596023321 0.0167139694094658 -0.0950200483202934
vn -6.0538764853099831 0.1210419345938427 1.6585512826143818
v -0.0303583703935146 0.0188816692680120 -0.0953319594264030
vn -6.2697735581174561 0.1468255052540575 0.2602680522215302
v -0.0314374491572380 0.0196857992559671 -0.1023629978299141
vn -6.2779344351501631 0.0418742541015855 0.1641881271012975
v -0.0314944908022881 0.0172474905848503 -0.1030379980802536
vn -6.2734504788254659 0.0321079987932887 0.3393888381949461
v -0.0314621888101101 0.0172328893095255 -0.1023989990353584
vn -6.2095562078594897 0.0337360242013601 0.9301505467231589
v -0.0311598703265190 0.0170967504382133 -0.0990083813667297
vn -5.7155464191552259 -2.5490550954974784 -0.5373774372956278
v -0.0262476801872253 0.0258633401244879 -0.0695000812411308
vn -6.1457078671980296 -1.2435107599251058 0.3414972371689738
v -0.0269789602607489 0.0282176695764065 -0.0728185698390007
vn -6.2198036717823895 -0.4016519787274010 0.7308411881421926
v -0.0274533592164516 0.0296405497938395 -0.0759294629096985
vn -6.2146461142646086 -0.2313822278099555 0.8314955778730686
v -0.0278210602700710 0.0302064996212721 -0.0786093994975090
vn -6.1601269168430486 0.6736789300544378 0.9355311968232132
v -0.0282946806401014 0.0312213804572821 -0.0820946618914604
vn -6.0299891296873787 1.4789505809324255 0.8589096386804752
v -0.0286994501948357 0.0326661393046379 -0.0865345522761345
vn -5.8365772845832709 2.1417832914200741 0.7910502977450138
v -0.0284983497112989 0.0339624807238579 -0.0879248902201653
vn -5.8475970281512915 2.1539717618828673 0.6626566424474380
v -0.0289153996855021 0.0339378714561462 -0.0911942720413208
vn -5.6338002538895289 2.7136780311987483 0.3424934512489480
v -0.0289470497518778 0.0349014885723591 -0.0960629507899284
vn -6.0928562229788676 -1.5041288843868208 -0.2446006870259970
v -0.0264508705586195 0.0261406805366278 -0.0679244920611382
vn -6.2235478362888799 -0.7385459979666863 0.3607546080578657
v -0.0268276892602444 0.0279730502516031 -0.0707833692431450
vn -6.2448073175570507 -0.0578233633337689 0.6277487074482246
v -0.0269081499427557 0.0286696497350931 -0.0712296888232231
vn -6.1761595314029751 0.6634216964458142 0.9136711174179614
v -0.0272225700318813 0.0302560906857252 -0.0743307992815971
vn -6.1503932383751971 0.8167377624077992 0.9658790619975666
v -0.0275576692074537 0.0309531595557928 -0.0770748779177666
vn -6.0488197496950642 1.3185310269909150 0.9735576675319014
v -0.0278988406062126 0.0321352407336235 -0.0804961919784546
vn -5.8387404779164456 2.0494557917130067 0.9902796617578072
v -0.0276885591447353 0.0335220582783222 -0.0815962478518486
vn -5.8358450645889057 2.1017584787203569 0.8971336015456790
v -0.0280862990766764 0.0338175818324089 -0.0847148820757866
vn -5.5544060648138469 2.8085924274244878 0.7064654830473064
v -0.0281032901257277 0.0352830812335014 -0.0892456695437431
vn -5.1984749202516065 3.4431920292551572 0.6065915216717674
v -0.0275245904922485 0.0365536808967590 -0.0905687808990479
vn -5.2479111488844392 3.3950271408318304 0.4088086624504542
v -0.0279580894857645 0.0364287383854389 -0.0941475033760071
vn -5.0048392177647703 3.7664760851351469 0.0073759198438023
v -0.0276569705456495 0.0371709391474724 -0.0993269607424736
vn -4.6772844619843044 4.1663389952754146 -0.1400717855275714
v -0.0267666503787041 0.0382253490388393 -0.1009220033884048
vn -6.2592825166573833 -0.2090603024087413 0.4265238831848022
v -0.0266679506748915 0.0275796595960855 -0.0686862990260124
vn -6.2027264212629500 0.5194118175033208 0.8233984325913456
v -0.0269298497587442 0.0293744802474976 -0.0716605708003044
vn -5.8536820722803862 1.9193953865798947 1.1420327454033468
v -0.0269745495170355 0.0324192009866238 -0.0756410881876945
vn -5.1698736429080983 3.4520869614818506 0.7783380277744191
v -0.0270963907241821 0.0364936515688896 -0.0870667025446892
vn -5.1463467466810258 3.4439012033108516 0.9456932374595415
v -0.0266834404319525 0.0362696610391140 -0.0836765691637993
vn -4.7754954403058605 3.9998826991982792 0.6980021850173512
v -0.0263363700360060 0.0377326607704163 -0.0882482528686523
vn -4.8203932183146856 3.9747678149471080 0.5022834409367990
v -0.0267744008451700 0.0377558395266533 -0.0918940901756287
vn -4.4515026049552970 4.3978265428033296 0.4030635982036955
v -0.0258649494498968 0.0388957783579826 -0.0931910797953606
vn -4.1929918141123279 4.6610214678190829 0.0500135699593136
v -0.0252701602876186 0.0397367402911186 -0.0984584018588066
vn -4.0136706646963320 4.7968117433655806 -0.3903160468155464
v -0.0245483499020338 0.0401840806007385 -0.1039260029792786
vn -5.8293372720583179 -0.0139721670792870 -2.3444792576991151
v -0.0288884602487087 0.0172499995678663 -0.1160070002079010
vn -5.9025030882866556 0.0611588724961566 2.1424098460919492
v -0.0294866506010294 0.0208509508520365 -0.0927349925041199
vn -6.1535770144646955 0.1471867098332436 1.2376229582157261
v -0.0307629704475403 0.0219514891505241 -0.0973231717944145
vn -6.2342603836517618 0.1470908192749092 0.7195048837194915
v -0.0312545783817768 0.0194953605532646 -0.0999814793467522
vn -6.2287415495359468 0.1916552282710591 0.7596749568397725
v -0.0311385896056890 0.0223999004811049 -0.0997031927108765
vn -6.2669699651857522 0.2349081732272273 0.2779865931667287
v -0.0313289687037468 0.0227666404098272 -0.1021279990673065
vn -6.2697889238702027 0.1330425832630424 -0.2393815242387079
v -0.0314408503472805 0.0198251008987427 -0.1047329977154732
vn -6.2687910511219869 0.2719889455253871 -0.1870450060886939
v -0.0313330814242363 0.0230984594672918 -0.1045249998569489
vn -6.2349397372246003 0.3083393631516653 -0.6504670868607269
v -0.0311645790934563 0.0234719496220350 -0.1068499982357025
vn -6.0734162925604736 0.1389669133369981 -1.5689567451906770
v -0.0304223801940680 0.0203138496726751 -0.1116269975900650
vn -6.0666542015042184 0.3816567485425716 -1.5598863868226784
v -0.0303055606782436 0.0242436490952969 -0.1113879978656769
vn -5.9254812725350519 0.1665350941798923 -2.0564056032348486
v -0.0297448597848415 0.0204687695950270 -0.1138589009642601
vn -5.7811678556388753 0.1498028099717505 -2.4338512443949627
v -0.0289046708494425 0.0206186696887016 -0.1160370036959648
vn -5.7741075120614394 0.4512925663597151 -2.4138607598254027
v -0.0287802796810865 0.0249592605978251 -0.1157900020480156
vn -5.5807205098060901 0.3134367843868905 -2.8532510036164282
v -0.0278517603874207 0.0229774694889784 -0.1180720031261444
vn -4.8189339918204626 0.9318667261095444 -3.9023889516930197
v -0.0237968508154154 0.0288133006542921 -0.1233170032501221
vn -5.3488582408902765 0.5370689817422343 -3.2363998562349181
v -0.0266248509287834 0.0256330892443657 -0.1199129968881607
vn -5.3482408421866916 0.8426172412244584 -3.1664076819641109
v -0.0265308599919081 0.0280245505273342 -0.1195759996771812
vn -5.5752661906326741 0.5095634338879450 -2.8347304009515382
v -0.0277782604098320 0.0253022909164429 -0.1178919970989227
vn -5.5717965111053207 0.7886244874346163 -2.7717338941862790
v -0.0276857595890760 0.0275970604270697 -0.1175659969449043
vn -5.7671577131411276 0.7305926001222037 -2.3590526099383711
v -0.0286897998303175 0.0271532498300076 -0.1154740005731583
vn -5.9348681050596541 0.4126753987080380 -1.9950634194141539
v -0.0296241603791714 0.0246073007583618 -0.1136159971356392
vn -6.0620142217423068 0.6037557408525184 -1.5067269439363760
v -0.0302199702709913 0.0262256804853678 -0.1110910028219223
vn -6.1615854799614826 0.5334065894519985 -1.0676187262969070
v -0.0307371597737074 0.0257331691682339 -0.1088460013270378
vn -6.1666565043622512 0.3466349405424710 -1.1138764237995811
v -0.0308204796165228 0.0238634906709194 -0.1091300025582314
vn -6.2298902866627852 0.4586850268228385 -0.6109844735438210
v -0.0310832802206278 0.0252262894064188 -0.1065810024738312
vn -6.2627562307918776 0.3107694836919330 0.3041645622259851
v -0.0312486793845892 0.0243064705282450 -0.1018669977784157
vn -6.0440169150633452 0.1039545921094235 1.6988474307397263
v -0.0302090607583523 0.0214335899800062 -0.0949941799044609
vn -6.0406552358208119 0.0639415165988333 1.7152384120169506
v -0.0301094595342875 0.0226902905851603 -0.0947133824229240
vn -4.5044168532483564 0.5948378843401296 -4.3257253022471529
v -0.0223259907215834 0.0265207793563604 -0.1253910064697266
vn -4.8067106426001764 0.3345995609890366 -4.0211705642178774
v -0.0239656493067741 0.0236424803733826 -0.1238650009036064
vn -5.1967051598936091 -0.0021640977212362 -3.5051592124041333
v -0.0261147003620863 0.0172499995678663 -0.1212399974465370
vn -5.0897844510323065 0.3303726450199792 -3.6570742709760289
v -0.0254016499966383 0.0234332606196404 -0.1220310032367706
vn -4.8145893587858568 0.5786808175075192 -3.9809985118516571
v -0.0238907895982265 0.0262438599020243 -0.1236720010638237
vn -5.5595122789388496 0.1314800070876345 -2.9081995013853699
v -0.0279060006141663 0.0207653604447842 -0.1181449964642525
vn -5.4437747976650526 -0.0130934495288179 -3.1374066643784961
v -0.0267533008009195 0.0172499995678663 -0.1201329976320267
vn -5.0952733225056264 0.5597112138392967 -3.6186259515784980
v -0.0253264904022217 0.0259476900100708 -0.1218419969081879
vn -6.1635057022022037 0.1489273409558282 -1.1677614490712018
v -0.0309333801269531 0.0201512500643730 -0.1093579977750778
vn -6.2393133248966546 0.1060165605851683 -0.6525862127661304
v -0.0312742516398430 0.0199832897633314 -0.1070619970560074
vn -5.5452351814629797 2.5399819529570258 1.4171936178188866
v -0.0260034706443548 0.0320802889764309 -0.0706219598650932
vn -5.5281386695437984 2.6176243217527060 1.3410403488077578
v -0.0262518506497145 0.0330772884190083 -0.0734850689768791
vn -5.1014644729314167 3.3294902984350347 1.4519221618900775
v -0.0256350599229336 0.0345028005540371 -0.0741775631904602
vn -5.1067910926574172 3.3866756151347910 1.2931345588108474
v -0.0259428601711988 0.0352832600474358 -0.0772367119789124
vn -4.7002756887128863 3.9965950989579548 1.0976753759132838
v -0.0255178809165955 0.0371671915054321 -0.0813231989741325
vn -4.2915572385941410 4.4462817671831250 1.0580674695011310
v -0.0245826803147793 0.0383862815797329 -0.0822263881564140
vn -3.9573606893031288 4.8047809579390579 0.7674065371963119
v -0.0239172503352165 0.0398615002632141 -0.0867328569293022
vn -3.6499641705026953 5.0807113343690817 0.4672431908036491
v -0.0231632497161627 0.0410406515002251 -0.0915756821632385
vn -3.4976004787039634 5.2035079905116586 -0.1378785336237552
v -0.0227825008332729 0.0416404604911804 -0.1010550037026405
vn -3.1622611221259440 5.4124272315429671 -0.2164525396742870
v -0.0213683806359768 0.0424842797219753 -0.1022579967975616
vn -5.9146678539712303 0.0374169509605209 2.1061379228288555
v -0.0296847801655531 0.0164432507008314 -0.0930863022804260
vn -5.9122262658891156 0.1077380276944125 2.1103836311620885
v -0.0296580698341131 0.0184705797582865 -0.0930907726287842
vn -5.7314419771916523 0.0179935396070877 2.5668254499822378
v -0.0286052804440260 0.0202126502990723 -0.0905571505427361
vn -5.7404836824480725 0.0843121807017911 2.5417870471415815
v -0.0287995897233486 0.0179993491619825 -0.0909228920936584
vn -5.5841860011694662 0.0163983561590887 2.8690261862041080
v -0.0280129890888929 0.0157320406287909 -0.0892192721366882
vn -1.7779835489045537 5.8565531188599920 1.3581033328414089
v -0.0143991699442267 0.0433076582849026 -0.0794674679636955
vn -1.8051732255302562 5.9079597075963859 1.0777648884999573
v -0.0146843697875738 0.0440167710185051 -0.0833441615104675
vn -1.3875968585106619 6.0751558864170416 0.7166768837912285
v -0.0117191597819328 0.0455454513430595 -0.0884037613868713
vn -1.3324817196628398 6.0452091164525754 1.0134567154465624
v -0.0114414598792791 0.0450115688145161 -0.0842257663607597
vn -0.9493403464066352 6.1642646303609343 0.6859907797021054
v -0.0083141317591071 0.0462727509438992 -0.0891642495989799
vn -0.9930844290460951 6.1823878157596175 0.4143606322751134
v -0.0085451602935791 0.0466285906732082 -0.0936394929885864
vn -1.2752683374707674 6.1461403079410601 0.1385099151975418
v -0.0105888796970248 0.0464361906051636 -0.0978740975260735
vn -1.3450805643372463 6.1303434421433272 -0.1516484790135699
v -0.0108914896845818 0.0463709793984890 -0.1027109995484352
vn -1.1845253305768002 6.1410672507172599 -0.5194236723701174
v -0.0093122720718384 0.0464145503938198 -0.1082710027694702
vn -1.1071038585313329 6.1774907933986212 -0.1702992555052790
v -0.0090502500534058 0.0467236600816250 -0.1032179966568947
vn -1.0474005095867058 6.1898300751612210 0.1174120009276733
v -0.0087925186380744 0.0467826686799526 -0.0983234569430351
vn -0.9071300806632732 6.1305485550613481 0.9827923101909701
v -0.0081054558977485 0.0457233712077141 -0.0848890468478203
vn -0.5764212262635462 6.2369598094595782 0.3940166864446819
v -0.0049840211868286 0.0471121594309807 -0.0942060872912407
vn -0.8748540343737838 6.2143509608944107 -0.1848902353946876
v -0.0071809291839600 0.0470102988183498 -0.1036299988627434
vn -1.0094264790407059 6.1235543579268228 -0.9317713260956075
v -0.0076037640683353 0.0460629388689995 -0.1138340011239052
vn 1.3471578833677502 5.9020740191175021 1.6424133027315375
v 0.0117488503456116 0.0432230792939663 -0.0762149021029472
vn 1.8424018647035820 5.8408981679441343 1.3569446176236577
v 0.0151140596717596 0.0430714413523674 -0.0791859626770020
vn 1.7749117780444705 5.7765520958118914 1.6870263286870690
v 0.0148788597434759 0.0421761795878410 -0.0755121707916260
vn 2.4712967834203328 5.6518984219428798 1.1380940283585885
v 0.0184358898550272 0.0423966608941555 -0.0818853899836540
vn 2.1543730827352547 5.8916120619672112 0.2308179403757425
v 0.0165112596005201 0.0447541400790215 -0.0955837890505791
vn 2.4537595123095759 5.7712733951253226 0.2692117953734980
v 0.0181048493832350 0.0440918803215027 -0.0947809815406799
vn 2.8643217202519278 5.5838012679429596 0.0547957581534826
v 0.0200776997953653 0.0432737395167351 -0.0982627794146538
vn 2.9939665620999691 5.5071521587337049 -0.2520494830068064
v 0.0205329600721598 0.0429702885448933 -0.1027399972081184
vn -2.6375095085644822 5.4222651409871769 1.7340727601516490
v -0.0186525508761406 0.0403194986283779 -0.0744952484965324
vn -2.2637792523661147 5.6745199568743381 1.4146330479117648
v -0.0174599792808294 0.0420002900063992 -0.0785291716456413
vn -1.8126054102047999 5.9588670758928606 0.7568580578408814
v -0.0150136901065707 0.0445363484323025 -0.0873934030532837
vn -1.8934680100363148 5.9626875535556900 0.4833557097123026
v -0.0153777496889234 0.0448593385517597 -0.0916230604052544
vn -1.4427377933363936 6.0891750316473230 0.4500862799829410
v -0.0120263602584600 0.0458843708038330 -0.0927730724215508
vn -1.5132600265803642 6.0913676407320221 0.1529474614326190
v -0.0123551404103637 0.0460225902497768 -0.0973419472575188
vn -1.4364402887982546 6.0887313709041813 -0.4963999687961671
v -0.0111989900469780 0.0460582897067070 -0.1077030003070831
vn -1.2745263245714447 6.0772801601379403 -0.9084421507227175
v -0.0095725646242499 0.0457723699510098 -0.1133209988474846
vn -2.9971974226784681 5.2237529579098423 1.7540141865352334
v -0.0200355593115091 0.0394325815141201 -0.0740109607577324
vn -3.0251423699027340 5.2927707405018616 1.4777257386149385
v -0.0203014593571424 0.0403321906924248 -0.0774356722831726
vn -2.6672439689313112 5.4912866255043706 1.4481054562192839
v -0.0189146902412176 0.0412135683000088 -0.0780000612139702
vn -2.3208349989766015 5.7160649715340739 1.1294315612671062
v -0.0177735593169928 0.0427041612565517 -0.0822607800364494
vn -2.1605961471333091 5.8383140274115002 0.7997813740378424
v -0.0166007801890373 0.0439165793359280 -0.0868003889918327
vn -2.4576416460121675 5.7143100855715563 0.8310273549365056
v -0.0181353595107794 0.0432150885462761 -0.0861522480845451
vn -2.2348953784505325 5.8429398505436589 0.5130729886107929
v -0.0169852897524834 0.0442336685955524 -0.0909484624862671
vn -2.0346336406545693 5.9349416499194829 0.2096421197072148
v -0.0157671496272087 0.0449833795428276 -0.0960405990481377
vn -1.7674967983110694 6.0210885668642682 0.1841453625996725
v -0.0140837999060750 0.0455392003059387 -0.0967297479510307
vn -1.8523719184786585 5.9969334527930647 -0.0995647573009208
v -0.0144605599343777 0.0454624816775322 -0.1014219969511032
vn -1.5926561411115796 6.0709461575038395 -0.1284056212414596
v -0.0126974498853087 0.0459511801600456 -0.1021120026707649
vn -1.6960428863148564 6.0235312379333781 -0.4678784248111717
v -0.0130454795435071 0.0456353984773159 -0.1070310026407242
vn -1.5429356009980328 6.0189189549081430 -0.8791224295448929
v -0.0115043502300978 0.0454163514077663 -0.1126900017261505
vn -1.3588103848391939 5.9983750927682662 -1.2535922653239311
v -0.0097001791000366 0.0452969595789909 -0.1157860010862350
vn -1.1418060004864441 5.9536551884363078 -1.6215847903485403
v -0.0078082680702209 0.0449892804026604 -0.1187430024147034
vn -2.7165056909571157 5.5358901010524022 1.1583502445340106
v -0.0192363802343607 0.0419181510806084 -0.0816497802734375
vn -2.5361096256390079 5.7141783247560305 0.5523244640511999
v -0.0185348894447088 0.0435285493731499 -0.0902113914489746
vn -1.8164386228939493 5.9470054641847643 -0.8432098534179503
v -0.0133909499272704 0.0449951812624931 -0.1119439974427223
vn -1.6423442631518368 5.9344071508189042 -1.2173432667282404
v -0.0116541897878051 0.0449432693421841 -0.1151240020990372
vn -1.4389933148987193 5.8984220073527789 -1.5863335653054786
v -0.0098250498995185 0.0447030588984489 -0.1181790009140968
vn -3.4090814531151841 5.0450554546062403 1.5029443944056864
v -0.0216053705662489 0.0393521711230278 -0.0768401026725769
vn -3.0721891392126666 5.3368014710576688 1.1961369179168746
v -0.0206272602081299 0.0410403013229370 -0.0809980630874634
vn -3.1356801910329017 5.3555300154159395 0.9165707108064366
v -0.0210024695843458 0.0415529608726501 -0.0847061797976494
vn -2.7828152491282849 5.5557787645589576 0.8716845449054625
v -0.0196070596575737 0.0424283705651760 -0.0854525491595268
vn -2.8602591176037016 5.5531580633013959 0.5979164548335523
v -0.0200161896646023 0.0427411682903767 -0.0894157811999321
vn -2.3184538823537428 5.8278931220452801 0.2465142305479410
v -0.0173963904380798 0.0443529412150383 -0.0952775999903679
vn -2.6200299132796845 5.6958598018472619 0.2902817272763564
v -0.0189617797732353 0.0436457917094231 -0.0944443866610527
vn -2.4121496528908537 5.7942110532272544 -0.0229181783769165
v -0.0178240500390530 0.0442707501351833 -0.0997880622744560
vn -2.1253283449722229 5.9057260136810914 -0.0646655912938955
v -0.0161724593490362 0.0449028015136719 -0.1006459966301918
vn -1.9658511279076318 5.9431317273328732 -0.4331744760444355
v -0.0148433996364474 0.0451447889208794 -0.1062600016593933
vn -1.5310527141371577 5.7561313825788769 -1.9683144366951979
v -0.0099465250968933 0.0439789816737175 -0.1204779967665672
vn -6.2021363061324326 0.1833252372543169 0.9253496651421556
v -0.0302414800971746 0.0290938001126051 -0.0950819775462151
vn -6.1965658500015515 0.7789743826277506 0.5872423451416061
v -0.0304517708718777 0.0299532990902662 -0.0973555967211723
vn -6.1402293744470979 1.2654516568018441 0.2826360983723495
v -0.0304554700851440 0.0308185797184706 -0.0995630025863647
vn -6.0413907692899018 1.6918991655940010 -0.0022637690118731
v -0.0302752796560526 0.0317745804786682 -0.1016350015997887
vn -6.0824639999320507 1.5332613341068240 -0.1176848440328440
v -0.0304409805685282 0.0311092697083950 -0.1028160005807877
vn -5.8932603746986540 2.1255734240361237 -0.3000366240072127
v -0.0299123506993055 0.0327620506286621 -0.1036370024085045
vn -5.4817658183898752 2.9172236070535456 -0.8731277233020289
v -0.0286683999001980 0.0346318408846855 -0.1076119989156723
vn -5.2387702211279468 3.2546523589859810 -1.1315536608261376
v -0.0278008505702019 0.0355090387165546 -0.1095490008592606
vn -5.5916805881912843 2.6239850940518590 -1.0769554092876934
v -0.0288457795977592 0.0338024385273457 -0.1089729964733124
vn -5.3696437088729709 2.9328976862017271 -1.3660060341149782
v -0.0279823504388332 0.0346312485635281 -0.1109659969806671
vn -4.9758595154318792 3.5596682580247734 -1.3718772859815718
v -0.0267792902886868 0.0363546013832092 -0.1114159971475601
vn -4.8584602826280383 3.4760771445303127 -1.8948887109604913
v -0.0257997494190931 0.0361966416239738 -0.1147319972515106
vn -4.0909399019228845 4.3103931171184122 -1.9953435704538645
v -0.0228824000805616 0.0386321507394314 -0.1165390014648438
vn -4.2755081868757330 3.9272336415882885 -2.3568038562031282
v -0.0230683591216803 0.0375943705439568 -0.1181640028953552
vn -3.9583618208659486 4.1232071226580294 -2.5637880195340697
v -0.0215199496597052 0.0382215902209282 -0.1197329983115196
vn -3.8305501416741490 3.7600889182359682 -3.2153983667497128
v -0.0200274493545294 0.0375241599977016 -0.1227300018072128
vn -3.6736288820290741 3.2090083547552850 -3.9112050559890621
v -0.0184074603021145 0.0364744588732719 -0.1254740059375763
vn -5.7427217766364294 -1.1527323530457945 2.2688250506881285
v -0.0278642699122429 0.0243063494563103 -0.0882321000099182
vn -5.9036480986629662 -0.8541887348742873 1.9669401060185445
v -0.0287939906120300 0.0252919699996710 -0.0903030633926392
vn -6.1456319785900542 -0.1520090785283476 1.2772516393106588
v -0.0301572605967522 0.0271327402442694 -0.0947113037109375
vn -6.1428517533640177 -0.2782817763721103 1.2653723734916931
v -0.0299971606582403 0.0276968404650688 -0.0938377901911736
vn -6.2050293660692901 0.2269808119250224 0.9067286958331722
v -0.0304070692509413 0.0285854898393154 -0.0960981771349907
vn -6.2082593395972951 0.7321109234112502 0.5352255339062464
v -0.0306151509284973 0.0293970704078674 -0.0984225794672966
vn -6.1656248575377486 1.1538392116508664 0.1996159345809362
v -0.0306190792471170 0.0302099492400885 -0.1006840020418167
vn -6.2213073366001348 0.6653128235573746 0.4803220169802942
v -0.0307679697871208 0.0287296697497368 -0.0993834733963013
vn -6.1922753454449548 1.0147513815708462 0.1130183604708609
v -0.0307721402496099 0.0294852796941996 -0.1016919985413551
vn -6.1248681857905236 1.3369027473560828 -0.2391429783539491
v -0.0305959507822990 0.0303220693022013 -0.1038779988884926
vn -5.9548287300598002 1.9181740059078565 -0.4463819767603596
v -0.0300812702625990 0.0320394001901150 -0.1048799976706505
vn -6.0173350247439181 1.6629354692195220 -0.6003972652811749
v -0.0302393995225430 0.0311884805560112 -0.1059980019927025
vn -5.7884061776511633 2.2859463064023835 -0.7697282746404066
v -0.0295473895967007 0.0329410992562771 -0.1069340035319328
vn -5.8742764952987701 1.9741300404855657 -0.9537177229565887
v -0.0297093894332647 0.0320292711257935 -0.1081060022115707
vn -5.4998896904202415 2.5328189896420534 -1.6154624271018063
v -0.0281524006277323 0.0336075983941555 -0.1122400015592575
vn -5.1242669306063453 3.2162391790099223 -1.6388913824028160
v -0.0269641801714897 0.0354315005242825 -0.1128889992833138
vn -5.2729869197287718 2.7838099443900481 -1.9238824627207709
v -0.0271374508738518 0.0343564711511135 -0.1142110005021095
vn -5.0229690074277391 3.0159047978549998 -2.2155894483472878
v -0.0259752795100212 0.0350738689303398 -0.1161030009388924
vn -4.5746469114384940 3.7128421405996335 -2.1343028700103024
v -0.0244981609284878 0.0369190499186516 -0.1164930015802383
vn -4.7522574969868909 3.2291218992546376 -2.4910247837165778
v -0.0246740505099297 0.0357523486018181 -0.1179099977016449
vn -4.4623941120530795 3.4235346796508352 -2.7502463912328237
v -0.0232429504394531 0.0363876782357693 -0.1196239963173866
vn -4.1501652540077272 3.6034586413986367 -2.9939615793427725
v -0.0216909591108561 0.0369786582887173 -0.1212339028716087
vn -4.0025392509594111 3.0772979669600020 -3.6885935211329306
v -0.0201804600656033 0.0360111482441425 -0.1240679994225502
vn -4.2109038341030285 4.3040533122959106 1.7432610895196439
v -0.0236329995095730 0.0361693501472473 -0.0724017024040222
vn -3.8091197618639439 4.7431867205184179 1.5203494402485400
v -0.0228096805512905 0.0382739901542664 -0.0762149617075920
vn -3.4522493242041605 5.0888705327366175 1.2332535203499935
v -0.0219320002943277 0.0400667712092400 -0.0803102776408195
vn -2.9424500644284675 5.5322243207906974 0.3415451200532703
v -0.0204530898481607 0.0428595505654812 -0.0935453698039055
vn -2.7146505941181265 5.6580325963403588 0.0264687937096476
v -0.0194057803601027 0.0435647889971733 -0.0988512635231018
vn -2.2462828928609553 5.8453942334139875 -0.3914650496416732
v -0.0165840908885002 0.0445850417017937 -0.1053920015692711
vn -2.0981014151554183 5.8591768471282597 -0.8003152412761989
v -0.0152233801782131 0.0445080883800983 -0.1110889986157417
vn -1.9300710076826479 5.8558534158496647 -1.1736125972640070
v -0.0135603500530124 0.0445252582430840 -0.1143419966101646
vn -2.0375032681441043 5.7447979275420042 -1.4899222421450500
v -0.0137260500341654 0.0439406000077724 -0.1166689023375511
vn -1.8454507386732579 5.6814178528037580 -1.9147684587801468
v -0.0119431596249342 0.0436350703239441 -0.1197559982538223
vn -1.7370457179079128 5.8291617267748963 -1.5426855502774537
v -0.0118006402626634 0.0443533584475517 -0.1174869984388351
vn -1.2991689099850596 5.6210880956310865 -2.4562190016105245
v -0.0080016851425171 0.0433884784579277 -0.1232689991593361
vn -1.3904788357882381 5.3473791088865310 -2.9565767614156346
v -0.0080926408991218 0.0423606596887112 -0.1253300011157990
vn -5.1091045207644692 3.2547625755728400 1.5885091368474369
v -0.0253819804638624 0.0335284397006035 -0.0712158605456352
vn -4.6533806385688194 3.9156227147729896 1.5085351700739318
v -0.0248433891683817 0.0358452685177326 -0.0748757719993591
vn -4.2220161303762014 4.3754883057411078 1.5254267697922059
v -0.0238953791558743 0.0371032916009426 -0.0755597874522209
vn -3.8458574394300755 4.7880634569805149 1.2670693814857437
v -0.0231340508908033 0.0389987789094448 -0.0795884728431702
vn -3.8973152379165237 4.8076009149573746 1.0120722057176414
v -0.0235067605972290 0.0395277701318264 -0.0830920934677124
vn -3.5108108918866452 5.1073054086976226 0.9640981569460095
v -0.0223075691610575 0.0405855700373650 -0.0839185714721680
vn -3.5788160327299319 5.1029822242395468 0.7068387772148865
v -0.0227215792983770 0.0409078486263752 -0.0876721665263176
vn -3.2096687221912257 5.3513957920533928 0.6497688246040075
v -0.0214161798357964 0.0418684408068657 -0.0885674878954887
vn -2.5379664625196483 5.7273175911745779 -0.3420632050154889
v -0.0182583890855312 0.0439556799829006 -0.1044320017099380
vn -2.3878202769829473 5.7536701444301981 -0.7491191462961561
v -0.0169926807284355 0.0439544916152954 -0.1101270020008087
vn -2.5221989184486486 5.6480637989087290 -1.0602896874784364
v -0.0171929001808167 0.0434950515627861 -0.1124358996748924
vn -2.2233074249907308 5.7610090548802626 -1.1216122747796029
v -0.0154096400365233 0.0440426394343376 -0.1134440004825592
vn -2.3410404006811514 5.6438143453019736 -1.4275731720848437
v -0.0155919697135687 0.0434644818305969 -0.1157310009002686
vn -2.1597038416370329 5.5911129153282353 -1.8503721768871273
v -0.0138872796669602 0.0432295687496662 -0.1189040020108223
vn -1.6343180787176277 5.5566563110181901 -2.4020910459946236
v -0.0100638801231980 0.0431129895150661 -0.1226579993963242
vn -1.4901092679099481 4.9570746079348318 -3.5213600471567692
v -0.0081790676340461 0.0411630794405937 -0.1272229999303818
vn -3.4594559893469570 5.1718044578482418 -0.8134487404670335
v -0.0220493599772453 0.0414645597338676 -0.1088009998202324
vn -3.3083369251259307 5.3027820339890139 -0.5348772913061853
v -0.0218254905194044 0.0418936014175415 -0.1066569983959198
vn -2.7925114490514509 5.3566591216645056 -1.6886602978059055
v -0.0175791904330254 0.0422345884144306 -0.1168299987912178
vn -2.4753485985446000 5.4833770721393149 -1.7752360658603341
v -0.0157690607011318 0.0427626892924309 -0.1179269999265671
vn -2.2966710179288707 5.3802373611569756 -2.2570746799916419
v -0.0140427900478244 0.0423811599612236 -0.1210239976644516
vn -2.0991849941609462 5.1950244954024534 -2.8067875035531129
v -0.0122124496847391 0.0417674705386162 -0.1239209994673729
vn -1.8697003818974225 4.8875751199172699 -3.4371674644452277
v -0.0102827502414584 0.0409059487283230 -0.1265700012445450
vn -1.5803626835706925 4.4896140483049463 -4.0697417986868096
v -0.0082602500915527 0.0397637411952019 -0.1289239972829819
vn -1.9810997920996125 4.4233457142648609 -3.9666028211264446
v -0.0103829503059387 0.0395194813609123 -0.1282529979944229
vn -4.9865914003937268 3.7403729626836939 -0.6939280088974182
v -0.0274086501449347 0.0369037911295891 -0.1063549965620041
vn -4.5194580515744729 4.3011802522269873 -0.6045326585372004
v -0.0261679794639349 0.0383925996720791 -0.1062889993190765
vn -4.2333270853819265 4.5637659140770044 -0.7584792856019411
v -0.0249945502728224 0.0392979905009270 -0.1078950017690659
vn -4.3838843665949447 4.3603548063767512 -1.0526146947731694
v -0.0252087693661451 0.0387024804949760 -0.1097699031233788
vn -4.0669713393133140 4.6191185565073622 -1.2098893598160236
v -0.0239056907594204 0.0395257398486137 -0.1113649979233742
vn -3.5949278465246617 5.0296292921630075 -1.0683087100667854
v -0.0222682897001505 0.0409336611628532 -0.1108810007572174
vn -3.2707099088686684 5.2230207649823521 -1.1768017569560427
v -0.0207367502152920 0.0416593514382839 -0.1122469976544380
vn -3.1224610561416846 4.8403686033347455 -2.4697950740877666
v -0.0179387908428907 0.0404471717774868 -0.1207780018448830
vn -2.9595360734920351 4.5814793119554738 -3.0768307731094682
v -0.0162591896951199 0.0398024916648865 -0.1237440034747124
vn -2.7857315667828333 4.1512832303264968 -3.7588694950220298
v -0.0144657399505377 0.0388729497790337 -0.1264619976282120
vn -2.3727850936502248 4.3386906465209822 -3.8437658693965098
v -0.0124549800530076 0.0392221808433533 -0.1274310052394867
vn -2.4821936179802360 3.9091548819944526 -4.2246498754303339
v -0.0125105902552605 0.0384438596665859 -0.1281819045543671
vn -6.1543320470616774 0.8762945684697566 0.8826362569231330
v -0.0266571603715420 0.0290482006967068 -0.0694024488329887
vn -6.1042409885299680 1.0831928353212361 0.9670169858093739
v -0.0268990900367498 0.0300986692309380 -0.0720629021525383
vn -5.8718054632324987 1.8415019631069882 1.1750812327605464
v -0.0266773700714111 0.0315886698663235 -0.0727970004081726
vn -5.5240996027671390 2.7320502188675975 1.1129660358547095
v -0.0268996898084879 0.0344959385693073 -0.0794841572642326
vn -5.1234152006873348 3.4238425054664638 1.1200801110874432
v -0.0262956600636244 0.0358709618449211 -0.0804007574915886
vn -4.7374635583857065 4.0054099183138572 0.8918907848154524
v -0.0259141903370619 0.0375393591821194 -0.0847240015864372
vn -4.3922619529090818 4.4331298240612824 0.6167051800056066
v -0.0254178605973721 0.0389038883149624 -0.0894048810005188
vn -3.8442738860930925 4.9535003110991802 -0.0487571749349683
v -0.0240872502326965 0.0407233797013760 -0.0997874736785889
vn -3.8271633043752753 4.9244378159174049 -0.6593845650646531
v -0.0234701000154018 0.0406589508056641 -0.1074090003967285
vn -3.9191446506894918 4.8064695883953990 -0.9458172929960955
v -0.0236910507082939 0.0401464700698853 -0.1094280034303665
vn -3.1354696392148469 5.3595815117385559 -0.9071810132847871
v -0.0205225907266140 0.0422057509422302 -0.1101090013980865
vn -2.9602562216077435 5.3835250543548359 -1.2719966127100901
v -0.0191069804131985 0.0423234701156616 -0.1135139986872673
vn -3.1099684493286603 5.2098980979430562 -1.5894446923446681
v -0.0193076692521572 0.0416460596024990 -0.1156179979443550
vn -2.6251037125228702 5.2665676505009138 -2.1652402911278812
v -0.0159400701522827 0.0419260784983635 -0.1200089976191521
vn -2.9511789491256635 5.1343396937667389 -2.0603272207540173
v -0.0177628900855780 0.0414120517671108 -0.1188699975609779
vn -2.7867518756955740 4.9763360738139299 -2.5973089414710691
v -0.0161038003861904 0.0409438014030457 -0.1219559982419014
vn -2.4455790592248894 5.0944114264537390 -2.7095943040176231
v -0.0141917401924729 0.0413841009140015 -0.1230050027370453
vn -2.6051387492044378 4.7001259194976397 -3.2141135727785421
v -0.0143330600112677 0.0402247905731201 -0.1248259991407394
vn -2.2415052632948242 4.8019284103031712 -3.3345512089721869
v -0.0123375598341227 0.0405928418040276 -0.1257700026035309
vn -2.0629256910623601 3.9897164307604331 -4.3727513204015169
v -0.0104303900152445 0.0387317501008511 -0.1290140002965927
vn -4.6704240214683237 3.9675964199228400 1.3075802955619276
v -0.0251575708389282 0.0366033911705017 -0.0780426785349846
vn -4.2497686922265911 4.4232502711362152 1.2941552391473128
v -0.0242154002189636 0.0378424488008022 -0.0788320824503899
vn -3.3754331511565105 5.2860434359614761 0.1516711212930711
v -0.0223168693482876 0.0419248901307583 -0.0967641994357109
vn -3.2875456091809836 5.3289568612976455 0.4007898798336132
v -0.0218578502535820 0.0419918783009052 -0.0925869867205620
vn -3.0351737975153830 5.4911599394574173 0.0843994992807185
v -0.0209074001759291 0.0427833683788776 -0.0978409573435783
vn -2.8427586275525698 5.5848065376298166 -0.2841435210966602
v -0.0198564492166042 0.0432556793093681 -0.1033859997987747
vn -2.9898961620842659 5.4806058024975091 -0.6175706061995431
v -0.0203035399317741 0.0426472984254360 -0.1079059988260269
vn -2.6860656107714540 5.6277735743304467 -0.6891365957830565
v -0.0186892691999674 0.0433343015611172 -0.1090639978647232
vn -2.8278262698621117 5.5141496082298014 -0.9892977638256965
v -0.0189003907144070 0.0428826808929443 -0.1113229021430016
vn -2.6486663373472825 5.5240587283891482 -1.3551808985862779
v -0.0173887591809034 0.0429253503680229 -0.1146780028939247
vn -1.9663554101680383 5.4768285945456991 -2.3356788843960632
v -0.0120807802304626 0.0427770018577576 -0.1219080016016960
vn -1.7476289154963260 5.2791095791288098 -2.8892729626121776
v -0.0101761799305677 0.0420933887362480 -0.1246969997882843
vn -2.5322321987900978 3.5063861631778273 -4.5367355280303938
v -0.0125639997422695 0.0375915691256523 -0.1288740038871765
vn -2.9314607326489939 3.4967032415688575 -4.2882730855612756
v -0.0145889502018690 0.0372659489512444 -0.1278830021619797
vn -3.2746272325046744 4.9820929140133678 -1.9415663431237316
v -0.0195013806223869 0.0408402606844902 -0.1176130026578903
vn -3.4233953565567212 5.0436771656421504 -1.4779056781144135
v -0.0209449492394924 0.0409979782998562 -0.1142980009317398
vn -3.7472117321720875 4.8451184524166822 -1.3514556253535850
v -0.0224809590727091 0.0402910709381104 -0.1128780022263527
vn -4.5354162145462436 4.1255581496785592 -1.3163714248701393
v -0.0254152994602919 0.0379933714866638 -0.1115470007061958
vn -4.8307040763848876 3.8388246093876175 -1.1198458388220274
v -0.0265840794891119 0.0371491909027100 -0.1098140031099319
vn -4.6916451383528761 4.0684108008359381 -0.8807053425992267
v -0.0263798795640469 0.0378256998956203 -0.1080989986658096
vn -5.1102912260209328 3.5198643832951895 -0.9077494973065469
v -0.0276091601699591 0.0362632796168327 -0.1080060005187988
vn -5.3735171360946632 3.1612882634568167 -0.6775932339164501
v -0.0284809395670891 0.0353424511849880 -0.1061310023069382
vn -5.2690861145553631 3.3659728741142958 -0.4888705069736815
v -0.0282849594950676 0.0359437391161919 -0.1045460030436516
vn -5.5372313375438065 2.9318410796885503 -0.2632329765471599
v -0.0290001593530178 0.0349417887628078 -0.1026950031518936
vn -5.7793732299241771 2.4334464164393550 -0.0088079065313062
v -0.0295466706156731 0.0338897705078125 -0.1008360013365746
vn -5.7046174540182335 2.5858291917905758 0.1391609709030536
v -0.0293524805456400 0.0343104600906372 -0.0993063971400261
vn -6.0415091361063542 1.5369311587845180 0.6551167782609545
v -0.0295190792530775 0.0325190983712673 -0.0927198529243469
vn -6.1444593497658353 0.8899210682016219 0.8595398182710561
v -0.0291115008294582 0.0315566584467888 -0.0879492685198784
vn -6.1501116459895329 0.7918566290352653 0.9086218073059937
v -0.0287005901336670 0.0314676687121391 -0.0849989578127861
vn -6.0681948951602029 -1.5028916123606695 0.5875547198545185
v -0.0274846497923136 0.0289172492921352 -0.0773388668894768
vn -6.0377550052836853 -1.6851839736077241 0.3773422394506896
v -0.0271173696964979 0.0283103492110968 -0.0748018622398376
vn -5.7897853528108696 -2.4306744106176503 -0.1568876781719710
v -0.0265355706214905 0.0268436595797539 -0.0718485116958618
vn -5.4041008906154202 -3.0749441949771543 -0.8903081154408737
v -0.0259478595107794 0.0251668598502874 -0.0690887495875359
vn -5.2607829869544727 -3.3667721323876720 -0.6726890094478063
v -0.0258841495960951 0.0254839602857828 -0.0709158703684807
vn -5.1823205346420282 -3.4501014042620612 -0.8432920250705706
v -0.0257352497428656 0.0250029508024454 -0.0697970911860466
vn -0.7496806280514279 4.5791369656986030 -4.2047611697895997
v -0.0039048790931702 0.0400880500674248 -0.1297969967126846
vn -1.1690270083303431 4.5421598970656678 -4.1489098561436606
v -0.0060973158106208 0.0399537608027458 -0.1294399946928024
vn -0.7806539409910667 4.1367772471587987 -4.6430085213497332
v -0.0039235348813236 0.0392827913165092 -0.1305769979953766
vn -0.3237485210289828 4.5985972856380641 -4.2372061102861549
v -0.0016937849577516 0.0401653014123440 -0.1299950033426285
vn -0.7070496100155518 5.0482036830842825 -3.6332598271325041
v -0.0038655989337713 0.0415039584040642 -0.1280730068683624
vn 0.1063480054993555 4.6029527980774043 -4.2433897515106844
v 0.0005252119735815 0.0401839613914490 -0.1300320029258728
vn -0.3063627622258406 5.0694657535299390 -3.6592407153173725
v -0.0016766190528870 0.0415851399302483 -0.1282649934291840
vn -0.2869761516838052 5.4568890894370909 -3.0666486858369879
v -0.0016583800315857 0.0427992902696133 -0.1263390034437180
vn -0.6602412802961828 5.4363015078183023 -3.0458727151431315
v -0.0038237569388002 0.0427149496972561 -0.1261529028415680
vn -0.8981517366249396 5.8618898926440002 -2.0453037134993615
v -0.0058326721191406 0.0444791913032532 -0.1215180009603500
vn 0.9587660610558022 4.5610579360109265 -4.1818654974607208
v 0.0049436087720096 0.0400455482304096 -0.1296219974756241
vn 0.5353473469832544 4.5907383061953961 -4.2245284244821626
v 0.0027412769850343 0.0401437804102898 -0.1299069970846176
vn 0.0982618838923255 5.0742226733009295 -3.6641117179877880
v 0.0005198830040172 0.0416049882769585 -0.1282999962568283
vn -0.2693400971702850 5.7244687035555923 -2.5440986807167629
v -0.0016391270328313 0.0438399910926819 -0.1242429986596107
vn -0.6167775992235824 5.7049799844556048 -2.5275683630773380
v -0.0037797091063112 0.0437531396746635 -0.1240639984607697
vn -0.5773664181856447 5.8939802903747269 -2.0686915971822994
v -0.0037337539251894 0.0446333810687065 -0.1218300014734268
vn -0.8430649919147841 5.9959290356259523 -1.6485164924709745
v -0.0057590599171817 0.0452110692858696 -0.1191760003566742
vn 1.0022936005018168 4.1222718776350042 -4.6135584989657383
v 0.0049671530723572 0.0392415486276150 -0.1304000020027161
vn 0.8995145737608321 5.0330834463412675 -3.6123626876459962
v 0.0048938980326056 0.0414595007896423 -0.1279000043869019
vn 0.5010648314000156 5.0618038157710243 -3.6487942191944942
v 0.0027135009877384 0.0415626689791679 -0.1281780004501343
vn 0.4644882288638832 5.4492496934289045 -3.0587943821007237
v 0.0026839969214052 0.0427758581936359 -0.1262540072202682
vn 0.0810525086722014 5.7286439027883134 -2.5476199868957434
v 0.0005082429852337 0.0438610911369324 -0.1242749989032745
vn 0.0893026127220584 5.4614356010422327 -3.0709258645505155
v 0.0005142129957676 0.0428197905421257 -0.1263719946146011
vn 1.7812134568718254 4.4562093512154393 -4.0236269847983070
v 0.0092637529596686 0.0396810695528984 -0.1285780072212219
vn 1.3744169939110589 4.5164073312092139 -4.1143457182471783
v 0.0071213240735233 0.0398910008370876 -0.1291780024766922
vn 0.4308268935662007 5.7174455293571844 -2.5379100551951055
v 0.0026529429014772 0.0438159704208374 -0.1241599991917610
vn -0.2531089972384587 5.9120852139098723 -2.0818182683206463
v -0.0016190400347114 0.0447219610214233 -0.1220019981265068
vn -0.5423971778668156 6.0254023309061866 -1.6673052997959688
v -0.0036861300468445 0.0453674681484699 -0.1194749996066093
vn -1.2189997498310181 4.1019892485820177 -4.5794919993653354
v -0.0061261048540473 0.0391525588929653 -0.1302150040864944
vn -0.8020774239469112 3.7107010697186933 -4.9854924217991083
v -0.0039414158090949 0.0384000502526760 -0.1312949955463409
vn -0.3364303608410711 4.1562978361369556 -4.6788418796686546
v -0.0017018909566104 0.0393575988709927 -0.1307770013809204
vn 0.1125428972625299 4.1600358833340980 -4.6858277392941465
v 0.0005277370219119 0.0393757782876492 -0.1308149993419647
vn 0.5608501137713382 4.1486535174031918 -4.6638238050916083
v 0.0027543900068849 0.0393366813659668 -0.1306889951229095
vn 0.1168926457615654 3.7320867473086077 -5.0320052568691640
v 0.0005301620112732 0.0384897515177727 -0.1315360069274902
vn 0.5774698688751195 3.7222279109618950 -5.0075713302363729
v 0.0027670259587467 0.0384520813822746 -0.1314090043306351
vn 1.0307770347175000 3.6990239087842034 -4.9518109146107196
v 0.0049897432327271 0.0383603498339653 -0.1311178952455521
vn 1.4345267600791987 4.0817030503016554 -4.5352653461884884
v 0.0071548810228705 0.0390916392207146 -0.1299510002136230
vn 1.4749892114067764 3.6624780941067021 -4.8660638494409962
v 0.0071871280670166 0.0382157489657402 -0.1306650042533875
vn -3.4915550694024877 3.9034091341507136 -3.4214028780101740
v -0.0182622596621513 0.0380226895213127 -0.1241049990057945
vn -3.4240428408203734 2.3667927149423722 -4.6763243687072880
v -0.0166638400405645 0.0349951907992363 -0.1279029995203018
vn -5.3243366915154642 -2.8345943239643723 1.7541968007031752
v -0.0259838700294495 0.0244128704071045 -0.0831552669405937
vn -5.5522358993578891 -2.4309499291994765 1.6485803904477314
v -0.0270859003067017 0.0255469605326653 -0.0849040672183037
vn -5.9442701958313009 -1.5391434847864840 1.3113930013034083
v -0.0286439005285501 0.0279524903744459 -0.0875903889536858
vn -5.7651629113540137 -1.9578612920247020 1.5411846482782163
v -0.0280447602272034 0.0266689602285624 -0.0867528915405273
vn -6.0001806084145759 -1.1388707136991538 1.4593949093125409
v -0.0290344897657633 0.0275090895593166 -0.0897418782114983
vn -6.0316788618653465 -0.7764995342143368 1.5679464698730121
v -0.0293959900736809 0.0267544891685247 -0.0916379019618034
vn -6.1416860525907984 -0.4094600829279326 1.2323900730741875
v -0.0298269893974066 0.0281591992825270 -0.0928738117218018
vn -6.0994076687100289 1.4116573836913853 0.3823115775539809
v -0.0302822496742010 0.0313282012939453 -0.0983421802520752
vn -5.9949405934674562 1.8399616739389468 0.1361172174399064
v -0.0300999805331230 0.0323360487818718 -0.1003490015864372
vn -5.8335674599461926 2.2977276689486632 -0.1589000425718295
v -0.0297336503863335 0.0333760902285576 -0.1022839993238449
vn -5.6182377553113891 2.7531912839589618 -0.4264256066861191
v -0.0291915498673916 0.0343827605247498 -0.1042129024863243
vn -5.7025171416331997 2.5405702859106816 -0.5950341995432487
v -0.0293743591755629 0.0337188802659512 -0.1056310012936592
vn -4.6945510492166633 3.8364897693193662 -1.5964754413970326
v -0.0256126504391432 0.0371616408228874 -0.1132069975137711
vn -4.2281220575629401 4.3822813752409910 -1.4969481482130329
v -0.0241125803440809 0.0387874804437160 -0.1132009997963905
vn -3.9138349177396674 4.6093151389589142 -1.6609399887301475
v -0.0226860605180264 0.0395271703600883 -0.1147698983550072
vn -4.3983586670843247 4.0864786373257465 -1.8042724611002463
v -0.0243105795234442 0.0379223786294460 -0.1149170026183128
vn -3.5911375999248558 4.8111744990857277 -1.8094871182440257
v -0.0211456995457411 0.0402115508913994 -0.1162440031766891
vn -3.4522991277578048 4.6845802559582559 -2.3274332710778634
v -0.0196866896003485 0.0398955903947353 -0.1194780021905899
vn -3.7705393889645800 4.5122464657755010 -2.1706351467396194
v -0.0213378593325615 0.0392901785671711 -0.1180619969964027
vn -3.6393622745142364 4.2917811846802767 -2.7505204638895671
v -0.0198624692857265 0.0387994609773159 -0.1211910024285316
vn -3.3044268894944988 4.4455740946175375 -2.9220799085991978
v -0.0181055609136820 0.0393269583582878 -0.1225308999419212
vn -3.1380012474581522 4.0307073110723772 -3.6088673539212195
v -0.0164049807935953 0.0384727716445923 -0.1253509968519211
vn -3.2854467014571465 3.4191888173701575 -4.0878950334385191
v -0.0165402796119452 0.0368932411074638 -0.1267469972372055
vn -3.3865704627155271 2.9077024429390228 -4.4004976830245504
v -0.0166035797446966 0.0359883904457092 -0.1273570060729980
vn -4.1754040628641578 1.5742249265227575 -4.3906754397456131
v -0.0204447507858276 0.0320214591920376 -0.1260260045528412
vn -4.4992758947235894 1.5130392708279354 -4.0842655295240764
v -0.0221230909228325 0.0316216908395290 -0.1244489997625351
vn -4.4420641879297129 2.2097373579507185 -3.8107951694205489
v -0.0219939891248941 0.0337373018264771 -0.1236189976334572
vn -4.8047371291316114 1.4437426161525360 -3.7508810171423770
v -0.0236837808042765 0.0311902705579996 -0.1227530017495155
vn -5.0804745453058970 1.3674042051966855 -3.4024535309757535
v -0.0251181703060865 0.0307281594723463 -0.1209480017423630
vn -4.7474866079998099 2.0990911815843898 -3.4969141528521268
v -0.0235521700233221 0.0332422815263271 -0.1219440028071404
vn -5.3299914290225274 1.2831986706206377 -3.0368685078074988
v -0.0264175496995449 0.0302366595715284 -0.1190439984202385
vn -5.2750304053564809 1.8490055169354771 -2.8250502826463881
v -0.0262856408953667 0.0321464501321316 -0.1182830035686493
vn -5.7484109415291300 1.0916841524335776 -2.2533968608297106
v -0.0285804793238640 0.0291812997311354 -0.1149770021438599
vn -5.7012486820870105 1.5557644584465058 -2.0862860008636535
v -0.0284528695046902 0.0309306904673576 -0.1142669990658760
vn -5.9131800824989060 0.9867154241437402 -1.8426958124438173
v -0.0294295493513346 0.0286275707185268 -0.1128289997577667
vn -5.8715625777986098 1.3954122912549494 -1.6976201184875181
v -0.0293051600456238 0.0302914902567863 -0.1121449992060661
vn -6.0457947690707519 0.8765957926485852 -1.4261750998212417
v -0.0301162600517273 0.0280548892915249 -0.1106289997696877
vn -6.1198396170496903 1.0492077849749437 -0.8920337044720090
v -0.0305182896554470 0.0289385896176100 -0.1077779978513718
vn -6.2183744008661979 0.6362500184405990 -0.5546658225862876
v -0.0309845805168152 0.0268414001911879 -0.1061630025506020
vn -6.2550888291230020 0.5141412570684010 -0.1125870184711472
v -0.0311555806547403 0.0262498799711466 -0.1038660034537315
vn -6.2399708172716517 0.6753719288231763 -0.0512859538586962
v -0.0310417991131544 0.0275417491793633 -0.1032989993691444
vn -6.2212986617054682 0.2486402828612049 0.8051617588004127
v -0.0309539996087551 0.0251665692776442 -0.0990371704101562
vn -6.2471665994150909 0.4815435828008255 0.3747660990538082
v -0.0310373902320862 0.0269247796386480 -0.1009240001440048
vn -6.1481375476119098 0.1092071273954183 1.2723294266617118
v -0.0305653791874647 0.0245331507176161 -0.0966551825404167
vn -6.1474405213565531 0.0474835184814117 1.2800616630458233
v -0.0304426494985819 0.0255805794149637 -0.0961331725120544
vn -6.0430103950071210 -0.1537264305612527 1.7036076304997769
v -0.0298631694167852 0.0248057805001736 -0.0938236713409424
vn -5.9088998464093763 -0.3409300279545284 2.1022693798498908
v -0.0291113797575235 0.0239735804498196 -0.0915931984782219
vn -5.5529653373592174 -0.3809342221554089 2.9109372518252377
v -0.0272997003048658 0.0214210692793131 -0.0878522917628288
vn -5.7495648220099564 -0.5152331083275216 2.4760286932966649
v -0.0281994901597500 0.0230951905250549 -0.0894520804286003
vn -5.5687100990621001 -0.6797601637522862 2.8250230057324268
v -0.0271408502012491 0.0221809707581997 -0.0874105617403984
vn -5.3799256073553412 -1.2410477732237790 2.9942335884293771
v -0.0257709603756666 0.0218087993562222 -0.0849769115447998
vn -5.5634365854632764 -1.4211905479216866 2.5461395121682795
v -0.0267891790717840 0.0232925992459059 -0.0862627625465393
vn -5.9103664113403367 -0.5837245302952885 2.0441686183260819
v -0.0289583802223206 0.0247043892741203 -0.0909975692629814
vn -6.0406482105016472 -0.5214247224079234 1.6371982891636916
v -0.0295628905296326 0.0262381993234158 -0.0924660488963127
vn -6.0437338806800796 -0.3244530990862896 1.6769475629259565
v -0.0297189895063639 0.0255984608083963 -0.0931988880038261
vn -6.1468915093165393 -0.0413557321903926 1.2820022473862032
v -0.0303061604499817 0.0264379903674126 -0.0954810902476311
vn -6.2127891327653773 0.2678617737883748 0.8567496896481190
v -0.0307060405611992 0.0272177997976542 -0.0978220701217651
vn -6.2085390262354512 0.2562618021479709 0.8833343312747984
v -0.0305624008178711 0.0279703699052334 -0.0970163866877556
vn -6.2349599356689751 0.5783745602824510 0.4251178123877477
v -0.0309091806411743 0.0279178600758314 -0.1002229973673820
vn -6.2183546116484241 0.8495147048986991 0.0264501017223951
v -0.0309134703129530 0.0286090895533562 -0.1025689989328384
vn -5.9523769813178147 1.6091640873722306 -1.1378206333854981
v -0.0298590604215860 0.0309411808848381 -0.1091260015964508
vn -5.7009564316197885 2.2634712243090096 -1.2922690795783103
v -0.0290117803961039 0.0328330881893635 -0.1101970002055168
vn -5.7993625039669734 1.8401156634660756 -1.5073495599854247
v -0.0291653797030449 0.0316792689263821 -0.1112610027194023
vn -5.4058728098469535 2.2645714588951824 -2.2104289439791707
v -0.0272978506982327 0.0330810509622097 -0.1153620034456253
vn -4.9112041846947170 2.6322311709575046 -2.8525680125945110
v -0.0248370692133904 0.0343695804476738 -0.1191420033574104
vn -4.6300355670957583 2.7942933578905214 -3.1489411511266332
v -0.0234046503901482 0.0349573418498039 -0.1208930015563965
vn -4.3222753975100980 2.9452594134082895 -3.4306060047185452
v -0.0218493901193142 0.0355049893260002 -0.1225389987230301
vn -4.1210535679629441 2.3073211980722421 -4.0987901075822100
v -0.0203201696276665 0.0341954790055752 -0.1251748949289322
vn -3.7971525414780807 2.3729136588931015 -4.3656933969183562
v -0.0185401998460293 0.0346153900027275 -0.1266060024499893
vn -3.4515411090014947 1.6754213073692226 -4.9427813300047996
v -0.0167742893099785 0.0327200815081596 -0.1287900060415268
vn -5.7526275731275378 -0.8201972504567749 2.3851192308684643
v -0.0280373599380255 0.0237674694508314 -0.0888872668147087
vn -6.2171536275381678 0.2643595147554182 0.8300909731477388
v -0.0308370497077703 0.0262929704040289 -0.0985000729560852
vn -6.1651988960587465 1.1053278328876881 -0.3605750243294162
v -0.0307390596717596 0.0293752495199442 -0.1048009023070335
vn -6.1972346462772121 0.8616654720922406 -0.4694954992869344
v -0.0308691803365946 0.0282270908355713 -0.1055679991841316
vn -6.0753225718309967 1.3633637766925191 -0.7544883237516797
v -0.0303854905068874 0.0301697794348001 -0.1069699972867966
vn -6.0108197419553049 1.2270856826855454 -1.3011307852861114
v -0.0299951992928982 0.0296297594904900 -0.1099729984998703
vn -5.6165115273716664 2.0585721439835938 -1.8655045666267305
v -0.0283096991479397 0.0323913581669331 -0.1133479997515678
vn -5.5013735658692511 1.7079053737354071 -2.4635236334241775
v -0.0274439994245768 0.0315507613122463 -0.1163159981369972
vn -5.1703098160282188 2.4557867439072973 -2.5396661190542775
v -0.0261375904083252 0.0337427817285061 -0.1172949969768524
vn -5.0235373566816133 1.9794028904007999 -3.1694919166632110
v -0.0249856691807508 0.0327115617692471 -0.1201620027422905
vn -3.8251585106419692 1.6280502852461762 -4.6783539434289718
v -0.0186585690826178 0.0323880910873413 -0.1274760067462921
vn -3.8299356141242877 1.0279087160700284 -4.8536649350498298
v -0.0187602005898952 0.0298057701438665 -0.1280799955129623
vn -4.4488374489647109 -4.3283421889895397 0.9637964833060172
v -0.0227472707629204 0.0222610794007778 -0.0775619670748711
vn -4.7110500919337301 -4.0370365366827450 0.9835366489820787
v -0.0240893904119730 0.0234107896685600 -0.0789057016372681
vn -4.9807370954171652 -3.4886187033727110 1.5763665690326181
v -0.0245367791503668 0.0233749691396952 -0.0806750580668449
vn -4.8629347885248499 -3.4763129948703089 1.9306124833727061
v -0.0234198495745659 0.0221537891775370 -0.0799771472811699
vn -4.9706248601674332 -3.1264580290827420 2.2307082984881559
v -0.0236382391303778 0.0220139604061842 -0.0807154700160027
vn -5.0944863669530918 -3.1774829251084116 1.8470137632388819
v -0.0247566606849432 0.0232778694480658 -0.0815123915672302
vn -5.0578607599748970 -2.7461223147647900 2.5163903683479143
v -0.0238517504185438 0.0218161903321743 -0.0814114809036255
vn -5.1933697170343507 -2.8354236585857144 2.1093223654775888
v -0.0249723698943853 0.0231225397437811 -0.0823099017143250
vn -5.3325853061239794 -2.0801646930668656 2.5868338094877306
v -0.0253868605941534 0.0226213894784451 -0.0837611481547356
vn -5.1598038337101926 -1.8950217726753740 3.0383887863887056
v -0.0242598000913858 0.0212264601141214 -0.0826542899012566
vn -5.3688436136601476 -1.6662380874246208 2.8018301177592426
v -0.0255832597613335 0.0222618505358696 -0.0844022631645203
vn -5.1512075549068843 -0.9947053498015311 3.4529175869709761
v -0.0246346499770880 0.0202909708023071 -0.0836544036865234
vn -5.3218756060690415 -0.2427385072273605 3.3274459284844071
v -0.0262681804597378 0.0197199508547783 -0.0862261578440666
vn -5.3429596104352104 -0.5016735283622202 3.2641143271465114
v -0.0261151697486639 0.0205451808869839 -0.0858935117721558
vn -5.5385503781350991 -0.1661900350979434 2.9576523780756796
v -0.0274446606636047 0.0205217003822327 -0.0882015824317932
vn -5.7400073499176170 -0.2654102356097503 2.5365279022153491
v -0.0283492803573608 0.0222684703767300 -0.0899169966578484
vn -5.7318546897562568 -0.0894341204778195 2.5661230858308501
v -0.0284847598522902 0.0212908908724785 -0.0902804732322693
vn -5.9038100842060448 -0.1465844022680276 2.1380934804259528
v -0.0292514506727457 0.0230763498693705 -0.0920794010162354
vn -5.9002787163494750 -0.0133995676377746 2.1514251815649894
v -0.0293768607079983 0.0220168791711330 -0.0924546718597412
vn -6.0410964387785686 -0.0222369193285639 1.7162169781749057
v -0.0299939494580030 0.0238347593694925 -0.0943290516734123
vn -6.1498539912824004 0.1439628547567202 1.2593436838215504
v -0.0306723695248365 0.0233010593801737 -0.0970456004142761
vn -6.2250137321119396 0.2274013027377162 0.7833924832135186
v -0.0310546699911356 0.0238445904105902 -0.0994313880801201
vn -6.2565112313507889 0.3882104047674540 0.3339351035595243
v -0.0311511699110270 0.0257187392562628 -0.1014730036258698
vn -6.2640343782905950 0.3857551739840664 -0.1546329079584369
v -0.0312529802322388 0.0247405692934990 -0.1042660027742386
vn -6.1475906447725119 0.7598002952147247 -0.9986076161005276
v -0.0306362491101027 0.0274568703025579 -0.1084050014615059
vn -5.9311335717466145 0.6690095920617594 -1.9354311633079229
v -0.0295360591262579 0.0266970898956060 -0.1133090034127235
vn -5.5527694179229385 1.1908552521389870 -2.6538977690294758
v -0.0275741796940565 0.0297191701829433 -0.1170519962906837
vn -5.0971119185894009 0.8898718168407219 -3.5437305060349344
v -0.0252319499850273 0.0284309908747673 -0.1214959993958473
vn -4.1841565551647220 1.0006606828186539 -4.5589177903200833
v -0.0205518603324890 0.0295017901808023 -0.1266179978847504
vn -3.8179720858450699 0.6158985851518983 -4.9383210062776293
v -0.0188446007668972 0.0270133595913649 -0.1284590065479279
vn -2.6055422544124753 0.1090004621555930 -5.7085077961315491
v -0.0129796797409654 0.0217439495027065 -0.1323110014200211
vn -3.4230413346490693 0.1187869932863669 -5.2586137602327616
v -0.0170577708631754 0.0215911790728569 -0.1300799995660782
vn -3.7848066864148242 0.1144625736697926 -5.0044905205593038
v -0.0189631506800652 0.0214995704591274 -0.1287429034709930
vn 2.0159150576508869 2.2135476171780026 -5.5054118852923768
v 0.0094611039385200 0.0348698385059834 -0.1317760050296783
vn 1.5451070289926707 2.2398842035446225 -5.6458215762112962
v 0.0072752828709781 0.0350376889109612 -0.1324039995670319
vn 1.0706369781861187 2.7446810115396079 -5.5299679758863567
v 0.0050320019945502 0.0363288484513760 -0.1323560029268265
vn 0.5993204273715547 2.7611244356034992 -5.5922656891583422
v 0.0027906289324164 0.0364123508334160 -0.1326519995927811
vn 0.1230347692392427 2.2768017347937120 -5.8373407036453306
v 0.0005368490237743 0.0352721810340881 -0.1332948952913284
vn -0.3557944455550091 2.7637399210275717 -5.6118322702761159
v -0.0017242430476472 0.0364306494593620 -0.1327410042285919
vn -0.8298681507817635 2.7510082403778555 -5.5681332634411991
v -0.0039747948758304 0.0363649688661098 -0.1325339972972870
vn -1.7676254286394146 2.2224003847460869 -5.5877947814531765
v -0.0084362616762519 0.0349357686936855 -0.1321280002593994
vn -1.2970737024791916 2.7294331571527688 -5.4891897986789147
v -0.0062053790315986 0.0362507700920105 -0.1321610063314438
vn -1.7533357549774433 2.6979137409345584 -5.3774982930008042
v -0.0084044933319092 0.0360893011093140 -0.1316229999065399
vn -2.1964745978639382 2.6557524478189940 -5.2343868152929307
v -0.0105609800666571 0.0358817502856255 -0.1309240013360977
vn -2.2335695816135139 2.1890803112217769 -5.4310741244898484
v -0.0106001403182745 0.0347404405474663 -0.1314239948987961
vn -2.2177267412242596 1.6656648287523952 -5.6164441914516772
v -0.0106367403641343 0.0334957800805569 -0.1318510025739670
vn -1.3067849068019639 2.2457743300236954 -5.7034756633075681
v -0.0062291622161865 0.0350877605378628 -0.1326700001955032
vn -1.3086301973544374 1.7029909052105787 -5.8830942008638560
v -0.0062512150034308 0.0338189005851746 -0.1331049948930740
vn -0.8363563357100235 2.2635286206847822 -5.7840553460878352
v -0.0039901728741825 0.0351952910423279 -0.1330460011959076
vn -0.8370144868995196 1.7154295637145889 -5.9644668263873379
v -0.0040042991749942 0.0339188501238823 -0.1334840059280396
vn -0.3582453116254636 1.7215701153966749 -6.0104594943781251
v -0.0017368789995089 0.0339764915406704 -0.1336939036846161
vn -0.3579934263311449 2.2728209760286271 -5.8292233223917513
v -0.0017309179529548 0.0352571010589600 -0.1332550048828125
vn 0.1229304529175834 1.7248229474377517 -6.0186168216518983
v 0.0005392549792305 0.0339904986321926 -0.1337350010871887
vn 0.6048750504156230 2.2709025378325660 -5.8094868683919572
v 0.0028015968855470 0.0352399908006191 -0.1331660002470016
vn 1.0796397844044139 2.2595376872497863 -5.7451209342744711
v 0.0050516119226813 0.0351613685488701 -0.1328680068254471
vn 0.0055052561979127 -0.0266483858472137 -6.2693498329812432
v 0.0000000000000000 0.0172499995678663 -0.1351249963045120
vn -0.4487295105355733 -0.0353824698804383 -6.2669110401038788
v -0.0017724629724398 0.0172499995678663 -0.1350010037422180
vn 1.3047464263416368 -0.0264689373278339 -6.1461162333256993
v 0.0051777358166873 0.0172499995678663 -0.1346499025821686
vn 0.8755713064432732 -0.0268494596089764 -6.2079821383235450
v 0.0043839211575687 0.0172499995678663 -0.1348180025815964
vn 0.4328713286139847 -0.0358831686968027 -6.2680380610155133
v 0.0028723469004035 0.0172499995678663 -0.1349239051342010
vn -1.3199792028426343 -0.0311181270551285 -6.1427579740512890
v -0.0063776960596442 0.0172499995678663 -0.1343950033187866
vn -1.7120625266082548 0.0826067261056659 -6.0364513298615581
v -0.0086199641227722 0.0218544006347656 -0.1339160054922104
vn -1.7150090205804394 -0.0147779899613945 -6.0295377996691046
v -0.0086825480684638 0.0172499995678663 -0.1339049041271210
vn -2.1683200777182794 0.0935875073148379 -5.8884014617658380
v -0.0108291497454047 0.0218045692890882 -0.1331949979066849
vn -2.5699302129200041 -0.0141751392574730 -5.7169640929396239
v -0.0128121897578239 0.0172499995678663 -0.1324020028114319
vn 2.2670541485451285 3.9546882972369373 -4.3028367460103025
v 0.0114120803773403 0.0386325716972351 -0.1285829991102219
vn 1.8565983842683713 4.0261564829940664 -4.4311376027927372
v 0.0093067279085517 0.0388882681727409 -0.1293440014123917
vn 1.6758595627461144 4.9269576894908225 -3.4811017228261902
v 0.0091729760169983 0.0410761795938015 -0.1268820017576218
vn 1.2912274001104369 4.9881398890068382 -3.5562793713952789
v 0.0070505142211914 0.0412968881428242 -0.1274670064449310
vn 1.2011427587296253 5.3771955698366938 -2.9858701270252155
v 0.0069751730188727 0.0424999482929707 -0.1255629956722260
vn 0.7764351504461243 5.6909616544447816 -2.5155516614041260
v 0.0047854180447757 0.0437058806419373 -0.1238979995250702
vn 0.8358156250477120 5.4214156380375735 -3.0298610547348725
v 0.0048410887829959 0.0426688715815544 -0.1259828954935074
vn 0.0736411588466555 5.9160420327299281 -2.0847942097072245
v 0.0005020130192861 0.0447434708476067 -0.1220320016145706
vn -0.2390943959685998 6.0420288690357102 -1.6780590591053113
v -0.0015982979675755 0.0454573594033718 -0.1196390017867088
vn -0.2268789761083568 6.1304650667475160 -1.3288280464511117
v -0.0015769599704072 0.0460583493113518 -0.1171799972653389
vn -0.5121473245470873 6.1152148394384049 -1.3199994559776114
v -0.0036371939349920 0.0459677502512932 -0.1170229986310005
vn 2.1775337112287052 4.3815136145018148 -3.9100097797280773
v 0.0113603398203850 0.0394171401858330 -0.1278250068426132
vn 2.0522213857390890 4.8496741596228627 -3.3878698748177345
v 0.0112511496990919 0.0407983586192131 -0.1261480003595352
vn 1.5618365517353312 5.3172974533028539 -2.9261551110911079
v 0.0090764760971069 0.0422706007957458 -0.1249950006604195
vn 0.7227378593366374 5.8812673308289352 -2.0594990184479540
v 0.0047273631207645 0.0445850417017937 -0.1216690018773079
vn 0.3997763273868368 5.9056445900635381 -2.0773466557827343
v 0.0026205179747194 0.0446975789964199 -0.1219210028648376
vn 0.3724667190980449 6.0363152338578727 -1.6744453738718714
v 0.0025869600940496 0.0454326793551445 -0.1195610016584396
vn 0.0612498302530303 6.1339521974616380 -1.3306130335588970
v 0.0004889320116490 0.0460804700851440 -0.1172069981694221
vn 0.0668268106179624 6.0456299575652395 -1.6806268828229094
v 0.0004955630283803 0.0454792901873589 -0.1196679994463921
vn -0.2137966117322021 6.1967997899948735 -0.9691696012228797
v -0.0015551439719275 0.0465372800827026 -0.1146479994058609
vn -0.4806493398139554 6.1829588278520298 -0.9621723147434837
v -0.0035871861036867 0.0464463792741299 -0.1144990026950836
vn -0.4469261994541374 6.2349333079781211 -0.5608572683150423
v -0.0034852619282901 0.0470869503915310 -0.1093299016356468
vn 0.6748840981610011 6.0139915639107855 -1.6603313580555834
v 0.0046672821044922 0.0453186593949795 -0.1193189993500710
vn 1.1179860437182816 5.6494867040737144 -2.4803483171032306
v 0.0068958988413215 0.0435320697724819 -0.1234920024871826
vn 2.5620953245337739 4.2910640140861354 -3.7761003033377118
v 0.0134006701409817 0.0391004607081413 -0.1269229948520660
vn 2.6747278851016509 3.8696809121401099 -4.1428706764069592
v 0.0134602701291442 0.0383259616792202 -0.1276710033416748
vn 4.6876588198513591 4.1279226512509446 -0.5330761311477544
v 0.0265989806503057 0.0380294881761074 -0.1053719967603683
vn 4.3940430356929161 4.4198308179808130 -0.6983454985971401
v 0.0254969503730536 0.0389568805694580 -0.1070130020380020
vn 6.1986796245999232 0.8794265051704191 0.4067624727251526
v 0.0305548906326294 0.0299109797924757 -0.0994554683566093
vn 3.0209475562143786 5.4649244149673182 0.6255249848154991
v 0.0206384006887674 0.0424042902886868 -0.0889096781611443
vn 3.8240474103955009 4.9485173013551886 0.5035075098892249
v 0.0236749593168497 0.0406398698687553 -0.0909532904624939
vn 4.2765086446181115 4.5747024451415319 0.3577333721564512
v 0.0252501908689737 0.0395553708076477 -0.0937218591570854
vn 4.8570369216935925 3.9607975379720228 -0.0651409721655706
v 0.0271244607865810 0.0378087684512138 -0.1000519022345543
vn 4.7342130511183953 4.1053369317777193 0.2192716513058532
v 0.0266802906990051 0.0382508598268032 -0.0962697789072990
vn 5.2961362046964684 3.3504870771816098 -0.1785759150502789
v 0.0283575002104044 0.0360190793871880 -0.1019340008497238
vn 5.1778150885404344 3.5317970199213811 0.0860707967311384
v 0.0279358606785536 0.0367174707353115 -0.0984567925333977
vn 6.0510732854828122 1.6280166037693395 0.2543948827979214
v 0.0301162600517273 0.0320010706782341 -0.0992043614387512
vn 6.1782132363201123 0.9668113246105374 0.4892353606290765
v 0.0303876902908087 0.0304878894239664 -0.0983518883585930
vn 6.1819813990936101 0.9518816156292844 0.4408231382998962
v 0.0304837804287672 0.0302011892199516 -0.0989992022514343
vn 1.9267129993203698 5.8668339547885351 1.0917619707170338
v 0.0154045801609755 0.0437838993966579 -0.0830217003822327
vn 2.2895954073630667 5.7846382557478186 0.8291274224204259
v 0.0172982793301344 0.0436511002480984 -0.0864030718803406
vn 2.6844371645000482 5.6438015864830096 0.5771339227931388
v 0.0192002002149820 0.0432294607162476 -0.0897334814071655
vn 3.1023081918687625 5.4427623298425960 0.3715704478534791
v 0.0210752394050360 0.0425282716751099 -0.0929815694689751
vn 3.4542109818262903 5.2207773290287447 0.4339625827176012
v 0.0224278494715691 0.0416248999536037 -0.0919935703277588
vn 3.5404494029528077 5.1767861866518468 0.1880359774472878
v 0.0228850804269314 0.0415666587650776 -0.0961077809333801
vn 4.0117875870152950 4.8205100756941821 -0.0021017037618276
v 0.0245916806161404 0.0403472706675529 -0.0990318581461906
vn 3.9016252454766294 4.9054190103948940 0.2684443437783237
v 0.0241295602172613 0.0405985713005066 -0.0949397012591362
vn 4.3725583233782466 4.4934499566376074 0.1036422948055539
v 0.0257060509175062 0.0393327400088310 -0.0976734682917595
vn 5.0021028224689239 3.7612942924080963 -0.3615544071454400
v 0.0275558792054653 0.0370477996766567 -0.1036769971251488
vn 5.4066413271295035 3.1571758760220905 -0.3759570619685517
v 0.0285604503005743 0.0355354510247707 -0.1035759970545769
vn 5.6476329229614777 2.7246306471803114 -0.1533484455226078
v 0.0291926804929972 0.0345157906413078 -0.1017140001058578
vn 5.9060490932148664 2.1125841377517922 -0.0408299720192819
v 0.0298392698168755 0.0329900905489922 -0.1012220010161400
vn 6.0878532768782732 1.5082307411943860 0.1383411931499821
v 0.0302937608212233 0.0314590893685818 -0.1004669964313507
vn 5.9585962275389139 1.9538707434483011 -0.1651555140747687
v 0.0300194006413221 0.0323969684541225 -0.1025490015745163
vn 6.1213262236723942 1.3753190400289128 0.0382739635617892
v 0.0304624997079372 0.0308143403381109 -0.1016279980540276
vn -2.1185875292630181 3.5773912282040037 -4.6899215087209685
v -0.0104759903624654 0.0378690883517265 -0.1297149956226349
vn -1.6920475608194083 3.6358220904389729 -4.8160152956231084
v -0.0083355903625488 0.0380970798432827 -0.1304010003805161
vn -1.2521716177047069 3.6791491151850155 -4.9160062981084369
v -0.0061537618748844 0.0382745787501335 -0.1309289038181305
vn -0.8187739237505427 3.2437241828676928 -5.2977608293248277
v -0.0039585228078067 0.0374305807054043 -0.1319489926099777
vn -0.3450163582618491 3.7286321868792625 -5.0240899372281866
v -0.0017096990486607 0.0384721681475639 -0.1314979940652847
vn 1.0541088608963465 3.2337709191451158 -5.2622584615792798
v 0.0050113787874579 0.0373925492167473 -0.1317709982395172
vn 1.9091956397107626 3.6111366993999052 -4.7525208524062084
v 0.0093480944633484 0.0380197688937187 -0.1300520002841949
vn 2.3289133625502365 3.5475074661976431 -4.6123268591240363
v 0.0114617897197604 0.0377734787762165 -0.1292818933725357
vn 2.3780771748133716 3.1040808369265327 -4.8972254692509241
v 0.0115093495696783 0.0368306003510952 -0.1299189031124115
vn 2.7319375981034586 3.4703340863472549 -4.4475703927220547
v 0.0135175501927733 0.0374780781567097 -0.1283610016107559
vn 2.7902358281023814 3.0375507857768160 -4.7191111606325968
v 0.0135723901912570 0.0365478917956352 -0.1289889961481094
vn 3.1216008616319564 3.4509659308419529 -4.1906957969638912
v 0.0155046498402953 0.0371346399188042 -0.1272930055856705
vn 3.6155286088906387 2.4283121451889653 -4.4879473401411181
v 0.0175427701324224 0.0348604917526245 -0.1272349059581757
vn 2.8569916655089003 1.7477599553921666 -5.2847202999156559
v 0.0137213403359056 0.0331854782998562 -0.1304668933153152
vn 2.4361019059465616 2.5422063742023373 -5.1756594297579683
v 0.0115547701716423 0.0357950888574123 -0.1304890066385269
vn -2.6457112801150804 2.5056605463089530 -5.0903940115219113
v -0.0126636000350118 0.0356295704841614 -0.1300680041313171
vn -2.1633949276643021 3.1277671818608122 -4.9811933589825967
v -0.0105194998905063 0.0369220897555351 -0.1303530037403107
vn -1.7279235158874686 3.1782206373613260 -5.1168440963924127
v -0.0083708763122559 0.0371404811739922 -0.1310458928346634
vn -1.2787695686838456 3.2170822122681422 -5.2229017507156037
v -0.0061801671981812 0.0373103618621826 -0.1315789967775345
vn -0.3515656596876399 3.2586787675643811 -5.3397463319140304
v -0.0017171499785036 0.0374996587634087 -0.1321540027856827
vn 0.1203082109627109 3.2615352265058042 -5.3478817390886748
v 0.0005324829835445 0.0375164709985256 -0.1321929991245270
vn 0.1224144402559964 2.7666994120144048 -5.6204026662668696
v 0.0005346930120140 0.0364466905593872 -0.1327800005674362
vn 0.5905782022893906 3.2540292821862633 -5.3214142651262515
v 0.0027791259344667 0.0374804697930813 -0.1320648938417435
vn 1.5084582627858318 3.2009643224465978 -5.1711092338027758
v 0.0072179432027042 0.0372541509568691 -0.1313139945268631
vn 1.5320719815001456 2.7182805800794623 -5.4339611296022490
v 0.0072473278269172 0.0361973606050014 -0.1318950057029724
vn 1.9513976104008970 3.1568406663325259 -5.0492627179918390
v 0.0093876123428345 0.0370664484798908 -0.1306950002908707
vn 1.9803548424570863 2.6835705541118848 -5.3054521024272203
v 0.0094252815470099 0.0360190793871880 -0.1312710046768188
vn 2.8343932236392297 2.4769247908615148 -5.0006121452507823
v 0.0136245395988226 0.0355265699326992 -0.1295520067214966
vn 3.1960564134757083 2.9581991261214959 -4.5073134070911864
v 0.0155658703297377 0.0362193509936333 -0.1279110014438629
vn 3.2322447146893087 2.4166264113018725 -4.7860615401376361
v 0.0156241599470377 0.0352146588265896 -0.1284649074077606
vn 3.6427487229205480 1.6700717711454685 -4.8079941355595954
v 0.0176602005958557 0.0326032601296902 -0.1281220018863678
vn 4.0042709989914318 1.6218592222623813 -4.5310072047576870
v 0.0194951798766851 0.0322579704225063 -0.1267379969358444
vn 0.0430612118648548 6.2748358202892058 -0.2080802151308144
v 0.0004544699913822 0.0474969707429409 -0.1042969971895218
vn -0.1880436601869862 6.2721976160038224 -0.2072096202849972
v -0.0014659760054201 0.0474753901362419 -0.1042779982089996
vn 0.2968633599021071 6.2435411851946876 -0.5643400201867812
v 0.0024454589001834 0.0471527501940727 -0.1093960031867027
vn 0.3236349048269698 6.1924364071048732 -0.9668624013008907
v 0.0025172820314765 0.0465123616158962 -0.1145749986171722
vn 0.9164883654703648 6.0730156371370017 -1.2958905285472870
v 0.0066395988687873 0.0457368418574333 -0.1165129989385605
vn 1.2743614693807181 5.9307174301962888 -1.6070593134071984
v 0.0087591996416450 0.0448933802545071 -0.1184350028634071
vn 1.6762898855570112 5.7237879340288007 -1.9448641500402262
v 0.0108853504061699 0.0438615605235100 -0.1200840026140213
vn 2.1233302730820331 5.4335734579700468 -2.2998329267295698
v 0.0130003597587347 0.0426397882401943 -0.1214289963245392
vn 2.7800826804994037 4.6464740352266620 -3.1469150340982610
v 0.0152338696643710 0.0400761887431145 -0.1242510005831718
vn 3.1302870231817037 4.5195368679832724 -3.0006438453252380
v 0.0171181503683329 0.0396336913108826 -0.1230980008840561
vn 3.8331862498100735 3.1480346421312091 -3.8072641827476903
v 0.0192314907908440 0.0363083407282829 -0.1247410029172897
vn 4.1660831756502130 3.0213059499572834 -3.5552143290673532
v 0.0209511499851942 0.0358279906213284 -0.1232710033655167
vn -0.6098893299455015 6.2486944012466772 0.0964100581154250
v -0.0051337480545044 0.0472794696688652 -0.0989663600921631
vn -0.4178033809002988 6.2612444833536465 -0.2031945709913258
v -0.0033826821018010 0.0473864600062370 -0.1041610017418861
vn -0.2001020542874982 6.2471935816168109 -0.5662293178501590
v -0.0015106790233403 0.0471774898469448 -0.1094629988074303
vn 0.0486926130986303 6.2501035967741085 -0.5673681779114131
v 0.0004683570005000 0.0471994802355766 -0.1094850003719330
vn 0.0553172114159253 6.1999999383223843 -0.9706666452303124
v 0.0004821610054933 0.0465594492852688 -0.1146730035543442
vn 0.3484770341123820 6.1254728875522160 -1.3257439920939669
v 0.0025525090750307 0.0460335612297058 -0.1171040013432503
vn 0.6332834205466676 6.1051093603269582 -1.3142290234380627
v 0.0046054720878601 0.0459185801446438 -0.1168730035424232
vn 0.9752380844441153 5.9788789703996112 -1.6377571454328239
v 0.0067275757901371 0.0451385900378227 -0.1189429983496666
vn 1.0425054020324656 5.8430207126361005 -2.0312996031124757
v 0.0068132281303406 0.0444076582789421 -0.1212769970297813
vn 1.3602342956827511 5.7906401115155788 -1.9930726980673918
v 0.0088688731193542 0.0441661402583122 -0.1207479983568192
vn 1.4563261889201529 5.5930165586781548 -2.4325006587436322
v 0.0089749088510871 0.0432958006858826 -0.1229429990053177
vn 1.7913697568248454 5.5212951764774942 -2.3721702812380601
v 0.0110128503292799 0.0429980717599392 -0.1222539991140366
vn 1.9168916566274463 5.2415319868504611 -2.8512333847398037
v 0.0111351003870368 0.0419816896319389 -0.1242830008268356
vn 2.2669800245240004 5.1496464173178325 -2.7609213321967756
v 0.0131410900503397 0.0416343808174133 -0.1234299987554550
vn 2.4203700121431400 4.7560594092922130 -3.2764419101232778
v 0.0132748400792480 0.0404647514224052 -0.1252699941396713
vn 3.4949918277493639 3.2707654535110016 -4.0226872116148353
v 0.0174126606434584 0.0367443487048149 -0.1260839998722076
vn 3.3152734383714044 3.9743056498843101 -3.5146399971090454
v 0.0172707997262478 0.0383127890527248 -0.1246950030326843
vn 3.9513003889476694 2.3660711005044091 -4.2309225698020141
v 0.0193699505180120 0.0344652496278286 -0.1258679926395416
vn 4.2857884119621588 2.2733011772983822 -3.9496189689944776
v 0.0210961606353521 0.0340300686657429 -0.1243729963898659
vn -3.0577200436564906 1.7161017637131504 -5.1809688934646063
v -0.0148019697517157 0.0330160781741142 -0.1299609988927841
vn -1.7603360460870037 1.1056136832501815 -5.9098901929791863
v -0.0085174441337585 0.0308758001774549 -0.1332090049982071
vn -1.3010201550924954 1.1124408804948394 -6.0262274449902771
v -0.0062891840934753 0.0309931598603725 -0.1337590068578720
vn -1.7706497374780998 1.6871213883707343 -5.7658996775355247
v -0.0084658861160278 0.0336774513125420 -0.1325599998235703
vn -0.8315011820519210 1.1177150882210651 -6.1074013562021232
v -0.0040279622189701 0.0310761891305447 -0.1341419965028763
vn 0.6055040406443747 1.7227894452161860 -5.9903114884003008
v 0.0028123250231147 0.0339605808258057 -0.1336050033569336
vn 1.0805162069457177 1.7177224189485889 -5.9247823621881883
v 0.0050705070607364 0.0338875614106655 -0.1333059966564178
vn 1.5364893014045136 1.1193558070104022 -5.9697676232037251
v 0.0073521728627384 0.0309552494436502 -0.1334950029850006
vn 1.5477534508607129 1.7071041849819035 -5.8240596400645508
v 0.0073019862174988 0.0337724611163139 -0.1328389942646027
vn 1.9902990470643591 1.1143007948332129 -5.8357535982904265
v 0.0095587959513068 0.0308259706944227 -0.1328590065240860
vn 2.4300224018082481 1.1064689537511851 -5.6688565035973664
v 0.0117147499695420 0.0306633692234755 -0.1320610046386719
vn 1.9997183600553665 1.6911457900564197 -5.6900816404579047
v 0.0094951977953315 0.0336164794862270 -0.1322080045938492
vn 2.4565967928440799 1.7570752940335697 -5.4800351602668655
v 0.0116387596353889 0.0334203802049160 -0.1314159929752350
vn 3.2599258655566539 1.7122167334366880 -5.0597959546727527
v 0.0157321598380804 0.0329127907752991 -0.1293669044971466
vn 3.2609065945725759 1.0814044476138056 -5.2418175034646337
v 0.0158291999250650 0.0302423797547817 -0.1299960017204285
vn 4.3418809480833156 1.5658314451598558 -4.2321196344504495
v 0.0212271790951490 0.0318782888352871 -0.1252229958772659
vn 4.6555127412122541 1.5023566270563649 -3.9118580593152776
v 0.0228464603424072 0.0314651690423489 -0.1235859021544456
vn 4.9601835797604199 0.9449649178724291 -3.7191591716444492
v 0.0244666896760464 0.0286749005317688 -0.1224009022116661
vn 3.3173830447648034 -0.0073542889311277 -5.3186109998010274
v 0.0166924502700567 0.0172499995678663 -0.1303389966487885
vn 4.6453629377267500 0.0152516540343770 -4.2066764518486988
v 0.0234090592712164 0.0172499995678663 -0.1247029975056648
vn 4.3711918840145962 0.0115706494865700 -4.5133365657326125
v 0.0232583805918694 0.0172499995678663 -0.1248480007052422
vn 4.6405203835934437 0.1695943822280287 -4.2218813102782144
v 0.0232193991541862 0.0212504807859659 -0.1248359978199005
vn 3.9652448368671562 0.1505713578959221 -4.8620043926911229
v 0.0198412500321865 0.0214684605598450 -0.1280360072851181
vn 3.7036535439569480 -0.0024099286161508 -5.0755364972831174
v 0.0198672991245985 0.0172499995678663 -0.1280319988727570
vn -2.6411052625907576 1.0835961631455813 -5.5777326492629848
v -0.0128282904624939 0.0305416490882635 -0.1316179931163788
vn -2.1933487957237183 0.6321105105471237 -5.8412642756668198
v -0.0107539799064398 0.0277261696755886 -0.1328949034214020
vn -2.2083576415362400 1.0959565413379149 -5.7597597190038989
v -0.0107010602951050 0.0307250004261732 -0.1324940025806427
vn -0.3551986627098983 1.1214339431948925 -6.1529248959692442
v -0.0017457000212744 0.0311240497976542 -0.1343539059162140
vn 0.1220061490975591 1.1225608103961577 -6.1618576627777326
v 0.0005454859929159 0.0311357900500298 -0.1343950033187866
vn 0.5921301546282447 0.6395549451336453 -6.2102658277199660
v 0.0028532140422612 0.0280258003622293 -0.1346780061721802
vn 0.5995159230594548 1.1230362165819150 -6.1338800318351172
v 0.0028335449751467 0.0311110597103834 -0.1342650055885315
vn 1.0608258159940618 0.6422901240053998 -6.1473408643868765
v 0.0051386947743595 0.0279791895300150 -0.1343770027160645
vn 1.0716923705992629 1.1220986888478630 -6.0697999490080115
v 0.0051064491271973 0.0310506802052259 -0.1339640021324158
vn 2.4127856631875102 0.6493851107027376 -5.7526415412068879
v 0.0117810899391770 0.0276797991245985 -0.1324670016765594
vn 2.8375923345399148 0.6504226472678389 -5.5556161599623186
v 0.0138843599706888 0.0275288801640272 -0.1315069943666458
vn 2.8544984359642109 1.0957913403556470 -5.4701885368627545
v 0.0138085400685668 0.0304685793817043 -0.1311050057411194
vn 3.6320309830524868 0.6465291660833352 -5.0733169064223933
v 0.0178566500544548 0.0271547995507717 -0.1291320025920868
vn 3.6467647258885112 1.0630506448769339 -4.9861190036962135
v 0.0177654605358839 0.0299856606870890 -0.1287399977445602
vn 4.0108420632924435 1.0407028471589161 -4.7041397468765478
v 0.0196071807295084 0.0296995602548122 -0.1273449957370758
vn 4.3519241462280656 1.0137113788896499 -4.3977965672136170
v 0.0213443003594875 0.0293848495930433 -0.1258179992437363
vn 4.6690222927657192 0.9822352714219897 -4.0685510244128178
v 0.0229671504348516 0.0290427803993225 -0.1241670027375221
vn 4.6623310897119223 0.6220218805532091 -4.1517956498257282
v 0.0230713393539190 0.0264240503311157 -0.1245379969477654
vn 4.9567916017642908 0.6073471632670712 -3.7984256437354018
v 0.0245725493878126 0.0261390805244446 -0.1227639988064766
vn 5.6735824733668299 0.5383324153998217 -2.6274264521245638
v 0.0282472893595695 0.0251793805509806 -0.1168470010161400
vn 5.4617119962668967 0.8538010801100959 -2.9647177667655482
v 0.0270621702075005 0.0278691593557596 -0.1185628995299339
vn 5.2250235969133714 0.9022645514365022 -3.3500185562697791
v 0.0258343797177076 0.0282830502837896 -0.1205300018191338
vn 4.9440267229824029 1.4310589339974920 -3.5722835978915106
v 0.0243440791964531 0.0310206990689039 -0.1218350008130074
vn 4.8859050966924134 2.0575924892121904 -3.3290796468849138
v 0.0242068693041801 0.0330460593104362 -0.1210279986262321
vn 4.5979000460716346 2.1708690989758948 -3.6483466462602991
v 0.0227115694433451 0.0335564017295837 -0.1227559968829155
vn 4.4788176122703387 2.8808801065066234 -3.2850251424664574
v 0.0225620791316032 0.0353042408823967 -0.1216820031404495
vn 3.9929814924106495 3.6885204604090065 -3.1021878174173407
v 0.0207929592579603 0.0373265706002712 -0.1219419986009598
vn 3.6617104277546435 3.8397088822486207 -3.3174796846399746
v 0.0190802793949842 0.0378439985215664 -0.1233799979090691
vn 2.6114019247311266 5.0405669474609169 -2.6564838176819112
v 0.0150846801698208 0.0412294790148735 -0.1224410012364388
vn 1.9915522683191900 5.6417377864570417 -1.8862437643638437
v 0.0128535004332662 0.0434947609901428 -0.1192890033125877
vn 1.1993720224162938 6.0288253672227059 -1.2707132697120600
v 0.0086464276537299 0.0454893708229065 -0.1160269007086754
vn 0.8551719375106620 6.1453255454306168 -0.9429882503972070
v 0.0065497150644660 0.0462146885693073 -0.1140109971165657
vn 0.5899233786370155 6.1742227147268363 -0.9576201620728609
v 0.0045424099080265 0.0463970787823200 -0.1143539994955063
vn 0.2737614678951731 6.2691049899338775 -0.2056452075639909
v 0.0023732180707157 0.0474510714411736 -0.1042170003056526
vn -0.1785751495968401 6.2759766012466818 0.0871878558502172
v -0.0014219880104065 0.0475175902247429 -0.0992610976099968
vn -0.3948709520688745 6.2658695376388263 0.0949782391435276
v -0.0032818911131471 0.0474309884011745 -0.0991575121879578
vn -0.8267905783411487 6.2232581953002111 0.1101086919434735
v -0.0069723720662296 0.0470635816454887 -0.0986880585551262
vn -0.6458017980997203 6.2420778615202375 -0.1956930816659471
v -0.0052897329442203 0.0472311899065971 -0.1039440035820007
vn -0.6919422411609186 6.2133184796059426 -0.5514187185856376
v -0.0054484000429511 0.0469291806221008 -0.1090869978070259
vn -0.9374082888809577 6.1821805494819664 -0.5376838477963128
v -0.0073930621147156 0.0467049404978752 -0.1087329015135765
vn -0.7455173174339896 6.1585307641101146 -0.9498151238385939
v -0.0056060547940433 0.0462878905236721 -0.1142280027270317
vn -1.0769309000822056 6.0494013139341831 -1.2823822687731692
v -0.0077071180567145 0.0455860383808613 -0.1163249984383583
vn -0.7951085889900129 6.0881974787120496 -1.3045167992558615
v -0.0056833620183170 0.0458099804818630 -0.1167379990220070
vn -1.2159706519650864 5.8160303740644004 -2.0118108899532725
v -0.0079066753387451 0.0442606806755066 -0.1210659965872765
vn -0.9602211988591647 5.6702819389549521 -2.4983703959213370
v -0.0059037799946964 0.0436022803187370 -0.1237389966845512
vn -1.0279964941620734 5.3997620856128954 -3.0090023978862703
v -0.0059719081036747 0.0425682589411736 -0.1258160024881363
vn -1.1017949826963134 5.0108900035074599 -3.5868244603143138
v -0.0060365791432559 0.0413628816604614 -0.1277250051498413
vn -1.6470019427015823 4.0531342296618602 -4.4891347643332598
v -0.0082986345514655 0.0389684997498989 -0.1296920031309128
vn -2.5845578427707880 3.0669858447418057 -4.8162483835976877
v -0.0126150799915195 0.0366564914584160 -0.1295039951801300
vn -2.9880527617611392 2.9941837036821388 -4.6259030880092187
v -0.0146466400474310 0.0363448783755302 -0.1285029947757721
vn -3.0345749134312170 2.4329692064779533 -4.9041259815456417
v -0.0147014800459146 0.0353336893022060 -0.1290590018033981
vn -3.0567065963680906 1.0686538557592498 -5.3647127544034294
v -0.0148878600448370 0.0303267799317837 -0.1305869966745377
vn -3.4538046226338817 1.0499945309122132 -5.1229134959363805
v -0.0168687701225281 0.0300811491906643 -0.1294050067663193
vn -3.4389689765217812 0.6232419743831905 -5.2080913745390101
v -0.0169471502304077 0.0272269807755947 -0.1297910064458847
vn 6.2590224961694769 0.4347653217462569 0.1356941390795523
v 0.0311508700251579 0.0256430506706238 -0.1027709990739822
vn 6.2035315984453394 0.3788747967861787 -0.8763255459081096
v 0.0309698507189751 0.0237291995435953 -0.1079820021986961
vn 5.9962172787715318 0.6782683019220250 -1.7212203581163221
v 0.0298374798148870 0.0265101697295904 -0.1122099980711937
vn 5.8288580231136304 1.0726458289909551 -2.0500569740927062
v 0.0289515797048807 0.0289685707539320 -0.1138930022716522
vn 5.7841808770984864 1.5014844440062889 -1.8925586492869864
v 0.0288188997656107 0.0306834504008293 -0.1131870001554489
vn 5.5095520822974962 2.1810467286845614 -2.0352568221414113
v 0.0277370791882277 0.0328216515481472 -0.1143169030547142
vn 5.5999339879415482 1.6557602419282142 -2.2732285478523626
v 0.0278868600726128 0.0313184782862663 -0.1152630001306534
vn 5.1467762472389484 2.9130618565508937 -2.0668798261401027
v 0.0264852605760098 0.0348056517541409 -0.1151100024580956
vn 3.9318872844511681 4.4152183882819660 -2.0837806819829630
v 0.0220373794436455 0.0390487909317017 -0.1172450035810471
vn 3.7532554379478942 4.7134668290344770 -1.7373475040199098
v 0.0218413397669792 0.0399604998528957 -0.1154460012912750
vn 2.7963150258818992 5.4603278253499603 -1.3175004236267236
v 0.0181767903268337 0.0427100583910942 -0.1140320003032684
vn 2.3605054324609465 5.7115010900408691 -1.0946165596605355
v 0.0162329599261284 0.0438489913940430 -0.1128790006041527
vn 2.0623643169630195 5.8151107152591308 -1.1511923817885750
v 0.0144200902432203 0.0443565808236599 -0.1138390004634857
vn 1.5452170013216999 6.0630180054986331 -0.4838532802989352
v 0.0120606999844313 0.0459122583270073 -0.1073149964213371
vn 1.2011008130668925 6.1600815749881868 -0.1617103782884980
v 0.0099131455644965 0.0466035008430481 -0.1029198989272118
vn 0.9644966335860889 6.2012150932987495 -0.1782618082545042
v 0.0080605736002326 0.0469145700335503 -0.1033890023827553
vn 0.9088240952592421 6.2116007202783639 0.1172643165932769
v 0.0078285327181220 0.0469692908227444 -0.0984705612063408
vn 6.2465642085615274 0.5775566893479924 0.2175520705741164
v 0.0309921503067017 0.0273242499679327 -0.1020369976758957
vn 1.8781553402369073 5.9867341815804203 0.2030868081836495
v 0.0148586602881551 0.0453398786485195 -0.0963162705302238
vn 1.9685891540620948 5.9600234742202129 -0.0830018577222555
v 0.0152485901489854 0.0452632904052734 -0.1009650006890297
vn 2.8313003859148136 5.5600487389012851 -0.6584520201285363
v 0.0194208007305861 0.0430850908160210 -0.1084100008010864
vn 3.1474728071892635 5.3955150594236496 -0.5835842073542826
v 0.0209855996072292 0.0423696003854275 -0.1072039976716042
vn 3.7540411257256152 4.9240125942091542 -1.0105760739841574
v 0.0228995606303215 0.0406403504312038 -0.1100820004940033
vn 3.6192624834290505 5.0687866090389102 -0.7632923949086823
v 0.0226785503327847 0.0411639809608459 -0.1080290004611015
vn 4.0774804298186993 4.6854420093718074 -0.8811131460292643
v 0.0242602806538343 0.0398277603089809 -0.1085859984159470
vn 4.9721562796814771 3.6847566707080235 -1.0128258468438007
v 0.0270153805613518 0.0368134900927544 -0.1088420003652573
vn 5.7863761430923892 2.1375030050241062 -1.1210210204697286
v 0.0292918607592583 0.0325076505541801 -0.1091300025582314
vn 6.0125432501571270 1.5114034330393356 -0.9451491701197607
v 0.0300602894276381 0.0306319501250982 -0.1080270037055016
vn 5.9432427296006658 1.8437650778870751 -0.7789662203343659
v 0.0299072805792093 0.0316915512084961 -0.1070230007171631
vn 5.6935086343568990 0.3316962002287264 -2.6150746522660393
v 0.0283325891941786 0.0228937808424234 -0.1170369014143944
vn 5.4640708564723415 0.5665842074558484 -3.0334416597476066
v 0.0271678492426872 0.0255154892802238 -0.1189069971442223
vn 5.2246208454705920 0.5889186916605570 -3.4245948203348755
v 0.0259407702833414 0.0258357506245375 -0.1208840012550354
vn 4.9495600149889469 0.3708011495878979 -3.8408923643445867
v 0.0246589705348015 0.0235709492117167 -0.1229669973254204
vn 4.3430151012356832 0.6335808909313771 -4.4827444932459688
v 0.0214455705136061 0.0266891699284315 -0.1261959969997406
vn 3.9988598101004182 0.6415186310454191 -4.7905023687015724
v 0.0197040997445583 0.0269329492002726 -0.1277309954166412
vn 3.9842237412791510 0.3664984478357677 -4.8345275174149585
v 0.0197830703109503 0.0241315905004740 -0.1279439032077789
vn 3.2449183144136211 0.6496419075518282 -5.3285139368339518
v 0.0159132406115532 0.0273537002503872 -0.1303929984569550
vn 2.8194706050104528 0.3488069688571805 -5.5949705899341389
v 0.0139459902420640 0.0245518591254950 -0.1317269951105118
vn 1.9741336188805696 0.6475346047172285 -5.9175622721373324
v 0.0096144666895270 0.0278055593371391 -0.1332678943872452
vn 1.5226249356141297 0.6449077320313166 -6.0494721924354646
v 0.0073963990435004 0.0279055796563625 -0.1339060068130493
vn 1.5090023694669907 0.3280505439958957 -6.0816678001964144
v 0.0074325199238956 0.0248167496174574 -0.1341280043125153
vn 1.0504417785492055 0.3224632040086475 -6.1775985624563026
v 0.0051649799570441 0.0248683597892523 -0.1345990002155304
vn 0.5862696211624699 0.3181883375357691 -6.2389636961882387
v 0.0028693669009954 0.0249009691178799 -0.1349000036716461
vn 0.1202905031516209 0.6379558798291911 -6.2373454784344471
v 0.0005523919826373 0.0280447602272034 -0.1348080039024353
vn 0.1179077981344881 0.3153423277218996 -6.2653251876323175
v 0.0005582000012510 0.0249141994863749 -0.1350300014019012
vn -0.3532200734637286 0.6361118280525032 -6.2286442677397220
v -0.0017516009975225 0.0280355792492628 -0.1347659975290298
vn -0.3518984648542561 0.3136819973676165 -6.2566762500138982
v -0.0017561309505254 0.0249075796455145 -0.1349869072437286
vn -0.8248670147409354 0.6347067012765132 -6.1840349244836963
v -0.0040464401245117 0.0279984399676323 -0.1345520019531250
vn -1.2807155934889245 0.3159145551283797 -6.1341520939395924
v -0.0063443770632148 0.0248360000550747 -0.1343860030174255
vn -1.2899562738290142 0.6343839377206645 -6.1041638899622059
v -0.0063198199495673 0.0279340706765652 -0.1341670006513596
vn -1.7472166165680334 0.6333565871242345 -5.9894617976532833
v -0.0085596442222595 0.0278431698679924 -0.1336140036582947
vn -1.7359214892416810 0.3184131399888861 -6.0211139535337868
v -0.0085934400558472 0.0247718598693609 -0.1338309943675995
vn -2.6250247445724266 0.6306134710004335 -5.6607390215649698
v -0.0128908697515726 0.0275840703397989 -0.1320150047540665
vn -2.1790590830085801 0.3224806655001424 -5.8752082014621676
v -0.0107963597401977 0.0246894899755716 -0.1331100016832352
vn -3.0412076640116119 0.6278297082808676 -5.4492240001278924
v -0.0149589702486992 0.0274174790829420 -0.1309780031442642
vn -2.6099380107960957 0.3261414644363819 -5.6966949982438253
v -0.0129410596564412 0.0245891790837049 -0.1322280019521713
vn -3.4249262940473177 0.3333206943394206 -5.2472096156456409
v -0.0170100908726454 0.0243370495736599 -0.1299979984760284
vn -3.8044017112036475 0.3358074738882805 -4.9788687415692108
v -0.0189120694994926 0.0241861902177334 -0.1286630034446716
vn -4.1742411128659942 0.6067357679356203 -4.6429783905877695
v -0.0206407904624939 0.0267775598913431 -0.1269890069961548
vn -5.0727806751669062 0.1306048522512767 -3.6922382536627159
v -0.0254577901214361 0.0210423991084099 -0.1221069991588593
vn 5.8400687634136847 0.1844743783719625 -2.2828753659317460
v 0.0293184500187635 0.0205668807029724 -0.1149860024452209
vn 5.8544113204144690 0.4776367978403355 -2.2072647033225787
v 0.0291723608970642 0.0248283706605434 -0.1147150024771690
vn 5.8476751407070093 0.7418359923371194 -2.1499258048120407
v 0.0290700700134039 0.0269801598042250 -0.1143919974565506
vn 5.6692345062763021 0.8006021167059325 -2.5646318051755226
v 0.0281429793685675 0.0274344608187675 -0.1165129989385605
vn 5.1501627584029492 1.9339036200544331 -2.9918104169515733
v 0.0255733691155910 0.0325015708804131 -0.1191959008574486
vn 4.3086540112889313 3.5210070267542064 -2.8686188525273861
v 0.0223990604281425 0.0367618687450886 -0.1203870028257370
vn 4.1187383816804353 4.0303379164105664 -2.4591477190440334
v 0.0222237706184387 0.0379914604127407 -0.1188990026712418
vn 3.1087338535356279 5.0638321944218116 -2.0040525676496581
v 0.0185628496110439 0.0412074886262417 -0.1181859001517296
vn 2.7824442574308890 5.2059801912482495 -2.1160340361206296
v 0.0167850796133280 0.0417439900338650 -0.1193900033831596
vn 2.6259984529667433 5.4260322674503634 -1.7356683933232062
v 0.0166068598628044 0.0425757691264153 -0.1173240020871162
vn 1.8739763474239317 5.7927877664888197 -1.5197933023171193
v 0.0127014499157667 0.0442106686532497 -0.1170340031385422
vn 1.3892866501025478 6.0538290042018446 -0.8967141759503233
v 0.0104792695492506 0.0456512495875359 -0.1129660010337830
vn 1.1211077594572072 6.1054611033406809 -0.9226137681413809
v 0.0085312724113464 0.0459659583866596 -0.1135469973087311
vn 0.7892176433333338 6.2022066012446349 -0.5457712672891464
v 0.0063665499910712 0.0468562804162502 -0.1088870018720627
vn 0.7323836850335600 6.2326138369481088 -0.1909712635343341
v 0.0061823120340705 0.0471593700349331 -0.1037629991769791
vn 0.4720355630750867 6.2604717937771124 0.0982249391651172
v 0.0041573639027774 0.0473836585879326 -0.0990477800369263
vn 6.2711676340080302 0.2605632963253192 0.0853160905682138
v 0.0313144885003567 0.0229987502098083 -0.1032980009913445
vn 6.0087094711121543 0.1970423936869914 -1.7959230410688396
v 0.0300803706049919 0.0204116702079773 -0.1127839982509613
vn 5.9636140263136541 0.0189139036156623 -1.9279132163584807
v 0.0299582406878471 0.0172499995678663 -0.1133589968085289
vn 5.8204759549454277 0.0001633698772749 -2.3664092691881176
v 0.0293014608323574 0.0172499995678663 -0.1149849966168404
vn 5.8255998914915867 0.0341729892707822 -2.3533986654156438
v 0.0284290891140699 0.0172499995678663 -0.1171440035104752
vn 1.4451205252461548 6.1077170822018800 -0.1408596907473741
v 0.0117337703704834 0.0462256595492363 -0.1023579984903336
vn 2.2284278742100505 5.8138922251136353 -0.7784818914818517
v 0.0160395503044128 0.0443122908473015 -0.1105440035462379
vn 2.5250204872292099 5.6983018112501247 -0.7230348570566900
v 0.0177689697593451 0.0437324605882168 -0.1095250025391579
vn 3.5852788849747701 4.9479130372610145 -1.4172149191542964
v 0.0216367803514004 0.0407384596765041 -0.1135220006108284
vn 3.9049068569550740 4.7378612297812541 -1.2834617474499859
v 0.0231146793812513 0.0400062687695026 -0.1120529994368553
vn 4.8336665460064072 3.7069484127187318 -1.4844352218334127
v 0.0261181499809027 0.0368592701852322 -0.1122490018606186
vn 5.2464179817239138 3.0855896229553137 -1.5000655315906721
v 0.0273981597274542 0.0351292416453362 -0.1118730008602142
vn 5.5993353426763726 2.4147171020843818 -1.4506671927457353
v 0.0285117607563734 0.0333060584962368 -0.1111819967627525
vn 5.8742389782804985 1.7471855839145751 -1.3209717330582245
v 0.0294483900070190 0.0313810706138611 -0.1101789996027946
vn 5.9398891159924450 1.3373202394971258 -1.4988369152418137
v 0.0295919701457024 0.0300249997526407 -0.1110519990324974
vn 6.0976090607776845 0.8516266477228802 -1.2068729337332507
v 0.0303273703902960 0.0278175398707390 -0.1095129996538162
vn 5.2051717298314637 0.0241807553651875 -3.4900787847913763
v 0.0261147003620863 0.0172499995678663 -0.1212399974465370
vn 4.9426304075885783 0.1608886964846261 -3.8637206363834693
v 0.0247230492532253 0.0211282894015312 -0.1230579987168312
vn 6.2168346346212973 0.7849071862514118 0.3380982094571627
v 0.0307123009115458 0.0292140804231167 -0.1004500016570091
vn 6.2213378964653971 0.7523108875496504 0.2956781707687498
v 0.0308076702058315 0.0287078004330397 -0.1010280027985573
vn 5.1357072004569382 3.5516866539896084 -0.5879183509217345
v 0.0277635995298624 0.0365273915231228 -0.1053899973630905
vn 5.4979495469640041 2.9673817502455933 -0.5510137381660438
v 0.0287566706538200 0.0349521003663540 -0.1051329001784325
vn 5.2470949184841693 3.3428221800437274 -0.7889977258145791
v 0.0279642902314663 0.0359030887484550 -0.1070130020380020
vn 5.7923450137360213 2.3628819160433081 -0.4548835411737256
v 0.0295681897550821 0.0333330594003201 -0.1045930013060570
vn 6.0125902178039379 1.7645057083735023 -0.2930340570322558
v 0.0301905795931816 0.0316967889666557 -0.1037689968943596
vn 2.3677782996111971 0.1068830692622629 -5.8104789375209922
v 0.0118740703910589 0.0217868592590094 -0.1327800005674362
vn 2.1491250940512696 -0.0254267742701773 -5.9040929607207371
v 0.0118795000016689 0.0172499995678663 -0.1327410042285919
vn 2.1492587723337211 -0.0280293248893203 -5.9040276285606845
v 0.0096906423568726 0.0172499995678663 -0.1335379928350449
vn 1.7288576566994927 -0.0233535490187195 -6.0259266325923253
v 0.0086825480684638 0.0172499995678663 -0.1339049041271210
vn -4.4699407680868468 4.4078162597056112 -0.0069913045060841
v -0.0224089007824659 0.0221306607127190 -0.0205275993794203
vn -4.2015998945739739 4.6713085993561787 0.0331726461168880
v -0.0206682607531548 0.0237057805061340 -0.0171249508857727
vn -3.7548111391130981 5.0314685251482523 0.0030067979161341
v -0.0189282801002264 0.0251768808811903 -0.0205498896539211
vn -3.4366364825499165 5.2556394471386811 0.0608831939340897
v -0.0168187003582716 0.0266435705125332 -0.0282238703221083
vn -4.1598153721395841 4.7048869248960710 0.0290256692615001
v -0.0202437005937099 0.0240419507026672 -0.0303210597485304
vn -4.1672114344031073 4.6970534089757567 -0.0532355271889654
v -0.0204645898193121 0.0238614603877068 -0.0282380506396294
vn -4.4967644907730557 4.3836968525126814 -0.0297425892264172
v -0.0218940898776054 0.0224717799574137 -0.0303457900881767
vn -3.6255669913878767 5.1315296115193103 0.0112123096997812
v -0.0175886694341898 0.0260781608521938 -0.0171249508857727
vn -3.6322352399598872 5.1268884962896397 0.0007630901962388
v -0.0169921498745680 0.0265007596462965 -0.0171249508857727
vn -3.4207359107858935 5.2655495534087029 0.0036046337871753
v -0.0170131903141737 0.0265108905732632 -0.0242681503295898
vn -3.0192316870753451 5.5100744666240740 0.0332450915189306
v -0.0149864498525858 0.0276464801281691 -0.0171249508857727
vn -3.0194379905466491 5.5057202242259837 0.0290732925977368
v -0.0150260897353292 0.0276972595602274 -0.0242770891636610
vn -1.6792306525749396 6.0545376789188197 0.0097339175600574
v -0.0097287893295288 0.0299392901360989 -0.0171249508857727
vn -2.0006439239610585 5.9452314086531590 0.0074747714287039
v -0.0100922500714660 0.0298394504934549 -0.0171249508857727
vn -3.0043879799373627 5.5182815970101107 0.0054767447377406
v -0.0137995397672057 0.0282953903079033 -0.0171249508857727
vn -2.6914629155085557 5.6659829604717871 0.0059777081177036
v -0.0134827401489019 0.0284686591476202 -0.0171249508857727
vn -2.1785347318543997 5.8892165006737294 0.0737534343762186
v -0.0108141796663404 0.0296152792870998 -0.0242916904389858
vn -2.3550241440980035 5.8250088872407417 0.0318530739239488
v -0.0107839703559875 0.0295597892254591 -0.0171249508857727
vn -1.7294004522890751 6.0239105331066742 0.4081983123980218
v -0.0082716336473823 0.0307135507464409 -0.0322495587170124
vn -2.1691418839358185 5.8815182883366033 0.3843300402635772
v -0.0103912902995944 0.0300201699137688 -0.0322679802775383
vn -2.5966477488902830 5.7075460052926976 0.3558933093516201
v -0.0124565903097391 0.0291716996580362 -0.0322901606559753
vn -3.0347141402060198 5.4971407078323677 0.1048056332675638
v -0.0148526998236775 0.0278247501701117 -0.0282176695764065
vn -2.4860106345049222 5.7231159522969151 0.7146927030907969
v -0.0119661595672369 0.0297600608319044 -0.0364015586674213
vn -3.0098960872713327 5.5023058683165074 0.3291105082110231
v -0.0144565701484680 0.0281725507229567 -0.0323159582912922
vn -2.0744466058678586 5.8854468112972480 0.7101976799015085
v -0.0099735846742988 0.0305406991392374 -0.0363757610321045
vn -1.8741472121323939 5.8962609439524591 1.0825843981800476
v -0.0094928136095405 0.0313397608697414 -0.0405036807060242
vn -2.2540258202363246 5.7554952366327949 1.1146667008372670
v -0.0114023601636291 0.0306696798652411 -0.0405294783413410
vn -2.6116820904754912 5.5993693866299559 1.1300505574219184
v -0.0132643496617675 0.0298760496079922 -0.0405595786869526
vn -1.4884851359812910 6.0105637912673426 1.0530692527727539
v -0.0075440402142704 0.0318848416209221 -0.0404822789132595
vn -0.9924165262320683 6.2002893389058427 0.0061727227013633
v -0.0056900382041931 0.0309818908572197 -0.0171249508857727
vn -0.4181468408450605 6.2594845787075384 0.0149042327836174
v -0.0020679230801761 0.0314319692552090 -0.0171249508857727
vn -0.0479881438787998 6.2828807270369724 0.0190137158644964
v -0.0017650719964877 0.0314342901110649 -0.0171249508857727
vn 1.9376900159897632 5.9726435171860635 0.0812878058060073
v 0.0096610179170966 0.0300149898976088 -0.0242945495992899
vn 2.3818697185401270 5.8100349918151339 0.0570382862835044
v 0.0118360500782728 0.0292180702090263 -0.0242884699255228
vn 2.3674499034623424 5.8108193970626383 0.0313987096686232
v 0.0117997499182820 0.0292053800076246 -0.0171249508857727
vn 0.1028620348442109 6.2410901258473110 0.6979658837446692
v 0.0005044459830970 0.0322408601641655 -0.0363182984292507
vn -0.8520002873503949 5.9990070465973631 1.6463100651119613
v -0.0050070881843567 0.0341918393969536 -0.0485666915774345
vn -0.9636707565567154 6.0564099780386984 1.3598932918822453
v -0.0052696461789310 0.0331550799310207 -0.0445621609687805
vn -0.7029690830675788 6.1594392624736694 1.0099891431077681
v -0.0035616150125861 0.0325942598283291 -0.0404538512229919
vn -0.8200479129560284 6.2110268799071182 0.4415626853235580
v -0.0039135809056461 0.0316210910677910 -0.0322249494493008
vn -1.2871803560323096 6.1456861158739970 0.1021656988733626
v -0.0063624382019043 0.0308910608291626 -0.0243015792220831
vn -0.7880227338976654 6.2334635186467917 0.0159886183868930
v -0.0054683680646122 0.0310093704611063 -0.0171249508857727
vn 0.0909421419118836 6.2008656251957701 0.9971688876664971
v 0.0004789069935214 0.0327906012535095 -0.0404459796845913
vn 0.4407952879473870 6.1266720499542391 1.3138826280428788
v 0.0023660650476813 0.0334808789193630 -0.0445525608956814
vn 0.4881805139692181 6.1811768932256133 1.0039376161270051
v 0.0025003550108522 0.0326956510543823 -0.0404500886797905
vn 0.7549196057209315 6.0972719501422610 1.3088318833971206
v 0.0042713880538940 0.0332954488694668 -0.0445583984255791
vn -1.6583413972715841 5.8932110918485492 1.4060858263020961
v -0.0090072751045227 0.0323501788079739 -0.0445857010781765
vn -1.4781062883653020 5.8682408704115687 1.6732096309057112
v -0.0085749616846442 0.0334900617599487 -0.0485515482723713
vn -1.9792241323998665 5.7860793025484405 1.4348117728705809
v -0.0108334999531507 0.0317869707942009 -0.0446016713976860
vn -2.8722635377282733 5.5371391848385967 0.7266312601781806
v -0.0139015903696418 0.0288392901420593 -0.0364314913749695
vn -3.0153105632755182 5.3874471064493434 1.1539448058837047
v -0.0150700798258185 0.0289610605686903 -0.0405937992036343
vn -2.3492356529173093 5.6398072017488161 1.4575207315982004
v -0.0126218702644110 0.0311167798936367 -0.0446202717721462
vn -2.0706215625603677 5.6815339660121502 1.6941356612061598
v -0.0120501499623060 0.0324063785374165 -0.0485292598605156
vn -2.6835367378214761 5.4850119965563380 1.4675247967030316
v -0.0143646495416760 0.0303393602371216 -0.0446413718163967
vn -2.4195016869948813 5.5317483654802500 1.7327632437592733
v -0.0137374904006720 0.0317178890109062 -0.0485156700015068
vn 6.2095509236376092 0.1795655423872199 -0.8872872385440952
v 0.0311066508293152 0.0200993996113539 -0.1082359999418259
vn 6.1137760061676989 0.1717170670735095 -1.3985589975043258
v 0.0306776706129313 0.0202547907829285 -0.1105310022830963
vn 6.1191009012768838 0.4121802719047553 -1.3313712682233512
v 0.0305380802601576 0.0240967795252800 -0.1102750003337860
vn 6.0012978629686655 0.4441809980606737 -1.7789590066915038
v 0.0299375001341105 0.0244652591645718 -0.1125219985842705
vn 5.6499051415823960 1.1733435794980929 -2.4522124831474827
v 0.0280220508575439 0.0295192506164312 -0.1159960031509399
vn 5.3884648415603529 1.7997956234851438 -2.6397133259729850
v 0.0268025901168585 0.0319250784814358 -0.1172700002789497
vn 5.2872876878925048 2.3767757139542303 -2.3713914868376524
v 0.0266507808119059 0.0334958992898464 -0.1162900030612946
vn 5.0405914755351606 2.5590335469154764 -2.6919658864216682
v 0.0254207793623209 0.0341357514262199 -0.1181820034980774
vn 4.6067638426461954 3.3362546748686057 -2.6185862441748267
v 0.0238892994821072 0.0361517593264580 -0.1187240034341812
vn 4.8866688354141479 3.1335933086376304 -2.3513561158537599
v 0.0252543594688177 0.0354989692568779 -0.1169620007276535
vn 4.4238884752261640 3.8277243758247947 -2.2452472835619988
v 0.0237110797315836 0.0373435616493225 -0.1172790005803108
vn 3.6119382872082255 4.6027157280856237 -2.2498287410984767
v 0.0204418804496527 0.0396764799952507 -0.1187160015106201
vn 3.4322815584430852 4.9003680457677374 -1.8783554105476694
v 0.0202515702694654 0.0406127497553825 -0.1168690025806427
vn 2.9448002661001809 5.2893990790759000 -1.6428250018699238
v 0.0183731894940138 0.0420240685343742 -0.1161639988422394
vn 2.4848270262463465 5.5902733338751327 -1.3954881074636343
v 0.0164224505424500 0.0432737395167351 -0.1151470020413399
vn 2.1772593421703239 5.7005193007997041 -1.4626708485267792
v 0.0145942503586411 0.0437739416956902 -0.1161490008234978
vn 1.6616699495335745 5.9893639047414240 -0.8643315034798191
v 0.0123857799917459 0.0452710911631584 -0.1122680008411407
vn 1.7705236233881489 5.9012658433738494 -1.1988987491627909
v 0.0125452801585197 0.0447989702224731 -0.1146859973669052
vn 1.2881088888900671 6.1209533262654219 -0.5094674883686757
v 0.0101971002295613 0.0462934896349907 -0.1079439967870712
vn 1.0368493730013306 6.1669116963269550 -0.5300182793609307
v 0.0082966079935431 0.0466080904006958 -0.1084690019488335
vn 0.6884038321215377 6.2403937568602963 0.1014491967093285
v 0.0060012340545654 0.0472089014947414 -0.0988022610545158
vn 0.2252785190923440 6.2364287490101740 0.6623969653942328
v 0.0021705029066652 0.0469430610537529 -0.0898436903953552
vn -0.1615366772527604 6.2385371341119429 0.6609274775080842
v -0.0013404480414465 0.0469657704234123 -0.0898875519633293
vn -0.8747512595772224 6.0800773417831246 1.2812016279717360
v -0.0079252123832703 0.0449917912483215 -0.0808051824569702
vn -0.8542711103569725 6.0158425516902660 1.5686285239480868
v -0.0077794189564884 0.0440897904336452 -0.0769037604331970
vn -0.8424703065347449 5.9330285344494662 1.8651297095878012
v -0.0076740379445255 0.0430292412638664 -0.0731759592890739
vn -1.2670526623061622 5.9329072667453264 1.5975749731475455
v -0.0110068898648024 0.0433968901634216 -0.0764103531837463
vn -1.2518372642133682 5.8475603854191718 1.8997779994999946
v -0.0108658596873283 0.0423365794122219 -0.0727557465434074
vn -0.8493824080116065 5.8406829537636913 2.1356949007069415
v -0.0076150889508426 0.0418223701417446 -0.0696130916476250
vn -1.2630873086857386 5.7504843727145074 2.1714605231487600
v -0.0107864700257778 0.0411213599145412 -0.0692585706710815
vn -0.8790042473022316 5.7589709699450884 2.3408675838343367
v -0.0076087107881904 0.0404870510101318 -0.0661934614181519
vn 6.2376168491507222 0.6140373467570713 -0.3322866303801912
v 0.0310269501060247 0.0266559701412916 -0.1049460023641586
vn 6.1843341289101295 0.7344600259907924 -0.7712084722629559
v 0.0307634398341179 0.0272358004003763 -0.1072470024228096
vn 6.1586889354501215 0.9856475093501957 -0.6793709378920181
v 0.0306391697376966 0.0286802593618631 -0.1066249981522560
vn 6.0652853014935202 1.1648795567338248 -1.0932659703470389
v 0.0302006006240845 0.0293537899851799 -0.1088628992438316
vn 5.4811322481245117 2.7895643115597806 -1.2180717614470316
v 0.0283396802842617 0.0343081913888454 -0.1099269017577171
vn 5.1077349069848381 3.4151314023443495 -1.2500287127321275
v 0.0272116605192423 0.0360347591340542 -0.1104210019111633
vn 4.6813030131388143 3.9903088768414805 -1.2196052241517170
v 0.0259191896766424 0.0376765690743923 -0.1106109991669655
vn 4.3793759536804613 4.2614341795259856 -1.4088218156038907
v 0.0246849600225687 0.0384900495409966 -0.1123090013861656
vn 4.2222622435472692 4.4972786520311780 -1.1345751425560182
v 0.0244762804359198 0.0392169915139675 -0.1104969009757042
vn 3.4319076905520545 5.1301159047654794 -1.1258007369350864
v 0.0214251801371574 0.0413927994668484 -0.1114929988980293
vn 2.9767201671923296 5.4421426896146556 -0.9516941478177183
v 0.0196363907307386 0.0426374599337578 -0.1106439977884293
vn 3.2952547798391500 5.2701460849395048 -0.8635907355912940
v 0.0212076902389526 0.0419331714510918 -0.1093809977173805
vn 2.3770920372133166 5.7949851974685025 -0.3688013822165684
v 0.0173489991575480 0.0443591400980949 -0.1048379987478256
vn 2.0883144226200603 5.9026176391510790 -0.4142889508296783
v 0.0156452599912882 0.0449463687837124 -0.1057579964399338
vn 1.7002981295409090 6.0418881458154576 -0.1148415691739642
v 0.0135148698464036 0.0457795783877373 -0.1017049998044968
vn 1.3688685203011246 6.1255337056693939 0.1506180780201433
v 0.0114123802632093 0.0462921783328056 -0.0975543782114983
vn 1.0253202556755494 6.1510315983289132 0.6945680710026316
v 0.0091165900230408 0.0461570583283901 -0.0889486595988274
vn 0.6158051844410606 6.2086683726359526 0.6730171431162060
v 0.0056654210202396 0.0466745384037495 -0.0895298719406128
vn 0.5852196622652600 6.1725457235836956 0.9703304253716508
v 0.0055191512219608 0.0461132489144802 -0.0852062702178955
vn 0.2036258118302413 6.1458535942125145 1.2564365969338487
v 0.0020636909175664 0.0456267483532429 -0.0813167020678520
vn 0.2129619151129000 6.1985197406174173 0.9592602946200222
v 0.0021131630055606 0.0463743805885315 -0.0854805111885071
vn -0.1371956852209273 5.9132971979673634 2.1017488501081685
v -0.0012217760086060 0.0424709916114807 -0.0699515864253044
vn -0.1529459023286208 5.8146649559776122 2.3689432066188445
v -0.0012300009839237 0.0397611781954765 -0.0630780979990959
vn -0.5397479987286219 5.7816234338944170 2.3922765869832778
v -0.0044510359875858 0.0395414792001247 -0.0630042478442192
vn 3.9661395840966778 4.8190161184560250 -0.6321225232112997
v 0.0240383706986904 0.0403314791619778 -0.1065960004925728
vn 3.8120104272724986 4.9644770009736332 -0.4027794132469626
v 0.0238117501139641 0.0407374501228333 -0.1045449003577232
vn 3.6607245804063253 5.0922736585140802 -0.0963992958586441
v 0.0233497601002455 0.0412925407290459 -0.1003350019454956
vn 3.3213365703470914 5.3184498346337312 -0.1794440994406565
v 0.0219929795712233 0.0421671792864799 -0.1015729978680611
vn 2.7688871516782623 5.6238017756257195 0.3167339551308854
v 0.0196299497038126 0.0433503910899162 -0.0939121767878532
vn 2.3685631865035037 5.7881948296268959 0.5347550086010767
v 0.0176877900958061 0.0439704582095146 -0.0905025005340576
vn 2.0111319615971888 5.9225577511004204 0.4994514306466745
v 0.0161128006875515 0.0446293912827969 -0.0912128612399101
vn 1.9309413022079269 5.9188905274201433 0.7774637569375248
v 0.0157406907528639 0.0443053804337978 -0.0870278999209404
vn 1.4801593466300469 6.0516361629792614 0.7297610817708409
v 0.0124914003536105 0.0453763604164124 -0.0881094932556152
vn 1.4216213445238715 6.0226495139219818 1.0277213033344561
v 0.0122015401721001 0.0448422990739346 -0.0839660689234734
vn 0.5618484337336819 6.1207525103519895 1.2685568748530702
v 0.0053929681889713 0.0453715883195400 -0.0810788795351982
vn 0.5480863847549358 6.0517270700459367 1.5699113373151077
v 0.0052910437807441 0.0444622598588467 -0.0771386027336121
vn 0.5466223557855147 5.9709898355535707 1.8531260531360552
v 0.0052176709286869 0.0433983802795410 -0.0733762905001640
vn 0.1993460919494843 6.0780892129110704 1.5526189563261614
v 0.0020237560383976 0.0447139702737331 -0.0773431584239006
vn 0.5539692223016268 5.8802800295673396 2.1226379507589161
v 0.0051770210266113 0.0421927496790886 -0.0697829723358154
vn 0.6251816609856826 5.7809208890130090 2.3731676062004730
v 0.0052108759991825 0.0394585691392422 -0.0629630610346794
vn 6.2187425997035968 0.8015551451976471 -0.2613352750750854
v 0.0309044700115919 0.0280081592500210 -0.1043500006198883
vn 6.1908206464078130 1.0094743739822563 -0.1693903303317528
v 0.0307689905166626 0.0291276499629021 -0.1035879999399185
vn 6.1186368210936983 1.2649407016147858 -0.5602159908152046
v 0.0305016599595547 0.0298794507980347 -0.1058259978890419
vn 6.0674377873650727 1.5336796929631598 -0.4267112992059119
v 0.0303517505526543 0.0308704897761345 -0.1048669964075089
vn 5.8676526774231590 2.1288487965329139 -0.6130098173310058
v 0.0297428891062737 0.0325781702995300 -0.1058719977736473
vn 5.6896229196020087 2.4702979567392971 -0.9213853344004568
v 0.0291236005723476 0.0334532782435417 -0.1079260036349297
vn 5.5928897993890017 2.7413614463871925 -0.7326281724621617
v 0.0289447903633118 0.0342611595988274 -0.1065879985690117
vn 5.3629709812130999 3.0925569089366789 -0.9984202665353401
v 0.0281566902995110 0.0351665616035461 -0.1085309013724327
vn 4.8420964902186796 3.9077606065203723 -0.7869457093706489
v 0.0268107596784830 0.0374755784869194 -0.1071529015898705
vn 4.5356906866826154 4.2220542854627841 -0.9694311735185150
v 0.0257116500288248 0.0383727513253689 -0.1088600009679794
vn 3.4723447284672346 5.2007554019171529 -0.4978711859303582
v 0.0224528908729553 0.0415865704417229 -0.1059138998389244
vn 2.6789015394395288 5.6645098201798758 -0.3149587379953389
v 0.0189814493060112 0.0437008701264858 -0.1038300022482872
vn 2.5497663674051787 5.7351080469288558 0.0011526348388397
v 0.0185394808650017 0.0440122410655022 -0.0992391705513000
vn 2.2513010389073553 5.8590645398554351 -0.0446308150681494
v 0.0169265791773796 0.0446747504174709 -0.1001420021057129
vn 0.9788695336869103 6.1180385708150240 0.9923706295102841
v 0.0088911652565002 0.0456082783639431 -0.0846988484263420
vn 0.2000863823498017 5.9981854122333234 1.8373369642440409
v 0.0019949669949710 0.0436495505273342 -0.0735508725047112
vn -0.1428255944196273 6.0812054603703753 1.5468414816919447
v -0.0012494920520112 0.0447363816201687 -0.0773723721504211
vn -0.1382145620593054 6.0012432184966586 1.8339095130409013
v -0.0012316700303927 0.0436724983155727 -0.0735758468508720
vn 0.2039991511883062 5.9097500648721892 2.1053930761291602
v 0.0019790530204773 0.0424471385776997 -0.0699306726455688
vn 0.2144702502444946 5.8349743056636996 2.3079959661760681
v 0.0019776821136475 0.0411267802119255 -0.0664600729942322
vn -0.1397223687508175 5.8390829151854522 2.3041969372878470
v -0.0012208810076118 0.0411520004272461 -0.0664773508906364
vn 0.2307336985726538 5.8146249489853004 2.3627337076142201
v 0.0019924039952457 0.0397340618073940 -0.0630641505122185
vn -0.6663604128243072 5.8395968415811002 2.2130531239105542
v -0.0046361680142581 0.0367159806191921 -0.0561086498200893
vn -0.1838951515250943 5.8749880859067538 2.2125464147617935
v -0.0012823930010200 0.0369732901453972 -0.0561517402529716
vn -0.2016982738286799 5.9684105192097281 1.9422408402512672
v -0.0013276929967105 0.0356799885630608 -0.0524595901370049
vn 6.2544864338677266 0.1629991772870544 -0.4793751278143379
v 0.0313649699091911 0.0199461504817009 -0.1059110015630722
vn 6.2539965518773180 0.3439325904430890 -0.4096855493980587
v 0.0312302708625793 0.0233641806989908 -0.1056559979915619
vn 6.1976788516241115 0.5409232168989506 -0.8323992615233768
v 0.0308742504566908 0.0255543496459723 -0.1076909974217415
vn 6.1133828599273592 0.6106591803762915 -1.2806865850006359
v 0.0304404404014349 0.0260322596877813 -0.1099739968776703
vn 5.9786074055338325 0.9649760445465190 -1.6344363483462370
v 0.0297216698527336 0.0283982697874308 -0.1117300018668175
vn 5.7057766309876214 1.9711037570193302 -1.6845619296792624
v 0.0286719705909491 0.0321148596704006 -0.1122770011425018
vn 5.3849899517907431 2.6735758694077689 -1.7665069044149193
v 0.0275737605988979 0.0340741798281670 -0.1131789982318878
vn 4.7150868350472326 3.6036672377092165 -2.0138035905777967
v 0.0250753704458475 0.0366489812731743 -0.1155610010027885
vn 4.9900368876223382 3.3567490147290706 -1.7654424471791970
v 0.0263072792440653 0.0359102413058281 -0.1137550026178360
vn 4.2434507758559947 4.2049315834748420 -1.9006543682737631
v 0.0235216598957777 0.0383684001863003 -0.1156710013747215
vn 4.5445810198839691 3.9694666897572510 -1.7012993965913623
v 0.0248851701617241 0.0376377701759338 -0.1140030026435852
vn 4.0694892373386766 4.5014142872093501 -1.5810604641913164
v 0.0233224593102932 0.0392520986497402 -0.1139229983091354
vn 3.1120922105871229 5.3078993818594693 -1.2279620786346817
v 0.0198475699871778 0.0420830808579922 -0.1128119975328445
vn 3.2645641976474402 5.1310311320081041 -1.5368493883010583
v 0.0200529601424932 0.0414115712046623 -0.1148940026760101
vn 2.6650175044723632 5.5881575410608786 -1.0284908070838394
v 0.0179749708622694 0.0432760715484619 -0.1118120029568672
vn 1.9408653080409810 5.9100972337301663 -0.8252679625810856
v 0.0142421703785658 0.0448248907923698 -0.1114600002765656
vn 1.8112975022727702 5.9910411517666260 -0.4523828596746249
v 0.0138795897364616 0.0454636812210083 -0.1065850034356117
vn 1.0745531187549440 6.1680228358976681 0.4213350644563835
v 0.0093664517626166 0.0465115904808044 -0.0933974906802177
vn 0.6486746983993866 6.2294994393594312 0.3979709304567484
v 0.0058275461196899 0.0470429584383965 -0.0940588116645813
vn -0.1544130703078756 6.2004842876468178 0.9575242080554894
v -0.0013049240224063 0.0463966690003872 -0.0855190679430962
vn -0.5032913911944511 6.1270124025779245 1.2621886880032365
v -0.0046091671101749 0.0454386398196220 -0.0811800882220268
vn -0.1485978262520542 6.1477574073058321 1.2543765028929832
v -0.0012742870021611 0.0456490516662598 -0.0813504979014397
vn -0.4888271207759987 6.0617095239733638 1.5518251007038524
v -0.0045211911201477 0.0445301495492458 -0.0772258564829826
vn -0.4802977770398872 5.9807681334906171 1.8429151775683157
v -0.0044577121734619 0.0434680506587029 -0.0734506770968437
vn -0.4828063575195188 5.8915364830610981 2.1117819240953968
v -0.0044224262237549 0.0422653518617153 -0.0698453709483147
vn -0.4986523396322035 5.8150477855580620 2.3152198726209621
v -0.0044189691543579 0.0409415885806084 -0.0663880109786987
vn 1.1322679651798691 6.0317795782770194 1.3392668692899683
v 0.0061624641530216 0.0330030918121338 -0.0445672795176506
vn 1.6372440452331976 5.8330640706583452 1.6443996518248629
v 0.0094072222709656 0.0332687385380268 -0.0485462509095669
vn 1.0052367040600791 5.9772836788549553 1.6362450076372423
v 0.0058574671857059 0.0340601801872253 -0.0485633611679077
vn 1.4542962694528097 5.7730225323076301 1.9922383939828516
v 0.0090313553810120 0.0345772504806519 -0.0523587986826897
vn 0.8911849091408368 5.8971002720208059 1.9630330018427051
v 0.0056129088625312 0.0352771803736687 -0.0524210892617702
vn 0.7729162425426993 5.8078772804077605 2.2607773698118296
v 0.0054264059290290 0.0366143509745598 -0.0560866482555866
vn 1.0462691152705048 5.7085963000808633 2.3978892113012225
v 0.0084142675623298 0.0389232002198696 -0.0627774521708488
vn 1.2711683588989031 5.7010472028512709 2.3055014226980788
v 0.0087449550628662 0.0359866581857204 -0.0559816882014275
vn 0.1097057347200191 6.2631216094962863 0.4534987366357310
v 0.0005265789804980 0.0318735800683498 -0.0322179682552814
vn 0.5749477651248429 6.2378977452470199 0.4508849625531883
v 0.0027483699377626 0.0317514501512051 -0.0322214886546135
vn 0.5465248251337212 6.2175446356483413 0.7021640377273400
v 0.0026332130655646 0.0321290418505669 -0.0363223515450954
vn 0.8839485908856113 6.1345773888142681 1.0189500262455149
v 0.0045117731206119 0.0324722491204739 -0.0404594503343105
vn 0.9866160922082767 6.1623235768752744 0.7085017313059706
v 0.0047495360486209 0.0318663716316223 -0.0363315902650356
vn 1.2774917958544396 6.0610359964448461 1.0410844767810485
v 0.0065046539530158 0.0321207605302334 -0.0404737517237663
vn 3.2111354061461657 5.3951798136563545 0.0332162906739182
v 0.0159775000065565 0.0271541401743889 -0.0242728497833014
vn 3.3304850371125663 5.3277894148315594 0.0147812374532286
v 0.0157321598380804 0.0272512994706631 -0.0171249508857727
vn 3.3381605499239253 5.3230274017624897 0.0143906926463413
v 0.0179042797535658 0.0258932691067457 -0.0171249508857727
vn 5.1837906517823811 3.5398799438427586 -0.0540446002062396
v 0.0260344706475735 0.0177146699279547 -0.0204956494271755
vn 2.3707896678437179 5.8032181895890922 0.3866884009440597
v 0.0113762598484755 0.0296373907476664 -0.0322786495089531
vn 2.7912282804514179 5.6149907198054434 0.3586402802842056
v 0.0134119903668761 0.0287168603390455 -0.0323026701807976
vn 2.3928426889352146 5.8039241736040212 0.1687635936717242
v 0.0116978799924254 0.0293390695005655 -0.0282097999006510
vn 2.8173370014781680 5.6111007183030877 0.1330339522322843
v 0.0137836895883083 0.0283874794840813 -0.0282148700207472
vn 3.1013692635903634 5.4128391256474506 0.7228493088695234
v 0.0147951804101467 0.0283548794686794 -0.0364486500620842
vn 3.2249182759766759 5.3879663412507375 0.0934930944309841
v 0.0157938506454229 0.0272838398814201 -0.0282206498086452
vn 2.8099251608986107 5.6150302669176249 0.0515044202949786
v 0.0139452796429396 0.0282625500112772 -0.0242812000215054
vn 2.7075745898596808 5.6697746553050834 0.0100758920141633
v 0.0139083797112107 0.0282081905752420 -0.0171249508857727
vn 3.2096209036187462 5.3900320704584423 0.3033343807838745
v 0.0153777003288269 0.0276482701301575 -0.0323302708566189
vn 3.5598496436612876 5.1559016817761965 0.4422373405401756
v 0.0169628802686930 0.0267824493348598 -0.0344268605113029
vn 3.4613646803976370 5.1920816931068607 0.7118606191053298
v 0.0166289806365967 0.0272345505654812 -0.0364845916628838
vn 2.8231159227484826 5.4827653016782740 1.1879849614979086
v 0.0141268903389573 0.0294570904225111 -0.0405770502984524
vn 3.1450115266350536 5.2760654137339404 1.3110969370751657
v 0.0159030500799417 0.0284850504249334 -0.0406131707131863
vn 2.8474646259553524 5.4049763547640115 1.4610231137434326
v 0.0151716396212578 0.0299332700669765 -0.0446534715592861
vn 3.2283572394508324 5.1878045096567265 1.4511573203640900
v 0.0168327596038580 0.0289978906512260 -0.0446780882775784
vn 0.1043166041223496 6.2782516559006698 0.1122689406320595
v 0.0005486910231411 0.0315404497087002 -0.0243068896234035
vn 0.5845262562001512 6.2517747543357141 0.1124217187619980
v 0.0028634660411626 0.0314137898385525 -0.0243057608604431
vn 0.5800131031581567 6.2480694544652753 0.2573740176205117
v 0.0028295509982854 0.0315263792872429 -0.0281977597624063
vn 1.0361769942275043 6.1786900050309157 0.4426073045045305
v 0.0049557681195438 0.0314648710191250 -0.0322295986115932
vn 1.6665724768773360 5.9608249446781931 1.0688332388257891
v 0.0084708333015442 0.0316419601440430 -0.0404928885400295
vn 1.8226713004634936 5.8505856097038222 1.3812542259236564
v 0.0098758926615119 0.0320965014398098 -0.0445937514305115
vn 2.1471572241433443 5.7336083206288624 1.4049053030962040
v 0.0116852503269911 0.0314826890826225 -0.0446111485362053
vn 3.8491067111456321 4.7916104823491965 1.2837588874378374
v 0.0192382894456387 0.0261896792799234 -0.0406962595880032
vn 4.0258386998526570 4.7128966371603358 1.0117682283522609
v 0.0196481905877590 0.0253223702311516 -0.0386234484612942
vn 3.6821133646015927 4.9863626838028701 1.0105523121585351
v 0.0180022697895765 0.0266211591660976 -0.0385816581547260
vn 3.8137045400877660 4.9418666272265650 0.6899540519745435
v 0.0183819495141506 0.0259844604879618 -0.0365240499377251
vn 4.2969718007808879 4.5774163869816782 0.1553631475211158
v 0.0207523703575134 0.0236126706004143 -0.0324315987527370
vn 3.9007695303150429 4.9039052761891995 0.4212880664311709
v 0.0187375508248806 0.0254760906100273 -0.0344660803675652
vn 4.3278458984195112 4.5488292063919022 -0.0750885464494103
v 0.0212650801986456 0.0231264792382717 -0.0282418709248304
vn 3.9832118086846320 4.8541857168577200 -0.0275392910681467
v 0.0195444803684950 0.0246458593755960 -0.0282341800630093
vn 4.4858079510096962 4.3494647836488500 0.6337673320003866
v 0.0216089393943548 0.0231162905693054 -0.0366129800677299
vn 4.1591068361326640 4.6580994606251895 0.6679340892671972
v 0.0200450997799635 0.0246098004281521 -0.0365669690072536
vn 4.2460025627155717 4.6116292397076935 0.3823617685453217
v 0.0204171501100063 0.0240421798080206 -0.0345085784792900
vn 4.5699650797041649 4.2947620222594738 0.3349516449459518
v 0.0219923797994852 0.0224874597042799 -0.0345541797578335
vn 4.6415706895971836 4.2295713844631342 -0.0572244515065251
v 0.0226349793374538 0.0216865502297878 -0.0303585492074490
vn 4.3209798940980066 4.5569642981648579 -0.0028760499381320
v 0.0210390593856573 0.0233138706535101 -0.0303330998867750
vn 3.9708582824428675 4.8631875745814268 -0.0352792456705898
v 0.0197665598243475 0.0245046596974134 -0.0242532398551702
vn 5.7753776815671021 2.4744782978222273 0.0156443260497676
v 0.0283255502581596 0.0137437498196959 -0.0171249508857727
vn 5.7790260085232719 2.4657631834433880 0.0240750835046907
v 0.0292332693934441 0.0116162803024054 -0.0171249508857727
vn 5.8330283276717729 2.3175539240669329 -0.0801196183447611
v 0.0292708799242973 0.0115964999422431 -0.0204525496810675
vn 5.7794606160125355 2.4647550083555476 0.0239121025055401
v 0.0295940004289150 0.0107708498835564 -0.0171249508857727
vn 6.1890040919343523 1.0834794001787440 -0.0040299026880137
v 0.0307821594178677 0.0065441131591797 -0.0171249508857727
vn 6.2471506685719094 0.4996707725180879 -0.3036864620752978
v 0.0312639400362968 0.0026341080665588 -0.0240997597575188
vn 6.1974111194397326 0.9898766915743384 -0.0956600026340084
v 0.0310947801917791 0.0049235820770264 -0.0204061791300774
vn 6.2549464160419213 0.0305831656851113 -0.5412200895788990
v 0.0310675501823425 0.0005533479852602 -0.0283490996807814
vn 6.2571859025425365 0.0689035680749827 -0.4124658605467828
v 0.0312237702310085 0.0004076379991602 -0.0265516005456448
vn 6.2557923904814263 0.4839736433457330 -0.1016285504704190
v 0.0313724800944328 0.0026308291126043 -0.0203902702778578
vn 5.4397461846959994 3.1328339522498498 -0.0641043125302080
v 0.0272621493786573 0.0157557707279921 -0.0204817596822977
vn 5.6593682329714881 2.7015105906099142 -0.3017108085123452
v 0.0279774591326714 0.0138775696977973 -0.0282875802367926
vn 5.6600336888090528 2.7057593679896095 -0.2017885312697180
v 0.0282643996179104 0.0136979799717665 -0.0241764690726995
vn 5.8382603995856179 2.2829563575954763 -0.3429097030937188
v 0.0288930498063564 0.0117674395442009 -0.0282977800816298
vn 5.6534096927273820 2.7181923427336638 -0.2867579984733219
v 0.0277311801910400 0.0141329700127244 -0.0304745994508266
vn 5.6424525379016037 2.7514621893312174 -0.1700983665840476
v 0.0274272505193949 0.0145663600414991 -0.0326497517526150
vn 5.6190697870902362 2.8040961576137171 0.0298910113001128
v 0.0270772501826286 0.0152139598503709 -0.0347617790102959
vn 5.8252771635900764 2.3311756402850676 -0.2560465641967860
v 0.0283483806997538 0.0124890804290771 -0.0326987504959106
vn 5.7792367495206705 2.4506871653562361 0.1685019918845985
v 0.0276265703141689 0.0141088897362351 -0.0368801914155483
vn 5.4936132121747754 2.9658035228636730 0.6775827604557252
v 0.0262856408953667 0.0172030907124281 -0.0388726517558098
vn 4.7126763078057969 4.1406924649014609 0.0278917428395289
v 0.0236446801573038 0.0208128597587347 -0.0171249508857727
vn 4.9338480516299574 3.8808762580597849 -0.0236169309048157
v 0.0246658902615309 0.0195786897093058 -0.0205090008676052
vn 5.4500433681610980 3.1065112511134991 -0.2588479782904694
v 0.0269113704562187 0.0159149691462517 -0.0282775703817606
vn 5.4484385282339192 3.1119825832973218 -0.1767113165726764
v 0.0271928906440735 0.0157409906387329 -0.0241907797753811
vn 5.3974610520968094 3.2079318921945714 0.1273619824647531
v 0.0260049700737000 0.0171735808253288 -0.0347066484391689
vn 5.3389502349845630 3.2790661227417028 0.4270348755435106
v 0.0256155692040920 0.0179884992539883 -0.0367669388651848
vn 5.5738983193001443 2.8759940913721329 0.3122132312100826
v 0.0266927406191826 0.0160888992249966 -0.0368227884173393
vn 5.2396701255005302 3.3665171092816246 0.8063139870231817
v 0.0252023898065090 0.0190227609127760 -0.0388182885944843
vn 5.0928251619109979 3.4863545370244822 1.1527341462502987
v 0.0247774701565504 0.0202913805842400 -0.0408979617059231
vn 5.3713068808781861 3.0892567001005866 1.0080797577346012
v 0.0258674006909132 0.0185729805380106 -0.0409542918205261
vn 5.1956720739478239 3.3583433970699805 1.0589504111209633
v 0.0250441990792751 0.0212053600698709 -0.0448643490672112
vn 5.4917904241569664 2.9146347253988556 0.8488254663615239
v 0.0260131899267435 0.0195717792958021 -0.0449001714587212
vn 5.6242242418124500 2.7784652667079834 0.0119695639245095
v 0.0282067600637674 0.0140222897753119 -0.0171249508857727
vn 5.9858492288107819 1.8532443351760903 -0.3826769903452482
v 0.0296534802764654 0.0095958700403571 -0.0283082704991102
vn 5.8327472791890269 2.2994265957486020 -0.3477013196704004
v 0.0286484900861979 0.0120329800993204 -0.0305061899125576
vn 5.9804464303425835 1.8684929720954200 -0.4110094022087905
v 0.0294113699346781 0.0098698129877448 -0.0305386707186699
vn 5.9755765733653821 1.8972687221981517 -0.3508148697178927
v 0.0291158501058817 0.0103463502600789 -0.0327488705515862
vn 5.8100185643394040 2.3814629366355060 -0.0849226230104501
v 0.0280039906501770 0.0131760798394680 -0.0348185785114765
vn 5.7209420167229723 2.5386490542708717 0.5070123334630529
v 0.0272274594753981 0.0153009798377752 -0.0389286801218987
vn 5.9150478401361406 2.0862767191562406 0.2913432008536109
v 0.0280185900628567 0.0133264595642686 -0.0389860793948174
vn 5.6270033132930886 2.6602604645405861 0.8114653072738268
v 0.0268179699778557 0.0167708899825811 -0.0410122796893120
vn 5.6569707422624358 2.7198611522636167 -0.0762917920074165
v 0.0283429007977247 0.0137127004563808 -0.0204674005508423
vn 5.8410337676646265 2.2860608213329114 -0.2251391057613689
v 0.0291838608682156 0.0115831401199102 -0.0241617504507303
vn 6.1016525288243031 1.4140075913271588 -0.4210526248335941
v 0.0302549004554749 0.0073743457905948 -0.0283189993351698
vn 6.0955750820562002 1.4276775399973747 -0.4765595764857187
v 0.0300154592841864 0.0076551428064704 -0.0305718705058098
vn 6.0917220653722843 1.4519118855792597 -0.4551004417342388
v 0.0297247692942619 0.0081501603126526 -0.0328000709414482
vn 5.9674034517499068 1.9424927903552947 -0.2184440987721098
v 0.0287780705839396 0.0110703697428107 -0.0348768793046474
vn 5.9505160580154595 2.0052183177649185 -0.0061389476856550
v 0.0284085795283318 0.0120586697012186 -0.0369390808045864
vn 6.2052108340946948 0.0419079175350682 -0.9269606964344510
v 0.0303619503974915 0.0018576380098239 -0.0343250595033169
vn 6.1989721488527163 0.0602473050622156 -0.9802061718182205
v 0.0302357599139214 0.0022565119434148 -0.0350984893739223
vn 6.2088972369800643 0.5592088264718652 -0.7370246230856483
v 0.0301264505833387 0.0044674868695438 -0.0350583717226982
vn 5.9057307622591058 2.1017429892998565 0.3626581580188836
v 0.0268188696354628 0.0184957906603813 -0.0482988916337490
vn 5.6802811526806964 2.5873413557813665 0.6581997788340650
v 0.0261408593505621 0.0201928596943617 -0.0483233891427517
vn 5.9751454412536367 1.8891129985043273 0.2418103475301759
v 0.0274946596473455 0.0160783492028713 -0.0449745617806911
vn 6.0292358407192692 1.7679704987943727 0.0179044864206427
v 0.0300017502158880 0.0094399452209473 -0.0171249508857727
vn 6.1081695151399833 1.4397717264991319 -0.0821060446208245
v 0.0306502506136894 0.0071900482289493 -0.0204219799488783
vn 6.1085939664779030 1.4150058656962536 -0.2651596615166448
v 0.0305495802313089 0.0071832528337836 -0.0241312906146049
vn 6.1941169452416673 0.9682112977873351 -0.2818515844625454
v 0.0309892799705267 0.0049214358441532 -0.0241156797856092
vn 6.1850821501221684 0.9681485032558329 -0.4579812849696642
v 0.0306937601417303 0.0051145548932254 -0.0283298399299383
vn 6.2358224641049587 0.5213703881332731 -0.4907777672862391
v 0.0309681799262762 0.0028284781146795 -0.0283408705145121
vn 6.2252089176961283 0.5293723381274050 -0.6143489990961899
v 0.0307328701019287 0.0031189320143312 -0.0306397601962090
vn 6.2158581096483809 0.5424061722553440 -0.6912340725479651
v 0.0304489694535732 0.0036454789806157 -0.0329049788415432
vn 6.1704259612920058 1.0635925781585980 -0.4557076966191005
v 0.0294889807701111 0.0077954530715942 -0.0370606705546379
vn 6.1580697896214716 1.1853277636999542 -0.1422771751335186
v 0.0287323500961065 0.0109648704528809 -0.0411946699023247
vn 6.2079116871513733 0.5815709207616443 -0.7253326292306027
v 0.0297756697982550 0.0056084389798343 -0.0371229611337185
vn 6.2136580982814031 0.6095016901235510 -0.6424837008348088
v 0.0294064804911613 0.0070896740071476 -0.0391656681895256
vn 6.1837678641717488 0.0599355761865568 -1.0377016796133434
v 0.0295240804553032 0.0049681058153510 -0.0392142497003078
vn 6.2392920851418294 0.0403013977202188 -0.6959090508662784
v 0.0308345500379801 0.0008610279764980 -0.0306663494557142
vn 0.6805854688676942 6.2459451272870785 0.0306535734554404
v 0.0028519630432129 0.0313223004341125 -0.0171249508857727
vn 1.0453722258681690 6.1877218972678802 0.2449116211178030
v 0.0051013231277466 0.0312297903001308 -0.0281994901597500
vn 1.5047286423152273 6.0930642539605833 0.2255013297680558
v 0.0073447218164802 0.0307642798870802 -0.0282020494341850
vn 1.4913679786481826 6.0859114847583164 0.4290042870735518
v 0.0071370601654053 0.0310150906443596 -0.0322418808937073
vn 1.8484639165131258 5.9585985289540453 0.7250013251245120
v 0.0089044570922852 0.0308936797082424 -0.0363649688661098
vn 2.0500631555661908 5.8340873803224049 1.1004889557578812
v 0.0104021998122334 0.0310373902320862 -0.0405166707932949
vn 2.5021391786007481 5.5778173177066339 1.4440125877249141
v 0.0134530598297715 0.0307615902274847 -0.0446310602128506
vn 2.1923272095411885 5.6394464926560977 1.6810336282698417
v 0.0128533802926540 0.0320933982729912 -0.0485221706330776
vn 2.2299187301005534 5.3406811503158700 2.4295404198170218
v 0.0148687902837992 0.0353727899491787 -0.0589576885104179
vn 2.3225509900013779 5.3497418858892569 2.3283024954521383
v 0.0151672903448343 0.0337411686778069 -0.0556427799165249
vn 1.8128517881397803 5.5382355118459410 2.3367276948305609
v 0.0120067000389099 0.0350386500358582 -0.0558323785662651
vn 1.9999804112866779 5.3693640183682119 2.5568557267704839
v 0.0146832400932908 0.0369642898440361 -0.0621723495423794
vn 1.3606668084976890 5.7162875716620345 2.1934297604771840
v 0.0115211000666022 0.0409353896975517 -0.0691193863749504
vn 1.7711975817444949 5.5843241465213556 2.2466083742525136
v 0.0146127901971340 0.0398678705096245 -0.0686163902282715
vn 2.1477059706305308 5.4505147514367920 2.2566332435786967
v 0.0161156598478556 0.0392052493989468 -0.0683263465762138
vn 2.4557979171463424 5.5105318961939034 1.7310226979838776
v 0.0178674999624491 0.0407888814806938 -0.0746671482920647
vn 2.4471062941303563 5.4184703183234371 2.0122364809709543
v 0.0176825504750013 0.0397076606750488 -0.0712736770510674
vn 2.7991516940594590 5.3359499703079196 1.7538129633059616
v 0.0192824006080627 0.0399550683796406 -0.0741966888308525
vn 3.1977103826676392 5.1864595283472301 1.4980204560528798
v 0.0208863597363234 0.0399327799677849 -0.0770710706710815
vn 3.2439092243643666 5.2303465650299108 1.2197727364315272
v 0.0212076902389526 0.0406496487557888 -0.0805800482630730
vn 3.6349241776849071 4.9562958044207424 1.2552244298092132
v 0.0224608704447746 0.0396350584924221 -0.0798717737197876
vn 4.6037479745995693 4.2084345641915757 0.6584571700659761
v 0.0257932506501675 0.0384298488497734 -0.0887476801872253
vn 5.0196750544096442 3.7188469737268770 0.5524744818456787
v 0.0270645599812269 0.0372566506266594 -0.0911695882678032
vn 5.3985171812280646 3.1547346084461370 0.4657457079709475
v 0.0281579401344061 0.0359267517924309 -0.0933417007327080
vn 6.1357510752005773 1.0834659779535423 0.6728704151506166
v 0.0298385005444288 0.0317157506942749 -0.0945343896746635
vn 6.1284758534603077 1.1254748044156389 0.6436360819750521
v 0.0298638902604580 0.0316889807581902 -0.0947185680270195
vn 2.5053348236933974 5.1974777374056744 2.4755250411953176
v 0.0175629798322916 0.0370234809815884 -0.0648649930953979
vn 2.7911918645441003 5.2433933742561374 2.0257611594896177
v 0.0190935693681240 0.0388658605515957 -0.0708739683032036
vn 3.1709224791860473 5.1170102608807344 1.7701687648225304
v 0.0206251703202724 0.0390228591859341 -0.0736969709396362
vn 3.5709934469863773 4.8430609338704249 1.7750510633081005
v 0.0218804404139519 0.0379895493388176 -0.0731706619262695
vn 4.0161904022724304 4.5684532859310671 1.5284894266113960
v 0.0232871696352959 0.0377881489694118 -0.0758178830146790
vn 4.4783890503792865 4.1919288265268992 1.3011496130014306
v 0.0246171895414591 0.0373238883912563 -0.0783702731132507
vn 4.5155591027495428 4.2155970815882782 1.0779214053995452
v 0.0249751806259155 0.0378821417689323 -0.0817020535469055
vn 4.9223188973593324 3.7232036143737717 1.1074462857038705
v 0.0258343797177076 0.0366154909133911 -0.0808039903640747
vn 4.9522074917339749 3.7364797842480790 0.9171981194538695
v 0.0262211505323648 0.0370037518441677 -0.0841392800211906
vn 5.3354578968828319 3.1940246965657195 0.8100051592702290
v 0.0273104906082153 0.0359465405344963 -0.0864081904292107
vn 5.6572358150674482 2.5575204564973197 0.8728217552728852
v 0.0278067495673895 0.0346460901200771 -0.0851838514208794
vn 5.6646626074249102 2.5819267436301230 0.7438400654842492
v 0.0282188002020121 0.0347714982926846 -0.0884653925895691
vn 5.9300395484549933 1.8485161597960929 0.8329056837163530
v 0.0285196900367737 0.0334990583360195 -0.0870612785220146
vn 6.1248112357131301 1.0987085745015308 0.7810772814931187
v 0.0290369894355536 0.0322657786309719 -0.0886726900935173
vn 5.9999323404934310 1.7649482742254095 0.4066172185472495
v 0.0297396704554558 0.0328083001077175 -0.0964296981692314
vn 5.7326970570609763 2.5029429289399046 0.4082210474033131
v 0.0290532708168030 0.0344451591372490 -0.0951312705874443
vn 5.4706362569156619 3.0507920340006809 0.2441553544352533
v 0.0285823903977871 0.0355904586613178 -0.0968168899416924
vn 4.6555444825837959 4.1778892831043990 0.4538002863345404
v 0.0262331906706095 0.0384386703372002 -0.0924634933471680
vn 4.2106399864950923 4.6135082475307305 0.5792722298876243
v 0.0248017907142639 0.0395745001733303 -0.0898684784770012
vn 4.1534150182732752 4.6316177047458700 0.8003487648822302
v 0.0243709608912468 0.0394139811396599 -0.0861525535583496
vn 3.6911422974218122 4.9746757518123301 0.9909689048945882
v 0.0228301808238029 0.0401641689240932 -0.0834212824702263
vn 3.7562313751695378 4.9703958133163830 0.7385243270808817
v 0.0232383608818054 0.0404965803027153 -0.0871134921908379
vn 2.8285251680980408 5.4054149571001968 1.4702571564175377
v 0.0195416808128357 0.0408577881753445 -0.0776534602046013
vn 2.1307283924186526 5.5583606269029531 1.9923737735275686
v 0.0162166897207499 0.0404527708888054 -0.0716468617320061
vn 0.9192652383640327 5.9145685991790602 1.8817240178629591
v 0.0084260096773505 0.0429088398814201 -0.0730539485812187
vn 0.9211359740982545 5.9972321886336371 1.5998270974294546
v 0.0085393777117133 0.0439725518226624 -0.0767604112625122
vn 1.3464170883428281 5.8163367957968273 1.9214492709919198
v 0.0116026904433966 0.0421577617526054 -0.0725894495844841
vn 1.7585550390509803 5.6896695644069020 1.9742101008155379
v 0.0147085702046752 0.0411056801676750 -0.0719918608665466
vn 2.1395170738572142 5.6494348378066190 1.7052215726696793
v 0.0163954403251410 0.0415278598666191 -0.0751063823699951
vn 2.1626774459589453 5.7282664239573595 1.3757793870273316
v 0.0166420899331570 0.0424236617982388 -0.0787133499979973
vn 2.4864501447331149 5.5798630472645963 1.4399086917769652
v 0.0181220695376396 0.0416870713233948 -0.0782017111778259
vn 2.8778592680886654 5.4496682959376379 1.1823191203514818
v 0.0198611002415419 0.0415695905685425 -0.0812523886561394
vn 3.3062303336038292 5.2485057116324230 0.9432047698963532
v 0.0215787794440985 0.0411704704165459 -0.0842322111129761
vn 3.3783987536419104 5.2437555307216090 0.6796019746124959
v 0.0219889804720879 0.0414935909211636 -0.0880348607897758
vn 5.0798723193576469 3.6598422990866482 0.3410340637840877
v 0.0275017004460096 0.0371094904839993 -0.0948264524340630
vn 5.5613833960479768 2.8953351049121814 0.0137131811178770
v 0.0289942603558302 0.0349598489701748 -0.1001439988613129
vn 5.8571560927054573 2.2413163152313689 0.0892011406765196
v 0.0296513997018337 0.0334843881428242 -0.0998025536537170
vn 5.8017904162547982 2.3642431865620708 0.2143723431639470
v 0.0294570904225111 0.0338869616389275 -0.0983049795031548
vn 4.4672356258402335 4.4182306827479341 0.0159029810659255
v 0.0231196805834770 0.0213436391204596 -0.0171249508857727
vn 4.6129048318449808 4.2582457742618391 -0.0286104235533276
v 0.0231639705598354 0.0213376805186272 -0.0205217003822327
vn 5.2070575138271513 3.5026597387965346 -0.1501651231877851
v 0.0259745698422194 0.0177009701728821 -0.0242045503109694
vn 5.2040974598083105 3.5105029418005560 -0.1695045046239455
v 0.0254555903375149 0.0180996600538492 -0.0304141007363796
vn 5.4435356601944109 3.1224993845195543 -0.2273785400015809
v 0.0266648493707180 0.0161587502807379 -0.0304437801241875
vn 5.1859952604740434 3.5418448374818814 -0.0216801334140396
v 0.0251495800912380 0.0184822604060173 -0.0325564704835415
vn 5.4288976652532472 3.1554784307080688 -0.0923333639479169
v 0.0263587795197964 0.0165675804018974 -0.0326022505760193
vn 4.7974383788707406 3.8528757898816890 1.2521552350874448
v 0.0235589705407619 0.0219183508306742 -0.0408437810838223
vn 4.8797130209339290 3.7579753084210217 1.2154166930120380
v 0.0239401999861002 0.0227513890713453 -0.0448295399546623
vn 5.0262150890321395 3.5558298577567333 1.2360118350025198
v 0.0243156496435404 0.0233562495559454 -0.0483706481754780
vn 5.8392817284612022 2.1829106612998377 0.7648362875618064
v 0.0262798592448235 0.0207946803420782 -0.0514456592500210
vn 5.8442241586514294 2.2124485418771069 0.6193425689892718
v 0.0265323501080275 0.0196532607078552 -0.0498914681375027
vn 6.0962429393917645 1.4990427956519266 0.2128794319758026
v 0.0267934706062078 0.0191009603440762 -0.0513523817062378
vn 6.1756479485456230 1.1460373822851122 -0.0537322673987059
v 0.0269795600324869 0.0182358603924513 -0.0513050481677055
vn 6.1815639119079506 1.0729582127801556 -0.3067421059418820
v 0.0275028906762600 0.0158434491604567 -0.0482610985636711
vn 6.2229300282664255 0.7830821104407097 -0.3386791216124876
v 0.0271172504872084 0.0173621699213982 -0.0512573681771755
vn 6.2082394184134628 0.0928967655649006 -0.9582286787087528
v 0.0272461697459221 0.0155863696709275 -0.0511461384594440
vn 5.9837951005137855 1.8475557547762578 0.4855055715379538
v 0.0265598800033331 0.0199548006057739 -0.0513992905616760
vn 6.1565750753193331 1.2232680870099959 0.2251947144733549
v 0.0265837907791138 0.0205167494714260 -0.0541812703013420
vn 6.2249135539452762 0.8316739300937297 -0.0815360378217946
v 0.0267238598316908 0.0196684505790472 -0.0540990792214870
vn 6.2464551485028768 0.6057144939910577 -0.2986908589785882
v 0.0268135592341423 0.0188139602541924 -0.0540164709091187
vn 5.8512887261783222 2.1991426201806705 0.5569757676792568
v 0.0276188794523478 0.0148942396044731 -0.0410717688500881
vn 5.7564570431840396 2.4255175716681392 0.5779320114835160
v 0.0268341805785894 0.0178588591516018 -0.0449369512498379
vn 5.3700505171737820 3.1001854074327793 0.9859017124744046
v 0.0253014508634806 0.0218170806765556 -0.0483472906053066
vn 5.4843321669257605 2.8236174751171754 1.1740132694828169
v 0.0255876705050468 0.0224254708737135 -0.0515366718173027
vn 5.3524444820516122 2.9579490808280426 1.4283635407614674
v 0.0251689497381449 0.0245738606899977 -0.0545793697237968
vn 5.9185969494628390 1.9579364194618654 0.7691102558635867
v 0.0261567793786526 0.0221839491277933 -0.0543435811996460
vn 5.9936335678914032 1.7047558611837783 0.7865176693734626
v 0.0261145792901516 0.0234709903597832 -0.0570178590714931
vn 6.0528158572952222 1.5992102210672789 0.5088756572950455
v 0.0263943597674370 0.0213561598211527 -0.0542628690600395
vn 6.1222996830563510 1.3098383560801858 0.4981311964311785
v 0.0263061504811049 0.0226525608450174 -0.0569025799632072
vn 6.2136382075385956 0.8951730192634223 0.1827416666377059
v 0.0264477692544460 0.0218251906335354 -0.0567861683666706
vn 6.2610775315549771 0.4597710841729887 -0.1634927616575924
v 0.0265384893864393 0.0209915004670620 -0.0566691681742668
vn 5.5836972050846505 2.6100023214773436 1.2124079777832322
v 0.0255420804023743 0.0237947702407837 -0.0545018911361694
vn 5.7599296005233498 2.2961227660554000 1.0041904950963718
v 0.0258720498532057 0.0229975506663322 -0.0544232688844204
vn 5.7060793165227519 2.4531980221226739 0.9391920289451142
v 0.0259550791233778 0.0216189008206129 -0.0514914914965630
vn 5.6154571005296825 2.6575090141000950 0.8979580368861094
v 0.0258468892425299 0.0213157497346401 -0.0499492809176445
vn 6.0373283067477574 1.7275209727269403 0.1595703609558995
v 0.0270926896482706 0.0176239591091871 -0.0482863709330559
vn 6.1197022134690391 1.4151838885602881 -0.0462143400440619
v 0.0273209791630507 0.0167390704154968 -0.0482738018035889
vn 6.2382013565954857 0.4340761625485975 -0.5941601262595606
v 0.0272057000547647 0.0164823494851589 -0.0512093901634216
vn 1.4215365721083577 6.0757735070458860 0.7163710807995233
v 0.0068432679399848 0.0314539596438408 -0.0363458916544914
vn 1.4528969960000369 5.9598033579146765 1.3524295288531152
v 0.0080327978357673 0.0326032601296902 -0.0445790812373161
vn 2.0250189444835227 5.5927111249870860 2.0053787119980413
v 0.0123727899044752 0.0335288606584072 -0.0522705912590027
vn 2.8696010536221821 5.0194610874521155 2.4475356832253534
v 0.0189698897302151 0.0361503884196281 -0.0645868703722954
vn 3.2457712789273701 4.7982483456923575 2.4190272768865455
v 0.0203081890940666 0.0351738892495632 -0.0642918869853020
vn 3.5890607342649350 4.6414126612387561 2.2245073635499013
v 0.0215805694460869 0.0355761609971523 -0.0669457912445068
vn 3.5679538134838453 4.7511187517516689 2.0147615386319506
v 0.0216902401298285 0.0368776917457581 -0.0700027868151665
vn 4.8862046943675708 3.6391402804338391 1.4816335533713554
v 0.0251799803227186 0.0352627001702785 -0.0744779706001282
vn 4.8984519119121384 3.6918024504938329 1.3000673830226264
v 0.0254840794950724 0.0360361896455288 -0.0775857493281364
vn 5.6547001932104699 2.4669945379317970 1.1059237665828108
v 0.0270401798188686 0.0339148007333279 -0.0789210721850395
vn 5.6549927008868028 2.5169749198490243 0.9911155528876130
v 0.0274107996374369 0.0343648716807365 -0.0820015594363213
vn 6.1149386540032866 1.0256690365578198 0.9236545055200576
v 0.0283319894224405 0.0320691391825676 -0.0834544822573662
vn 3.2550702177503936 5.0795991211777825 1.7478117455355797
v 0.0177066903561354 0.0295836906880140 -0.0484743714332581
vn 2.9383532639510870 5.2762292345626962 1.7261433444136598
v 0.0161418896168470 0.0305216908454895 -0.0484917685389519
vn 2.9887651604293932 5.1405952174885288 2.0239426517185444
v 0.0171296503394842 0.0312547609210014 -0.0520951710641384
vn 3.3308294411925718 4.9360122275725100 1.9985478373363565
v 0.0186143498867750 0.0302985906600952 -0.0520265586674213
vn 3.4134346431565934 4.7719941403445887 2.2425698435178472
v 0.0195759497582912 0.0310723707079887 -0.0552927814424038
vn 3.1751366783198711 4.8409102169139029 2.4361561520945227
v 0.0192543808370829 0.0328571684658527 -0.0584675595164299
vn 3.7733015961145426 4.4145112643433153 2.3862484568794229
v 0.0216446500271559 0.0324453711509705 -0.0610519610345364
vn 3.6517088199006746 4.5255085845761229 2.3626442541933530
v 0.0215619802474976 0.0340911708772182 -0.0639817118644714
vn 4.0241378009930822 4.3022088243472973 2.1567749957209523
v 0.0227319002151489 0.0344094000756741 -0.0665549635887146
vn 4.4810115418658061 3.8830909165991638 2.0443305591437753
v 0.0237593594938517 0.0331391617655754 -0.0661515519022942
vn 5.3126974613468967 2.9596330670015782 1.5201707942127904
v 0.0256453696638346 0.0328933000564575 -0.0708715915679932
vn 5.6608383854635482 2.4027571468269660 1.2084486074502294
v 0.0267043691128492 0.0332791805267334 -0.0759403705596924
vn 5.9404535989982419 1.7229331347980323 1.0273624819838711
v 0.0273585896939039 0.0325154587626457 -0.0779396817088127
vn 6.1408626203718066 0.8572265258550853 0.9237579184580101
v 0.0277633592486382 0.0315361581742764 -0.0791926905512810
vn 2.2104749725326247 5.3332243522509923 2.4695930638873431
v 0.0161024890840054 0.0377971492707729 -0.0651249811053276
vn 2.5380553658738720 5.1336209961782746 2.5691608448624081
v 0.0176489893347025 0.0354607701301575 -0.0617665015161037
vn 2.8090839511909547 5.1327228501207696 2.2718032778028370
v 0.0189859792590141 0.0375945493578911 -0.0676770806312561
vn 3.1839674117884020 4.9136077594574123 2.2593197234458997
v 0.0203256607055664 0.0366379581391811 -0.0673207566142082
vn 3.1648418897485673 5.0244128379395825 2.0286034611878505
v 0.0204347893595695 0.0379235707223415 -0.0704497024416924
vn 3.9990307645186483 4.4994991688904378 1.7611682158648059
v 0.0230296794325113 0.0368552803993225 -0.0726217627525330
vn 4.4541046909167958 4.1447228116427555 1.5180534121864513
v 0.0243064705282450 0.0365700684487820 -0.0751572772860527
vn 5.3046380345019326 3.1482028632925005 1.1201746208640373
v 0.0265283491462469 0.0352864786982536 -0.0798779726028442
vn 5.3195123135365856 3.1765905810432011 0.9629476167799221
v 0.0269064903259277 0.0357033014297485 -0.0830874964594841
vn 5.9355198876674109 1.7951171663824490 0.9056533797042001
v 0.0281137805432081 0.0333259701728821 -0.0839299485087395
vn 6.1198059372741973 1.0621161932241088 0.8730750974638075
v 0.0286276899278164 0.0321647487580776 -0.0856437012553215
vn 6.2749619542694468 -0.0154484221327763 -0.1645673837174086
v 0.0263556800782681 0.0233410503715277 -0.0605731606483459
vn 6.2371396054956980 0.6360662917664959 0.3846727109208484
v 0.0263021495193243 0.0248335003852844 -0.0617007613182068
vn 6.1527984635149995 1.0625087136463969 0.6690640226893443
v 0.0262112002819777 0.0256341602653265 -0.0618899390101433
vn 6.0748435157321534 1.4062420145872858 0.7482481555733902
v 0.0261374693363905 0.0246272608637810 -0.0595165416598320
vn 5.9246479347846632 1.8141589585096085 1.0248921320793911
v 0.0259444694966078 0.0254282895475626 -0.0596663914620876
vn 5.8555796424658979 1.9246067599916048 1.2013141039377138
v 0.0258747898042202 0.0272147599607706 -0.0622642599046230
vn 5.7451955478825312 2.1953772080251186 1.2717462459325990
v 0.0257022902369499 0.0262176897376776 -0.0598144493997097
vn 5.4952767681229497 2.6216146371726237 1.5273309742485575
v 0.0254119597375393 0.0269927904009819 -0.0599602982401848
vn 3.9538753603286390 4.3106209431783302 2.2845935754237465
v 0.0218392591923475 0.0306653901934624 -0.0580886006355286
vn 4.6579284879479887 3.6538827023196445 2.0827823418075564
v 0.0238158702850342 0.0299084708094597 -0.0605216585099697
vn 4.5453501602507576 3.7705813021978694 2.1174879757639524
v 0.0237387996166945 0.0316102504730225 -0.0633248612284660
vn 5.0056342900732016 3.2656297387942517 1.9031374159743559
v 0.0246217790991068 0.0302208606153727 -0.0629822611808777
vn 5.3404360566498328 2.8664374468249232 1.5989853682962376
v 0.0254667904227972 0.0317077003419399 -0.0680515691637993
vn 5.3833235800612664 2.7639856257784476 1.6361162302584527
v 0.0253619495779276 0.0303260590881109 -0.0653095766901970
vn 5.7033792214670118 2.2298840003438767 1.3301861896194120
v 0.0261744800955057 0.0314358398318291 -0.0702496692538261
vn 5.9659835715979410 1.5827467963335802 1.1183340984559300
v 0.0267404895275831 0.0309880897402763 -0.0723083019256592
vn 6.0994496843558368 1.1087564806184300 0.9931785584267638
v 0.0271136704832315 0.0311216693371534 -0.0746476575732231
vn 6.1240826756787863 0.9983194874710662 0.9595760137810632
v 0.0268279891461134 0.0302472691982985 -0.0719318911433220
vn 6.1978406940281889 0.4862553053824265 0.8259391055203563
v 0.0271561704576015 0.0303582493215799 -0.0742232725024223
vn 6.2491510208988341 0.1285644812153003 0.3557428113976928
v 0.0264786407351494 0.0271105691790581 -0.0664564892649651
vn 6.1125063337531191 1.1602111653915310 0.8479224183161498
v 0.0262320004403591 0.0272645894438028 -0.0644136592745781
vn 6.0729596657234559 1.2631275866013829 0.9733768468609256
v 0.0263333898037672 0.0286998692899942 -0.0669820904731750
vn 5.9694144783986305 1.6130553697435372 1.0914545788947545
v 0.0260894801467657 0.0280449893325567 -0.0646416470408440
vn 3.5314361533300884 4.9743200708121167 1.4826774845144302
v 0.0184272509068251 0.0279560592025518 -0.0447047911584377
vn 3.5885465366268106 4.8641438094489686 1.7072015242395744
v 0.0192063990980387 0.0285426899790764 -0.0484557710587978
vn 3.6858173143517612 4.6968230838341540 1.9505716428904201
v 0.0200309697538614 0.0292397700250149 -0.0519535504281521
vn 3.7879799899091484 4.5137220670249221 2.1736366683361639
v 0.0209114495664835 0.0299777891486883 -0.0551610514521599
vn 3.5523876031634769 4.6006739004771351 2.3786156683579067
v 0.0205905996263027 0.0318144485354424 -0.0582826696336269
vn 4.0875946813709758 4.1873404811736687 2.2665482799411367
v 0.0227121692150831 0.0329027697443962 -0.0636583492159843
vn 4.2059991121702600 4.0725973633371391 2.2643488529618705
v 0.0227921605110168 0.0312287807464600 -0.0607909485697746
vn 4.9046453924660920 3.4778441410921275 1.7790438143105196
v 0.0247495695948601 0.0331313610076904 -0.0685615465044975
vn 4.9396924142973599 3.3763581177472690 1.8766154680200415
v 0.0246430002152920 0.0317725501954556 -0.0657370612025261
vn 5.6768261714817907 2.3226442309187734 1.2856863334052839
v 0.0264126602560282 0.0324535891413689 -0.0730524584650993
vn 5.9418475714418948 1.6795948975420760 1.1056041397013656
v 0.0270277801901102 0.0318456813693047 -0.0750817582011223
vn 6.0812363488181971 1.2085579455051894 0.9838146310969444
v 0.0274427495896816 0.0318093784153461 -0.0774434804916382
vn 6.1761904627673943 0.6255210509218689 0.9092540261152464
v 0.0274829808622599 0.0310528799891472 -0.0769553706049919
vn 6.2149082599967223 0.6824120335390441 0.5852114782143417
v 0.0263225995004177 0.0264782905578613 -0.0641840621829033
vn 6.0209928370595369 1.5088928439904212 0.9517033428546335
v 0.0260682702064514 0.0264287497848272 -0.0620779916644096
vn 5.4163831894087879 2.7236818828333593 1.6165672079421793
v 0.0253404900431633 0.0287500601261854 -0.0626291036605835
vn 5.6626850975076293 2.3184949950872724 1.4116223530115766
v 0.0256317798048258 0.0279893800616264 -0.0624481998383999
vn 5.1102649457274065 3.1476682874536239 1.8281112882746013
v 0.0246958695352077 0.0284914895892143 -0.0602450892329216
vn 4.8142921905853990 3.5333114854568106 1.9342516688104541
v 0.0240005794912577 0.0280548892915249 -0.0576782785356045
vn 4.9986531028482739 3.4044232351053187 1.6846551454516763
v 0.0243030693382025 0.0260705891996622 -0.0547312386333942
vn 4.8123341937373247 3.7082900800848893 1.5884050592920840
v 0.0237337891012430 0.0254437904804945 -0.0517118498682976
vn 4.4303497897884343 4.0904597194765113 1.7553530589079158
v 0.0226057693362236 0.0268110595643520 -0.0517957806587219
vn 4.2164817935039753 4.4378861820841760 1.4005880060858897
v 0.0213788691908121 0.0255569797009230 -0.0447638593614101
vn 4.4881651133155742 4.1908090542175742 1.3142019161545466
v 0.0222228690981865 0.0234470907598734 -0.0407918617129326
vn 4.1546215986173021 4.5164476565286611 1.3308611489453923
v 0.0207791905850172 0.0248723607510328 -0.0407426916062832
vn 4.6673898897869392 4.0905777168551127 0.9609377633738884
v 0.0226501803845167 0.0223822500556707 -0.0387157686054707
vn 4.3545580182640578 4.4142996437293709 0.9967852151383042
v 0.0212005898356438 0.0239076595753431 -0.0386682711541653
vn 4.7923721706517908 4.0165486983184806 0.5846412055838895
v 0.0230647902935743 0.0215101800858974 -0.0366618596017361
vn 4.6184901890382051 4.2544072360479523 0.1016495062363227
v 0.0223383903503418 0.0220136605203152 -0.0324708782136440
vn 4.6488796124350644 4.2189032758124094 -0.1222723986332705
v 0.0228700004518032 0.0214843694120646 -0.0282501503825188
vn 4.3172128417584528 4.5577391995713201 -0.0648745730627322
v 0.0215033795684576 0.0229787807911634 -0.0242421608418226
vn 4.3086101127991085 4.5662846409558009 -0.0183202265150388
v 0.0215363502502441 0.0229820609092712 -0.0205336809158325
vn 3.7225270159415613 5.0360436163671300 -0.0161279889839549
v 0.0197918992489576 0.0245026908814907 -0.0205447599291801
vn 1.0329046385801217 6.1934347616079197 0.1065244318387140
v 0.0051623578183353 0.0311161801218987 -0.0243033692240715
vn 1.5008877435569195 6.0969767169484896 0.0993599045526257
v 0.0074323411099613 0.0306490007787943 -0.0242995601147413
vn 1.9368364605522430 5.9605089224907406 0.4102736495708152
v 0.0092809200286865 0.0304046794772148 -0.0322582684457302
vn 1.9544220538020909 5.9649559742873608 0.1998449893977295
v 0.0095476498827338 0.0301326494663954 -0.0282055698335171
vn 2.2653830293918764 5.8116045212398983 0.7332297704493479
v 0.0109232598915696 0.0301882605999708 -0.0363885685801506
vn 2.6710555339274351 5.6354301663077360 0.7398109689909109
v 0.0128900995478034 0.0293407998979092 -0.0364165902137756
vn 2.4274501417680501 5.6808608089864574 1.1335039883631501
v 0.0122903501614928 0.0303084794431925 -0.0405447408556938
vn 2.5857734475343896 5.4650647218193411 1.7038339191886032
v 0.0145210595801473 0.0313578806817532 -0.0485076904296875
vn 2.5795553594425469 5.3571540425336774 2.0197975835815924
v 0.0155883999541402 0.0321100912988186 -0.0521588884294033
vn 2.7163081766782078 5.1829784330293229 2.2841930833316297
v 0.0166907906532288 0.0329515896737576 -0.0555342994630337
vn 3.0586973204897570 4.9892733258491901 2.2820909469771755
v 0.0181643906980753 0.0320629402995110 -0.0554173514246941
vn 2.7459861709560740 5.0846401675814779 2.4552192170170866
v 0.0178460404276848 0.0337956510484219 -0.0586422607302666
vn 2.9908034000143746 4.9205874515686858 2.5066069415985646
v 0.0190558992326260 0.0345605015754700 -0.0615412518382072
vn 3.3680434193835929 4.6928077320124881 2.4627665027864469
v 0.0203929506242275 0.0335562787950039 -0.0613027811050415
vn 4.0002328382985990 4.4092364889253659 1.9751152976623436
v 0.0228411499410868 0.0357285700738430 -0.0695368573069572
vn 4.4526940222849012 3.9866492349199021 1.8995509907561834
v 0.0238675400614738 0.0344773493707180 -0.0690558478236198
vn 4.4451461614634127 4.0752091332781095 1.7198971847170998
v 0.0240532699972391 0.0356210395693779 -0.0720551609992981
vn 4.8879363677400844 3.5666593281419576 1.6435235796999046
v 0.0249318405985832 0.0342946015298367 -0.0714725777506828
vn 5.2980299127305468 3.0398988152682014 1.4096338018147327
v 0.0258882604539394 0.0338841602206230 -0.0737773701548576
vn 5.2958828945775807 3.1035019788842915 1.2735898001276136
v 0.0261857490986586 0.0346814915537834 -0.0767768025398254
vn 5.9417920994512876 1.7277582242239344 0.9872465489380315
v 0.0277236700057983 0.0330028496682644 -0.0808885022997856
vn 6.2579628697904219 -0.0003920528460402 -0.5129439063043466
v 0.0265713892877102 0.0202083494514227 -0.0566172488033772
vn 6.2526217151795098 0.5940245876747698 0.1218858126828218
v 0.0263710599392653 0.0230012498795986 -0.0592131614685059
vn 6.1886765110678894 0.9724991176707598 0.4404499627642391
v 0.0262799803167582 0.0238173604011536 -0.0593652687966824
vn 5.8341840893969312 2.0774271238658670 1.0475115982870082
v 0.0258740708231926 0.0242776796221733 -0.0571319386363029
vn 5.6515342099914339 2.4240321872036836 1.2797884003782540
v 0.0255859401077032 0.0250699501484632 -0.0572444684803486
vn 5.4518683683928870 2.7483041979356955 1.4765043424007893
v 0.0252521000802517 0.0258457008749247 -0.0573551617562771
vn 5.2084856784338012 3.0845172426866063 1.6674384714954986
v 0.0248749796301126 0.0266029797494411 -0.0574643611907959
vn 5.1936062339485325 3.2525691088013682 1.3659564370398514
v 0.0247333608567715 0.0239794794470072 -0.0516253709793091
vn 4.6751535379702318 3.9510363428299575 1.4048313955253708
v 0.0231984797865152 0.0248026791960001 -0.0483933612704277
vn 4.5517087325535925 4.1166571778972614 1.3265230651067172
v 0.0227140691131353 0.0242036506533623 -0.0447959788143635
vn 4.9632801197910155 3.7412765422801599 0.8989371887945450
v 0.0239872895181179 0.0207518897950649 -0.0387658402323723
vn 5.0775020499465260 3.6595421052397823 0.5168373474555101
v 0.0244032703340054 0.0197984501719475 -0.0367132984101772
vn 5.1473458987642031 3.5918882620175721 0.2093944435814965
v 0.0247947499155998 0.0190450493246317 -0.0346534810960293
vn 4.8708781820707827 3.9545830386353940 0.2779782555601040
v 0.0234543606638908 0.0208191797137260 -0.0346025787293911
vn 4.9153391087942868 3.9087096706051607 0.0427270144404266
v 0.0238068606704473 0.0203006807714701 -0.0325126610696316
vn 4.9362330870354469 3.8803307141158987 -0.1126658033295626
v 0.0241097807884216 0.0199455004185438 -0.0303856693208218
vn 5.2111226094517225 3.4957930874802177 -0.2144617217950764
v 0.0257005598396063 0.0178688708692789 -0.0282680895179510
vn 4.9436030542754077 3.8673986510733553 -0.1688021071352651
v 0.0243510603904724 0.0197285991162062 -0.0282588601112366
vn 4.9372346796681468 3.8752011921829870 -0.1223673754692144
v 0.0246153399348259 0.0195673704147339 -0.0242177806794643
vn 4.6402207516269955 4.2274713585521289 -0.0937955537243845
v 0.0231224801391363 0.0213298704475164 -0.0242303591221571
vn 1.5317062267998565 5.5747945300022730 2.4452128372237243
v 0.0115847503766418 0.0381043516099453 -0.0625118613243103
vn 1.4078777291177105 5.6236585403497212 2.3990734107333167
v 0.0115122701972723 0.0395712815225124 -0.0657835006713867
vn 1.8213551835605746 5.4830580861933838 2.4520649483335424
v 0.0146011700853705 0.0384758710861206 -0.0653655529022217
vn 2.4644085014062993 5.3088275067543522 2.2691301345693109
v 0.0175775792449713 0.0384490415453911 -0.0680127665400505
vn 3.5940135897825853 4.9121149814984495 1.5194537818063094
v 0.0221408605575562 0.0389094911515713 -0.0764575600624084
vn 4.0499464239924112 4.6134462166333385 1.2843209435125016
v 0.0236033704131842 0.0385260507464409 -0.0791330933570862
vn 4.0978154977437296 4.6333689895562440 1.0374197988520133
v 0.0239681005477905 0.0390676781535149 -0.0825755521655083
vn 4.5592549692304321 4.2192974672428782 0.8614350800975286
v 0.0253705903887749 0.0382470414042473 -0.0851599499583244
vn 4.9826796263502819 3.7370143197304007 0.7366444900486888
v 0.0266344491392374 0.0372142717242241 -0.0875951573252678
vn 5.3572428143509825 3.1939274846323236 0.6503732165992622
v 0.0277308803051710 0.0360278412699699 -0.0898376703262329
vn 5.6869316942457013 2.5714301173855905 0.5913465276297296
v 0.0286374595016241 0.0347212515771389 -0.0918136835098267
vn 5.9557990045674227 1.8687200658865835 0.5737617354621511
v 0.0293418709188700 0.0332911610603333 -0.0934100672602654
vn 5.9348405591810165 1.8859976156094989 0.7136725169499122
v 0.0289320908486843 0.0335035882890224 -0.0902519822120667
vn 6.1254475101684962 1.1148759435993358 0.7134626724222310
v 0.0294435601681471 0.0321321412920952 -0.0916711613535881
vn 6.1879080883683510 0.1553708628419251 -1.0223553552868219
v 0.0291458908468485 0.0068951840512455 -0.0413203798234463
vn 6.2098239354050637 0.6481422645585838 -0.5856668636271740
v 0.0290289502590895 0.0089392056688666 -0.0412576682865620
vn 6.1953755002319078 0.7087422435241553 -0.6343804179380388
v 0.0282895509153605 0.0123680802062154 -0.0450519882142544
vn 6.1820077013966381 0.1593971446546936 -1.0703879600822004
v 0.0283986907452345 0.0104505997151136 -0.0451093912124634
vn 6.1870672234783077 0.1865710544470889 -1.0431824648323191
v 0.0282774493098259 0.0110265603289008 -0.0457230806350708
vn 5.9959655105862675 1.8538282992175084 -0.0748165961751154
v 0.0300411507487297 0.0094183078035712 -0.0204373504966497
vn 5.9907577211558101 1.8550557627577979 -0.2462256835239943
v 0.0299468003213406 0.0094076991081238 -0.0241466704756021
vn 6.1773740040446627 0.9791939751189876 -0.5449344515754916
v 0.0304569005966187 0.0054007167927921 -0.0306055508553982
vn 6.1722854355581518 0.9976319278177648 -0.5695334878466386
v 0.0301702003926039 0.0059122438542545 -0.0328521691262722
vn 6.0883358943305925 1.4893838154736727 -0.3719977677707711
v 0.0293933693319559 0.0089088669046760 -0.0349363610148430
vn 6.1697753317983386 1.0254708244902975 -0.5460948417773089
v 0.0298441592603922 0.0067034359090030 -0.0349969789385796
vn 6.0827796812543387 1.5414749652691719 -0.2141303710415935
v 0.0290317498147488 0.0099501600489020 -0.0369992814958096
vn 6.0683326173283518 1.6096819273922069 0.0266458064637351
v 0.0286504607647657 0.0112911397591233 -0.0390448495745659
vn 6.1711346975993857 1.1136988618578654 -0.2870055366473932
v 0.0291149597615004 0.0092074871063232 -0.0391047485172749
vn 6.1281609594417894 1.3141221133897454 -0.1652968104266697
v 0.0279825907200575 0.0142427599057555 -0.0450129508972168
vn 6.2129551504281455 0.7387692447497624 -0.5450690017698449
v 0.0276373606175184 0.0149396602064371 -0.0482482910156250
vn 6.2033454271567825 0.8534043326123124 0.3635538928734523
v 0.0306677799671888 0.0294504705816507 -0.1001800000667572
vn 6.1566141569310213 1.2078964495547329 -0.0659713409591218
v 0.0306212902069092 0.0300494991242886 -0.1026739999651909
vn 5.7185012012418834 2.5592149128035295 -0.3019657546655339
v 0.0293843708932400 0.0339759513735771 -0.1032020002603531
vn 4.5182409915653743 4.3388701350999561 -0.2073178302465255
v 0.0261590406298637 0.0388466715812683 -0.1016030013561249
vn 4.1782877481414911 4.6611965282364380 -0.3281565031362090
v 0.0250509902834892 0.0398235917091370 -0.1031050011515617
vn 3.1945464488348234 5.3999522469176933 0.1168969460068164
v 0.0215302705764771 0.0424585901200771 -0.0972173810005188
vn 1.3776838536409663 5.9741136942363848 1.3288768266665505
v 0.0119512602686882 0.0441211983561516 -0.0800041481852531
vn 0.9437483846187518 6.0677126277425257 1.2922678296440480
v 0.0086965560913086 0.0448762699961662 -0.0806390568614006
vn 0.9304287443019372 5.8198401575405807 2.1531246418475853
v 0.0083630681037903 0.0416968390345573 -0.0695108696818352
vn 0.9670808134208164 5.7354337182454067 2.3586638965876943
v 0.0083569884300232 0.0403543710708618 -0.0661094710230827
vn 0.5776531510430044 5.8020561098197918 2.3266064084102878
v 0.0051733250729740 0.0408647581934929 -0.0663365721702576
vn 0.2916587998880981 5.8644933284233467 2.2285412392647190
v 0.0020771019626409 0.0369398482143879 -0.0561442896723747
vn 0.3417172157080488 5.9608389304004170 1.9449447715126360
v 0.0021502969320863 0.0356419607996941 -0.0524552986025810
vn 0.3834309320351212 6.0493076637633578 1.6365344945591918
v 0.0022463200148195 0.0344749614596367 -0.0485727712512016
vn -2.6733615450330568 -5.6793174616812347 0.0542454985165042
v -0.0134664699435234 -0.0285242702811956 -0.0201684795320034
vn -2.4778085021411140 -5.7728689240030953 0.0844355221046835
v -0.0134289795532823 -0.0284561496227980 -0.0171249508857727
vn -2.4820419377071135 -5.7710420652827548 0.0767217559970890
v -0.0138016901910305 -0.0282957497984171 -0.0171249508857727
vn -1.0919563489204134 -6.1871977213893050 0.0371988866465251
v -0.0054606790654361 -0.0309692006558180 -0.0171249508857727
vn -0.0912311699608132 -6.1110899311086264 -1.4148884043474383
v 0.0000000000000000 -0.0310632493346930 -0.0298261605203152
vn -0.0315492741942473 -6.1552557182717864 -1.1157700153576875
v 0.0000000000000000 -0.0311529599130154 -0.0294393803924322
vn 0.0496184129296260 -6.2365219983791169 -0.7329984854329188
v 0.0000000000000000 -0.0312626883387566 -0.0285062696784735
vn 0.0168060497299405 -6.1239583817476770 -1.3852505281987171
v 0.0000000000000000 -0.0307549796998501 -0.0311547499150038
vn -0.4402807668306900 -6.0534876025946778 -1.5218056327382015
v -0.0022617569193244 -0.0306996703147888 -0.0311600491404533
vn 0.0446106542174738 -5.9744355460165570 -1.8490697808524463
v 0.0000000000000000 -0.0306282006204128 -0.0317010805010796
vn 0.0503784824189783 -5.8455094463240069 -2.2969166809793133
v 0.0000000000000000 -0.0303338691592216 -0.0324502512812614
vn 0.0410090130464845 -5.6163799218926478 -2.7435967751007064
v 0.0000000000000000 -0.0299347601830959 -0.0334657989442348
vn -0.4168532757435460 -5.5390556189363949 -2.8865695741932367
v -0.0022245640866458 -0.0297296606004238 -0.0337070785462856
vn -0.7154321998739548 -6.2328436936933649 0.0630621387621771
v -0.0036470289342105 -0.0312880799174309 -0.0171249508857727
vn -0.9296657865229505 -6.1914059159785513 -0.3783227654874034
v -0.0046050539240241 -0.0311625003814697 -0.0260306503623724
vn -1.8264805255174807 -5.9297374323432734 -0.8628597317732674
v -0.0090357055887580 -0.0299275498837233 -0.0285019800066948
vn -1.3759214168928815 -6.1208225088282191 -0.0745953629548625
v -0.0069018597714603 -0.0308036804199219 -0.0238627698272467
vn -0.9359921664243896 -6.2034139735654374 -0.0651976470507060
v -0.0046226968988776 -0.0312314592301846 -0.0238593798130751
vn -1.8378212763173476 -5.9842193674392430 -0.3925575715992604
v -0.0091074695810676 -0.0301384907215834 -0.0260342899709940
vn -1.3879297596967650 -6.1046779074382211 -0.3845042713991806
v -0.0068753948435187 -0.0307344701141119 -0.0260321404784918
vn -2.2623085866684804 -5.7778996148635020 -0.8636386791345748
v -0.0112007800489664 -0.0291712805628777 -0.0284979902207851
vn -2.2192104984582910 -5.6573488441289772 -1.5047050994271089
v -0.0110662495717406 -0.0286930706351995 -0.0311263706535101
vn -2.1511765378683529 -5.4776437309199153 -2.1470524441896024
v -0.0109837595373392 -0.0282962899655104 -0.0324173495173454
vn -2.0536628102316730 -5.2309824793803781 -2.7615697323506581
v -0.0108923902735114 -0.0277695003896952 -0.0336554609239101
vn -3.1514481567864614 -5.4345872228372398 0.0776339326098201
v -0.0154718700796366 -0.0273787900805473 -0.0171249508857727
vn -3.9085335957642693 -4.9185346923726891 0.0715221661053190
v -0.0193143393844366 -0.0248177591711283 -0.0171249508857727
vn -4.4371020135817787 -4.4475291077907340 0.0824562643362445
v -0.0227472707629204 -0.0217264797538519 -0.0171249508857727
vn -5.1103713269972886 -3.6404868793283534 0.0416014786271437
v -0.0257146898657084 -0.0181840602308512 -0.0171249508857727
vn -5.1253589697937274 -3.6217445915069821 -0.0224774603965595
v -0.0257321000099182 -0.0181954503059387 -0.0202440600842237
vn -5.7961286112561012 -2.4032890971986789 0.0127993424433719
v -0.0290734693408012 -0.0121237598359585 -0.0171249508857727
vn -5.7956006199071126 -2.4080532978568874 -0.0722325087803154
v -0.0290725808590651 -0.0121291801333427 -0.0202869698405266
vn -5.6739334070914058 -2.6988752178052899 0.0115254050548664
v -0.0287504699081182 -0.0127996802330017 -0.0171249508857727
vn -5.3786418988067926 -3.2346314992439953 -0.0430532448331029
v -0.0269933901727200 -0.0162563901394606 -0.0202577691525221
vn -5.3886271742019662 -3.2059357429881552 -0.2433006309627903
v -0.0269268695265055 -0.0162226501852274 -0.0239678602665663
vn -5.6077952888448106 -2.8043068775428401 -0.2550129887847573
v -0.0280330702662468 -0.0141964498907328 -0.0239820405840874
vn -4.2318349006906306 -4.6289810518014214 -0.1837295612655613
v -0.0211121998727322 -0.0233694892376661 -0.0239174906164408
vn 0.0423757061811256 -5.4074722382257834 -3.1923168472188443
v 0.0000000000000000 -0.0291013699024916 -0.0348788388073444
vn -0.3550263948569515 -4.7335646194446674 -4.0896004471147291
v -0.0021803970448673 -0.0281692706048489 -0.0359878502786160
vn -0.3022587336447768 -4.2871256095257557 -4.5637979454276083
v -0.0021562569309026 -0.0271518807858229 -0.0370417796075344
vn -1.1617211338990323 -5.0754381000911062 -3.4783481055770946
v -0.0065656299702823 -0.0283799692988396 -0.0348612591624260
vn -0.7762515010826404 -5.1280043490541178 -3.5082945263997347
v -0.0043956628069282 -0.0287838503718376 -0.0348732396960258
vn -1.3528153241955421 -5.9166490590877494 -1.5297007863554766
v -0.0067368741147220 -0.0300255995243788 -0.0311484895646572
vn -0.4678929478516682 -6.1855504507543513 -0.8687694872253383
v -0.0022904269862920 -0.0312032606452703 -0.0285089593380690
vn 0.0406749746191173 -6.2488250695560890 -0.4873689512779315
v 0.0000000000000000 -0.0314491912722588 -0.0269186403602362
vn -0.4637903020204521 -6.2445118889567661 -0.3620926599559375
v -0.0023089640308172 -0.0314202904701233 -0.0260297600179911
vn 0.0482994762268078 -6.2743533451225657 -0.2441646399151001
v 0.0000000000000000 -0.0314838811755180 -0.0260285697877407
vn -0.4502131407285183 -6.2571817499444125 -0.0632801758700219
v -0.0023178448900580 -0.0314890705049038 -0.0238572899252176
vn -0.9243157120090162 -6.1350698938587307 -0.8603944427409203
v -0.0045682778581977 -0.0309466701000929 -0.0285074692219496
vn -1.3796828821362421 -6.0490359501483981 -0.8616501168747493
v -0.0068208570592105 -0.0305206701159477 -0.0285052005201578
vn -1.7912364414020225 -5.8025179525981754 -1.5190028347354989
v -0.0089256763458252 -0.0294399801641703 -0.0311386492103338
vn -1.3090029942723325 -5.7159377125099757 -2.2007509247177857
v -0.0066852560266852 -0.0296154003590345 -0.0324460789561272
vn -1.7345832457556087 -5.6111135196540305 -2.1775482159986423
v -0.0088580837473273 -0.0290356799960136 -0.0324333906173706
vn -1.6531424210371073 -5.3474977442563691 -2.8056132519283850
v -0.0087831020355225 -0.0284992996603251 -0.0336743481457233
vn -1.2459037214152837 -5.4386447243565437 -2.8394442816642274
v -0.0066279759630561 -0.0290713906288147 -0.0336893685162067
vn -0.9063611294252957 -5.9988640651992222 -1.5372016280780960
v -0.0045115351676941 -0.0304462891072035 -0.0311556998640299
vn -0.8765593069844529 -5.7913892558744999 -2.2173398834705762
v -0.0044766059145331 -0.0300316791981459 -0.0324553810060024
vn -0.4426809980209114 -5.8365633483929491 -2.2290372128583682
v -0.0022441139444709 -0.0302824899554253 -0.0324610397219658
vn -0.8336261495743091 -5.5040394559147483 -2.8635922418716033
v -0.0044378628954291 -0.0294821802526712 -0.0337003394961357
vn -0.3876903476827632 -5.1634076396973247 -3.5203376452405988
v -0.0022032260894775 -0.0290272794663906 -0.0348806902766228
vn -0.7103790982411240 -4.7057268451256551 -4.0748477204587985
v -0.0043504228815436 -0.0279308501631021 -0.0359801612794399
vn -0.2783739962308907 -3.8705311450500499 -4.9232867214478908
v -0.0021309249568731 -0.0259715896099806 -0.0380604788661003
vn 0.0453975006186300 -4.1364522913222466 -4.7285604503655128
v 0.0000000000000000 -0.0272029601037502 -0.0370140597224236
vn -0.2489834397588530 -3.3897465127497948 -5.2742329878656458
v -0.0020778169855475 -0.0230944696813822 -0.0400778613984585
vn -0.1873448080978694 -3.0780297281044815 -5.4698029581661798
v -0.0020226240158081 -0.0194830801337957 -0.0422022901475430
vn -1.5445050924076220 -5.0018955911118379 -3.4363931549168272
v -0.0087015619501472 -0.0278172399848700 -0.0348447486758232
vn -1.9234543038560854 -4.9072274242432075 -3.3818927473968361
v -0.0107929697260261 -0.0270992498844862 -0.0348240695893764
vn -1.0650410021251409 -4.6665192025190416 -4.0425358556843713
v -0.0064987540245056 -0.0275350809097290 -0.0359675809741020
vn -0.9663257244348771 -4.2594418421594087 -4.4980323936692077
v -0.0064280619844794 -0.0265327598899603 -0.0370213910937309
vn -0.6435215266892518 -4.2864097013665692 -4.5302073892841435
v -0.0043025608174503 -0.0269191805273294 -0.0370340906083584
vn -0.4175967692984988 -3.0718199277493632 -5.4612304761249613
v -0.0040377969853580 -0.0192911606281996 -0.0421946607530117
vn -0.1311395384728199 -2.9099508329881059 -5.5650274749407629
v -0.0019125340040773 -0.0130572896450758 -0.0456358715891838
vn -1.6178299754339731 -4.1702108241267064 -4.3929475730281551
v -0.0105738602578640 -0.0253067594021559 -0.0369822904467583
vn -1.4498507863107390 -3.7754414422575882 -4.7895963801922896
v -0.0104560796171427 -0.0241770707070827 -0.0380018912255764
vn -1.2432240464547037 -3.3582753061960027 -5.1513367529117033
v -0.0102084800601006 -0.0214200597256422 -0.0400215908885002
vn -0.9846841948273852 -3.3727652915178838 -5.1977995176992575
v -0.0082217445597053 -0.0220450703054667 -0.0400421582162380
vn -1.0776130089889815 -3.0678474077316498 -5.3722862548535764
v -0.0099512329325080 -0.0179540496319532 -0.0421438813209534
vn -0.8509670156709415 -3.0705957166278863 -5.4113422862657448
v -0.0080104470252991 -0.0185257699340582 -0.0421651601791382
vn -0.7124480527532399 -2.9413546193792013 -5.5051940569295583
v -0.0075882067903876 -0.0122605497017503 -0.0456130504608154
vn -0.8910941889727314 -2.9497928043279513 -5.4744287464159225
v -0.0094373216852546 -0.0117817502468824 -0.0455998703837395
vn -1.2908522585582822 -4.2210268310638224 -4.4524447626909289
v -0.0085217952728271 -0.0259943604469299 -0.0370040498673916
vn -1.4191876104210726 -4.6115439439885000 -3.9966874504347363
v -0.0086141815409064 -0.0269835498183966 -0.0359504781663418
vn -0.8597726563607613 -3.8284625289061003 -4.8891334708922214
v -0.0063540330156684 -0.0253697596490383 -0.0380403883755207
vn -0.5710728759916115 -3.8432567882230808 -4.9198233694964957
v -0.0042524929158390 -0.0257453899830580 -0.0380528494715691
vn -0.4855784550147562 -3.3896599447053348 -5.2572414252687043
v -0.0041472311131656 -0.0228837691247463 -0.0400705896317959
vn -0.5176788930225857 -2.9324506803033810 -5.5315769929290850
v -0.0057135219685733 -0.0126326596364379 -0.0456236004829407
vn -0.3472900359195192 -2.9274855577156269 -5.5475381068235077
v -0.0038193459622562 -0.0128981396555901 -0.0456312783062458
vn -0.2889716728231603 -2.9485226407900349 -5.5397123778415160
v -0.0036224720533937 -0.0086178770288825 -0.0478725992143154
vn 0.0047954856688163 -2.9119737946399855 -5.5670954473535650
v 0.0000000000000000 -0.0131023498252034 -0.0456225797533989
vn -0.0083827868222197 -2.9940617068929658 -5.5191860935587806
v 0.0000000000000000 -0.0180693808943033 -0.0430167913436890
vn -4.9717029374469925 -3.4541394871252136 -1.6350486086876495
v -0.0250139795243740 -0.0172700807452202 -0.0321926400065422
vn -5.2897899367915224 -3.1252664585196435 -1.2369425371675438
v -0.0264014005661011 -0.0156545005738735 -0.0309243705123663
vn -5.1488831340572698 -3.0605277028352136 -1.8405419110158570
v -0.0260945502668619 -0.0149699999019504 -0.0333454012870789
vn -5.3886868180766374 -2.7106677953078235 -1.7014034661748787
v -0.0271956901997328 -0.0129881501197815 -0.0332984887063503
vn -4.9984922184734630 -2.9991409336793668 -2.3082533252057824
v -0.0259222891181707 -0.0144683700054884 -0.0344830714166164
vn -4.8405834478309488 -2.9264558562113261 -2.7035630143294558
v -0.0257392507046461 -0.0138514600694180 -0.0355718694627285
vn -4.9808169136276677 -2.5542032296573964 -2.8247034812003839
v -0.0266532804816961 -0.0112048899754882 -0.0365660712122917
vn -4.7832990674853564 -2.5031496870400454 -3.1872372312285822
v -0.0264555793255568 -0.0103798499330878 -0.0375899598002434
vn -4.4526319441390001 -2.7539037902087222 -3.4458250395623700
v -0.0253471694886684 -0.0122576896101236 -0.0376448594033718
vn -4.5319155264740623 -3.2114888439104350 -2.9055725741304546
v -0.0244986992329359 -0.0156996808946133 -0.0356237813830376
vn -4.6628882831163407 -2.8490839575117572 -3.0740024984324172
v -0.0255470797419548 -0.0131157003343105 -0.0366213917732239
vn -4.1261483732569415 -2.6618908372659797 -3.8986389845441485
v -0.0249300505965948 -0.0101511403918266 -0.0396765395998955
vn -4.5010401444587869 -2.4478597538384377 -3.6132208869996467
v -0.0260438900440931 -0.0083543648943305 -0.0396232008934021
vn -1.5622484260397231 -2.9871509343717180 -5.3011585432396133
v -0.0147614404559135 -0.0097055425867438 -0.0455454513430595
vn -1.5842236512101415 -3.0677015502111291 -5.2485003766831824
v -0.0157311502844095 -0.0049887290224433 -0.0479413792490959
vn -3.4746594579163412 -5.2274020742652363 0.0277395209223017
v -0.0174949690699577 -0.0262394491583109 -0.0201856400817633
vn -3.8820164943244007 -4.9316191595481182 0.0395648806576329
v -0.0193714406341314 -0.0248813591897488 -0.0201957803219557
vn -3.8799428482539136 -4.9282105909839684 -0.1676662668315236
v -0.0193485002964735 -0.0248670503497124 -0.0239067599177361
vn -4.5557943912057404 -4.2880573779196709 -0.4672394075204181
v -0.0226713996380568 -0.0216796901077032 -0.0260619502514601
vn -4.2286130820515524 -4.6115785476339548 -0.4579074145568764
v -0.0210298802703619 -0.0233013592660427 -0.0260567609220743
vn -4.8285212857944337 -3.9148321412799816 -0.8232919276954348
v -0.0240229908376932 -0.0197754502296448 -0.0284509602934122
vn -4.7649535155673277 -3.8670404834091161 -1.2795900563370433
v -0.0237832590937614 -0.0193971898406744 -0.0309811793267727
vn -5.0434781379942022 -3.5164737741106689 -1.2284206062113991
v -0.0251598898321390 -0.0175745394080877 -0.0309534594416618
vn -4.8529357525144077 -3.4017982408542147 -2.0455770100225261
v -0.0248541794717312 -0.0168627500534058 -0.0333902798593044
vn -4.7092736777279685 -3.3132966412866738 -2.4777349256573569
v -0.0246818605810404 -0.0163410902023315 -0.0345325395464897
vn -3.7499537201814661 -3.1553161335391247 -3.9064842411352663
v -0.0227394700050354 -0.0157282892614603 -0.0377465412020683
vn -4.3340978162614858 -3.1027402783515212 -3.3004430566374552
v -0.0243060495704412 -0.0149348899722099 -0.0366740785539150
vn -4.1026134701979169 -2.9722170133740780 -3.6897434832515819
v -0.0241055395454168 -0.0140431495383382 -0.0376971885561943
vn -3.8336533231610423 -2.6119937405021196 -4.2272466997625839
v -0.0244998894631863 -0.0074844951741397 -0.0417864881455898
vn -4.2343517625187399 -2.4319663980328663 -3.9412649417322907
v -0.0256198607385159 -0.0057899951934814 -0.0417310483753681
vn -2.1259923554093891 -5.9023650855333027 0.0404621649535284
v -0.0107473703101277 -0.0296097900718451 -0.0171249508857727
vn -2.4822222375399869 -5.7709794116599413 0.0932979992510305
v -0.0113031798973680 -0.0293706599622965 -0.0171249508857727
vn -2.2647677226473029 -5.8535762427068265 0.0749624589802719
v -0.0113363796845078 -0.0294384900480509 -0.0201614405959845
vn -3.1124515093552709 -5.4464361243072004 -0.1367362908870788
v -0.0155116897076368 -0.0274537801742554 -0.0238879900425673
vn -2.7015396574389983 -5.6618637117046697 -0.1227520623786086
v -0.0134593797847629 -0.0285281501710415 -0.0238800607621670
vn -3.5055642483276546 -5.1837770010427091 -0.4358558227733644
v -0.0174104496836662 -0.0261619593948126 -0.0260475799441338
vn -3.4823501119959301 -5.1389713017239522 -0.8591166970428095
v -0.0172802805900574 -0.0259699802845716 -0.0284816008061171
vn -3.8526975688894787 -4.8695056271035817 -0.8539524738655223
v -0.0191316008567810 -0.0246124807745218 -0.0284747406840324
vn -3.6962237834861291 -4.6706762554288304 -1.9505443203335107
v -0.0187934599816799 -0.0238326694816351 -0.0323244892060757
vn -4.0433795622306583 -4.4045416607947292 -1.8827511281622713
v -0.0205208603292704 -0.0223701503127813 -0.0322947502136230
vn -3.5658462729308020 -4.5137844219098575 -2.4818894326890062
v -0.0186525508761406 -0.0233600698411465 -0.0335459709167480
vn -3.7392744072442361 -4.0962094180025819 -2.9149517873738260
v -0.0202114507555962 -0.0213301703333855 -0.0346652790904045
vn -3.1838827205935676 -4.0642247362898694 -3.5512047146709125
v -0.0183366499841213 -0.0220167003571987 -0.0358031913638115
vn -2.9627048979862853 -3.8137749009138369 -3.9972023757575776
v -0.0181644503027201 -0.0211361590772867 -0.0368554517626762
vn -3.0537132875467541 -3.4322943852601600 -4.2632588546726398
v -0.0196699500083923 -0.0187689606100321 -0.0378365516662598
vn -2.7039568700501291 -3.1616979896051909 -4.6933473426613199
v -0.0192740503698587 -0.0163377504795790 -0.0398622713983059
vn -3.0393229454342503 -3.0785201498805237 -4.5401988360616414
v -0.0208490397781134 -0.0149537902325392 -0.0398203693330288
vn -3.1094523771648670 -2.8427607570260345 -4.6585140362824475
v -0.0223945900797844 -0.0041217198595405 -0.0454115793108940
vn -2.0724925815136928 -3.3667362883810878 -4.8816054903167228
v -0.0191361904144287 0.0041255950927734 -0.0524556599557400
vn -2.1657910272316774 -3.0880324302424609 -5.0239151476347521
v -0.0188224893063307 -0.0030621290206909 -0.0479743406176567
vn -2.4069267557101708 -2.9552649787646619 -4.9933460343123865
v -0.0195825602859259 -0.0066692819818854 -0.0454710684716702
vn -2.1002361340900788 -2.9782558880707666 -5.1168287522542251
v -0.0180459599941969 -0.0077873459085822 -0.0454978905618191
vn -2.2823258459421853 -4.0265047786023818 -4.2285546875694617
v -0.0145125901326537 -0.0234971605241299 -0.0369264408946037
vn -2.4800270613611546 -4.3426080859114427 -3.7749932934086674
v -0.0146595798432827 -0.0244284793734550 -0.0358734689652920
vn -2.8327612015983625 -4.2144363171361228 -3.6709670428323591
v -0.0165401604026556 -0.0232901498675346 -0.0358400903642178
vn -3.2041642357864637 -4.7306491034040343 -2.5673612254849738
v -0.0168348494917154 -0.0246752500534058 -0.0335780903697014
vn -3.4216102366747978 -5.0459921266060253 -1.4365492924570129
v -0.0170850697904825 -0.0255298595875502 -0.0310757700353861
vn -3.0925679030952953 -5.3811972099511065 -0.8621339703040847
v -0.0153341796249151 -0.0271866898983717 -0.0284877996891737
vn -2.2750316824549506 -5.8466057705173835 -0.1101709730688984
v -0.0113324504345655 -0.0294479709118605 -0.0238731503486633
vn -2.2768649656587208 -5.8307751921441184 -0.4020328248591802
v -0.0112888803705573 -0.0293784700334072 -0.0260368492454290
vn -1.8368843384038860 -5.9990113855215377 -0.1005774298738280
v -0.0091425767168403 -0.0302078705281019 -0.0238673593848944
vn -4.2114713317118442 -4.6532664654830498 0.0190881238604950
v -0.0211426597088575 -0.0233894493430853 -0.0202066805213690
vn -4.4357835544828159 -4.4493266256182764 0.0562839638559164
v -0.0211091600358486 -0.0233607795089483 -0.0171249508857727
vn -4.5604578497516783 -4.3049546667355845 -0.1996792487148737
v -0.0227601490914822 -0.0217468701303005 -0.0239289905875921
vn -4.8576841890467817 -3.9424369677370463 -0.4750800986042962
v -0.0241889897733927 -0.0199419800192118 -0.0260674897581339
vn -5.1327295523062704 -3.5767523875603051 -0.4812558484447065
v -0.0255749803036451 -0.0180984698235989 -0.0260733906179667
vn -5.1038388912021970 -3.5537730402049270 -0.8070352659199218
v -0.0254039708524942 -0.0179378893226385 -0.0284419599920511
vn -5.3521523723198854 -3.1740954604975409 -0.7877315380155407
v -0.0266476795077324 -0.0160038396716118 -0.0284325405955315
vn -5.2649357048291172 -2.6586101347212532 -2.1294879407835237
v -0.0270246807485819 -0.0125056495890021 -0.0344312712550163
vn -5.6072622190938981 -2.3254450963211655 -1.5669584431457184
v -0.0281508509069681 -0.0109275495633483 -0.0332496687769890
vn -5.1294646438610130 -2.6110451640189236 -2.4875217755204004
v -0.0268433596938848 -0.0119123402982950 -0.0355174504220486
vn -5.3759393537924511 -2.2501659443537458 -2.3109333783372348
v -0.0278036501258612 -0.0098924040794373 -0.0354607701301575
vn -4.8694466895726967 -2.1865225552337120 -3.2885431202726325
v -0.0270185992121696 -0.0064727659337223 -0.0395670495927334
vn -4.6396385227047778 -2.1999419017341761 -3.6053049266581301
v -0.0266032796353102 -0.0040094251744449 -0.0416730605065823
vn -4.3699569656646444 -2.3702013897017085 -3.8350580732783768
v -0.0257834699004889 0.0004336969868746 -0.0453089401125908
vn -5.9405590877508159 -2.0456383850379951 0.0091418650706802
v -0.0298383794724941 -0.0099404454231262 -0.0171249508857727
vn -6.1316574603542815 -1.3710249502060876 0.0306404851074492
v -0.0304948594421148 -0.0077270260080695 -0.0171249508857727
vn -6.0186978661559332 -1.7627607768657159 -0.0313645076691012
v -0.0302791502326727 -0.0086823701858521 -0.0171249508857727
vn -5.9547156579598983 -1.9495720569784845 -0.3160563923447972
v -0.0297873597592115 -0.0099324584007263 -0.0240118503570557
vn -5.7966799032754563 -2.3891673320583129 -0.2638429670500178
v -0.0289881806820631 -0.0120959803462029 -0.0239967703819275
vn -6.2339130860034846 0.7833468902149232 0.0439458697559027
v -0.0312249008566141 0.0037394759710878 -0.0171249508857727
vn -5.3416368133660512 -3.3072013859295817 0.0517897521898463
v -0.0269415900111198 -0.0162235405296087 -0.0171249508857727
vn -5.5155910396181973 -2.9920279121119124 0.0463848566423510
v -0.0276998803019524 -0.0149987898766994 -0.0171249508857727
vn -5.8063112603916469 -2.3174379672256951 -0.5073496546704761
v -0.0288763605058193 -0.0120348902419209 -0.0260924603790045
vn -5.7687401130504652 -2.3552137517607088 -0.7234520052142375
v -0.0286982599645853 -0.0118886800482869 -0.0284125804901123
vn -5.9255086070076306 -1.9463704227375120 -0.6654742760288657
v -0.0294944606721401 -0.0097293248400092 -0.0284019708633423
vn -4.9373698168466973 -3.8851210817087507 0.0614399316520761
v -0.0242769699543715 -0.0199970006942749 -0.0171249508857727
vn -5.1400115389919625 -3.5916442694153226 -0.2300027665753924
v -0.0256750509142876 -0.0181635003536940 -0.0239542704075575
vn -5.3802247704609281 -3.1925084285605925 -0.4849942011366865
v -0.0268222596496344 -0.0161588694900274 -0.0260794702917337
vn -5.5985322228860932 -2.7926051174028870 -0.4863908732350851
v -0.0279244706034660 -0.0141339795663953 -0.0260858498513699
vn -5.7050601710719029 -2.3507317934547118 -1.1126938882897432
v -0.0284527502954006 -0.0115625802427530 -0.0308622699230909
vn -6.1093120582240603 1.4504088902770591 -0.0004987863046205
v -0.0307771507650614 0.0067095160484314 -0.0171249508857727
vn -6.0572665559816352 1.6446030516117809 -0.0894679826008823
v -0.0303824506700039 0.0082500567659736 -0.0204293709248304
vn -5.8214899522033381 2.3638965882973881 0.0161351306528010
v -0.0296870991587639 0.0104864798486233 -0.0171249508857727
vn -5.8147359308509214 2.3802486749923868 0.0208110555560383
v -0.0288106705993414 0.0126270595937967 -0.0171249508857727
vn -5.7587617811310805 2.4974110065832917 -0.0729534166284279
v -0.0288511496037245 0.0126063795760274 -0.0204597692936659
vn -5.4949078085247098 3.0469668075072351 0.0055955411056420
v -0.0267069898545742 0.0166888795793056 -0.0171249508857727
vn -5.3289597674030675 3.3181687229185037 -0.0597982139627515
v -0.0266991797834635 0.0166939403861761 -0.0204885601997375
vn -5.3113897501636131 3.3377567531633066 0.0075587407449782
v -0.0266426801681519 0.0168052893131971 -0.0171249508857727
vn -4.8974001944775658 3.9226825728369334 0.0201108305859633
v -0.0245150905102491 0.0197801496833563 -0.0171249508857727
vn -4.6796277711237231 4.1927208226902533 0.0097694793592331
v -0.0239293500781059 0.0204352699220181 -0.0171249508857727
vn -4.8076825050860696 4.0361196588959967 -0.1490040392292770
v -0.0236659608781338 0.0205731894820929 -0.0282544400542974
vn -4.1350504457303829 4.7237168306540136 0.1883734285237413
v -0.0199629608541727 0.0243279896676540 -0.0324128791689873
vn -3.8371761961281878 4.9721069365191877 0.0905682459562622
v -0.0184847693890333 0.0254857502877712 -0.0302981697022915
vn -1.7431494027996683 6.0298223090210357 0.2083309136368434
v -0.0085108866915107 0.0304520707577467 -0.0282037798315287
vn -2.1873390655668246 5.8841950191497219 0.1785391293790663
v -0.0106875803321600 0.0297346692532301 -0.0282076001167297
vn -2.6022782727836775 5.7146078130578273 0.0549310673172807
v -0.0129559598863125 0.0287341400980949 -0.0242848899215460
vn -2.6189093957174099 5.7061607524096782 0.1437685468459259
v -0.0128052802756429 0.0288571696728468 -0.0282122399657965
vn -3.7984019065410268 4.9995829114884547 -0.0243561939798966
v -0.0189062897115946 0.0251813493669033 -0.0242583695799112
vn -3.8110752479025862 4.9907680636606981 -0.0076136994420503
v -0.0186925493180752 0.0253198705613613 -0.0282306596636772
vn -4.1559978091834360 4.7059211163349657 -0.0531767608326789
v -0.0206955596804619 0.0237166807055473 -0.0242477599531412
vn -4.5012531412236703 4.3768407673039498 -0.1015098676592061
v -0.0221253596246243 0.0222763996571302 -0.0282459799200296
vn -5.0831035949186996 3.6812920537351155 -0.1403633382200780
v -0.0253486000001431 0.0185964703559875 -0.0242110397666693
vn -5.0881503089785998 3.6738196518384960 -0.1947005586459365
v -0.0250786505639553 0.0187614504247904 -0.0282634403556585
vn -4.1488775013878136 4.7121065236850868 -0.0003622675181886
v -0.0207248907536268 0.0237175803631544 -0.0205391608178616
vn -4.4907645362021800 4.3867156646876468 -0.0824896590269895
v -0.0223715901374817 0.0221248809248209 -0.0242362599819899
vn -4.7744844028805744 4.0764733057660862 -0.0306471995030693
v -0.0239712502807379 0.0204246602952480 -0.0205151997506618
vn -4.8002831729539039 4.0445662510159757 -0.1117132608769271
v -0.0239250604063272 0.0204149391502142 -0.0242239795625210
vn -5.0720393831656416 3.6996926714845420 -0.0436396366853917
v -0.0254039708524942 0.0186091605573893 -0.0205021500587463
vn -5.5513371910314762 2.9304335346746089 -0.0636635687528626
v -0.0278501491993666 0.0146893803030252 -0.0204744897782803
vn -5.0613324215954574 3.7179197594184585 0.0094548785687441
v -0.0245297495275736 0.0193560700863600 -0.0325343608856201
vn -4.7314736665020138 4.1183661910592511 0.3064392019338044
v -0.0227764807641506 0.0216232500970364 -0.0345777794718742
vn -4.4338931276221105 4.4342246116514126 0.3536503089323064
v -0.0212599001824856 0.0232387706637383 -0.0345306918025017
vn -3.9948932581571008 4.7972462002573959 0.6925150123334642
v -0.0192691609263420 0.0252765994518995 -0.0365443788468838
vn -3.4236868835563490 5.2444479251440761 0.4922883199717321
v -0.0160920601338148 0.0273552499711514 -0.0344082713127136
vn -5.9240380613217045 2.0597731781882493 -0.2401146376757703
v -0.0296055600047112 0.0104439798742533 -0.0241540595889091
vn -5.5451379109602632 2.9447432580612776 -0.1327308123903835
v -0.0269388500601053 0.0155243799090385 -0.0326259694993496
vn -5.3175669751591030 3.3405468721008900 -0.0582778626784601
v -0.0258029606193304 0.0174858495593071 -0.0325792990624905
vn -5.0197394360204122 3.7661618327489923 0.2433941917718079
v -0.0241753999143839 0.0198983494192362 -0.0346274897456169
vn -4.2310664424596096 4.5358238100374013 0.9862943074830646
v -0.0204771701246500 0.0245926901698112 -0.0386444889008999
vn -4.0648125765953091 4.6199761690902923 1.2542420225326416
v -0.0200604703277349 0.0255108401179314 -0.0407180711627007
vn -3.6893488503896270 4.9154272354026523 1.2964445303353465
v -0.0184771995991468 0.0267754700034857 -0.0406731888651848
vn -6.0508850068498452 1.6919907001594856 0.0233950296017263
v -0.0302294399589300 0.0086684823036194 -0.0171249508857727
vn -5.9261941589258900 2.0559277658448165 0.0133601241418139
v -0.0297944508492947 0.0102244000881910 -0.0171249508857727
vn -5.9200810333616198 2.0854025556470774 -0.0864472680678810
v -0.0296965800225735 0.0104560796171427 -0.0204447507858276
vn -5.7594414206117985 2.4858499022081197 -0.2180733833600035
v -0.0287681799381971 0.0125920698046684 -0.0241689607501030
vn -5.7574866395742941 2.4823960748373581 -0.3242218782840640
v -0.0284787993878126 0.0127745801582932 -0.0282927695661783
vn -5.5578201608630362 2.9114539372017929 -0.2588713576089395
v -0.0272443797439337 0.0151019599288702 -0.0304591599851847
vn -5.5640911733684559 2.8948925512258010 -0.2825121810809546
v -0.0274912696331739 0.0148515701293945 -0.0282825808972120
vn -5.3339032413436875 3.3081357420871962 -0.2001421941129485
v -0.0261096898466349 0.0170889403671026 -0.0304290000349283
vn -4.6499510275827678 4.1770053931333626 0.6100862228111877
v -0.0223889891058207 0.0222851000726223 -0.0366363488137722
vn -4.3552445441278396 4.4799651056759222 0.6403106964101020
v -0.0208809897303581 0.0238386895507574 -0.0365888401865959
vn -3.8609599982406100 4.8465101983390664 1.0269757763490610
v -0.0188795905560255 0.0259529892355204 -0.0386011600494385
vn -3.6408650924158499 5.0689402931390415 0.7090334881539111
v -0.0175624396651983 0.0265929605811834 -0.0365031883120537
vn -3.5101519125016956 5.1080608041389084 1.0190807454791122
v -0.0171927791088820 0.0271951500326395 -0.0385610982775688
vn -3.2844785395505536 5.3091424161189629 0.6900801191271516
v -0.0157701894640923 0.0277821999043226 -0.0364654585719109
vn -3.2576110406064989 5.2741370145650626 1.0180842183813432
v -0.0154260899871588 0.0283148791640997 -0.0385244414210320
vn -5.8079059879997574 2.3109845743068052 0.5502398505852776
v -0.0265199504792690 0.0193066000938416 -0.0483114682137966
vn -6.0585531797522654 1.6048150683372764 0.0857492685781535
v -0.0277726594358683 0.0151185896247625 -0.0449931584298611
vn -6.2015380333791841 0.8475696041736072 -0.4707028962214058
v -0.0292884707450867 0.0080978870391846 -0.0391330681741238
vn -6.2054365637407134 0.3230230067006239 -0.8834790382359481
v -0.0298553705215454 0.0044511551968753 -0.0371523387730122
vn -6.1562120524453992 -0.6165807954580711 -1.0423787023567652
v -0.0303987804800272 -0.0021210310515016 -0.0330399796366692
vn -6.2430063237008468 -0.6394969381766403 -0.0918143815861992
v -0.0313241407275200 -0.0031974909361452 -0.0203498005867004
vn -6.2345786646269019 -0.6288343544842496 -0.3200524514369034
v -0.0312165003269911 -0.0031797280535102 -0.0240593496710062
vn -6.2644778476171732 -0.1760739454388185 -0.3133647481238614
v -0.0313626490533352 -0.0008807330159470 -0.0240756794810295
vn -6.1362864279311120 1.2460273258502375 -0.4622225539074120
v -0.0296504404395819 0.0077529540285468 -0.0349664613604546
vn -6.0357876474252841 1.7054729814282603 -0.2975878430144823
v -0.0291211605072021 0.0099388360977173 -0.0349068008363247
vn -5.8741274200518028 2.2181292377122368 0.0800253762379505
v -0.0280565004795790 0.0130380904302001 -0.0369092784821987
vn -5.5166357365371583 2.8669211439645679 0.8498621453654752
v -0.0263846497982740 0.0176352802664042 -0.0409821793437004
vn -5.6172460628810139 2.7437079270985461 0.5928984058151514
v -0.0267984792590141 0.0162124000489712 -0.0388996005058289
vn -5.0383051145069944 3.5504359840443587 1.1576833091456400
v -0.0245368406176567 0.0219493508338928 -0.0448460504412651
vn -4.5039639878744877 4.1197347863322742 1.4718428284839788
v -0.0226289592683315 0.0254526697099209 -0.0484050512313843
vn -4.1485813540343921 4.4434729493351046 1.5739818675890269
v -0.0213456694036722 0.0267536602914333 -0.0484263785183430
vn -6.2569493865601649 0.4448112894064597 0.0276735237591905
v -0.0314243994653225 0.0021800389513373 -0.0171249508857727
vn -6.2698990074544572 0.2690075262548122 -0.0973182391449071
v -0.0314514003694057 0.0014165040338412 -0.0203821007162333
vn -6.2260191723476233 0.7306505140241736 -0.2918066027286754
v -0.0311547499150038 0.0037187929265201 -0.0241076909005642
vn -6.2317762744000635 0.7448222084159820 -0.0983870145592723
v -0.0312619805335999 0.0037182560190558 -0.0203980803489685
vn -6.1577234354255390 1.1798725700238877 -0.2771496879954654
v -0.0308017693459988 0.0059956312179565 -0.0241232495754957
vn -6.0451505701056023 1.6374347244319813 -0.4458834175769595
v -0.0297491494566202 0.0087091922760010 -0.0305556003004313
vn -5.9086059422298804 2.1040425636271887 -0.3056592501475110
v -0.0287714004516602 0.0113684497773647 -0.0327240787446499
vn -5.7427171664038994 2.5318605084828687 -0.2149134450708192
v -0.0279304906725883 0.0134817901998758 -0.0326742492616177
vn -5.2184636076102828 3.4618444138801325 0.4722832806717646
v -0.0250569507479668 0.0188580695539713 -0.0367391705513000
vn -4.8256316612499548 3.9095919890164774 0.9318869965052021
v -0.0233679991215467 0.0215376000851393 -0.0387395583093166
vn -4.3510304163858349 4.3462762049561912 1.2614922375955138
v -0.0215513706207275 0.0241361800581217 -0.0407658815383911
vn -3.3734682630764419 5.0907594154786207 1.4681375543624327
v -0.0176810603588820 0.0284630600363016 -0.0446904785931110
vn -2.7679710425726793 5.3716130973281118 1.7148879885656112
v -0.0153815699741244 0.0309295002371073 -0.0485004708170891
vn -5.6264253586065003 2.6636222435952779 0.7353736898621236
v -0.0264637991786003 0.0186794903129339 -0.0449181683361530
vn -6.0014703584388869 1.8380719004387429 0.1579623882627097
v -0.0283701997250319 0.0122624002397060 -0.0390150509774685
vn -6.1956147356675695 0.7787225242187543 -0.6467296466711587
v -0.0300127808004618 0.0055304160341620 -0.0350266583263874
vn -6.2112854943048132 0.3088959850184467 -0.8490529813415235
v -0.0302053596824408 0.0032842750661075 -0.0350880585610867
vn -6.2315573440289924 -0.1677802162220965 -0.7309164741988583
v -0.0308311507105827 -0.0003885120095219 -0.0306916795670986
vn -6.2170453876297405 -0.6240899067811806 -0.5786568269150287
v -0.0309202596545219 -0.0029831519350410 -0.0283689405769110
vn -6.1925252595547011 -0.6194393425907918 -0.8072713541064845
v -0.0306840501725674 -0.0026835200842470 -0.0307269599288702
vn -6.1719926274308605 -1.0787984764553016 -0.3240806198324732
v -0.0309042893350124 -0.0054625859484076 -0.0240432601422071
vn -6.1919501385911975 1.0424667125410174 -0.0004319239473901
v -0.0309605505317450 0.0058047771453857 -0.0171249508857727
vn -6.0508519386704398 1.6227936991517726 -0.4031877947454715
v -0.0299901906400919 0.0084312548860908 -0.0283137504011393
vn -6.0568937241381047 1.6238862884540308 -0.2598607650406405
v -0.0302845798432827 0.0082412362098694 -0.0241387393325567
vn -5.9200225317540758 2.0575550159149567 -0.3643806648867001
v -0.0293130800127983 0.0106306597590446 -0.0283030793070793
vn -5.9145873057896630 2.0735820111184537 -0.3814769784915977
v -0.0290694795548916 0.0109009696170688 -0.0305227003991604
vn -5.7517490245406133 2.4991732870145942 -0.3192617357295835
v -0.0282329898327589 0.0130357695743442 -0.0304904505610466
vn -5.5179464775885698 2.9975103653188340 0.0776655612650782
v -0.0265864692628384 0.0161527898162603 -0.0347336493432522
vn -5.2826591473625655 3.3919860252915135 0.1676619420454380
v -0.0254480801522732 0.0180718805640936 -0.0346794687211514
vn -4.9455432250769507 3.8312576769383710 0.5513138766210595
v -0.0237839799374342 0.0206224899739027 -0.0366865918040276
vn -4.5214302132348800 4.2468632900120493 0.9808564309572975
v -0.0219765901565552 0.0231189709156752 -0.0386906787753105
vn -3.7512812467039058 4.8278990653971672 1.4311655495039286
v -0.0192367993295193 0.0273655001074076 -0.0447182618081570
vn -2.9913769702819475 5.3154412024637461 1.4978816745189187
v -0.0160539709031582 0.0294545795768499 -0.0446648485958576
vn -6.2048364224852595 0.3675058511336753 -0.8277096139399537
v -0.0291112605482340 0.0078665008768439 -0.0412868782877922
vn -6.1937668055283366 0.9056119985315174 -0.3808853999841438
v -0.0289088394492865 0.0099040260538459 -0.0412239991128445
vn -6.2086741543005530 0.3392543238754989 -0.8489893780275665
v -0.0294873695820570 0.0059688091278076 -0.0391937382519245
vn -6.1447924553678810 -0.1631180081765685 -1.2579400037056725
v -0.0295079909265041 0.0038278689607978 -0.0392573401331902
vn -6.1582189278801245 -0.1581373854512599 -1.1942387338626037
v -0.0298759900033474 0.0022422668989748 -0.0372170805931091
vn -6.1069307327764495 -0.6168122171109014 -1.2965914345733989
v -0.0300746504217386 -0.0012235640315339 -0.0352157913148403
vn -6.0539416004826574 -0.6254048965076231 -1.5205926883482332
v -0.0297218505293131 0.0000386081992474 -0.0372829996049404
vn -5.6558252833312306 2.7143153777305691 0.0189437586347655
v -0.0284093599766493 0.0136072002351284 -0.0171249508857727
vn -5.3382239725192075 3.2986289152002928 -0.1679508128179722
v -0.0266343895345926 0.0166794005781412 -0.0241975691169500
vn -5.5638998489129756 2.8995919993033312 -0.1939440910005921
v -0.0277760606259108 0.0146742397919297 -0.0241835694760084
vn -5.3407573017676189 3.2925549550798778 -0.2392884666665177
v -0.0263559799641371 0.0168507602065802 -0.0282728597521782
vn -5.0807970744774158 3.6879046191120048 -0.1425422594007670
v -0.0248349905014038 0.0189861003309488 -0.0303998496383429
vn -4.7781408591661068 4.0749164219336311 0.0712421931394100
v -0.0231266003102064 0.0211256705224514 -0.0324915014207363
vn -4.8000773053226018 4.0482404975583615 -0.0861558050650190
v -0.0234271790832281 0.0207834802567959 -0.0303720794618130
vn -4.4778884063011377 4.4018818974310916 0.1272643900185986
v -0.0216015502810478 0.0227857790887356 -0.0324509702622890
vn -4.0829974198116918 4.7550055248775775 0.4126732322769450
v -0.0196341797709465 0.0247370600700378 -0.0344865918159485
vn -3.7869594848280754 5.0058147589830559 0.2223189586103247
v -0.0182196404784918 0.0257444903254509 -0.0323776006698608
vn -3.7280270619723135 5.0350789039379142 0.4479889071429132
v -0.0179085694253445 0.0261113606393337 -0.0344456993043423
vn -3.4022191468582150 5.2733819180534134 0.2526891455732425
v -0.0163810793310404 0.0270282607525587 -0.0323451682925224
vn -3.3268344953068234 5.1752310787500724 1.2641121096813710
v -0.0168106500059366 0.0279265604913235 -0.0406316481530666
vn -2.4718912331910010 5.4096768443538927 2.0152353633807216
v -0.0148435803130269 0.0324775502085686 -0.0521924383938313
vn -3.1171297609718023 5.1943755005996008 1.6601372019158731
v -0.0169739704579115 0.0300396606326103 -0.0484838411211967
vn -0.2171738331785242 -3.1320359502102768 -5.4415940878332227
v -0.0033358929213136 -0.0015342229744419 -0.0517432615160942
vn -0.0434904516211055 -3.0592382393196860 -5.4867959457348627
v 0.0000000000000000 -0.0028477311134338 -0.0510611496865749
vn 0.0035062595405174 -3.2210419938346440 -5.3924809082936287
v 0.0000000000000000 0.0012124769855291 -0.0534863397479057
vn -1.5106483560229020 -3.3381780439391369 -5.0922587341915238
v -0.0121496897190809 -0.0206607505679131 -0.0399969816207886
vn -1.5640691335373096 -3.0527837559243336 -5.2597872821119029
v -0.0137008996680379 -0.0164395496249199 -0.0420888587832451
vn -1.1056876337721995 -2.9711857859204267 -5.4237335229228414
v -0.0112541895359755 -0.0111964903771877 -0.0455840788781643
vn -0.9211612324787924 -3.0116366296507788 -5.4359791594252078
v -0.0107149397954345 -0.0071232910268009 -0.0479024611413479
vn -3.1163409896812295 -5.4480160986710198 0.0621982129805706
v -0.0155229503288865 -0.0274558607488871 -0.0201765801757574
vn -3.8782070933680592 -4.9105558381356147 -0.4472494939259055
v -0.0192731004208326 -0.0247982703149319 -0.0260519906878471
vn -4.2013407138736367 -4.5746922569905548 -0.8464988838872083
v -0.0208785496652126 -0.0231219492852688 -0.0284673497080803
vn -4.5271712940375055 -4.2557930706618814 -0.8364469370002189
v -0.0225119497627020 -0.0215066596865654 -0.0284594800323248
vn -4.4620290453692757 -4.1965272680804597 -1.3262659965186971
v -0.0222793798893690 -0.0211128499358892 -0.0310073401778936
vn -4.6790726543899437 -3.8007769135087841 -1.7256218778475492
v -0.0236395001411438 -0.0190804004669189 -0.0322287604212761
vn -4.5605035919940464 -3.7148236343357106 -2.1662272866916830
v -0.0234815403819084 -0.0186567902565002 -0.0334329605102539
vn -4.0767303802265573 -3.8614102855548369 -2.7817668890821601
v -0.0218182802200317 -0.0197803899645805 -0.0346238613128662
vn -4.4010616193086811 -3.6006600309982009 -2.6357874926003575
v -0.0233111903071404 -0.0181145593523979 -0.0345794484019279
vn -3.8738171479002421 -3.6921690167974544 -3.2618017709564375
v -0.0216404702514410 -0.0190889798104763 -0.0357194505631924
vn -4.2084217624136180 -3.4662064466744509 -3.0918952303379639
v -0.0231296997517347 -0.0174481794238091 -0.0356730781495571
vn -3.6522629305490524 -3.5132793271529783 -3.6901654509621631
v -0.0214532595127821 -0.0182652398943901 -0.0367709882557392
vn -3.9958093465471936 -3.3231055179554261 -3.5060035297096492
v -0.0229385402053595 -0.0166538897901773 -0.0367239713668823
vn -3.3991069578080104 -3.3072838408843821 -4.0971766385989072
v -0.0212579891085625 -0.0173057895153761 -0.0377931483089924
vn -3.7535106984889071 -2.8343617246344071 -4.1463642335074002
v -0.0236866399645805 -0.0118545796722174 -0.0397273786365986
vn -3.9293127365548468 -2.5830114352729923 -4.1622384673885655
v -0.0247809793800116 -0.0011761779896915 -0.0453447587788105
vn -4.1092040286655234 -2.5883963443506679 -3.9769494810952049
v -0.0250524803996086 0.0035306210629642 -0.0480792485177517
vn -1.7861484426075687 -6.0221075930467407 0.1124473222074588
v -0.0091108083724976 -0.0300984904170036 -0.0171249508857727
vn -1.8241639906502041 -6.0054136081191443 0.0825371143032506
v -0.0091443061828613 -0.0301933791488409 -0.0201555397361517
vn -1.8258438801634522 -6.0111480713154446 0.0561679971281360
v -0.0097214570268989 -0.0299161598086357 -0.0171249508857727
vn -2.7029144439414012 -5.6453077300342871 -0.4127403535899556
v -0.0134073402732611 -0.0284586492925882 -0.0260399505496025
vn -3.1130671101907930 -5.4292712909840146 -0.4241803778380315
v -0.0154516603797674 -0.0273842792958021 -0.0260435901582241
vn -3.7888061094521515 -4.7875100001958772 -1.4046401132846120
v -0.0189211908727884 -0.0241873804479837 -0.0310548506677151
vn -3.3315284539803169 -4.9119609397022383 -2.0109491017171299
v -0.0169661603868008 -0.0251632891595364 -0.0323516689240932
vn -3.3909693748010556 -4.3057227238043021 -3.0347148989804862
v -0.0184998493641615 -0.0227566901594400 -0.0347037911415100
vn -3.0334876642740327 -4.4909404448543286 -3.1412798716905774
v -0.0166924502700567 -0.0240528509020805 -0.0347390696406364
vn -2.6207325297949304 -3.9296742485159242 -4.1219084416280589
v -0.0163792893290520 -0.0223832707852125 -0.0368927717208862
vn -2.3863753871422921 -3.6168206454542533 -4.5288796547045855
v -0.0162111502140760 -0.0213287398219109 -0.0379135608673096
vn -2.7157346274846197 -3.5344488864277532 -4.4063341373894405
v -0.0179846808314323 -0.0201118495315313 -0.0378767810761929
vn -2.3843038627758633 -3.2255294398013299 -4.8221091977944850
v -0.0176074504852295 -0.0176045801490545 -0.0399010702967644
vn -2.4117288019527283 -2.9760552798411748 -4.9746441869544071
v -0.0188637897372246 -0.0132684698328376 -0.0419787690043449
vn -2.7343613056328779 -2.9236129659060603 -4.8363656398565533
v -0.0204256698489189 -0.0119817797094584 -0.0419353805482388
vn -2.7427427923844983 -2.9126857780078410 -4.8425663076317775
v -0.0210358500480652 -0.0054466719739139 -0.0454422794282436
vn -2.4934437858521150 -3.0668979023798761 -4.8826023310827713
v -0.0202648006379604 -0.0019447800004855 -0.0479928813874722
vn -2.8585507672331354 -3.0191453819674923 -4.7086890892549516
v -0.0216223001480103 -0.0007250339840539 -0.0480126701295376
vn -1.0879417849780504 -3.2547667723704850 -5.2614286234793353
v -0.0131298797205091 0.0008062340202741 -0.0520608983933926
vn -0.2373385731551481 -3.5434025339213631 -5.1819453866599101
v -0.0031796090770513 0.0038759699091315 -0.0551241002976894
vn 0.0419909646145198 -3.6021843934097455 -5.1450175242377805
v 0.0000000000000000 0.0037079451140016 -0.0551260709762573
vn 0.0071265312259870 -3.6140644957257653 -5.1374492142503527
v 0.0000000000000000 0.0058565130457282 -0.0566375814378262
vn -0.2282814807383586 -3.7869434635749628 -5.0064186072384551
v -0.0031444430351257 0.0060141081921756 -0.0566589795053005
vn -0.2673903704278894 -4.0675725729317112 -4.7785619148552509
v -0.0031347270123661 0.0078229904174805 -0.0581068918108940
vn -0.2818548073905785 -4.3801853117976579 -4.4913877876535802
v -0.0031482570338994 0.0093364706262946 -0.0594790503382683
vn 0.0225728290508613 -4.4090556480362260 -4.4635765456947532
v 0.0000000000000000 0.0093238940462470 -0.0595515891909599
vn -1.7539421432102580 -3.7349091223128288 -4.7188551406449895
v -0.0124372802674770 -0.0233655497431755 -0.0379762612283230
vn -1.3146891960259204 -3.0623958242146929 -5.3222460239798650
v -0.0118509503081441 -0.0172581598162651 -0.0421183705329895
vn -0.4462845547663543 -3.1470677757125789 -5.4187327547726341
v -0.0066483020782471 -0.0010755059774965 -0.0518100783228874
vn -0.6733925697751483 -3.3982711110504020 -5.2407785254129697
v -0.0096604218706489 0.0025390980299562 -0.0537237487733364
vn -0.4154721299547532 -3.3564391522561547 -5.2943636404037280
v -0.0064643621444702 0.0018063179450110 -0.0535796806216240
vn -0.6513084021155990 -3.6004676650026441 -5.1066591532331627
v -0.0094794025644660 0.0050138230435550 -0.0554154515266418
vn -0.4036583942308483 -3.5654679676486216 -5.1565979598681082
v -0.0063381791114807 0.0043002357706428 -0.0552359782159328
vn -0.6618577300544880 -3.8344128472880534 -4.9315996323176758
v -0.0093734264373779 0.0071538682095706 -0.0570086799561977
vn -0.4148166029843872 -3.8064226486141850 -4.9800263503109488
v -0.0062652821652591 0.0064405789598823 -0.0567930899560452
vn -0.4484723968147576 -4.0802100970556339 -4.7545676149722631
v -0.0062413811683655 0.0082615008577704 -0.0582651384174824
vn -0.7803452915405863 -4.4007923537322018 -4.4124236695361745
v -0.0093619218096137 0.0105505501851439 -0.0599651895463467
vn -0.8937588191168657 -4.7245427163531630 -4.0388976932928617
v -0.0094441166147590 0.0118551803752780 -0.0613519512116909
vn -0.5900966118737835 -4.7248826659247944 -4.0937704054107931
v -0.0063226809725165 0.0110622001811862 -0.0610003396868706
vn -0.3686551194307748 -5.1091616170855145 -3.6289034696446527
v -0.0032353398855776 0.0115669900551438 -0.0620234608650208
vn -0.7083899256722013 -5.0869077102967521 -3.6105207225098939
v -0.0064191222190857 0.0120828701183200 -0.0622774884104729
vn -0.0454411353138461 -5.0179562905473158 -3.7577998434435096
v 0.0000000000000000 0.0112656904384494 -0.0617585703730583
vn -0.3203441356958081 -4.7133721186921225 -4.1366947816124116
v -0.0031825299374759 0.0105776702985168 -0.0607825517654419
vn -0.5053243113149065 -4.3871353579408714 -4.4657698515377326
v -0.0062619438394904 0.0097947707399726 -0.0596650801599026
vn -0.2171399261848538 -3.3277782506887661 -5.3241815265697525
v -0.0032426109537482 0.0013719790149480 -0.0534896813333035
vn -0.6061946682138126 -2.9842253353601236 -5.4945125056570427
v -0.0072069759480655 -0.0080597987398505 -0.0478840395808220
vn -0.6315871799669687 -3.0716871561394972 -5.4406973572131339
v -0.0060366978868842 -0.0189719703048468 -0.0421822592616081
vn -0.7327873197127368 -3.3829876539816128 -5.2327842370059789
v -0.0061984062194824 -0.0225336495786905 -0.0400585494935513
vn -1.1523672882618909 -3.8061358096125275 -4.8460239143210044
v -0.0084250560030341 -0.0248460695147514 -0.0380233488976955
vn -1.7729525323207231 -4.5397523824510682 -3.9372754374248680
v -0.0106864497065544 -0.0262796804308891 -0.0359289012849331
vn -2.2986694882233105 -4.7908201083383730 -3.3147007500167591
v -0.0128288799896836 -0.0262295007705688 -0.0347994491457939
vn -2.9701978167633207 -3.5831746913217835 -4.2177293829889848
v -0.0223689600825310 0.0124270897358656 -0.0570417009294033
vn -1.8714481137121233 -3.0910744060938393 -5.1392119480438563
v -0.0173078700900078 -0.0040766000747681 -0.0479573011398315
vn -1.4148787267795491 -3.3201661061643066 -5.1409617677015236
v -0.0162233691662550 0.0022730228956789 -0.0522404909133911
vn -1.3363862211208422 -3.6744058472150662 -4.9161194084990205
v -0.0156162902712822 0.0073881740681827 -0.0559672713279724
vn -1.0094180441934957 -4.1323896928836756 -4.6215482077846755
v -0.0124061703681946 0.0100174499675632 -0.0588686987757683
vn -1.4885865753540950 -4.4478625457203700 -4.1767130659476557
v -0.0154539896175265 0.0129813496023417 -0.0608995482325554
vn -1.6170616090041392 -4.7410009680258014 -3.7870863755436748
v -0.0155656896531582 0.0143659701570868 -0.0624485611915588
vn -1.2595544719707881 -5.3983953956836723 -2.9441762593672163
v -0.0097537627443671 0.0137656899169087 -0.0639789700508118
vn -1.7932000703423463 -3.9498394717581800 -4.5432416847833297
v -0.0183652602136135 0.0112079903483391 -0.0581319890916348
vn -1.8383857400935537 -4.2011750799231784 -4.2920134119495916
v -0.0183182898908854 0.0130648603662848 -0.0598579607903957
vn -2.3090466669326437 -4.4473733605371688 -3.7849024525849764
v -0.0197441503405571 0.0156837701797485 -0.0619196817278862
vn -1.9369712254554532 -4.4706569328427026 -3.9627517467907896
v -0.0183611493557692 0.0146946897730231 -0.0615459606051445
vn -2.6707939917476287 -4.9162979927291275 -2.8474230669387728
v -0.0200769901275635 0.0183254405856133 -0.0653660818934441
vn -2.5843223803294380 -4.1550765636233509 -3.9375070754321952
v -0.0210027601569891 0.0151320602744818 -0.0605176612734795
vn -3.1350421413443756 -4.3058778213309372 -3.3274102898740816
v -0.0222855806350708 0.0179303791373968 -0.0627766773104668
vn -2.6857374742387532 -4.4047173666156132 -3.5808699371541621
v -0.0210588499903679 0.0167630892246962 -0.0623294711112976
vn -2.3418303512821801 -5.2261131493698585 -2.5671822578223233
v -0.0174839403480291 0.0173707008361816 -0.0659523010253906
vn -2.6152710082786128 -5.1636152787043166 -2.4271423482074401
v -0.0189402606338263 0.0183233004063368 -0.0664911791682243
vn -3.3308994325481036 -4.9102912997342738 -2.0594157080606146
v -0.0216751601547003 0.0204535704106092 -0.0677332803606987
vn -2.9305526464555562 -5.0718619731243670 -2.2564370804044382
v -0.0203425791114569 0.0193513594567776 -0.0670839473605156
vn -2.4631733683873560 -4.6980539915278507 -3.3592537889894203
v -0.0198744498193264 0.0171056892722845 -0.0636476799845695
vn -2.8424755256771248 -4.6292717953786156 -3.1494102777947028
v -0.0211957599967718 0.0181888900697231 -0.0641297101974487
vn -2.2083238819868303 -4.1869087865523920 -4.1280540194774717
v -0.0196952801197767 0.0140513703227043 -0.0601728484034538
vn -1.7768472282860079 -3.6926457002916777 -4.7602620789634713
v -0.0185112897306681 0.0091093769297004 -0.0563421808183193
vn -1.3465680789805270 -3.9118326214228696 -4.7266807601013712
v -0.0154707999899983 0.0095090856775641 -0.0576752983033657
vn -1.3934052105557311 -4.1672730278326906 -4.4882370578795703
v -0.0154194803908467 0.0113669596612453 -0.0593121014535427
vn -2.0932387251175539 -4.7402827299720469 -3.5465464025649789
v -0.0184851791709661 0.0161078497767448 -0.0632081627845764
vn -1.7996279965958299 -5.0394903347413553 -3.2821435392975173
v -0.0157463494688272 0.0155329704284668 -0.0639674589037895
vn -2.6435367680216091 -5.3683130000120229 -1.8923576986715873
v -0.0177885796874762 0.0181675497442484 -0.0675097703933716
vn -2.3962874147392101 -5.4461060847750797 -1.9947033776778900
v -0.0162809398025274 0.0172634702175856 -0.0669478699564934
vn -2.9420470509719654 -5.4014790813120559 -1.2672079238191352
v -0.0181379895657301 0.0187904797494411 -0.0690671801567078
vn -2.9474078470222884 -5.4935898201482321 -0.7532370345464900
v -0.0169903598725796 0.0183138791471720 -0.0698875710368156
vn -2.4584376442096021 -5.5994807839353964 -1.4263312122545797
v -0.0150602404028177 0.0169944707304239 -0.0678422972559929
vn -2.1618228362403751 -5.7105576791892911 -1.4623877071670011
v -0.0134710604324937 0.0162064991891384 -0.0673210024833679
vn -1.9744068495928704 -5.8891352966577077 -0.9299534507385121
v -0.0104893995448947 0.0151910698041320 -0.0676340982317924
vn -1.7859286842287221 -5.8245055599225743 -1.5178751032811015
v -0.0102161699905992 0.0148656899109483 -0.0664533898234367
vn -1.4708123189618914 -5.9146553024756461 -1.5127628653165737
v -0.0085573792457581 0.0143196498975158 -0.0661067888140678
vn -1.5242925220014198 -5.6727690243072395 -2.2071012317332648
v -0.0099689960479736 0.0144061995670199 -0.0652328729629517
vn -0.8549110621343712 -5.4420424833986880 -3.0077280269324973
v -0.0065468540415168 0.0128760896623135 -0.0635024905204773
vn -3.0293946929140620 -4.0788817492865501 -3.6921566095626774
v -0.0222212597727776 0.0163055006414652 -0.0608934685587883
vn -2.9846941877696000 -3.8383421091465770 -3.9765312659053706
v -0.0222459994256496 0.0144732501357794 -0.0589923784136772
vn -3.5097109129280595 -3.6971094313916986 -3.6688832712635358
v -0.0233425404876471 0.0157510004937649 -0.0593291483819485
vn -0.2438497252284085 -5.4931512172008441 -3.0235725416850854
v -0.0016675590304658 0.0121893798932433 -0.0631372928619385
vn -0.4850452256172931 -5.4706485063198738 -3.0368072178548355
v -0.0033041830174625 0.0123249804601073 -0.0632076784968376
vn -1.0589518832962757 -5.0702406034752947 -3.5480242045643866
v -0.0095767965540290 0.0129211498424411 -0.0626876875758171
vn -1.2280599455389347 -4.7282975447105606 -3.9458734042523567
v -0.0125342598184943 0.0129531603306532 -0.0618337914347649
vn -1.0974875309541958 -4.4225954831124747 -4.3222011200307406
v -0.0124356700107455 0.0116070499643683 -0.0603758618235588
vn -0.7045888555359632 -4.1016541221400162 -4.7047802718368459
v -0.0093362918123603 0.0089899301528931 -0.0585201904177666
vn -0.9626089134338921 -3.8717497734368327 -4.8521518307525939
v -0.0124534899368882 0.0081677427515388 -0.0573025904595852
vn -0.9683035100404734 -3.6505085210631618 -5.0199096441373925
v -0.0125847402960062 0.0060334200970829 -0.0556593500077724
vn -1.0215727341797116 -3.4581296712519842 -5.1438240328354965
v -0.0128077799454331 0.0035883178934455 -0.0539188906550407
vn -0.7354320955500713 -3.2048942377406155 -5.3527538735659874
v -0.0099226227030158 -0.0003011389926542 -0.0519168898463249
vn -1.1355392340348007 -3.0328343325361149 -5.3836559186065305
v -0.0124266697093844 -0.0065106740221381 -0.0479139611124992
vn -1.3736359403045830 -3.0511342711740439 -5.3175232175185867
v -0.0141011402010918 -0.0057997098192573 -0.0479269586503506
vn -1.3251720716225222 -2.9808963474023722 -5.3688870368762434
v -0.0130316000431776 -0.0105044804513454 -0.0455659590661526
vn -1.8284483970116643 -3.0369156872451764 -5.1828737516458991
v -0.0154922604560852 -0.0155002400279045 -0.0420557782053947
vn -3.5836297253566052 -3.4456417913766320 -3.8349580087999131
v -0.0234535895287991 0.0137276602908969 -0.0573135018348694
vn -2.8773010161589516 -3.3117451335167960 -4.4944131976748620
v -0.0217718407511711 0.0063827028498054 -0.0527074895799160
vn -2.4180783267153703 -3.3484982595258579 -4.7328023723247021
v -0.0204958897083998 0.0052027697674930 -0.0525769516825676
vn -2.5285856731641707 -3.6526785239341386 -4.4404035614220723
v -0.0211699604988098 0.0112217599526048 -0.0567894503474236
vn -4.9004965090354027 -3.9317241702275085 0.0182732644754616
v -0.0240982696413994 -0.0202223602682352 -0.0171249508857727
vn -4.5484326926808443 -4.3246333389466942 0.0062139747307419
v -0.0227989498525858 -0.0217717792838812 -0.0202183704823256
vn -4.8568604805721076 -3.9738059437836313 0.0117823694478861
v -0.0243313908576965 -0.0200372897088528 -0.0202308800071478
vn -4.8635669973825344 -3.9586605037109432 -0.2153294357454989
v -0.0242836400866508 -0.0200082007795572 -0.0239412691444159
vn -5.5719721636264197 -2.7782705480709557 -0.7655710693375787
v -0.0277475696057081 -0.0139838401228189 -0.0284227691590786
vn -5.5055207481705928 -2.7521412045927809 -1.1845824098729962
v -0.0275009796023369 -0.0136468997225165 -0.0308938603848219
vn -5.5087021185603060 -2.2851528879059981 -1.9400972882374703
v -0.0279821697622538 -0.0104631697759032 -0.0343773886561394
vn -5.7863551065241268 -1.9065887594790349 -1.4759452291954571
v -0.0289535503834486 -0.0087987184524536 -0.0331991910934448
vn -5.6257213108043622 -1.8812666570783505 -2.0197672778997977
v -0.0286126695573330 -0.0078015918843448 -0.0354018807411194
vn -5.1367935419481139 -2.2067542573473093 -2.8289123654097259
v -0.0274224802851677 -0.0084190955385566 -0.0375324413180351
vn -5.2183741791366636 -1.8748178354297331 -2.9267097703604712
v -0.0278446599841118 -0.0045152897946537 -0.0395087003707886
vn -5.0347252313003779 -1.9092129513464591 -3.2183399106152120
v -0.0274394694715738 -0.0021509518846869 -0.0416126810014248
vn -4.8125728824023675 -2.0871019910564508 -3.4479854841451987
v -0.0266413595527411 0.0021260969806463 -0.0452715717256069
vn -4.4633546811052494 -2.5439281621602259 -3.6078959644788049
v -0.0253602806478739 0.0079069733619690 -0.0507134683430195
vn -3.8945973890156322 -2.8239812451425728 -4.0321282780900516
v -0.0244607906788588 0.0063778748735785 -0.0506219789385796
vn -5.2526891083597071 -1.9434634229745680 -2.8434091208003442
v -0.0264094993472099 0.0103448601439595 -0.0508582517504692
vn -5.7181159948896498 -1.1404318944459642 -2.3085395503555146
v -0.0286318603903055 0.0017531509511173 -0.0414856597781181
vn -5.6101992971372212 -1.2814456147609763 -2.4978225431986871
v -0.0278745796531439 0.0057122111320496 -0.0451929494738579
vn -5.9075878509530195 -0.7664304630067561 -1.9603561442483108
v -0.0282275602221489 0.0075789690017700 -0.0451522395014763
vn -5.5247539002435202 -1.4725443480760434 -2.5842038493601978
v -0.0272054597735405 0.0085498690605164 -0.0481554791331291
vn -4.2241137082966267 -2.9572990460728183 -3.5767676111840556
v -0.0246047899127007 0.0129183502867818 -0.0554388687014580
vn -4.6334118251741696 -2.3123386752635358 -3.5492894341327608
v -0.0259319506585598 0.0051319589838386 -0.0481037385761738
vn -5.2349370642002961 -1.7253153086491324 -3.0002147592013690
v -0.0273424908518791 0.0038898580241948 -0.0452328883111477
vn -5.5336576911170496 -1.5118435241064683 -2.5324696946519776
v -0.0285138394683599 -0.0024934411048889 -0.0394482612609863
vn -5.4262909290775987 -1.8721088287735572 -2.5159003882124908
v -0.0282393600791693 -0.0063848490826786 -0.0374727807939053
vn -5.8747725968539788 -1.9345418744219964 -1.0381440903577184
v -0.0292511507868767 -0.0094123482704163 -0.0308296605944633
vn -6.0132840588506387 -1.5058812645982584 -0.9616755695827517
v -0.0298916604369879 -0.0072077508084476 -0.0307960491627455
vn -5.9604313527724857 -1.9620788905152711 -0.0513927600627428
v -0.0298796799033880 -0.0099633932113647 -0.0203021708875895
vn -6.0769955862443590 -1.5235765907304037 -0.3255905563452615
v -0.0304270908236504 -0.0077174301259220 -0.0240274593234062
vn -6.0846991294242709 -1.5327092952643957 -0.0621586716718293
v -0.0305259805172682 -0.0077449078671634 -0.0203177891671658
vn -6.1358016627256351 -0.3648724040132935 -1.2916230599204175
v -0.0272334795445204 0.0146645903587341 -0.0511160418391228
vn -6.1052498363378387 -0.2787413120999706 -1.4141189281698539
v -0.0277482792735100 0.0121545698493719 -0.0482100807130337
vn -5.8014604464378614 -1.0992993418250381 -2.1136104220819547
v -0.0290181003510952 -0.0004196990048513 -0.0393859706819057
vn -6.0081724239802448 -0.6459889571305220 -1.6837352147900566
v -0.0293505694717169 0.0016924729570746 -0.0393223688006401
vn -6.2056454519368280 0.3946165872028700 -0.8291618606017697
v -0.0277281906455755 0.0139798503369093 -0.0482369586825371
vn -6.1050997003047591 -0.1974825413963358 -1.4112523153880674
v -0.0283960700035095 0.0094723701477051 -0.0451106987893581
vn -5.9657284980269285 -0.6720134990775921 -1.8110323290270434
v -0.0289709493517876 0.0037726159207523 -0.0414198599755764
vn -2.8080145424113523 -5.6113780203691501 0.0730372590301390
v -0.0141070401296020 -0.0281645003706217 -0.0171249508857727
vn -3.5060015606485533 -5.2013403059477445 -0.1518646875152401
v -0.0174784008413553 -0.0262311603873968 -0.0238969903439283
vn -4.1360172937579796 -4.5039901024334021 -1.3679104193693390
v -0.0206556897610426 -0.0227124597877264 -0.0310319606214762
vn -4.3716094545351680 -4.1142128184184923 -1.8076839640553299
v -0.0221390705555677 -0.0207833591848612 -0.0322628617286682
vn -3.9136307941681490 -4.2720443066092981 -2.3865061974052511
v -0.0203722696751356 -0.0219136402010918 -0.0335109792649746
vn -4.2458537497505286 -4.0057694804416766 -2.2809529588390434
v -0.0219848696142435 -0.0203432999551296 -0.0334731899201870
vn -3.5313803636825072 -3.8910472650158057 -3.4147906342374856
v -0.0200398508459330 -0.0206140801310539 -0.0357628390192986
vn -3.3070153440037844 -3.6759414445125125 -3.8535955465248817
v -0.0198588892817497 -0.0197615008801222 -0.0368148609995842
vn -3.3898494697708936 -2.9712619745617816 -4.3591080838554479
v -0.0223230700939894 -0.0134574696421623 -0.0397753715515137
vn -3.0793143988054035 -2.8499945304061711 -4.6694090503056245
v -0.0218923594802618 -0.0105859003961086 -0.0418886505067348
vn -3.4464213903084744 -2.7487037684993494 -4.4683436423224974
v -0.0232538506388664 -0.0090851783752441 -0.0418390594422817
vn -3.5064996977444189 -2.7363190147860244 -4.4341722446972982
v -0.0236470606178045 -0.0026967520825565 -0.0453790985047817
vn -3.2653703396020770 -2.9172217262524307 -4.5033073957661580
v -0.0228822808712721 0.0005965380114503 -0.0480336509644985
vn -3.6594545148183308 -2.7670105081195464 -4.2869690193689065
v -0.0240308009088039 0.0020167820621282 -0.0480558797717094
vn -3.4201893639940923 -3.0187481794668134 -4.3073527158704756
v -0.0234211608767509 0.0049394359812140 -0.0505351983010769
vn -3.3258213404510797 -3.2342492114504440 -4.2329913148559424
v -0.0229472499340773 0.0076639652252197 -0.0528472587466240
vn -3.7878688984131359 -3.0496182153595845 -3.9741641164139176
v -0.0240032598376274 0.0090425014495850 -0.0529962703585625
vn -4.2959000867474675 -2.7610949956787847 -3.6507376787826584
v -0.0249210000038147 0.0105130597949028 -0.0531539916992188
vn -5.9904839849080247 1.8247098927549068 0.4843237161050195
v -0.0265780594199896 0.0199051406234503 -0.0514029785990715
vn -5.9624433661058980 1.9378076329653373 0.3935675966238580
v -0.0268255993723869 0.0187493506819010 -0.0498638711869717
vn -5.7896018796885480 2.3191629136580678 0.7266196771675671
v -0.0262314602732658 0.0204468891024590 -0.0499216914176941
vn -5.6822851923508768 2.5140952013260542 0.9078793818811255
v -0.0259778406471014 0.0215722899883986 -0.0514937601983547
vn -6.0119820228285512 1.7969116995806129 0.2230322196700592
v -0.0271070003509521 0.0175760891288519 -0.0482869707047939
vn -6.1262825868433950 1.3855560793383530 -0.0833686137481770
v -0.0273329000920057 0.0166902504861355 -0.0482746884226799
vn -6.1899070194606249 0.9886386993085008 -0.3598768892765559
v -0.0275122504681349 0.0157938506454229 -0.0482623502612114
vn -6.1743660039994648 1.0036526758625919 -0.3784898667371152
v -0.0281659904867411 0.0132607799023390 -0.0450310707092285
vn -6.1927366694635930 0.4038358768997090 -0.8763376280477976
v -0.0283755604177713 0.0113728595897555 -0.0450699888169765
vn -6.1297104463521608 -0.1645663994821033 -1.3109978660786901
v -0.0291318800300360 0.0058165779337287 -0.0413525700569153
vn -4.6278416891321781 3.8968463595970766 1.6771488624371964
v -0.0232184492051601 0.0260990802198648 -0.0517584607005119
vn -5.2007691274740679 3.3270425687042877 1.1330714818543730
v -0.0248530507087708 0.0225559398531914 -0.0483597517013550
vn -5.9540694218244958 1.9424754471621755 0.3548760041247813
v -0.0279755499213934 0.0138809597119689 -0.0411017499864101
vn -5.8699690998589951 2.1526879593086421 0.4314768720470750
v -0.0272017698734999 0.0169293805956841 -0.0449555516242981
vn -6.1056117578278473 1.4345540429260115 0.0162139126486966
v -0.0285287406295538 0.0119137698784471 -0.0411626584827900
vn -6.1294197273723308 1.3503291850099239 -0.1328933358989397
v -0.0289147403091192 0.0102004995569587 -0.0390738807618618
vn -6.1965863430196704 0.8086301905176283 -0.5964108622932536
v -0.0296597406268120 0.0066488981246948 -0.0370901785790920
vn -6.1818253061205972 -0.1583499558608455 -1.0669891072828399
v -0.0302259903401136 0.0010278819827363 -0.0351514816284180
vn -6.2087763777216916 -0.1626907696631145 -0.8997324088624583
v -0.0305476691573858 0.0001600069954293 -0.0329851508140564
vn -6.1518426982557619 -1.0718752868693016 -0.6093775795547194
v -0.0306085906922817 -0.0052647590637207 -0.0283801499754190
vn -3.8770769216452443 4.5544575156769582 1.9133583852533267
v -0.0207481905817986 0.0286368709057570 -0.0519195683300495
vn -4.8569481701505222 3.7497007337059753 1.3280374072281851
v -0.0238030496984720 0.0240518990904093 -0.0483828708529472
vn -5.3448509379148579 3.1291719627411356 0.9750090096094541
v -0.0255712792277336 0.0203563496470451 -0.0448815785348415
vn -5.7538761608966693 2.4203010005664072 0.6312785008730896
v -0.0272575598210096 0.0157922506332397 -0.0410413704812527
vn -5.8279516556366868 2.3030959752404212 0.3988698157615542
v -0.0276619698852301 0.0142704797908664 -0.0389567017555237
vn -6.0254119593538178 1.7629524120109887 -0.1119913084502284
v -0.0287556592375040 0.0109555702656507 -0.0369690582156181
vn -6.1348824152529433 1.2909513490760971 -0.3380538947903786
v -0.0292920991778374 0.0088215470314026 -0.0370293818414211
vn -6.1997686337043705 0.7561293016931455 -0.6347578275152593
v -0.0303370896726847 0.0047222371213138 -0.0328781604766846
vn -6.2232898707533471 0.2962349774686996 -0.7633179168082096
v -0.0305271707475185 0.0024458160623908 -0.0329309701919556
vn -6.2363368212527321 0.2866856096083323 -0.6559391078582462
v -0.0308106504380703 0.0019110440043733 -0.0306567493826151
vn -6.2494853906871537 -0.1731967094687931 -0.5463241443253033
v -0.0310663506388664 -0.0006847599870525 -0.0283575598150492
vn -6.2660551474563384 -0.2971052995951077 0.0199111753592666
v -0.0314652882516384 -0.0014762280043215 -0.0171249508857727
vn -6.2735210287713574 -0.1599266626024088 -0.0978237249679202
v -0.0314721390604973 -0.0008927630260587 -0.0203659497201443
vn -6.2491152285326752 0.2795744342589287 -0.5122917422171012
v -0.0310458503663540 0.0016180869424716 -0.0283463504165411
vn -6.2616237694530001 0.2779708293540101 -0.3039402677296076
v -0.0313420817255974 0.0014227030333132 -0.0240917801856995
vn -6.2067287822317168 0.7408242368462409 -0.5831611828306248
v -0.0306224804371595 0.0042020669206977 -0.0306225996464491
vn -6.1386250140671761 1.2133340201097493 -0.5152235476628031
v -0.0299792792648077 0.0069765439257026 -0.0328263007104397
vn -6.0410270053478108 1.6640163640323378 -0.4053684843954447
v -0.0294559504836798 0.0091960430145264 -0.0327748581767082
vn -5.8973751337285059 2.1518748009485713 -0.1536541425257152
v -0.0284299794584513 0.0120754800736904 -0.0348476693034172
vn -5.3765287166181039 3.1585974809498358 0.7433634554961422
v -0.0257885996252298 0.0180765893310308 -0.0388441607356071
vn -5.2518095123233390 3.2821626195990561 1.0159206304321380
v -0.0253669004887342 0.0193987395614386 -0.0409248396754265
vn -4.7168054406426956 3.9289837202998044 1.2907238877814731
v -0.0233734808862209 0.0234516803175211 -0.0448119603097439
vn -4.9667738765919385 3.6659476833726066 1.1350340899226381
v -0.0242148600518703 0.0210747700184584 -0.0408695898950100
vn -3.7957328150957212 4.7258747309913538 1.6426760698134912
v -0.0199670698493719 0.0279520694166422 -0.0484467707574368
vn -3.5161472832059779 4.8143020256744453 1.9754136573308849
v -0.0193725805729628 0.0297502800822258 -0.0519945584237576
vn -2.8620953078330760 5.1063895898240279 2.2713740995714753
v -0.0174787007272243 0.0324890613555908 -0.0554857812821865
vn -3.6080562275234502 4.6410427762222453 2.2080214106891227
v -0.0202959701418877 0.0305013600736856 -0.0552370510995388
vn -4.2491906121866680 4.2508191059391010 1.8169083756797262
v -0.0220353007316589 0.0274193808436394 -0.0518406592309475
vn -4.3891885353961824 4.0224046623230105 1.9908079388066877
v -0.0227770805358887 0.0280952993780375 -0.0549616813659668
vn -5.0064059417605460 3.4838421300435192 1.4828174349801215
v -0.0242812596261501 0.0246802493929863 -0.0516728684306145
vn -5.2016990578011981 3.1485498555721465 1.5484912623163201
v -0.0247869398444891 0.0252860691398382 -0.0546628795564175
vn -5.5390641395402405 2.6696850591023131 1.2663950459434539
v -0.0255698505789042 0.0237462501972914 -0.0545075498521328
vn -5.8638071540704733 2.1389991433223203 0.7039834635840263
v -0.0263003706932068 0.0207468792796135 -0.0514482818543911
vn -6.0987464337926314 1.4863095253152245 0.2171170623883467
v -0.0268092695623636 0.0190494004637003 -0.0513577982783318
vn -6.0593507360696428 1.5757071661538375 0.5003510391756069
v -0.0264155808836222 0.0212998893111944 -0.0542750917375088
vn -6.1784931744346547 1.1294572346334972 -0.0586653729067936
v -0.0269929692149162 0.0181823894381523 -0.0513121411204338
vn -6.2250929054748516 0.7628797444721380 -0.3450377157981706
v -0.0271281506866217 0.0173074007034302 -0.0512656494975090
vn -6.2074553073962067 0.0141974143864977 -0.9571147991741913
v -0.0272491499781609 0.0155455395579338 -0.0511679016053677
vn -6.1630633822820577 -0.4306944794858633 -1.1290244067033643
v -0.0268459897488356 0.0170437600463629 -0.0538572594523430
vn -6.0275622484916553 -0.7234367531784640 -1.6106026882255278
v -0.0271669607609510 0.0137864900752902 -0.0510630607604980
vn -5.8734987759175450 -1.0715298697714712 -1.9512404921889697
v -0.0270503703504801 0.0129127502441406 -0.0510106608271599
vn -5.6992272042651919 -1.3825452693895603 -2.2488676379302293
v -0.0268846694380045 0.0120458602905273 -0.0509593412280083
vn -5.6925122078953176 -1.5546309604780419 -2.1530390999437663
v -0.0264855008572340 0.0145102702081203 -0.0535822510719299
vn -5.4743982556581052 -1.6867835594795670 -2.5771643243851510
v -0.0266707502305508 0.0111891003325582 -0.0509084984660149
vn -5.7148316081218251 -2.0044856732338783 -1.6654420875603562
v -0.0259639602154493 0.0208222791552544 -0.0606918893754482
vn -5.4182731757262905 -2.4180433640469858 -2.0615824604811213
v -0.0257279798388481 0.0200551692396402 -0.0604816600680351
vn -5.1571503393632145 -2.9122919453515261 -2.0914150020596907
v -0.0254532601684332 0.0210563503205776 -0.0624502785503864
vn -6.0989990968795986 -1.0062014459167321 -1.1097923552807627
v -0.0263420902192593 0.0204984508454800 -0.0587489008903503
vn -6.2434825306274195 0.5690531604008400 0.3566554666263507
v -0.0263381600379944 0.0247382503002882 -0.0617631599307060
vn -6.2594313314843557 0.4949073492752826 0.1039272233712411
v -0.0263987705111504 0.0229185800999403 -0.0592591688036919
vn -6.1583522525700189 1.0340624321349956 0.6618394753214942
v -0.0262499991804361 0.0255392696708441 -0.0619523487985134
vn -6.0840777196094074 1.3725913945166672 0.7339124225029681
v -0.0261702500283718 0.0245496593415737 -0.0595566593110561
vn -5.7738372160701257 -2.0811680418992182 -1.3346470653104410
v -0.0259841606020927 0.0225474797189236 -0.0629574581980705
vn -5.4800538933344782 -2.5347385710809860 -1.7310846454459057
v -0.0257442500442266 0.0217969994992018 -0.0627012774348259
vn -5.5572253632951725 -2.5996788899673318 -1.3457904151639577
v -0.0258425399661064 0.0233437996357679 -0.0649352595210075
vn -4.8225221704123076 -3.2198079180787240 -2.4135111669054448
v -0.0251136999577284 0.0203270893543959 -0.0622064396739006
vn -5.3490925724317382 -2.2665829193237683 -2.3875317877973670
v -0.0258030798286200 0.0181200504302979 -0.0582372508943081
vn -5.0951177677535773 -2.7640102457178699 -2.4200134887176570
v -0.0254414603114128 0.0192991402000189 -0.0602755509316921
vn -4.6741631594585575 -2.9078385975671859 -3.0226851669046213
v -0.0251926705241203 0.0165877901017666 -0.0579123385250568
vn -4.7610115702941798 -3.0515979177470811 -2.7345414134518586
v -0.0251066591590643 0.0185557603836060 -0.0600751601159573
vn -4.4571914302244640 -3.2708177193729755 -2.9826723323680899
v -0.0247265603393316 0.0178273897618055 -0.0598800703883171
vn -4.9151621977836175 -3.3503609211429164 -2.0154023433640487
v -0.0252043604850769 0.0219019595533609 -0.0643435716629028
vn -4.1873060518685596 -4.0352783586888501 -2.3743193231623794
v -0.0244527999311686 0.0212342701852322 -0.0648124814033508
vn -2.7112744389852419 5.0971447066205409 2.4752507432249011
v -0.0171663705259562 0.0341928005218506 -0.0587410889565945
vn -3.2437187940257619 4.8793137865443672 2.2610852432202004
v -0.0189219694584608 0.0315467715263367 -0.0553652010858059
vn -3.0067375232722440 4.9400444753405308 2.4473877239647672
v -0.0186049900949001 0.0333021804690361 -0.0585719905793667
vn -3.3719907054554810 4.7194064229671593 2.4041442432427287
v -0.0199784003198147 0.0323086902499199 -0.0583924017846584
vn -3.9914238671055617 4.3580063413965178 2.1208671852167349
v -0.0215863492339849 0.0293506905436516 -0.0551023408770561
vn -3.7613898755089212 4.4537911692006347 2.3294958249625206
v -0.0212717000395060 0.0312090497463942 -0.0582033917307854
vn -4.7963365716791078 3.6231616642260072 1.8049763355240027
v -0.0238499604165554 0.0267388802021742 -0.0548150502145290
vn -4.5968496778210408 3.7494994816658758 2.0457177328635310
v -0.0235488992184401 0.0286957602947950 -0.0577991604804993
vn -5.0311503430268241 3.2825416853993321 1.8062804613517265
v -0.0244944598525763 0.0272897407412529 -0.0575845800340176
vn -5.7679242203770933 2.2768895320381195 0.9988801804248399
v -0.0258978009223938 0.0229474902153015 -0.0544296503067017
vn -5.6623387315094948 2.4009145065741411 1.2719336868706064
v -0.0256177708506584 0.0250166002660990 -0.0572559796273708
vn -5.8463789943654421 2.0475523627948116 1.0345267888386016
v -0.0259038805961609 0.0242203399538994 -0.0571472607553005
vn -5.9268003821101622 1.9348929057385018 0.7607563579737424
v -0.0261802598834038 0.0221312008798122 -0.0543522797524929
vn -6.1607289774267020 1.2022441342135992 0.2196988139169104
v -0.0266025606542826 0.0204570796340704 -0.0541971884667873
vn -6.0035672039229855 1.6743416059016651 0.7730135215408906
v -0.0261421706527472 0.0234083496034145 -0.0570389591157436
vn -6.1282357488297237 1.2840161694631038 0.4891614364158203
v -0.0263315998017788 0.0225847903639078 -0.0569295808672905
vn -6.2272307491934829 0.8130567076414430 -0.0834397386769511
v -0.0267401896417141 0.0196064691990614 -0.0541173815727234
vn -6.2537976559000334 0.4083808307040618 -0.4101531075241170
v -0.0268271490931511 0.0187518000602722 -0.0540347583591938
vn -6.2166070029395630 0.8740374363783937 0.1801265721953425
v -0.0264707803726196 0.0217538401484489 -0.0568172894418240
vn -6.2341625331575301 -0.0090895189683702 -0.7604117665311970
v -0.0268626809120178 0.0178964696824551 -0.0539481602609158
vn -6.2577681157201557 -0.0124430649664475 -0.5284135371690447
v -0.0265939794480801 0.0200873594731092 -0.0565767809748650
vn -6.0406175688822028 -0.8379787898694844 -1.5020272654522522
v -0.0267769601196051 0.0161945801228285 -0.0537641011178493
vn -5.8734366642127558 -1.2154290110461381 -1.8646432897215366
v -0.0266563799232244 0.0153493797406554 -0.0536719486117363
vn -6.0656702477521520 -0.9345113028326069 -1.3337207763510093
v -0.0265051703900099 0.0184354707598686 -0.0563119016587734
vn -5.4512904349936955 -1.8869196235598640 -2.4862477217189869
v -0.0262650791555643 0.0136815896257758 -0.0534932017326355
vn -5.1342396389485776 -2.1840953375557532 -2.8842837930620213
v -0.0259963795542717 0.0128656001761556 -0.0534055791795254
vn -5.0316021719488511 -2.5909488435075203 -2.7242981398753785
v -0.0255217496305704 0.0173470899462700 -0.0580726787447929
vn -4.5579507241090669 -2.8418821867256829 -3.2589991929630515
v -0.0253809597343206 0.0144237801432610 -0.0556749701499939
vn -4.4863152779394833 -3.4677374091673898 -2.7006422069075189
v -0.0247284695506096 0.0196115896105766 -0.0619692802429199
vn -4.0443686763926312 -3.4895431771363330 -3.3043330674378977
v -0.0243038497865200 0.0171158891171217 -0.0596905909478664
vn -4.0979770146615717 -3.7010526485207009 -2.9925282376259350
v -0.0243004504591227 0.0189118906855583 -0.0617391392588615
vn -4.1201938104609743 -3.8937419504443223 -2.7037894569822840
v -0.0243825893849134 0.0205090008676052 -0.0637853667140007
vn -3.8134687332504686 -4.3036398094743387 -2.5187992994297770
v -0.0235524699091911 0.0205974504351616 -0.0652278587222099
vn -6.1730461657726847 -1.0303067658453311 -0.5170411710472327
v -0.0263043008744717 0.0240661501884460 -0.0634837672114372
vn -6.2633741271350027 -0.4265860559921969 -0.0979693284790346
v -0.0263811908662319 0.0248258691281080 -0.0637558102607727
vn -6.2539951000875913 0.2539150345964179 0.4981212403200549
v -0.0265097599476576 0.0270456597208977 -0.0665121003985405
vn -6.1868944625753715 0.7636337384184412 0.7507567989014290
v -0.0264768004417419 0.0278062801808119 -0.0668053030967712
vn -5.9157748271248742 1.7399215003256159 1.1588611026361502
v -0.0262500606477261 0.0293539706617594 -0.0673395916819572
vn -2.8248080920483796 5.0139385795599836 2.5098461249450903
v -0.0184108596295118 0.0349819585680962 -0.0616791807115078
vn -3.0681545365590472 4.9077400245680440 2.4249381424886205
v -0.0197041593492031 0.0356249809265137 -0.0644741579890251
vn -3.9949757052201833 4.2443910745775453 2.3240242580724546
v -0.0222813393920660 0.0317971706390381 -0.0609483681619167
vn -3.8750741611838775 4.3579160948061633 2.3110989653012330
v -0.0222061797976494 0.0334509611129761 -0.0638566613197327
vn -4.3123394232427579 3.9879101292011443 2.1969838478862185
v -0.0232955794781446 0.0322083793580532 -0.0635258480906487
vn -5.5536925818993854 2.5254061170581967 1.4889622100166269
v -0.0254507604986429 0.0269351601600647 -0.0599779412150383
vn -5.8217315643287133 1.9727738396229086 1.2797931298918805
v -0.0259474497288465 0.0287289600819349 -0.0649225711822510
vn -5.5679855237714575 2.4570955055103809 1.5115637660631238
v -0.0257060509175062 0.0295021496713161 -0.0651310607790947
vn -5.1694730234956499 3.0650345129198078 1.7646987050485792
v -0.0250800792127848 0.0309942904859781 -0.0655535981059074
vn -4.2175243478467710 4.2120908359697342 1.9406091434965933
v -0.0234386902302504 0.0350412689149380 -0.0693499967455864
vn -3.8120715006292176 4.4736111386243094 2.1859225412790928
v -0.0222318693995476 0.0349398814141750 -0.0667972490191460
vn -3.3988302949123756 4.7748882230829786 2.2333644100100827
v -0.0210262499749660 0.0360590815544128 -0.0671792626380920
vn -2.6466138555906489 5.2205959991745949 2.2607917045161656
v -0.0183492805808783 0.0379820391535759 -0.0678888484835625
vn -2.2685561350225929 5.3997999987167935 2.2471623122026778
v -0.0169107895344496 0.0387905798852444 -0.0682130977511406
vn -1.7505019994260076 5.6026766648699589 2.2125659213960818
v -0.0139034902676940 0.0401255413889885 -0.0687887594103813
vn -1.3050133596503897 5.6611592175781933 2.3772586624521503
v -0.0107765700668097 0.0397673808038235 -0.0658977031707764
vn -1.3896616213485247 5.5974873547449331 2.4802686857605183
v -0.0108442902565002 0.0383137390017509 -0.0626029893755913
vn -0.2209717176198578 6.0563074052935901 1.6419650441433120
v -0.0013871779665351 0.0345186516642570 -0.0485738515853882
vn -0.6067784477057757 6.1075075424144378 1.3377228525934131
v -0.0033710000570863 0.0333967804908752 -0.0445549413561821
vn -0.3065289251832941 6.1936107542956913 0.9992546077526374
v -0.0015444150194526 0.0327568016946316 -0.0404472909867764
vn -0.7833348095553677 6.1925668395456750 0.6974746957416009
v -0.0037501449696720 0.0320096611976624 -0.0363261587917805
vn -0.3413886300576641 6.2327289215758501 0.6964653846920464
v -0.0016266700113192 0.0322008691728115 -0.0363195501267910
vn -0.8255554782158508 6.2207085829667834 0.2498026332307507
v -0.0040289158932865 0.0313912592828274 -0.0281985905021429
vn -0.8116879416425560 6.2262177305513084 0.1154557932075279
v -0.0040771961212158 0.0312781892716885 -0.0243046805262566
vn -0.3592651551272936 6.2684074291225480 0.1225995559482813
v -0.0017691849498078 0.0314950905740261 -0.0243064705282450
vn -6.1373424793270708 -1.0402551134358875 -0.8309705165165949
v -0.0262781903147697 0.0223773699253798 -0.0611233711242676
vn -6.2481731346460672 -0.4828693615853472 -0.3939231797789092
v -0.0263534691184759 0.0231574699282646 -0.0613460503518581
vn -6.2716486135544702 0.1473136418362375 0.2696726334446313
v -0.0264011006802320 0.0255920793861151 -0.0640184804797173
vn -6.2791087445061287 0.0650393612669118 0.0079295887021430
v -0.0263726692646742 0.0239433608949184 -0.0615614615380764
vn -6.2176081933426834 0.6604142440096721 0.5765506938950886
v -0.0263672992587090 0.0263699796050787 -0.0642637610435486
vn -6.1198952307117640 1.1274613697899731 0.8387165818180918
v -0.0262794401496649 0.0271563492715359 -0.0644932910799980
vn -5.9882536082180451 1.5564481288342646 1.0689254839407831
v -0.0261390805244446 0.0279448591172695 -0.0647113919258118
vn -6.0345288061491242 1.4653730874002899 0.9319035443481766
v -0.0261093899607658 0.0263403598219156 -0.0621325895190239
vn -5.8774783126253096 1.8716118165367595 1.1747319017056577
v -0.0259177591651678 0.0271358396857977 -0.0623072907328606
vn -5.6456036640821621 2.3428317737409508 1.4167034788782593
v -0.0256764795631170 0.0279201790690422 -0.0624798499047756
vn -5.2337689852033202 2.9622081728455667 1.7592997475846477
v -0.0250509902834892 0.0294353906065226 -0.0628291890025139
vn -4.7007217757156106 3.6443383303613079 1.9726518618581301
v -0.0242789909243584 0.0324022695422173 -0.0659796521067619
vn -4.7692560342126527 3.5293989827810255 2.0234774713731638
v -0.0242505595088005 0.0308674499392509 -0.0631811022758484
vn -4.2457862680122522 4.1043742893656479 2.1045371625177820
v -0.0233227591961622 0.0337194800376892 -0.0663971900939941
vn -3.0081425271864424 5.0214363061064766 2.2562268381742161
v -0.0197262708097696 0.0370730683207512 -0.0675434991717339
vn -3.4598742130326023 4.6599107375542932 2.3832337996336319
v -0.0210022907704115 0.0345910713076591 -0.0641726776957512
vn -2.7058294462295294 5.1091978745269584 2.4432061417181257
v -0.0183291994035244 0.0365529581904411 -0.0647602602839470
vn -1.8018108941189424 5.5045069860682450 2.4149582300063184
v -0.0138896703720093 0.0387460514903069 -0.0655069872736931
vn -2.3294697546775827 5.2918757136469274 2.4394085374169014
v -0.0168927907943726 0.0373793803155422 -0.0650289580225945
vn -1.8835785128116420 5.4371051482272730 2.5073480115823972
v -0.0139673901721835 0.0372506901621819 -0.0622847601771355
vn -1.7003767858545440 5.6105170924867132 2.2486806180831200
v -0.0112441703677177 0.0352884493768215 -0.0558804795145988
vn -1.3097482613770179 5.8129810972029796 1.9816094748792201
v -0.0082285404205322 0.0347719714045525 -0.0523790717124939
vn -1.2943684282792596 5.9900817194955929 1.3791952944864168
v -0.0071505298838019 0.0328061506152153 -0.0445724688470364
vn -1.6522308973754347 6.0182904008484481 0.7052171138731481
v -0.0079335570335388 0.0311775803565979 -0.0363544784486294
vn -1.0975227545801731 6.0983694016739571 1.0283731653334225
v -0.0055642719380558 0.0323034487664700 -0.0404655896127224
vn -1.2212206706083957 6.1208845974454835 0.7005976479000642
v -0.0058557977899909 0.0316680595278740 -0.0363378487527370
vn -1.2788844284873673 6.1340179056953819 0.4273439412695018
v -0.0061087012290955 0.0312483906745911 -0.0322352014482021
vn -1.7254916296032352 6.0372786906424505 0.0952665311910464
v -0.0086122145876288 0.0303355995565653 -0.0242971703410149
vn -1.2882411348252787 6.1422408322136546 0.2323850361960352
v -0.0062873358838260 0.0310055594891310 -0.0282006803900003
vn -2.6853218977792137 -5.5945563371144305 -0.8635201024139638
v -0.0133040500804782 -0.0282558705657721 -0.0284932795912027
vn -2.6351413120658429 -5.4820349604839906 -1.4864410016251681
v -0.0131470495834947 -0.0277888700366020 -0.0311116501688957
vn -3.0364563066062251 -5.2778970105459013 -1.4638572421480336
v -0.0151568604633212 -0.0267325006425381 -0.0310947801917791
vn -2.9513820816315697 -5.1273853281171844 -2.0639157686341338
v -0.0150485597550869 -0.0263546705245972 -0.0323763415217400
vn -2.5575527779668281 -5.3160518484094412 -2.1093082868183988
v -0.0130508495494723 -0.0274009704589844 -0.0323982797563076
vn -2.4467228287560152 -5.0893542908851348 -2.7070686057614579
v -0.0129444496706128 -0.0268855597823858 -0.0336330495774746
vn -2.8305482207831640 -4.9226223888274099 -2.6423232853185117
v -0.0149287497624755 -0.0258523803204298 -0.0336071811616421
vn -2.1267347987202281 -4.4504368724073560 -3.8636332500357051
v -0.0127050802111626 -0.0254265591502190 -0.0359030887484550
vn -2.6689592205345471 -4.6522875586321035 -3.2346722743463201
v -0.0147987604141235 -0.0252122804522514 -0.0347710810601711
vn -1.9481556757618266 -4.1059854115517274 -4.3185355199079378
v -0.0125741902738810 -0.0244730692356825 -0.0369563587009907
vn -1.7884738592918592 -3.3108926544043551 -5.0191618159319109
v -0.0140360500663519 -0.0197696592658758 -0.0399685502052307
vn -2.0657306460191807 -3.6827760060098762 -4.6325125174588591
v -0.0143588697537780 -0.0224147997796535 -0.0379467606544495
vn -2.0793219746939551 -3.2742479280926848 -4.9297787488328213
v -0.0158584695309401 -0.0187499504536390 -0.0399365983903408
vn -2.1105478380025393 -3.0123977029114983 -5.0887988733821130
v -0.0172162596136332 -0.0144423795863986 -0.0420189388096333
vn -1.8195977661520197 -2.9874043040652731 -5.2181589113432265
v -0.0164358597248793 -0.0087996721267700 -0.0455227382481098
vn -1.7460115800226235 -3.3493018302528639 -5.0196102100255953
v -0.0177073404192924 0.0031496279407293 -0.0523435398936272
vn -2.1638433377499253 -3.9378883379246505 -4.3896679485241696
v -0.0197367593646049 0.0121991597115993 -0.0583943687379360
vn -2.5402201764036856 -3.9091505928739858 -4.2098442427886198
v -0.0210366807878017 0.0132880797609687 -0.0586808882653713
vn -4.5217317678071440 -4.3123397154065657 -0.6185102181663600
v -0.0245601497590542 0.0240797903388739 -0.0722759887576103
vn -4.2367136542165795 -4.6046146344001349 -0.5510170521833382
v -0.0236148796975613 0.0231723692268133 -0.0723227784037590
vn -4.1066345612672110 -4.6701700535475839 -0.8822544882957504
v -0.0234255697578192 0.0228482391685247 -0.0713402628898621
vn -4.4179213799770602 -4.3735970961510944 -0.8822866362401521
v -0.0243800804018974 0.0237170998007059 -0.0712437033653259
vn -4.0071453328134536 -4.7042480824953810 -1.1271900601892901
v -0.0232456903904676 0.0224846005439758 -0.0703659579157829
vn -4.1997902410206800 -4.4374592152864665 -1.4457984621946833
v -0.0240511801093817 0.0228601600974798 -0.0692090913653374
vn -3.7206101910963025 -4.7419353220543528 -1.7656248918030131
v -0.0229188706725836 0.0216253902763128 -0.0684412717819214
vn -4.0942012244552419 -4.4352165295103259 -1.7272589548144277
v -0.0239048600196838 0.0223641898483038 -0.0682044625282288
vn -3.9934689710500946 -4.4109951621685326 -2.0022580940889108
v -0.0237722899764776 0.0218221507966518 -0.0672069713473320
vn -3.6142945030902611 -4.7015600042163292 -2.0691028437957883
v -0.0227742698043585 0.0211279895156622 -0.0674886703491211
vn -3.3988035083291765 -4.5856958122116742 -2.6200812560605979
v -0.0225283503532410 0.0199932996183634 -0.0655972883105278
vn -3.3233768582648735 -4.4803498112921796 -2.8856840124652416
v -0.0224294606596231 0.0193545799702406 -0.0646560713648796
vn -3.7469188823744499 -4.2128531529442856 -2.7611504022095428
v -0.0234677698463202 0.0199135504662991 -0.0642439723014832
vn -3.6157474980739597 -4.1224531247173957 -3.0628488062271932
v -0.0234014894813299 0.0191809497773647 -0.0632624030113220
vn -3.5580755250661467 -3.9269868345250578 -3.3708183267273784
v -0.0233283601701260 0.0175671502947807 -0.0613008700311184
vn -4.1694494678810461 -3.2246501721848633 -3.4086586038603803
v -0.0244021993130445 0.0151185896247625 -0.0576040707528591
vn -4.7722240627840815 -2.4577432160232924 -3.2549411450314523
v -0.0256811901926994 0.0120642697438598 -0.0533198714256287
vn -4.9309243940349008 -2.2268367248625669 -3.1875813385523011
v -0.0261026006191969 0.0095153450965881 -0.0508090816438198
vn -5.1029427957386151 -1.9413643885200891 -3.0959316024780232
v -0.0266545992344618 0.0068094129674137 -0.0481292009353638
vn -5.4009428089453060 -1.5559714210530986 -2.7833000797328129
v -0.0281187798827887 -0.0002259739994770 -0.0415500886738300
vn -5.6818985068003993 -1.4903928179851373 -2.1905422842699780
v -0.0288992505520582 -0.0042887921445072 -0.0374111495912075
vn -5.8936569544077884 -1.0722767199732686 -1.8556085900424641
v -0.0293953996151686 -0.0021432039793581 -0.0373476706445217
vn -5.8248765352084071 -1.4886715979723759 -1.7753044409368051
v -0.0292644500732422 -0.0056515932083130 -0.0353412590920925
vn -5.9872170654159964 -1.0621075869481253 -1.5340701296978050
v -0.0297533795237541 -0.0034546249080449 -0.0352790914475918
vn -6.0660885520135555 -1.0627312838813694 -1.1894707110719449
v -0.0300818607211113 -0.0043832059018314 -0.0330940410494804
vn -5.9395529038381305 -1.4973106559685196 -1.3392639909436852
v -0.0295988898724318 -0.0066131940111518 -0.0331471487879753
vn -6.1195213237489536 -1.0665324592251850 -0.8845025636115458
v -0.0303703509271145 -0.0049607749097049 -0.0307617709040642
vn -6.0543975586033820 -1.5138411919039281 -0.6381344364294130
v -0.0301323495805264 -0.0075173969380558 -0.0283911805599928
vn -6.1789990587994348 -1.0942485318499622 -0.0803285638026232
v -0.0310083609074354 -0.0054855938069522 -0.0203336402773857
vn -6.2827516156120300 0.0702725636059555 0.0035708137346987
v -0.0314585492014885 -0.0008734349976294 -0.0171249508857727
vn -6.2827575157918005 0.0687912986887690 0.0057640051180642
v -0.0314487814903259 -0.0000005729310146 -0.0171249508857727
vn -6.2158357811654490 0.7312455377269929 -0.4769667061477564
v -0.0308587495237589 0.0039130439981818 -0.0283353906124830
vn -6.1496410364492684 1.1797688222507741 -0.4405682828343300
v -0.0305063705891371 0.0061881542205811 -0.0283244792371988
vn -6.1428010595073843 1.1921496259926536 -0.5129953820626680
v -0.0302680693566799 0.0064722290262580 -0.0305889807641506
vn -5.6861521647356055 2.6543588560240807 0.2398369202935434
v -0.0272017698734999 0.0150566603988409 -0.0368506908416748
vn -5.7237607335318001 2.5834106909055463 -0.0289341411863655
v -0.0275829993188381 0.0141506697982550 -0.0347898602485657
vn -5.4662327660285657 3.0694882816583759 0.3697465637976078
v -0.0261991005390882 0.0169997792690992 -0.0367939397692680
vn -5.1115741242540844 3.5469005202922763 0.8543568704743826
v -0.0246418695896864 0.0198543593287468 -0.0387907586991787
vn -4.3860202339725483 4.2686690726850802 1.3826843861701916
v -0.0220943596214056 0.0248575806617737 -0.0447790585458279
vn -4.6655921314296558 4.0201925424775702 1.2146347620031126
v -0.0229395590722561 0.0226559005677700 -0.0408164784312248
vn -4.0498364727488525 4.5728072178152477 1.4412286557628542
v -0.0207116603851318 0.0261629801243544 -0.0447477586567402
vn -3.4717289203729793 4.9685726807905528 1.6456978318455451
v -0.0185058694332838 0.0290474798530340 -0.0484659597277641
vn -2.8112635791781511 5.2305542585680485 2.0477663164682340
v -0.0164086800068617 0.0316687785089016 -0.0521314702928066
vn -3.1770550962801396 5.0271678531547943 2.0211886161358401
v -0.0179216805845499 0.0307604596018791 -0.0520653687417507
vn -2.2551644633628252 5.3875616332444842 2.3019481755866944
v -0.0144348703324795 0.0340753681957722 -0.0557018518447876
vn -2.4621676644338897 5.2091258129177778 2.4930376955531472
v -0.0169744398444891 0.0358348414301872 -0.0618968605995178
vn -3.1885916770598963 4.8057384724633971 2.4785529090972878
v -0.0197845604270697 0.0340266786515713 -0.0614475607872009
vn -3.5803257376407296 4.5518918020990764 2.4193097005509974
v -0.0210805498063564 0.0329651795327663 -0.0612037703394890
vn -4.1706669247433608 4.1348786680225578 2.2144539223455713
v -0.0224681403487921 0.0300036594271660 -0.0580055713653564
vn -4.4302575410852629 3.8695340005315533 2.1801749327775086
v -0.0233674608170986 0.0305263902992010 -0.0606813989579678
vn -4.8815266213906581 3.4085317364139032 1.9692824131927329
v -0.0243190508335829 0.0291568003594875 -0.0604033395648003
vn -5.4029165016709406 2.8018071044704760 1.5350026773583254
v -0.0252859499305487 0.0257943794131279 -0.0573655888438225
vn -5.2767173403742573 2.9266915461976555 1.7233727224550133
v -0.0251162592321634 0.0276963692158461 -0.0601196810603142
vn -5.7633987465634569 2.1544496427419473 1.2552379107062628
v -0.0257391892373562 0.0261547490954399 -0.0598374605178833
vn -5.9400281451327741 1.7731251075692680 1.0043247049251705
v -0.0259794499725103 0.0253579597920179 -0.0596978589892387
vn -6.1924956799462576 0.9488492183497478 0.4364003767935497
v -0.0263105593621731 0.0237348601222038 -0.0594112798571587
vn -6.2625978236009523 0.4413815237991596 -0.1584529697957620
v -0.0265586897730827 0.0209199693053961 -0.0567001700401306
vn -6.2741128102933175 0.0117252513423200 -0.2661432242377376
v -0.0264337603002787 0.0221057496964931 -0.0590976402163506
vn -6.1929505997745515 -0.4788083072697968 -0.9254644194261481
v -0.0265764500945807 0.0192593894898891 -0.0564462505280972
vn -6.2230629745871315 -0.4984708972669148 -0.6768454737254168
v -0.0264154598116875 0.0212996006011963 -0.0589261017739773
vn -5.9537160051820974 -1.1717440441041564 -1.6277124044838043
v -0.0263808891177177 0.0176149606704712 -0.0561794005334377
vn -5.9132579142401163 -1.4699516903451080 -1.5243771587706809
v -0.0262143593281507 0.0196997504681349 -0.0585741885006428
vn -5.6860688858927109 -1.8621666751675938 -1.9091035064857678
v -0.0260344706475735 0.0189049802720547 -0.0584051012992859
vn -5.9565539400025749 -1.5466060874675254 -1.2561907368192289
v -0.0261476002633572 0.0215986892580986 -0.0609039589762688
vn -6.0064812145300159 -1.5822588342141470 -0.9319918143940930
v -0.0261709596961737 0.0233065392822027 -0.0632159709930420
vn 6.2655171913456869 0.0433140222288348 -0.3606603453605310
v 0.0314807817339897 0.0172499995678663 -0.1047239974141121
vn 6.2762488016629456 0.1470648460998870 0.0495079127466165
v 0.0314486585557461 0.0197939798235893 -0.1035669967532158
vn 6.2793569964138847 0.0579559673106039 0.0481623845866936
v 0.0314999781548977 0.0172499995678663 -0.1036249026656151
vn -4.0339875526320492 -0.0100086775110658 -4.7982760040122159
v -0.0202477499842644 0.0172499995678663 -0.1277550011873245
vn -4.3606902212100493 -0.0134890272539834 -4.5235370079033457
v -0.0207906905561686 0.0172499995678663 -0.1272310018539429
vn -4.4769840990319612 0.1247635138069448 -4.3956475054356519
v -0.0224547907710075 0.0212882701307535 -0.1256670057773590
vn -4.3638749687785463 -0.0241514129350518 -4.5203771156624608
v -0.0224660597741604 0.0172499995678663 -0.1256130039691925
vn -1.7547158078170120 5.7930437717146015 1.6373139270671284
v -0.0141677800565958 0.0424173399806023 -0.0757548809051514
vn -1.2907416906010212 5.9964712032006133 1.3129062188267857
v -0.0112013798207045 0.0442919693887234 -0.0802308917045593
vn -0.5492472866085418 6.2154623302275676 0.6682953440377803
v -0.0048442478291690 0.0467424914240837 -0.0896610617637634
vn -0.5234012293584571 6.1788913686593698 0.9649211985260140
v -0.0047181239351630 0.0461804792284966 -0.0853220820426941
vn -0.1690563350910746 6.2618424234005019 0.3854810376048288
v -0.0013797869905829 0.0473430715501308 -0.0944649502635002
vn 0.2388110259844926 6.2594905229503217 0.3867312298396434
v 0.0022341010626405 0.0473198816180229 -0.0944156572222710
vn 0.0389256915160061 6.2782120557754695 0.0911542495958983
v 0.0004408190143295 0.0475385710597038 -0.0992772504687309
vn 0.2560182631963487 6.2732831526969219 0.0887256101677522
v 0.0023022289387882 0.0474937483668327 -0.0992062017321587
vn 0.5030158115687718 6.2550789509836520 -0.1999918369088841
v 0.0042845010757446 0.0473382398486137 -0.1040389984846115
vn 0.5433336040582216 6.2275980823197905 -0.5572024218250226
v 0.0044138431549072 0.0470379516482353 -0.1091969981789589
vn 1.4836595768813394 5.9719189014471885 -1.2384507460024849
v 0.0106177898123860 0.0451765581965446 -0.1154170036315918
vn 1.5735965259722946 5.8689315579758867 -1.5679435833269559
v 0.0107533903792500 0.0445838496088982 -0.1177980005741119
vn 2.4534649699310855 5.3287944253484634 -2.2149039560487558
v 0.0149276796728373 0.0422215983271599 -0.1204729974269867
vn 2.3079682472595238 5.5429740811439414 -1.8166062496402859
v 0.0147638898342848 0.0430660806596279 -0.1183679997920990
vn 2.9509125214806855 4.9137021688863642 -2.5364572411581108
v 0.0169558506458998 0.0407676585018635 -0.1213219985365868
vn 3.2847425233095322 4.7682723764862667 -2.4006189426716684
v 0.0187448803335428 0.0402497015893459 -0.1200779974460602
vn 3.4706190099336172 4.3750970393056159 -2.8373191979682928
v 0.0189176704734564 0.0391379483044147 -0.1218170002102852
vn 3.8005823844033406 4.2125018819393265 -2.6561768695623869
v 0.0206227805465460 0.0385902486741543 -0.1204150021076202
vn 4.7705533003029297 2.7272291605305981 -2.9966788471957440
v 0.0240550003945827 0.0347393713891506 -0.1199830025434494
vn 5.2070984396441879 1.3524363722953965 -3.2140053193040008
v 0.0257112905383110 0.0305468998849392 -0.1199790015816689
vn 5.4425633765029584 1.2664196187930217 -2.8402262695080740
v 0.0269396901130676 0.0300458595156670 -0.1180289015173912
vn 5.6836225443599995 0.1834614470933443 -2.6524552939393047
v 0.0283960700035095 0.0207171998918056 -0.1171249970793724
vn 5.4611127574974256 0.3612672666628559 -3.0722230299815223
v 0.0272542797029018 0.0231308899819851 -0.1191029995679855
vn 5.4451873313101622 0.1450938131417732 -3.1145723814630535
v 0.0273186508566141 0.0208610799163580 -0.1191909983754158
vn 5.2194340009352640 0.3671128198429293 -3.4660058476806750
v 0.0260275602340698 0.0233568493276834 -0.1210829988121986
vn 5.2235165086848312 0.1647047889877665 -3.4735614880811103
v 0.0260921698063612 0.0209982898086309 -0.1211730018258095
vn 4.6527514667620586 0.3716379305238405 -4.1950907527501196
v 0.0231564007699490 0.0237722899764776 -0.1247449964284897
vn 4.3305528252509751 0.3704254715745341 -4.5267562490313065
v 0.0215281806886196 0.0239593908190727 -0.1264069974422455
vn 4.3242033066643923 0.1489959996643614 -4.5454944325499316
v 0.0215891506522894 0.0213640891015530 -0.1264988929033279
vn 3.6170687752899933 0.3625569246898270 -5.1151177795521718
v 0.0179309807717800 0.0242880508303642 -0.1293479949235916
vn 3.6122611446695654 0.1335150213404494 -5.1298334165667665
v 0.0179855804890394 0.0215632896870375 -0.1294409930706024
vn 3.2277020787125750 0.3562783632185312 -5.3694075961182639
v 0.0159816704690456 0.0244283601641655 -0.1306120008230209
vn 3.2017647308489479 0.1282476806566931 -5.3957525916184697
v 0.0160318594425917 0.0216481592506170 -0.1307040005922318
vn 2.8181955909528478 0.1154461016814024 -5.6059084169122446
v 0.0139909898862243 0.0217227898538113 -0.1318189948797226
vn 2.3959672491094453 0.3418559483907083 -5.7893074180597974
v 0.0118349697440863 0.0246580801904202 -0.1326880007982254
vn 1.9581467824674272 0.3346034767041909 -5.9519309731174390
v 0.0096598258242011 0.0247465893626213 -0.1334899961948395
vn 1.9610249578998658 0.0991426020965943 -5.9604046663239467
v 0.0096924295648932 0.0218400899320841 -0.1335809975862503
vn 1.4817375162675015 0.0884145687231636 -6.0970934630760381
v 0.0074581499211490 0.0218822900205851 -0.1342190057039261
vn 1.0585196601550384 0.0862992709621147 -6.1848561991322706
v 0.0051832189783454 0.0219131708145142 -0.1346890032291412
vn 0.5624095370628005 0.0745742833536035 -6.2494898854032455
v 0.0028800358995795 0.0219326596707106 -0.1349889934062958
vn 0.1322805622211776 0.0788229803426996 -6.2733941693512403
v 0.0005611369851977 0.0219403505325317 -0.1351179927587509
vn -0.3698109160140937 0.0673320074871618 -6.2637834433794701
v -0.0017609000205994 0.0219362899661064 -0.1350740045309067
vn -0.8187384642290680 0.3137842002969987 -6.2127879509572939
v -0.0040611019358039 0.0248813591897488 -0.1347720026969910
vn -0.7980701073374563 0.0775056389093253 -6.2238323426989925
v -0.0040735001675785 0.0219205003231764 -0.1348579972982407
vn -1.2909784731930272 0.0673309951960715 -6.1401876654830261
v -0.0063639869913459 0.0218930803239346 -0.1344719976186752
vn -3.0260897419172066 0.3298140777909308 -5.4868151119170570
v -0.0150160696357489 0.0244715791195631 -0.1311890035867691
vn -3.0089445798888836 0.1032714783749603 -5.5062636584381739
v -0.0150595903396606 0.0216726604849100 -0.1312710046768188
vn -4.1617353834468442 0.3380984328280534 -4.6844533773188974
v -0.0207118894904852 0.0240195896476507 -0.1271899044513702
vn -4.1627113930241970 0.1274548213772429 -4.6945474603403197
v -0.0207654796540737 0.0213984791189432 -0.1272699981927872
vn -4.4952317731861493 0.3375889883702354 -4.3658869221300698
v -0.0223996005952358 0.0238380990922451 -0.1255878955125809
vn -4.8120852178219939 0.1302532986068028 -4.0264092329142036
v -0.0240216795355082 0.0211694799363613 -0.1239420026540756
vn 6.1512144549597059 0.9061635914152861 0.8806713342068403
v 0.0265946891158819 0.0291836801916361 -0.0692879483103752
vn 6.1844303258292506 0.8058367057471895 0.7353754593238474
v 0.0264231506735086 0.0279281698167324 -0.0667080804705620
vn 5.9240454132305373 1.7263189134433654 1.1602546403774108
v 0.0261916499584913 0.0294660907238722 -0.0672543570399284
vn 5.9984088514804164 1.4796888041935634 1.0859840218169992
v 0.0265058800578117 0.0299402400851250 -0.0696109533309937
vn 5.7152980647836698 2.2062095640326467 1.3414309675268294
v 0.0259991791099310 0.0302242599427700 -0.0675239488482475
vn 5.7480588695304622 2.1259526194472773 1.3427103191087641
v 0.0258961897343397 0.0288170501589775 -0.0648674890398979
vn 4.3772759383764583 3.9591039278125697 2.1413034373596775
v 0.0229822900146246 0.0294112507253885 -0.0578866004943848
vn 4.5868802657633472 3.8406636497822211 1.9075575714433319
v 0.0232927706092596 0.0274742804467678 -0.0548793599009514
vn 4.1802621016569761 4.2067721967368259 2.0660340899852727
v 0.0221561696380377 0.0287776496261358 -0.0550229512155056
vn 4.0533522472338452 4.4171269363491232 1.8723554580325095
v 0.0213660504668951 0.0280773602426052 -0.0518764816224575
vn 4.3192324947651919 4.2963834378904702 1.5267917868194203
v 0.0219649598002434 0.0261514708399773 -0.0484151802957058
vn 3.9637409968595265 4.5979717795738626 1.6113095329660065
v 0.0206300597637892 0.0273984596133232 -0.0484359785914421
vn 3.8368724532710266 4.7418137977794261 1.4888940805034470
v 0.0199461504817009 0.0268085505813360 -0.0447334609925747
vn 3.5217064961733384 5.0368738707800276 1.2897142393551926
v 0.0176097694784403 0.0273949503898621 -0.0406530387699604
vn 3.3683077665508989 5.2124592404861421 0.9701102339604413
v 0.0162720605731010 0.0277994796633720 -0.0385432802140713
vn 3.9522207601237866 4.8763409903478685 0.2048118190309451
v 0.0190574508160353 0.0250896792858839 -0.0323948785662651
vn 3.5992255097600743 5.1418230291687079 0.2265181445539201
v 0.0172627493739128 0.0264372806996107 -0.0323610901832581
vn 3.9857664706922260 4.8531920180259220 0.0485365853336307
v 0.0193302594125271 0.0248184800148010 -0.0303092505782843
vn 3.6213415050805149 5.1301968926704618 0.0402034214993881
v 0.0177175905555487 0.0260343495756388 -0.0282270908355713
vn 3.5954402623625739 5.1471070470559557 -0.0014975533765805
v 0.0179213806986809 0.0258991699665785 -0.0242634993046522
vn 3.6176112562961094 5.1244250245735694 0.0158776715365471
v 0.0182201806455851 0.0256958007812500 -0.0171249508857727
vn 3.9179007858848536 4.9118499152205644 0.0196524892881066
v 0.0193614903837442 0.0247825905680656 -0.0171249508857727
vn -0.4223390134338106 -6.2363777397402433 -0.6070275609016331
v -0.0018684860551730 0.0134337497875094 -0.0672987103462219
vn -0.7528639965076136 -6.2067328145162612 -0.5903267431467181
v -0.0036936399992555 0.0136075597256422 -0.0674222111701965
vn -1.1218625717022097 -6.1536723347134705 -0.5602050177404416
v -0.0054905409924686 0.0139061799272895 -0.0676394104957581
vn -1.4665695697404924 -6.0844949973275062 -0.5187993199929085
v -0.0072831511497498 0.0143108898773789 -0.0679363012313843
vn -1.9633375704212561 -5.9625877175844586 0.1246651951184616
v -0.0093120327219367 0.0149361398071051 -0.0693292617797852
vn -1.7962965976072516 -5.9992847178564679 -0.4728651811002652
v -0.0090471496805549 0.0148195596411824 -0.0683127567172050
vn -2.2971586201017984 -5.8408786470685197 0.1732870506687098
v -0.0110887801274657 0.0155665799975395 -0.0698449015617371
vn -2.1033558756758537 -5.9020143917631245 -0.4291862987825263
v -0.0107822995632887 0.0154243698343635 -0.0687665864825249
vn -2.3822884166743776 -5.8033436325209546 -0.3258700382130331
v -0.0124882403761148 0.0161178708076477 -0.0692960023880005
vn -2.8978385448807327 -5.5642375541156621 0.2592550266830754
v -0.0145338699221611 0.0170912705361843 -0.0711309909820557
vn -2.6651129421311559 -5.6765048307751167 -0.3424714209381519
v -0.0141602698713541 0.0168938599526882 -0.0699001476168633
vn -3.1760900328841437 -5.4129105928818912 -0.2418116272449176
v -0.0173895899206400 0.0186697803437710 -0.0713337585330009
vn -3.4187698070761252 -5.2679908889969029 -0.1408599262315981
v -0.0189361497759819 0.0196585003286600 -0.0721665024757385
vn -3.9360689890687626 -4.8757178877067409 0.4184934513890391
v -0.0208673402667046 0.0209951903671026 -0.0747203826904297
vn -3.6822109868497184 -5.0873242735755886 -0.1104160476845395
v -0.0204277001321316 0.0207068901509047 -0.0730794593691826
vn -4.1987081230344678 -4.6470620956156772 0.4716823662490042
v -0.0222956500947475 0.0221081897616386 -0.0758389830589294
vn -3.9540829186224844 -4.8806192622535898 -0.0230935161791040
v -0.0218521896749735 0.0218087993562222 -0.0740757510066032
vn -4.7752473015917873 -4.0348091035069586 0.6111370063680430
v -0.0248826704919338 0.0244456492364407 -0.0783557817339897
vn -4.2487007407871031 -4.6261175556439742 0.0797359159223813
v -0.0231960993260145 0.0229581501334906 -0.0751577615737915
vn -4.5712674605566841 -4.3036942493128763 0.2004186821001396
v -0.0244426708668470 0.0241465494036674 -0.0763271972537041
vn -4.7703728913507923 -4.0855590343416717 -0.0047747981232696
v -0.0251498799771070 0.0249437596648932 -0.0754331871867180
vn -4.6450894526735578 -4.2139555860431122 -0.3254190876876559
v -0.0247493907809258 0.0244024898856878 -0.0733184814453125
vn -5.0256723655596716 -3.7659448164063161 -0.1031789937198288
v -0.0257468800991774 0.0256707593798637 -0.0743860602378845
vn -5.2146491169392970 -3.4978032982282032 -0.1850230922820739
v -0.0259984694421291 0.0260030608624220 -0.0738067626953125
vn -4.9165060956864499 -3.8899345959275760 -0.3721215806554368
v -0.0255582891404629 0.0253538396209478 -0.0732801482081413
vn -5.1501322334191926 -3.5759762951941392 -0.3911499872215403
v -0.0258183404803276 0.0256502591073513 -0.0726813003420830
vn -4.7361579089448238 -4.0329227445467435 -0.8646546344391585
v -0.0252076908946037 0.0245959702879190 -0.0711051821708679
vn -4.6421296796334763 -4.0768411720734647 -1.1282024886941102
v -0.0250479504466057 0.0241506602615118 -0.0700350925326347
vn -4.9240714541349515 -3.7390223211521985 -1.1128358100845699
v -0.0253393594175577 0.0243266802281141 -0.0693798586726189
vn -4.6670108679675959 -3.7404012905912998 -1.9202740635342030
v -0.0249765496701002 0.0225912891328335 -0.0661675930023193
vn -4.2764717817128073 -4.0452097341973152 -2.1895224595707692
v -0.0245407801121473 0.0219115000218153 -0.0658437609672546
vn -4.5213683690167290 -3.6543508389990560 -2.3781251061577726
v -0.0248149000108242 0.0211982708424330 -0.0640602111816406
vn -5.2964599897240134 -3.0984400609739833 -1.3408924753370739
v -0.0257159397006035 0.0239868704229593 -0.0668449923396111
vn -5.2434645593133800 -3.0125276165584292 -1.6973757999770063
v -0.0255479793995619 0.0226179901510477 -0.0646350905299187
vn -5.8378404926236449 -2.1065494883546214 -0.9648081179345408
v -0.0260856691747904 0.0240780692547560 -0.0652418732643127
vn -6.0536830100190020 -1.5681673909779559 -0.5847439992139839
v -0.0262751504778862 0.0248198509216309 -0.0655511617660522
vn -6.1998826624753702 -0.9751547538331701 -0.1989708022033198
v -0.0264107491821051 0.0255602505058050 -0.0658717676997185
vn -6.2664302122612456 -0.3343678433791130 0.1811198214559401
v -0.0264891907572746 0.0262994691729546 -0.0661975666880608
vn -6.0450175218503226 1.3352759868286146 1.0497101152522861
v -0.0265711508691311 0.0298048797994852 -0.0697255730628967
vn -6.0823384555321063 1.2254192173253076 0.9630931769677354
v -0.0263897702097893 0.0285781007260084 -0.0670793578028679
vn -5.5726104925988533 2.4581205664623988 1.4553027986563478
v -0.0258182808756828 0.0308891497552395 -0.0678398609161377
vn -5.1308493220841678 3.1653410843100449 1.6962678162673364
v -0.0251937508583069 0.0323592983186245 -0.0683437511324883
vn -4.6516930825701523 3.8419519526345942 1.6918317601798658
v -0.0245853606611490 0.0348925516009331 -0.0718147680163383
vn -4.6663564965276683 3.7501196357725810 1.8504586351396519
v -0.0243938490748405 0.0337449908256531 -0.0688519999384880
vn -3.7898624017208649 4.6736957304027635 1.7636881350299922
v -0.0225441996008158 0.0373548790812492 -0.0729637667536736
vn -3.7894084825799386 4.5822165561328285 1.9901098726447886
v -0.0223481003195047 0.0362430810928345 -0.0698270723223686
vn -3.3844065552718106 4.9761430596913998 1.7652463101465297
v -0.0213384591042995 0.0384442806243896 -0.0734999701380730
vn -3.3793376686173064 4.8845018005498533 2.0134770103606461
v -0.0211420003324747 0.0373457595705986 -0.0702822804450989
vn -2.9899729960775940 5.1317059916821339 2.0182955343803295
v -0.0198403000831604 0.0383449718356133 -0.0707162618637085
vn -2.6292349296380984 5.3303588474739483 2.0096679369178139
v -0.0184605699032545 0.0392407700419426 -0.0711275935173035
vn -2.2494809682997330 5.6038491667453796 1.6954631364735580
v -0.0172047000378370 0.0411094985902309 -0.0749495029449463
vn -2.2486019144117768 5.5084494041012269 1.9865413785849884
v -0.0170181896537542 0.0400375686585903 -0.0715134665369987
vn -1.7360448424592667 5.7051517845222213 1.9433004835966550
v -0.0139993997290730 0.0413540005683899 -0.0721980929374695
vn -0.9449158946368331 5.7120325500322622 2.4315657343699781
v -0.0076608061790466 0.0390656515955925 -0.0628445670008659
vn -1.1670082839074287 5.7544195902976663 2.2275662471525179
v -0.0079647302627563 0.0361596904695034 -0.0560172684490681
vn -0.7494393558345835 5.9202335397725880 1.9555927515557148
v -0.0047965641133487 0.0353922806680202 -0.0524336583912373
vn -0.2485269229196207 6.1375895326332692 1.3129998978749686
v -0.0014612670056522 0.0335313603281975 -0.0445508882403374
vn 0.0578456069719508 6.1487363959750239 1.2845768917537037
v 0.0004530810110737 0.0335593782365322 -0.0445500612258911
vn -0.3566448734074331 6.2541472979061616 0.4502929648214178
v -0.0016979570500553 0.0318298898637295 -0.0322191715240479
vn -0.3583653064887266 6.2645902109936209 0.2599715325061928
v -0.0017482039984316 0.0316074416041374 -0.0281973406672478
vn 0.1113291870089581 6.2737360587658033 0.2625314461035299
v 0.0005421849782579 0.0316525585949421 -0.0281970500946045
vn -0.0516067386661223 6.2827958347919326 0.0245578377716784
v -0.0010989899747074 0.0314393602311611 -0.0171249508857727
vn 1.5348456052765471 -6.0925692503171929 0.0294542990408718
v 0.0061839809641242 -0.0308715701103210 -0.0171249508857727
vn -3.7002359573308761 -5.0739693507537824 0.0546995660934251
v -0.0180509593337774 -0.0258149504661560 -0.0171249508857727
vn -6.2827280671372820 0.0702637897657896 0.0084099820767963
v -0.0314326807856560 0.0014399880310521 -0.0171249508857727
vn -6.2461944128274869 -0.6797087145730798 -0.0043585580535281
v -0.0311596896499395 -0.0043803448788822 -0.0171249508857727
vn -6.1903095265623369 -1.0088066151008326 -0.0121011220734192
v -0.0310829803347588 -0.0051090708002448 -0.0171249508857727
vn -6.1303438441683413 -1.3772956336297935 0.0189372308649809
v -0.0310019794851542 -0.0054695601575077 -0.0171249508857727
vn -3.0132536107405636 -0.8621242032498182 3.0064638375286874
v -0.0302796903997660 -0.0086825480684638 0.0000000000000000
vn -5.6644317878989563 -2.7182957631968536 0.0488737142853622
v -0.0280759893357754 -0.0142115904018283 -0.0171249508857727
vn -2.6557599572027772 -1.6639722468397453 3.0037673843146031
v -0.0267134904861450 -0.0166924502700567 0.0000000000000000
vn -2.4013473945584827 -2.0134851976346990 2.9991337864838647
v -0.0241304002702236 -0.0202477499842644 0.0000000000000000
vn -4.7012146919187172 -4.1520215173627797 -0.0034734405353213
v -0.0235044900327921 -0.0209710504859686 -0.0171249508857727
vn -2.0981301696698846 -2.3279869420524060 3.0022802444132193
v -0.0210775695741177 -0.0234090592712164 0.0000000000000000
vn -4.1559346752523636 -4.6993939952614205 0.0292907332589915
v -0.0209159795194864 -0.0235534906387329 -0.0171249508857727
vn -1.7530980481318905 -2.5979271924738137 3.0058048916304942
v -0.0176145993173122 -0.0261147003620863 0.0000000000000000
vn -3.5234503405045876 -5.2019672438142051 0.0400072810350912
v -0.0176126901060343 -0.0261119008064270 -0.0171249508857727
vn -3.5225461087440433 -5.2025748382979113 0.0400354500756836
v -0.0174679700285196 -0.0262098908424377 -0.0171249508857727
vn -3.3229801873604945 -5.3282846870525811 0.0329151761379956
v -0.0172735992819071 -0.0263414904475212 -0.0171249508857727
vn -1.3720399270666430 -2.8177182326880192 3.0034637706947165
v -0.0138086602091789 -0.0283119603991508 0.0000000000000000
vn -1.4379626895336826 -6.1070116455325874 0.0688743071387955
v -0.0072470298036933 -0.0306550804525614 -0.0171249508857727
vn -0.9679835603216026 -2.9806053393915746 3.0004905226718068
v -0.0097340336069465 -0.0299582406878471 0.0000000000000000
vn -1.0879462480628928 -6.1879982620239007 0.0306475789415907
v -0.0068845148198307 -0.0307187996804714 -0.0171249508857727
vn -0.1120275357876480 -3.1322095785779105 3.0077165934243095
v -0.0010992879979312 -0.0314807817339897 0.0000000000000000
vn 0.3333904633524730 -3.1162114187046805 3.0029896069722462
v 0.0032926199492067 -0.0313273593783379 0.0000000000000000
vn 1.1687449558526926 -6.1637228919217275 0.0521922817313115
v 0.0059088459238410 -0.0309408903121948 -0.0171249508857727
vn 0.7517504949244044 -3.0425810681004304 3.0057842436130775
v 0.0076205129735172 -0.0305642392486334 0.0000000000000000
vn 1.5359540336010560 -6.0923169334008467 0.0273179370613481
v 0.0076075792312622 -0.0305129792541265 -0.0171249508857727
vn 2.2297014722191042 -5.8730383612107113 0.0753559158407048
v 0.0121213700622320 -0.0290349703282118 -0.0171249508857727
vn 2.8722139596830099 -5.5872977944732778 0.0631246668339455
v 0.0149214798584580 -0.0276856999844313 -0.0171249508857727
vn 1.5689161519583126 -2.7133222926923133 3.0086663116223296
v 0.0157499890774488 -0.0272797904908657 0.0000000000000000
vn 3.2522749230374921 -5.3632667876072340 -0.0074513891062528
v 0.0161134600639343 -0.0270666405558586 -0.0171249508857727
vn 3.8126934408919402 -4.9836278986597673 0.0597299106448326
v 0.0191416703164577 -0.0250169001519680 -0.0171249508857727
vn 4.1005111192365042 -4.7593352429812477 0.0773461512681705
v 0.0193822905421257 -0.0248095896095037 -0.0171249508857727
vn 4.6242465453649952 -4.2529463057486181 0.0510715656662339
v 0.0223719403147697 -0.0221294704824686 -0.0171249508857727
vn 2.2584344592019914 -2.1728579418558667 3.0027503971441116
v 0.0226591806858778 -0.0218816902488470 0.0000000000000000
vn 5.2837831768122809 -3.3832079179726144 0.0200005610554798
v 0.0265296604484320 -0.0169831495732069 -0.0171249508857727
vn 2.5315893762903481 -1.8475545352363327 3.0057101142426736
v 0.0254839602857828 -0.0185151603072882 0.0000000000000000
vn 5.0862288524865580 -3.6886634102964972 0.0241966004535502
v 0.0262939892709255 -0.0173081699758768 -0.0171249508857727
vn 5.0849051262543465 -3.6905335718836119 0.0212528176122511
v 0.0254410505294800 -0.0184840504080057 -0.0171249508857727
vn 5.4795482228572308 -3.0738321481669573 0.0390124264663742
v 0.0277736708521843 -0.0147663904353976 -0.0171249508857727
vn 5.4795580108570725 -3.0737895374004429 0.0390367424302151
v 0.0278562903404236 -0.0146190496161580 -0.0171249508857727
vn 2.9459110163279165 -1.0701362876544240 3.0085410551708200
v 0.0296002607792616 -0.0107735898345709 0.0000000000000000
vn 3.0658541770742613 -0.6501392716056655 3.0038695051757172
v 0.0308115407824516 -0.0065491790883243 0.0000000000000000
vn 6.1995811660521261 -1.0204580379531252 0.0299972050257938
v 0.0307926498353481 -0.0065460801124573 -0.0171249508857727
vn 6.2380278726315881 -0.6622027229296605 0.0101086097700688
v 0.0313261710107327 -0.0033033490180969 -0.0171249508857727
vn 6.2724573909015806 0.0476579692897111 -0.0421759862445933
v 0.0314980708062649 0.0003457340062596 -0.0171249508857727
vn 6.2710696018745971 0.3892699363441730 0.0082348208148729
v 0.0313547812402248 0.0026546120643616 -0.0171249508857727
vn 3.1264595722520818 0.2217517911363630 3.0101408550211994
v 0.0314232707023621 0.0021973249968141 0.0000000000000000
vn 6.2311820858747442 0.7340420448067859 0.0170780762875916
v 0.0312990508973598 0.0035507669672370 -0.0171249508857727
vn 6.1927323243617067 1.0612548560892845 0.0375634845244975
v 0.0310583692044020 0.0049445619806647 -0.0171249508857727
vn 6.1080085939082043 1.4246194036474509 -0.0185257021105844
v 0.0306768994778395 0.0071542849764228 -0.0171249508857727
vn 5.9035595189937151 2.1224244944375625 0.0141997673874090
v 0.0296417400240898 0.0106588602066040 -0.0171249508857727
vn 5.4547018309907926 3.1179649215698966 0.0306177239815120
v 0.0277796909213066 0.0147693697363138 -0.0171249508857727
vn 5.4497528163146232 3.1265533023383045 0.0451695558972012
v 0.0272095706313848 0.0157668497413397 -0.0171249508857727
vn 5.3319281359396529 3.3159674514451121 0.0193459512217207
v 0.0263953804969788 0.0171911697834730 -0.0171249508857727
vn 5.2153371697242816 3.5040750477268823 -0.0038239370458780
v 0.0260207001119852 0.0177489500492811 -0.0171249508857727
vn 5.0803156915458532 3.6895437230287254 -0.0175587160728543
v 0.0258957706391811 0.0179348494857550 -0.0171249508857727
vn 4.9489569766382848 3.8710392866544368 -0.0307283619713832
v 0.0254578497260809 0.0184947792440653 -0.0171249508857727
vn 2.5356881358610797 1.8418562990700631 3.0043390415729143
v 0.0254839602857828 0.0185151603072882 0.0000000000000000
vn 4.9547016982942367 3.8635197530423202 0.0279411293709565
v 0.0246089603751898 0.0195799395442009 -0.0171249508857727
vn 1.9302827397802214 2.4694148592657648 3.0101094502476631
v 0.0193932596594095 0.0248222891241312 0.0000000000000000
vn 4.4568885419281621 4.4285778651955638 0.0372092049554823
v 0.0214932505041361 0.0229882504791021 -0.0171249508857727
vn 4.2118080600419132 4.6488696888567445 0.0391192947551512
v 0.0210727993398905 0.0234133601188660 -0.0171249508857727
vn 3.9251872936579781 4.9057994929791215 0.0369175313480838
v 0.0197345595806837 0.0244840905070305 -0.0171249508857727
vn 1.5657619736947856 2.7151403413487847 3.0086833945131017
v 0.0157499890774488 0.0272797904908657 0.0000000000000000
vn 3.3346229505515366 5.3252334591137584 0.0088918541100695
v 0.0159431602805853 0.0271193906664848 -0.0171249508857727
vn 2.9928158123270507 5.5122985508918791 -0.0044925947642232
v 0.0151214003562927 0.0276330690830946 -0.0171249508857727
vn 2.0571944225326924 5.9366899309680887 0.0438232071034163
v 0.0096335411071777 0.0299561005085707 -0.0171249508857727
vn 1.7225479562578720 6.0327849918605203 0.0089711437074741
v 0.0087859630584717 0.0302497707307339 -0.0171249508857727
vn 1.3874840740941690 6.1277784836281031 0.0470262251540450
v 0.0074066510424018 0.0305649600923061 -0.0171249508857727
vn 1.4159809431304136 6.1214228437089773 0.0075257236975322
v 0.0076100230216980 0.0305184703320265 -0.0171249508857727
vn 0.6869695777377829 6.2453307927095683 0.0216521809416917
v 0.0032868979033083 0.0312748514115810 -0.0171249508857727
vn -0.0371318540836353 6.2827913171821015 0.0475957545944271
v 0.0005477790255100 0.0314518809318542 -0.0171249508857727
vn -0.7656139308523863 6.2362018870048495 0.0272576467695166
v -0.0040618767961860 0.0311841908842325 -0.0171249508857727
vn -1.2221703296682032 6.1631173900296794 0.0190413743852535
v -0.0063490858301520 0.0308510605245829 -0.0171249508857727
vn -1.6509013780179653 6.0622728747030461 0.0324689660364629
v -0.0085826506838202 0.0302541796118021 -0.0171249508857727
vn -1.4496473726242565 6.1095200594462220 0.0232030466714782
v -0.0065687289461493 0.0308075491338968 -0.0171249508857727
vn -2.3567866764350471 5.8243271952132147 0.0280698714258352
v -0.0129283601418138 0.0286927800625563 -0.0171249508857727
vn -1.3744697267877919 2.8166195489878731 3.0051271744661978
v -0.0138086602091789 0.0283119603991508 0.0000000000000000
vn -3.3220496459188711 5.3212152080065058 0.0195396181074586
v -0.0166882798075676 0.0267160497605801 -0.0171249508857727
vn -3.9161185451715745 4.9018981128093237 0.0196106423077632
v -0.0196697693318129 0.0246037803590298 -0.0171249508857727
vn -3.6321040941506331 5.1267478732318770 0.0275436523030680
v -0.0188793502748013 0.0251637604087591 -0.0171249508857727
vn -4.2124812678704737 4.6616984629120282 0.0142002136814662
v -0.0210420396178961 0.0233695507049561 -0.0171249508857727
vn -4.4430309194702176 4.4296521495385059 -0.0104424418588690
v -0.0223878007382154 0.0221593901515007 -0.0171249508857727
vn -2.4028318117502216 2.0125693902880455 3.0102506607067721
v -0.0241304002702236 0.0202477499842644 0.0000000000000000
vn -4.6841683016897395 4.1875885925243441 0.0178600289049239
v -0.0241117402911186 0.0202311798930168 -0.0171249508857727
vn -5.1093405294179242 3.6564983975415224 0.0434070393289739
v -0.0253487806767225 0.0186144690960646 -0.0171249508857727
vn -5.5016353562227600 3.0345196384142219 0.0368040999464629
v -0.0278036501258612 0.0147036900743842 -0.0171249508857727
vn -5.8146890377465494 2.3803735766007703 0.0207958328173734
v -0.0287408791482449 0.0127975903451443 -0.0171249508857727
vn -2.8625971038523925 1.2764376927077705 3.0092103370254635
v -0.0287766996771097 0.0128121897578239 0.0000000000000000
vn -6.0508875119224212 1.6919938165411517 0.0233760464747984
v -0.0303408503532410 0.0082701444625854 -0.0171249508857727
vn -6.1578122272970450 1.2486668566667460 -0.0046662299964984
v -0.0309146605432034 0.0060309171676636 -0.0171249508857727
vn -3.1044040878603978 0.4310403598381923 3.0069786558058480
v -0.0311933699995279 0.0043839211575687 0.0000000000000000
vn -6.2321389913960576 0.7978220668286796 0.0234766113734331
v -0.0311431791633368 0.0043774838559330 -0.0171249508857727
# 3858 vertices, 0 vertices normals

f 4//4 3857//3857 14//14
f 14//14 3857//3857 1//1
f 14//14 1//1 2//2
f 3849//3849 3//3 14//14
f 14//14 3//3 3854//3854
f 14//14 3854//3854 4//4
f 3843//3843 5//5 14//14
f 14//14 5//5 6//6
f 14//14 6//6 3849//3849
f 7//7 8//8 14//14
f 14//14 8//8 9//9
f 14//14 9//9 3843//3843
f 13//13 10//10 14//14
f 14//14 10//10 11//11
f 14//14 11//11 7//7
f 12//12 3825//3825 14//14
f 14//14 3825//3825 3829//3829
f 14//14 3829//3829 13//13
f 18//18 15//15 14//14
f 14//14 15//15 3823//3823
f 14//14 3823//3823 12//12
f 16//16 3812//3812 14//14
f 14//14 3812//3812 17//17
f 14//14 17//17 18//18
f 19//19 3806//3806 14//14
f 14//14 3806//3806 3807//3807
f 14//14 3807//3807 16//16
f 21//21 3799//3799 14//14
f 14//14 3799//3799 3801//3801
f 14//14 3801//3801 19//19
f 3790//3790 20//20 14//14
f 14//14 20//20 3794//3794
f 14//14 3794//3794 21//21
f 22//22 3787//3787 14//14
f 14//14 3787//3787 3788//3788
f 14//14 3788//3788 3790//3790
f 3779//3779 3783//3783 14//14
f 14//14 3783//3783 3785//3785
f 14//14 3785//3785 22//22
f 3774//3774 3775//3775 14//14
f 14//14 3775//3775 3777//3777
f 14//14 3777//3777 3779//3779
f 2//2 3772//3772 14//14
f 14//14 3772//3772 23//23
f 14//14 23//23 3774//3774
f 24//24 151//151 25//25
f 25//25 151//151 153//153
f 25//25 153//153 102//102
f 138//138 143//143 25//25
f 25//25 143//143 147//147
f 25//25 147//147 24//24
f 131//131 137//137 25//25
f 25//25 137//137 139//139
f 25//25 139//139 138//138
f 126//126 125//125 25//25
f 25//25 125//125 26//26
f 25//25 26//26 131//131
f 48//48 44//44 25//25
f 25//25 44//44 42//42
f 25//25 42//42 126//126
f 49//49 27//27 25//25
f 25//25 27//27 53//53
f 25//25 53//53 48//48
f 30//30 62//62 25//25
f 25//25 62//62 28//28
f 25//25 28//28 49//49
f 75//75 29//29 25//25
f 25//25 29//29 68//68
f 25//25 68//68 30//30
f 82//82 78//78 25//25
f 25//25 78//78 71//71
f 25//25 71//71 75//75
f 89//89 85//85 25//25
f 25//25 85//85 31//31
f 25//25 31//31 82//82
f 32//32 92//92 25//25
f 25//25 92//92 88//88
f 25//25 88//88 89//89
f 117//117 122//122 25//25
f 25//25 122//122 33//33
f 25//25 33//33 32//32
f 37//37 113//113 25//25
f 25//25 113//113 34//34
f 25//25 34//34 117//117
f 108//108 35//35 25//25
f 25//25 35//35 36//36
f 25//25 36//36 37//37
f 102//102 38//38 25//25
f 25//25 38//38 105//105
f 25//25 105//105 108//108
f 42//42 39//39 40//40
f 42//42 40//40 126//126
f 126//126 40//40 1505//1505
f 126//126 1505//1505 1504//1504
f 41//41 42//42 1497//1497
f 1497//1497 42//42 44//44
f 41//41 1506//1506 42//42
f 42//42 1506//1506 43//43
f 42//42 43//43 39//39
f 48//48 47//47 1588//1588
f 1501//1501 45//45 44//44
f 44//44 45//45 1499//1499
f 44//44 1499//1499 1497//1497
f 48//48 1588//1588 44//44
f 44//44 1588//1588 1500//1500
f 44//44 1500//1500 1501//1501
f 1592//1592 46//46 48//48
f 48//48 46//46 47//47
f 1360//1360 1359//1359 53//53
f 1359//1359 1356//1356 53//53
f 53//53 1356//1356 1354//1354
f 53//53 1354//1354 48//48
f 48//48 1354//1354 1106//1106
f 48//48 1106//1106 1592//1592
f 27//27 49//49 1339//1339
f 1339//1339 50//50 27//27
f 27//27 50//50 51//51
f 27//27 51//51 52//52
f 52//52 1351//1351 27//27
f 27//27 1351//1351 1350//1350
f 27//27 1350//1350 53//53
f 53//53 1350//1350 1349//1349
f 53//53 1349//1349 1360//1360
f 59//59 54//54 49//49
f 54//54 55//55 49//49
f 49//49 55//55 1340//1340
f 49//49 1340//1340 1339//1339
f 62//62 56//56 28//28
f 28//28 56//56 57//57
f 28//28 57//57 1255//1255
f 1255//1255 1366//1366 28//28
f 28//28 1366//1366 58//58
f 28//28 58//58 49//49
f 49//49 58//58 1325//1325
f 49//49 1325//1325 59//59
f 1259//1259 62//62 60//60
f 60//60 62//62 30//30
f 1259//1259 61//61 62//62
f 62//62 61//61 1258//1258
f 62//62 1258//1258 56//56
f 68//68 63//63 65//65
f 1264//1264 1253//1253 30//30
f 30//30 1253//1253 64//64
f 30//30 64//64 60//60
f 68//68 65//65 30//30
f 30//30 65//65 66//66
f 30//30 66//66 1264//1264
f 1196//1196 68//68 1178//1178
f 1178//1178 68//68 29//29
f 1196//1196 67//67 68//68
f 68//68 67//67 1225//1225
f 68//68 1225//1225 63//63
f 70//70 1177//1177 29//29
f 29//29 1177//1177 69//69
f 29//29 69//69 1178//1178
f 70//70 29//29 990//990
f 990//990 29//29 75//75
f 990//990 75//75 989//989
f 71//71 72//72 73//73
f 73//73 496//496 71//71
f 71//71 496//496 74//74
f 71//71 74//74 75//75
f 75//75 74//74 76//76
f 75//75 76//76 989//989
f 468//468 467//467 78//78
f 78//78 467//467 511//511
f 78//78 511//511 71//71
f 71//71 511//511 72//72
f 77//77 518//518 82//82
f 82//82 518//518 516//516
f 82//82 516//516 78//78
f 78//78 516//516 165//165
f 78//78 165//165 468//468
f 31//31 79//79 80//80
f 80//80 81//81 31//31
f 31//31 81//81 422//422
f 31//31 422//422 82//82
f 82//82 422//422 83//83
f 82//82 83//83 77//77
f 428//428 84//84 85//85
f 85//85 84//84 427//427
f 85//85 427//427 31//31
f 31//31 427//427 1036//1036
f 31//31 1036//1036 79//79
f 89//89 90//90 994//994
f 994//994 997//997 89//89
f 89//89 997//997 86//86
f 89//89 86//86 85//85
f 85//85 86//86 87//87
f 85//85 87//87 428//428
f 308//308 307//307 88//88
f 88//88 307//307 306//306
f 88//88 306//306 89//89
f 89//89 306//306 996//996
f 89//89 996//996 90//90
f 96//96 91//91 92//92
f 92//92 91//91 314//314
f 314//314 313//313 92//92
f 92//92 313//313 93//93
f 92//92 93//93 88//88
f 88//88 93//93 309//309
f 88//88 309//309 308//308
f 101//101 94//94 32//32
f 32//32 94//94 95//95
f 32//32 95//95 92//92
f 92//92 95//95 96//96
f 207//207 205//205 33//33
f 33//33 205//205 97//97
f 97//97 98//98 33//33
f 33//33 98//98 99//99
f 33//33 99//99 32//32
f 32//32 99//99 100//100
f 32//32 100//100 101//101
f 207//207 33//33 209//209
f 209//209 33//33 122//122
f 209//209 122//122 3626//3626
f 1981//1981 102//102 154//154
f 154//154 102//102 153//153
f 103//103 38//38 1979//1979
f 1979//1979 38//38 102//102
f 1979//1979 102//102 1980//1980
f 1980//1980 102//102 1981//1981
f 103//103 2287//2287 38//38
f 38//38 2287//2287 2286//2286
f 38//38 2286//2286 105//105
f 105//105 2286//2286 2285//2285
f 105//105 2285//2285 107//107
f 2123//2123 108//108 104//104
f 104//104 108//108 105//105
f 104//104 105//105 106//106
f 106//106 105//105 107//107
f 110//110 35//35 2128//2128
f 2128//2128 35//35 108//108
f 2128//2128 108//108 109//109
f 109//109 108//108 2123//2123
f 110//110 111//111 35//35
f 35//35 111//111 2125//2125
f 35//35 2125//2125 36//36
f 2125//2125 2124//2124 36//36
f 36//36 2124//2124 112//112
f 36//36 112//112 37//37
f 37//37 112//112 2275//2275
f 37//37 2275//2275 113//113
f 113//113 2275//2275 114//114
f 2262//2262 34//34 2263//2263
f 2263//2263 34//34 113//113
f 2263//2263 113//113 115//115
f 115//115 113//113 114//114
f 2262//2262 2261//2261 34//34
f 34//34 2261//2261 116//116
f 34//34 116//116 117//117
f 117//117 116//116 118//118
f 117//117 118//118 119//119
f 119//119 120//120 117//117
f 117//117 120//120 121//121
f 117//117 121//121 122//122
f 122//122 121//121 3624//3624
f 122//122 3624//3624 3626//3626
f 123//123 124//124 125//125
f 1504//1504 127//127 126//126
f 126//126 127//127 128//128
f 126//126 128//128 125//125
f 125//125 128//128 123//123
f 124//124 129//129 125//125
f 125//125 129//129 133//133
f 125//125 133//133 26//26
f 1539//1539 131//131 130//130
f 130//130 131//131 26//26
f 130//130 26//26 132//132
f 132//132 26//26 133//133
f 1574//1574 137//137 134//134
f 134//134 137//137 131//131
f 134//134 131//131 135//135
f 135//135 131//131 1539//1539
f 141//141 139//139 136//136
f 136//136 139//139 137//137
f 136//136 137//137 1570//1570
f 1570//1570 137//137 1574//1574
f 3628//3628 138//138 3630//3630
f 3630//3630 138//138 139//139
f 3630//3630 139//139 140//140
f 140//140 139//139 141//141
f 3628//3628 3627//3627 138//138
f 138//138 3627//3627 142//142
f 138//138 142//142 143//143
f 143//143 142//142 144//144
f 143//143 144//144 145//145
f 145//145 146//146 143//143
f 143//143 146//146 148//148
f 143//143 148//148 147//147
f 148//148 1986//1986 147//147
f 147//147 1986//1986 149//149
f 147//147 149//149 24//24
f 150//150 151//151 1982//1982
f 1982//1982 151//151 24//24
f 1982//1982 24//24 1984//1984
f 1984//1984 24//24 149//149
f 150//150 152//152 151//151
f 151//151 152//152 1978//1978
f 151//151 1978//1978 153//153
f 153//153 1978//1978 1977//1977
f 153//153 1977//1977 154//154
f 861//861 907//907 863//863
f 788//788 787//787 917//917
f 791//791 155//155 156//156
f 752//752 950//950 157//157
f 2843//2843 2842//2842 707//707
f 3809//3809 694//694 158//158
f 686//686 945//945 946//946
f 159//159 677//677 160//160
f 609//609 618//618 617//617
f 2912//2912 2875//2875 571//571
f 2873//2873 2876//2876 582//582
f 2878//2878 2879//2879 645//645
f 161//161 785//785 1071//1071
f 1055//1055 1056//1056 667//667
f 162//162 3792//3792 796//796
f 980//980 982//982 163//163
f 358//358 1213//1213 442//442
f 489//489 164//164 1173//1173
f 165//165 516//516 517//517
f 488//488 1166//1166 166//166
f 166//166 1166//1166 487//487
f 535//535 442//442 167//167
f 423//423 470//470 517//517
f 413//413 1038//1038 521//521
f 87//87 86//86 412//412
f 367//367 168//168 368//368
f 1046//1046 169//169 369//369
f 897//897 170//170 896//896
f 896//896 170//170 894//894
f 233//233 1015//1015 171//171
f 172//172 210//210 173//173
f 321//321 174//174 324//324
f 175//175 324//324 325//325
f 254//254 252//252 887//887
f 176//176 887//887 257//257
f 266//266 257//257 177//177
f 267//267 177//177 885//885
f 900//900 329//329 187//187
f 178//178 2746//2746 179//179
f 825//825 180//180 827//827
f 179//179 2746//2746 180//180
f 180//180 2746//2746 1103//1103
f 180//180 1103//1103 827//827
f 898//898 1099//1099 181//181
f 181//181 1099//1099 2716//2716
f 182//182 181//181 183//183
f 183//183 181//181 2716//2716
f 183//183 2716//2716 2763//2763
f 189//189 184//184 191//191
f 191//191 184//184 2727//2727
f 191//191 2727//2727 2702//2702
f 900//900 188//188 185//185
f 185//185 188//188 186//186
f 185//185 186//186 899//899
f 900//900 187//187 188//188
f 188//188 187//187 328//328
f 188//188 328//328 186//186
f 219//219 193//193 217//217
f 217//217 193//193 189//189
f 217//217 189//189 190//190
f 190//190 189//189 191//191
f 219//219 192//192 193//193
f 193//193 192//192 2838//2838
f 193//193 2838//2838 189//189
f 189//189 2838//2838 2627//2627
f 189//189 2627//2627 184//184
f 2025//2025 2024//2024 197//197
f 197//197 2024//2024 194//194
f 197//197 194//194 195//195
f 2024//2024 1095//1095 194//194
f 194//194 1095//1095 2613//2613
f 194//194 2613//2613 192//192
f 192//192 2613//2613 2612//2612
f 192//192 2612//2612 2838//2838
f 2015//2015 2025//2025 196//196
f 196//196 2025//2025 197//197
f 196//196 197//197 221//221
f 221//221 197//197 195//195
f 216//216 2278//2278 231//231
f 231//231 2278//2278 2277//2277
f 231//231 2277//2277 2855//2855
f 214//214 202//202 216//216
f 216//216 202//202 198//198
f 216//216 198//198 2278//2278
f 203//203 2183//2183 199//199
f 199//199 2183//2183 213//213
f 2183//2183 200//200 213//213
f 213//213 200//200 201//201
f 213//213 201//201 214//214
f 214//214 201//201 2200//2200
f 214//214 2200//2200 202//202
f 203//203 199//199 204//204
f 204//204 199//199 212//212
f 204//204 212//212 2259//2259
f 205//205 207//207 206//206
f 206//206 207//207 209//209
f 2259//2259 212//212 208//208
f 208//208 212//212 206//206
f 208//208 206//206 3625//3625
f 3625//3625 206//206 209//209
f 3625//3625 209//209 3626//3626
f 172//172 206//206 210//210
f 210//210 206//206 212//212
f 210//210 212//212 211//211
f 211//211 212//212 199//199
f 211//211 199//199 228//228
f 228//228 199//199 213//213
f 228//228 213//213 229//229
f 229//229 213//213 214//214
f 229//229 214//214 215//215
f 215//215 214//214 216//216
f 215//215 216//216 230//230
f 230//230 216//216 231//231
f 2702//2702 899//899 191//191
f 191//191 899//899 186//186
f 191//191 186//186 190//190
f 190//190 186//186 328//328
f 190//190 328//328 217//217
f 217//217 328//328 218//218
f 217//217 218//218 219//219
f 219//219 218//218 326//326
f 219//219 326//326 192//192
f 192//192 326//326 220//220
f 192//192 220//220 194//194
f 194//194 220//220 323//323
f 194//194 323//323 195//195
f 195//195 323//323 222//222
f 195//195 222//222 221//221
f 221//221 222//222 322//322
f 221//221 322//322 223//223
f 324//324 175//175 321//321
f 321//321 175//175 279//279
f 321//321 279//279 320//320
f 320//320 279//279 224//224
f 320//320 224//224 225//225
f 173//173 210//210 226//226
f 226//226 210//210 211//211
f 226//226 211//211 227//227
f 227//227 211//211 228//228
f 227//227 228//228 318//318
f 318//318 228//228 229//229
f 318//318 229//229 319//319
f 319//319 229//229 215//215
f 319//319 215//215 223//223
f 223//223 215//215 230//230
f 223//223 230//230 221//221
f 221//221 230//230 231//231
f 221//221 231//231 196//196
f 196//196 231//231 2855//2855
f 196//196 2855//2855 2015//2015
f 173//173 316//316 172//172
f 172//172 316//316 101//101
f 172//172 101//101 100//100
f 100//100 99//99 172//172
f 172//172 99//99 98//98
f 172//172 98//98 206//206
f 206//206 98//98 97//97
f 206//206 97//97 205//205
f 232//232 1015//1015 237//237
f 237//237 1015//1015 233//233
f 237//237 233//233 234//234
f 967//967 234//234 877//877
f 877//877 234//234 233//233
f 877//877 233//233 876//876
f 876//876 233//233 171//171
f 876//876 171//171 875//875
f 967//967 968//968 234//234
f 234//234 968//968 235//235
f 234//234 235//235 237//237
f 237//237 235//235 236//236
f 237//237 236//236 232//232
f 232//232 236//236 1013//1013
f 969//969 238//238 251//251
f 251//251 238//238 239//239
f 240//240 241//241 242//242
f 242//242 241//241 243//243
f 242//242 243//243 1051//1051
f 1051//1051 243//243 246//246
f 1051//1051 246//246 1052//1052
f 1052//1052 246//246 245//245
f 1052//1052 245//245 1054//1054
f 240//240 1049//1049 398//398
f 398//398 1049//1049 1048//1048
f 244//244 1054//1054 966//966
f 966//966 1054//1054 245//245
f 966//966 245//245 247//247
f 247//247 245//245 246//246
f 247//247 246//246 248//248
f 248//248 246//246 243//243
f 248//248 243//243 249//249
f 249//249 243//243 241//241
f 249//249 241//241 250//250
f 250//250 241//241 240//240
f 250//250 240//240 239//239
f 239//239 240//240 398//398
f 239//239 398//398 251//251
f 252//252 254//254 253//253
f 253//253 254//254 262//262
f 253//253 262//262 891//891
f 891//891 262//262 256//256
f 891//891 256//256 255//255
f 255//255 256//256 265//265
f 255//255 265//265 892//892
f 257//257 266//266 176//176
f 176//176 266//266 269//269
f 176//176 269//269 258//258
f 258//258 269//269 259//259
f 258//258 259//259 263//263
f 263//263 259//259 260//260
f 263//263 260//260 264//264
f 264//264 260//260 261//261
f 264//264 261//261 893//893
f 887//887 176//176 254//254
f 254//254 176//176 258//258
f 254//254 258//258 262//262
f 262//262 258//258 263//263
f 262//262 263//263 256//256
f 256//256 263//263 264//264
f 256//256 264//264 265//265
f 265//265 264//264 893//893
f 265//265 893//893 892//892
f 177//177 267//267 266//266
f 266//266 267//267 268//268
f 266//266 268//268 269//269
f 269//269 268//268 270//270
f 269//269 270//270 259//259
f 259//259 270//270 271//271
f 259//259 271//271 260//260
f 260//260 271//271 272//272
f 260//260 272//272 261//261
f 261//261 272//272 895//895
f 261//261 895//895 893//893
f 289//289 273//273 274//274
f 274//274 273//273 275//275
f 274//274 275//275 276//276
f 276//276 275//275 277//277
f 276//276 277//277 292//292
f 292//292 277//277 317//317
f 292//292 317//317 293//293
f 293//293 317//317 225//225
f 293//293 225//225 278//278
f 278//278 225//225 224//224
f 278//278 224//224 890//890
f 890//890 224//224 279//279
f 890//890 279//279 889//889
f 889//889 279//279 175//175
f 889//889 175//175 888//888
f 888//888 175//175 325//325
f 888//888 325//325 886//886
f 886//886 325//325 327//327
f 886//886 327//327 281//281
f 281//281 327//327 280//280
f 281//281 280//280 282//282
f 282//282 280//280 283//283
f 282//282 283//283 884//884
f 884//884 283//283 284//284
f 884//884 284//284 883//883
f 883//883 284//284 286//286
f 883//883 286//286 285//285
f 285//285 286//286 902//902
f 285//285 902//902 879//879
f 879//879 902//902 904//904
f 879//879 904//904 287//287
f 287//287 904//904 905//905
f 287//287 905//905 907//907
f 311//311 310//310 315//315
f 315//315 310//310 288//288
f 302//302 289//289 290//290
f 290//290 289//289 274//274
f 290//290 274//274 303//303
f 303//303 274//274 276//276
f 303//303 276//276 291//291
f 291//291 276//276 292//292
f 291//291 292//292 305//305
f 305//305 292//292 293//293
f 305//305 293//293 294//294
f 1010//1010 396//396 1008//1008
f 1008//1008 396//396 296//296
f 1008//1008 296//296 295//295
f 295//295 296//296 1005//1005
f 396//396 397//397 296//296
f 296//296 397//397 297//297
f 296//296 297//297 1005//1005
f 1005//1005 297//297 298//298
f 1005//1005 298//298 401//401
f 995//995 300//300 299//299
f 299//299 300//300 302//302
f 299//299 302//302 301//301
f 301//301 302//302 290//290
f 301//301 290//290 1000//1000
f 1000//1000 290//290 303//303
f 1000//1000 303//303 1002//1002
f 1002//1002 303//303 291//291
f 1002//1002 291//291 304//304
f 304//304 291//291 305//305
f 304//304 305//305 1004//1004
f 1004//1004 305//305 294//294
f 1004//1004 294//294 894//894
f 996//996 306//306 995//995
f 309//309 93//93 288//288
f 995//995 306//306 300//300
f 300//300 306//306 307//307
f 300//300 307//307 308//308
f 308//308 309//309 300//300
f 300//300 309//309 288//288
f 300//300 288//288 302//302
f 302//302 288//288 310//310
f 302//302 310//310 289//289
f 289//289 310//310 311//311
f 289//289 311//311 273//273
f 312//312 399//399 1048//1048
f 96//96 95//95 316//316
f 316//316 95//95 94//94
f 316//316 94//94 101//101
f 93//93 313//313 288//288
f 288//288 313//313 314//314
f 288//288 314//314 315//315
f 315//315 314//314 91//91
f 315//315 91//91 96//96
f 315//315 96//96 316//316
f 315//315 316//316 311//311
f 311//311 316//316 173//173
f 311//311 173//173 273//273
f 273//273 173//173 226//226
f 273//273 226//226 275//275
f 275//275 226//226 227//227
f 275//275 227//227 277//277
f 277//277 227//227 318//318
f 277//277 318//318 317//317
f 317//317 318//318 319//319
f 317//317 319//319 225//225
f 225//225 319//319 223//223
f 225//225 223//223 320//320
f 320//320 223//223 322//322
f 320//320 322//322 321//321
f 321//321 322//322 222//222
f 321//321 222//222 174//174
f 174//174 222//222 323//323
f 174//174 323//323 324//324
f 324//324 323//323 220//220
f 324//324 220//220 325//325
f 325//325 220//220 326//326
f 325//325 326//326 327//327
f 327//327 326//326 218//218
f 327//327 218//218 280//280
f 280//280 218//218 328//328
f 280//280 328//328 283//283
f 283//283 328//328 187//187
f 283//283 187//187 284//284
f 284//284 187//187 329//329
f 556//556 330//330 1053//1053
f 1053//1053 330//330 332//332
f 1053//1053 332//332 331//331
f 331//331 332//332 333//333
f 331//331 333//333 334//334
f 334//334 333//333 335//335
f 334//334 335//335 1050//1050
f 1050//1050 335//335 336//336
f 1050//1050 336//336 337//337
f 337//337 336//336 389//389
f 337//337 389//389 338//338
f 338//338 389//389 388//388
f 338//338 388//388 1047//1047
f 1047//1047 388//388 441//441
f 379//379 385//385 387//387
f 1028//1028 1030//1030 339//339
f 339//339 1030//1030 354//354
f 339//339 354//354 340//340
f 340//340 354//354 341//341
f 340//340 341//341 372//372
f 372//372 341//341 342//342
f 372//372 342//342 343//343
f 343//343 342//342 344//344
f 343//343 344//344 376//376
f 376//376 344//344 345//345
f 376//376 345//345 377//377
f 377//377 345//345 362//362
f 377//377 362//362 378//378
f 347//347 1034//1034 1035//1035
f 366//366 365//365 1119//1119
f 1119//1119 365//365 348//348
f 1033//1033 1034//1034 350//350
f 350//350 1034//1034 347//347
f 350//350 347//347 346//346
f 346//346 347//347 348//348
f 346//346 348//348 351//351
f 351//351 348//348 365//365
f 351//351 365//365 363//363
f 1035//1035 3241//3241 347//347
f 347//347 3241//3241 1121//1121
f 347//347 1121//1121 348//348
f 348//348 1121//1121 1120//1120
f 348//348 1120//1120 1119//1119
f 355//355 1033//1033 349//349
f 349//349 1033//1033 350//350
f 349//349 350//350 356//356
f 356//356 350//350 346//346
f 356//356 346//346 357//357
f 357//357 346//346 351//351
f 357//357 351//351 352//352
f 352//352 351//351 363//363
f 352//352 363//363 353//353
f 1030//1030 355//355 354//354
f 354//354 355//355 349//349
f 354//354 349//349 341//341
f 341//341 349//349 356//356
f 341//341 356//356 342//342
f 342//342 356//356 357//357
f 342//342 357//357 344//344
f 344//344 357//357 352//352
f 344//344 352//352 345//345
f 345//345 352//352 353//353
f 345//345 353//353 362//362
f 465//465 533//533 534//534
f 358//358 533//533 359//359
f 359//359 533//533 465//465
f 359//359 465//465 360//360
f 435//435 361//361 434//434
f 434//434 361//361 378//378
f 434//434 378//378 529//529
f 529//529 378//378 362//362
f 529//529 362//362 530//530
f 530//530 362//362 353//353
f 530//530 353//353 531//531
f 531//531 353//353 363//363
f 531//531 363//363 532//532
f 532//532 363//363 365//365
f 532//532 365//365 364//364
f 364//364 365//365 366//366
f 399//399 312//312 400//400
f 400//400 312//312 1045//1045
f 400//400 1045//1045 402//402
f 367//367 368//368 369//369
f 369//369 169//169 367//367
f 367//367 169//169 370//370
f 367//367 370//370 168//168
f 385//385 379//379 371//371
f 371//371 379//379 380//380
f 371//371 380//380 383//383
f 383//383 380//380 381//381
f 383//383 381//381 382//382
f 393//393 1028//1028 392//392
f 392//392 1028//1028 339//339
f 392//392 339//339 391//391
f 391//391 339//339 340//340
f 391//391 340//340 390//390
f 390//390 340//340 372//372
f 390//390 372//372 373//373
f 373//373 372//372 343//343
f 373//373 343//343 374//374
f 374//374 343//343 376//376
f 374//374 376//376 375//375
f 375//375 376//376 377//377
f 375//375 377//377 387//387
f 387//387 377//377 378//378
f 387//387 378//378 379//379
f 379//379 378//378 361//361
f 379//379 361//361 380//380
f 380//380 361//361 435//435
f 380//380 435//435 381//381
f 382//382 438//438 383//383
f 383//383 438//438 439//439
f 383//383 439//439 371//371
f 371//371 439//439 384//384
f 371//371 384//384 385//385
f 385//385 384//384 386//386
f 385//385 386//386 387//387
f 387//387 386//386 441//441
f 387//387 441//441 375//375
f 375//375 441//441 388//388
f 375//375 388//388 374//374
f 374//374 388//388 389//389
f 374//374 389//389 373//373
f 373//373 389//389 336//336
f 373//373 336//336 390//390
f 390//390 336//336 335//335
f 390//390 335//335 391//391
f 391//391 335//335 333//333
f 391//391 333//333 392//392
f 392//392 333//333 332//332
f 392//392 332//332 393//393
f 393//393 332//332 330//330
f 521//521 1038//1038 394//394
f 394//394 1038//1038 1039//1039
f 394//394 1039//1039 522//522
f 522//522 1039//1039 1041//1041
f 522//522 1041//1041 395//395
f 395//395 1041//1041 1043//1043
f 395//395 1043//1043 440//440
f 87//87 412//412 428//428
f 1010//1010 251//251 396//396
f 396//396 251//251 398//398
f 396//396 398//398 397//397
f 397//397 398//398 1048//1048
f 397//397 1048//1048 297//297
f 297//297 1048//1048 399//399
f 297//297 399//399 298//298
f 298//298 399//399 400//400
f 298//298 400//400 401//401
f 401//401 400//400 402//402
f 401//401 402//402 403//403
f 403//403 402//402 404//404
f 403//403 404//404 405//405
f 405//405 404//404 1044//1044
f 405//405 1044//1044 1003//1003
f 1003//1003 1044//1044 1042//1042
f 1003//1003 1042//1042 406//406
f 406//406 1042//1042 1040//1040
f 406//406 1040//1040 407//407
f 407//407 1040//1040 408//408
f 407//407 408//408 1001//1001
f 1001//1001 408//408 409//409
f 1001//1001 409//409 999//999
f 999//999 409//409 410//410
f 999//999 410//410 998//998
f 998//998 410//410 411//411
f 998//998 411//411 412//412
f 412//412 411//411 426//426
f 412//412 426//426 428//428
f 413//413 414//414 415//415
f 415//415 414//414 420//420
f 415//415 420//420 1037//1037
f 1037//1037 420//420 416//416
f 521//521 417//417 413//413
f 413//413 417//417 418//418
f 413//413 418//418 414//414
f 414//414 418//418 419//419
f 414//414 419//419 420//420
f 420//420 419//419 421//421
f 420//420 421//421 416//416
f 421//421 422//422 81//81
f 470//470 423//423 472//472
f 472//472 423//423 424//424
f 472//472 424//424 425//425
f 425//425 424//424 519//519
f 425//425 519//519 520//520
f 421//421 81//81 416//416
f 416//416 81//81 80//80
f 416//416 80//80 79//79
f 1036//1036 427//427 426//426
f 426//426 427//427 84//84
f 426//426 84//84 428//428
f 473//473 429//429 454//454
f 454//454 429//429 430//430
f 454//454 430//430 431//431
f 431//431 430//430 432//432
f 431//431 432//432 452//452
f 452//452 432//432 523//523
f 529//529 433//433 434//434
f 434//434 433//433 436//436
f 434//434 436//436 435//435
f 435//435 436//436 525//525
f 435//435 525//525 381//381
f 381//381 525//525 437//437
f 381//381 437//437 382//382
f 382//382 437//437 395//395
f 382//382 395//395 438//438
f 438//438 395//395 440//440
f 438//438 440//440 439//439
f 439//439 440//440 368//368
f 439//439 368//368 384//384
f 384//384 368//368 168//168
f 384//384 168//168 386//386
f 386//386 168//168 370//370
f 386//386 370//370 441//441
f 441//441 370//370 169//169
f 441//441 169//169 1047//1047
f 1047//1047 169//169 1046//1046
f 1213//1213 1162//1162 442//442
f 442//442 1162//1162 474//474
f 442//442 474//474 167//167
f 167//167 474//474 443//443
f 167//167 443//443 499//499
f 499//499 443//443 476//476
f 499//499 476//476 501//501
f 501//501 476//476 444//444
f 475//475 446//446 477//477
f 477//477 446//446 1115//1115
f 477//477 1115//1115 478//478
f 445//445 1165//1165 475//475
f 475//475 1165//1165 446//446
f 446//446 1165//1165 1116//1116
f 446//446 1116//1116 1115//1115
f 447//447 448//448 528//528
f 528//528 448//448 449//449
f 528//528 449//449 527//527
f 527//527 449//449 450//450
f 527//527 450//450 526//526
f 526//526 450//450 461//461
f 526//526 461//461 524//524
f 524//524 461//461 451//451
f 524//524 451//451 523//523
f 523//523 451//451 458//458
f 523//523 458//458 452//452
f 452//452 458//458 453//453
f 452//452 453//453 431//431
f 431//431 453//453 457//457
f 431//431 457//457 454//454
f 454//454 457//457 456//456
f 454//454 456//456 473//473
f 473//473 456//456 455//455
f 471//471 455//455 546//546
f 546//546 455//455 456//456
f 546//546 456//456 544//544
f 544//544 456//456 457//457
f 544//544 457//457 542//542
f 542//542 457//457 453//453
f 542//542 453//453 541//541
f 541//541 453//453 458//458
f 541//541 458//458 539//539
f 539//539 458//458 451//451
f 539//539 451//451 459//459
f 459//459 451//451 461//461
f 459//459 461//461 460//460
f 460//460 461//461 450//450
f 460//460 450//450 462//462
f 462//462 450//450 449//449
f 462//462 449//449 463//463
f 463//463 449//449 448//448
f 463//463 448//448 536//536
f 536//536 448//448 447//447
f 536//536 447//447 534//534
f 534//534 447//447 464//464
f 534//534 464//464 465//465
f 465//465 464//464 466//466
f 465//465 466//466 360//360
f 360//360 466//466 1129//1129
f 165//165 517//517 468//468
f 467//467 468//468 469//469
f 469//469 468//468 517//517
f 469//469 517//517 547//547
f 547//547 517//517 470//470
f 547//547 470//470 471//471
f 471//471 470//470 472//472
f 471//471 472//472 455//455
f 455//455 472//472 425//425
f 455//455 425//425 473//473
f 473//473 425//425 520//520
f 473//473 520//520 429//429
f 1162//1162 445//445 474//474
f 474//474 445//445 475//475
f 474//474 475//475 443//443
f 443//443 475//475 477//477
f 443//443 477//477 476//476
f 476//476 477//477 478//478
f 476//476 478//478 444//444
f 444//444 478//478 479//479
f 444//444 479//479 480//480
f 480//480 479//479 486//486
f 480//480 486//486 482//482
f 482//482 486//486 481//481
f 482//482 481//481 503//503
f 503//503 481//481 484//484
f 503//503 484//484 504//504
f 504//504 484//484 483//483
f 504//504 483//483 506//506
f 493//493 483//483 514//514
f 514//514 483//483 484//484
f 514//514 484//484 485//485
f 485//485 484//484 481//481
f 485//485 481//481 512//512
f 512//512 481//481 486//486
f 512//512 486//486 487//487
f 487//487 486//486 479//479
f 487//487 479//479 166//166
f 166//166 479//479 478//478
f 166//166 478//478 488//488
f 488//488 478//478 1115//1115
f 164//164 490//490 494//494
f 490//490 164//164 491//491
f 491//491 164//164 489//489
f 491//491 489//489 492//492
f 1173//1173 1174//1174 489//489
f 489//489 1174//1174 991//991
f 489//489 991//991 492//492
f 492//492 991//991 74//74
f 506//506 494//494 507//507
f 507//507 494//494 490//490
f 507//507 490//490 510//510
f 510//510 490//490 491//491
f 510//510 491//491 497//497
f 497//497 491//491 492//492
f 497//497 492//492 496//496
f 496//496 492//492 74//74
f 506//506 483//483 494//494
f 494//494 483//483 493//493
f 494//494 493//493 164//164
f 164//164 493//493 495//495
f 164//164 495//495 1173//1173
f 496//496 73//73 497//497
f 497//497 73//73 72//72
f 535//535 167//167 498//498
f 498//498 167//167 499//499
f 498//498 499//499 537//537
f 537//537 499//499 501//501
f 537//537 501//501 500//500
f 500//500 501//501 444//444
f 500//500 444//444 538//538
f 538//538 444//444 480//480
f 538//538 480//480 540//540
f 540//540 480//480 482//482
f 540//540 482//482 502//502
f 502//502 482//482 503//503
f 502//502 503//503 543//543
f 543//543 503//503 504//504
f 543//543 504//504 505//505
f 505//505 504//504 506//506
f 505//505 506//506 545//545
f 545//545 506//506 507//507
f 545//545 507//507 508//508
f 508//508 507//507 510//510
f 508//508 510//510 509//509
f 509//509 510//510 497//497
f 509//509 497//497 548//548
f 548//548 497//497 72//72
f 548//548 72//72 511//511
f 1166//1166 1168//1168 487//487
f 487//487 1168//1168 513//513
f 487//487 513//513 512//512
f 512//512 513//513 1170//1170
f 512//512 1170//1170 485//485
f 485//485 1170//1170 1171//1171
f 485//485 1171//1171 514//514
f 514//514 1171//1171 515//515
f 514//514 515//515 493//493
f 493//493 515//515 1172//1172
f 493//493 1172//1172 495//495
f 518//518 77//77 421//421
f 421//421 77//77 83//83
f 421//421 83//83 422//422
f 516//516 518//518 517//517
f 517//517 518//518 421//421
f 517//517 421//421 423//423
f 423//423 421//421 419//419
f 423//423 419//419 424//424
f 424//424 419//419 418//418
f 424//424 418//418 519//519
f 519//519 418//418 417//417
f 519//519 417//417 520//520
f 520//520 417//417 521//521
f 520//520 521//521 429//429
f 429//429 521//521 394//394
f 429//429 394//394 430//430
f 430//430 394//394 522//522
f 430//430 522//522 432//432
f 432//432 522//522 395//395
f 432//432 395//395 523//523
f 523//523 395//395 437//437
f 523//523 437//437 524//524
f 524//524 437//437 525//525
f 524//524 525//525 526//526
f 526//526 525//525 436//436
f 526//526 436//436 527//527
f 527//527 436//436 433//433
f 527//527 433//433 528//528
f 528//528 433//433 529//529
f 528//528 529//529 447//447
f 447//447 529//529 530//530
f 447//447 530//530 464//464
f 464//464 530//530 531//531
f 464//464 531//531 466//466
f 466//466 531//531 532//532
f 466//466 532//532 1129//1129
f 1129//1129 532//532 364//364
f 533//533 358//358 442//442
f 533//533 442//442 534//534
f 534//534 442//442 535//535
f 534//534 535//535 536//536
f 536//536 535//535 498//498
f 536//536 498//498 463//463
f 463//463 498//498 537//537
f 463//463 537//537 462//462
f 462//462 537//537 500//500
f 462//462 500//500 460//460
f 460//460 500//500 538//538
f 460//460 538//538 459//459
f 459//459 538//538 540//540
f 459//459 540//540 539//539
f 539//539 540//540 502//502
f 539//539 502//502 541//541
f 541//541 502//502 543//543
f 541//541 543//543 542//542
f 542//542 543//543 505//505
f 542//542 505//505 544//544
f 544//544 505//505 545//545
f 544//544 545//545 546//546
f 546//546 545//545 508//508
f 546//546 508//508 471//471
f 471//471 508//508 509//509
f 471//471 509//509 547//547
f 547//547 509//509 548//548
f 547//547 548//548 469//469
f 469//469 548//548 511//511
f 469//469 511//511 467//467
f 549//549 550//550 729//729
f 729//729 550//550 551//551
f 554//554 552//552 3796//3796
f 3796//3796 552//552 550//550
f 3796//3796 550//550 3797//3797
f 3797//3797 550//550 549//549
f 553//553 980//980 682//682
f 554//554 3795//3795 753//753
f 753//753 3795//3795 555//555
f 753//753 555//555 3793//3793
f 162//162 796//796 3793//3793
f 1056//1056 1057//1057 665//665
f 556//556 1055//1055 1026//1026
f 785//785 161//161 557//557
f 557//557 161//161 558//558
f 557//557 558//558 1069//1069
f 784//784 795//795 786//786
f 785//785 559//559 3791//3791
f 560//560 561//561 562//562
f 562//562 561//561 564//564
f 562//562 564//564 563//563
f 563//563 564//564 589//589
f 563//563 589//589 1070//1070
f 1070//1070 589//589 565//565
f 1070//1070 565//565 566//566
f 566//566 565//565 590//590
f 566//566 590//590 567//567
f 567//567 590//590 592//592
f 567//567 592//592 568//568
f 568//568 592//592 570//570
f 568//568 570//570 569//569
f 569//569 570//570 593//593
f 785//785 3791//3791 1071//1071
f 1071//1071 3791//3791 3766//3766
f 1071//1071 3766//3766 3789//3789
f 2875//2875 2874//2874 571//571
f 571//571 2874//2874 581//581
f 571//571 581//581 572//572
f 572//572 581//581 574//574
f 572//572 574//574 573//573
f 573//573 574//574 583//583
f 573//573 583//583 575//575
f 575//575 583//583 576//576
f 575//575 576//576 591//591
f 591//591 576//576 584//584
f 591//591 584//584 577//577
f 577//577 584//584 586//586
f 577//577 586//586 578//578
f 578//578 586//586 579//579
f 578//578 579//579 580//580
f 580//580 579//579 986//986
f 2874//2874 2873//2873 581//581
f 581//581 2873//2873 582//582
f 581//581 582//582 574//574
f 574//574 582//582 599//599
f 574//574 599//599 583//583
f 583//583 599//599 601//601
f 583//583 601//601 576//576
f 576//576 601//601 602//602
f 576//576 602//602 584//584
f 584//584 602//602 585//585
f 584//584 585//585 586//586
f 586//586 585//585 604//604
f 586//586 604//604 579//579
f 579//579 604//604 587//587
f 579//579 587//587 986//986
f 986//986 587//587 588//588
f 2914//2914 2912//2912 561//561
f 561//561 2912//2912 571//571
f 561//561 571//571 564//564
f 564//564 571//571 572//572
f 564//564 572//572 589//589
f 589//589 572//572 573//573
f 589//589 573//573 565//565
f 565//565 573//573 575//575
f 565//565 575//575 590//590
f 590//590 575//575 591//591
f 590//590 591//591 592//592
f 592//592 591//591 577//577
f 592//592 577//577 570//570
f 570//570 577//577 578//578
f 570//570 578//578 593//593
f 593//593 578//578 580//580
f 1072//1072 594//594 560//560
f 560//560 594//594 597//597
f 2914//2914 561//561 595//595
f 595//595 561//561 560//560
f 595//595 560//560 596//596
f 596//596 560//560 597//597
f 596//596 597//597 598//598
f 2876//2876 2878//2878 582//582
f 582//582 2878//2878 645//645
f 582//582 645//645 599//599
f 599//599 645//645 600//600
f 599//599 600//600 601//601
f 601//601 600//600 646//646
f 601//601 646//646 602//602
f 602//602 646//646 649//649
f 602//602 649//649 585//585
f 585//585 649//649 603//603
f 585//585 603//603 604//604
f 604//604 603//603 605//605
f 604//604 605//605 587//587
f 587//587 605//605 650//650
f 587//587 650//650 588//588
f 588//588 650//650 652//652
f 2880//2880 606//606 607//607
f 607//607 606//606 609//609
f 607//607 609//609 608//608
f 608//608 609//609 617//617
f 608//608 617//617 647//647
f 610//610 612//612 611//611
f 611//611 612//612 622//622
f 611//611 622//622 613//613
f 613//613 622//622 624//624
f 613//613 624//624 640//640
f 640//640 624//624 614//614
f 640//640 614//614 615//615
f 615//615 614//614 625//625
f 615//615 625//625 636//636
f 648//648 647//647 623//623
f 623//623 647//647 617//617
f 623//623 617//617 616//616
f 616//616 617//617 618//618
f 616//616 618//618 626//626
f 626//626 618//618 619//619
f 626//626 619//619 2930//2930
f 606//606 2905//2905 609//609
f 609//609 2905//2905 620//620
f 609//609 620//620 618//618
f 618//618 620//620 621//621
f 618//618 621//621 619//619
f 612//612 648//648 622//622
f 622//622 648//648 623//623
f 622//622 623//623 624//624
f 624//624 623//623 616//616
f 624//624 616//616 614//614
f 614//614 616//616 626//626
f 614//614 626//626 625//625
f 625//625 626//626 2930//2930
f 643//643 644//644 2957//2957
f 980//980 163//163 682//682
f 682//682 163//163 628//628
f 682//682 628//628 627//627
f 627//627 628//628 639//639
f 627//627 639//639 629//629
f 629//629 639//639 630//630
f 629//629 630//630 685//685
f 685//685 630//630 641//641
f 685//685 641//641 631//631
f 631//631 641//641 642//642
f 631//631 642//642 632//632
f 632//632 642//642 643//643
f 632//632 643//643 633//633
f 633//633 643//643 2957//2957
f 633//633 2957//2957 2956//2956
f 2930//2930 634//634 625//625
f 625//625 634//634 635//635
f 625//625 635//635 636//636
f 636//636 635//635 637//637
f 636//636 637//637 638//638
f 982//982 651//651 163//163
f 163//163 651//651 610//610
f 163//163 610//610 628//628
f 628//628 610//610 611//611
f 628//628 611//611 639//639
f 639//639 611//611 613//613
f 639//639 613//613 630//630
f 630//630 613//613 640//640
f 630//630 640//640 641//641
f 641//641 640//640 615//615
f 641//641 615//615 642//642
f 642//642 615//615 636//636
f 642//642 636//636 643//643
f 643//643 636//636 638//638
f 643//643 638//638 644//644
f 2879//2879 2880//2880 645//645
f 645//645 2880//2880 607//607
f 645//645 607//607 600//600
f 600//600 607//607 608//608
f 600//600 608//608 646//646
f 646//646 608//608 647//647
f 646//646 647//647 649//649
f 649//649 647//647 648//648
f 649//649 648//648 603//603
f 603//603 648//648 612//612
f 603//603 612//612 605//605
f 605//605 612//612 610//610
f 605//605 610//610 650//650
f 650//650 610//610 651//651
f 650//650 651//651 652//652
f 652//652 651//651 982//982
f 976//976 975//975 919//919
f 919//919 975//975 974//974
f 919//919 974//974 653//653
f 653//653 974//974 973//973
f 653//653 973//973 654//654
f 654//654 973//973 971//971
f 654//654 971//971 921//921
f 921//921 971//971 656//656
f 921//921 656//656 655//655
f 655//655 656//656 657//657
f 655//655 657//657 679//679
f 3220//3220 658//658 923//923
f 923//923 658//658 676//676
f 923//923 676//676 922//922
f 922//922 676//676 659//659
f 922//922 659//659 660//660
f 660//660 659//659 661//661
f 660//660 661//661 662//662
f 662//662 661//661 672//672
f 662//662 672//672 663//663
f 663//663 672//672 664//664
f 663//663 664//664 920//920
f 920//920 664//664 665//665
f 920//920 665//665 666//666
f 666//666 665//665 1057//1057
f 666//666 1057//1057 1059//1059
f 1055//1055 667//667 1026//1026
f 1026//1026 667//667 671//671
f 1026//1026 671//671 668//668
f 668//668 671//671 673//673
f 668//668 673//673 1027//1027
f 1027//1027 673//673 674//674
f 1027//1027 674//674 1029//1029
f 1029//1029 674//674 675//675
f 1029//1029 675//675 1031//1031
f 1031//1031 675//675 669//669
f 1031//1031 669//669 1032//1032
f 1032//1032 669//669 1024//1024
f 1032//1032 1024//1024 670//670
f 1056//1056 665//665 667//667
f 667//667 665//665 664//664
f 667//667 664//664 671//671
f 671//671 664//664 672//672
f 671//671 672//672 673//673
f 673//673 672//672 661//661
f 673//673 661//661 674//674
f 674//674 661//661 659//659
f 674//674 659//659 675//675
f 675//675 659//659 676//676
f 675//675 676//676 669//669
f 669//669 676//676 658//658
f 669//669 658//658 1024//1024
f 677//677 3177//3177 657//657
f 657//657 3177//3177 678//678
f 657//657 678//678 679//679
f 679//679 678//678 3178//3178
f 679//679 3178//3178 680//680
f 553//553 682//682 681//681
f 681//681 682//682 627//627
f 681//681 627//627 977//977
f 977//977 627//627 629//629
f 977//977 629//629 683//683
f 683//683 629//629 685//685
f 683//683 685//685 684//684
f 684//684 685//685 631//631
f 684//684 631//631 972//972
f 972//972 631//631 632//632
f 972//972 632//632 970//970
f 970//970 632//632 633//633
f 970//970 633//633 160//160
f 160//160 633//633 2956//2956
f 160//160 2956//2956 159//159
f 3810//3810 686//686 687//687
f 687//687 686//686 946//946
f 687//687 946//946 693//693
f 693//693 946//946 691//691
f 690//690 688//688 689//689
f 689//689 2527//2527 690//690
f 690//690 2527//2527 2528//2528
f 690//690 2528//2528 691//691
f 691//691 2528//2528 692//692
f 691//691 692//692 693//693
f 701//701 702//702 688//688
f 688//688 702//702 2587//2587
f 688//688 2587//2587 689//689
f 694//694 3808//3808 158//158
f 158//158 3808//3808 695//695
f 158//158 695//695 696//696
f 697//697 715//715 698//698
f 698//698 715//715 696//696
f 698//698 696//696 699//699
f 699//699 696//696 695//695
f 949//949 2568//2568 701//701
f 701//701 2568//2568 700//700
f 701//701 700//700 702//702
f 952//952 2586//2586 703//703
f 952//952 703//703 705//705
f 703//703 704//704 705//705
f 705//705 704//704 706//706
f 705//705 706//706 949//949
f 949//949 706//706 2569//2569
f 949//949 2569//2569 2568//2568
f 2839//2839 865//865 2842//2842
f 1020//1020 1021//1021 867//867
f 867//867 1021//1021 708//708
f 867//867 708//708 707//707
f 707//707 708//708 709//709
f 707//707 709//709 2843//2843
f 712//712 810//810 952//952
f 805//805 711//711 710//710
f 710//710 711//711 807//807
f 810//810 712//712 713//713
f 713//713 712//712 714//714
f 713//713 714//714 812//812
f 3805//3805 745//745 716//716
f 716//716 745//745 715//715
f 716//716 715//715 717//717
f 717//717 715//715 697//697
f 3805//3805 3804//3804 745//745
f 745//745 3804//3804 3800//3800
f 745//745 3800//3800 726//726
f 736//736 718//718 738//738
f 738//738 718//718 719//719
f 738//738 719//719 720//720
f 720//720 719//719 723//723
f 720//720 723//723 721//721
f 721//721 723//723 724//724
f 721//721 724//724 740//740
f 740//740 724//724 722//722
f 740//740 722//722 948//948
f 719//719 750//750 723//723
f 723//723 750//750 157//157
f 723//723 157//157 724//724
f 724//724 157//157 950//950
f 724//724 950//950 722//722
f 725//725 743//743 3803//3803
f 3803//3803 743//743 726//726
f 3803//3803 726//726 3802//3802
f 3802//3802 726//726 3800//3800
f 725//725 727//727 743//743
f 743//743 727//727 728//728
f 743//743 728//728 551//551
f 551//551 728//728 3798//3798
f 551//551 3798//3798 729//729
f 746//746 735//735 742//742
f 742//742 735//735 737//737
f 742//742 737//737 730//730
f 730//730 737//737 731//731
f 730//730 731//731 732//732
f 732//732 731//731 733//733
f 732//732 733//733 744//744
f 744//744 733//733 739//739
f 744//744 739//739 734//734
f 734//734 739//739 741//741
f 735//735 736//736 737//737
f 737//737 736//736 738//738
f 737//737 738//738 731//731
f 731//731 738//738 720//720
f 731//731 720//720 733//733
f 733//733 720//720 721//721
f 733//733 721//721 739//739
f 739//739 721//721 740//740
f 739//739 740//740 741//741
f 741//741 740//740 948//948
f 741//741 948//948 947//947
f 552//552 746//746 550//550
f 550//550 746//746 742//742
f 550//550 742//742 551//551
f 551//551 742//742 730//730
f 551//551 730//730 743//743
f 743//743 730//730 732//732
f 743//743 732//732 726//726
f 726//726 732//732 744//744
f 726//726 744//744 745//745
f 745//745 744//744 734//734
f 745//745 734//734 715//715
f 715//715 734//734 741//741
f 715//715 741//741 696//696
f 696//696 741//741 947//947
f 696//696 947//947 158//158
f 554//554 753//753 552//552
f 552//552 753//753 755//755
f 552//552 755//755 746//746
f 746//746 755//755 747//747
f 746//746 747//747 735//735
f 735//735 747//747 757//757
f 735//735 757//757 736//736
f 736//736 757//757 748//748
f 736//736 748//748 718//718
f 718//718 748//748 749//749
f 718//718 749//749 719//719
f 719//719 749//749 759//759
f 719//719 759//759 750//750
f 750//750 759//759 761//761
f 750//750 761//761 157//157
f 157//157 761//761 751//751
f 157//157 751//751 752//752
f 3793//3793 796//796 753//753
f 753//753 796//796 754//754
f 753//753 754//754 755//755
f 755//755 754//754 797//797
f 755//755 797//797 747//747
f 747//747 797//797 756//756
f 747//747 756//756 757//757
f 757//757 756//756 800//800
f 757//757 800//800 748//748
f 748//748 800//800 802//802
f 748//748 802//802 749//749
f 749//749 802//802 758//758
f 749//749 758//758 759//759
f 759//759 758//758 803//803
f 759//759 803//803 761//761
f 761//761 803//803 760//760
f 761//761 760//760 751//751
f 751//751 760//760 762//762
f 751//751 762//762 752//752
f 752//752 762//762 804//804
f 752//752 804//804 763//763
f 763//763 804//804 764//764
f 763//763 764//764 951//951
f 794//794 765//765 768//768
f 791//791 771//771 766//766
f 766//766 771//771 769//769
f 766//766 769//769 767//767
f 765//765 767//767 768//768
f 768//768 767//767 769//769
f 768//768 769//769 770//770
f 770//770 769//769 771//771
f 770//770 771//771 1065//1065
f 1065//1065 771//771 791//791
f 1065//1065 791//791 1064//1064
f 1064//1064 791//791 156//156
f 805//805 772//772 773//773
f 773//773 772//772 774//774
f 773//773 774//774 776//776
f 776//776 774//774 775//775
f 776//776 775//775 777//777
f 777//777 775//775 778//778
f 777//777 778//778 1068//1068
f 1068//1068 778//778 801//801
f 1068//1068 801//801 779//779
f 779//779 801//801 780//780
f 779//779 780//780 781//781
f 781//781 780//780 782//782
f 781//781 782//782 783//783
f 783//783 782//782 799//799
f 783//783 799//799 1069//1069
f 1069//1069 799//799 798//798
f 1069//1069 798//798 557//557
f 557//557 798//798 784//784
f 557//557 784//784 785//785
f 785//785 784//784 786//786
f 785//785 786//786 559//559
f 979//979 787//787 981//981
f 981//981 787//787 788//788
f 981//981 788//788 983//983
f 983//983 788//788 789//789
f 983//983 789//789 984//984
f 984//984 789//789 792//792
f 984//984 792//792 985//985
f 985//985 792//792 790//790
f 985//985 790//790 987//987
f 987//987 790//790 793//793
f 987//987 793//793 988//988
f 988//988 793//793 1066//1066
f 988//988 1066//1066 1067//1067
f 916//916 156//156 917//917
f 917//917 156//156 155//155
f 917//917 155//155 788//788
f 788//788 155//155 791//791
f 788//788 791//791 789//789
f 789//789 791//791 766//766
f 789//789 766//766 792//792
f 792//792 766//766 767//767
f 792//792 767//767 790//790
f 790//790 767//767 765//765
f 790//790 765//765 793//793
f 793//793 765//765 794//794
f 793//793 794//794 1066//1066
f 3792//3792 795//795 796//796
f 796//796 795//795 784//784
f 796//796 784//784 754//754
f 754//754 784//784 798//798
f 754//754 798//798 797//797
f 797//797 798//798 799//799
f 797//797 799//799 756//756
f 756//756 799//799 782//782
f 756//756 782//782 800//800
f 800//800 782//782 780//780
f 800//800 780//780 802//802
f 802//802 780//780 801//801
f 802//802 801//801 758//758
f 758//758 801//801 778//778
f 758//758 778//778 803//803
f 803//803 778//778 775//775
f 803//803 775//775 760//760
f 760//760 775//775 774//774
f 760//760 774//774 762//762
f 762//762 774//774 772//772
f 762//762 772//772 804//804
f 804//804 772//772 805//805
f 804//804 805//805 764//764
f 764//764 805//805 710//710
f 764//764 710//710 806//806
f 806//806 710//710 807//807
f 806//806 807//807 1063//1063
f 2668//2668 1022//1022 808//808
f 808//808 1022//1022 820//820
f 808//808 820//820 2805//2805
f 2586//2586 952//952 809//809
f 809//809 952//952 810//810
f 809//809 810//810 811//811
f 811//811 810//810 713//713
f 811//811 713//713 813//813
f 813//813 713//713 812//812
f 813//813 812//812 933//933
f 928//928 815//815 814//814
f 814//814 815//815 816//816
f 814//814 816//816 929//929
f 929//929 816//816 911//911
f 829//829 817//817 823//823
f 823//823 817//817 1087//1087
f 823//823 1087//1087 818//818
f 818//818 1087//1087 2728//2728
f 818//818 2728//2728 821//821
f 821//821 2728//2728 819//819
f 821//821 819//819 820//820
f 820//820 819//819 2805//2805
f 820//820 854//854 821//821
f 821//821 854//854 822//822
f 821//821 822//822 818//818
f 818//818 822//822 824//824
f 818//818 824//824 823//823
f 823//823 824//824 851//851
f 823//823 851//851 829//829
f 829//829 851//851 850//850
f 829//829 850//850 825//825
f 825//825 850//850 826//826
f 825//825 826//826 180//180
f 180//180 826//826 848//848
f 180//180 848//848 179//179
f 827//827 828//828 825//825
f 825//825 828//828 1073//1073
f 825//825 1073//1073 829//829
f 829//829 1073//1073 2747//2747
f 829//829 2747//2747 817//817
f 855//855 830//830 831//831
f 831//831 830//830 832//832
f 831//831 832//832 853//853
f 853//853 832//832 842//842
f 853//853 842//842 852//852
f 852//852 842//842 843//843
f 852//852 843//843 833//833
f 833//833 843//843 834//834
f 833//833 834//834 849//849
f 849//849 834//834 847//847
f 849//849 847//847 835//835
f 835//835 847//847 901//901
f 835//835 901//901 182//182
f 909//909 908//908 841//841
f 841//841 908//908 906//906
f 841//841 906//906 836//836
f 836//836 906//906 838//838
f 836//836 838//838 837//837
f 837//837 838//838 839//839
f 837//837 839//839 844//844
f 844//844 839//839 903//903
f 844//844 903//903 845//845
f 845//845 903//903 840//840
f 845//845 840//840 846//846
f 856//856 910//910 855//855
f 855//855 910//910 909//909
f 855//855 909//909 830//830
f 830//830 909//909 841//841
f 830//830 841//841 832//832
f 832//832 841//841 836//836
f 832//832 836//836 842//842
f 842//842 836//836 837//837
f 842//842 837//837 843//843
f 843//843 837//837 844//844
f 843//843 844//844 834//834
f 834//834 844//844 845//845
f 834//834 845//845 847//847
f 847//847 845//845 846//846
f 847//847 846//846 901//901
f 2763//2763 178//178 183//183
f 183//183 178//178 179//179
f 183//183 179//179 182//182
f 182//182 179//179 848//848
f 182//182 848//848 835//835
f 835//835 848//848 826//826
f 835//835 826//826 849//849
f 849//849 826//826 850//850
f 849//849 850//850 833//833
f 833//833 850//850 851//851
f 833//833 851//851 852//852
f 852//852 851//851 824//824
f 852//852 824//824 853//853
f 853//853 824//824 822//822
f 853//853 822//822 831//831
f 831//831 822//822 854//854
f 831//831 854//854 855//855
f 855//855 854//854 820//820
f 855//855 820//820 856//856
f 856//856 820//820 1022//1022
f 1006//1006 895//895 1007//1007
f 1007//1007 895//895 272//272
f 1007//1007 272//272 1009//1009
f 1009//1009 272//272 271//271
f 1009//1009 271//271 1011//1011
f 1011//1011 271//271 270//270
f 1011//1011 270//270 857//857
f 857//857 270//270 268//268
f 857//857 268//268 1012//1012
f 1012//1012 268//268 267//267
f 1012//1012 267//267 1014//1014
f 1014//1014 267//267 885//885
f 1014//1014 885//885 858//858
f 858//858 885//885 859//859
f 858//858 859//859 1016//1016
f 1016//1016 859//859 882//882
f 1016//1016 882//882 860//860
f 860//860 882//882 881//881
f 860//860 881//881 1017//1017
f 1017//1017 881//881 880//880
f 1017//1017 880//880 862//862
f 862//862 880//880 861//861
f 862//862 861//861 1018//1018
f 1018//1018 861//861 863//863
f 1018//1018 863//863 864//864
f 2842//2842 865//865 707//707
f 707//707 865//865 866//866
f 707//707 866//866 867//867
f 867//867 866//866 868//868
f 867//867 868//868 1020//1020
f 1020//1020 868//868 869//869
f 1020//1020 869//869 1019//1019
f 1019//1019 869//869 870//870
f 1019//1019 870//870 871//871
f 871//871 870//870 934//934
f 871//871 934//934 872//872
f 872//872 934//934 936//936
f 872//872 936//936 873//873
f 873//873 936//936 874//874
f 873//873 874//874 875//875
f 875//875 874//874 938//938
f 875//875 938//938 876//876
f 876//876 938//938 940//940
f 876//876 940//940 877//877
f 877//877 940//940 878//878
f 877//877 878//878 967//967
f 907//907 861//861 287//287
f 287//287 861//861 880//880
f 287//287 880//880 879//879
f 879//879 880//880 881//881
f 879//879 881//881 285//285
f 285//285 881//881 882//882
f 285//285 882//882 883//883
f 883//883 882//882 859//859
f 883//883 859//859 884//884
f 884//884 859//859 885//885
f 884//884 885//885 282//282
f 282//282 885//885 177//177
f 282//282 177//177 281//281
f 281//281 177//177 257//257
f 281//281 257//257 886//886
f 886//886 257//257 887//887
f 886//886 887//887 888//888
f 888//888 887//887 252//252
f 888//888 252//252 889//889
f 889//889 252//252 253//253
f 889//889 253//253 890//890
f 890//890 253//253 891//891
f 890//890 891//891 278//278
f 278//278 891//891 255//255
f 278//278 255//255 293//293
f 293//293 255//255 892//892
f 293//293 892//892 294//294
f 294//294 892//892 893//893
f 294//294 893//893 894//894
f 894//894 893//893 895//895
f 894//894 895//895 896//896
f 896//896 895//895 1006//1006
f 896//896 1006//1006 897//897
f 2702//2702 898//898 899//899
f 899//899 898//898 181//181
f 899//899 181//181 185//185
f 185//185 181//181 182//182
f 185//185 182//182 900//900
f 900//900 182//182 901//901
f 900//900 901//901 329//329
f 329//329 901//901 846//846
f 329//329 846//846 284//284
f 284//284 846//846 840//840
f 284//284 840//840 286//286
f 286//286 840//840 903//903
f 286//286 903//903 902//902
f 902//902 903//903 839//839
f 902//902 839//839 904//904
f 904//904 839//839 838//838
f 904//904 838//838 905//905
f 905//905 838//838 906//906
f 905//905 906//906 907//907
f 907//907 906//906 908//908
f 907//907 908//908 863//863
f 863//863 908//908 909//909
f 863//863 909//909 864//864
f 864//864 909//909 910//910
f 815//815 956//956 816//816
f 816//816 956//956 912//912
f 816//816 912//912 911//911
f 911//911 912//912 913//913
f 911//911 913//913 958//958
f 951//951 764//764 914//914
f 914//914 764//764 806//806
f 914//914 806//806 953//953
f 953//953 806//806 1063//1063
f 953//953 1063//1063 954//954
f 954//954 1063//1063 1062//1062
f 954//954 1062//1062 955//955
f 955//955 1062//1062 915//915
f 955//955 915//915 944//944
f 916//916 917//917 918//918
f 918//918 917//917 787//787
f 918//918 787//787 1061//1061
f 1061//1061 787//787 979//979
f 1061//1061 979//979 1060//1060
f 1060//1060 979//979 978//978
f 1060//1060 978//978 1059//1059
f 1059//1059 978//978 976//976
f 1059//1059 976//976 666//666
f 666//666 976//976 919//919
f 666//666 919//919 920//920
f 920//920 919//919 653//653
f 920//920 653//653 663//663
f 663//663 653//653 654//654
f 663//663 654//654 662//662
f 662//662 654//654 921//921
f 662//662 921//921 660//660
f 660//660 921//921 655//655
f 660//660 655//655 922//922
f 922//922 655//655 679//679
f 922//922 679//679 923//923
f 923//923 679//679 680//680
f 923//923 680//680 3220//3220
f 961//961 959//959 924//924
f 924//924 959//959 925//925
f 924//924 925//925 957//957
f 964//964 926//926 960//960
f 960//960 926//926 927//927
f 960//960 927//927 958//958
f 714//714 928//928 812//812
f 812//812 928//928 814//814
f 812//812 814//814 933//933
f 933//933 814//814 929//929
f 933//933 929//929 930//930
f 930//930 929//929 911//911
f 930//930 911//911 935//935
f 935//935 911//911 958//958
f 935//935 958//958 937//937
f 937//937 958//958 927//927
f 937//937 927//927 931//931
f 931//931 927//927 926//926
f 931//931 926//926 939//939
f 939//939 926//926 932//932
f 939//939 932//932 941//941
f 2839//2839 2586//2586 865//865
f 865//865 2586//2586 809//809
f 865//865 809//809 866//866
f 866//866 809//809 811//811
f 866//866 811//811 868//868
f 868//868 811//811 813//813
f 868//868 813//813 869//869
f 869//869 813//813 933//933
f 869//869 933//933 870//870
f 870//870 933//933 930//930
f 870//870 930//930 934//934
f 934//934 930//930 935//935
f 934//934 935//935 936//936
f 936//936 935//935 937//937
f 936//936 937//937 874//874
f 874//874 937//937 931//931
f 874//874 931//931 938//938
f 938//938 931//931 939//939
f 938//938 939//939 940//940
f 940//940 939//939 941//941
f 940//940 941//941 878//878
f 1058//1058 961//961 942//942
f 942//942 961//961 924//924
f 942//942 924//924 943//943
f 943//943 924//924 957//957
f 943//943 957//957 944//944
f 945//945 3809//3809 946//946
f 946//946 3809//3809 158//158
f 946//946 158//158 691//691
f 691//691 158//158 947//947
f 691//691 947//947 690//690
f 690//690 947//947 948//948
f 690//690 948//948 688//688
f 688//688 948//948 722//722
f 688//688 722//722 701//701
f 701//701 722//722 950//950
f 701//701 950//950 949//949
f 949//949 950//950 752//752
f 949//949 752//752 705//705
f 705//705 752//752 763//763
f 705//705 763//763 952//952
f 952//952 763//763 951//951
f 952//952 951//951 712//712
f 712//712 951//951 914//914
f 712//712 914//914 714//714
f 714//714 914//914 953//953
f 714//714 953//953 928//928
f 928//928 953//953 954//954
f 928//928 954//954 815//815
f 815//815 954//954 955//955
f 815//815 955//955 956//956
f 956//956 955//955 944//944
f 956//956 944//944 912//912
f 912//912 944//944 957//957
f 912//912 957//957 913//913
f 913//913 957//957 925//925
f 913//913 925//925 958//958
f 958//958 925//925 959//959
f 958//958 959//959 960//960
f 960//960 959//959 961//961
f 960//960 961//961 964//964
f 964//964 961//961 1058//1058
f 244//244 966//966 962//962
f 962//962 966//966 965//965
f 962//962 965//965 963//963
f 1058//1058 963//963 964//964
f 964//964 963//963 965//965
f 964//964 965//965 926//926
f 926//926 965//965 966//966
f 926//926 966//966 932//932
f 932//932 966//966 247//247
f 932//932 247//247 941//941
f 941//941 247//247 248//248
f 941//941 248//248 878//878
f 878//878 248//248 249//249
f 878//878 249//249 967//967
f 967//967 249//249 250//250
f 967//967 250//250 968//968
f 968//968 250//250 239//239
f 968//968 239//239 235//235
f 235//235 239//239 238//238
f 235//235 238//238 236//236
f 236//236 238//238 969//969
f 236//236 969//969 1013//1013
f 677//677 657//657 160//160
f 160//160 657//657 656//656
f 160//160 656//656 970//970
f 970//970 656//656 971//971
f 970//970 971//971 972//972
f 972//972 971//971 973//973
f 972//972 973//973 684//684
f 684//684 973//973 974//974
f 684//684 974//974 683//683
f 683//683 974//974 975//975
f 683//683 975//975 977//977
f 977//977 975//975 976//976
f 977//977 976//976 681//681
f 681//681 976//976 978//978
f 681//681 978//978 553//553
f 553//553 978//978 979//979
f 553//553 979//979 980//980
f 980//980 979//979 981//981
f 980//980 981//981 982//982
f 982//982 981//981 983//983
f 982//982 983//983 652//652
f 652//652 983//983 984//984
f 652//652 984//984 588//588
f 588//588 984//984 985//985
f 588//588 985//985 986//986
f 986//986 985//985 987//987
f 986//986 987//987 580//580
f 580//580 987//987 988//988
f 580//580 988//988 593//593
f 593//593 988//988 1067//1067
f 593//593 1067//1067 569//569
f 989//989 993//993 990//990
f 990//990 993//993 70//70
f 1174//1174 1176//1176 991//991
f 991//991 1176//1176 992//992
f 991//991 992//992 74//74
f 74//74 992//992 993//993
f 74//74 993//993 76//76
f 76//76 993//993 989//989
f 997//997 994//994 995//995
f 995//995 994//994 90//90
f 995//995 90//90 996//996
f 86//86 997//997 412//412
f 412//412 997//997 995//995
f 412//412 995//995 998//998
f 998//998 995//995 299//299
f 998//998 299//299 999//999
f 999//999 299//299 301//301
f 999//999 301//301 1001//1001
f 1001//1001 301//301 1000//1000
f 1001//1001 1000//1000 407//407
f 407//407 1000//1000 1002//1002
f 407//407 1002//1002 406//406
f 406//406 1002//1002 304//304
f 406//406 304//304 1003//1003
f 1003//1003 304//304 1004//1004
f 1003//1003 1004//1004 405//405
f 405//405 1004//1004 894//894
f 405//405 894//894 403//403
f 403//403 894//894 170//170
f 403//403 170//170 401//401
f 401//401 170//170 897//897
f 401//401 897//897 1005//1005
f 1005//1005 897//897 1006//1006
f 1005//1005 1006//1006 295//295
f 295//295 1006//1006 1007//1007
f 295//295 1007//1007 1008//1008
f 1008//1008 1007//1007 1009//1009
f 1008//1008 1009//1009 1010//1010
f 1010//1010 1009//1009 1011//1011
f 1010//1010 1011//1011 251//251
f 251//251 1011//1011 857//857
f 251//251 857//857 969//969
f 969//969 857//857 1012//1012
f 969//969 1012//1012 1013//1013
f 1013//1013 1012//1012 1014//1014
f 1013//1013 1014//1014 232//232
f 232//232 1014//1014 858//858
f 232//232 858//858 1015//1015
f 1015//1015 858//858 1016//1016
f 1015//1015 1016//1016 171//171
f 171//171 1016//1016 860//860
f 171//171 860//860 875//875
f 875//875 860//860 1017//1017
f 875//875 1017//1017 873//873
f 873//873 1017//1017 862//862
f 873//873 862//862 872//872
f 872//872 862//862 1018//1018
f 872//872 1018//1018 871//871
f 871//871 1018//1018 864//864
f 871//871 864//864 1019//1019
f 1019//1019 864//864 910//910
f 1019//1019 910//910 1020//1020
f 1020//1020 910//910 856//856
f 1020//1020 856//856 1021//1021
f 1021//1021 856//856 1022//1022
f 1021//1021 1022//1022 708//708
f 708//708 1022//1022 2668//2668
f 708//708 2668//2668 709//709
f 3220//3220 3221//3221 658//658
f 658//658 3221//3221 1023//1023
f 658//658 1023//1023 1024//1024
f 1024//1024 1023//1023 1025//1025
f 1024//1024 1025//1025 670//670
f 670//670 1025//1025 1078//1078
f 670//670 1078//1078 3225//3225
f 556//556 1026//1026 330//330
f 330//330 1026//1026 668//668
f 330//330 668//668 393//393
f 393//393 668//668 1027//1027
f 393//393 1027//1027 1028//1028
f 1028//1028 1027//1027 1029//1029
f 1028//1028 1029//1029 1030//1030
f 1030//1030 1029//1029 1031//1031
f 1030//1030 1031//1031 355//355
f 355//355 1031//1031 1032//1032
f 355//355 1032//1032 1033//1033
f 1033//1033 1032//1032 670//670
f 1033//1033 670//670 1034//1034
f 1034//1034 670//670 3225//3225
f 1034//1034 3225//3225 1035//1035
f 79//79 1036//1036 416//416
f 416//416 1036//1036 426//426
f 416//416 426//426 1037//1037
f 1037//1037 426//426 411//411
f 1037//1037 411//411 415//415
f 415//415 411//411 410//410
f 415//415 410//410 413//413
f 413//413 410//410 409//409
f 413//413 409//409 1038//1038
f 1038//1038 409//409 408//408
f 1038//1038 408//408 1039//1039
f 1039//1039 408//408 1040//1040
f 1039//1039 1040//1040 1041//1041
f 1041//1041 1040//1040 1042//1042
f 1041//1041 1042//1042 1043//1043
f 1043//1043 1042//1042 1044//1044
f 1043//1043 1044//1044 440//440
f 440//440 1044//1044 404//404
f 440//440 404//404 368//368
f 368//368 404//404 402//402
f 368//368 402//402 369//369
f 369//369 402//402 1045//1045
f 369//369 1045//1045 1046//1046
f 1046//1046 1045//1045 312//312
f 1046//1046 312//312 1047//1047
f 1047//1047 312//312 1048//1048
f 1047//1047 1048//1048 338//338
f 338//338 1048//1048 1049//1049
f 338//338 1049//1049 337//337
f 337//337 1049//1049 240//240
f 337//337 240//240 1050//1050
f 1050//1050 240//240 242//242
f 1050//1050 242//242 334//334
f 334//334 242//242 1051//1051
f 334//334 1051//1051 331//331
f 331//331 1051//1051 1052//1052
f 331//331 1052//1052 1053//1053
f 1053//1053 1052//1052 1054//1054
f 1053//1053 1054//1054 556//556
f 556//556 1054//1054 244//244
f 556//556 244//244 1055//1055
f 1055//1055 244//244 962//962
f 1055//1055 962//962 1056//1056
f 1056//1056 962//962 963//963
f 1056//1056 963//963 1057//1057
f 1057//1057 963//963 1058//1058
f 1057//1057 1058//1058 1059//1059
f 1059//1059 1058//1058 942//942
f 1059//1059 942//942 1060//1060
f 1060//1060 942//942 943//943
f 1060//1060 943//943 1061//1061
f 1061//1061 943//943 944//944
f 1061//1061 944//944 918//918
f 918//918 944//944 915//915
f 918//918 915//915 916//916
f 916//916 915//915 1062//1062
f 916//916 1062//1062 156//156
f 156//156 1062//1062 1063//1063
f 156//156 1063//1063 1064//1064
f 1064//1064 1063//1063 807//807
f 1064//1064 807//807 1065//1065
f 1065//1065 807//807 711//711
f 1065//1065 711//711 770//770
f 770//770 711//711 805//805
f 770//770 805//805 768//768
f 768//768 805//805 773//773
f 768//768 773//773 794//794
f 794//794 773//773 776//776
f 794//794 776//776 1066//1066
f 1066//1066 776//776 777//777
f 1066//1066 777//777 1067//1067
f 1067//1067 777//777 1068//1068
f 1067//1067 1068//1068 569//569
f 569//569 1068//1068 779//779
f 569//569 779//779 568//568
f 568//568 779//779 781//781
f 568//568 781//781 567//567
f 567//567 781//781 783//783
f 567//567 783//783 566//566
f 566//566 783//783 1069//1069
f 566//566 1069//1069 1070//1070
f 1070//1070 1069//1069 558//558
f 1070//1070 558//558 563//563
f 563//563 558//558 161//161
f 563//563 161//161 562//562
f 562//562 161//161 1071//1071
f 562//562 1071//1071 560//560
f 560//560 1071//1071 3789//3789
f 560//560 3789//3789 1072//1072
f 1073//1073 828//828 3682//3682
f 3415//3415 1074//1074 1075//1075
f 3367//3367 3366//3366 3419//3419
f 3422//3422 1076//1076 3345//3345
f 3419//3419 3421//3421 3372//3372
f 1077//1077 3310//3310 3558//3558
f 3224//3224 1078//1078 1025//1025
f 3105//3105 3370//3370 3106//3106
f 3342//3342 1079//1079 3329//3329
f 3142//3142 3856//3856 1080//1080
f 3589//3589 3768//3768 3122//3122
f 3397//3397 3588//3588 3398//3398
f 3769//3769 1081//1081 3110//3110
f 3555//3555 2971//2971 3306//3306
f 2937//2937 2928//2928 2935//2935
f 1082//1082 2899//2899 3037//3037
f 1083//1083 3039//3039 2901//2901
f 2913//2913 2914//2914 595//595
f 2882//2882 1084//1084 2886//2886
f 1085//1085 1086//1086 2915//2915
f 2805//2805 819//819 2806//2806
f 2728//2728 1087//1087 2729//2729
f 2690//2690 2668//2668 808//808
f 2851//2851 1088//1088 2673//2673
f 1089//1089 3810//3810 687//687
f 3693//3693 2752//2752 3694//3694
f 1090//1090 2652//2652 2653//2653
f 3827//3827 3826//3826 2782//2782
f 1091//1091 2340//2340 2335//2335
f 1092//1092 3834//3834 2785//2785
f 3836//3836 1092//1092 2784//2784
f 1093//1093 2588//2588 2499//2499
f 2837//2837 2627//2627 2838//2838
f 204//204 2259//2259 2440//2440
f 208//208 3625//3625 2439//2439
f 2183//2183 203//203 1094//1094
f 2072//2072 2118//2118 2071//2071
f 2023//2023 1095//1095 2024//2024
f 2101//2101 2053//2053 1096//1096
f 1097//1097 2105//2105 2179//2179
f 2178//2178 1778//1778 1777//1777
f 2241//2241 1568//1568 1098//1098
f 2804//2804 1099//1099 898//898
f 1613//1613 1612//1612 2404//2404
f 2201//2201 1100//1100 1101//1101
f 2389//2389 1102//1102 2456//2456
f 2745//2745 1103//1103 2746//2746
f 1104//1104 1105//1105 1611//1611
f 2087//2087 2166//2166 2086//2086
f 3635//3635 1605//1605 3633//3633
f 1592//1592 1106//1106 1355//1355
f 1107//1107 1108//1108 1573//1573
f 1477//1477 1844//1844 1842//1842
f 1616//1616 3754//3754 1617//1617
f 1109//1109 1745//1745 1746//1746
f 1390//1390 1425//1425 1424//1424
f 1351//1351 52//52 1365//1365
f 1110//1110 1890//1890 1111//1111
f 1112//1112 1364//1364 1362//1362
f 1927//1927 1924//1924 1113//1113
f 1265//1265 1330//1330 1332//1332
f 1256//1256 1257//1257 1260//1260
f 1196//1196 1178//1178 1114//1114
f 1115//1115 1116//1116 1117//1117
f 1117//1117 1116//1116 1118//1118
f 3561//3561 3560//3560 1150//1150
f 1146//1146 1149//1149 1147//1147
f 3241//3241 1035//1035 3242//3242
f 1121//1121 3239//3239 3293//3293
f 366//366 1119//1119 3293//3293
f 3293//3293 1119//1119 1120//1120
f 3293//3293 1120//1120 1121//1121
f 3289//3289 1133//1133 1122//1122
f 1134//1134 1124//1124 1123//1123
f 1123//1123 1124//1124 1125//1125
f 1123//1123 1125//1125 1132//1132
f 1132//1132 1125//1125 1128//1128
f 1132//1132 1128//1128 1131//1131
f 1131//1131 1128//1128 1126//1126
f 1131//1131 1126//1126 1127//1127
f 1127//1127 1126//1126 360//360
f 1127//1127 360//360 1129//1129
f 1124//1124 3706//3706 1125//1125
f 1125//1125 3706//3706 3705//3705
f 1125//1125 3705//3705 1128//1128
f 1128//1128 3705//3705 3704//3704
f 1128//1128 3704//3704 1126//1126
f 1126//1126 3704//3704 359//359
f 1126//1126 359//359 360//360
f 1129//1129 364//364 1127//1127
f 1127//1127 364//364 1130//1130
f 1127//1127 1130//1130 1131//1131
f 1131//1131 1130//1130 1122//1122
f 1131//1131 1122//1122 1132//1132
f 1132//1132 1122//1122 1133//1133
f 1132//1132 1133//1133 1123//1123
f 1123//1123 1133//1133 3287//3287
f 1123//1123 3287//3287 1134//1134
f 1134//1134 3287//3287 3285//3285
f 1154//1154 3712//3712 3285//3285
f 3285//3285 3712//3712 3711//3711
f 3285//3285 3711//3711 1134//1134
f 1134//1134 3711//3711 3709//3709
f 1134//1134 3709//3709 1124//1124
f 1124//1124 3709//3709 3707//3707
f 1124//1124 3707//3707 3706//3706
f 3257//3257 3278//3278 1137//1137
f 3288//3288 3258//3258 1135//1135
f 1135//1135 3258//3258 1137//1137
f 1135//1135 1137//1137 1136//1136
f 1136//1136 1137//1137 3278//3278
f 1136//1136 3278//3278 1138//1138
f 1138//1138 3280//3280 1136//1136
f 1136//1136 3280//3280 1139//1139
f 1136//1136 1139//1139 1135//1135
f 1135//1135 1139//1139 1140//1140
f 1135//1135 1140//1140 3288//3288
f 3288//3288 1140//1140 3286//3286
f 3280//3280 1141//1141 1139//1139
f 1139//1139 1141//1141 3283//3283
f 1139//1139 3283//3283 1140//1140
f 1140//1140 3283//3283 3284//3284
f 1140//1140 3284//3284 3286//3286
f 3277//3277 1143//1143 1142//1142
f 1142//1142 1143//1143 3268//3268
f 1142//1142 3268//3268 3267//3267
f 3570//3570 3569//3569 1144//1144
f 1144//1144 3569//3569 1145//1145
f 1144//1144 1145//1145 3269//3269
f 1146//1146 1147//1147 3269//3269
f 1145//1145 3568//3568 3269//3269
f 3269//3269 3568//3568 3565//3565
f 3269//3269 3565//3565 1146//1146
f 1146//1146 3565//3565 1148//1148
f 1146//1146 1148//1148 1149//1149
f 3561//3561 1150//1150 3563//3563
f 1148//1148 3563//3563 1149//1149
f 1149//1149 3563//3563 1150//1150
f 1149//1149 1150//1150 1147//1147
f 1147//1147 1150//1150 1155//1155
f 1147//1147 1155//1155 1152//1152
f 1152//1152 1155//1155 1151//1151
f 1152//1152 1151//1151 3279//3279
f 3279//3279 1151//1151 3281//3281
f 3282//3282 1153//1153 1154//1154
f 1154//1154 1153//1153 3714//3714
f 1154//1154 3714//3714 3712//3712
f 1161//1161 3716//3716 3282//3282
f 3282//3282 3716//3716 3715//3715
f 3282//3282 3715//3715 1153//1153
f 3725//3725 3724//3724 3560//3560
f 3560//3560 3724//3724 1159//1159
f 3560//3560 1159//1159 1150//1150
f 1150//1150 1159//1159 1156//1156
f 1150//1150 1156//1156 1155//1155
f 1155//1155 1156//1156 1160//1160
f 1155//1155 1160//1160 1151//1151
f 1151//1151 1160//1160 1161//1161
f 1151//1151 1161//1161 3281//3281
f 3281//3281 1161//1161 3282//3282
f 3721//3721 1472//1472 1157//1157
f 1157//1157 1472//1472 1923//1923
f 1157//1157 1923//1923 3719//3719
f 3724//3724 1158//1158 1159//1159
f 1159//1159 1158//1158 3723//3723
f 1159//1159 3723//3723 1156//1156
f 1156//1156 3723//3723 3722//3722
f 1156//1156 3722//3722 1160//1160
f 1160//1160 3722//3722 3720//3720
f 1160//1160 3720//3720 1161//1161
f 1161//1161 3720//3720 3718//3718
f 1161//1161 3718//3718 3716//3716
f 1213//1213 1211//1211 1162//1162
f 1162//1162 1211//1211 1163//1163
f 1162//1162 1163//1163 445//445
f 445//445 1163//1163 1164//1164
f 445//445 1164//1164 1165//1165
f 1165//1165 1164//1164 1118//1118
f 1165//1165 1118//1118 1116//1116
f 1115//1115 1117//1117 488//488
f 488//488 1117//1117 1208//1208
f 488//488 1208//1208 1166//1166
f 1166//1166 1208//1208 1167//1167
f 1166//1166 1167//1167 1168//1168
f 1168//1168 1167//1167 1169//1169
f 1168//1168 1169//1169 513//513
f 513//513 1169//1169 1170//1170
f 1170//1170 1169//1169 1205//1205
f 1170//1170 1205//1205 1171//1171
f 1171//1171 1205//1205 1204//1204
f 1171//1171 1204//1204 515//515
f 515//515 1204//1204 1203//1203
f 515//515 1203//1203 1172//1172
f 1172//1172 1203//1203 1201//1201
f 1172//1172 1201//1201 495//495
f 495//495 1201//1201 1173//1173
f 1173//1173 1201//1201 1175//1175
f 1173//1173 1175//1175 1174//1174
f 1174//1174 1175//1175 1199//1199
f 1174//1174 1199//1199 1176//1176
f 1176//1176 1199//1199 1114//1114
f 1176//1176 1114//1114 992//992
f 70//70 993//993 1177//1177
f 1177//1177 993//993 69//69
f 992//992 1114//1114 993//993
f 993//993 1114//1114 1178//1178
f 993//993 1178//1178 69//69
f 1212//1212 1179//1179 1210//1210
f 1210//1210 1179//1179 1180//1180
f 1210//1210 1180//1180 1209//1209
f 1209//1209 1180//1180 1182//1182
f 1209//1209 1182//1182 1181//1181
f 1181//1181 1182//1182 1217//1217
f 1181//1181 1217//1217 1183//1183
f 1183//1183 1217//1217 1218//1218
f 1183//1183 1218//1218 1184//1184
f 1184//1184 1218//1218 1219//1219
f 1184//1184 1219//1219 1207//1207
f 1207//1207 1219//1219 1185//1185
f 1207//1207 1185//1185 1187//1187
f 1187//1187 1185//1185 1186//1186
f 1187//1187 1186//1186 1206//1206
f 1206//1206 1186//1186 1188//1188
f 1206//1206 1188//1188 1189//1189
f 1189//1189 1188//1188 1190//1190
f 1189//1189 1190//1190 1202//1202
f 1202//1202 1190//1190 1192//1192
f 1202//1202 1192//1192 1191//1191
f 1191//1191 1192//1192 1222//1222
f 1191//1191 1222//1222 1193//1193
f 1193//1193 1222//1222 1194//1194
f 1193//1193 1194//1194 1200//1200
f 1200//1200 1194//1194 1224//1224
f 1200//1200 1224//1224 1198//1198
f 1198//1198 1224//1224 1195//1195
f 1198//1198 1195//1195 1197//1197
f 66//66 65//65 1263//1263
f 1263//1263 65//65 63//63
f 1263//1263 63//63 1225//1225
f 67//67 1196//1196 1197//1197
f 1197//1197 1196//1196 1114//1114
f 1197//1197 1114//1114 1198//1198
f 1198//1198 1114//1114 1199//1199
f 1198//1198 1199//1199 1200//1200
f 1200//1200 1199//1199 1175//1175
f 1200//1200 1175//1175 1193//1193
f 1193//1193 1175//1175 1201//1201
f 1193//1193 1201//1201 1191//1191
f 1191//1191 1201//1201 1203//1203
f 1191//1191 1203//1203 1202//1202
f 1202//1202 1203//1203 1204//1204
f 1202//1202 1204//1204 1189//1189
f 1189//1189 1204//1204 1205//1205
f 1189//1189 1205//1205 1206//1206
f 1206//1206 1205//1205 1169//1169
f 1206//1206 1169//1169 1187//1187
f 1187//1187 1169//1169 1167//1167
f 1187//1187 1167//1167 1207//1207
f 1207//1207 1167//1167 1208//1208
f 1207//1207 1208//1208 1184//1184
f 1184//1184 1208//1208 1117//1117
f 1184//1184 1117//1117 1183//1183
f 1183//1183 1117//1117 1118//1118
f 1183//1183 1118//1118 1181//1181
f 1181//1181 1118//1118 1164//1164
f 1181//1181 1164//1164 1209//1209
f 1209//1209 1164//1164 1163//1163
f 1209//1209 1163//1163 1210//1210
f 1210//1210 1163//1163 1211//1211
f 1210//1210 1211//1211 1212//1212
f 1212//1212 1211//1211 1213//1213
f 1212//1212 1213//1213 358//358
f 1179//1179 1214//1214 1180//1180
f 1180//1180 1214//1214 1215//1215
f 1180//1180 1215//1215 1182//1182
f 1182//1182 1215//1215 1239//1239
f 1182//1182 1239//1239 1217//1217
f 1217//1217 1239//1239 1216//1216
f 1217//1217 1216//1216 1218//1218
f 1218//1218 1216//1216 1220//1220
f 1218//1218 1220//1220 1219//1219
f 1219//1219 1220//1220 1221//1221
f 1219//1219 1221//1221 1185//1185
f 1185//1185 1221//1221 1237//1237
f 1185//1185 1237//1237 1186//1186
f 1186//1186 1237//1237 1235//1235
f 1186//1186 1235//1235 1188//1188
f 1188//1188 1235//1235 1234//1234
f 1188//1188 1234//1234 1190//1190
f 1190//1190 1234//1234 1231//1231
f 1190//1190 1231//1231 1192//1192
f 1192//1192 1231//1231 1229//1229
f 1192//1192 1229//1229 1222//1222
f 1222//1222 1229//1229 1227//1227
f 1222//1222 1227//1227 1194//1194
f 1194//1194 1227//1227 1223//1223
f 1194//1194 1223//1223 1224//1224
f 1224//1224 1223//1223 1226//1226
f 1224//1224 1226//1226 1195//1195
f 1195//1195 1226//1226 1263//1263
f 1195//1195 1263//1263 1197//1197
f 1197//1197 1263//1263 1225//1225
f 1197//1197 1225//1225 67//67
f 1261//1261 1226//1226 1242//1242
f 1242//1242 1226//1226 1223//1223
f 1242//1242 1223//1223 1228//1228
f 1228//1228 1223//1223 1227//1227
f 1228//1228 1227//1227 1243//1243
f 1243//1243 1227//1227 1229//1229
f 1243//1243 1229//1229 1230//1230
f 1230//1230 1229//1229 1231//1231
f 1230//1230 1231//1231 1232//1232
f 1232//1232 1231//1231 1234//1234
f 1232//1232 1234//1234 1233//1233
f 1233//1233 1234//1234 1235//1235
f 1233//1233 1235//1235 1236//1236
f 1236//1236 1235//1235 1237//1237
f 1236//1236 1237//1237 1246//1246
f 1246//1246 1237//1237 1221//1221
f 1246//1246 1221//1221 1238//1238
f 1238//1238 1221//1221 1220//1220
f 1238//1238 1220//1220 1249//1249
f 1249//1249 1220//1220 1216//1216
f 1249//1249 1216//1216 1250//1250
f 1250//1250 1216//1216 1239//1239
f 1250//1250 1239//1239 1252//1252
f 1252//1252 1239//1239 1215//1215
f 1252//1252 1215//1215 1240//1240
f 1240//1240 1215//1215 1214//1214
f 1260//1260 1261//1261 1241//1241
f 1241//1241 1261//1261 1242//1242
f 1241//1241 1242//1242 1369//1369
f 1369//1369 1242//1242 1228//1228
f 1369//1369 1228//1228 1370//1370
f 1370//1370 1228//1228 1243//1243
f 1370//1370 1243//1243 1244//1244
f 1244//1244 1243//1243 1230//1230
f 1244//1244 1230//1230 1245//1245
f 1245//1245 1230//1230 1232//1232
f 1245//1245 1232//1232 1372//1372
f 1372//1372 1232//1232 1233//1233
f 1372//1372 1233//1233 1374//1374
f 1374//1374 1233//1233 1236//1236
f 1374//1374 1236//1236 1375//1375
f 1375//1375 1236//1236 1246//1246
f 1375//1375 1246//1246 1376//1376
f 1376//1376 1246//1246 1238//1238
f 1376//1376 1238//1238 1247//1247
f 1247//1247 1238//1238 1249//1249
f 1247//1247 1249//1249 1248//1248
f 1248//1248 1249//1249 1250//1250
f 1248//1248 1250//1250 1251//1251
f 1251//1251 1250//1250 1252//1252
f 1251//1251 1252//1252 3708//3708
f 3708//3708 1252//1252 1240//1240
f 1262//1262 64//64 1254//1254
f 1254//1254 64//64 1253//1253
f 1254//1254 1253//1253 1264//1264
f 1255//1255 57//57 1256//1256
f 1256//1256 57//57 56//56
f 1256//1256 56//56 1257//1257
f 1257//1257 56//56 1258//1258
f 1258//1258 61//61 1257//1257
f 1257//1257 61//61 1259//1259
f 1257//1257 1259//1259 1262//1262
f 1262//1262 1259//1259 60//60
f 1262//1262 60//60 64//64
f 1330//1330 1265//1265 1329//1329
f 1260//1260 1257//1257 1261//1261
f 1261//1261 1257//1257 1262//1262
f 1261//1261 1262//1262 1226//1226
f 1226//1226 1262//1262 1254//1254
f 1226//1226 1254//1254 1263//1263
f 1263//1263 1254//1254 1264//1264
f 1263//1263 1264//1264 66//66
f 1265//1265 1367//1367 1329//1329
f 1329//1329 1367//1367 1368//1368
f 1329//1329 1368//1368 1323//1323
f 1323//1323 1368//1368 1266//1266
f 1323//1323 1266//1266 1322//1322
f 1322//1322 1266//1266 1267//1267
f 1322//1322 1267//1267 1268//1268
f 1268//1268 1267//1267 1371//1371
f 1268//1268 1371//1371 1318//1318
f 1318//1318 1371//1371 1270//1270
f 1318//1318 1270//1270 1269//1269
f 1269//1269 1270//1270 1373//1373
f 1269//1269 1373//1373 1316//1316
f 1316//1316 1373//1373 1271//1271
f 1316//1316 1271//1271 1273//1273
f 1273//1273 1271//1271 1272//1272
f 1273//1273 1272//1272 1274//1274
f 1274//1274 1272//1272 1275//1275
f 1274//1274 1275//1275 1314//1314
f 1314//1314 1275//1275 1377//1377
f 1314//1314 1377//1377 1312//1312
f 1312//1312 1377//1377 1276//1276
f 1312//1312 1276//1276 1277//1277
f 1277//1277 1276//1276 3710//3710
f 1286//1286 1278//1278 1287//1287
f 1287//1287 1278//1278 1280//1280
f 1287//1287 1280//1280 1279//1279
f 1279//1279 1280//1280 1281//1281
f 1279//1279 1281//1281 1282//1282
f 1282//1282 1281//1281 1297//1297
f 1282//1282 1297//1297 1290//1290
f 1290//1290 1297//1297 1284//1284
f 1290//1290 1284//1284 1283//1283
f 1283//1283 1284//1284 1285//1285
f 1283//1283 1285//1285 1291//1291
f 1291//1291 1285//1285 1299//1299
f 1291//1291 1299//1299 1292//1292
f 1292//1292 1299//1299 1300//1300
f 1292//1292 1300//1300 1293//1293
f 1293//1293 1300//1300 1327//1327
f 1293//1293 1327//1327 1328//1328
f 3713//3713 1286//1286 1313//1313
f 1313//1313 1286//1286 1287//1287
f 1313//1313 1287//1287 1288//1288
f 1288//1288 1287//1287 1279//1279
f 1288//1288 1279//1279 1315//1315
f 1315//1315 1279//1279 1282//1282
f 1315//1315 1282//1282 1289//1289
f 1289//1289 1282//1282 1290//1290
f 1289//1289 1290//1290 1317//1317
f 1317//1317 1290//1290 1283//1283
f 1317//1317 1283//1283 1319//1319
f 1319//1319 1283//1283 1291//1291
f 1319//1319 1291//1291 1320//1320
f 1320//1320 1291//1291 1292//1292
f 1320//1320 1292//1292 1321//1321
f 1321//1321 1292//1292 1293//1293
f 1321//1321 1293//1293 1324//1324
f 1324//1324 1293//1293 1328//1328
f 1324//1324 1328//1328 1294//1294
f 1278//1278 1301//1301 1280//1280
f 1280//1280 1301//1301 1295//1295
f 1280//1280 1295//1295 1281//1281
f 1281//1281 1295//1295 1302//1302
f 1281//1281 1302//1302 1297//1297
f 1297//1297 1302//1302 1296//1296
f 1297//1297 1296//1296 1284//1284
f 1284//1284 1296//1296 1298//1298
f 1284//1284 1298//1298 1285//1285
f 1285//1285 1298//1298 1305//1305
f 1285//1285 1305//1305 1299//1299
f 1299//1299 1305//1305 1306//1306
f 1299//1299 1306//1306 1300//1300
f 1300//1300 1306//1306 1307//1307
f 1300//1300 1307//1307 1327//1327
f 1929//1929 1927//1927 1840//1840
f 1301//1301 3717//3717 1295//1295
f 1295//1295 3717//3717 1922//1922
f 1295//1295 1922//1922 1302//1302
f 1302//1302 1922//1922 1303//1303
f 1302//1302 1303//1303 1296//1296
f 1296//1296 1303//1303 1304//1304
f 1296//1296 1304//1304 1298//1298
f 1298//1298 1304//1304 1925//1925
f 1298//1298 1925//1925 1305//1305
f 1305//1305 1925//1925 1926//1926
f 1305//1305 1926//1926 1306//1306
f 1306//1306 1926//1926 1928//1928
f 1306//1306 1928//1928 1307//1307
f 1308//1308 1309//1309 1930//1930
f 1930//1930 1309//1309 1310//1310
f 1930//1930 1310//1310 1932//1932
f 1890//1890 1932//1932 1891//1891
f 1311//1311 1310//1310 1473//1473
f 1473//1473 1310//1310 1309//1309
f 1473//1473 1309//1309 1461//1461
f 1461//1461 1309//1309 1308//1308
f 1461//1461 1308//1308 1929//1929
f 1277//1277 3713//3713 1312//1312
f 1312//1312 3713//3713 1313//1313
f 1312//1312 1313//1313 1314//1314
f 1314//1314 1313//1313 1288//1288
f 1314//1314 1288//1288 1274//1274
f 1274//1274 1288//1288 1315//1315
f 1274//1274 1315//1315 1273//1273
f 1273//1273 1315//1315 1289//1289
f 1273//1273 1289//1289 1316//1316
f 1316//1316 1289//1289 1317//1317
f 1316//1316 1317//1317 1269//1269
f 1269//1269 1317//1317 1319//1319
f 1269//1269 1319//1319 1318//1318
f 1318//1318 1319//1319 1320//1320
f 1318//1318 1320//1320 1268//1268
f 1268//1268 1320//1320 1321//1321
f 1268//1268 1321//1321 1322//1322
f 1322//1322 1321//1321 1324//1324
f 1322//1322 1324//1324 1323//1323
f 1323//1323 1324//1324 1294//1294
f 1323//1323 1294//1294 1329//1329
f 58//58 1348//1348 1325//1325
f 1325//1325 1348//1348 59//59
f 1928//1928 1342//1342 1307//1307
f 1307//1307 1342//1342 1326//1326
f 1307//1307 1326//1326 1327//1327
f 1327//1327 1326//1326 1343//1343
f 1327//1327 1343//1343 1328//1328
f 1328//1328 1343//1343 1344//1344
f 1328//1328 1344//1344 1294//1294
f 1294//1294 1344//1344 1346//1346
f 1294//1294 1346//1346 1329//1329
f 1329//1329 1346//1346 1331//1331
f 1329//1329 1331//1331 1330//1330
f 1330//1330 1331//1331 1348//1348
f 1330//1330 1348//1348 1332//1332
f 1332//1332 1348//1348 58//58
f 1332//1332 58//58 1366//1366
f 51//51 50//50 1333//1333
f 1333//1333 50//50 1339//1339
f 1931//1931 1334//1334 1335//1335
f 1335//1335 1334//1334 1363//1363
f 1335//1335 1363//1363 1336//1336
f 1336//1336 1363//1363 1337//1337
f 1336//1336 1337//1337 1345//1345
f 1345//1345 1337//1337 1338//1338
f 1345//1345 1338//1338 1347//1347
f 1347//1347 1338//1338 1333//1333
f 1347//1347 1333//1333 1341//1341
f 1341//1341 1333//1333 1339//1339
f 1339//1339 1340//1340 1341//1341
f 1341//1341 1340//1340 55//55
f 1341//1341 55//55 54//54
f 1342//1342 1931//1931 1326//1326
f 1326//1326 1931//1931 1335//1335
f 1326//1326 1335//1335 1343//1343
f 1343//1343 1335//1335 1336//1336
f 1343//1343 1336//1336 1344//1344
f 1344//1344 1336//1336 1345//1345
f 1344//1344 1345//1345 1346//1346
f 1346//1346 1345//1345 1347//1347
f 1346//1346 1347//1347 1331//1331
f 1331//1331 1347//1347 1341//1341
f 1331//1331 1341//1341 1348//1348
f 1348//1348 1341//1341 54//54
f 1348//1348 54//54 59//59
f 1358//1358 1349//1349 1365//1365
f 1365//1365 1349//1349 1350//1350
f 1365//1365 1350//1350 1351//1351
f 1365//1365 1364//1364 1358//1358
f 1358//1358 1364//1364 1112//1112
f 1358//1358 1112//1112 1357//1357
f 1352//1352 1353//1353 1355//1355
f 1106//1106 1354//1354 1355//1355
f 1355//1355 1354//1354 1357//1357
f 1355//1355 1357//1357 1352//1352
f 1352//1352 1357//1357 1112//1112
f 1354//1354 1356//1356 1357//1357
f 1357//1357 1356//1356 1359//1359
f 1357//1357 1359//1359 1358//1358
f 1358//1358 1359//1359 1360//1360
f 1358//1358 1360//1360 1349//1349
f 1938//1938 1353//1353 1936//1936
f 1936//1936 1353//1353 1352//1352
f 1936//1936 1352//1352 1934//1934
f 1934//1934 1352//1352 1112//1112
f 1934//1934 1112//1112 1361//1361
f 1361//1361 1112//1112 1362//1362
f 1361//1361 1362//1362 1933//1933
f 1334//1334 1933//1933 1363//1363
f 1363//1363 1933//1933 1362//1362
f 1363//1363 1362//1362 1337//1337
f 1337//1337 1362//1362 1364//1364
f 1337//1337 1364//1364 1338//1338
f 1338//1338 1364//1364 1365//1365
f 1338//1338 1365//1365 1333//1333
f 1333//1333 1365//1365 52//52
f 1333//1333 52//52 51//51
f 1366//1366 1255//1255 1332//1332
f 1332//1332 1255//1255 1256//1256
f 1332//1332 1256//1256 1265//1265
f 1265//1265 1256//1256 1260//1260
f 1265//1265 1260//1260 1367//1367
f 1367//1367 1260//1260 1241//1241
f 1367//1367 1241//1241 1368//1368
f 1368//1368 1241//1241 1369//1369
f 1368//1368 1369//1369 1266//1266
f 1266//1266 1369//1369 1370//1370
f 1266//1266 1370//1370 1267//1267
f 1267//1267 1370//1370 1244//1244
f 1267//1267 1244//1244 1371//1371
f 1371//1371 1244//1244 1245//1245
f 1371//1371 1245//1245 1270//1270
f 1270//1270 1245//1245 1372//1372
f 1270//1270 1372//1372 1373//1373
f 1373//1373 1372//1372 1374//1374
f 1373//1373 1374//1374 1271//1271
f 1271//1271 1374//1374 1375//1375
f 1271//1271 1375//1375 1272//1272
f 1272//1272 1375//1375 1376//1376
f 1272//1272 1376//1376 1275//1275
f 1275//1275 1376//1376 1247//1247
f 1275//1275 1247//1247 1377//1377
f 1377//1377 1247//1247 1248//1248
f 1377//1377 1248//1248 1276//1276
f 1276//1276 1248//1248 1251//1251
f 1276//1276 1251//1251 3710//3710
f 3710//3710 1251//1251 3708//3708
f 3734//3734 1378//1378 1379//1379
f 1380//1380 3733//3733 1452//1452
f 1452//1452 3733//3733 1381//1381
f 1452//1452 1381//1381 3736//3736
f 1797//1797 1799//1799 1453//1453
f 1453//1453 1799//1799 1382//1382
f 1453//1453 1382//1382 1380//1380
f 1423//1423 1383//1383 1798//1798
f 1798//1798 1383//1383 1384//1384
f 1798//1798 1384//1384 3732//3732
f 1379//1379 1378//1378 3567//3567
f 3567//3567 1378//1378 1385//1385
f 3567//3567 1385//1385 3566//3566
f 3566//3566 1385//1385 1386//1386
f 3566//3566 1386//1386 3564//3564
f 3564//3564 1386//1386 3731//3731
f 3564//3564 3731//3731 1387//1387
f 1387//1387 3731//3731 3730//3730
f 1387//1387 3730//3730 3562//3562
f 3562//3562 3730//3730 1388//1388
f 3562//3562 1388//1388 3559//3559
f 3559//3559 1388//1388 3728//3728
f 3559//3559 3728//3728 3725//3725
f 1389//1389 1425//1425 3729//3729
f 3729//3729 1425//1425 1390//1390
f 3729//3729 1390//1390 3727//3727
f 1391//1391 1392//1392 1393//1393
f 1393//1393 1392//1392 1394//1394
f 1393//1393 1394//1394 1508//1508
f 1508//1508 1394//1394 1428//1428
f 1508//1508 1428//1428 1509//1509
f 1509//1509 1428//1428 1395//1395
f 1509//1509 1395//1395 1430//1430
f 1482//1482 1396//1396 1397//1397
f 1397//1397 1396//1396 1398//1398
f 1397//1397 1398//1398 3726//3726
f 3726//3726 1398//1398 1401//1401
f 1463//1463 1410//1410 1479//1479
f 1479//1479 1410//1410 1399//1399
f 1396//1396 1402//1402 1398//1398
f 1398//1398 1402//1402 1400//1400
f 1398//1398 1400//1400 1401//1401
f 1401//1401 1400//1400 1405//1405
f 1482//1482 1399//1399 1396//1396
f 1396//1396 1399//1399 1410//1410
f 1396//1396 1410//1410 1402//1402
f 1402//1402 1410//1410 1403//1403
f 1402//1402 1403//1403 1400//1400
f 1400//1400 1403//1403 1404//1404
f 1400//1400 1404//1404 1405//1405
f 1405//1405 1404//1404 1406//1406
f 1414//1414 1408//1408 1407//1407
f 1407//1407 1408//1408 1412//1412
f 1407//1407 1412//1412 1409//1409
f 1409//1409 1412//1412 1411//1411
f 1409//1409 1411//1411 1406//1406
f 1406//1406 1404//1404 1409//1409
f 1409//1409 1404//1404 1403//1403
f 1409//1409 1403//1403 1407//1407
f 1407//1407 1403//1403 1410//1410
f 1407//1407 1410//1410 1414//1414
f 1414//1414 1410//1410 1463//1463
f 1414//1414 1463//1463 1464//1464
f 3721//3721 1406//1406 1472//1472
f 1472//1472 1406//1406 1411//1411
f 1472//1472 1411//1411 1470//1470
f 1470//1470 1411//1411 1412//1412
f 1470//1470 1412//1412 1468//1468
f 1468//1468 1412//1412 1408//1408
f 1468//1468 1408//1408 1413//1413
f 1413//1413 1408//1408 1414//1414
f 1413//1413 1414//1414 1466//1466
f 1466//1466 1414//1414 1464//1464
f 1415//1415 1416//1416 1791//1791
f 1791//1791 1416//1416 1417//1417
f 1791//1791 1417//1417 1792//1792
f 1792//1792 1417//1417 1487//1487
f 1792//1792 1487//1487 1418//1418
f 1418//1418 1487//1487 1486//1486
f 1418//1418 1486//1486 1419//1419
f 1419//1419 1486//1486 1420//1420
f 1419//1419 1420//1420 1794//1794
f 1794//1794 1420//1420 1422//1422
f 1794//1794 1422//1422 1421//1421
f 1421//1421 1422//1422 1424//1424
f 1421//1421 1424//1424 1423//1423
f 1423//1423 1424//1424 1425//1425
f 1423//1423 1425//1425 1383//1383
f 1383//1383 1425//1425 1389//1389
f 1383//1383 1389//1389 1384//1384
f 1489//1489 1426//1426 1427//1427
f 1427//1427 1426//1426 1465//1465
f 1427//1427 1465//1465 1462//1462
f 1392//1392 1516//1516 1394//1394
f 1394//1394 1516//1516 1517//1517
f 1394//1394 1517//1517 1428//1428
f 1428//1428 1517//1517 1429//1429
f 1428//1428 1429//1429 1395//1395
f 1395//1395 1429//1429 1520//1520
f 1395//1395 1520//1520 1430//1430
f 1430//1430 1520//1520 1521//1521
f 1430//1430 1521//1521 1431//1431
f 1431//1431 1521//1521 1523//1523
f 1431//1431 1523//1523 1513//1513
f 1513//1513 1523//1523 1524//1524
f 1513//1513 1524//1524 1432//1432
f 1432//1432 1524//1524 1526//1526
f 1432//1432 1526//1526 1433//1433
f 1433//1433 1526//1526 1527//1527
f 1433//1433 1527//1527 1434//1434
f 1434//1434 1527//1527 1435//1435
f 3742//3742 1436//1436 1747//1747
f 1747//1747 1436//1436 1579//1579
f 1747//1747 1579//1579 1437//1437
f 1437//1437 1579//1579 1581//1581
f 1437//1437 1581//1581 1749//1749
f 1749//1749 1581//1581 1582//1582
f 1749//1749 1582//1582 1750//1750
f 1750//1750 1582//1582 1438//1438
f 1750//1750 1438//1438 1751//1751
f 1751//1751 1438//1438 1440//1440
f 1751//1751 1440//1440 1439//1439
f 1439//1439 1440//1440 1441//1441
f 1439//1439 1441//1441 1752//1752
f 1752//1752 1441//1441 1586//1586
f 1752//1752 1586//1586 1442//1442
f 1442//1442 1586//1586 1725//1725
f 1442//1442 1725//1725 1753//1753
f 1443//1443 1529//1529 1518//1518
f 1518//1518 1529//1529 1530//1530
f 1518//1518 1530//1530 1519//1519
f 1519//1519 1530//1530 1445//1445
f 1519//1519 1445//1445 1444//1444
f 1444//1444 1445//1445 1446//1446
f 1444//1444 1446//1446 1522//1522
f 1522//1522 1446//1446 1447//1447
f 1522//1522 1447//1447 1448//1448
f 1448//1448 1447//1447 1532//1532
f 1448//1448 1532//1532 1525//1525
f 1525//1525 1532//1532 1535//1535
f 1525//1525 1535//1535 1449//1449
f 1449//1449 1535//1535 1450//1450
f 1449//1449 1450//1450 1528//1528
f 1528//1528 1450//1450 1451//1451
f 1528//1528 1451//1451 1734//1734
f 1734//1734 1451//1451 1735//1735
f 1380//1380 1452//1452 1453//1453
f 1453//1453 1452//1452 3736//3736
f 1453//1453 3736//3736 1797//1797
f 1797//1797 3736//3736 1507//1507
f 1797//1797 1507//1507 1796//1796
f 1796//1796 1507//1507 1454//1454
f 1796//1796 1454//1454 1795//1795
f 1795//1795 1454//1454 1455//1455
f 1795//1795 1455//1455 1456//1456
f 1456//1456 1455//1455 1510//1510
f 1456//1456 1510//1510 1457//1457
f 1457//1457 1510//1510 1511//1511
f 1457//1457 1511//1511 1793//1793
f 1793//1793 1511//1511 1512//1512
f 1793//1793 1512//1512 1458//1458
f 1458//1458 1512//1512 1514//1514
f 1458//1458 1514//1514 1459//1459
f 1459//1459 1514//1514 1515//1515
f 1459//1459 1515//1515 1790//1790
f 1790//1790 1515//1515 1460//1460
f 1790//1790 1460//1460 1789//1789
f 1929//1929 1840//1840 1461//1461
f 1461//1461 1840//1840 1841//1841
f 1461//1461 1841//1841 1473//1473
f 1473//1473 1841//1841 1843//1843
f 1473//1473 1843//1843 1474//1474
f 1479//1479 1462//1462 1463//1463
f 1463//1463 1462//1462 1465//1465
f 1463//1463 1465//1465 1464//1464
f 1464//1464 1465//1465 1467//1467
f 1464//1464 1467//1467 1466//1466
f 1466//1466 1467//1467 1492//1492
f 1466//1466 1492//1492 1413//1413
f 1413//1413 1492//1492 1469//1469
f 1413//1413 1469//1469 1468//1468
f 1468//1468 1469//1469 1494//1494
f 1468//1468 1494//1494 1470//1470
f 1470//1470 1494//1494 1471//1471
f 1470//1470 1471//1471 1472//1472
f 1472//1472 1471//1471 1496//1496
f 1472//1472 1496//1496 1923//1923
f 1311//1311 1473//1473 1475//1475
f 1475//1475 1473//1473 1474//1474
f 1475//1475 1474//1474 1845//1845
f 1842//1842 1491//1491 1477//1477
f 1477//1477 1491//1491 1476//1476
f 1477//1477 1476//1476 1478//1478
f 1482//1482 1483//1483 1399//1399
f 1399//1399 1483//1483 1484//1484
f 1399//1399 1484//1484 1479//1479
f 1479//1479 1484//1484 1485//1485
f 1479//1479 1485//1485 1462//1462
f 1462//1462 1485//1485 1480//1480
f 1462//1462 1480//1480 1427//1427
f 1427//1427 1480//1480 1481//1481
f 1427//1427 1481//1481 1489//1489
f 1489//1489 1481//1481 1488//1488
f 3726//3726 3727//3727 1397//1397
f 1397//1397 3727//3727 1390//1390
f 1397//1397 1390//1390 1482//1482
f 1482//1482 1390//1390 1424//1424
f 1482//1482 1424//1424 1483//1483
f 1483//1483 1424//1424 1422//1422
f 1483//1483 1422//1422 1484//1484
f 1484//1484 1422//1422 1420//1420
f 1484//1484 1420//1420 1485//1485
f 1485//1485 1420//1420 1486//1486
f 1485//1485 1486//1486 1480//1480
f 1480//1480 1486//1486 1487//1487
f 1480//1480 1487//1487 1481//1481
f 1481//1481 1487//1487 1417//1417
f 1481//1481 1417//1417 1488//1488
f 1488//1488 1417//1417 1416//1416
f 1415//1415 1848//1848 1416//1416
f 1416//1416 1848//1848 1847//1847
f 1416//1416 1847//1847 1488//1488
f 1488//1488 1847//1847 1490//1490
f 1488//1488 1490//1490 1489//1489
f 1489//1489 1490//1490 1478//1478
f 1489//1489 1478//1478 1426//1426
f 1426//1426 1478//1478 1476//1476
f 1426//1426 1476//1476 1465//1465
f 1465//1465 1476//1476 1491//1491
f 1465//1465 1491//1491 1467//1467
f 1467//1467 1491//1491 1842//1842
f 1467//1467 1842//1842 1492//1492
f 1492//1492 1842//1842 1493//1493
f 1492//1492 1493//1493 1469//1469
f 1469//1469 1493//1493 1495//1495
f 1469//1469 1495//1495 1494//1494
f 1494//1494 1495//1495 1113//1113
f 1494//1494 1113//1113 1471//1471
f 1471//1471 1113//1113 1924//1924
f 1471//1471 1924//1924 1496//1496
f 1497//1497 1499//1499 1498//1498
f 1498//1498 1499//1499 1502//1502
f 1500//1500 1589//1589 1501//1501
f 1501//1501 1589//1589 1502//1502
f 1501//1501 1502//1502 45//45
f 45//45 1502//1502 1499//1499
f 127//127 1504//1504 1503//1503
f 1503//1503 1504//1504 1505//1505
f 1503//1503 1505//1505 1542//1542
f 1542//1542 1505//1505 40//40
f 1542//1542 40//40 39//39
f 39//39 43//43 1542//1542
f 1542//1542 43//43 1506//1506
f 1542//1542 1506//1506 1498//1498
f 1498//1498 1506//1506 41//41
f 1498//1498 41//41 1497//1497
f 3736//3736 1391//1391 1507//1507
f 1507//1507 1391//1391 1393//1393
f 1507//1507 1393//1393 1454//1454
f 1454//1454 1393//1393 1508//1508
f 1454//1454 1508//1508 1455//1455
f 1455//1455 1508//1508 1509//1509
f 1455//1455 1509//1509 1510//1510
f 1510//1510 1509//1509 1430//1430
f 1510//1510 1430//1430 1511//1511
f 1511//1511 1430//1430 1431//1431
f 1511//1511 1431//1431 1512//1512
f 1512//1512 1431//1431 1513//1513
f 1512//1512 1513//1513 1514//1514
f 1514//1514 1513//1513 1432//1432
f 1514//1514 1432//1432 1515//1515
f 1515//1515 1432//1432 1433//1433
f 1515//1515 1433//1433 1460//1460
f 1460//1460 1433//1433 1434//1434
f 1516//1516 1443//1443 1517//1517
f 1517//1517 1443//1443 1518//1518
f 1517//1517 1518//1518 1429//1429
f 1429//1429 1518//1518 1519//1519
f 1429//1429 1519//1519 1520//1520
f 1520//1520 1519//1519 1444//1444
f 1520//1520 1444//1444 1521//1521
f 1521//1521 1444//1444 1522//1522
f 1521//1521 1522//1522 1523//1523
f 1523//1523 1522//1522 1448//1448
f 1523//1523 1448//1448 1524//1524
f 1524//1524 1448//1448 1525//1525
f 1524//1524 1525//1525 1526//1526
f 1526//1526 1525//1525 1449//1449
f 1526//1526 1449//1449 1527//1527
f 1527//1527 1449//1449 1528//1528
f 1527//1527 1528//1528 1435//1435
f 1435//1435 1528//1528 1734//1734
f 1529//1529 1109//1109 1530//1530
f 1530//1530 1109//1109 1746//1746
f 1530//1530 1746//1746 1445//1445
f 1445//1445 1746//1746 1531//1531
f 1445//1445 1531//1531 1446//1446
f 1446//1446 1531//1531 1748//1748
f 1446//1446 1748//1748 1447//1447
f 1447//1447 1748//1748 1533//1533
f 1447//1447 1533//1533 1532//1532
f 1532//1532 1533//1533 1534//1534
f 1532//1532 1534//1534 1535//1535
f 1535//1535 1534//1534 1536//1536
f 1535//1535 1536//1536 1450//1450
f 1450//1450 1536//1536 1537//1537
f 1450//1450 1537//1537 1451//1451
f 1451//1451 1537//1537 1538//1538
f 1451//1451 1538//1538 1735//1735
f 1550//1550 1551//1551 1539//1539
f 1591//1591 1590//1590 1589//1589
f 1589//1589 1590//1590 1540//1540
f 1589//1589 1540//1540 1502//1502
f 1502//1502 1540//1540 1566//1566
f 1502//1502 1566//1566 1498//1498
f 1498//1498 1566//1566 1541//1541
f 1498//1498 1541//1541 1542//1542
f 1542//1542 1541//1541 1543//1543
f 1542//1542 1543//1543 1503//1503
f 1503//1503 1543//1543 1544//1544
f 1503//1503 1544//1544 1545//1545
f 1545//1545 1544//1544 1546//1546
f 1545//1545 1546//1546 1577//1577
f 1577//1577 1546//1546 1547//1547
f 1577//1577 1547//1547 1576//1576
f 1576//1576 1547//1547 1563//1563
f 1576//1576 1563//1563 1548//1548
f 1548//1548 1563//1563 1549//1549
f 1548//1548 1549//1549 1550//1550
f 1550//1550 1549//1549 1560//1560
f 1550//1550 1560//1560 1551//1551
f 1551//1551 1560//1560 1552//1552
f 1551//1551 1552//1552 1553//1553
f 1553//1553 1552//1552 1557//1557
f 1553//1553 1557//1557 1555//1555
f 1539//1539 130//130 1550//1550
f 1550//1550 130//130 132//132
f 1550//1550 132//132 1548//1548
f 1548//1548 132//132 133//133
f 1548//1548 133//133 1576//1576
f 1575//1575 1949//1949 1554//1554
f 1949//1949 1555//1555 1556//1556
f 1556//1556 1555//1555 1557//1557
f 1556//1556 1557//1557 1558//1558
f 1558//1558 1557//1557 1552//1552
f 1558//1558 1552//1552 1559//1559
f 1559//1559 1552//1552 1560//1560
f 1559//1559 1560//1560 1947//1947
f 1947//1947 1560//1560 1549//1549
f 1947//1947 1549//1549 1561//1561
f 1561//1561 1549//1549 1563//1563
f 1561//1561 1563//1563 1562//1562
f 1562//1562 1563//1563 1547//1547
f 1562//1562 1547//1547 1564//1564
f 1564//1564 1547//1547 1546//1546
f 1564//1564 1546//1546 1945//1945
f 1945//1945 1546//1546 1544//1544
f 1945//1945 1544//1544 1565//1565
f 1565//1565 1544//1544 1543//1543
f 1565//1565 1543//1543 1943//1943
f 1943//1943 1543//1543 1541//1541
f 1943//1943 1541//1541 1942//1942
f 1942//1942 1541//1541 1566//1566
f 1942//1942 1566//1566 1567//1567
f 1567//1567 1566//1566 1540//1540
f 1567//1567 1540//1540 1940//1940
f 1940//1940 1540//1540 1590//1590
f 1940//1940 1590//1590 1938//1938
f 1098//1098 1568//1568 1572//1572
f 1572//1572 1568//1568 1569//1569
f 1572//1572 1569//1569 1571//1571
f 1571//1571 1569//1569 2242//2242
f 1571//1571 2242//2242 1108//1108
f 2242//2242 136//136 1570//1570
f 1108//1108 1107//1107 1571//1571
f 1571//1571 1107//1107 1575//1575
f 1571//1571 1575//1575 1572//1572
f 1572//1572 1575//1575 1554//1554
f 1572//1572 1554//1554 1098//1098
f 2242//2242 1570//1570 1108//1108
f 1108//1108 1570//1570 1574//1574
f 1108//1108 1574//1574 1573//1573
f 1573//1573 1574//1574 134//134
f 1573//1573 134//134 135//135
f 1949//1949 1575//1575 1555//1555
f 1555//1555 1575//1575 1107//1107
f 1555//1555 1107//1107 1553//1553
f 1553//1553 1107//1107 1573//1573
f 1553//1553 1573//1573 1551//1551
f 1551//1551 1573//1573 135//135
f 1551//1551 135//135 1539//1539
f 133//133 129//129 1576//1576
f 1576//1576 129//129 124//124
f 1576//1576 124//124 1577//1577
f 1577//1577 124//124 123//123
f 1577//1577 123//123 1545//1545
f 1545//1545 123//123 128//128
f 1545//1545 128//128 1503//1503
f 1503//1503 128//128 127//127
f 1436//1436 1578//1578 1579//1579
f 1579//1579 1578//1578 1580//1580
f 1579//1579 1580//1580 1581//1581
f 1581//1581 1580//1580 1765//1765
f 1581//1581 1765//1765 1582//1582
f 1582//1582 1765//1765 1583//1583
f 1582//1582 1583//1583 1438//1438
f 1438//1438 1583//1583 1584//1584
f 1438//1438 1584//1584 1440//1440
f 1440//1440 1584//1584 1585//1585
f 1440//1440 1585//1585 1441//1441
f 1441//1441 1585//1585 1767//1767
f 1441//1441 1767//1767 1586//1586
f 1586//1586 1767//1767 1587//1587
f 1586//1586 1587//1587 1725//1725
f 1725//1725 1587//1587 1771//1771
f 1500//1500 1588//1588 1589//1589
f 1589//1589 1588//1588 47//47
f 1589//1589 47//47 1591//1591
f 1591//1591 47//47 46//46
f 1938//1938 1590//1590 1353//1353
f 1353//1353 1590//1590 1591//1591
f 1353//1353 1591//1591 1355//1355
f 1355//1355 1591//1591 46//46
f 1355//1355 46//46 1592//1592
f 3756//3756 3631//3631 3754//3754
f 3754//3754 3631//3631 1593//1593
f 3754//3754 1593//1593 1617//1617
f 1617//1617 1593//1593 1594//1594
f 1620//1620 1618//1618 1595//1595
f 1595//1595 1618//1618 1594//1594
f 1595//1595 1594//1594 1596//1596
f 1596//1596 1594//1594 1593//1593
f 1596//1596 1593//1593 3632//3632
f 3632//3632 1593//1593 3631//3631
f 3632//3632 1604//1604 1596//1596
f 1596//1596 1604//1604 1597//1597
f 1596//1596 1597//1597 1595//1595
f 1595//1595 1597//1597 1598//1598
f 1595//1595 1598//1598 1620//1620
f 1620//1620 1598//1598 1599//1599
f 1620//1620 1599//1599 1621//1621
f 1621//1621 1599//1599 1600//1600
f 1601//1601 1600//1600 1602//1602
f 1602//1602 1600//1600 1599//1599
f 1602//1602 1599//1599 1603//1603
f 1603//1603 1599//1599 1598//1598
f 1604//1604 3633//3633 1597//1597
f 1597//1597 3633//3633 1605//1605
f 1597//1597 1605//1605 1598//1598
f 1598//1598 1605//1605 2165//2165
f 1598//1598 2165//2165 1603//1603
f 1603//1603 2165//2165 1606//1606
f 1603//1603 1606//1606 1602//1602
f 1602//1602 1606//1606 2168//2168
f 1602//1602 2168//2168 1601//1601
f 1601//1601 2168//2168 1607//1607
f 1608//1608 1610//1610 1609//1609
f 1609//1609 1610//1610 2643//2643
f 1609//1609 2643//2643 1611//1611
f 3685//3685 3682//3682 2745//2745
f 3682//3682 828//828 2745//2745
f 2745//2745 828//828 827//827
f 2745//2745 827//827 1103//1103
f 2626//2626 2727//2727 184//184
f 1612//1612 1613//1613 2426//2426
f 2426//2426 1613//1613 1614//1614
f 2426//2426 1614//1614 1615//1615
f 1615//1615 1614//1614 2401//2401
f 1615//1615 2401//2401 2424//2424
f 2424//2424 2401//2401 2399//2399
f 2424//2424 2399//2399 2398//2398
f 1624//1624 1616//1616 1626//1626
f 1626//1626 1616//1616 1617//1617
f 1626//1626 1617//1617 1627//1627
f 1627//1627 1617//1617 1594//1594
f 1627//1627 1594//1594 1628//1628
f 1628//1628 1594//1594 1618//1618
f 1628//1628 1618//1618 1619//1619
f 1619//1619 1618//1618 1620//1620
f 1619//1619 1620//1620 1632//1632
f 1632//1632 1620//1620 1621//1621
f 1632//1632 1621//1621 1634//1634
f 1634//1634 1621//1621 1600//1600
f 1634//1634 1600//1600 1622//1622
f 1622//1622 1600//1600 1601//1601
f 1622//1622 1601//1601 1623//1623
f 1623//1623 1601//1601 1607//1607
f 1623//1623 1607//1607 2170//2170
f 3750//3750 1624//1624 1625//1625
f 1625//1625 1624//1624 1626//1626
f 1625//1625 1626//1626 1639//1639
f 1639//1639 1626//1626 1627//1627
f 1639//1639 1627//1627 1629//1629
f 1629//1629 1627//1627 1628//1628
f 1629//1629 1628//1628 1630//1630
f 1630//1630 1628//1628 1619//1619
f 1630//1630 1619//1619 1631//1631
f 1631//1631 1619//1619 1632//1632
f 1631//1631 1632//1632 1633//1633
f 1633//1633 1632//1632 1634//1634
f 1633//1633 1634//1634 1635//1635
f 1635//1635 1634//1634 1622//1622
f 1635//1635 1622//1622 1636//1636
f 1636//1636 1622//1622 1623//1623
f 1636//1636 1623//1623 1637//1637
f 1637//1637 1623//1623 2170//2170
f 1637//1637 2170//2170 1638//1638
f 3748//3748 3750//3750 1644//1644
f 1644//1644 3750//3750 1625//1625
f 1644//1644 1625//1625 1645//1645
f 1645//1645 1625//1625 1639//1639
f 1645//1645 1639//1639 1647//1647
f 1647//1647 1639//1639 1629//1629
f 1647//1647 1629//1629 1640//1640
f 1640//1640 1629//1629 1630//1630
f 1640//1640 1630//1630 1649//1649
f 1649//1649 1630//1630 1631//1631
f 1649//1649 1631//1631 1652//1652
f 1652//1652 1631//1631 1633//1633
f 1652//1652 1633//1633 1653//1653
f 1653//1653 1633//1633 1635//1635
f 1653//1653 1635//1635 1641//1641
f 1641//1641 1635//1635 1636//1636
f 1641//1641 1636//1636 1642//1642
f 1642//1642 1636//1636 1637//1637
f 1642//1642 1637//1637 1643//1643
f 1643//1643 1637//1637 1638//1638
f 1643//1643 1638//1638 2172//2172
f 1695//1695 3748//3748 1696//1696
f 1696//1696 3748//3748 1644//1644
f 1696//1696 1644//1644 1697//1697
f 1697//1697 1644//1644 1645//1645
f 1697//1697 1645//1645 1646//1646
f 1646//1646 1645//1645 1647//1647
f 1646//1646 1647//1647 1648//1648
f 1648//1648 1647//1647 1640//1640
f 1648//1648 1640//1640 1650//1650
f 1650//1650 1640//1640 1649//1649
f 1650//1650 1649//1649 1651//1651
f 1651//1651 1649//1649 1652//1652
f 1651//1651 1652//1652 1700//1700
f 1700//1700 1652//1652 1653//1653
f 1700//1700 1653//1653 1701//1701
f 1701//1701 1653//1653 1641//1641
f 1701//1701 1641//1641 1702//1702
f 1702//1702 1641//1641 1642//1642
f 1702//1702 1642//1642 1705//1705
f 1705//1705 1642//1642 1643//1643
f 1705//1705 1643//1643 1654//1654
f 1654//1654 1643//1643 2172//2172
f 1654//1654 2172//2172 1706//1706
f 1845//1845 1846//1846 1675//1675
f 1675//1675 1846//1846 1655//1655
f 1675//1675 1655//1655 1676//1676
f 1676//1676 1655//1655 1656//1656
f 1676//1676 1656//1656 1677//1677
f 1677//1677 1656//1656 1657//1657
f 1677//1677 1657//1657 1678//1678
f 1678//1678 1657//1657 1658//1658
f 1678//1678 1658//1658 1659//1659
f 1659//1659 1658//1658 1660//1660
f 1659//1659 1660//1660 1682//1682
f 1682//1682 1660//1660 1851//1851
f 1682//1682 1851//1851 1684//1684
f 1684//1684 1851//1851 1661//1661
f 1684//1684 1661//1661 1663//1663
f 1663//1663 1661//1661 1662//1662
f 1663//1663 1662//1662 1664//1664
f 1664//1664 1662//1662 1665//1665
f 1664//1664 1665//1665 1687//1687
f 1687//1687 1665//1665 1852//1852
f 1687//1687 1852//1852 1666//1666
f 1666//1666 1852//1852 1855//1855
f 1666//1666 1855//1855 1690//1690
f 1690//1690 1855//1855 1667//1667
f 1690//1690 1667//1667 1668//1668
f 1668//1668 1667//1667 1858//1858
f 1668//1668 1858//1858 1669//1669
f 1669//1669 1858//1858 1859//1859
f 1669//1669 1859//1859 1670//1670
f 1670//1670 1859//1859 1838//1838
f 1670//1670 1838//1838 1671//1671
f 1932//1932 1310//1310 1891//1891
f 1891//1891 1310//1310 1311//1311
f 1891//1891 1311//1311 1672//1672
f 1672//1672 1311//1311 1475//1475
f 1672//1672 1475//1475 1673//1673
f 1673//1673 1475//1475 1845//1845
f 1673//1673 1845//1845 1893//1893
f 1893//1893 1845//1845 1675//1675
f 1893//1893 1675//1675 1674//1674
f 1674//1674 1675//1675 1676//1676
f 1674//1674 1676//1676 1897//1897
f 1897//1897 1676//1676 1677//1677
f 1897//1897 1677//1677 1679//1679
f 1679//1679 1677//1677 1678//1678
f 1679//1679 1678//1678 1680//1680
f 1680//1680 1678//1678 1659//1659
f 1680//1680 1659//1659 1681//1681
f 1681//1681 1659//1659 1682//1682
f 1681//1681 1682//1682 1683//1683
f 1683//1683 1682//1682 1684//1684
f 1683//1683 1684//1684 1685//1685
f 1685//1685 1684//1684 1663//1663
f 1685//1685 1663//1663 1901//1901
f 1901//1901 1663//1663 1664//1664
f 1901//1901 1664//1664 1686//1686
f 1686//1686 1664//1664 1687//1687
f 1686//1686 1687//1687 1688//1688
f 1688//1688 1687//1687 1666//1666
f 1688//1688 1666//1666 1689//1689
f 1689//1689 1666//1666 1690//1690
f 1689//1689 1690//1690 1691//1691
f 1691//1691 1690//1690 1668//1668
f 1691//1691 1668//1668 1692//1692
f 1692//1692 1668//1668 1669//1669
f 1692//1692 1669//1669 1693//1693
f 1693//1693 1669//1669 1670//1670
f 1693//1693 1670//1670 1694//1694
f 1694//1694 1670//1670 1671//1671
f 1694//1694 1671//1671 1908//1908
f 3746//3746 1695//1695 1710//1710
f 1710//1710 1695//1695 1696//1696
f 1710//1710 1696//1696 1711//1711
f 1711//1711 1696//1696 1697//1697
f 1711//1711 1697//1697 1713//1713
f 1713//1713 1697//1697 1646//1646
f 1713//1713 1646//1646 1715//1715
f 1715//1715 1646//1646 1648//1648
f 1715//1715 1648//1648 1698//1698
f 1698//1698 1648//1648 1650//1650
f 1698//1698 1650//1650 1699//1699
f 1699//1699 1650//1650 1651//1651
f 1699//1699 1651//1651 1716//1716
f 1716//1716 1651//1651 1700//1700
f 1716//1716 1700//1700 1717//1717
f 1717//1717 1700//1700 1701//1701
f 1717//1717 1701//1701 1719//1719
f 1719//1719 1701//1701 1702//1702
f 1719//1719 1702//1702 1703//1703
f 1703//1703 1702//1702 1705//1705
f 1703//1703 1705//1705 1704//1704
f 1704//1704 1705//1705 1654//1654
f 1704//1704 1654//1654 1722//1722
f 1722//1722 1654//1654 1706//1706
f 1722//1722 1706//1706 1707//1707
f 1708//1708 3746//3746 1709//1709
f 1709//1709 3746//3746 1710//1710
f 1709//1709 1710//1710 1766//1766
f 1766//1766 1710//1710 1711//1711
f 1766//1766 1711//1711 1712//1712
f 1712//1712 1711//1711 1713//1713
f 1712//1712 1713//1713 1714//1714
f 1714//1714 1713//1713 1715//1715
f 1714//1714 1715//1715 1768//1768
f 1768//1768 1715//1715 1698//1698
f 1768//1768 1698//1698 1769//1769
f 1769//1769 1698//1698 1699//1699
f 1769//1769 1699//1699 1770//1770
f 1770//1770 1699//1699 1716//1716
f 1770//1770 1716//1716 1772//1772
f 1772//1772 1716//1716 1717//1717
f 1772//1772 1717//1717 1718//1718
f 1718//1718 1717//1717 1719//1719
f 1718//1718 1719//1719 1720//1720
f 1720//1720 1719//1719 1703//1703
f 1720//1720 1703//1703 1721//1721
f 1721//1721 1703//1703 1704//1704
f 1721//1721 1704//1704 1775//1775
f 1775//1775 1704//1704 1722//1722
f 1775//1775 1722//1722 1776//1776
f 1776//1776 1722//1722 1707//1707
f 1776//1776 1707//1707 1723//1723
f 1753//1753 1725//1725 1724//1724
f 1724//1724 1725//1725 1771//1771
f 1724//1724 1771//1771 1755//1755
f 1755//1755 1771//1771 1773//1773
f 1755//1755 1773//1773 1756//1756
f 1756//1756 1773//1773 1774//1774
f 1756//1756 1774//1774 1726//1726
f 1726//1726 1774//1774 1727//1727
f 1726//1726 1727//1727 1758//1758
f 1758//1758 1727//1727 1728//1728
f 1758//1758 1728//1728 1761//1761
f 1761//1761 1728//1728 1729//1729
f 1761//1761 1729//1729 1763//1763
f 1763//1763 1729//1729 1730//1730
f 1763//1763 1730//1730 1732//1732
f 1732//1732 1730//1730 1731//1731
f 1732//1732 1731//1731 1764//1764
f 1789//1789 1460//1460 1788//1788
f 1788//1788 1460//1460 1434//1434
f 1788//1788 1434//1434 1787//1787
f 1787//1787 1434//1434 1435//1435
f 1787//1787 1435//1435 1733//1733
f 1733//1733 1435//1435 1734//1734
f 1733//1733 1734//1734 1784//1784
f 1784//1784 1734//1734 1735//1735
f 1784//1784 1735//1735 1736//1736
f 1736//1736 1735//1735 1754//1754
f 1736//1736 1754//1754 1737//1737
f 1737//1737 1754//1754 1738//1738
f 1737//1737 1738//1738 1781//1781
f 1781//1781 1738//1738 1739//1739
f 1781//1781 1739//1739 1780//1780
f 1780//1780 1739//1739 1757//1757
f 1780//1780 1757//1757 1779//1779
f 1779//1779 1757//1757 1759//1759
f 1779//1779 1759//1759 1740//1740
f 1740//1740 1759//1759 1760//1760
f 1740//1740 1760//1760 1741//1741
f 1741//1741 1760//1760 1762//1762
f 1741//1741 1762//1762 1742//1742
f 1742//1742 1762//1762 1743//1743
f 1742//1742 1743//1743 1744//1744
f 1745//1745 3742//3742 1746//1746
f 1746//1746 3742//3742 1747//1747
f 1746//1746 1747//1747 1531//1531
f 1531//1531 1747//1747 1437//1437
f 1531//1531 1437//1437 1748//1748
f 1748//1748 1437//1437 1749//1749
f 1748//1748 1749//1749 1533//1533
f 1533//1533 1749//1749 1750//1750
f 1533//1533 1750//1750 1534//1534
f 1534//1534 1750//1750 1751//1751
f 1534//1534 1751//1751 1536//1536
f 1536//1536 1751//1751 1439//1439
f 1536//1536 1439//1439 1537//1537
f 1537//1537 1439//1439 1752//1752
f 1537//1537 1752//1752 1538//1538
f 1538//1538 1752//1752 1442//1442
f 1538//1538 1442//1442 1735//1735
f 1735//1735 1442//1442 1753//1753
f 1735//1735 1753//1753 1754//1754
f 1754//1754 1753//1753 1724//1724
f 1754//1754 1724//1724 1738//1738
f 1738//1738 1724//1724 1755//1755
f 1738//1738 1755//1755 1739//1739
f 1739//1739 1755//1755 1756//1756
f 1739//1739 1756//1756 1757//1757
f 1757//1757 1756//1756 1726//1726
f 1757//1757 1726//1726 1759//1759
f 1759//1759 1726//1726 1758//1758
f 1759//1759 1758//1758 1760//1760
f 1760//1760 1758//1758 1761//1761
f 1760//1760 1761//1761 1762//1762
f 1762//1762 1761//1761 1763//1763
f 1762//1762 1763//1763 1743//1743
f 1743//1743 1763//1763 1732//1732
f 1743//1743 1732//1732 1744//1744
f 1744//1744 1732//1732 1764//1764
f 1578//1578 1708//1708 1580//1580
f 1580//1580 1708//1708 1709//1709
f 1580//1580 1709//1709 1765//1765
f 1765//1765 1709//1709 1766//1766
f 1765//1765 1766//1766 1583//1583
f 1583//1583 1766//1766 1712//1712
f 1583//1583 1712//1712 1584//1584
f 1584//1584 1712//1712 1714//1714
f 1584//1584 1714//1714 1585//1585
f 1585//1585 1714//1714 1768//1768
f 1585//1585 1768//1768 1767//1767
f 1767//1767 1768//1768 1769//1769
f 1767//1767 1769//1769 1587//1587
f 1587//1587 1769//1769 1770//1770
f 1587//1587 1770//1770 1771//1771
f 1771//1771 1770//1770 1772//1772
f 1771//1771 1772//1772 1773//1773
f 1773//1773 1772//1772 1718//1718
f 1773//1773 1718//1718 1774//1774
f 1774//1774 1718//1718 1720//1720
f 1774//1774 1720//1720 1727//1727
f 1727//1727 1720//1720 1721//1721
f 1727//1727 1721//1721 1728//1728
f 1728//1728 1721//1721 1775//1775
f 1728//1728 1775//1775 1729//1729
f 1729//1729 1775//1775 1776//1776
f 1729//1729 1776//1776 1730//1730
f 1730//1730 1776//1776 1723//1723
f 1730//1730 1723//1723 1731//1731
f 1801//1801 1828//1828 2176//2176
f 1764//1764 1777//1777 1744//1744
f 1744//1744 1777//1777 1778//1778
f 1744//1744 1778//1778 1742//1742
f 1742//1742 1778//1778 1861//1861
f 1742//1742 1861//1861 1741//1741
f 1741//1741 1861//1861 1860//1860
f 1741//1741 1860//1860 1740//1740
f 1740//1740 1860//1860 1857//1857
f 1740//1740 1857//1857 1779//1779
f 1779//1779 1857//1857 1856//1856
f 1779//1779 1856//1856 1780//1780
f 1780//1780 1856//1856 1854//1854
f 1780//1780 1854//1854 1781//1781
f 1781//1781 1854//1854 1853//1853
f 1781//1781 1853//1853 1737//1737
f 1737//1737 1853//1853 1782//1782
f 1737//1737 1782//1782 1736//1736
f 1736//1736 1782//1782 1783//1783
f 1736//1736 1783//1783 1784//1784
f 1784//1784 1783//1783 1785//1785
f 1784//1784 1785//1785 1733//1733
f 1733//1733 1785//1785 1786//1786
f 1733//1733 1786//1786 1787//1787
f 1787//1787 1786//1786 1850//1850
f 1787//1787 1850//1850 1788//1788
f 1788//1788 1850//1850 1849//1849
f 1788//1788 1849//1849 1789//1789
f 1789//1789 1849//1849 1848//1848
f 1789//1789 1848//1848 1790//1790
f 1790//1790 1848//1848 1415//1415
f 1790//1790 1415//1415 1459//1459
f 1459//1459 1415//1415 1791//1791
f 1459//1459 1791//1791 1458//1458
f 1458//1458 1791//1791 1792//1792
f 1458//1458 1792//1792 1793//1793
f 1793//1793 1792//1792 1418//1418
f 1793//1793 1418//1418 1457//1457
f 1457//1457 1418//1418 1419//1419
f 1457//1457 1419//1419 1456//1456
f 1456//1456 1419//1419 1794//1794
f 1456//1456 1794//1794 1795//1795
f 1795//1795 1794//1794 1421//1421
f 1795//1795 1421//1421 1796//1796
f 1796//1796 1421//1421 1423//1423
f 1796//1796 1423//1423 1797//1797
f 1797//1797 1423//1423 1798//1798
f 1797//1797 1798//1798 1799//1799
f 1799//1799 1798//1798 3732//3732
f 1799//1799 3732//3732 1382//1382
f 1802//1802 1828//1828 1800//1800
f 1800//1800 1828//1828 1801//1801
f 1800//1800 1801//1801 2175//2175
f 1830//1830 1802//1802 1803//1803
f 1803//1803 1802//1802 1800//1800
f 1803//1803 1800//1800 1804//1804
f 1804//1804 1800//1800 2175//2175
f 1804//1804 2175//2175 2174//2174
f 1831//1831 1830//1830 1805//1805
f 1805//1805 1830//1830 1803//1803
f 1805//1805 1803//1803 1806//1806
f 1806//1806 1803//1803 1804//1804
f 1806//1806 1804//1804 1808//1808
f 1808//1808 1804//1804 2174//2174
f 1808//1808 2174//2174 2173//2173
f 1832//1832 1831//1831 1811//1811
f 1811//1811 1831//1831 1805//1805
f 1811//1811 1805//1805 1812//1812
f 1812//1812 1805//1805 1806//1806
f 1812//1812 1806//1806 1807//1807
f 1807//1807 1806//1806 1808//1808
f 1807//1807 1808//1808 1814//1814
f 1814//1814 1808//1808 2173//2173
f 1814//1814 2173//2173 1809//1809
f 1817//1817 1832//1832 1810//1810
f 1810//1810 1832//1832 1811//1811
f 1810//1810 1811//1811 1819//1819
f 1819//1819 1811//1811 1812//1812
f 1819//1819 1812//1812 1822//1822
f 1822//1822 1812//1812 1807//1807
f 1822//1822 1807//1807 1813//1813
f 1813//1813 1807//1807 1814//1814
f 1813//1813 1814//1814 1815//1815
f 1815//1815 1814//1814 1809//1809
f 1815//1815 1809//1809 1816//1816
f 1836//1836 1817//1817 1824//1824
f 1824//1824 1817//1817 1810//1810
f 1824//1824 1810//1810 1818//1818
f 1818//1818 1810//1810 1819//1819
f 1818//1818 1819//1819 1820//1820
f 1820//1820 1819//1819 1822//1822
f 1820//1820 1822//1822 1821//1821
f 1821//1821 1822//1822 1813//1813
f 1821//1821 1813//1813 1826//1826
f 1826//1826 1813//1813 1815//1815
f 1826//1826 1815//1815 1827//1827
f 1827//1827 1815//1815 1816//1816
f 1827//1827 1816//1816 2171//2171
f 1988//1988 1836//1836 1823//1823
f 1823//1823 1836//1836 1824//1824
f 1823//1823 1824//1824 1990//1990
f 1990//1990 1824//1824 1818//1818
f 1990//1990 1818//1818 1993//1993
f 1993//1993 1818//1818 1820//1820
f 1993//1993 1820//1820 1825//1825
f 1825//1825 1820//1820 1821//1821
f 1825//1825 1821//1821 1994//1994
f 1994//1994 1821//1821 1826//1826
f 1994//1994 1826//1826 1995//1995
f 1995//1995 1826//1826 1827//1827
f 1995//1995 1827//1827 1997//1997
f 1997//1997 1827//1827 2171//2171
f 1997//1997 2171//2171 2169//2169
f 2042//2042 2176//2176 2043//2043
f 2043//2043 2176//2176 1828//1828
f 2043//2043 1828//1828 2044//2044
f 2044//2044 1828//1828 1802//1802
f 2044//2044 1802//1802 1829//1829
f 1829//1829 1802//1802 1830//1830
f 1829//1829 1830//1830 2046//2046
f 2046//2046 1830//1830 1831//1831
f 2046//2046 1831//1831 1833//1833
f 1833//1833 1831//1831 1832//1832
f 1833//1833 1832//1832 1834//1834
f 1834//1834 1832//1832 1817//1817
f 1834//1834 1817//1817 1835//1835
f 1835//1835 1817//1817 1836//1836
f 1835//1835 1836//1836 1837//1837
f 1837//1837 1836//1836 1988//1988
f 1837//1837 1988//1988 2048//2048
f 1838//1838 1862//1862 1671//1671
f 1671//1671 1862//1862 1863//1863
f 1671//1671 1863//1863 1908//1908
f 1908//1908 1863//1863 1839//1839
f 1908//1908 1839//1839 1909//1909
f 1927//1927 1113//1113 1840//1840
f 1840//1840 1113//1113 1495//1495
f 1840//1840 1495//1495 1841//1841
f 1841//1841 1495//1495 1493//1493
f 1841//1841 1493//1493 1843//1843
f 1843//1843 1493//1493 1842//1842
f 1843//1843 1842//1842 1474//1474
f 1474//1474 1842//1842 1844//1844
f 1474//1474 1844//1844 1845//1845
f 1845//1845 1844//1844 1477//1477
f 1845//1845 1477//1477 1846//1846
f 1846//1846 1477//1477 1478//1478
f 1846//1846 1478//1478 1655//1655
f 1655//1655 1478//1478 1490//1490
f 1655//1655 1490//1490 1656//1656
f 1656//1656 1490//1490 1847//1847
f 1656//1656 1847//1847 1657//1657
f 1657//1657 1847//1847 1848//1848
f 1657//1657 1848//1848 1658//1658
f 1658//1658 1848//1848 1849//1849
f 1658//1658 1849//1849 1660//1660
f 1660//1660 1849//1849 1850//1850
f 1660//1660 1850//1850 1851//1851
f 1851//1851 1850//1850 1786//1786
f 1851//1851 1786//1786 1661//1661
f 1661//1661 1786//1786 1785//1785
f 1661//1661 1785//1785 1662//1662
f 1662//1662 1785//1785 1783//1783
f 1662//1662 1783//1783 1665//1665
f 1665//1665 1783//1783 1782//1782
f 1665//1665 1782//1782 1852//1852
f 1852//1852 1782//1782 1853//1853
f 1852//1852 1853//1853 1855//1855
f 1855//1855 1853//1853 1854//1854
f 1855//1855 1854//1854 1667//1667
f 1667//1667 1854//1854 1856//1856
f 1667//1667 1856//1856 1858//1858
f 1858//1858 1856//1856 1857//1857
f 1858//1858 1857//1857 1859//1859
f 1859//1859 1857//1857 1860//1860
f 1859//1859 1860//1860 1838//1838
f 1838//1838 1860//1860 1861//1861
f 1838//1838 1861//1861 1862//1862
f 1862//1862 1861//1861 1778//1778
f 1862//1862 1778//1778 1863//1863
f 1863//1863 1778//1778 2178//2178
f 1863//1863 2178//2178 1839//1839
f 2182//2182 1951//1951 1921//1921
f 1921//1921 1951//1951 1950//1950
f 1921//1921 1950//1950 1864//1864
f 1864//1864 1950//1950 1865//1865
f 1864//1864 1865//1865 1866//1866
f 1866//1866 1865//1865 1867//1867
f 1866//1866 1867//1867 1869//1869
f 1869//1869 1867//1867 1868//1868
f 1869//1869 1868//1868 1919//1919
f 1919//1919 1868//1868 1870//1870
f 1919//1919 1870//1870 1871//1871
f 1871//1871 1870//1870 1948//1948
f 1871//1871 1948//1948 1917//1917
f 1917//1917 1948//1948 1872//1872
f 1917//1917 1872//1872 1873//1873
f 1873//1873 1872//1872 1874//1874
f 1873//1873 1874//1874 1875//1875
f 1875//1875 1874//1874 1876//1876
f 1875//1875 1876//1876 1915//1915
f 1915//1915 1876//1876 1946//1946
f 1915//1915 1946//1946 1877//1877
f 1877//1877 1946//1946 1878//1878
f 1877//1877 1878//1878 1913//1913
f 1913//1913 1878//1878 1879//1879
f 1913//1913 1879//1879 1880//1880
f 1880//1880 1879//1879 1944//1944
f 1880//1880 1944//1944 1882//1882
f 1882//1882 1944//1944 1881//1881
f 1882//1882 1881//1881 1911//1911
f 1911//1911 1881//1881 1883//1883
f 1911//1911 1883//1883 1884//1884
f 1884//1884 1883//1883 1941//1941
f 1884//1884 1941//1941 1885//1885
f 1885//1885 1941//1941 1939//1939
f 1885//1885 1939//1939 1886//1886
f 1886//1886 1939//1939 1937//1937
f 1886//1886 1937//1937 1888//1888
f 1888//1888 1937//1937 1887//1887
f 1888//1888 1887//1887 1889//1889
f 1889//1889 1887//1887 1935//1935
f 1889//1889 1935//1935 1110//1110
f 1890//1890 1891//1891 1111//1111
f 1111//1111 1891//1891 1672//1672
f 1111//1111 1672//1672 1910//1910
f 1910//1910 1672//1672 1673//1673
f 1910//1910 1673//1673 1892//1892
f 1892//1892 1673//1673 1893//1893
f 1892//1892 1893//1893 1894//1894
f 1894//1894 1893//1893 1674//1674
f 1894//1894 1674//1674 1895//1895
f 1895//1895 1674//1674 1897//1897
f 1895//1895 1897//1897 1896//1896
f 1896//1896 1897//1897 1679//1679
f 1896//1896 1679//1679 1898//1898
f 1898//1898 1679//1679 1680//1680
f 1898//1898 1680//1680 1899//1899
f 1899//1899 1680//1680 1681//1681
f 1899//1899 1681//1681 1912//1912
f 1912//1912 1681//1681 1683//1683
f 1912//1912 1683//1683 1914//1914
f 1914//1914 1683//1683 1685//1685
f 1914//1914 1685//1685 1900//1900
f 1900//1900 1685//1685 1901//1901
f 1900//1900 1901//1901 1902//1902
f 1902//1902 1901//1901 1686//1686
f 1902//1902 1686//1686 1916//1916
f 1916//1916 1686//1686 1688//1688
f 1916//1916 1688//1688 1903//1903
f 1903//1903 1688//1688 1689//1689
f 1903//1903 1689//1689 1918//1918
f 1918//1918 1689//1689 1691//1691
f 1918//1918 1691//1691 1904//1904
f 1904//1904 1691//1691 1692//1692
f 1904//1904 1692//1692 1905//1905
f 1905//1905 1692//1692 1693//1693
f 1905//1905 1693//1693 1906//1906
f 1906//1906 1693//1693 1694//1694
f 1906//1906 1694//1694 1907//1907
f 1907//1907 1694//1694 1908//1908
f 1907//1907 1908//1908 1920//1920
f 1920//1920 1908//1908 1909//1909
f 1920//1920 1909//1909 2181//2181
f 1110//1110 1111//1111 1889//1889
f 1889//1889 1111//1111 1910//1910
f 1889//1889 1910//1910 1888//1888
f 1888//1888 1910//1910 1892//1892
f 1888//1888 1892//1892 1886//1886
f 1886//1886 1892//1892 1894//1894
f 1886//1886 1894//1894 1885//1885
f 1885//1885 1894//1894 1895//1895
f 1885//1885 1895//1895 1884//1884
f 1884//1884 1895//1895 1896//1896
f 1884//1884 1896//1896 1911//1911
f 1911//1911 1896//1896 1898//1898
f 1911//1911 1898//1898 1882//1882
f 1882//1882 1898//1898 1899//1899
f 1882//1882 1899//1899 1880//1880
f 1880//1880 1899//1899 1912//1912
f 1880//1880 1912//1912 1913//1913
f 1913//1913 1912//1912 1914//1914
f 1913//1913 1914//1914 1877//1877
f 1877//1877 1914//1914 1900//1900
f 1877//1877 1900//1900 1915//1915
f 1915//1915 1900//1900 1902//1902
f 1915//1915 1902//1902 1875//1875
f 1875//1875 1902//1902 1916//1916
f 1875//1875 1916//1916 1873//1873
f 1873//1873 1916//1916 1903//1903
f 1873//1873 1903//1903 1917//1917
f 1917//1917 1903//1903 1918//1918
f 1917//1917 1918//1918 1871//1871
f 1871//1871 1918//1918 1904//1904
f 1871//1871 1904//1904 1919//1919
f 1919//1919 1904//1904 1905//1905
f 1919//1919 1905//1905 1869//1869
f 1869//1869 1905//1905 1906//1906
f 1869//1869 1906//1906 1866//1866
f 1866//1866 1906//1906 1907//1907
f 1866//1866 1907//1907 1864//1864
f 1864//1864 1907//1907 1920//1920
f 1864//1864 1920//1920 1921//1921
f 1921//1921 1920//1920 2181//2181
f 1921//1921 2181//2181 2182//2182
f 3717//3717 3719//3719 1922//1922
f 1922//1922 3719//3719 1923//1923
f 1922//1922 1923//1923 1303//1303
f 1303//1303 1923//1923 1496//1496
f 1303//1303 1496//1496 1304//1304
f 1304//1304 1496//1496 1924//1924
f 1304//1304 1924//1924 1925//1925
f 1925//1925 1924//1924 1927//1927
f 1925//1925 1927//1927 1926//1926
f 1926//1926 1927//1927 1929//1929
f 1926//1926 1929//1929 1928//1928
f 1928//1928 1929//1929 1308//1308
f 1928//1928 1308//1308 1342//1342
f 1342//1342 1308//1308 1930//1930
f 1342//1342 1930//1930 1931//1931
f 1931//1931 1930//1930 1932//1932
f 1931//1931 1932//1932 1334//1334
f 1334//1334 1932//1932 1890//1890
f 1334//1334 1890//1890 1933//1933
f 1933//1933 1890//1890 1110//1110
f 1933//1933 1110//1110 1361//1361
f 1361//1361 1110//1110 1935//1935
f 1361//1361 1935//1935 1934//1934
f 1934//1934 1935//1935 1887//1887
f 1934//1934 1887//1887 1936//1936
f 1936//1936 1887//1887 1937//1937
f 1936//1936 1937//1937 1938//1938
f 1938//1938 1937//1937 1939//1939
f 1938//1938 1939//1939 1940//1940
f 1940//1940 1939//1939 1941//1941
f 1940//1940 1941//1941 1567//1567
f 1567//1567 1941//1941 1883//1883
f 1567//1567 1883//1883 1942//1942
f 1942//1942 1883//1883 1881//1881
f 1942//1942 1881//1881 1943//1943
f 1943//1943 1881//1881 1944//1944
f 1943//1943 1944//1944 1565//1565
f 1565//1565 1944//1944 1879//1879
f 1565//1565 1879//1879 1945//1945
f 1945//1945 1879//1879 1878//1878
f 1945//1945 1878//1878 1564//1564
f 1564//1564 1878//1878 1946//1946
f 1564//1564 1946//1946 1562//1562
f 1562//1562 1946//1946 1876//1876
f 1562//1562 1876//1876 1561//1561
f 1561//1561 1876//1876 1874//1874
f 1561//1561 1874//1874 1947//1947
f 1947//1947 1874//1874 1872//1872
f 1947//1947 1872//1872 1559//1559
f 1559//1559 1872//1872 1948//1948
f 1559//1559 1948//1948 1558//1558
f 1558//1558 1948//1948 1870//1870
f 1558//1558 1870//1870 1556//1556
f 1556//1556 1870//1870 1868//1868
f 1556//1556 1868//1868 1949//1949
f 1949//1949 1868//1868 1867//1867
f 1949//1949 1867//1867 1554//1554
f 1554//1554 1867//1867 1865//1865
f 1554//1554 1865//1865 1098//1098
f 1098//1098 1865//1865 1950//1950
f 1098//1098 1950//1950 2241//2241
f 2241//2241 1950//1950 1951//1951
f 1985//1985 1986//1986 1952//1952
f 1952//1952 1986//1986 148//148
f 1952//1952 148//148 3677//3677
f 148//148 146//146 3677//3677
f 3677//3677 146//146 145//145
f 3677//3677 145//145 1953//1953
f 1953//1953 145//145 144//144
f 1953//1953 144//144 1954//1954
f 2056//2056 1955//1955 2068//2068
f 2068//2068 1955//1955 1956//1956
f 2068//2068 1956//1956 2066//2066
f 2066//2066 1956//1956 1976//1976
f 2066//2066 1976//1976 1957//1957
f 1957//1957 1976//1976 1975//1975
f 1957//1957 1975//1975 1958//1958
f 1958//1958 1975//1975 1959//1959
f 1958//1958 1959//1959 2063//2063
f 2063//2063 1959//1959 1973//1973
f 2063//2063 1973//1973 1960//1960
f 1960//1960 1973//1973 1970//1970
f 1960//1960 1970//1970 1961//1961
f 1961//1961 1970//1970 1968//1968
f 1961//1961 1968//1968 1963//1963
f 1963//1963 1968//1968 1962//1962
f 1963//1963 1962//1962 1964//1964
f 1964//1964 1962//1962 1966//1966
f 1964//1964 1966//1966 1965//1965
f 1965//1965 1966//1966 2057//2057
f 2179//2179 2057//2057 1097//1097
f 1097//1097 2057//2057 1966//1966
f 1097//1097 1966//1966 1967//1967
f 1967//1967 1966//1966 1962//1962
f 1967//1967 1962//1962 2108//2108
f 2108//2108 1962//1962 1968//1968
f 2108//2108 1968//1968 1969//1969
f 1969//1969 1968//1968 1970//1970
f 1969//1969 1970//1970 1971//1971
f 1971//1971 1970//1970 1973//1973
f 1971//1971 1973//1973 1972//1972
f 1972//1972 1973//1973 1959//1959
f 1972//1972 1959//1959 1974//1974
f 1974//1974 1959//1959 1975//1975
f 1974//1974 1975//1975 2110//2110
f 2110//2110 1975//1975 1976//1976
f 2110//2110 1976//1976 2111//2111
f 2111//2111 1976//1976 1956//1956
f 2111//2111 1956//1956 2113//2113
f 2113//2113 1956//1956 1955//1955
f 3671//3671 1977//1977 3672//3672
f 3672//3672 1977//1977 1978//1978
f 3672//3672 1978//1978 3674//3674
f 3667//3667 2287//2287 3668//3668
f 3668//3668 2287//2287 103//103
f 3668//3668 103//103 3669//3669
f 103//103 1979//1979 3669//3669
f 3669//3669 1979//1979 1980//1980
f 3669//3669 1980//1980 3670//3670
f 3670//3670 1980//1980 1981//1981
f 3670//3670 1981//1981 3671//3671
f 3671//3671 1981//1981 154//154
f 3671//3671 154//154 1977//1977
f 1978//1978 152//152 3674//3674
f 3674//3674 152//152 150//150
f 3674//3674 150//150 3675//3675
f 3675//3675 150//150 1982//1982
f 3675//3675 1982//1982 1983//1983
f 1983//1983 1982//1982 1984//1984
f 1983//1983 1984//1984 1985//1985
f 1985//1985 1984//1984 149//149
f 1985//1985 149//149 1986//1986
f 2049//2049 2048//2048 1987//1987
f 1987//1987 2048//2048 1988//1988
f 1987//1987 1988//1988 1998//1998
f 1998//1998 1988//1988 1823//1823
f 1998//1998 1823//1823 1989//1989
f 1989//1989 1823//1823 1990//1990
f 1989//1989 1990//1990 1991//1991
f 1991//1991 1990//1990 1993//1993
f 1991//1991 1993//1993 1992//1992
f 1992//1992 1993//1993 1825//1825
f 1992//1992 1825//1825 2002//2002
f 2002//2002 1825//1825 1994//1994
f 2002//2002 1994//1994 2005//2005
f 2005//2005 1994//1994 1995//1995
f 2005//2005 1995//1995 1996//1996
f 1996//1996 1995//1995 1997//1997
f 1996//1996 1997//1997 2007//2007
f 2007//2007 1997//1997 2169//2169
f 2007//2007 2169//2169 2167//2167
f 2051//2051 2049//2049 2012//2012
f 2012//2012 2049//2049 1987//1987
f 2012//2012 1987//1987 2011//2011
f 2011//2011 1987//1987 1998//1998
f 2011//2011 1998//1998 1999//1999
f 1999//1999 1998//1998 1989//1989
f 1999//1999 1989//1989 2000//2000
f 2000//2000 1989//1989 1991//1991
f 2000//2000 1991//1991 2010//2010
f 2010//2010 1991//1991 1992//1992
f 2010//2010 1992//1992 2001//2001
f 2001//2001 1992//1992 2002//2002
f 2001//2001 2002//2002 2003//2003
f 2003//2003 2002//2002 2005//2005
f 2003//2003 2005//2005 2004//2004
f 2004//2004 2005//2005 1996//1996
f 2004//2004 1996//1996 2006//2006
f 2006//2006 1996//1996 2007//2007
f 2006//2006 2007//2007 2008//2008
f 2008//2008 2007//2007 2167//2167
f 2008//2008 2167//2167 2166//2166
f 2166//2166 2087//2087 2008//2008
f 2008//2008 2087//2087 2088//2088
f 2008//2008 2088//2088 2006//2006
f 2006//2006 2088//2088 2090//2090
f 2006//2006 2090//2090 2004//2004
f 2004//2004 2090//2090 2091//2091
f 2004//2004 2091//2091 2003//2003
f 2003//2003 2091//2091 2009//2009
f 2003//2003 2009//2009 2001//2001
f 2001//2001 2009//2009 2094//2094
f 2001//2001 2094//2094 2010//2010
f 2010//2010 2094//2094 2096//2096
f 2010//2010 2096//2096 2000//2000
f 2000//2000 2096//2096 2098//2098
f 2000//2000 2098//2098 1999//1999
f 1999//1999 2098//2098 2100//2100
f 1999//1999 2100//2100 2011//2011
f 2011//2011 2100//2100 1096//1096
f 2011//2011 1096//1096 2012//2012
f 2012//2012 1096//1096 2053//2053
f 2012//2012 2053//2053 2051//2051
f 2013//2013 2014//2014 2859//2859
f 2041//2041 2015//2015 2855//2855
f 1105//1105 1104//1104 2016//2016
f 2016//2016 1104//1104 2647//2647
f 2016//2016 2647//2647 2030//2030
f 2030//2030 2647//2647 2017//2017
f 2030//2030 2017//2017 2033//2033
f 2033//2033 2017//2017 2018//2018
f 2033//2033 2018//2018 2034//2034
f 2034//2034 2018//2018 2020//2020
f 2034//2034 2020//2020 2019//2019
f 2019//2019 2020//2020 2022//2022
f 2019//2019 2022//2022 2021//2021
f 2021//2021 2022//2022 2649//2649
f 2021//2021 2649//2649 2037//2037
f 2037//2037 2649//2649 2650//2650
f 2037//2037 2650//2650 2038//2038
f 2038//2038 2650//2650 2023//2023
f 2038//2038 2023//2023 2039//2039
f 2039//2039 2023//2023 2024//2024
f 2039//2039 2024//2024 2025//2025
f 2639//2639 1608//1608 2861//2861
f 2861//2861 1608//1608 1609//1609
f 2861//2861 1609//1609 2026//2026
f 2026//2026 1609//1609 1611//1611
f 2026//2026 1611//1611 2027//2027
f 2027//2027 1611//1611 1105//1105
f 2027//2027 1105//1105 2028//2028
f 2028//2028 1105//1105 2016//2016
f 2028//2028 2016//2016 2029//2029
f 2029//2029 2016//2016 2030//2030
f 2029//2029 2030//2030 2031//2031
f 2031//2031 2030//2030 2033//2033
f 2031//2031 2033//2033 2032//2032
f 2032//2032 2033//2033 2034//2034
f 2032//2032 2034//2034 2858//2858
f 2858//2858 2034//2034 2019//2019
f 2858//2858 2019//2019 2035//2035
f 2035//2035 2019//2019 2021//2021
f 2035//2035 2021//2021 2036//2036
f 2036//2036 2021//2021 2037//2037
f 2036//2036 2037//2037 2857//2857
f 2857//2857 2037//2037 2038//2038
f 2857//2857 2038//2038 2040//2040
f 2040//2040 2038//2038 2039//2039
f 2040//2040 2039//2039 2041//2041
f 2041//2041 2039//2039 2025//2025
f 2041//2041 2025//2025 2015//2015
f 2177//2177 2042//2042 2058//2058
f 2058//2058 2042//2042 2043//2043
f 2058//2058 2043//2043 2059//2059
f 2059//2059 2043//2043 2044//2044
f 2059//2059 2044//2044 2060//2060
f 2060//2060 2044//2044 1829//1829
f 2060//2060 1829//1829 2045//2045
f 2045//2045 1829//1829 2046//2046
f 2045//2045 2046//2046 2061//2061
f 2061//2061 2046//2046 1833//1833
f 2061//2061 1833//1833 2062//2062
f 2062//2062 1833//1833 1834//1834
f 2062//2062 1834//1834 2064//2064
f 2064//2064 1834//1834 1835//1835
f 2064//2064 1835//1835 2047//2047
f 2047//2047 1835//1835 1837//1837
f 2047//2047 1837//1837 2065//2065
f 2065//2065 1837//1837 2048//2048
f 2065//2065 2048//2048 2067//2067
f 2067//2067 2048//2048 2049//2049
f 2067//2067 2049//2049 2050//2050
f 2050//2050 2049//2049 2051//2051
f 2050//2050 2051//2051 2052//2052
f 2052//2052 2051//2051 2053//2053
f 2052//2052 2053//2053 2070//2070
f 2070//2070 2053//2053 2101//2101
f 2070//2070 2101//2101 2054//2054
f 2054//2054 2101//2101 2103//2103
f 2054//2054 2103//2103 2073//2073
f 2073//2073 2103//2103 2120//2120
f 2071//2071 2118//2118 2069//2069
f 2069//2069 2118//2118 2055//2055
f 2069//2069 2055//2055 2056//2056
f 2056//2056 2055//2055 2117//2117
f 2056//2056 2117//2117 1955//1955
f 1955//1955 2117//2117 2116//2116
f 1955//1955 2116//2116 2113//2113
f 2179//2179 2177//2177 2057//2057
f 2057//2057 2177//2177 2058//2058
f 2057//2057 2058//2058 1965//1965
f 1965//1965 2058//2058 2059//2059
f 1965//1965 2059//2059 1964//1964
f 1964//1964 2059//2059 2060//2060
f 1964//1964 2060//2060 1963//1963
f 1963//1963 2060//2060 2045//2045
f 1963//1963 2045//2045 1961//1961
f 1961//1961 2045//2045 2061//2061
f 1961//1961 2061//2061 1960//1960
f 1960//1960 2061//2061 2062//2062
f 1960//1960 2062//2062 2063//2063
f 2063//2063 2062//2062 2064//2064
f 2063//2063 2064//2064 1958//1958
f 1958//1958 2064//2064 2047//2047
f 1958//1958 2047//2047 1957//1957
f 1957//1957 2047//2047 2065//2065
f 1957//1957 2065//2065 2066//2066
f 2066//2066 2065//2065 2067//2067
f 2066//2066 2067//2067 2068//2068
f 2068//2068 2067//2067 2050//2050
f 2068//2068 2050//2050 2056//2056
f 2056//2056 2050//2050 2052//2052
f 2056//2056 2052//2052 2069//2069
f 2069//2069 2052//2052 2070//2070
f 2069//2069 2070//2070 2071//2071
f 2071//2071 2070//2070 2054//2054
f 2071//2071 2054//2054 2072//2072
f 2072//2072 2054//2054 2073//2073
f 2164//2164 2163//2163 2075//2075
f 2075//2075 2163//2163 2074//2074
f 2075//2075 2074//2074 2089//2089
f 2089//2089 2074//2074 2076//2076
f 2089//2089 2076//2076 2077//2077
f 2077//2077 2076//2076 2161//2161
f 2077//2077 2161//2161 2092//2092
f 2092//2092 2161//2161 2078//2078
f 2092//2092 2078//2078 2093//2093
f 2093//2093 2078//2078 2079//2079
f 2093//2093 2079//2079 2095//2095
f 2095//2095 2079//2079 2080//2080
f 2095//2095 2080//2080 2097//2097
f 2097//2097 2080//2080 2081//2081
f 2097//2097 2081//2081 2099//2099
f 2099//2099 2081//2081 2157//2157
f 2099//2099 2157//2157 2082//2082
f 2082//2082 2157//2157 2083//2083
f 2082//2082 2083//2083 2102//2102
f 2102//2102 2083//2083 2156//2156
f 2102//2102 2156//2156 2084//2084
f 2084//2084 2156//2156 2085//2085
f 2084//2084 2085//2085 2104//2104
f 2104//2104 2085//2085 2153//2153
f 2104//2104 2153//2153 2121//2121
f 2121//2121 2153//2153 2151//2151
f 2086//2086 2164//2164 2087//2087
f 2087//2087 2164//2164 2075//2075
f 2087//2087 2075//2075 2088//2088
f 2088//2088 2075//2075 2089//2089
f 2088//2088 2089//2089 2090//2090
f 2090//2090 2089//2089 2077//2077
f 2090//2090 2077//2077 2091//2091
f 2091//2091 2077//2077 2092//2092
f 2091//2091 2092//2092 2009//2009
f 2009//2009 2092//2092 2093//2093
f 2009//2009 2093//2093 2094//2094
f 2094//2094 2093//2093 2095//2095
f 2094//2094 2095//2095 2096//2096
f 2096//2096 2095//2095 2097//2097
f 2096//2096 2097//2097 2098//2098
f 2098//2098 2097//2097 2099//2099
f 2098//2098 2099//2099 2100//2100
f 2100//2100 2099//2099 2082//2082
f 2100//2100 2082//2082 1096//1096
f 1096//1096 2082//2082 2102//2102
f 1096//1096 2102//2102 2101//2101
f 2101//2101 2102//2102 2084//2084
f 2101//2101 2084//2084 2103//2103
f 2103//2103 2084//2084 2104//2104
f 2103//2103 2104//2104 2120//2120
f 2120//2120 2104//2104 2121//2121
f 2180//2180 2105//2105 2129//2129
f 2129//2129 2105//2105 1097//1097
f 2129//2129 1097//1097 2131//2131
f 2131//2131 1097//1097 1967//1967
f 2131//2131 1967//1967 2106//2106
f 2106//2106 1967//1967 2108//2108
f 2106//2106 2108//2108 2107//2107
f 2107//2107 2108//2108 1969//1969
f 2107//2107 1969//1969 2109//2109
f 2109//2109 1969//1969 1971//1971
f 2109//2109 1971//1971 2132//2132
f 2132//2132 1971//1971 1972//1972
f 2132//2132 1972//1972 2133//2133
f 2133//2133 1972//1972 1974//1974
f 2133//2133 1974//1974 2135//2135
f 2135//2135 1974//1974 2110//2110
f 2135//2135 2110//2110 2137//2137
f 2137//2137 2110//2110 2111//2111
f 2137//2137 2111//2111 2112//2112
f 2112//2112 2111//2111 2113//2113
f 2112//2112 2113//2113 2114//2114
f 2114//2114 2113//2113 2116//2116
f 2114//2114 2116//2116 2115//2115
f 2115//2115 2116//2116 2117//2117
f 2115//2115 2117//2117 2140//2140
f 2140//2140 2117//2117 2055//2055
f 2140//2140 2055//2055 2119//2119
f 2119//2119 2055//2055 2118//2118
f 2119//2119 2118//2118 2142//2142
f 2142//2142 2118//2118 2072//2072
f 2142//2142 2072//2072 2143//2143
f 2143//2143 2072//2072 2073//2073
f 2143//2143 2073//2073 2144//2144
f 2144//2144 2073//2073 2120//2120
f 2144//2144 2120//2120 2145//2145
f 2145//2145 2120//2120 2121//2121
f 2145//2145 2121//2121 2122//2122
f 2122//2122 2121//2121 2151//2151
f 2122//2122 2151//2151 2150//2150
f 3661//3661 2123//2123 3663//3663
f 3663//3663 2123//2123 104//104
f 3663//3663 104//104 3664//3664
f 2276//2276 2124//2124 2126//2126
f 2126//2126 2124//2124 2125//2125
f 2126//2126 2125//2125 3659//3659
f 2125//2125 111//111 3659//3659
f 3659//3659 111//111 110//110
f 3659//3659 110//110 2127//2127
f 2127//2127 110//110 2128//2128
f 2127//2127 2128//2128 3661//3661
f 3661//3661 2128//2128 109//109
f 3661//3661 109//109 2123//2123
f 2237//2237 2180//2180 2235//2235
f 2235//2235 2180//2180 2129//2129
f 2235//2235 2129//2129 2130//2130
f 2130//2130 2129//2129 2131//2131
f 2130//2130 2131//2131 2233//2233
f 2233//2233 2131//2131 2106//2106
f 2233//2233 2106//2106 2232//2232
f 2232//2232 2106//2106 2107//2107
f 2232//2232 2107//2107 2230//2230
f 2230//2230 2107//2107 2109//2109
f 2230//2230 2109//2109 2228//2228
f 2228//2228 2109//2109 2132//2132
f 2228//2228 2132//2132 2226//2226
f 2226//2226 2132//2132 2133//2133
f 2226//2226 2133//2133 2134//2134
f 2134//2134 2133//2133 2135//2135
f 2134//2134 2135//2135 2136//2136
f 2136//2136 2135//2135 2137//2137
f 2136//2136 2137//2137 2222//2222
f 2222//2222 2137//2137 2112//2112
f 2222//2222 2112//2112 2221//2221
f 2221//2221 2112//2112 2114//2114
f 2221//2221 2114//2114 2138//2138
f 2138//2138 2114//2114 2115//2115
f 2138//2138 2115//2115 2139//2139
f 2139//2139 2115//2115 2140//2140
f 2139//2139 2140//2140 2219//2219
f 2219//2219 2140//2140 2119//2119
f 2219//2219 2119//2119 2141//2141
f 2141//2141 2119//2119 2142//2142
f 2141//2141 2142//2142 2217//2217
f 2217//2217 2142//2142 2143//2143
f 2217//2217 2143//2143 2216//2216
f 2216//2216 2143//2143 2144//2144
f 2216//2216 2144//2144 2146//2146
f 2146//2146 2144//2144 2145//2145
f 2146//2146 2145//2145 2147//2147
f 2147//2147 2145//2145 2122//2122
f 2147//2147 2122//2122 2214//2214
f 2214//2214 2122//2122 2150//2150
f 2214//2214 2150//2150 2213//2213
f 2148//2148 2213//2213 2149//2149
f 2149//2149 2213//2213 2150//2150
f 2149//2149 2150//2150 3650//3650
f 3650//3650 2150//2150 2151//2151
f 3650//3650 2151//2151 2152//2152
f 2152//2152 2151//2151 2153//2153
f 2152//2152 2153//2153 2154//2154
f 2154//2154 2153//2153 2085//2085
f 2154//2154 2085//2085 2155//2155
f 2155//2155 2085//2085 2156//2156
f 2155//2155 2156//2156 3647//3647
f 3647//3647 2156//2156 2083//2083
f 3647//3647 2083//2083 3645//3645
f 3645//3645 2083//2083 2157//2157
f 3645//3645 2157//2157 3643//3643
f 3643//3643 2157//2157 2081//2081
f 3643//3643 2081//2081 2158//2158
f 2158//2158 2081//2081 2080//2080
f 2158//2158 2080//2080 3642//3642
f 3642//3642 2080//2080 2079//2079
f 3642//3642 2079//2079 2159//2159
f 2159//2159 2079//2079 2078//2078
f 2159//2159 2078//2078 2160//2160
f 2160//2160 2078//2078 2161//2161
f 2160//2160 2161//2161 3640//3640
f 3640//3640 2161//2161 2076//2076
f 3640//3640 2076//2076 2162//2162
f 2162//2162 2076//2076 2074//2074
f 2162//2162 2074//2074 3637//3637
f 3637//3637 2074//2074 2163//2163
f 3637//3637 2163//2163 3635//3635
f 3635//3635 2163//2163 2164//2164
f 3635//3635 2164//2164 1605//1605
f 1605//1605 2164//2164 2086//2086
f 1605//1605 2086//2086 2165//2165
f 2165//2165 2086//2086 2166//2166
f 2165//2165 2166//2166 1606//1606
f 1606//1606 2166//2166 2167//2167
f 1606//1606 2167//2167 2168//2168
f 2168//2168 2167//2167 2169//2169
f 2168//2168 2169//2169 1607//1607
f 1607//1607 2169//2169 2171//2171
f 1607//1607 2171//2171 2170//2170
f 2170//2170 2171//2171 1816//1816
f 2170//2170 1816//1816 1638//1638
f 1638//1638 1816//1816 1809//1809
f 1638//1638 1809//1809 2172//2172
f 2172//2172 1809//1809 2173//2173
f 2172//2172 2173//2173 1706//1706
f 1706//1706 2173//2173 2174//2174
f 1706//1706 2174//2174 1707//1707
f 1707//1707 2174//2174 2175//2175
f 1707//1707 2175//2175 1723//1723
f 1723//1723 2175//2175 1801//1801
f 1723//1723 1801//1801 1731//1731
f 1731//1731 1801//1801 2176//2176
f 1731//1731 2176//2176 1764//1764
f 1764//1764 2176//2176 2042//2042
f 1764//1764 2042//2042 1777//1777
f 1777//1777 2042//2042 2177//2177
f 1777//1777 2177//2177 2178//2178
f 2178//2178 2177//2177 2179//2179
f 2178//2178 2179//2179 1839//1839
f 1839//1839 2179//2179 2105//2105
f 1839//1839 2105//2105 1909//1909
f 1909//1909 2105//2105 2180//2180
f 1909//1909 2180//2180 2181//2181
f 2181//2181 2180//2180 2237//2237
f 2181//2181 2237//2237 2182//2182
f 2415//2415 198//198 202//202
f 2374//2374 200//200 2183//2183
f 2439//2439 2343//2343 2184//2184
f 2184//2184 2343//2343 2345//2345
f 2184//2184 2345//2345 2442//2442
f 2442//2442 2345//2345 2185//2185
f 2442//2442 2185//2185 2443//2443
f 2443//2443 2185//2185 2186//2186
f 2443//2443 2186//2186 2187//2187
f 2187//2187 2186//2186 2189//2189
f 2187//2187 2189//2189 2188//2188
f 2188//2188 2189//2189 2349//2349
f 2188//2188 2349//2349 2190//2190
f 2190//2190 2349//2349 2352//2352
f 2190//2190 2352//2352 2446//2446
f 2446//2446 2352//2352 2353//2353
f 2446//2446 2353//2353 2448//2448
f 2448//2448 2353//2353 2191//2191
f 2448//2448 2191//2191 2192//2192
f 2192//2192 2191//2191 2355//2355
f 2192//2192 2355//2355 2452//2452
f 2452//2452 2355//2355 2356//2356
f 2452//2452 2356//2356 2193//2193
f 2193//2193 2356//2356 2357//2357
f 2193//2193 2357//2357 2194//2194
f 2194//2194 2357//2357 2195//2195
f 2194//2194 2195//2195 2454//2454
f 2454//2454 2195//2195 2359//2359
f 2454//2454 2359//2359 2196//2196
f 2196//2196 2359//2359 2361//2361
f 2196//2196 2361//2361 2197//2197
f 2197//2197 2361//2361 2198//2198
f 2197//2197 2198//2198 2199//2199
f 2199//2199 2198//2198 2363//2363
f 2199//2199 2363//2363 2457//2457
f 202//202 2200//2200 2414//2414
f 2414//2414 2200//2200 201//201
f 1100//1100 2201//2201 2202//2202
f 2202//2202 2201//2201 2427//2427
f 2202//2202 2427//2427 2386//2386
f 2386//2386 2427//2427 2425//2425
f 2386//2386 2425//2425 2203//2203
f 2203//2203 2425//2425 2204//2204
f 2203//2203 2204//2204 2385//2385
f 2385//2385 2204//2204 2206//2206
f 2385//2385 2206//2206 2205//2205
f 2205//2205 2206//2206 2207//2207
f 2205//2205 2207//2207 2382//2382
f 2382//2382 2207//2207 2423//2423
f 2382//2382 2423//2423 2380//2380
f 2380//2380 2423//2423 2208//2208
f 2380//2380 2208//2208 2379//2379
f 2379//2379 2208//2208 2421//2421
f 2379//2379 2421//2421 2378//2378
f 2378//2378 2421//2421 2419//2419
f 2378//2378 2419//2419 2209//2209
f 2209//2209 2419//2419 2211//2211
f 2209//2209 2211//2211 2210//2210
f 2210//2210 2211//2211 2416//2416
f 2210//2210 2416//2416 2376//2376
f 2376//2376 2416//2416 2414//2414
f 2376//2376 2414//2414 2374//2374
f 2374//2374 2414//2414 201//201
f 2374//2374 201//201 200//200
f 2148//2148 2212//2212 2213//2213
f 2213//2213 2212//2212 3653//3653
f 2213//2213 3653//3653 2214//2214
f 2214//2214 3653//3653 3655//3655
f 2214//2214 3655//3655 2147//2147
f 2147//2147 3655//3655 2215//2215
f 2147//2147 2215//2215 2146//2146
f 2146//2146 2215//2215 3657//3657
f 2146//2146 3657//3657 2216//2216
f 2216//2216 3657//3657 3658//3658
f 2216//2216 3658//3658 2217//2217
f 2217//2217 3658//3658 2218//2218
f 2217//2217 2218//2218 2141//2141
f 2141//2141 2218//2218 3660//3660
f 2141//2141 3660//3660 2219//2219
f 2219//2219 3660//3660 3662//3662
f 2219//2219 3662//3662 2139//2139
f 2139//2139 3662//3662 2220//2220
f 2139//2139 2220//2220 2138//2138
f 2138//2138 2220//2220 3665//3665
f 2138//2138 3665//3665 2221//2221
f 2221//2221 3665//3665 3666//3666
f 2221//2221 3666//3666 2222//2222
f 2222//2222 3666//3666 2223//2223
f 2222//2222 2223//2223 2136//2136
f 2136//2136 2223//2223 2224//2224
f 2136//2136 2224//2224 2134//2134
f 2134//2134 2224//2224 2225//2225
f 2134//2134 2225//2225 2226//2226
f 2226//2226 2225//2225 2227//2227
f 2226//2226 2227//2227 2228//2228
f 2228//2228 2227//2227 2229//2229
f 2228//2228 2229//2229 2230//2230
f 2230//2230 2229//2229 3673//3673
f 2230//2230 3673//3673 2232//2232
f 2232//2232 3673//3673 2231//2231
f 2232//2232 2231//2231 2233//2233
f 2233//2233 2231//2231 2234//2234
f 2233//2233 2234//2234 2130//2130
f 2130//2130 2234//2234 2236//2236
f 2130//2130 2236//2236 2235//2235
f 2235//2235 2236//2236 2238//2238
f 2235//2235 2238//2238 2237//2237
f 2237//2237 2238//2238 3676//3676
f 2237//2237 3676//3676 2182//2182
f 2182//2182 3676//3676 2239//2239
f 2182//2182 2239//2239 1951//1951
f 1951//1951 2239//2239 2240//2240
f 1951//1951 2240//2240 2241//2241
f 2241//2241 2240//2240 3678//3678
f 2241//2241 3678//3678 1568//1568
f 1568//1568 3678//3678 3680//3680
f 1568//1568 3680//3680 1569//1569
f 1569//1569 3680//3680 3681//3681
f 1569//1569 3681//3681 2242//2242
f 2242//2242 3681//3681 141//141
f 2242//2242 141//141 136//136
f 2244//2244 2243//2243 3652//3652
f 3652//3652 115//115 3654//3654
f 3654//3654 115//115 114//114
f 3654//3654 114//114 3656//3656
f 2243//2243 2244//2244 2260//2260
f 119//119 118//118 2344//2344
f 2344//2344 118//118 2260//2260
f 2344//2344 2260//2260 2346//2346
f 2346//2346 2260//2260 2244//2244
f 2346//2346 2244//2244 2245//2245
f 2245//2245 2244//2244 2246//2246
f 2245//2245 2246//2246 2347//2347
f 2347//2347 2246//2246 3651//3651
f 2347//2347 3651//3651 2348//2348
f 2348//2348 3651//3651 2247//2247
f 2348//2348 2247//2247 2350//2350
f 2350//2350 2247//2247 3649//3649
f 2350//2350 3649//3649 2351//2351
f 2351//2351 3649//3649 2248//2248
f 2351//2351 2248//2248 2249//2249
f 2249//2249 2248//2248 3648//3648
f 2249//2249 3648//3648 2354//2354
f 2354//2354 3648//3648 3646//3646
f 2354//2354 3646//3646 2250//2250
f 2250//2250 3646//3646 2251//2251
f 2250//2250 2251//2251 2252//2252
f 2252//2252 2251//2251 3644//3644
f 2252//2252 3644//3644 2358//2358
f 2358//2358 3644//3644 2253//2253
f 2358//2358 2253//2253 2360//2360
f 2360//2360 2253//2253 3641//3641
f 2360//2360 3641//3641 2254//2254
f 2254//2254 3641//3641 2255//2255
f 2254//2254 2255//2255 2362//2362
f 2362//2362 2255//2255 2256//2256
f 2362//2362 2256//2256 2257//2257
f 2257//2257 2256//2256 3639//3639
f 2257//2257 3639//3639 2258//2258
f 2258//2258 3639//3639 3638//3638
f 2258//2258 3638//3638 3636//3636
f 208//208 2439//2439 2259//2259
f 118//118 116//116 2260//2260
f 2260//2260 116//116 2261//2261
f 2260//2260 2261//2261 2243//2243
f 2243//2243 2261//2261 2262//2262
f 2243//2243 2262//2262 3652//3652
f 3652//3652 2262//2262 2263//2263
f 3652//3652 2263//2263 115//115
f 1102//1102 2389//2389 2264//2264
f 2264//2264 2389//2389 2388//2388
f 2264//2264 2388//2388 2455//2455
f 2455//2455 2388//2388 2387//2387
f 2455//2455 2387//2387 2265//2265
f 2265//2265 2387//2387 2266//2266
f 2265//2265 2266//2266 2453//2453
f 2453//2453 2266//2266 2384//2384
f 2453//2453 2384//2384 2451//2451
f 2451//2451 2384//2384 2383//2383
f 2451//2451 2383//2383 2267//2267
f 2267//2267 2383//2383 2268//2268
f 2267//2267 2268//2268 2450//2450
f 2450//2450 2268//2268 2381//2381
f 2450//2450 2381//2381 2449//2449
f 2449//2449 2381//2381 2269//2269
f 2449//2449 2269//2269 2447//2447
f 2447//2447 2269//2269 2270//2270
f 2447//2447 2270//2270 2445//2445
f 2445//2445 2270//2270 2271//2271
f 2445//2445 2271//2271 2444//2444
f 2444//2444 2271//2271 2272//2272
f 2444//2444 2272//2272 2273//2273
f 2273//2273 2272//2272 2377//2377
f 2273//2273 2377//2377 2274//2274
f 2274//2274 2377//2377 2375//2375
f 2274//2274 2375//2375 2441//2441
f 2441//2441 2375//2375 1094//1094
f 2441//2441 1094//1094 2440//2440
f 2440//2440 1094//1094 203//203
f 2440//2440 203//203 204//204
f 114//114 2275//2275 3656//3656
f 3656//3656 2275//2275 2276//2276
f 2276//2276 2275//2275 112//112
f 2276//2276 112//112 2124//2124
f 2855//2855 2277//2277 2856//2856
f 2856//2856 2277//2277 2278//2278
f 2014//2014 2013//2013 2422//2422
f 2422//2422 2013//2013 2279//2279
f 2422//2422 2279//2279 2281//2281
f 2281//2281 2279//2279 2280//2280
f 2281//2281 2280//2280 2420//2420
f 2420//2420 2280//2280 2282//2282
f 2420//2420 2282//2282 2418//2418
f 2418//2418 2282//2282 2283//2283
f 2418//2418 2283//2283 2417//2417
f 2417//2417 2283//2283 2856//2856
f 2417//2417 2856//2856 2415//2415
f 2415//2415 2856//2856 2278//2278
f 2415//2415 2278//2278 198//198
f 104//104 106//106 3664//3664
f 3664//3664 106//106 107//107
f 3664//3664 107//107 2284//2284
f 2284//2284 107//107 2285//2285
f 2284//2284 2285//2285 3667//3667
f 3667//3667 2285//2285 2286//2286
f 3667//3667 2286//2286 2287//2287
f 3847//3847 3072//3072 2288//2288
f 3847//3847 2289//2289 3072//3072
f 3072//3072 2289//2289 3845//3845
f 3072//3072 3845//3845 2290//2290
f 2290//2290 3845//3845 3846//3846
f 2290//2290 3846//3846 2295//2295
f 2291//2291 3061//3061 3067//3067
f 3067//3067 3061//3061 2292//2292
f 3067//3067 2292//2292 2293//2293
f 2293//2293 2292//2292 2294//2294
f 2293//2293 2294//2294 3069//3069
f 3069//3069 2294//2294 3059//3059
f 2295//2295 2296//2296 2297//2297
f 2297//2297 2296//2296 3844//3844
f 2297//2297 3844//3844 2299//2299
f 3844//3844 2298//2298 2299//2299
f 2299//2299 2298//2298 2302//2302
f 2299//2299 2302//2302 3064//3064
f 3840//3840 3539//3539 2300//2300
f 2300//2300 3539//3539 2304//2304
f 2300//2300 2304//2304 2301//2301
f 2302//2302 2303//2303 3064//3064
f 3064//3064 2303//2303 3842//3842
f 3064//3064 3842//3842 2304//2304
f 2304//2304 3842//3842 2305//2305
f 2304//2304 2305//2305 2301//2301
f 3062//3062 2306//2306 3063//3063
f 3063//3063 2306//2306 2307//2307
f 3063//3063 2307//2307 3065//3065
f 3065//3065 2307//2307 2308//2308
f 3065//3065 2308//2308 2309//2309
f 2309//2309 2308//2308 2311//2311
f 2309//2309 2311//2311 2291//2291
f 2337//2337 2311//2311 2310//2310
f 2310//2310 2311//2311 2308//2308
f 2310//2310 2308//2308 2312//2312
f 2312//2312 2308//2308 2307//2307
f 2312//2312 2307//2307 3535//3535
f 3535//3535 2307//2307 2306//2306
f 2313//2313 2334//2334 2314//2314
f 2314//2314 2334//2334 2336//2336
f 2314//2314 2336//2336 2315//2315
f 2315//2315 2336//2336 2339//2339
f 2313//2313 2316//2316 3534//3534
f 3841//3841 3839//3839 2328//2328
f 2328//2328 3839//3839 2317//2317
f 2328//2328 2317//2317 2329//2329
f 2318//2318 2319//2319 3511//3511
f 3511//3511 2319//2319 3765//3765
f 2500//2500 3764//3764 2498//2498
f 3834//3834 3835//3835 2785//2785
f 2785//2785 3835//3835 2320//2320
f 2785//2785 2320//2320 2787//2787
f 3835//3835 3833//3833 2320//2320
f 2320//2320 3833//3833 3832//3832
f 2320//2320 3832//3832 2322//2322
f 2483//2483 2787//2787 2485//2485
f 2485//2485 2787//2787 2320//2320
f 2485//2485 2320//2320 2321//2321
f 2321//2321 2320//2320 2322//2322
f 2474//2474 2473//2473 3764//3764
f 2475//2475 2323//2323 2473//2473
f 2324//2324 2325//2325 3505//3505
f 3505//3505 2325//2325 3536//3536
f 3505//3505 3536//3536 2326//2326
f 2326//2326 3536//3536 3537//3537
f 2326//2326 3537//3537 3507//3507
f 3507//3507 3537//3537 3538//3538
f 3507//3507 3538//3538 2327//2327
f 2327//2327 3538//3538 3540//3540
f 2327//2327 3540//3540 3509//3509
f 3509//3509 3540//3540 2328//2328
f 3509//3509 2328//2328 3510//3510
f 3510//3510 2328//2328 2329//2329
f 3510//3510 2329//2329 3838//3838
f 2332//2332 2330//2330 2323//2323
f 2330//2330 2332//2332 2331//2331
f 2331//2331 2332//2332 2333//2333
f 2331//2331 2333//2333 2467//2467
f 2313//2313 3534//3534 2334//2334
f 2334//2334 3534//3534 2335//2335
f 2334//2334 2335//2335 2336//2336
f 2336//2336 2335//2335 2340//2340
f 2336//2336 2340//2340 2339//2339
f 3535//3535 2316//2316 2312//2312
f 2312//2312 2316//2316 2313//2313
f 2312//2312 2313//2313 2310//2310
f 2310//2310 2313//2313 2314//2314
f 2310//2310 2314//2314 2337//2337
f 2337//2337 2314//2314 2315//2315
f 2337//2337 2315//2315 2338//2338
f 2338//2338 2315//2315 2339//2339
f 2338//2338 2339//2339 2341//2341
f 2341//2341 2339//2339 2340//2340
f 2341//2341 2340//2340 2342//2342
f 2342//2342 2340//2340 1091//1091
f 2342//2342 1091//1091 3174//3174
f 3174//3174 1091//1091 3603//3603
f 3174//3174 3603//3603 3601//3601
f 2372//2372 2370//2370 3756//3756
f 120//120 119//119 2343//2343
f 2343//2343 119//119 2344//2344
f 2343//2343 2344//2344 2345//2345
f 2345//2345 2344//2344 2346//2346
f 2345//2345 2346//2346 2185//2185
f 2185//2185 2346//2346 2245//2245
f 2185//2185 2245//2245 2186//2186
f 2186//2186 2245//2245 2347//2347
f 2186//2186 2347//2347 2189//2189
f 2189//2189 2347//2347 2348//2348
f 2189//2189 2348//2348 2349//2349
f 2349//2349 2348//2348 2350//2350
f 2349//2349 2350//2350 2352//2352
f 2352//2352 2350//2350 2351//2351
f 2352//2352 2351//2351 2353//2353
f 2353//2353 2351//2351 2249//2249
f 2353//2353 2249//2249 2191//2191
f 2191//2191 2249//2249 2354//2354
f 2191//2191 2354//2354 2355//2355
f 2355//2355 2354//2354 2250//2250
f 2355//2355 2250//2250 2356//2356
f 2356//2356 2250//2250 2252//2252
f 2356//2356 2252//2252 2357//2357
f 2357//2357 2252//2252 2358//2358
f 2357//2357 2358//2358 2195//2195
f 2195//2195 2358//2358 2360//2360
f 2195//2195 2360//2360 2359//2359
f 2359//2359 2360//2360 2254//2254
f 2359//2359 2254//2254 2361//2361
f 2361//2361 2254//2254 2362//2362
f 2361//2361 2362//2362 2198//2198
f 2198//2198 2362//2362 2257//2257
f 2198//2198 2257//2257 2363//2363
f 2363//2363 2257//2257 2258//2258
f 2363//2363 2258//2258 2457//2457
f 2457//2457 2258//2258 3636//3636
f 2457//2457 3636//3636 2364//2364
f 2364//2364 3636//3636 2365//2365
f 2364//2364 2365//2365 2458//2458
f 2458//2458 2365//2365 3634//3634
f 2458//2458 3634//3634 2459//2459
f 2459//2459 3634//3634 2366//2366
f 2459//2459 2366//2366 2367//2367
f 2367//2367 2366//2366 2369//2369
f 2367//2367 2369//2369 2368//2368
f 2368//2368 2369//2369 2370//2370
f 2368//2368 2370//2370 2371//2371
f 2371//2371 2370//2370 2372//2372
f 2371//2371 2372//2372 2373//2373
f 2183//2183 1094//1094 2374//2374
f 2374//2374 1094//1094 2375//2375
f 2374//2374 2375//2375 2376//2376
f 2376//2376 2375//2375 2377//2377
f 2376//2376 2377//2377 2210//2210
f 2210//2210 2377//2377 2272//2272
f 2210//2210 2272//2272 2209//2209
f 2209//2209 2272//2272 2271//2271
f 2209//2209 2271//2271 2378//2378
f 2378//2378 2271//2271 2270//2270
f 2378//2378 2270//2270 2379//2379
f 2379//2379 2270//2270 2269//2269
f 2379//2379 2269//2269 2380//2380
f 2380//2380 2269//2269 2381//2381
f 2380//2380 2381//2381 2382//2382
f 2382//2382 2381//2381 2268//2268
f 2382//2382 2268//2268 2205//2205
f 2205//2205 2268//2268 2383//2383
f 2205//2205 2383//2383 2385//2385
f 2385//2385 2383//2383 2384//2384
f 2385//2385 2384//2384 2203//2203
f 2203//2203 2384//2384 2266//2266
f 2203//2203 2266//2266 2386//2386
f 2386//2386 2266//2266 2387//2387
f 2386//2386 2387//2387 2202//2202
f 2202//2202 2387//2387 2388//2388
f 2202//2202 2388//2388 1100//1100
f 1100//1100 2388//2388 2389//2389
f 1100//1100 2389//2389 1101//1101
f 1101//1101 2389//2389 2456//2456
f 1101//1101 2456//2456 2390//2390
f 2390//2390 2456//2456 2391//2391
f 2390//2390 2391//2391 2392//2392
f 2392//2392 2391//2391 2394//2394
f 2392//2392 2394//2394 2393//2393
f 2393//2393 2394//2394 2460//2460
f 2393//2393 2460//2460 2430//2430
f 2430//2430 2460//2460 2461//2461
f 2430//2430 2461//2461 2431//2431
f 2431//2431 2461//2461 2462//2462
f 2431//2431 2462//2462 2395//2395
f 2395//2395 2462//2462 2463//2463
f 2395//2395 2463//2463 2434//2434
f 2434//2434 2463//2463 2464//2464
f 2434//2434 2464//2464 2396//2396
f 2396//2396 2464//2464 2397//2397
f 2396//2396 2397//2397 2436//2436
f 2014//2014 2398//2398 2859//2859
f 2859//2859 2398//2398 2399//2399
f 2859//2859 2399//2399 2400//2400
f 2400//2400 2399//2399 2401//2401
f 2400//2400 2401//2401 2860//2860
f 2860//2860 2401//2401 1614//1614
f 2860//2860 1614//1614 2402//2402
f 2402//2402 1614//1614 1613//1613
f 2402//2402 1613//1613 2403//2403
f 2403//2403 1613//1613 2404//2404
f 2403//2403 2404//2404 2405//2405
f 2405//2405 2404//2404 2406//2406
f 2405//2405 2406//2406 2407//2407
f 2407//2407 2406//2406 2428//2428
f 2407//2407 2428//2428 2862//2862
f 2862//2862 2428//2428 2408//2408
f 2862//2862 2408//2408 2409//2409
f 2409//2409 2408//2408 2411//2411
f 2409//2409 2411//2411 2410//2410
f 2410//2410 2411//2411 2429//2429
f 2410//2410 2429//2429 2412//2412
f 2412//2412 2429//2429 2432//2432
f 2412//2412 2432//2432 2865//2865
f 2865//2865 2432//2432 2433//2433
f 2865//2865 2433//2433 2413//2413
f 2413//2413 2433//2433 2435//2435
f 2413//2413 2435//2435 2866//2866
f 2866//2866 2435//2435 2437//2437
f 2866//2866 2437//2437 2867//2867
f 2867//2867 2437//2437 2438//2438
f 2867//2867 2438//2438 2868//2868
f 202//202 2414//2414 2415//2415
f 2415//2415 2414//2414 2416//2416
f 2415//2415 2416//2416 2417//2417
f 2417//2417 2416//2416 2211//2211
f 2417//2417 2211//2211 2418//2418
f 2418//2418 2211//2211 2419//2419
f 2418//2418 2419//2419 2420//2420
f 2420//2420 2419//2419 2421//2421
f 2420//2420 2421//2421 2281//2281
f 2281//2281 2421//2421 2208//2208
f 2281//2281 2208//2208 2422//2422
f 2422//2422 2208//2208 2423//2423
f 2422//2422 2423//2423 2014//2014
f 2014//2014 2423//2423 2207//2207
f 2014//2014 2207//2207 2398//2398
f 2398//2398 2207//2207 2206//2206
f 2398//2398 2206//2206 2424//2424
f 2424//2424 2206//2206 2204//2204
f 2424//2424 2204//2204 1615//1615
f 1615//1615 2204//2204 2425//2425
f 1615//1615 2425//2425 2426//2426
f 2426//2426 2425//2425 2427//2427
f 2426//2426 2427//2427 1612//1612
f 1612//1612 2427//2427 2201//2201
f 1612//1612 2201//2201 2404//2404
f 2404//2404 2201//2201 1101//1101
f 2404//2404 1101//1101 2406//2406
f 2406//2406 1101//1101 2390//2390
f 2406//2406 2390//2390 2428//2428
f 2428//2428 2390//2390 2392//2392
f 2428//2428 2392//2392 2408//2408
f 2408//2408 2392//2392 2393//2393
f 2408//2408 2393//2393 2411//2411
f 2411//2411 2393//2393 2430//2430
f 2411//2411 2430//2430 2429//2429
f 2429//2429 2430//2430 2431//2431
f 2429//2429 2431//2431 2432//2432
f 2432//2432 2431//2431 2395//2395
f 2432//2432 2395//2395 2433//2433
f 2433//2433 2395//2395 2434//2434
f 2433//2433 2434//2434 2435//2435
f 2435//2435 2434//2434 2396//2396
f 2435//2435 2396//2396 2437//2437
f 2437//2437 2396//2396 2436//2436
f 2437//2437 2436//2436 2438//2438
f 2259//2259 2439//2439 2440//2440
f 2440//2440 2439//2439 2184//2184
f 2440//2440 2184//2184 2441//2441
f 2441//2441 2184//2184 2442//2442
f 2441//2441 2442//2442 2274//2274
f 2274//2274 2442//2442 2443//2443
f 2274//2274 2443//2443 2273//2273
f 2273//2273 2443//2443 2187//2187
f 2273//2273 2187//2187 2444//2444
f 2444//2444 2187//2187 2188//2188
f 2444//2444 2188//2188 2445//2445
f 2445//2445 2188//2188 2190//2190
f 2445//2445 2190//2190 2447//2447
f 2447//2447 2190//2190 2446//2446
f 2447//2447 2446//2446 2449//2449
f 2449//2449 2446//2446 2448//2448
f 2449//2449 2448//2448 2450//2450
f 2450//2450 2448//2448 2192//2192
f 2450//2450 2192//2192 2267//2267
f 2267//2267 2192//2192 2452//2452
f 2267//2267 2452//2452 2451//2451
f 2451//2451 2452//2452 2193//2193
f 2451//2451 2193//2193 2453//2453
f 2453//2453 2193//2193 2194//2194
f 2453//2453 2194//2194 2265//2265
f 2265//2265 2194//2194 2454//2454
f 2265//2265 2454//2454 2455//2455
f 2455//2455 2454//2454 2196//2196
f 2455//2455 2196//2196 2264//2264
f 2264//2264 2196//2196 2197//2197
f 2264//2264 2197//2197 1102//1102
f 1102//1102 2197//2197 2199//2199
f 1102//1102 2199//2199 2456//2456
f 2456//2456 2199//2199 2457//2457
f 2456//2456 2457//2457 2391//2391
f 2391//2391 2457//2457 2364//2364
f 2391//2391 2364//2364 2394//2394
f 2394//2394 2364//2364 2458//2458
f 2394//2394 2458//2458 2460//2460
f 2460//2460 2458//2458 2459//2459
f 2460//2460 2459//2459 2461//2461
f 2461//2461 2459//2459 2367//2367
f 2461//2461 2367//2367 2462//2462
f 2462//2462 2367//2367 2368//2368
f 2462//2462 2368//2368 2463//2463
f 2463//2463 2368//2368 2371//2371
f 2463//2463 2371//2371 2464//2464
f 2464//2464 2371//2371 2373//2373
f 2464//2464 2373//2373 2397//2397
f 2323//2323 2475//2475 2332//2332
f 2332//2332 2475//2475 2476//2476
f 2332//2332 2476//2476 2333//2333
f 2333//2333 2476//2476 2465//2465
f 2333//2333 2465//2465 2467//2467
f 2467//2467 2465//2465 2466//2466
f 2467//2467 2466//2466 2469//2469
f 2469//2469 2466//2466 2468//2468
f 2469//2469 2468//2468 2470//2470
f 2470//2470 2468//2468 2472//2472
f 2470//2470 2472//2472 2471//2471
f 2471//2471 2472//2472 2825//2825
f 2471//2471 2825//2825 2864//2864
f 2473//2473 2474//2474 2475//2475
f 2475//2475 2474//2474 2477//2477
f 2475//2475 2477//2477 2476//2476
f 2476//2476 2477//2477 2478//2478
f 2476//2476 2478//2478 2465//2465
f 2465//2465 2478//2478 2692//2692
f 2465//2465 2692//2692 2466//2466
f 3830//3830 2479//2479 2480//2480
f 2480//2480 2479//2479 3831//3831
f 3830//3830 2481//2481 3701//3701
f 3701//3701 2481//2481 3702//3702
f 3824//3824 3822//3822 2482//2482
f 2482//2482 3822//3822 3821//3821
f 2482//2482 3821//3821 3820//3820
f 2789//2789 2483//2483 2484//2484
f 2484//2484 2483//2483 2485//2485
f 2484//2484 2485//2485 2486//2486
f 2486//2486 2485//2485 2321//2321
f 2486//2486 2321//2321 2489//2489
f 2489//2489 2321//2321 2322//2322
f 2489//2489 2322//2322 2490//2490
f 2494//2494 2789//2789 2487//2487
f 2487//2487 2789//2789 2484//2484
f 2487//2487 2484//2484 2491//2491
f 2491//2491 2484//2484 2486//2486
f 2491//2491 2486//2486 2488//2488
f 2488//2488 2486//2486 2489//2489
f 2488//2488 2489//2489 2479//2479
f 2479//2479 2489//2489 2490//2490
f 2479//2479 2490//2490 3831//3831
f 3830//3830 3701//3701 2479//2479
f 2479//2479 3701//3701 3700//3700
f 2479//2479 3700//3700 2488//2488
f 2488//2488 3700//3700 3698//3698
f 2488//2488 3698//3698 2491//2491
f 2491//2491 3698//3698 2492//2492
f 2491//2491 2492//2492 2487//2487
f 2492//2492 2493//2493 2487//2487
f 2487//2487 2493//2493 3696//3696
f 2487//2487 3696//3696 2494//2494
f 2494//2494 3696//3696 2495//2495
f 2494//2494 2495//2495 2496//2496
f 2496//2496 2495//2495 2497//2497
f 2496//2496 2497//2497 2704//2704
f 3837//3837 1093//1093 2498//2498
f 2498//2498 1093//1093 2499//2499
f 2498//2498 2499//2499 2500//2500
f 2500//2500 2499//2499 2589//2589
f 2500//2500 2589//2589 2501//2501
f 2501//2501 2589//2589 2591//2591
f 2501//2501 2591//2591 2691//2691
f 2691//2691 2591//2591 2592//2592
f 2691//2691 2592//2592 2502//2502
f 2502//2502 2592//2592 2593//2593
f 2502//2502 2593//2593 2503//2503
f 2503//2503 2593//2593 2504//2504
f 2503//2503 2504//2504 2595//2595
f 2505//2505 3695//3695 2506//2506
f 2506//2506 3695//3695 2507//2507
f 2506//2506 2507//2507 2514//2514
f 2514//2514 2507//2507 2508//2508
f 2514//2514 2508//2508 2515//2515
f 2515//2515 2508//2508 2510//2510
f 2515//2515 2510//2510 2509//2509
f 2509//2509 2510//2510 3697//3697
f 2509//2509 3697//3697 2518//2518
f 2518//2518 3697//3697 3699//3699
f 2518//2518 3699//3699 2511//2511
f 2511//2511 3699//3699 2512//2512
f 2511//2511 2512//2512 2519//2519
f 2775//2775 2505//2505 2777//2777
f 2777//2777 2505//2505 2506//2506
f 2777//2777 2506//2506 2513//2513
f 2513//2513 2506//2506 2514//2514
f 2513//2513 2514//2514 2516//2516
f 2516//2516 2514//2514 2515//2515
f 2516//2516 2515//2515 2779//2779
f 2779//2779 2515//2515 2509//2509
f 2779//2779 2509//2509 2517//2517
f 2517//2517 2509//2509 2518//2518
f 2517//2517 2518//2518 2780//2780
f 2780//2780 2518//2518 2511//2511
f 2780//2780 2511//2511 2781//2781
f 2781//2781 2511//2511 2519//2519
f 2781//2781 2519//2519 2783//2783
f 2783//2783 2519//2519 3703//3703
f 2783//2783 3703//3703 3828//3828
f 3819//3819 3818//3818 2530//2530
f 2530//2530 3818//3818 3817//3817
f 2520//2520 2521//2521 2522//2522
f 2522//2522 2521//2521 2523//2523
f 2574//2574 3815//3815 2575//2575
f 2524//2524 3814//3814 2526//2526
f 2526//2526 3814//3814 3813//3813
f 2525//2525 2526//2526 2529//2529
f 2529//2529 2526//2526 3813//3813
f 2529//2529 3813//3813 3811//3811
f 2528//2528 2527//2527 2579//2579
f 2579//2579 2527//2527 689//689
f 2579//2579 689//689 2580//2580
f 3815//3815 2524//2524 2575//2575
f 2575//2575 2524//2524 2526//2526
f 2575//2575 2526//2526 2577//2577
f 2577//2577 2526//2526 2525//2525
f 2577//2577 2525//2525 2579//2579
f 2579//2579 2525//2525 692//692
f 2579//2579 692//692 2528//2528
f 3811//3811 1089//1089 2529//2529
f 2529//2529 1089//1089 687//687
f 2529//2529 687//687 2525//2525
f 2525//2525 687//687 693//693
f 2525//2525 693//693 692//692
f 3820//3820 3819//3819 2482//2482
f 2482//2482 3819//3819 2530//2530
f 2482//2482 2530//2530 2543//2543
f 2543//2543 2530//2530 2532//2532
f 2543//2543 2532//2532 2531//2531
f 2531//2531 2532//2532 2533//2533
f 2531//2531 2533//2533 2534//2534
f 2534//2534 2533//2533 2554//2554
f 2534//2534 2554//2554 2535//2535
f 2535//2535 2554//2554 2537//2537
f 2535//2535 2537//2537 2536//2536
f 2536//2536 2537//2537 2557//2557
f 2536//2536 2557//2557 2546//2546
f 2546//2546 2557//2557 2538//2538
f 2546//2546 2538//2538 2539//2539
f 2539//2539 2538//2538 2558//2558
f 2539//2539 2558//2558 2549//2549
f 2549//2549 2558//2558 2560//2560
f 2549//2549 2560//2560 2551//2551
f 2540//2540 3824//3824 2541//2541
f 2541//2541 3824//3824 2482//2482
f 2541//2541 2482//2482 2654//2654
f 2654//2654 2482//2482 2543//2543
f 2654//2654 2543//2543 2542//2542
f 2542//2542 2543//2543 2531//2531
f 2542//2542 2531//2531 2656//2656
f 2656//2656 2531//2531 2534//2534
f 2656//2656 2534//2534 2658//2658
f 2658//2658 2534//2534 2535//2535
f 2658//2658 2535//2535 2544//2544
f 2544//2544 2535//2535 2536//2536
f 2544//2544 2536//2536 2545//2545
f 2545//2545 2536//2536 2546//2546
f 2545//2545 2546//2546 2547//2547
f 2547//2547 2546//2546 2539//2539
f 2547//2547 2539//2539 2548//2548
f 2548//2548 2539//2539 2549//2549
f 2548//2548 2549//2549 2550//2550
f 2550//2550 2549//2549 2551//2551
f 2550//2550 2551//2551 2675//2675
f 3817//3817 2552//2552 2530//2530
f 2530//2530 2552//2552 2561//2561
f 2530//2530 2561//2561 2532//2532
f 2532//2532 2561//2561 2562//2562
f 2532//2532 2562//2562 2533//2533
f 2533//2533 2562//2562 2553//2553
f 2533//2533 2553//2553 2554//2554
f 2554//2554 2553//2553 2555//2555
f 2554//2554 2555//2555 2537//2537
f 2537//2537 2555//2555 2556//2556
f 2537//2537 2556//2556 2557//2557
f 2557//2557 2556//2556 2566//2566
f 2557//2557 2566//2566 2538//2538
f 2538//2538 2566//2566 2567//2567
f 2538//2538 2567//2567 2558//2558
f 2558//2558 2567//2567 2559//2559
f 2558//2558 2559//2559 2560//2560
f 2552//2552 2520//2520 2561//2561
f 2561//2561 2520//2520 2522//2522
f 2561//2561 2522//2522 2562//2562
f 2562//2562 2522//2522 2845//2845
f 2562//2562 2845//2845 2553//2553
f 2553//2553 2845//2845 2563//2563
f 2553//2553 2563//2563 2555//2555
f 2555//2555 2563//2563 2564//2564
f 2555//2555 2564//2564 2556//2556
f 2556//2556 2564//2564 2565//2565
f 2556//2556 2565//2565 2566//2566
f 2566//2566 2565//2565 2848//2848
f 2566//2566 2848//2848 2567//2567
f 2567//2567 2848//2848 2850//2850
f 2567//2567 2850//2850 2559//2559
f 2570//2570 2581//2581 2568//2568
f 2568//2568 2569//2569 2570//2570
f 2570//2570 2569//2569 706//706
f 2570//2570 706//706 2584//2584
f 2687//2687 2572//2572 2571//2571
f 2571//2571 2572//2572 2674//2674
f 2571//2571 2674//2674 2573//2573
f 2674//2674 2673//2673 2573//2573
f 2573//2573 2673//2673 1088//1088
f 2573//2573 1088//1088 2853//2853
f 3816//3816 2574//2574 2844//2844
f 2844//2844 2574//2574 2575//2575
f 2844//2844 2575//2575 2576//2576
f 2576//2576 2575//2575 2577//2577
f 2576//2576 2577//2577 2578//2578
f 2578//2578 2577//2577 2579//2579
f 2578//2578 2579//2579 2846//2846
f 2846//2846 2579//2579 2580//2580
f 2846//2846 2580//2580 2847//2847
f 2847//2847 2580//2580 2581//2581
f 2847//2847 2581//2581 2849//2849
f 2849//2849 2581//2581 2570//2570
f 2849//2849 2570//2570 2582//2582
f 2582//2582 2570//2570 2584//2584
f 2582//2582 2584//2584 2852//2852
f 2852//2852 2584//2584 2585//2585
f 2852//2852 2585//2585 2583//2583
f 2583//2583 2585//2585 2840//2840
f 2583//2583 2840//2840 2841//2841
f 706//706 704//704 2584//2584
f 2584//2584 704//704 703//703
f 2584//2584 703//703 2585//2585
f 2585//2585 703//703 2586//2586
f 2585//2585 2586//2586 2840//2840
f 689//689 2587//2587 2580//2580
f 2580//2580 2587//2587 702//702
f 2580//2580 702//702 2581//2581
f 2581//2581 702//702 700//700
f 2581//2581 700//700 2568//2568
f 2588//2588 3836//3836 2499//2499
f 2499//2499 3836//3836 2784//2784
f 2499//2499 2784//2784 2589//2589
f 2589//2589 2784//2784 2590//2590
f 2589//2589 2590//2590 2591//2591
f 2591//2591 2590//2590 2786//2786
f 2591//2591 2786//2786 2592//2592
f 2592//2592 2786//2786 2788//2788
f 2592//2592 2788//2788 2593//2593
f 2593//2593 2788//2788 2790//2790
f 2593//2593 2790//2790 2504//2504
f 2504//2504 2790//2790 2594//2594
f 2504//2504 2594//2594 2595//2595
f 2595//2595 2594//2594 2791//2791
f 2595//2595 2791//2791 2792//2792
f 2792//2792 2793//2793 2597//2597
f 2597//2597 2793//2793 2795//2795
f 2795//2795 2596//2596 2597//2597
f 2597//2597 2596//2596 2598//2598
f 2597//2597 2598//2598 2792//2792
f 2792//2792 2598//2598 2693//2693
f 2792//2792 2693//2693 2595//2595
f 2863//2863 2864//2864 2826//2826
f 2639//2639 2638//2638 2640//2640
f 2717//2717 2599//2599 2718//2718
f 2863//2863 2826//2826 2600//2600
f 2600//2600 2826//2826 2827//2827
f 2600//2600 2827//2827 2601//2601
f 2601//2601 2827//2827 2602//2602
f 2601//2601 2602//2602 2637//2637
f 2637//2637 2602//2602 2604//2604
f 2637//2637 2604//2604 2603//2603
f 2603//2603 2604//2604 2605//2605
f 2603//2603 2605//2605 2636//2636
f 2636//2636 2605//2605 2606//2606
f 2636//2636 2606//2606 2607//2607
f 2607//2607 2606//2606 2608//2608
f 2607//2607 2608//2608 2634//2634
f 2634//2634 2608//2608 2831//2831
f 2634//2634 2831//2831 2633//2633
f 2633//2633 2831//2831 2832//2832
f 2633//2633 2832//2832 2609//2609
f 2609//2609 2832//2832 2833//2833
f 2609//2609 2833//2833 2610//2610
f 2610//2610 2833//2833 2834//2834
f 2610//2610 2834//2834 2611//2611
f 2611//2611 2834//2834 2835//2835
f 2611//2611 2835//2835 2629//2629
f 2629//2629 2835//2835 2836//2836
f 2629//2629 2836//2836 2628//2628
f 2628//2628 2836//2836 2612//2612
f 2628//2628 2612//2612 2613//2613
f 2717//2717 2614//2614 2828//2828
f 2828//2828 2614//2614 2719//2719
f 2828//2828 2719//2719 2615//2615
f 2615//2615 2719//2719 2721//2721
f 2615//2615 2721//2721 2616//2616
f 2616//2616 2721//2721 2617//2617
f 2616//2616 2617//2617 2829//2829
f 2829//2829 2617//2617 2618//2618
f 2829//2829 2618//2618 2830//2830
f 2830//2830 2618//2618 2619//2619
f 2830//2830 2619//2619 2620//2620
f 2620//2620 2619//2619 2621//2621
f 2620//2620 2621//2621 2622//2622
f 2622//2622 2621//2621 2725//2725
f 2622//2622 2725//2725 2623//2623
f 2623//2623 2725//2725 2624//2624
f 2623//2623 2624//2624 2625//2625
f 2625//2625 2624//2624 2626//2626
f 2625//2625 2626//2626 2837//2837
f 2837//2837 2626//2626 184//184
f 2837//2837 184//184 2627//2627
f 2628//2628 2651//2651 2629//2629
f 2629//2629 2651//2651 2630//2630
f 2629//2629 2630//2630 2611//2611
f 2611//2611 2630//2630 2648//2648
f 2611//2611 2648//2648 2610//2610
f 2610//2610 2648//2648 2631//2631
f 2610//2610 2631//2631 2609//2609
f 2609//2609 2631//2631 2632//2632
f 2609//2609 2632//2632 2633//2633
f 2633//2633 2632//2632 2635//2635
f 2633//2633 2635//2635 2634//2634
f 2634//2634 2635//2635 2646//2646
f 2634//2634 2646//2646 2607//2607
f 2607//2607 2646//2646 2645//2645
f 2607//2607 2645//2645 2636//2636
f 2636//2636 2645//2645 2644//2644
f 2636//2636 2644//2644 2603//2603
f 2603//2603 2644//2644 2642//2642
f 2603//2603 2642//2642 2637//2637
f 2637//2637 2642//2642 2641//2641
f 2637//2637 2641//2641 2601//2601
f 2601//2601 2641//2641 2640//2640
f 2601//2601 2640//2640 2600//2600
f 2600//2600 2640//2640 2638//2638
f 2600//2600 2638//2638 2863//2863
f 2639//2639 2640//2640 1608//1608
f 1608//1608 2640//2640 2641//2641
f 1608//1608 2641//2641 1610//1610
f 1610//1610 2641//2641 2642//2642
f 1610//1610 2642//2642 2643//2643
f 2643//2643 2642//2642 2644//2644
f 2643//2643 2644//2644 1611//1611
f 1611//1611 2644//2644 2645//2645
f 1611//1611 2645//2645 1104//1104
f 1104//1104 2645//2645 2646//2646
f 1104//1104 2646//2646 2647//2647
f 2647//2647 2646//2646 2635//2635
f 2647//2647 2635//2635 2017//2017
f 2017//2017 2635//2635 2632//2632
f 2017//2017 2632//2632 2018//2018
f 2018//2018 2632//2632 2631//2631
f 2018//2018 2631//2631 2020//2020
f 2020//2020 2631//2631 2648//2648
f 2020//2020 2648//2648 2022//2022
f 2022//2022 2648//2648 2630//2630
f 2022//2022 2630//2630 2649//2649
f 2649//2649 2630//2630 2651//2651
f 2649//2649 2651//2651 2650//2650
f 2650//2650 2651//2651 2628//2628
f 2650//2650 2628//2628 2023//2023
f 2023//2023 2628//2628 2613//2613
f 2023//2023 2613//2613 1095//1095
f 2652//2652 2540//2540 2653//2653
f 2653//2653 2540//2540 2541//2541
f 2653//2653 2541//2541 2823//2823
f 2823//2823 2541//2541 2654//2654
f 2823//2823 2654//2654 2821//2821
f 2821//2821 2654//2654 2542//2542
f 2821//2821 2542//2542 2655//2655
f 2655//2655 2542//2542 2656//2656
f 2655//2655 2656//2656 2657//2657
f 2657//2657 2656//2656 2658//2658
f 2657//2657 2658//2658 2817//2817
f 2817//2817 2658//2658 2544//2544
f 2817//2817 2544//2544 2816//2816
f 2816//2816 2544//2544 2545//2545
f 2816//2816 2545//2545 2815//2815
f 2815//2815 2545//2545 2547//2547
f 2815//2815 2547//2547 2659//2659
f 2659//2659 2547//2547 2548//2548
f 2659//2659 2548//2548 2660//2660
f 2660//2660 2548//2548 2550//2550
f 2660//2660 2550//2550 2661//2661
f 2661//2661 2550//2550 2675//2675
f 2661//2661 2675//2675 2812//2812
f 2687//2687 2686//2686 2676//2676
f 2676//2676 2686//2686 2684//2684
f 2662//2662 2663//2663 2669//2669
f 2669//2669 2663//2663 2688//2688
f 2669//2669 2688//2688 2664//2664
f 2664//2664 2688//2688 2689//2689
f 2664//2664 2689//2689 2665//2665
f 2665//2665 2689//2689 2666//2666
f 2665//2665 2666//2666 2667//2667
f 2854//2854 709//709 2690//2690
f 2690//2690 709//709 2668//2668
f 2685//2685 2662//2662 2678//2678
f 2678//2678 2662//2662 2669//2669
f 2678//2678 2669//2669 2680//2680
f 2680//2680 2669//2669 2664//2664
f 2680//2680 2664//2664 2670//2670
f 2670//2670 2664//2664 2665//2665
f 2670//2670 2665//2665 2671//2671
f 2671//2671 2665//2665 2667//2667
f 2671//2671 2667//2667 2672//2672
f 2850//2850 2851//2851 2559//2559
f 2559//2559 2851//2851 2673//2673
f 2559//2559 2673//2673 2560//2560
f 2560//2560 2673//2673 2674//2674
f 2560//2560 2674//2674 2551//2551
f 2551//2551 2674//2674 2572//2572
f 2551//2551 2572//2572 2675//2675
f 2675//2675 2572//2572 2687//2687
f 2675//2675 2687//2687 2812//2812
f 2812//2812 2687//2687 2676//2676
f 2812//2812 2676//2676 2677//2677
f 2677//2677 2676//2676 2684//2684
f 2677//2677 2684//2684 2810//2810
f 2810//2810 2684//2684 2809//2809
f 2809//2809 2685//2685 2808//2808
f 2808//2808 2685//2685 2678//2678
f 2808//2808 2678//2678 2679//2679
f 2679//2679 2678//2678 2680//2680
f 2679//2679 2680//2680 2681//2681
f 2681//2681 2680//2680 2670//2670
f 2681//2681 2670//2670 2682//2682
f 2682//2682 2670//2670 2671//2671
f 2682//2682 2671//2671 2683//2683
f 2683//2683 2671//2671 2672//2672
f 2683//2683 2672//2672 2805//2805
f 2809//2809 2684//2684 2685//2685
f 2685//2685 2684//2684 2686//2686
f 2685//2685 2686//2686 2662//2662
f 2662//2662 2686//2686 2687//2687
f 2662//2662 2687//2687 2663//2663
f 2663//2663 2687//2687 2571//2571
f 2663//2663 2571//2571 2688//2688
f 2688//2688 2571//2571 2573//2573
f 2688//2688 2573//2573 2689//2689
f 2689//2689 2573//2573 2853//2853
f 2689//2689 2853//2853 2666//2666
f 2666//2666 2853//2853 2854//2854
f 2666//2666 2854//2854 2667//2667
f 2667//2667 2854//2854 2690//2690
f 2667//2667 2690//2690 2672//2672
f 2672//2672 2690//2690 808//808
f 2672//2672 808//808 2805//2805
f 3764//3764 2500//2500 2474//2474
f 2474//2474 2500//2500 2501//2501
f 2474//2474 2501//2501 2477//2477
f 2477//2477 2501//2501 2691//2691
f 2477//2477 2691//2691 2478//2478
f 2478//2478 2691//2691 2502//2502
f 2478//2478 2502//2502 2692//2692
f 2692//2692 2502//2502 2503//2503
f 2692//2692 2503//2503 2466//2466
f 2466//2466 2503//2503 2595//2595
f 2466//2466 2595//2595 2468//2468
f 2468//2468 2595//2595 2693//2693
f 2468//2468 2693//2693 2472//2472
f 2472//2472 2693//2693 2598//2598
f 2472//2472 2598//2598 2825//2825
f 2825//2825 2598//2598 2596//2596
f 2825//2825 2596//2596 2599//2599
f 2599//2599 2596//2596 2795//2795
f 2599//2599 2795//2795 2718//2718
f 2718//2718 2795//2795 2796//2796
f 2718//2718 2796//2796 2694//2694
f 2694//2694 2796//2796 2695//2695
f 2694//2694 2695//2695 2720//2720
f 2720//2720 2695//2695 2696//2696
f 2720//2720 2696//2696 2697//2697
f 2697//2697 2696//2696 2798//2798
f 2697//2697 2798//2798 2722//2722
f 2722//2722 2798//2798 2800//2800
f 2722//2722 2800//2800 2723//2723
f 2723//2723 2800//2800 2698//2698
f 2723//2723 2698//2698 2699//2699
f 2699//2699 2698//2698 2803//2803
f 2699//2699 2803//2803 2724//2724
f 2724//2724 2803//2803 2700//2700
f 2724//2724 2700//2700 2701//2701
f 2701//2701 2700//2700 2804//2804
f 2701//2701 2804//2804 2726//2726
f 2726//2726 2804//2804 898//898
f 2726//2726 898//898 2702//2702
f 2497//2497 2751//2751 2704//2704
f 2704//2704 2751//2751 2703//2703
f 2704//2704 2703//2703 2705//2705
f 2705//2705 2703//2703 2706//2706
f 2705//2705 2706//2706 2794//2794
f 2794//2794 2706//2706 2707//2707
f 2794//2794 2707//2707 2708//2708
f 2708//2708 2707//2707 2755//2755
f 2708//2708 2755//2755 2797//2797
f 2797//2797 2755//2755 2709//2709
f 2797//2797 2709//2709 2710//2710
f 2710//2710 2709//2709 2756//2756
f 2710//2710 2756//2756 2711//2711
f 2711//2711 2756//2756 2712//2712
f 2711//2711 2712//2712 2799//2799
f 2799//2799 2712//2712 2758//2758
f 2799//2799 2758//2758 2801//2801
f 2801//2801 2758//2758 2713//2713
f 2801//2801 2713//2713 2802//2802
f 2802//2802 2713//2713 2760//2760
f 2802//2802 2760//2760 2714//2714
f 2714//2714 2760//2760 2761//2761
f 2714//2714 2761//2761 2715//2715
f 2715//2715 2761//2761 2762//2762
f 2715//2715 2762//2762 2716//2716
f 2716//2716 2762//2762 2763//2763
f 2717//2717 2718//2718 2614//2614
f 2614//2614 2718//2718 2694//2694
f 2614//2614 2694//2694 2719//2719
f 2719//2719 2694//2694 2720//2720
f 2719//2719 2720//2720 2721//2721
f 2721//2721 2720//2720 2697//2697
f 2721//2721 2697//2697 2617//2617
f 2617//2617 2697//2697 2722//2722
f 2617//2617 2722//2722 2618//2618
f 2618//2618 2722//2722 2723//2723
f 2618//2618 2723//2723 2619//2619
f 2619//2619 2723//2723 2699//2699
f 2619//2619 2699//2699 2621//2621
f 2621//2621 2699//2699 2724//2724
f 2621//2621 2724//2724 2725//2725
f 2725//2725 2724//2724 2701//2701
f 2725//2725 2701//2701 2624//2624
f 2624//2624 2701//2701 2726//2726
f 2624//2624 2726//2726 2626//2626
f 2626//2626 2726//2726 2702//2702
f 2626//2626 2702//2702 2727//2727
f 819//819 2728//2728 2806//2806
f 2806//2806 2728//2728 2729//2729
f 2806//2806 2729//2729 2807//2807
f 2807//2807 2729//2729 2730//2730
f 2807//2807 2730//2730 2731//2731
f 2731//2731 2730//2730 2765//2765
f 2731//2731 2765//2765 2732//2732
f 2732//2732 2765//2765 2733//2733
f 2732//2732 2733//2733 2734//2734
f 2734//2734 2733//2733 2767//2767
f 2734//2734 2767//2767 2735//2735
f 2752//2752 3693//3693 2753//2753
f 2753//2753 3693//3693 3691//3691
f 2753//2753 3691//3691 2754//2754
f 2754//2754 3691//3691 3690//3690
f 2754//2754 3690//3690 2736//2736
f 2736//2736 3690//3690 3688//3688
f 2736//2736 3688//3688 2757//2757
f 2757//2757 3688//3688 2737//2737
f 2757//2757 2737//2737 2738//2738
f 2738//2738 2737//2737 2739//2739
f 2738//2738 2739//2739 2759//2759
f 2759//2759 2739//2739 2741//2741
f 2759//2759 2741//2741 2740//2740
f 2740//2740 2741//2741 3686//3686
f 2740//2740 3686//3686 2742//2742
f 2742//2742 3686//3686 3685//3685
f 2742//2742 3685//3685 2743//2743
f 2743//2743 3685//3685 2745//2745
f 2743//2743 2745//2745 2744//2744
f 2744//2744 2745//2745 2746//2746
f 2744//2744 2746//2746 178//178
f 817//817 2747//2747 2764//2764
f 2764//2764 2747//2747 3683//3683
f 2764//2764 3683//3683 2748//2748
f 2748//2748 3683//3683 2749//2749
f 2748//2748 2749//2749 2750//2750
f 2750//2750 2749//2749 3684//3684
f 2750//2750 3684//3684 3687//3687
f 2751//2751 3694//3694 2703//2703
f 2703//2703 3694//3694 2752//2752
f 2703//2703 2752//2752 2706//2706
f 2706//2706 2752//2752 2753//2753
f 2706//2706 2753//2753 2707//2707
f 2707//2707 2753//2753 2754//2754
f 2707//2707 2754//2754 2755//2755
f 2755//2755 2754//2754 2736//2736
f 2755//2755 2736//2736 2709//2709
f 2709//2709 2736//2736 2757//2757
f 2709//2709 2757//2757 2756//2756
f 2756//2756 2757//2757 2738//2738
f 2756//2756 2738//2738 2712//2712
f 2712//2712 2738//2738 2759//2759
f 2712//2712 2759//2759 2758//2758
f 2758//2758 2759//2759 2740//2740
f 2758//2758 2740//2740 2713//2713
f 2713//2713 2740//2740 2742//2742
f 2713//2713 2742//2742 2760//2760
f 2760//2760 2742//2742 2743//2743
f 2760//2760 2743//2743 2761//2761
f 2761//2761 2743//2743 2744//2744
f 2761//2761 2744//2744 2762//2762
f 2762//2762 2744//2744 178//178
f 2762//2762 178//178 2763//2763
f 1087//1087 817//817 2729//2729
f 2729//2729 817//817 2764//2764
f 2729//2729 2764//2764 2730//2730
f 2730//2730 2764//2764 2748//2748
f 2730//2730 2748//2748 2765//2765
f 2765//2765 2748//2748 2750//2750
f 2765//2765 2750//2750 2733//2733
f 2733//2733 2750//2750 3687//3687
f 2733//2733 3687//3687 2767//2767
f 2767//2767 3687//3687 2766//2766
f 2767//2767 2766//2766 2735//2735
f 2735//2735 2766//2766 2768//2768
f 2735//2735 2768//2768 2811//2811
f 2811//2811 2768//2768 2769//2769
f 2811//2811 2769//2769 2770//2770
f 2770//2770 2769//2769 3689//3689
f 2770//2770 3689//3689 2771//2771
f 2771//2771 3689//3689 2772//2772
f 2771//2771 2772//2772 2813//2813
f 2813//2813 2772//2772 3692//3692
f 2813//2813 3692//3692 2814//2814
f 2814//2814 3692//3692 2773//2773
f 2814//2814 2773//2773 2774//2774
f 2774//2774 2773//2773 2775//2775
f 2774//2774 2775//2775 2776//2776
f 2776//2776 2775//2775 2777//2777
f 2776//2776 2777//2777 2778//2778
f 2778//2778 2777//2777 2513//2513
f 2778//2778 2513//2513 2818//2818
f 2818//2818 2513//2513 2516//2516
f 2818//2818 2516//2516 2819//2819
f 2819//2819 2516//2516 2779//2779
f 2819//2819 2779//2779 2820//2820
f 2820//2820 2779//2779 2517//2517
f 2820//2820 2517//2517 2822//2822
f 2822//2822 2517//2517 2780//2780
f 2822//2822 2780//2780 2824//2824
f 2824//2824 2780//2780 2781//2781
f 2824//2824 2781//2781 2782//2782
f 2782//2782 2781//2781 2783//2783
f 2782//2782 2783//2783 3827//3827
f 3827//3827 2783//2783 3828//3828
f 2784//2784 1092//1092 2785//2785
f 2784//2784 2785//2785 2590//2590
f 2590//2590 2785//2785 2787//2787
f 2590//2590 2787//2787 2786//2786
f 2786//2786 2787//2787 2483//2483
f 2786//2786 2483//2483 2788//2788
f 2788//2788 2483//2483 2789//2789
f 2788//2788 2789//2789 2790//2790
f 2790//2790 2789//2789 2494//2494
f 2790//2790 2494//2494 2594//2594
f 2594//2594 2494//2494 2496//2496
f 2594//2594 2496//2496 2791//2791
f 2791//2791 2496//2496 2704//2704
f 2791//2791 2704//2704 2792//2792
f 2792//2792 2704//2704 2705//2705
f 2792//2792 2705//2705 2793//2793
f 2793//2793 2705//2705 2794//2794
f 2793//2793 2794//2794 2795//2795
f 2795//2795 2794//2794 2708//2708
f 2795//2795 2708//2708 2796//2796
f 2796//2796 2708//2708 2797//2797
f 2796//2796 2797//2797 2695//2695
f 2695//2695 2797//2797 2710//2710
f 2695//2695 2710//2710 2696//2696
f 2696//2696 2710//2710 2711//2711
f 2696//2696 2711//2711 2798//2798
f 2798//2798 2711//2711 2799//2799
f 2798//2798 2799//2799 2800//2800
f 2800//2800 2799//2799 2801//2801
f 2800//2800 2801//2801 2698//2698
f 2698//2698 2801//2801 2802//2802
f 2698//2698 2802//2802 2803//2803
f 2803//2803 2802//2802 2714//2714
f 2803//2803 2714//2714 2700//2700
f 2700//2700 2714//2714 2715//2715
f 2700//2700 2715//2715 2804//2804
f 2804//2804 2715//2715 2716//2716
f 2804//2804 2716//2716 1099//1099
f 2683//2683 2805//2805 2806//2806
f 2683//2683 2806//2806 2682//2682
f 2682//2682 2806//2806 2807//2807
f 2682//2682 2807//2807 2681//2681
f 2681//2681 2807//2807 2731//2731
f 2681//2681 2731//2731 2679//2679
f 2679//2679 2731//2731 2732//2732
f 2679//2679 2732//2732 2808//2808
f 2808//2808 2732//2732 2734//2734
f 2808//2808 2734//2734 2809//2809
f 2809//2809 2734//2734 2735//2735
f 2809//2809 2735//2735 2810//2810
f 2810//2810 2735//2735 2811//2811
f 2810//2810 2811//2811 2677//2677
f 2677//2677 2811//2811 2770//2770
f 2677//2677 2770//2770 2812//2812
f 2812//2812 2770//2770 2771//2771
f 2812//2812 2771//2771 2661//2661
f 2661//2661 2771//2771 2813//2813
f 2661//2661 2813//2813 2660//2660
f 2660//2660 2813//2813 2814//2814
f 2660//2660 2814//2814 2659//2659
f 2659//2659 2814//2814 2774//2774
f 2659//2659 2774//2774 2815//2815
f 2815//2815 2774//2774 2776//2776
f 2815//2815 2776//2776 2816//2816
f 2816//2816 2776//2776 2778//2778
f 2816//2816 2778//2778 2817//2817
f 2817//2817 2778//2778 2818//2818
f 2817//2817 2818//2818 2657//2657
f 2657//2657 2818//2818 2819//2819
f 2657//2657 2819//2819 2655//2655
f 2655//2655 2819//2819 2820//2820
f 2655//2655 2820//2820 2821//2821
f 2821//2821 2820//2820 2822//2822
f 2821//2821 2822//2822 2823//2823
f 2823//2823 2822//2822 2824//2824
f 2823//2823 2824//2824 2653//2653
f 2653//2653 2824//2824 2782//2782
f 2653//2653 2782//2782 1090//1090
f 1090//1090 2782//2782 3826//3826
f 2864//2864 2825//2825 2826//2826
f 2826//2826 2825//2825 2599//2599
f 2826//2826 2599//2599 2827//2827
f 2827//2827 2599//2599 2717//2717
f 2827//2827 2717//2717 2602//2602
f 2602//2602 2717//2717 2828//2828
f 2602//2602 2828//2828 2604//2604
f 2604//2604 2828//2828 2615//2615
f 2604//2604 2615//2615 2605//2605
f 2605//2605 2615//2615 2616//2616
f 2605//2605 2616//2616 2606//2606
f 2606//2606 2616//2616 2829//2829
f 2606//2606 2829//2829 2608//2608
f 2608//2608 2829//2829 2830//2830
f 2608//2608 2830//2830 2831//2831
f 2831//2831 2830//2830 2620//2620
f 2831//2831 2620//2620 2832//2832
f 2832//2832 2620//2620 2622//2622
f 2832//2832 2622//2622 2833//2833
f 2833//2833 2622//2622 2623//2623
f 2833//2833 2623//2623 2834//2834
f 2834//2834 2623//2623 2625//2625
f 2834//2834 2625//2625 2835//2835
f 2835//2835 2625//2625 2837//2837
f 2835//2835 2837//2837 2836//2836
f 2836//2836 2837//2837 2838//2838
f 2836//2836 2838//2838 2612//2612
f 2586//2586 2839//2839 2840//2840
f 2840//2840 2839//2839 2841//2841
f 2841//2841 2839//2839 2842//2842
f 2841//2841 2842//2842 2843//2843
f 2523//2523 3816//3816 2522//2522
f 2522//2522 3816//3816 2844//2844
f 2522//2522 2844//2844 2845//2845
f 2845//2845 2844//2844 2576//2576
f 2845//2845 2576//2576 2563//2563
f 2563//2563 2576//2576 2578//2578
f 2563//2563 2578//2578 2564//2564
f 2564//2564 2578//2578 2846//2846
f 2564//2564 2846//2846 2565//2565
f 2565//2565 2846//2846 2847//2847
f 2565//2565 2847//2847 2848//2848
f 2848//2848 2847//2847 2849//2849
f 2848//2848 2849//2849 2850//2850
f 2850//2850 2849//2849 2582//2582
f 2850//2850 2582//2582 2851//2851
f 2851//2851 2582//2582 2852//2852
f 2851//2851 2852//2852 1088//1088
f 1088//1088 2852//2852 2583//2583
f 1088//1088 2583//2583 2853//2853
f 2853//2853 2583//2583 2841//2841
f 2853//2853 2841//2841 2854//2854
f 2854//2854 2841//2841 2843//2843
f 2854//2854 2843//2843 709//709
f 2855//2855 2856//2856 2041//2041
f 2041//2041 2856//2856 2283//2283
f 2041//2041 2283//2283 2040//2040
f 2040//2040 2283//2283 2282//2282
f 2040//2040 2282//2282 2857//2857
f 2857//2857 2282//2282 2280//2280
f 2857//2857 2280//2280 2036//2036
f 2036//2036 2280//2280 2279//2279
f 2036//2036 2279//2279 2035//2035
f 2035//2035 2279//2279 2013//2013
f 2035//2035 2013//2013 2858//2858
f 2858//2858 2013//2013 2859//2859
f 2858//2858 2859//2859 2032//2032
f 2032//2032 2859//2859 2400//2400
f 2032//2032 2400//2400 2031//2031
f 2031//2031 2400//2400 2860//2860
f 2031//2031 2860//2860 2029//2029
f 2029//2029 2860//2860 2402//2402
f 2029//2029 2402//2402 2028//2028
f 2028//2028 2402//2402 2403//2403
f 2028//2028 2403//2403 2027//2027
f 2027//2027 2403//2403 2405//2405
f 2027//2027 2405//2405 2026//2026
f 2026//2026 2405//2405 2407//2407
f 2026//2026 2407//2407 2861//2861
f 2861//2861 2407//2407 2862//2862
f 2861//2861 2862//2862 2639//2639
f 2639//2639 2862//2862 2409//2409
f 2639//2639 2409//2409 2638//2638
f 2638//2638 2409//2409 2410//2410
f 2638//2638 2410//2410 2863//2863
f 2863//2863 2410//2410 2412//2412
f 2863//2863 2412//2412 2864//2864
f 2864//2864 2412//2412 2865//2865
f 2864//2864 2865//2865 2471//2471
f 2471//2471 2865//2865 2413//2413
f 2471//2471 2413//2413 2470//2470
f 2470//2470 2413//2413 2866//2866
f 2470//2470 2866//2866 2469//2469
f 2469//2469 2866//2866 2867//2867
f 2469//2469 2867//2867 2467//2467
f 2467//2467 2867//2867 2868//2868
f 2467//2467 2868//2868 2331//2331
f 2331//2331 2868//2868 3761//3761
f 2331//2331 3761//3761 2330//2330
f 596//596 598//598 1085//1085
f 3202//3202 2988//2988 2990//2990
f 2989//2989 2870//2870 2869//2869
f 2869//2869 2870//2870 2871//2871
f 2872//2872 3786//3786 2885//2885
f 2885//2885 3786//3786 3784//3784
f 3784//3784 3200//3200 3201//3201
f 2876//2876 2873//2873 2911//2911
f 2873//2873 2874//2874 2911//2911
f 2911//2911 2874//2874 2875//2875
f 2911//2911 2875//2875 2912//2912
f 2876//2876 2877//2877 2878//2878
f 2878//2878 2877//2877 2925//2925
f 2878//2878 2925//2925 2879//2879
f 2879//2879 2925//2925 2880//2880
f 2880//2880 2925//2925 2881//2881
f 2880//2880 2881//2881 606//606
f 1086//1086 2882//2882 2915//2915
f 2915//2915 2882//2882 2886//2886
f 2915//2915 2886//2886 2883//2883
f 2883//2883 2886//2886 2888//2888
f 2883//2883 2888//2888 2917//2917
f 2917//2917 2888//2888 2884//2884
f 2917//2917 2884//2884 2918//2918
f 2918//2918 2884//2884 2890//2890
f 2918//2918 2890//2890 2920//2920
f 2920//2920 2890//2890 2891//2891
f 2920//2920 2891//2891 2921//2921
f 2921//2921 2891//2891 2892//2892
f 2921//2921 2892//2892 2933//2933
f 1084//1084 2872//2872 2886//2886
f 2886//2886 2872//2872 2885//2885
f 2886//2886 2885//2885 2888//2888
f 2888//2888 2885//2885 2887//2887
f 2888//2888 2887//2887 2884//2884
f 2884//2884 2887//2887 2889//2889
f 2884//2884 2889//2889 2890//2890
f 2890//2890 2889//2889 3542//3542
f 2890//2890 3542//3542 2891//2891
f 2891//2891 3542//3542 3545//3545
f 2891//2891 3545//3545 2892//2892
f 2893//2893 3782//3782 2973//2973
f 2973//2973 3782//3782 3781//3781
f 2973//2973 3781//3781 3780//3780
f 2894//2894 3778//3778 3019//3019
f 3019//3019 3778//3778 3020//3020
f 3020//3020 2895//2895 3312//3312
f 3312//3312 2895//2895 3776//3776
f 3044//3044 2896//2896 2897//2897
f 1083//1083 2901//2901 2896//2896
f 2898//2898 2899//2899 2900//2900
f 2900//2900 2899//2899 1082//1082
f 2900//2900 1082//1082 3773//3773
f 3773//3773 1082//1082 3040//3040
f 2897//2897 2896//2896 2901//2901
f 2897//2897 2901//2901 2902//2902
f 2902//2902 2901//2901 2903//2903
f 2902//2902 2903//2903 3047//3047
f 3047//3047 2903//2903 3041//3041
f 3047//3047 3041//3041 3042//3042
f 3767//3767 2894//2894 2974//2974
f 2974//2974 2894//2894 3019//3019
f 2974//2974 3019//3019 2904//2904
f 2904//2904 3019//3019 3021//3021
f 2904//2904 3021//3021 2976//2976
f 2976//2976 3021//3021 3022//3022
f 2976//2976 3022//3022 2978//2978
f 2978//2978 3022//3022 3024//3024
f 2978//2978 3024//3024 2980//2980
f 2980//2980 3024//3024 2959//2959
f 2980//2980 2959//2959 2958//2958
f 2960//2960 2981//2981 2958//2958
f 606//606 2881//2881 2905//2905
f 2905//2905 2881//2881 2927//2927
f 2905//2905 2927//2927 620//620
f 620//620 2927//2927 2906//2906
f 620//620 2906//2906 621//621
f 621//621 2906//2906 619//619
f 619//619 2906//2906 2907//2907
f 619//619 2907//2907 2930//2930
f 2935//2935 2928//2928 2908//2908
f 2908//2908 2928//2928 2909//2909
f 2908//2908 2909//2909 2922//2922
f 2922//2922 2909//2909 2926//2926
f 2922//2922 2926//2926 2919//2919
f 2919//2919 2926//2926 2924//2924
f 2919//2919 2924//2924 2910//2910
f 2910//2910 2924//2924 2923//2923
f 2910//2910 2923//2923 2916//2916
f 2916//2916 2923//2923 2911//2911
f 2916//2916 2911//2911 2913//2913
f 2913//2913 2911//2911 2912//2912
f 2913//2913 2912//2912 2914//2914
f 596//596 1085//1085 595//595
f 595//595 1085//1085 2915//2915
f 595//595 2915//2915 2913//2913
f 2913//2913 2915//2915 2883//2883
f 2913//2913 2883//2883 2916//2916
f 2916//2916 2883//2883 2917//2917
f 2916//2916 2917//2917 2910//2910
f 2910//2910 2917//2917 2918//2918
f 2910//2910 2918//2918 2919//2919
f 2919//2919 2918//2918 2920//2920
f 2919//2919 2920//2920 2922//2922
f 2922//2922 2920//2920 2921//2921
f 2922//2922 2921//2921 2908//2908
f 2908//2908 2921//2921 2933//2933
f 2908//2908 2933//2933 2935//2935
f 2876//2876 2911//2911 2877//2877
f 2877//2877 2911//2911 2923//2923
f 2877//2877 2923//2923 2925//2925
f 2925//2925 2923//2923 2924//2924
f 2925//2925 2924//2924 2881//2881
f 2881//2881 2924//2924 2926//2926
f 2881//2881 2926//2926 2927//2927
f 2927//2927 2926//2926 2909//2909
f 2927//2927 2909//2909 2906//2906
f 2906//2906 2909//2909 2928//2928
f 2906//2906 2928//2928 2907//2907
f 2907//2907 2928//2928 2937//2937
f 2907//2907 2937//2937 2929//2929
f 2930//2930 2907//2907 634//634
f 634//634 2907//2907 2929//2929
f 634//634 2929//2929 635//635
f 635//635 2929//2929 2931//2931
f 635//635 2931//2931 637//637
f 637//637 2931//2931 638//638
f 638//638 2931//2931 2932//2932
f 638//638 2932//2932 644//644
f 3545//3545 3546//3546 2892//2892
f 2892//2892 3546//3546 2934//2934
f 2892//2892 2934//2934 2933//2933
f 2933//2933 2934//2934 2949//2949
f 2933//2933 2949//2949 2935//2935
f 2935//2935 2949//2949 2936//2936
f 2935//2935 2936//2936 2937//2937
f 2937//2937 2936//2936 2951//2951
f 2937//2937 2951//2951 2929//2929
f 2929//2929 2951//2951 2952//2952
f 2929//2929 2952//2952 2931//2931
f 2931//2931 2952//2952 2938//2938
f 2931//2931 2938//2938 2932//2932
f 2932//2932 2938//2938 2954//2954
f 2932//2932 2954//2954 2939//2939
f 2955//2955 159//159 2956//2956
f 3548//3548 3550//3550 2940//2940
f 2940//2940 3550//3550 2941//2941
f 2940//2940 2941//2941 3248//3248
f 3248//3248 2941//2941 2942//2942
f 3248//3248 2942//2942 2943//2943
f 2943//2943 2942//2942 2944//2944
f 2943//2943 2944//2944 2945//2945
f 2945//2945 2944//2944 2947//2947
f 2945//2945 2947//2947 2946//2946
f 2946//2946 2947//2947 3245//3245
f 3546//3546 3250//3250 2934//2934
f 2934//2934 3250//3250 3249//3249
f 2934//2934 3249//3249 2949//2949
f 2949//2949 3249//3249 2948//2948
f 2949//2949 2948//2948 2936//2936
f 2936//2936 2948//2948 2950//2950
f 2936//2936 2950//2950 2951//2951
f 2951//2951 2950//2950 3247//3247
f 2951//2951 3247//3247 2952//2952
f 2952//2952 3247//3247 3246//3246
f 2952//2952 3246//3246 2938//2938
f 2938//2938 3246//3246 2953//2953
f 2938//2938 2953//2953 2954//2954
f 2954//2954 2953//2953 2955//2955
f 2954//2954 2955//2955 2939//2939
f 2939//2939 2955//2955 2956//2956
f 2939//2939 2956//2956 2932//2932
f 2932//2932 2956//2956 2957//2957
f 2932//2932 2957//2957 644//644
f 2958//2958 2959//2959 2960//2960
f 2960//2960 2959//2959 2961//2961
f 2960//2960 2961//2961 2962//2962
f 2962//2962 2961//2961 3026//3026
f 2962//2962 3026//3026 2963//2963
f 2963//2963 3026//3026 3028//3028
f 2963//2963 3028//3028 2968//2968
f 2968//2968 3028//3028 2964//2964
f 2968//2968 2964//2964 2966//2966
f 2966//2966 2964//2964 2965//2965
f 2966//2966 2965//2965 2970//2970
f 2981//2981 2960//2960 2982//2982
f 2982//2982 2960//2960 2962//2962
f 2982//2982 2962//2962 2967//2967
f 2967//2967 2962//2962 2963//2963
f 2967//2967 2963//2963 2984//2984
f 2984//2984 2963//2963 2968//2968
f 2984//2984 2968//2968 2985//2985
f 2985//2985 2968//2968 2966//2966
f 2985//2985 2966//2966 2969//2969
f 2969//2969 2966//2966 2970//2970
f 2969//2969 2970//2970 2987//2987
f 2971//2971 3555//3555 2972//2972
f 2972//2972 3555//3555 3252//3252
f 2972//2972 3252//3252 3253//3253
f 3780//3780 3767//3767 2973//2973
f 2973//2973 3767//3767 2974//2974
f 2973//2973 2974//2974 2975//2975
f 2975//2975 2974//2974 2904//2904
f 2975//2975 2904//2904 2977//2977
f 2977//2977 2904//2904 2976//2976
f 2977//2977 2976//2976 3186//3186
f 3186//3186 2976//2976 2978//2978
f 3186//3186 2978//2978 2979//2979
f 2979//2979 2978//2978 2980//2980
f 2979//2979 2980//2980 3188//3188
f 3188//3188 2980//2980 2958//2958
f 3188//3188 2958//2958 3189//3189
f 3189//3189 2958//2958 2981//2981
f 3189//3189 2981//2981 3191//3191
f 3191//3191 2981//2981 2982//2982
f 3191//3191 2982//2982 3193//3193
f 3193//3193 2982//2982 2967//2967
f 3193//3193 2967//2967 3195//3195
f 3195//3195 2967//2967 2984//2984
f 3195//3195 2984//2984 2983//2983
f 2983//2983 2984//2984 2985//2985
f 2983//2983 2985//2985 3197//3197
f 3197//3197 2985//2985 2969//2969
f 3197//3197 2969//2969 2986//2986
f 2986//2986 2969//2969 2987//2987
f 2986//2986 2987//2987 3198//3198
f 2988//2988 2989//2989 2990//2990
f 2990//2990 2989//2989 2869//2869
f 2990//2990 2869//2869 2992//2992
f 2992//2992 2869//2869 2991//2991
f 2992//2992 2991//2991 3204//3204
f 3204//3204 2991//2991 2993//2993
f 3204//3204 2993//2993 2994//2994
f 2994//2994 2993//2993 2995//2995
f 2994//2994 2995//2995 3205//3205
f 3205//3205 2995//2995 3350//3350
f 3205//3205 3350//3350 2996//2996
f 2996//2996 3350//3350 2997//2997
f 2996//2996 2997//2997 2998//2998
f 2998//2998 2997//2997 3352//3352
f 2998//2998 3352//3352 3207//3207
f 3207//3207 3352//3352 2999//2999
f 3207//3207 2999//2999 3000//3000
f 3000//3000 2999//2999 3354//3354
f 3000//3000 3354//3354 3001//3001
f 3001//3001 3354//3354 3355//3355
f 3001//3001 3355//3355 3211//3211
f 3211//3211 3355//3355 3002//3002
f 3211//3211 3002//3002 3003//3003
f 3003//3003 3002//3002 3004//3004
f 3003//3003 3004//3004 3214//3214
f 3214//3214 3004//3004 3357//3357
f 3214//3214 3357//3357 3215//3215
f 3215//3215 3357//3357 3005//3005
f 3215//3215 3005//3005 3217//3217
f 3217//3217 3005//3005 3360//3360
f 3217//3217 3360//3360 3308//3308
f 3309//3309 3006//3006 3216//3216
f 3216//3216 3006//3006 3007//3007
f 3216//3216 3007//3007 3008//3008
f 3008//3008 3007//3007 3009//3009
f 3008//3008 3009//3009 3213//3213
f 3213//3213 3009//3009 3554//3554
f 3213//3213 3554//3554 3212//3212
f 3212//3212 3554//3554 3553//3553
f 3212//3212 3553//3553 3210//3210
f 3210//3210 3553//3553 3552//3552
f 3210//3210 3552//3552 3209//3209
f 3209//3209 3552//3552 3010//3010
f 3209//3209 3010//3010 3012//3012
f 3012//3012 3010//3010 3011//3011
f 3012//3012 3011//3011 3208//3208
f 3208//3208 3011//3011 3549//3549
f 3208//3208 3549//3549 3013//3013
f 3013//3013 3549//3549 3547//3547
f 3013//3013 3547//3547 3206//3206
f 3206//3206 3547//3547 3544//3544
f 3206//3206 3544//3544 3014//3014
f 3014//3014 3544//3544 3543//3543
f 3014//3014 3543//3543 3015//3015
f 3015//3015 3543//3543 3541//3541
f 3015//3015 3541//3541 3203//3203
f 3203//3203 3541//3541 3017//3017
f 3203//3203 3017//3017 3016//3016
f 3016//3016 3017//3017 3018//3018
f 3016//3016 3018//3018 3201//3201
f 3019//3019 3020//3020 3312//3312
f 3019//3019 3312//3312 3021//3021
f 3021//3021 3312//3312 3314//3314
f 3021//3021 3314//3314 3022//3022
f 3022//3022 3314//3314 3023//3023
f 3022//3022 3023//3023 3024//3024
f 3024//3024 3023//3023 3025//3025
f 3024//3024 3025//3025 2959//2959
f 2959//2959 3025//3025 3316//3316
f 2959//2959 3316//3316 2961//2961
f 2961//2961 3316//3316 3027//3027
f 2961//2961 3027//3027 3026//3026
f 3026//3026 3027//3027 3317//3317
f 3026//3026 3317//3317 3028//3028
f 3028//3028 3317//3317 3029//3029
f 3028//3028 3029//3029 2964//2964
f 2964//2964 3029//3029 3320//3320
f 2964//2964 3320//3320 2965//2965
f 2965//2965 3320//3320 3030//3030
f 2965//2965 3030//3030 2970//2970
f 2970//2970 3030//3030 3031//3031
f 2970//2970 3031//3031 2987//2987
f 2987//2987 3031//3031 3032//3032
f 2987//2987 3032//3032 3198//3198
f 3198//3198 3032//3032 3199//3199
f 2898//2898 3033//3033 3338//3338
f 3034//3034 3340//3340 3035//3035
f 2898//2898 3338//3338 2899//2899
f 2899//2899 3338//3338 3036//3036
f 2899//2899 3036//3036 3037//3037
f 3587//3587 3771//3771 3770//3770
f 3121//3121 3038//3038 3124//3124
f 3124//3124 3038//3038 3858//3858
f 3039//3039 3040//3040 2901//2901
f 2901//2901 3040//3040 1082//1082
f 2901//2901 1082//1082 2903//2903
f 2903//2903 1082//1082 3037//3037
f 2903//2903 3037//3037 3041//3041
f 3041//3041 3037//3037 3036//3036
f 3041//3041 3036//3036 3042//3042
f 3042//3042 3036//3036 3043//3043
f 3042//3042 3043//3043 3336//3336
f 3311//3311 3044//3044 3313//3313
f 3313//3313 3044//3044 2897//2897
f 3313//3313 2897//2897 3045//3045
f 3045//3045 2897//2897 2902//2902
f 3045//3045 2902//2902 3046//3046
f 3046//3046 2902//2902 3047//3047
f 3046//3046 3047//3047 3315//3315
f 3315//3315 3047//3047 3042//3042
f 3315//3315 3042//3042 3048//3048
f 3048//3048 3042//3042 3336//3336
f 3048//3048 3336//3336 3318//3318
f 3049//3049 3855//3855 3050//3050
f 3050//3050 3855//3855 3090//3090
f 3051//3051 3052//3052 3053//3053
f 3053//3053 3052//3052 3853//3853
f 3161//3161 3852//3852 3077//3077
f 3077//3077 3852//3852 3054//3054
f 3077//3077 3054//3054 3055//3055
f 3057//3057 3074//3074 3076//3076
f 3055//3055 3054//3054 3056//3056
f 3055//3055 3056//3056 3076//3076
f 3076//3076 3056//3056 3851//3851
f 3076//3076 3851//3851 3057//3057
f 3057//3057 3850//3850 3074//3074
f 3074//3074 3850//3850 3058//3058
f 3074//3074 3058//3058 2288//2288
f 2288//2288 3058//3058 3848//3848
f 2288//2288 3848//3848 3847//3847
f 3071//3071 3059//3059 3167//3167
f 3167//3167 3059//3059 2294//2294
f 3167//3167 2294//2294 3168//3168
f 3168//3168 2294//2294 2292//2292
f 3168//3168 2292//2292 3060//3060
f 3060//3060 2292//2292 3061//3061
f 3060//3060 3061//3061 3170//3170
f 3170//3170 3061//3061 2291//2291
f 3170//3170 2291//2291 3172//3172
f 3172//3172 2291//2291 2311//2311
f 3539//3539 3062//3062 2304//2304
f 2304//2304 3062//3062 3063//3063
f 2304//2304 3063//3063 3064//3064
f 3064//3064 3063//3063 3065//3065
f 3064//3064 3065//3065 2299//2299
f 2299//2299 3065//3065 2309//2309
f 2299//2299 2309//2309 2297//2297
f 2297//2297 2309//2309 2291//2291
f 2297//2297 2291//2291 3066//3066
f 3066//3066 2291//2291 3067//3067
f 3066//3066 3067//3067 3068//3068
f 3068//3068 3067//3067 2293//2293
f 3068//3068 2293//2293 3073//3073
f 3073//3073 2293//2293 3069//3069
f 3073//3073 3069//3069 3075//3075
f 3075//3075 3069//3069 3059//3059
f 3075//3075 3059//3059 3070//3070
f 3070//3070 3059//3059 3071//3071
f 3070//3070 3071//3071 3162//3162
f 2295//2295 2297//2297 2290//2290
f 2290//2290 2297//2297 3066//3066
f 2290//2290 3066//3066 3072//3072
f 3072//3072 3066//3066 3068//3068
f 3072//3072 3068//3068 2288//2288
f 2288//2288 3068//3068 3073//3073
f 2288//2288 3073//3073 3074//3074
f 3074//3074 3073//3073 3075//3075
f 3074//3074 3075//3075 3076//3076
f 3076//3076 3075//3075 3070//3070
f 3076//3076 3070//3070 3055//3055
f 3055//3055 3070//3070 3162//3162
f 3055//3055 3162//3162 3077//3077
f 3091//3091 3051//3051 3092//3092
f 3092//3092 3051//3051 3053//3053
f 3092//3092 3053//3053 3093//3093
f 3093//3093 3053//3053 3163//3163
f 3093//3093 3163//3163 3096//3096
f 3096//3096 3163//3163 3164//3164
f 3096//3096 3164//3164 3097//3097
f 3097//3097 3164//3164 3165//3165
f 3097//3097 3165//3165 3078//3078
f 3078//3078 3165//3165 3166//3166
f 3078//3078 3166//3166 3079//3079
f 3079//3079 3166//3166 3080//3080
f 3079//3079 3080//3080 3099//3099
f 3099//3099 3080//3080 3169//3169
f 3099//3099 3169//3169 3081//3081
f 3081//3081 3169//3169 3171//3171
f 3081//3081 3171//3171 3101//3101
f 3101//3101 3171//3171 3082//3082
f 3101//3101 3082//3082 3103//3103
f 3856//3856 3049//3049 1080//1080
f 1080//1080 3049//3049 3050//3050
f 1080//1080 3050//3050 3144//3144
f 3144//3144 3050//3050 3083//3083
f 3144//3144 3083//3083 3145//3145
f 3145//3145 3083//3083 3094//3094
f 3145//3145 3094//3094 3147//3147
f 3147//3147 3094//3094 3095//3095
f 3147//3147 3095//3095 3084//3084
f 3084//3084 3095//3095 3085//3085
f 3084//3084 3085//3085 3149//3149
f 3149//3149 3085//3085 3086//3086
f 3149//3149 3086//3086 3150//3150
f 3150//3150 3086//3086 3098//3098
f 3150//3150 3098//3098 3151//3151
f 3151//3151 3098//3098 3087//3087
f 3151//3151 3087//3087 3088//3088
f 3088//3088 3087//3087 3100//3100
f 3088//3088 3100//3100 3089//3089
f 3089//3089 3100//3100 3102//3102
f 3089//3089 3102//3102 3173//3173
f 3173//3173 3102//3102 3104//3104
f 3090//3090 3091//3091 3050//3050
f 3050//3050 3091//3091 3092//3092
f 3050//3050 3092//3092 3083//3083
f 3083//3083 3092//3092 3093//3093
f 3083//3083 3093//3093 3094//3094
f 3094//3094 3093//3093 3096//3096
f 3094//3094 3096//3096 3095//3095
f 3095//3095 3096//3096 3097//3097
f 3095//3095 3097//3097 3085//3085
f 3085//3085 3097//3097 3078//3078
f 3085//3085 3078//3078 3086//3086
f 3086//3086 3078//3078 3079//3079
f 3086//3086 3079//3079 3098//3098
f 3098//3098 3079//3079 3099//3099
f 3098//3098 3099//3099 3087//3087
f 3087//3087 3099//3099 3081//3081
f 3087//3087 3081//3081 3100//3100
f 3100//3100 3081//3081 3101//3101
f 3100//3100 3101//3101 3102//3102
f 3102//3102 3101//3101 3103//3103
f 3102//3102 3103//3103 3104//3104
f 1075//1075 3105//3105 3379//3379
f 3379//3379 3105//3105 3106//3106
f 3379//3379 3106//3106 3380//3380
f 3380//3380 3106//3106 3155//3155
f 3380//3380 3155//3155 3107//3107
f 3107//3107 3155//3155 3156//3156
f 3107//3107 3156//3156 3108//3108
f 3108//3108 3156//3156 3158//3158
f 3108//3108 3158//3158 3383//3383
f 3383//3383 3158//3158 3159//3159
f 3383//3383 3159//3159 3109//3109
f 3109//3109 3159//3159 3583//3583
f 3109//3109 3583//3583 3585//3585
f 3770//3770 3769//3769 3587//3587
f 3587//3587 3769//3769 3110//3110
f 3587//3587 3110//3110 3111//3111
f 3111//3111 3110//3110 3112//3112
f 3111//3111 3112//3112 3396//3396
f 3396//3396 3112//3112 3399//3399
f 3396//3396 3399//3399 3395//3395
f 3395//3395 3399//3399 3401//3401
f 3395//3395 3401//3401 3393//3393
f 3393//3393 3401//3401 3402//3402
f 3393//3393 3402//3402 3113//3113
f 3113//3113 3402//3402 3114//3114
f 3113//3113 3114//3114 3391//3391
f 3391//3391 3114//3114 3115//3115
f 3391//3391 3115//3115 3390//3390
f 3390//3390 3115//3115 3117//3117
f 3390//3390 3117//3117 3116//3116
f 3116//3116 3117//3117 3406//3406
f 3116//3116 3406//3406 3118//3118
f 3118//3118 3406//3406 3407//3407
f 3118//3118 3407//3407 3119//3119
f 3119//3119 3407//3407 3120//3120
f 3119//3119 3120//3120 3386//3386
f 3386//3386 3120//3120 3410//3410
f 3768//3768 3121//3121 3122//3122
f 3122//3122 3121//3121 3124//3124
f 3122//3122 3124//3124 3123//3123
f 3123//3123 3124//3124 3125//3125
f 3123//3123 3125//3125 3591//3591
f 3591//3591 3125//3125 3143//3143
f 3591//3591 3143//3143 3126//3126
f 3126//3126 3143//3143 3146//3146
f 3126//3126 3146//3146 3127//3127
f 3127//3127 3146//3146 3128//3128
f 3127//3127 3128//3128 3594//3594
f 3594//3594 3128//3128 3148//3148
f 3594//3594 3148//3148 3595//3595
f 3595//3595 3148//3148 3129//3129
f 3595//3595 3129//3129 3596//3596
f 3596//3596 3129//3129 3130//3130
f 3596//3596 3130//3130 3598//3598
f 3598//3598 3130//3130 3131//3131
f 3598//3598 3131//3131 3599//3599
f 3599//3599 3131//3131 3152//3152
f 3599//3599 3152//3152 3600//3600
f 3600//3600 3152//3152 3132//3132
f 3600//3600 3132//3132 3175//3175
f 3175//3175 3132//3132 3153//3153
f 3175//3175 3153//3153 3133//3133
f 3413//3413 3376//3376 3387//3387
f 3387//3387 3376//3376 3377//3377
f 3387//3387 3377//3377 3388//3388
f 3388//3388 3377//3377 3134//3134
f 3388//3388 3134//3134 3389//3389
f 3389//3389 3134//3134 3378//3378
f 3389//3389 3378//3378 3135//3135
f 3135//3135 3378//3378 3381//3381
f 3135//3135 3381//3381 3392//3392
f 3392//3392 3381//3381 3382//3382
f 3392//3392 3382//3382 3136//3136
f 3136//3136 3382//3382 3137//3137
f 3136//3136 3137//3137 3394//3394
f 3394//3394 3137//3137 3384//3384
f 3394//3394 3384//3384 3138//3138
f 3138//3138 3384//3384 3140//3140
f 3138//3138 3140//3140 3139//3139
f 3139//3139 3140//3140 3385//3385
f 3139//3139 3385//3385 3141//3141
f 3858//3858 3142//3142 3124//3124
f 3124//3124 3142//3142 1080//1080
f 3124//3124 1080//1080 3125//3125
f 3125//3125 1080//1080 3144//3144
f 3125//3125 3144//3144 3143//3143
f 3143//3143 3144//3144 3145//3145
f 3143//3143 3145//3145 3146//3146
f 3146//3146 3145//3145 3147//3147
f 3146//3146 3147//3147 3128//3128
f 3128//3128 3147//3147 3084//3084
f 3128//3128 3084//3084 3148//3148
f 3148//3148 3084//3084 3149//3149
f 3148//3148 3149//3149 3129//3129
f 3129//3129 3149//3149 3150//3150
f 3129//3129 3150//3150 3130//3130
f 3130//3130 3150//3150 3151//3151
f 3130//3130 3151//3151 3131//3131
f 3131//3131 3151//3151 3088//3088
f 3131//3131 3088//3088 3152//3152
f 3152//3152 3088//3088 3089//3089
f 3152//3152 3089//3089 3132//3132
f 3132//3132 3089//3089 3173//3173
f 3132//3132 3173//3173 3153//3153
f 3370//3370 3371//3371 3106//3106
f 3106//3106 3371//3371 3373//3373
f 3106//3106 3373//3373 3155//3155
f 3155//3155 3373//3373 3154//3154
f 3155//3155 3154//3154 3156//3156
f 3156//3156 3154//3154 3157//3157
f 3156//3156 3157//3157 3158//3158
f 3158//3158 3157//3157 3160//3160
f 3158//3158 3160//3160 3159//3159
f 3159//3159 3160//3160 3582//3582
f 3159//3159 3582//3582 3583//3583
f 3853//3853 3161//3161 3053//3053
f 3053//3053 3161//3161 3077//3077
f 3053//3053 3077//3077 3163//3163
f 3163//3163 3077//3077 3162//3162
f 3163//3163 3162//3162 3164//3164
f 3164//3164 3162//3162 3071//3071
f 3164//3164 3071//3071 3165//3165
f 3165//3165 3071//3071 3167//3167
f 3165//3165 3167//3167 3166//3166
f 3166//3166 3167//3167 3168//3168
f 3166//3166 3168//3168 3080//3080
f 3080//3080 3168//3168 3060//3060
f 3080//3080 3060//3060 3169//3169
f 3169//3169 3060//3060 3170//3170
f 3169//3169 3170//3170 3171//3171
f 3171//3171 3170//3170 3172//3172
f 3171//3171 3172//3172 3082//3082
f 3082//3082 3172//3172 2311//2311
f 3082//3082 2311//2311 3103//3103
f 3103//3103 2311//2311 2337//2337
f 3103//3103 2337//2337 3104//3104
f 3104//3104 2337//2337 2338//2338
f 3104//3104 2338//2338 3173//3173
f 3173//3173 2338//2338 2341//2341
f 3173//3173 2341//2341 3153//3153
f 3153//3153 2341//2341 2342//2342
f 3153//3153 2342//2342 3133//3133
f 3133//3133 2342//2342 3174//3174
f 3133//3133 3174//3174 3175//3175
f 3175//3175 3174//3174 3601//3601
f 3175//3175 3601//3601 3600//3600
f 3244//3244 678//678 3176//3176
f 3176//3176 678//678 3177//3177
f 3176//3176 3177//3177 2955//2955
f 2955//2955 3177//3177 677//677
f 2955//2955 677//677 159//159
f 3220//3220 680//680 3244//3244
f 3244//3244 680//680 3178//3178
f 3244//3244 3178//3178 678//678
f 3226//3226 3551//3551 3179//3179
f 3179//3179 3551//3551 3180//3180
f 3179//3179 3180//3180 3227//3227
f 3227//3227 3180//3180 3305//3305
f 3227//3227 3305//3305 3181//3181
f 3181//3181 3305//3305 3303//3303
f 3181//3181 3303//3303 3182//3182
f 3182//3182 3303//3303 3302//3302
f 3348//3348 2893//2893 3183//3183
f 3183//3183 2893//2893 2973//2973
f 3183//3183 2973//2973 3349//3349
f 3349//3349 2973//2973 2975//2975
f 3349//3349 2975//2975 3184//3184
f 3184//3184 2975//2975 2977//2977
f 3184//3184 2977//2977 3185//3185
f 3185//3185 2977//2977 3186//3186
f 3185//3185 3186//3186 3187//3187
f 3187//3187 3186//3186 2979//2979
f 3187//3187 2979//2979 3351//3351
f 3351//3351 2979//2979 3188//3188
f 3351//3351 3188//3188 3353//3353
f 3353//3353 3188//3188 3189//3189
f 3353//3353 3189//3189 3190//3190
f 3190//3190 3189//3189 3191//3191
f 3190//3190 3191//3191 3192//3192
f 3192//3192 3191//3191 3193//3193
f 3192//3192 3193//3193 3194//3194
f 3194//3194 3193//3193 3195//3195
f 3194//3194 3195//3195 3196//3196
f 3196//3196 3195//3195 2983//2983
f 3196//3196 2983//2983 3356//3356
f 3356//3356 2983//2983 3197//3197
f 3356//3356 3197//3197 3358//3358
f 3358//3358 3197//3197 2986//2986
f 3358//3358 2986//2986 3359//3359
f 3359//3359 2986//2986 3198//3198
f 3359//3359 3198//3198 3361//3361
f 3361//3361 3198//3198 3199//3199
f 3361//3361 3199//3199 3362//3362
f 3362//3362 3199//3199 3325//3325
f 3200//3200 3202//3202 3201//3201
f 3201//3201 3202//3202 2990//2990
f 3201//3201 2990//2990 3016//3016
f 3016//3016 2990//2990 2992//2992
f 3016//3016 2992//2992 3203//3203
f 3203//3203 2992//2992 3204//3204
f 3203//3203 3204//3204 3015//3015
f 3015//3015 3204//3204 2994//2994
f 3015//3015 2994//2994 3014//3014
f 3014//3014 2994//2994 3205//3205
f 3014//3014 3205//3205 3206//3206
f 3206//3206 3205//3205 2996//2996
f 3206//3206 2996//2996 3013//3013
f 3013//3013 2996//2996 2998//2998
f 3013//3013 2998//2998 3208//3208
f 3208//3208 2998//2998 3207//3207
f 3208//3208 3207//3207 3012//3012
f 3012//3012 3207//3207 3000//3000
f 3012//3012 3000//3000 3209//3209
f 3209//3209 3000//3000 3001//3001
f 3209//3209 3001//3001 3210//3210
f 3210//3210 3001//3001 3211//3211
f 3210//3210 3211//3211 3212//3212
f 3212//3212 3211//3211 3003//3003
f 3212//3212 3003//3003 3213//3213
f 3213//3213 3003//3003 3214//3214
f 3213//3213 3214//3214 3008//3008
f 3008//3008 3214//3214 3215//3215
f 3008//3008 3215//3215 3216//3216
f 3216//3216 3215//3215 3217//3217
f 3216//3216 3217//3217 3309//3309
f 3309//3309 3217//3217 3308//3308
f 3300//3300 3301//3301 3253//3253
f 3253//3253 3301//3301 3218//3218
f 3253//3253 3218//3218 2972//2972
f 2972//2972 3218//3218 3304//3304
f 2972//2972 3304//3304 2971//2971
f 3244//3244 3219//3219 3220//3220
f 3220//3220 3219//3219 3222//3222
f 3220//3220 3222//3222 3221//3221
f 3221//3221 3222//3222 1023//1023
f 1023//1023 3222//3222 1025//1025
f 1025//1025 3222//3222 3223//3223
f 1025//1025 3223//3223 3224//3224
f 3242//3242 1035//1035 3224//3224
f 3224//3224 1035//1035 3225//3225
f 3224//3224 3225//3225 1078//1078
f 3550//3550 3226//3226 2941//2941
f 2941//2941 3226//3226 3179//3179
f 2941//2941 3179//3179 2942//2942
f 2942//2942 3179//3179 3227//3227
f 2942//2942 3227//3227 2944//2944
f 2944//2944 3227//3227 3181//3181
f 2944//2944 3181//3181 2947//2947
f 2947//2947 3181//3181 3182//3182
f 2947//2947 3182//3182 3245//3245
f 3245//3245 3182//3182 3302//3302
f 3245//3245 3302//3302 3228//3228
f 3228//3228 3302//3302 3229//3229
f 3228//3228 3229//3229 3230//3230
f 3230//3230 3229//3229 3231//3231
f 3230//3230 3231//3231 3232//3232
f 3232//3232 3231//3231 3233//3233
f 3232//3232 3233//3233 3234//3234
f 3234//3234 3233//3233 3298//3298
f 3234//3234 3298//3298 3235//3235
f 3235//3235 3298//3298 3236//3236
f 3235//3235 3236//3236 3243//3243
f 3243//3243 3236//3236 3237//3237
f 3243//3243 3237//3237 3238//3238
f 3238//3238 3237//3237 3240//3240
f 3238//3238 3240//3240 3239//3239
f 3239//3239 3240//3240 3294//3294
f 3239//3239 3294//3294 3293//3293
f 1121//1121 3241//3241 3239//3239
f 3239//3239 3241//3241 3242//3242
f 3239//3239 3242//3242 3238//3238
f 3238//3238 3242//3242 3224//3224
f 3238//3238 3224//3224 3243//3243
f 3243//3243 3224//3224 3223//3223
f 3243//3243 3223//3223 3235//3235
f 3235//3235 3223//3223 3222//3222
f 3235//3235 3222//3222 3234//3234
f 3234//3234 3222//3222 3219//3219
f 3234//3234 3219//3219 3232//3232
f 3232//3232 3219//3219 3244//3244
f 3232//3232 3244//3244 3230//3230
f 3230//3230 3244//3244 3176//3176
f 3230//3230 3176//3176 3228//3228
f 3228//3228 3176//3176 2955//2955
f 3228//3228 2955//2955 3245//3245
f 3245//3245 2955//2955 2953//2953
f 3245//3245 2953//2953 2946//2946
f 2946//2946 2953//2953 3246//3246
f 2946//2946 3246//3246 2945//2945
f 2945//2945 3246//3246 3247//3247
f 2945//2945 3247//3247 2943//2943
f 2943//2943 3247//3247 2950//2950
f 2943//2943 2950//2950 3248//3248
f 3248//3248 2950//2950 2948//2948
f 3248//3248 2948//2948 2940//2940
f 2940//2940 2948//2948 3249//3249
f 2940//2940 3249//3249 3548//3548
f 3548//3548 3249//3249 3250//3250
f 3290//3290 3558//3558 3291//3291
f 3291//3291 3558//3558 3310//3310
f 3291//3291 3310//3310 3251//3251
f 3252//3252 3556//3556 3253//3253
f 3253//3253 3556//3556 3254//3254
f 3253//3253 3254//3254 3300//3300
f 3300//3300 3254//3254 3275//3275
f 3300//3300 3275//3275 3299//3299
f 3299//3299 3275//3275 3276//3276
f 3299//3299 3276//3276 3255//3255
f 3255//3255 3276//3276 3256//3256
f 3255//3255 3256//3256 3297//3297
f 3297//3297 3256//3256 3257//3257
f 3297//3297 3257//3257 3296//3296
f 3296//3296 3257//3257 1137//1137
f 3296//3296 1137//1137 3295//3295
f 3295//3295 1137//1137 3258//3258
f 3274//3274 3557//3557 3259//3259
f 3259//3259 3557//3557 3273//3273
f 3259//3259 3273//3273 3260//3260
f 3260//3260 3273//3273 3261//3261
f 3260//3260 3261//3261 3262//3262
f 3262//3262 3261//3261 3271//3271
f 3262//3262 3271//3271 3277//3277
f 3277//3277 3271//3271 3263//3263
f 3277//3277 3263//3263 1143//1143
f 1143//1143 3263//3263 3270//3270
f 1143//1143 3270//3270 3268//3268
f 3264//3264 3265//3265 3266//3266
f 3266//3266 3265//3265 3570//3570
f 3266//3266 3570//3570 3272//3272
f 3272//3272 3570//3570 1144//1144
f 3279//3279 3267//3267 1152//1152
f 1152//1152 3267//3267 3268//3268
f 1152//1152 3268//3268 1147//1147
f 1147//1147 3268//3268 3270//3270
f 1147//1147 3270//3270 3269//3269
f 3269//3269 3270//3270 3263//3263
f 3269//3269 3263//3263 1144//1144
f 1144//1144 3263//3263 3271//3271
f 1144//1144 3271//3271 3272//3272
f 3272//3272 3271//3271 3261//3261
f 3272//3272 3261//3261 3266//3266
f 3266//3266 3261//3261 3273//3273
f 3266//3266 3273//3273 3264//3264
f 3264//3264 3273//3273 3557//3557
f 3556//3556 3274//3274 3254//3254
f 3254//3254 3274//3274 3259//3259
f 3254//3254 3259//3259 3275//3275
f 3275//3275 3259//3259 3260//3260
f 3275//3275 3260//3260 3276//3276
f 3276//3276 3260//3260 3262//3262
f 3276//3276 3262//3262 3256//3256
f 3256//3256 3262//3262 3277//3277
f 3256//3256 3277//3277 3257//3257
f 3257//3257 3277//3277 1142//1142
f 3257//3257 1142//1142 3278//3278
f 3278//3278 1142//1142 3267//3267
f 3278//3278 3267//3267 1138//1138
f 1138//1138 3267//3267 3279//3279
f 1138//1138 3279//3279 3280//3280
f 3280//3280 3279//3279 3281//3281
f 3280//3280 3281//3281 1141//1141
f 1141//1141 3281//3281 3282//3282
f 1141//1141 3282//3282 3283//3283
f 3283//3283 3282//3282 1154//1154
f 3283//3283 1154//1154 3284//3284
f 3284//3284 1154//1154 3285//3285
f 3284//3284 3285//3285 3286//3286
f 3286//3286 3285//3285 3287//3287
f 3286//3286 3287//3287 3288//3288
f 3288//3288 3287//3287 1133//1133
f 3288//3288 1133//1133 3258//3258
f 3258//3258 1133//1133 3289//3289
f 3258//3258 3289//3289 3295//3295
f 3572//3572 3290//3290 3573//3573
f 3573//3573 3290//3290 3291//3291
f 3573//3573 3291//3291 3292//3292
f 3292//3292 3291//3291 3251//3251
f 3292//3292 3251//3251 3307//3307
f 364//364 366//366 1130//1130
f 1130//1130 366//366 3293//3293
f 1130//1130 3293//3293 1122//1122
f 1122//1122 3293//3293 3294//3294
f 1122//1122 3294//3294 3289//3289
f 3289//3289 3294//3294 3240//3240
f 3289//3289 3240//3240 3295//3295
f 3295//3295 3240//3240 3237//3237
f 3295//3295 3237//3237 3296//3296
f 3296//3296 3237//3237 3236//3236
f 3296//3296 3236//3236 3297//3297
f 3297//3297 3236//3236 3298//3298
f 3297//3297 3298//3298 3255//3255
f 3255//3255 3298//3298 3233//3233
f 3255//3255 3233//3233 3299//3299
f 3299//3299 3233//3233 3231//3231
f 3299//3299 3231//3231 3300//3300
f 3300//3300 3231//3231 3229//3229
f 3300//3300 3229//3229 3301//3301
f 3301//3301 3229//3229 3302//3302
f 3301//3301 3302//3302 3218//3218
f 3218//3218 3302//3302 3303//3303
f 3218//3218 3303//3303 3304//3304
f 3304//3304 3303//3303 3305//3305
f 3304//3304 3305//3305 2971//2971
f 2971//2971 3305//3305 3180//3180
f 2971//2971 3180//3180 3306//3306
f 3306//3306 3180//3180 3551//3551
f 3364//3364 3307//3307 3363//3363
f 3363//3363 3307//3307 3251//3251
f 3363//3363 3251//3251 3308//3308
f 3308//3308 3251//3251 3310//3310
f 3308//3308 3310//3310 3309//3309
f 3309//3309 3310//3310 1077//1077
f 3309//3309 1077//1077 3006//3006
f 3776//3776 3311//3311 3312//3312
f 3312//3312 3311//3311 3313//3313
f 3312//3312 3313//3313 3314//3314
f 3314//3314 3313//3313 3045//3045
f 3314//3314 3045//3045 3023//3023
f 3023//3023 3045//3045 3046//3046
f 3023//3023 3046//3046 3025//3025
f 3025//3025 3046//3046 3315//3315
f 3025//3025 3315//3315 3316//3316
f 3316//3316 3315//3315 3048//3048
f 3316//3316 3048//3048 3027//3027
f 3027//3027 3048//3048 3318//3318
f 3027//3027 3318//3318 3317//3317
f 3317//3317 3318//3318 3319//3319
f 3317//3317 3319//3319 3029//3029
f 3029//3029 3319//3319 3335//3335
f 3029//3029 3335//3335 3320//3320
f 3320//3320 3335//3335 3321//3321
f 3320//3320 3321//3321 3030//3030
f 3030//3030 3321//3321 3322//3322
f 3030//3030 3322//3322 3031//3031
f 3031//3031 3322//3322 3323//3323
f 3031//3031 3323//3323 3032//3032
f 3032//3032 3323//3323 3332//3332
f 3032//3032 3332//3332 3199//3199
f 3199//3199 3332//3332 3324//3324
f 3199//3199 3324//3324 3325//3325
f 3325//3325 3324//3324 3365//3365
f 3330//3330 3429//3429 3326//3326
f 3327//3327 3329//3329 3328//3328
f 3328//3328 3329//3329 1079//1079
f 3328//3328 1079//1079 3330//3330
f 3330//3330 1079//1079 3427//3427
f 3330//3330 3427//3427 3429//3429
f 3331//3331 3365//3365 3575//3575
f 3575//3575 3365//3365 3324//3324
f 3575//3575 3324//3324 3576//3576
f 3576//3576 3324//3324 3332//3332
f 3576//3576 3332//3332 3577//3577
f 3577//3577 3332//3332 3323//3323
f 3577//3577 3323//3323 3333//3333
f 3333//3333 3323//3323 3322//3322
f 3333//3333 3322//3322 3578//3578
f 3578//3578 3322//3322 3321//3321
f 3578//3578 3321//3321 3334//3334
f 3334//3334 3321//3321 3335//3335
f 3334//3334 3335//3335 3579//3579
f 3579//3579 3335//3335 3319//3319
f 3579//3579 3319//3319 3581//3581
f 3581//3581 3319//3319 3318//3318
f 3581//3581 3318//3318 3584//3584
f 3584//3584 3318//3318 3336//3336
f 3584//3584 3336//3336 3337//3337
f 3337//3337 3336//3336 3043//3043
f 3337//3337 3043//3043 3586//3586
f 3586//3586 3043//3043 3036//3036
f 3586//3586 3036//3036 3339//3339
f 3339//3339 3036//3036 3338//3338
f 3339//3339 3338//3338 3340//3340
f 3340//3340 3338//3338 3033//3033
f 3340//3340 3033//3033 3035//3035
f 3423//3423 3341//3341 3342//3342
f 3342//3342 3341//3341 3425//3425
f 3342//3342 3425//3425 1079//1079
f 1079//1079 3425//3425 3426//3426
f 1079//1079 3426//3426 3427//3427
f 3421//3421 3422//3422 3372//3372
f 3372//3372 3422//3422 3345//3345
f 3372//3372 3345//3345 3374//3374
f 3374//3374 3345//3345 3346//3346
f 3374//3374 3346//3346 3375//3375
f 3375//3375 3346//3346 3347//3347
f 3375//3375 3347//3347 3344//3344
f 3344//3344 3347//3347 3343//3343
f 3344//3344 3343//3343 3580//3580
f 1076//1076 3423//3423 3345//3345
f 3345//3345 3423//3423 3342//3342
f 3345//3345 3342//3342 3346//3346
f 3346//3346 3342//3342 3329//3329
f 3346//3346 3329//3329 3347//3347
f 3347//3347 3329//3329 3327//3327
f 3347//3347 3327//3327 3343//3343
f 2871//2871 3348//3348 2869//2869
f 2869//2869 3348//3348 3183//3183
f 2869//2869 3183//3183 2991//2991
f 2991//2991 3183//3183 3349//3349
f 2991//2991 3349//3349 2993//2993
f 2993//2993 3349//3349 3184//3184
f 2993//2993 3184//3184 2995//2995
f 2995//2995 3184//3184 3185//3185
f 2995//2995 3185//3185 3350//3350
f 3350//3350 3185//3185 3187//3187
f 3350//3350 3187//3187 2997//2997
f 2997//2997 3187//3187 3351//3351
f 2997//2997 3351//3351 3352//3352
f 3352//3352 3351//3351 3353//3353
f 3352//3352 3353//3353 2999//2999
f 2999//2999 3353//3353 3190//3190
f 2999//2999 3190//3190 3354//3354
f 3354//3354 3190//3190 3192//3192
f 3354//3354 3192//3192 3355//3355
f 3355//3355 3192//3192 3194//3194
f 3355//3355 3194//3194 3002//3002
f 3002//3002 3194//3194 3196//3196
f 3002//3002 3196//3196 3004//3004
f 3004//3004 3196//3196 3356//3356
f 3004//3004 3356//3356 3357//3357
f 3357//3357 3356//3356 3358//3358
f 3357//3357 3358//3358 3005//3005
f 3005//3005 3358//3358 3359//3359
f 3005//3005 3359//3359 3360//3360
f 3360//3360 3359//3359 3361//3361
f 3360//3360 3361//3361 3308//3308
f 3308//3308 3361//3361 3362//3362
f 3308//3308 3362//3362 3363//3363
f 3363//3363 3362//3362 3325//3325
f 3363//3363 3325//3325 3364//3364
f 3364//3364 3325//3325 3365//3365
f 3364//3364 3365//3365 3307//3307
f 3307//3307 3365//3365 3331//3331
f 3366//3366 3367//3367 3418//3418
f 3418//3418 3367//3367 3368//3368
f 3418//3418 3368//3368 3369//3369
f 1074//1074 3369//3369 1075//1075
f 1075//1075 3369//3369 3368//3368
f 1075//1075 3368//3368 3105//3105
f 3105//3105 3368//3368 3367//3367
f 3105//3105 3367//3367 3370//3370
f 3370//3370 3367//3367 3419//3419
f 3370//3370 3419//3419 3371//3371
f 3371//3371 3419//3419 3372//3372
f 3371//3371 3372//3372 3373//3373
f 3373//3373 3372//3372 3374//3374
f 3373//3373 3374//3374 3154//3154
f 3154//3154 3374//3374 3375//3375
f 3154//3154 3375//3375 3157//3157
f 3157//3157 3375//3375 3344//3344
f 3157//3157 3344//3344 3160//3160
f 3160//3160 3344//3344 3580//3580
f 3160//3160 3580//3580 3582//3582
f 3376//3376 3415//3415 3377//3377
f 3377//3377 3415//3415 1075//1075
f 3377//3377 1075//1075 3134//3134
f 3134//3134 1075//1075 3379//3379
f 3134//3134 3379//3379 3378//3378
f 3378//3378 3379//3379 3380//3380
f 3378//3378 3380//3380 3381//3381
f 3381//3381 3380//3380 3107//3107
f 3381//3381 3107//3107 3382//3382
f 3382//3382 3107//3107 3108//3108
f 3382//3382 3108//3108 3137//3137
f 3137//3137 3108//3108 3383//3383
f 3137//3137 3383//3383 3384//3384
f 3384//3384 3383//3383 3109//3109
f 3384//3384 3109//3109 3140//3140
f 3140//3140 3109//3109 3585//3585
f 3140//3140 3585//3585 3385//3385
f 3386//3386 3413//3413 3119//3119
f 3119//3119 3413//3413 3387//3387
f 3119//3119 3387//3387 3118//3118
f 3118//3118 3387//3387 3388//3388
f 3118//3118 3388//3388 3116//3116
f 3116//3116 3388//3388 3389//3389
f 3116//3116 3389//3389 3390//3390
f 3390//3390 3389//3389 3135//3135
f 3390//3390 3135//3135 3391//3391
f 3391//3391 3135//3135 3392//3392
f 3391//3391 3392//3392 3113//3113
f 3113//3113 3392//3392 3136//3136
f 3113//3113 3136//3136 3393//3393
f 3393//3393 3136//3136 3394//3394
f 3393//3393 3394//3394 3395//3395
f 3395//3395 3394//3394 3138//3138
f 3395//3395 3138//3138 3396//3396
f 3396//3396 3138//3138 3139//3139
f 3396//3396 3139//3139 3111//3111
f 3111//3111 3139//3139 3141//3141
f 3111//3111 3141//3141 3587//3587
f 1081//1081 3397//3397 3110//3110
f 3110//3110 3397//3397 3398//3398
f 3110//3110 3398//3398 3112//3112
f 3112//3112 3398//3398 3400//3400
f 3112//3112 3400//3400 3399//3399
f 3399//3399 3400//3400 3590//3590
f 3399//3399 3590//3590 3401//3401
f 3401//3401 3590//3590 3592//3592
f 3401//3401 3592//3592 3402//3402
f 3402//3402 3592//3592 3403//3403
f 3402//3402 3403//3403 3114//3114
f 3114//3114 3403//3403 3404//3404
f 3114//3114 3404//3404 3115//3115
f 3115//3115 3404//3404 3593//3593
f 3115//3115 3593//3593 3117//3117
f 3117//3117 3593//3593 3405//3405
f 3117//3117 3405//3405 3406//3406
f 3406//3406 3405//3405 3408//3408
f 3406//3406 3408//3408 3407//3407
f 3407//3407 3408//3408 3597//3597
f 3407//3407 3597//3597 3120//3120
f 3120//3120 3597//3597 3409//3409
f 3120//3120 3409//3409 3410//3410
f 3410//3410 3409//3409 3602//3602
f 3602//3602 3411//3411 3410//3410
f 3410//3410 3411//3411 3450//3450
f 3410//3410 3450//3450 3386//3386
f 3386//3386 3450//3450 3412//3412
f 3386//3386 3412//3412 3413//3413
f 3413//3413 3412//3412 3453//3453
f 3413//3413 3453//3453 3376//3376
f 3376//3376 3453//3453 3414//3414
f 3376//3376 3414//3414 3415//3415
f 3415//3415 3414//3414 3455//3455
f 3415//3415 3455//3455 1074//1074
f 1074//1074 3455//3455 3416//3416
f 1074//1074 3416//3416 3369//3369
f 3369//3369 3416//3416 3417//3417
f 3369//3369 3417//3417 3418//3418
f 3418//3418 3417//3417 3458//3458
f 3418//3418 3458//3458 3366//3366
f 3366//3366 3458//3458 3461//3461
f 3366//3366 3461//3461 3419//3419
f 3419//3419 3461//3461 3420//3420
f 3419//3419 3420//3420 3421//3421
f 3421//3421 3420//3420 3462//3462
f 3421//3421 3462//3462 3422//3422
f 3422//3422 3462//3462 3465//3465
f 3422//3422 3465//3465 1076//1076
f 1076//1076 3465//3465 3466//3466
f 1076//1076 3466//3466 3423//3423
f 3423//3423 3466//3466 3468//3468
f 3423//3423 3468//3468 3341//3341
f 3341//3341 3468//3468 3424//3424
f 3341//3341 3424//3424 3425//3425
f 3425//3425 3424//3424 3470//3470
f 3425//3425 3470//3470 3426//3426
f 3426//3426 3470//3470 3471//3471
f 3426//3426 3471//3471 3427//3427
f 3427//3427 3471//3471 3428//3428
f 3427//3427 3428//3428 3429//3429
f 3429//3429 3428//3428 3473//3473
f 3429//3429 3473//3473 3326//3326
f 3326//3326 3473//3473 3474//3474
f 3430//3430 3438//3438 3431//3431
f 3431//3431 3438//3438 3439//3439
f 3431//3431 3439//3439 3443//3443
f 3443//3443 3439//3439 3432//3432
f 3443//3443 3432//3432 3445//3445
f 3445//3445 3432//3432 3441//3441
f 3622//3622 3620//3620 3512//3512
f 3512//3512 3620//3620 3433//3433
f 3512//3512 3433//3433 3513//3513
f 3513//3513 3433//3433 3618//3618
f 3513//3513 3618//3618 3515//3515
f 3515//3515 3618//3618 3616//3616
f 3515//3515 3616//3616 3434//3434
f 3434//3434 3616//3616 3435//3435
f 3434//3434 3435//3435 3436//3436
f 3436//3436 3435//3435 3614//3614
f 3436//3436 3614//3614 3519//3519
f 3519//3519 3614//3614 3437//3437
f 3519//3519 3437//3437 3520//3520
f 3520//3520 3437//3437 3613//3613
f 3520//3520 3613//3613 3521//3521
f 3438//3438 3738//3738 3439//3439
f 3439//3439 3738//3738 3440//3440
f 3439//3439 3440//3440 3432//3432
f 3432//3432 3440//3440 3737//3737
f 3432//3432 3737//3737 3441//3441
f 3441//3441 3737//3737 3447//3447
f 3621//3621 3430//3430 3442//3442
f 3442//3442 3430//3430 3431//3431
f 3442//3442 3431//3431 3475//3475
f 3475//3475 3431//3431 3443//3443
f 3475//3475 3443//3443 3444//3444
f 3444//3444 3443//3443 3445//3445
f 3444//3444 3445//3445 3446//3446
f 3446//3446 3445//3445 3441//3441
f 3446//3446 3441//3441 3477//3477
f 3477//3477 3441//3441 3447//3447
f 3477//3477 3447//3447 3735//3735
f 1379//1379 3481//3481 3734//3734
f 3734//3734 3481//3481 3448//3448
f 3734//3734 3448//3448 3735//3735
f 3411//3411 3449//3449 3450//3450
f 3450//3450 3449//3449 3451//3451
f 3450//3450 3451//3451 3412//3412
f 3412//3412 3451//3451 3452//3452
f 3412//3412 3452//3452 3453//3453
f 3453//3453 3452//3452 3454//3454
f 3453//3453 3454//3454 3414//3414
f 3414//3414 3454//3454 3607//3607
f 3414//3414 3607//3607 3455//3455
f 3455//3455 3607//3607 3456//3456
f 3455//3455 3456//3456 3416//3416
f 3416//3416 3456//3456 3457//3457
f 3416//3416 3457//3457 3417//3417
f 3417//3417 3457//3457 3610//3610
f 3417//3417 3610//3610 3458//3458
f 3458//3458 3610//3610 3459//3459
f 3458//3458 3459//3459 3461//3461
f 3461//3461 3459//3459 3460//3460
f 3461//3461 3460//3460 3420//3420
f 3420//3420 3460//3460 3463//3463
f 3420//3420 3463//3463 3462//3462
f 3462//3462 3463//3463 3464//3464
f 3462//3462 3464//3464 3465//3465
f 3465//3465 3464//3464 3467//3467
f 3465//3465 3467//3467 3466//3466
f 3466//3466 3467//3467 3615//3615
f 3466//3466 3615//3615 3468//3468
f 3468//3468 3615//3615 3469//3469
f 3468//3468 3469//3469 3424//3424
f 3424//3424 3469//3469 3617//3617
f 3424//3424 3617//3617 3470//3470
f 3470//3470 3617//3617 3472//3472
f 3470//3470 3472//3472 3471//3471
f 3471//3471 3472//3472 3619//3619
f 3471//3471 3619//3619 3428//3428
f 3428//3428 3619//3619 3621//3621
f 3428//3428 3621//3621 3473//3473
f 3473//3473 3621//3621 3442//3442
f 3473//3473 3442//3442 3474//3474
f 3474//3474 3442//3442 3475//3475
f 3474//3474 3475//3475 3476//3476
f 3476//3476 3475//3475 3444//3444
f 3476//3476 3444//3444 3574//3574
f 3574//3574 3444//3444 3446//3446
f 3574//3574 3446//3446 3478//3478
f 3478//3478 3446//3446 3477//3477
f 3478//3478 3477//3477 3479//3479
f 3479//3479 3477//3477 3735//3735
f 3479//3479 3735//3735 3480//3480
f 3480//3480 3735//3735 3448//3448
f 3480//3480 3448//3448 3571//3571
f 3571//3571 3448//3448 3481//3481
f 3739//3739 3623//3623 3740//3740
f 3740//3740 3623//3623 3482//3482
f 3740//3740 3482//3482 3741//3741
f 3741//3741 3482//3482 3483//3483
f 3741//3741 3483//3483 3484//3484
f 3484//3484 3483//3483 3514//3514
f 3484//3484 3514//3514 3485//3485
f 3485//3485 3514//3514 3516//3516
f 3485//3485 3516//3516 3743//3743
f 3743//3743 3516//3516 3517//3517
f 3743//3743 3517//3517 3486//3486
f 3603//3603 3531//3531 3604//3604
f 3604//3604 3531//3531 3530//3530
f 3604//3604 3530//3530 3487//3487
f 3487//3487 3530//3530 3528//3528
f 3487//3487 3528//3528 3605//3605
f 3605//3605 3528//3528 3488//3488
f 3605//3605 3488//3488 3606//3606
f 3606//3606 3488//3488 3527//3527
f 3606//3606 3527//3527 3489//3489
f 3489//3489 3527//3527 3490//3490
f 3489//3489 3490//3490 3608//3608
f 3608//3608 3490//3490 3491//3491
f 3608//3608 3491//3491 3609//3609
f 3609//3609 3491//3491 3524//3524
f 3609//3609 3524//3524 3611//3611
f 3611//3611 3524//3524 3522//3522
f 3611//3611 3522//3522 3492//3492
f 3492//3492 3522//3522 3521//3521
f 3492//3492 3521//3521 3612//3612
f 3612//3612 3521//3521 3613//3613
f 3517//3517 3518//3518 3486//3486
f 3486//3486 3518//3518 3493//3493
f 3486//3486 3493//3493 3744//3744
f 3744//3744 3493//3493 3494//3494
f 3744//3744 3494//3494 3745//3745
f 3745//3745 3494//3494 3495//3495
f 3745//3745 3495//3495 3747//3747
f 3747//3747 3495//3495 3523//3523
f 3747//3747 3523//3523 3496//3496
f 3496//3496 3523//3523 3525//3525
f 3496//3496 3525//3525 3749//3749
f 3749//3749 3525//3525 3497//3497
f 3749//3749 3497//3497 3751//3751
f 3751//3751 3497//3497 3498//3498
f 3751//3751 3498//3498 3752//3752
f 3752//3752 3498//3498 3526//3526
f 3752//3752 3526//3526 3753//3753
f 3753//3753 3526//3526 3499//3499
f 3753//3753 3499//3499 3755//3755
f 3755//3755 3499//3499 3500//3500
f 3755//3755 3500//3500 3501//3501
f 3501//3501 3500//3500 3529//3529
f 3501//3501 3529//3529 3502//3502
f 3502//3502 3529//3529 3503//3503
f 3502//3502 3503//3503 3757//3757
f 3757//3757 3503//3503 3532//3532
f 3757//3757 3532//3532 3758//3758
f 3758//3758 3532//3532 3533//3533
f 3758//3758 3533//3533 3759//3759
f 3759//3759 3533//3533 2324//2324
f 3759//3759 2324//2324 3504//3504
f 3504//3504 2324//2324 3505//3505
f 3504//3504 3505//3505 3760//3760
f 3760//3760 3505//3505 2326//2326
f 3760//3760 2326//2326 3506//3506
f 3506//3506 2326//2326 3507//3507
f 3506//3506 3507//3507 3508//3508
f 3508//3508 3507//3507 2327//2327
f 3508//3508 2327//2327 3762//3762
f 3762//3762 2327//2327 3509//3509
f 3762//3762 3509//3509 3763//3763
f 3763//3763 3509//3509 3510//3510
f 3763//3763 3510//3510 3511//3511
f 3511//3511 3510//3510 3838//3838
f 3511//3511 3838//3838 2318//2318
f 3623//3623 3622//3622 3482//3482
f 3482//3482 3622//3622 3512//3512
f 3482//3482 3512//3512 3483//3483
f 3483//3483 3512//3512 3513//3513
f 3483//3483 3513//3513 3514//3514
f 3514//3514 3513//3513 3515//3515
f 3514//3514 3515//3515 3516//3516
f 3516//3516 3515//3515 3434//3434
f 3516//3516 3434//3434 3517//3517
f 3517//3517 3434//3434 3436//3436
f 3517//3517 3436//3436 3518//3518
f 3518//3518 3436//3436 3519//3519
f 3518//3518 3519//3519 3493//3493
f 3493//3493 3519//3519 3520//3520
f 3493//3493 3520//3520 3494//3494
f 3494//3494 3520//3520 3521//3521
f 3494//3494 3521//3521 3495//3495
f 3495//3495 3521//3521 3522//3522
f 3495//3495 3522//3522 3523//3523
f 3523//3523 3522//3522 3524//3524
f 3523//3523 3524//3524 3525//3525
f 3525//3525 3524//3524 3491//3491
f 3525//3525 3491//3491 3497//3497
f 3497//3497 3491//3491 3490//3490
f 3497//3497 3490//3490 3498//3498
f 3498//3498 3490//3490 3527//3527
f 3498//3498 3527//3527 3526//3526
f 3526//3526 3527//3527 3488//3488
f 3526//3526 3488//3488 3499//3499
f 3499//3499 3488//3488 3528//3528
f 3499//3499 3528//3528 3500//3500
f 3500//3500 3528//3528 3530//3530
f 3500//3500 3530//3530 3529//3529
f 3529//3529 3530//3530 3531//3531
f 3529//3529 3531//3531 3503//3503
f 3503//3503 3531//3531 3603//3603
f 3503//3503 3603//3603 3532//3532
f 3532//3532 3603//3603 1091//1091
f 3532//3532 1091//1091 3533//3533
f 3533//3533 1091//1091 2335//2335
f 3533//3533 2335//2335 2324//2324
f 2324//2324 2335//2335 3534//3534
f 2324//2324 3534//3534 2325//2325
f 2325//2325 3534//3534 2316//2316
f 2325//2325 2316//2316 3536//3536
f 3536//3536 2316//2316 3535//3535
f 3536//3536 3535//3535 3537//3537
f 3537//3537 3535//3535 2306//2306
f 3537//3537 2306//2306 3538//3538
f 3538//3538 2306//2306 3062//3062
f 3538//3538 3062//3062 3540//3540
f 3540//3540 3062//3062 3539//3539
f 3540//3540 3539//3539 2328//2328
f 2328//2328 3539//3539 3840//3840
f 2328//2328 3840//3840 3841//3841
f 3784//3784 3201//3201 2885//2885
f 2885//2885 3201//3201 3018//3018
f 2885//2885 3018//3018 2887//2887
f 2887//2887 3018//3018 3017//3017
f 2887//2887 3017//3017 2889//2889
f 2889//2889 3017//3017 3541//3541
f 2889//2889 3541//3541 3542//3542
f 3542//3542 3541//3541 3543//3543
f 3542//3542 3543//3543 3545//3545
f 3545//3545 3543//3543 3544//3544
f 3545//3545 3544//3544 3546//3546
f 3546//3546 3544//3544 3547//3547
f 3546//3546 3547//3547 3250//3250
f 3250//3250 3547//3547 3549//3549
f 3250//3250 3549//3549 3548//3548
f 3548//3548 3549//3549 3011//3011
f 3548//3548 3011//3011 3550//3550
f 3550//3550 3011//3011 3010//3010
f 3550//3550 3010//3010 3226//3226
f 3226//3226 3010//3010 3552//3552
f 3226//3226 3552//3552 3551//3551
f 3551//3551 3552//3552 3553//3553
f 3551//3551 3553//3553 3306//3306
f 3306//3306 3553//3553 3554//3554
f 3306//3306 3554//3554 3555//3555
f 3555//3555 3554//3554 3009//3009
f 3555//3555 3009//3009 3252//3252
f 3252//3252 3009//3009 3007//3007
f 3252//3252 3007//3007 3556//3556
f 3556//3556 3007//3007 3006//3006
f 3556//3556 3006//3006 3274//3274
f 3274//3274 3006//3006 1077//1077
f 3274//3274 1077//1077 3557//3557
f 3557//3557 1077//1077 3558//3558
f 3557//3557 3558//3558 3264//3264
f 3264//3264 3558//3558 3290//3290
f 3264//3264 3290//3290 3265//3265
f 3265//3265 3290//3290 3572//3572
f 3265//3265 3572//3572 3570//3570
f 3725//3725 3560//3560 3559//3559
f 3559//3559 3560//3560 3561//3561
f 3559//3559 3561//3561 3562//3562
f 3562//3562 3561//3561 3563//3563
f 3562//3562 3563//3563 1387//1387
f 1387//1387 3563//3563 1148//1148
f 1387//1387 1148//1148 3564//3564
f 3564//3564 1148//1148 3565//3565
f 3564//3564 3565//3565 3566//3566
f 3566//3566 3565//3565 3568//3568
f 3566//3566 3568//3568 3567//3567
f 3567//3567 3568//3568 1145//1145
f 3567//3567 1145//1145 1379//1379
f 1379//1379 1145//1145 3569//3569
f 1379//1379 3569//3569 3481//3481
f 3481//3481 3569//3569 3570//3570
f 3481//3481 3570//3570 3571//3571
f 3571//3571 3570//3570 3572//3572
f 3571//3571 3572//3572 3480//3480
f 3480//3480 3572//3572 3573//3573
f 3480//3480 3573//3573 3479//3479
f 3479//3479 3573//3573 3292//3292
f 3479//3479 3292//3292 3478//3478
f 3478//3478 3292//3292 3307//3307
f 3478//3478 3307//3307 3574//3574
f 3574//3574 3307//3307 3331//3331
f 3574//3574 3331//3331 3476//3476
f 3476//3476 3331//3331 3575//3575
f 3476//3476 3575//3575 3474//3474
f 3474//3474 3575//3575 3576//3576
f 3474//3474 3576//3576 3326//3326
f 3326//3326 3576//3576 3577//3577
f 3326//3326 3577//3577 3330//3330
f 3330//3330 3577//3577 3333//3333
f 3330//3330 3333//3333 3328//3328
f 3328//3328 3333//3333 3578//3578
f 3328//3328 3578//3578 3327//3327
f 3327//3327 3578//3578 3334//3334
f 3327//3327 3334//3334 3343//3343
f 3343//3343 3334//3334 3579//3579
f 3343//3343 3579//3579 3580//3580
f 3580//3580 3579//3579 3581//3581
f 3580//3580 3581//3581 3582//3582
f 3582//3582 3581//3581 3584//3584
f 3582//3582 3584//3584 3583//3583
f 3583//3583 3584//3584 3337//3337
f 3583//3583 3337//3337 3585//3585
f 3585//3585 3337//3337 3586//3586
f 3585//3585 3586//3586 3385//3385
f 3385//3385 3586//3586 3339//3339
f 3385//3385 3339//3339 3141//3141
f 3141//3141 3339//3339 3340//3340
f 3141//3141 3340//3340 3587//3587
f 3587//3587 3340//3340 3034//3034
f 3587//3587 3034//3034 3771//3771
f 3588//3588 3589//3589 3398//3398
f 3398//3398 3589//3589 3122//3122
f 3398//3398 3122//3122 3400//3400
f 3400//3400 3122//3122 3123//3123
f 3400//3400 3123//3123 3590//3590
f 3590//3590 3123//3123 3591//3591
f 3590//3590 3591//3591 3592//3592
f 3592//3592 3591//3591 3126//3126
f 3592//3592 3126//3126 3403//3403
f 3403//3403 3126//3126 3127//3127
f 3403//3403 3127//3127 3404//3404
f 3404//3404 3127//3127 3594//3594
f 3404//3404 3594//3594 3593//3593
f 3593//3593 3594//3594 3595//3595
f 3593//3593 3595//3595 3405//3405
f 3405//3405 3595//3595 3596//3596
f 3405//3405 3596//3596 3408//3408
f 3408//3408 3596//3596 3598//3598
f 3408//3408 3598//3598 3597//3597
f 3597//3597 3598//3598 3599//3599
f 3597//3597 3599//3599 3409//3409
f 3409//3409 3599//3599 3600//3600
f 3409//3409 3600//3600 3602//3602
f 3602//3602 3600//3600 3601//3601
f 3602//3602 3601//3601 3411//3411
f 3411//3411 3601//3601 3603//3603
f 3411//3411 3603//3603 3449//3449
f 3449//3449 3603//3603 3604//3604
f 3449//3449 3604//3604 3451//3451
f 3451//3451 3604//3604 3487//3487
f 3451//3451 3487//3487 3452//3452
f 3452//3452 3487//3487 3605//3605
f 3452//3452 3605//3605 3454//3454
f 3454//3454 3605//3605 3606//3606
f 3454//3454 3606//3606 3607//3607
f 3607//3607 3606//3606 3489//3489
f 3607//3607 3489//3489 3456//3456
f 3456//3456 3489//3489 3608//3608
f 3456//3456 3608//3608 3457//3457
f 3457//3457 3608//3608 3609//3609
f 3457//3457 3609//3609 3610//3610
f 3610//3610 3609//3609 3611//3611
f 3610//3610 3611//3611 3459//3459
f 3459//3459 3611//3611 3492//3492
f 3459//3459 3492//3492 3460//3460
f 3460//3460 3492//3492 3612//3612
f 3460//3460 3612//3612 3463//3463
f 3463//3463 3612//3612 3613//3613
f 3463//3463 3613//3613 3464//3464
f 3464//3464 3613//3613 3437//3437
f 3464//3464 3437//3437 3467//3467
f 3467//3467 3437//3437 3614//3614
f 3467//3467 3614//3614 3615//3615
f 3615//3615 3614//3614 3435//3435
f 3615//3615 3435//3435 3469//3469
f 3469//3469 3435//3435 3616//3616
f 3469//3469 3616//3616 3617//3617
f 3617//3617 3616//3616 3618//3618
f 3617//3617 3618//3618 3472//3472
f 3472//3472 3618//3618 3433//3433
f 3472//3472 3433//3433 3619//3619
f 3619//3619 3433//3433 3620//3620
f 3619//3619 3620//3620 3621//3621
f 3621//3621 3620//3620 3622//3622
f 3621//3621 3622//3622 3430//3430
f 3430//3430 3622//3622 3623//3623
f 3430//3430 3623//3623 3438//3438
f 3438//3438 3623//3623 3739//3739
f 3438//3438 3739//3739 3738//3738
f 120//120 2343//2343 121//121
f 121//121 2343//2343 2439//2439
f 121//121 2439//2439 3624//3624
f 3624//3624 2439//2439 3625//3625
f 3624//3624 3625//3625 3626//3626
f 144//144 142//142 1954//1954
f 1954//1954 142//142 3627//3627
f 1954//1954 3627//3627 3679//3679
f 3679//3679 3627//3627 3628//3628
f 3679//3679 3628//3628 3629//3629
f 3629//3629 3628//3628 3630//3630
f 3629//3629 3630//3630 140//140
f 3756//3756 2370//2370 3631//3631
f 3631//3631 2370//2370 2369//2369
f 3631//3631 2369//2369 3632//3632
f 3632//3632 2369//2369 2366//2366
f 3632//3632 2366//2366 1604//1604
f 1604//1604 2366//2366 3634//3634
f 1604//1604 3634//3634 3633//3633
f 3633//3633 3634//3634 2365//2365
f 3633//3633 2365//2365 3635//3635
f 3635//3635 2365//2365 3636//3636
f 3635//3635 3636//3636 3637//3637
f 3637//3637 3636//3636 3638//3638
f 3637//3637 3638//3638 2162//2162
f 2162//2162 3638//3638 3639//3639
f 2162//2162 3639//3639 3640//3640
f 3640//3640 3639//3639 2256//2256
f 3640//3640 2256//2256 2160//2160
f 2160//2160 2256//2256 2255//2255
f 2160//2160 2255//2255 2159//2159
f 2159//2159 2255//2255 3641//3641
f 2159//2159 3641//3641 3642//3642
f 3642//3642 3641//3641 2253//2253
f 3642//3642 2253//2253 2158//2158
f 2158//2158 2253//2253 3644//3644
f 2158//2158 3644//3644 3643//3643
f 3643//3643 3644//3644 2251//2251
f 3643//3643 2251//2251 3645//3645
f 3645//3645 2251//2251 3646//3646
f 3645//3645 3646//3646 3647//3647
f 3647//3647 3646//3646 3648//3648
f 3647//3647 3648//3648 2155//2155
f 2155//2155 3648//3648 2248//2248
f 2155//2155 2248//2248 2154//2154
f 2154//2154 2248//2248 3649//3649
f 2154//2154 3649//3649 2152//2152
f 2152//2152 3649//3649 2247//2247
f 2152//2152 2247//2247 3650//3650
f 3650//3650 2247//2247 3651//3651
f 3650//3650 3651//3651 2149//2149
f 2149//2149 3651//3651 2246//2246
f 2149//2149 2246//2246 2148//2148
f 2148//2148 2246//2246 2244//2244
f 2148//2148 2244//2244 2212//2212
f 2212//2212 2244//2244 3652//3652
f 2212//2212 3652//3652 3653//3653
f 3653//3653 3652//3652 3654//3654
f 3653//3653 3654//3654 3655//3655
f 3655//3655 3654//3654 3656//3656
f 3655//3655 3656//3656 2215//2215
f 2215//2215 3656//3656 2276//2276
f 2215//2215 2276//2276 3657//3657
f 3657//3657 2276//2276 2126//2126
f 3657//3657 2126//2126 3658//3658
f 3658//3658 2126//2126 3659//3659
f 3658//3658 3659//3659 2218//2218
f 2218//2218 3659//3659 2127//2127
f 2218//2218 2127//2127 3660//3660
f 3660//3660 2127//2127 3661//3661
f 3660//3660 3661//3661 3662//3662
f 3662//3662 3661//3661 3663//3663
f 3662//3662 3663//3663 2220//2220
f 2220//2220 3663//3663 3664//3664
f 2220//2220 3664//3664 3665//3665
f 3665//3665 3664//3664 2284//2284
f 3665//3665 2284//2284 3666//3666
f 3666//3666 2284//2284 3667//3667
f 3666//3666 3667//3667 2223//2223
f 2223//2223 3667//3667 3668//3668
f 2223//2223 3668//3668 2224//2224
f 2224//2224 3668//3668 3669//3669
f 2224//2224 3669//3669 2225//2225
f 2225//2225 3669//3669 3670//3670
f 2225//2225 3670//3670 2227//2227
f 2227//2227 3670//3670 3671//3671
f 2227//2227 3671//3671 2229//2229
f 2229//2229 3671//3671 3672//3672
f 2229//2229 3672//3672 3673//3673
f 3673//3673 3672//3672 3674//3674
f 3673//3673 3674//3674 2231//2231
f 2231//2231 3674//3674 3675//3675
f 2231//2231 3675//3675 2234//2234
f 2234//2234 3675//3675 1983//1983
f 2234//2234 1983//1983 2236//2236
f 2236//2236 1983//1983 1985//1985
f 2236//2236 1985//1985 2238//2238
f 2238//2238 1985//1985 1952//1952
f 2238//2238 1952//1952 3676//3676
f 3676//3676 1952//1952 3677//3677
f 3676//3676 3677//3677 2239//2239
f 2239//2239 3677//3677 1953//1953
f 2239//2239 1953//1953 2240//2240
f 2240//2240 1953//1953 1954//1954
f 2240//2240 1954//1954 3678//3678
f 3678//3678 1954//1954 3679//3679
f 3678//3678 3679//3679 3680//3680
f 3680//3680 3679//3679 3629//3629
f 3680//3680 3629//3629 3681//3681
f 3681//3681 3629//3629 140//140
f 3681//3681 140//140 141//141
f 2747//2747 1073//1073 3683//3683
f 3683//3683 1073//1073 3682//3682
f 3683//3683 3682//3682 2749//2749
f 2749//2749 3682//3682 3685//3685
f 2749//2749 3685//3685 3684//3684
f 3684//3684 3685//3685 3686//3686
f 3684//3684 3686//3686 3687//3687
f 3687//3687 3686//3686 2741//2741
f 3687//3687 2741//2741 2766//2766
f 2766//2766 2741//2741 2739//2739
f 2766//2766 2739//2739 2768//2768
f 2768//2768 2739//2739 2737//2737
f 2768//2768 2737//2737 2769//2769
f 2769//2769 2737//2737 3688//3688
f 2769//2769 3688//3688 3689//3689
f 3689//3689 3688//3688 3690//3690
f 3689//3689 3690//3690 2772//2772
f 2772//2772 3690//3690 3691//3691
f 2772//2772 3691//3691 3692//3692
f 3692//3692 3691//3691 3693//3693
f 3692//3692 3693//3693 2773//2773
f 2773//2773 3693//3693 3694//3694
f 2773//2773 3694//3694 2775//2775
f 2775//2775 3694//3694 2751//2751
f 2775//2775 2751//2751 2505//2505
f 2505//2505 2751//2751 2497//2497
f 2505//2505 2497//2497 3695//3695
f 3695//3695 2497//2497 2495//2495
f 3695//3695 2495//2495 2507//2507
f 2507//2507 2495//2495 3696//3696
f 2507//2507 3696//3696 2508//2508
f 2508//2508 3696//3696 2493//2493
f 2508//2508 2493//2493 2510//2510
f 2510//2510 2493//2493 2492//2492
f 2510//2510 2492//2492 3697//3697
f 3697//3697 2492//2492 3698//3698
f 3697//3697 3698//3698 3699//3699
f 3699//3699 3698//3698 3700//3700
f 3699//3699 3700//3700 2512//2512
f 2512//2512 3700//3700 3701//3701
f 2512//2512 3701//3701 2519//2519
f 2519//2519 3701//3701 3702//3702
f 2519//2519 3702//3702 3703//3703
f 358//358 359//359 1212//1212
f 1212//1212 359//359 3704//3704
f 1212//1212 3704//3704 1179//1179
f 1179//1179 3704//3704 3705//3705
f 1179//1179 3705//3705 1214//1214
f 1214//1214 3705//3705 3706//3706
f 1214//1214 3706//3706 1240//1240
f 1240//1240 3706//3706 3707//3707
f 1240//1240 3707//3707 3708//3708
f 3708//3708 3707//3707 3709//3709
f 3708//3708 3709//3709 3710//3710
f 3710//3710 3709//3709 3711//3711
f 3710//3710 3711//3711 1277//1277
f 1277//1277 3711//3711 3712//3712
f 1277//1277 3712//3712 3713//3713
f 3713//3713 3712//3712 3714//3714
f 3713//3713 3714//3714 1286//1286
f 1286//1286 3714//3714 1153//1153
f 1286//1286 1153//1153 1278//1278
f 1278//1278 1153//1153 3715//3715
f 1278//1278 3715//3715 1301//1301
f 1301//1301 3715//3715 3716//3716
f 1301//1301 3716//3716 3717//3717
f 3717//3717 3716//3716 3718//3718
f 3717//3717 3718//3718 3719//3719
f 3719//3719 3718//3718 3720//3720
f 3719//3719 3720//3720 1157//1157
f 1157//1157 3720//3720 3722//3722
f 1157//1157 3722//3722 3721//3721
f 3721//3721 3722//3722 3723//3723
f 3721//3721 3723//3723 1406//1406
f 1406//1406 3723//3723 1158//1158
f 1406//1406 1158//1158 1405//1405
f 1405//1405 1158//1158 3724//3724
f 1405//1405 3724//3724 1401//1401
f 1401//1401 3724//3724 3725//3725
f 1401//1401 3725//3725 3726//3726
f 3726//3726 3725//3725 3728//3728
f 3726//3726 3728//3728 3727//3727
f 3727//3727 3728//3728 1388//1388
f 3727//3727 1388//1388 3729//3729
f 3729//3729 1388//1388 3730//3730
f 3729//3729 3730//3730 1389//1389
f 1389//1389 3730//3730 3731//3731
f 1389//1389 3731//3731 1384//1384
f 1384//1384 3731//3731 1386//1386
f 1384//1384 1386//1386 3732//3732
f 3732//3732 1386//1386 1385//1385
f 3732//3732 1385//1385 1382//1382
f 1382//1382 1385//1385 1378//1378
f 1382//1382 1378//1378 1380//1380
f 1380//1380 1378//1378 3734//3734
f 1380//1380 3734//3734 3733//3733
f 3733//3733 3734//3734 3735//3735
f 3733//3733 3735//3735 1381//1381
f 1381//1381 3735//3735 3447//3447
f 1381//1381 3447//3447 3736//3736
f 3736//3736 3447//3447 3737//3737
f 3736//3736 3737//3737 1391//1391
f 1391//1391 3737//3737 3440//3440
f 1391//1391 3440//3440 1392//1392
f 1392//1392 3440//3440 3738//3738
f 1392//1392 3738//3738 1516//1516
f 1516//1516 3738//3738 3739//3739
f 1516//1516 3739//3739 1443//1443
f 1443//1443 3739//3739 3740//3740
f 1443//1443 3740//3740 1529//1529
f 1529//1529 3740//3740 3741//3741
f 1529//1529 3741//3741 1109//1109
f 1109//1109 3741//3741 3484//3484
f 1109//1109 3484//3484 1745//1745
f 1745//1745 3484//3484 3485//3485
f 1745//1745 3485//3485 3742//3742
f 3742//3742 3485//3485 3743//3743
f 3742//3742 3743//3743 1436//1436
f 1436//1436 3743//3743 3486//3486
f 1436//1436 3486//3486 1578//1578
f 1578//1578 3486//3486 3744//3744
f 1578//1578 3744//3744 1708//1708
f 1708//1708 3744//3744 3745//3745
f 1708//1708 3745//3745 3746//3746
f 3746//3746 3745//3745 3747//3747
f 3746//3746 3747//3747 1695//1695
f 1695//1695 3747//3747 3496//3496
f 1695//1695 3496//3496 3748//3748
f 3748//3748 3496//3496 3749//3749
f 3748//3748 3749//3749 3750//3750
f 3750//3750 3749//3749 3751//3751
f 3750//3750 3751//3751 1624//1624
f 1624//1624 3751//3751 3752//3752
f 1624//1624 3752//3752 1616//1616
f 1616//1616 3752//3752 3753//3753
f 1616//1616 3753//3753 3754//3754
f 3754//3754 3753//3753 3755//3755
f 3754//3754 3755//3755 3756//3756
f 3756//3756 3755//3755 3501//3501
f 3756//3756 3501//3501 2372//2372
f 2372//2372 3501//3501 3502//3502
f 2372//2372 3502//3502 2373//2373
f 2373//2373 3502//3502 3757//3757
f 2373//2373 3757//3757 2397//2397
f 2397//2397 3757//3757 3758//3758
f 2397//2397 3758//3758 2436//2436
f 2436//2436 3758//3758 3759//3759
f 2436//2436 3759//3759 2438//2438
f 2438//2438 3759//3759 3504//3504
f 2438//2438 3504//3504 2868//2868
f 2868//2868 3504//3504 3760//3760
f 2868//2868 3760//3760 3761//3761
f 3761//3761 3760//3760 3506//3506
f 3761//3761 3506//3506 2330//2330
f 2330//2330 3506//3506 3508//3508
f 2330//2330 3508//3508 2323//2323
f 2323//2323 3508//3508 3762//3762
f 2323//2323 3762//3762 2473//2473
f 2473//2473 3762//3762 3763//3763
f 2473//2473 3763//3763 3764//3764
f 3764//3764 3763//3763 3511//3511
f 3764//3764 3511//3511 2498//2498
f 2498//2498 3511//3511 3765//3765
f 2498//2498 3765//3765 3837//3837
f 2296//2296 2295//2295 5//5
f 3828//3828 3703//3703 3825//3825
f 725//725 3803//3803 3801//3801
f 3766//3766 3791//3791 3790//3790
f 3767//3767 3780//3780 3779//3779
f 3768//3768 3589//3589 1//1
f 1//1 3589//3589 3588//3588
f 3588//3588 3397//3397 1//1
f 1//1 3397//3397 1081//1081
f 1//1 1081//1081 2//2
f 2//2 1081//1081 3769//3769
f 2//2 3769//3769 3770//3770
f 3770//3770 3771//3771 2//2
f 2//2 3771//3771 3034//3034
f 2//2 3034//3034 3772//3772
f 3772//3772 3034//3034 3035//3035
f 3035//3035 3033//3033 3772//3772
f 3772//3772 3033//3033 2898//2898
f 3772//3772 2898//2898 23//23
f 2898//2898 2900//2900 23//23
f 23//23 2900//2900 3773//3773
f 23//23 3773//3773 3774//3774
f 3774//3774 3773//3773 3040//3040
f 3040//3040 3039//3039 3774//3774
f 3774//3774 3039//3039 1083//1083
f 3774//3774 1083//1083 2896//2896
f 3774//3774 2896//2896 3044//3044
f 3774//3774 3044//3044 3775//3775
f 3775//3775 3044//3044 3311//3311
f 3775//3775 3311//3311 3776//3776
f 3776//3776 2895//2895 3775//3775
f 3775//3775 2895//2895 3020//3020
f 3775//3775 3020//3020 3777//3777
f 3777//3777 3020//3020 3778//3778
f 3777//3777 3778//3778 3779//3779
f 3779//3779 3778//3778 2894//2894
f 3779//3779 2894//2894 3767//3767
f 3780//3780 3781//3781 3779//3779
f 3779//3779 3781//3781 3782//3782
f 3779//3779 3782//3782 3783//3783
f 3783//3783 3782//3782 2893//2893
f 3783//3783 2893//2893 3348//3348
f 3348//3348 2871//2871 3783//3783
f 3783//3783 2871//2871 2870//2870
f 3783//3783 2870//2870 3785//3785
f 3785//3785 2870//2870 2989//2989
f 3785//3785 2989//2989 2988//2988
f 3784//3784 22//22 3200//3200
f 3200//3200 22//22 3785//3785
f 3200//3200 3785//3785 3202//3202
f 3202//3202 3785//3785 2988//2988
f 3784//3784 3786//3786 22//22
f 22//22 3786//3786 2872//2872
f 22//22 2872//2872 1084//1084
f 1084//1084 2882//2882 22//22
f 22//22 2882//2882 1086//1086
f 22//22 1086//1086 3787//3787
f 597//597 3788//3788 598//598
f 598//598 3788//3788 3787//3787
f 598//598 3787//3787 1085//1085
f 1085//1085 3787//3787 1086//1086
f 597//597 594//594 3788//3788
f 3788//3788 594//594 1072//1072
f 3788//3788 1072//1072 3790//3790
f 3790//3790 1072//1072 3789//3789
f 3790//3790 3789//3789 3766//3766
f 795//795 20//20 786//786
f 786//786 20//20 3790//3790
f 786//786 3790//3790 559//559
f 559//559 3790//3790 3791//3791
f 795//795 3792//3792 20//20
f 20//20 3792//3792 162//162
f 20//20 162//162 3794//3794
f 3794//3794 162//162 3793//3793
f 3794//3794 3793//3793 555//555
f 555//555 3795//3795 3794//3794
f 3794//3794 3795//3795 554//554
f 3794//3794 554//554 21//21
f 21//21 554//554 3796//3796
f 21//21 3796//3796 3797//3797
f 3797//3797 549//549 21//21
f 21//21 549//549 729//729
f 21//21 729//729 3799//3799
f 729//729 3798//3798 3799//3799
f 3799//3799 3798//3798 728//728
f 3799//3799 728//728 3801//3801
f 3801//3801 728//728 727//727
f 3801//3801 727//727 725//725
f 3804//3804 19//19 3800//3800
f 3800//3800 19//19 3801//3801
f 3800//3800 3801//3801 3802//3802
f 3802//3802 3801//3801 3803//3803
f 3804//3804 3805//3805 19//19
f 19//19 3805//3805 716//716
f 19//19 716//716 3806//3806
f 716//716 717//717 3806//3806
f 3806//3806 717//717 697//697
f 3806//3806 697//697 698//698
f 698//698 699//699 3806//3806
f 3806//3806 699//699 695//695
f 3806//3806 695//695 3807//3807
f 695//695 3808//3808 3807//3807
f 3807//3807 3808//3808 694//694
f 3807//3807 694//694 16//16
f 16//16 694//694 3809//3809
f 16//16 3809//3809 945//945
f 945//945 686//686 16//16
f 16//16 686//686 3810//3810
f 16//16 3810//3810 3812//3812
f 3812//3812 3810//3810 1089//1089
f 3812//3812 1089//1089 3811//3811
f 3811//3811 3813//3813 3812//3812
f 3812//3812 3813//3813 3814//3814
f 3812//3812 3814//3814 17//17
f 3814//3814 2524//2524 17//17
f 17//17 2524//2524 3815//3815
f 17//17 3815//3815 18//18
f 3815//3815 2574//2574 18//18
f 18//18 2574//2574 3816//3816
f 18//18 3816//3816 2523//2523
f 2552//2552 15//15 2520//2520
f 2520//2520 15//15 18//18
f 2520//2520 18//18 2521//2521
f 2521//2521 18//18 2523//2523
f 2552//2552 3817//3817 15//15
f 15//15 3817//3817 3818//3818
f 15//15 3818//3818 3823//3823
f 3818//3818 3819//3819 3823//3823
f 3823//3823 3819//3819 3820//3820
f 3823//3823 3820//3820 3821//3821
f 3821//3821 3822//3822 3823//3823
f 3823//3823 3822//3822 3824//3824
f 3823//3823 3824//3824 12//12
f 12//12 3824//3824 2540//2540
f 12//12 2540//2540 2652//2652
f 2652//2652 1090//1090 12//12
f 12//12 1090//1090 3826//3826
f 12//12 3826//3826 3825//3825
f 3825//3825 3826//3826 3827//3827
f 3825//3825 3827//3827 3828//3828
f 3703//3703 3702//3702 3825//3825
f 3825//3825 3702//3702 2481//2481
f 3825//3825 2481//2481 3829//3829
f 3829//3829 2481//2481 3830//3830
f 3829//3829 3830//3830 2480//2480
f 2480//2480 3831//3831 3829//3829
f 3829//3829 3831//3831 2490//2490
f 3829//3829 2490//2490 13//13
f 2490//2490 2322//2322 13//13
f 13//13 2322//2322 10//10
f 10//10 2322//2322 3832//3832
f 10//10 3832//3832 3833//3833
f 1092//1092 11//11 3834//3834
f 3834//3834 11//11 10//10
f 3834//3834 10//10 3835//3835
f 3835//3835 10//10 3833//3833
f 11//11 1092//1092 3836//3836
f 11//11 3836//3836 2588//2588
f 3765//3765 7//7 3837//3837
f 3837//3837 7//7 11//11
f 3837//3837 11//11 1093//1093
f 1093//1093 11//11 2588//2588
f 3838//3838 8//8 2318//2318
f 2318//2318 8//8 7//7
f 2318//2318 7//7 2319//2319
f 2319//2319 7//7 3765//3765
f 3838//3838 2329//2329 8//8
f 8//8 2329//2329 2317//2317
f 8//8 2317//2317 3839//3839
f 2300//2300 9//9 3840//3840
f 3840//3840 9//9 8//8
f 3840//3840 8//8 3841//3841
f 3841//3841 8//8 3839//3839
f 2300//2300 2301//2301 9//9
f 9//9 2301//2301 2305//2305
f 9//9 2305//2305 3843//3843
f 3843//3843 2305//2305 3842//3842
f 3843//3843 3842//3842 2303//2303
f 2303//2303 2302//2302 3843//3843
f 3843//3843 2302//2302 2298//2298
f 3843//3843 2298//2298 5//5
f 5//5 2298//2298 3844//3844
f 5//5 3844//3844 2296//2296
f 2289//2289 6//6 3845//3845
f 3845//3845 6//6 5//5
f 3845//3845 5//5 3846//3846
f 3846//3846 5//5 2295//2295
f 2289//2289 3847//3847 6//6
f 6//6 3847//3847 3848//3848
f 6//6 3848//3848 3849//3849
f 3849//3849 3848//3848 3058//3058
f 3849//3849 3058//3058 3850//3850
f 3850//3850 3057//3057 3849//3849
f 3849//3849 3057//3057 3851//3851
f 3849//3849 3851//3851 3//3
f 3//3 3851//3851 3056//3056
f 3//3 3056//3056 3054//3054
f 3//3 3054//3054 3852//3852
f 3//3 3852//3852 3854//3854
f 3854//3854 3852//3852 3161//3161
f 3854//3854 3161//3161 3853//3853
f 3853//3853 3052//3052 3854//3854
f 3854//3854 3052//3052 3051//3051
f 3854//3854 3051//3051 4//4
f 4//4 3051//3051 3091//3091
f 4//4 3091//3091 3090//3090
f 3090//3090 3855//3855 4//4
f 4//4 3855//3855 3049//3049
f 4//4 3049//3049 3857//3857
f 3857//3857 3049//3049 3856//3856
f 3857//3857 3856//3856 3142//3142
f 3142//3142 3858//3858 3857//3857
f 3857//3857 3858//3858 3038//3038
f 3857//3857 3038//3038 1//1
f 1//1 3038//3038 3121//3121
f 1//1 3121//3121 3768//3768
# 7712 faces, 0 coords texture

# End of File
